# Original asset generated in Blender
v -0.002901 0.887561 0.156000
v -0.002209 0.887792 0.156000
v -0.001539 0.887957 0.156000
v -0.000890 0.888056 0.156000
v -0.000264 0.888089 0.156000
v 0.016617 0.888089 0.156000
v 0.017040 0.888050 0.156000
v 0.017430 0.887935 0.156000
v 0.017787 0.887743 0.156000
v 0.018112 0.887473 0.156000
v 0.018381 0.887149 0.156000
v 0.018573 0.886792 0.156000
v 0.018689 0.886402 0.156000
v 0.018727 0.885979 0.156000
v 0.018727 0.767110 0.156000
v 0.018689 0.766687 0.156000
v 0.018573 0.766297 0.156000
v 0.018381 0.765940 0.156000
v 0.018112 0.765615 0.156000
v 0.017787 0.765346 0.156000
v 0.017430 0.765154 0.156000
v 0.017040 0.765038 0.156000
v 0.016617 0.765000 0.156000
v 0.000440 0.765000 0.156000
v 0.000016 0.765038 0.156000
v -0.000374 0.765154 0.156000
v -0.000731 0.765346 0.156000
v -0.001055 0.765615 0.156000
v -0.001324 0.765940 0.156000
v -0.001517 0.766297 0.156000
v -0.001632 0.766687 0.156000
v -0.001670 0.767110 0.156000
v -0.001670 0.866988 0.156000
v -0.001692 0.867158 0.156000
v -0.001758 0.867317 0.156000
v -0.001868 0.867466 0.156000
v -0.002022 0.867603 0.156000
v -0.002198 0.867708 0.156000
v -0.002374 0.867757 0.156000
v -0.002550 0.867752 0.156000
v -0.002726 0.867691 0.156000
v -0.020310 0.862240 0.156000
v -0.020496 0.862163 0.156000
v -0.020705 0.862108 0.156000
v -0.020936 0.862075 0.156000
v -0.021189 0.862064 0.156000
v -0.021524 0.862097 0.156000
v -0.021826 0.862196 0.156000
v -0.022096 0.862361 0.156000
v -0.022332 0.862592 0.156000
v -0.022524 0.862877 0.156000
v -0.022662 0.863207 0.156000
v -0.022744 0.863581 0.156000
v -0.022771 0.863998 0.156000
v -0.023299 0.875604 0.156000
v -0.023211 0.876417 0.156000
v -0.022947 0.877099 0.156000
v -0.022508 0.877648 0.156000
v -0.021892 0.878066 0.156000
v -0.002901 0.887561 0.154000
v -0.002209 0.887792 0.154000
v -0.001539 0.887957 0.154000
v -0.000890 0.888056 0.154000
v -0.000264 0.888089 0.154000
v 0.016617 0.888089 0.154000
v 0.017040 0.888050 0.154000
v 0.017430 0.887935 0.154000
v 0.017787 0.887743 0.154000
v 0.018112 0.887473 0.154000
v 0.018381 0.887149 0.154000
v 0.018573 0.886792 0.154000
v 0.018689 0.886402 0.154000
v 0.018727 0.885979 0.154000
v 0.018727 0.767110 0.154000
v 0.018689 0.766687 0.154000
v 0.018573 0.766297 0.154000
v 0.018381 0.765940 0.154000
v 0.018112 0.765615 0.154000
v 0.017787 0.765346 0.154000
v 0.017430 0.765154 0.154000
v 0.017040 0.765038 0.154000
v 0.016617 0.765000 0.154000
v 0.000440 0.765000 0.154000
v 0.000016 0.765038 0.154000
v -0.000374 0.765154 0.154000
v -0.000731 0.765346 0.154000
v -0.001055 0.765615 0.154000
v -0.001324 0.765940 0.154000
v -0.001517 0.766297 0.154000
v -0.001632 0.766687 0.154000
v -0.001670 0.767110 0.154000
v -0.001670 0.866988 0.154000
v -0.001692 0.867158 0.154000
v -0.001758 0.867317 0.154000
v -0.001868 0.867466 0.154000
v -0.002022 0.867603 0.154000
v -0.002198 0.867708 0.154000
v -0.002374 0.867757 0.154000
v -0.002550 0.867752 0.154000
v -0.002726 0.867691 0.154000
v -0.020310 0.862240 0.154000
v -0.020496 0.862163 0.154000
v -0.020705 0.862108 0.154000
v -0.020936 0.862075 0.154000
v -0.021189 0.862064 0.154000
v -0.021524 0.862097 0.154000
v -0.021826 0.862196 0.154000
v -0.022096 0.862361 0.154000
v -0.022332 0.862592 0.154000
v -0.022524 0.862877 0.154000
v -0.022662 0.863207 0.154000
v -0.022744 0.863581 0.154000
v -0.022771 0.863998 0.154000
v -0.023299 0.875604 0.154000
v -0.023211 0.876417 0.154000
v -0.022947 0.877099 0.154000
v -0.022508 0.877648 0.154000
v -0.021892 0.878066 0.154000
v -0.002901 0.887561 0.154000
v -0.002901 0.887561 0.156000
v -0.002209 0.887792 0.154000
v -0.002209 0.887792 0.156000
v -0.001539 0.887957 0.154000
v -0.001539 0.887957 0.156000
v -0.000890 0.888056 0.154000
v -0.000890 0.888056 0.156000
v -0.000264 0.888089 0.154000
v -0.000264 0.888089 0.156000
v 0.016617 0.888089 0.154000
v 0.016617 0.888089 0.156000
v 0.017040 0.888050 0.154000
v 0.017040 0.888050 0.156000
v 0.017430 0.887935 0.154000
v 0.017430 0.887935 0.156000
v 0.017787 0.887743 0.154000
v 0.017787 0.887743 0.156000
v 0.018112 0.887473 0.154000
v 0.018112 0.887473 0.156000
v 0.018381 0.887149 0.154000
v 0.018381 0.887149 0.156000
v 0.018573 0.886792 0.154000
v 0.018573 0.886792 0.156000
v 0.018689 0.886402 0.154000
v 0.018689 0.886402 0.156000
v 0.018727 0.885979 0.154000
v 0.018727 0.885979 0.156000
v 0.018727 0.767110 0.154000
v 0.018727 0.767110 0.156000
v 0.018689 0.766687 0.154000
v 0.018689 0.766687 0.156000
v 0.018573 0.766297 0.154000
v 0.018573 0.766297 0.156000
v 0.018381 0.765940 0.154000
v 0.018381 0.765940 0.156000
v 0.018112 0.765615 0.154000
v 0.018112 0.765615 0.156000
v 0.017787 0.765346 0.154000
v 0.017787 0.765346 0.156000
v 0.017430 0.765154 0.154000
v 0.017430 0.765154 0.156000
v 0.017040 0.765038 0.154000
v 0.017040 0.765038 0.156000
v 0.016617 0.765000 0.154000
v 0.016617 0.765000 0.156000
v 0.000440 0.765000 0.154000
v 0.000440 0.765000 0.156000
v 0.000016 0.765038 0.154000
v 0.000016 0.765038 0.156000
v -0.000374 0.765154 0.154000
v -0.000374 0.765154 0.156000
v -0.000731 0.765346 0.154000
v -0.000731 0.765346 0.156000
v -0.001055 0.765615 0.154000
v -0.001055 0.765615 0.156000
v -0.001324 0.765940 0.154000
v -0.001324 0.765940 0.156000
v -0.001517 0.766297 0.154000
v -0.001517 0.766297 0.156000
v -0.001632 0.766687 0.154000
v -0.001632 0.766687 0.156000
v -0.001670 0.767110 0.154000
v -0.001670 0.767110 0.156000
v -0.001670 0.866988 0.154000
v -0.001670 0.866988 0.156000
v -0.001692 0.867158 0.154000
v -0.001692 0.867158 0.156000
v -0.001758 0.867317 0.154000
v -0.001758 0.867317 0.156000
v -0.001868 0.867466 0.154000
v -0.001868 0.867466 0.156000
v -0.002022 0.867603 0.154000
v -0.002022 0.867603 0.156000
v -0.002198 0.867708 0.154000
v -0.002198 0.867708 0.156000
v -0.002374 0.867757 0.154000
v -0.002374 0.867757 0.156000
v -0.002550 0.867752 0.154000
v -0.002550 0.867752 0.156000
v -0.002726 0.867691 0.154000
v -0.002726 0.867691 0.156000
v -0.020310 0.862240 0.154000
v -0.020310 0.862240 0.156000
v -0.020496 0.862163 0.154000
v -0.020496 0.862163 0.156000
v -0.020705 0.862108 0.154000
v -0.020705 0.862108 0.156000
v -0.020936 0.862075 0.154000
v -0.020936 0.862075 0.156000
v -0.021189 0.862064 0.154000
v -0.021189 0.862064 0.156000
v -0.021524 0.862097 0.154000
v -0.021524 0.862097 0.156000
v -0.021826 0.862196 0.154000
v -0.021826 0.862196 0.156000
v -0.022096 0.862361 0.154000
v -0.022096 0.862361 0.156000
v -0.022332 0.862592 0.154000
v -0.022332 0.862592 0.156000
v -0.022524 0.862877 0.154000
v -0.022524 0.862877 0.156000
v -0.022662 0.863207 0.154000
v -0.022662 0.863207 0.156000
v -0.022744 0.863581 0.154000
v -0.022744 0.863581 0.156000
v -0.022771 0.863998 0.154000
v -0.022771 0.863998 0.156000
v -0.023299 0.875604 0.154000
v -0.023299 0.875604 0.156000
v -0.023211 0.876417 0.154000
v -0.023211 0.876417 0.156000
v -0.022947 0.877099 0.154000
v -0.022947 0.877099 0.156000
v -0.022508 0.877648 0.154000
v -0.022508 0.877648 0.156000
v -0.021892 0.878066 0.154000
v -0.021892 0.878066 0.156000
v 0.057550 0.263826 0.156000
v 0.057559 0.263919 0.156000
v 0.057585 0.264006 0.156000
v 0.057627 0.264085 0.156000
v 0.057687 0.264157 0.156000
v 0.057759 0.264217 0.156000
v 0.057838 0.264259 0.156000
v 0.057925 0.264285 0.156000
v 0.058018 0.264294 0.156000
v 0.061606 0.264294 0.156000
v 0.061699 0.264285 0.156000
v 0.061786 0.264259 0.156000
v 0.061865 0.264217 0.156000
v 0.061937 0.264157 0.156000
v 0.061997 0.264085 0.156000
v 0.062039 0.264006 0.156000
v 0.062065 0.263919 0.156000
v 0.062073 0.263826 0.156000
v 0.062073 0.237468 0.156000
v 0.062065 0.237374 0.156000
v 0.062039 0.237288 0.156000
v 0.061997 0.237208 0.156000
v 0.061937 0.237136 0.156000
v 0.061865 0.237077 0.156000
v 0.061786 0.237034 0.156000
v 0.061699 0.237009 0.156000
v 0.061606 0.237000 0.156000
v 0.058135 0.237000 0.156000
v 0.057955 0.237019 0.156000
v 0.057804 0.237078 0.156000
v 0.057682 0.237175 0.156000
v 0.057589 0.237312 0.156000
v 0.046360 0.255716 0.156000
v 0.046321 0.255766 0.156000
v 0.046282 0.255798 0.156000
v 0.046243 0.255814 0.156000
v 0.046204 0.255813 0.156000
v 0.046170 0.255795 0.156000
v 0.046146 0.255759 0.156000
v 0.046131 0.255707 0.156000
v 0.046126 0.255638 0.156000
v 0.046204 0.237468 0.156000
v 0.046196 0.237374 0.156000
v 0.046170 0.237288 0.156000
v 0.046127 0.237208 0.156000
v 0.046068 0.237136 0.156000
v 0.045996 0.237077 0.156000
v 0.045917 0.237034 0.156000
v 0.045830 0.237009 0.156000
v 0.045736 0.237000 0.156000
v 0.042149 0.237000 0.156000
v 0.042055 0.237009 0.156000
v 0.041969 0.237034 0.156000
v 0.041890 0.237077 0.156000
v 0.041818 0.237136 0.156000
v 0.041758 0.237208 0.156000
v 0.041715 0.237288 0.156000
v 0.041690 0.237374 0.156000
v 0.041681 0.237468 0.156000
v 0.041681 0.263826 0.156000
v 0.041690 0.263919 0.156000
v 0.041715 0.264006 0.156000
v 0.041758 0.264085 0.156000
v 0.041818 0.264157 0.156000
v 0.041890 0.264217 0.156000
v 0.041969 0.264259 0.156000
v 0.042055 0.264285 0.156000
v 0.042149 0.264294 0.156000
v 0.045619 0.264294 0.156000
v 0.045800 0.264274 0.156000
v 0.045951 0.264216 0.156000
v 0.046073 0.264118 0.156000
v 0.046165 0.263982 0.156000
v 0.057356 0.245578 0.156000
v 0.057394 0.245528 0.156000
v 0.057433 0.245495 0.156000
v 0.057472 0.245479 0.156000
v 0.057511 0.245480 0.156000
v 0.057546 0.245499 0.156000
v 0.057570 0.245534 0.156000
v 0.057585 0.245587 0.156000
v 0.057589 0.245656 0.156000
v 0.026709 0.236610 0.156000
v 0.025288 0.236684 0.156000
v 0.023950 0.236907 0.156000
v 0.022695 0.237279 0.156000
v 0.021523 0.237799 0.156000
v 0.020457 0.238456 0.156000
v 0.019520 0.239237 0.156000
v 0.018712 0.240142 0.156000
v 0.018033 0.241172 0.156000
v 0.017496 0.242305 0.156000
v 0.017112 0.243521 0.156000
v 0.016882 0.244820 0.156000
v 0.016805 0.246202 0.156000
v 0.016805 0.255092 0.156000
v 0.016883 0.256455 0.156000
v 0.017117 0.257738 0.156000
v 0.017507 0.258941 0.156000
v 0.018053 0.260063 0.156000
v 0.018739 0.261084 0.156000
v 0.019549 0.261983 0.156000
v 0.020484 0.262761 0.156000
v 0.021542 0.263416 0.156000
v 0.022706 0.263937 0.156000
v 0.023955 0.264308 0.156000
v 0.025289 0.264531 0.156000
v 0.026709 0.264606 0.156000
v 0.028145 0.264531 0.156000
v 0.029492 0.264308 0.156000
v 0.030748 0.263937 0.156000
v 0.031914 0.263416 0.156000
v 0.032973 0.262761 0.156000
v 0.033907 0.261983 0.156000
v 0.034718 0.261084 0.156000
v 0.035404 0.260063 0.156000
v 0.035950 0.258941 0.156000
v 0.036339 0.257738 0.156000
v 0.036573 0.256455 0.156000
v 0.036651 0.255092 0.156000
v 0.036651 0.246202 0.156000
v 0.036573 0.244820 0.156000
v 0.036339 0.243521 0.156000
v 0.035950 0.242305 0.156000
v 0.035404 0.241172 0.156000
v 0.034718 0.240142 0.156000
v 0.033907 0.239237 0.156000
v 0.032973 0.238456 0.156000
v 0.031914 0.237799 0.156000
v 0.030748 0.237279 0.156000
v 0.029492 0.236907 0.156000
v 0.028145 0.236684 0.156000
v 0.026709 0.240509 0.156000
v 0.027876 0.240604 0.156000
v 0.028921 0.240889 0.156000
v 0.029845 0.241365 0.156000
v 0.030647 0.242030 0.156000
v 0.031295 0.242851 0.156000
v 0.031758 0.243794 0.156000
v 0.032036 0.244859 0.156000
v 0.032128 0.246046 0.156000
v 0.032128 0.255131 0.156000
v 0.032036 0.256335 0.156000
v 0.031758 0.257412 0.156000
v 0.031295 0.258362 0.156000
v 0.030647 0.259186 0.156000
v 0.029845 0.259851 0.156000
v 0.028921 0.260326 0.156000
v 0.027876 0.260611 0.156000
v 0.026709 0.260706 0.156000
v 0.025558 0.260611 0.156000
v 0.024525 0.260326 0.156000
v 0.023609 0.259851 0.156000
v 0.022810 0.259186 0.156000
v 0.022161 0.258362 0.156000
v 0.021698 0.257412 0.156000
v 0.021421 0.256335 0.156000
v 0.021328 0.255131 0.156000
v 0.021328 0.246046 0.156000
v 0.021421 0.244859 0.156000
v 0.021698 0.243794 0.156000
v 0.022161 0.242851 0.156000
v 0.022810 0.242030 0.156000
v 0.023609 0.241365 0.156000
v 0.024525 0.240889 0.156000
v 0.025558 0.240604 0.156000
v 0.007720 0.237000 0.156000
v 0.007626 0.237009 0.156000
v 0.007540 0.237034 0.156000
v 0.007461 0.237077 0.156000
v 0.007389 0.237136 0.156000
v 0.007329 0.237208 0.156000
v 0.007286 0.237288 0.156000
v 0.007261 0.237374 0.156000
v 0.007252 0.237468 0.156000
v 0.007252 0.263826 0.156000
v 0.007261 0.263919 0.156000
v 0.007286 0.264006 0.156000
v 0.007329 0.264085 0.156000
v 0.007389 0.264157 0.156000
v 0.007461 0.264217 0.156000
v 0.007540 0.264259 0.156000
v 0.007626 0.264285 0.156000
v 0.007720 0.264294 0.156000
v 0.011307 0.264294 0.156000
v 0.011401 0.264285 0.156000
v 0.011488 0.264259 0.156000
v 0.011567 0.264217 0.156000
v 0.011639 0.264157 0.156000
v 0.011698 0.264085 0.156000
v 0.011741 0.264006 0.156000
v 0.011767 0.263919 0.156000
v 0.011775 0.263826 0.156000
v 0.011775 0.237468 0.156000
v 0.011767 0.237374 0.156000
v 0.011741 0.237288 0.156000
v 0.011698 0.237208 0.156000
v 0.011639 0.237136 0.156000
v 0.011567 0.237077 0.156000
v 0.011488 0.237034 0.156000
v 0.011401 0.237009 0.156000
v 0.011307 0.237000 0.156000
v -0.004991 0.264333 0.156000
v -0.003799 0.264269 0.156000
v -0.002681 0.264079 0.156000
v -0.001635 0.263762 0.156000
v -0.000663 0.263319 0.156000
v 0.000221 0.262760 0.156000
v 0.000999 0.262095 0.156000
v 0.001673 0.261327 0.156000
v 0.002242 0.260453 0.156000
v 0.002694 0.259492 0.156000
v 0.003017 0.258460 0.156000
v 0.003211 0.257357 0.156000
v 0.003275 0.256184 0.156000
v 0.003209 0.255028 0.156000
v 0.003012 0.253941 0.156000
v 0.002683 0.252923 0.156000
v 0.002222 0.251972 0.156000
v 0.001641 0.251109 0.156000
v 0.000950 0.250349 0.156000
v 0.000150 0.249695 0.156000
v -0.000760 0.249146 0.156000
v -0.001763 0.248711 0.156000
v -0.002841 0.248400 0.156000
v -0.003995 0.248214 0.156000
v -0.005225 0.248151 0.156000
v -0.011463 0.248151 0.156000
v -0.011549 0.248139 0.156000
v -0.011610 0.248103 0.156000
v -0.011646 0.248042 0.156000
v -0.011658 0.247956 0.156000
v -0.011658 0.237468 0.156000
v -0.011667 0.237374 0.156000
v -0.011692 0.237288 0.156000
v -0.011735 0.237208 0.156000
v -0.011795 0.237136 0.156000
v -0.011867 0.237077 0.156000
v -0.011946 0.237034 0.156000
v -0.012032 0.237009 0.156000
v -0.012126 0.237000 0.156000
v -0.015713 0.237000 0.156000
v -0.015807 0.237009 0.156000
v -0.015894 0.237034 0.156000
v -0.015973 0.237077 0.156000
v -0.016045 0.237136 0.156000
v -0.016104 0.237208 0.156000
v -0.016147 0.237288 0.156000
v -0.016173 0.237374 0.156000
v -0.016181 0.237468 0.156000
v -0.016181 0.263865 0.156000
v -0.016173 0.263959 0.156000
v -0.016147 0.264045 0.156000
v -0.016104 0.264124 0.156000
v -0.016045 0.264196 0.156000
v -0.015973 0.264256 0.156000
v -0.015894 0.264298 0.156000
v -0.015807 0.264324 0.156000
v -0.015713 0.264333 0.156000
v -0.005654 0.251817 0.156000
v -0.004708 0.251890 0.156000
v -0.003860 0.252109 0.156000
v -0.003110 0.252474 0.156000
v -0.002456 0.252986 0.156000
v -0.001928 0.253617 0.156000
v -0.001550 0.254341 0.156000
v -0.001323 0.255158 0.156000
v -0.001248 0.256067 0.156000
v -0.001323 0.256995 0.156000
v -0.001550 0.257831 0.156000
v -0.001928 0.258574 0.156000
v -0.002456 0.259225 0.156000
v -0.003110 0.259754 0.156000
v -0.003860 0.260131 0.156000
v -0.004708 0.260358 0.156000
v -0.005654 0.260433 0.156000
v -0.011463 0.260433 0.156000
v -0.011549 0.260421 0.156000
v -0.011610 0.260385 0.156000
v -0.011646 0.260324 0.156000
v -0.011658 0.260239 0.156000
v -0.011658 0.252011 0.156000
v -0.011646 0.251926 0.156000
v -0.011610 0.251865 0.156000
v -0.011549 0.251829 0.156000
v -0.011463 0.251817 0.156000
v -0.030179 0.236688 0.156000
v -0.031651 0.236749 0.156000
v -0.033025 0.236932 0.156000
v -0.034302 0.237236 0.156000
v -0.035482 0.237663 0.156000
v -0.036548 0.238199 0.156000
v -0.037485 0.238833 0.156000
v -0.038293 0.239564 0.156000
v -0.038971 0.240392 0.156000
v -0.039509 0.241308 0.156000
v -0.039892 0.242303 0.156000
v -0.040123 0.243375 0.156000
v -0.040200 0.244525 0.156000
v -0.040200 0.245500 0.156000
v -0.040191 0.245594 0.156000
v -0.040165 0.245680 0.156000
v -0.040123 0.245760 0.156000
v -0.040063 0.245831 0.156000
v -0.039991 0.245891 0.156000
v -0.039912 0.245934 0.156000
v -0.039825 0.245959 0.156000
v -0.039732 0.245968 0.156000
v -0.036261 0.245968 0.156000
v -0.036168 0.245959 0.156000
v -0.036081 0.245934 0.156000
v -0.036002 0.245891 0.156000
v -0.035930 0.245831 0.156000
v -0.035870 0.245760 0.156000
v -0.035828 0.245680 0.156000
v -0.035802 0.245594 0.156000
v -0.035794 0.245500 0.156000
v -0.035794 0.244759 0.156000
v -0.035694 0.243900 0.156000
v -0.035394 0.243117 0.156000
v -0.034894 0.242409 0.156000
v -0.034195 0.241776 0.156000
v -0.033323 0.241256 0.156000
v -0.032304 0.240884 0.156000
v -0.031139 0.240661 0.156000
v -0.029828 0.240587 0.156000
v -0.028712 0.240650 0.156000
v -0.027742 0.240841 0.156000
v -0.026918 0.241157 0.156000
v -0.026241 0.241601 0.156000
v -0.025712 0.242144 0.156000
v -0.025334 0.242761 0.156000
v -0.025108 0.243451 0.156000
v -0.025032 0.244213 0.156000
v -0.025074 0.244738 0.156000
v -0.025198 0.245222 0.156000
v -0.025405 0.245664 0.156000
v -0.025695 0.246065 0.156000
v -0.026062 0.246437 0.156000
v -0.026499 0.246792 0.156000
v -0.027007 0.247129 0.156000
v -0.027586 0.247450 0.156000
v -0.028277 0.247781 0.156000
v -0.029121 0.248151 0.156000
v -0.030119 0.248561 0.156000
v -0.031271 0.249009 0.156000
v -0.032589 0.249509 0.156000
v -0.033776 0.249994 0.156000
v -0.034831 0.250464 0.156000
v -0.035755 0.250920 0.156000
v -0.036577 0.251408 0.156000
v -0.037329 0.251977 0.156000
v -0.038010 0.252627 0.156000
v -0.038620 0.253357 0.156000
v -0.039124 0.254174 0.156000
v -0.039483 0.255087 0.156000
v -0.039699 0.256095 0.156000
v -0.039771 0.257197 0.156000
v -0.039615 0.258823 0.156000
v -0.039147 0.260268 0.156000
v -0.038367 0.261533 0.156000
v -0.037275 0.262617 0.156000
v -0.035923 0.263487 0.156000
v -0.034361 0.264108 0.156000
v -0.032589 0.264481 0.156000
v -0.030608 0.264606 0.156000
v -0.029188 0.264542 0.156000
v -0.027854 0.264352 0.156000
v -0.026605 0.264035 0.156000
v -0.025442 0.263592 0.156000
v -0.024383 0.263035 0.156000
v -0.023448 0.262378 0.156000
v -0.022638 0.261621 0.156000
v -0.021952 0.260765 0.156000
v -0.021406 0.259823 0.156000
v -0.021016 0.258810 0.156000
v -0.020782 0.257727 0.156000
v -0.020704 0.256573 0.156000
v -0.020704 0.255911 0.156000
v -0.020713 0.255817 0.156000
v -0.020738 0.255730 0.156000
v -0.020781 0.255651 0.156000
v -0.020841 0.255579 0.156000
v -0.020912 0.255519 0.156000
v -0.020992 0.255477 0.156000
v -0.021078 0.255451 0.156000
v -0.021172 0.255443 0.156000
v -0.024681 0.255443 0.156000
v -0.024775 0.255451 0.156000
v -0.024862 0.255477 0.156000
v -0.024941 0.255519 0.156000
v -0.025013 0.255579 0.156000
v -0.025072 0.255651 0.156000
v -0.025115 0.255730 0.156000
v -0.025141 0.255817 0.156000
v -0.025149 0.255911 0.156000
v -0.025149 0.256339 0.156000
v -0.025243 0.257220 0.156000
v -0.025524 0.258031 0.156000
v -0.025993 0.258770 0.156000
v -0.026650 0.259439 0.156000
v -0.027473 0.259994 0.156000
v -0.028439 0.260390 0.156000
v -0.029549 0.260627 0.156000
v -0.030803 0.260706 0.156000
v -0.031815 0.260650 0.156000
v -0.032708 0.260482 0.156000
v -0.033482 0.260202 0.156000
v -0.034136 0.259810 0.156000
v -0.034657 0.259315 0.156000
v -0.035028 0.258728 0.156000
v -0.035251 0.258048 0.156000
v -0.035326 0.257275 0.156000
v -0.035287 0.256717 0.156000
v -0.035170 0.256213 0.156000
v -0.034975 0.255762 0.156000
v -0.034702 0.255365 0.156000
v -0.034351 0.255003 0.156000
v -0.033922 0.254658 0.156000
v -0.033415 0.254330 0.156000
v -0.032830 0.254019 0.156000
v -0.032121 0.253697 0.156000
v -0.031241 0.253332 0.156000
v -0.030191 0.252927 0.156000
v -0.028970 0.252479 0.156000
v -0.027655 0.251965 0.156000
v -0.026480 0.251475 0.156000
v -0.025443 0.251010 0.156000
v -0.024545 0.250569 0.156000
v -0.023745 0.250097 0.156000
v -0.023005 0.249540 0.156000
v -0.022322 0.248898 0.156000
v -0.021698 0.248171 0.156000
v -0.021178 0.247353 0.156000
v -0.020806 0.246441 0.156000
v -0.020584 0.245433 0.156000
v -0.020509 0.244330 0.156000
v -0.020671 0.242666 0.156000
v -0.021157 0.241182 0.156000
v -0.021968 0.239878 0.156000
v -0.023102 0.238755 0.156000
v -0.024517 0.237850 0.156000
v -0.026168 0.237205 0.156000
v -0.028055 0.236817 0.156000
v -0.043592 0.260862 0.156000
v -0.043600 0.260769 0.156000
v -0.043626 0.260682 0.156000
v -0.043669 0.260603 0.156000
v -0.043728 0.260531 0.156000
v -0.043800 0.260471 0.156000
v -0.043879 0.260429 0.156000
v -0.043966 0.260403 0.156000
v -0.044060 0.260394 0.156000
v -0.057356 0.260394 0.156000
v -0.057441 0.260382 0.156000
v -0.057502 0.260346 0.156000
v -0.057538 0.260285 0.156000
v -0.057550 0.260200 0.156000
v -0.057550 0.252908 0.156000
v -0.057538 0.252823 0.156000
v -0.057502 0.252762 0.156000
v -0.057441 0.252725 0.156000
v -0.057356 0.252713 0.156000
v -0.048427 0.252713 0.156000
v -0.048333 0.252705 0.156000
v -0.048246 0.252679 0.156000
v -0.048167 0.252637 0.156000
v -0.048095 0.252577 0.156000
v -0.048035 0.252505 0.156000
v -0.047993 0.252426 0.156000
v -0.047967 0.252339 0.156000
v -0.047959 0.252245 0.156000
v -0.047959 0.249282 0.156000
v -0.047967 0.249188 0.156000
v -0.047993 0.249102 0.156000
v -0.048035 0.249023 0.156000
v -0.048095 0.248951 0.156000
v -0.048167 0.248891 0.156000
v -0.048246 0.248848 0.156000
v -0.048333 0.248823 0.156000
v -0.048427 0.248814 0.156000
v -0.057356 0.248814 0.156000
v -0.057441 0.248802 0.156000
v -0.057502 0.248765 0.156000
v -0.057538 0.248705 0.156000
v -0.057550 0.248619 0.156000
v -0.057550 0.241094 0.156000
v -0.057538 0.241009 0.156000
v -0.057502 0.240948 0.156000
v -0.057441 0.240911 0.156000
v -0.057356 0.240899 0.156000
v -0.044060 0.240899 0.156000
v -0.043966 0.240891 0.156000
v -0.043879 0.240865 0.156000
v -0.043800 0.240822 0.156000
v -0.043728 0.240763 0.156000
v -0.043669 0.240691 0.156000
v -0.043626 0.240611 0.156000
v -0.043600 0.240525 0.156000
v -0.043592 0.240431 0.156000
v -0.043592 0.237468 0.156000
v -0.043600 0.237374 0.156000
v -0.043626 0.237288 0.156000
v -0.043669 0.237208 0.156000
v -0.043728 0.237136 0.156000
v -0.043800 0.237077 0.156000
v -0.043879 0.237034 0.156000
v -0.043966 0.237009 0.156000
v -0.044060 0.237000 0.156000
v -0.061606 0.237000 0.156000
v -0.061699 0.237009 0.156000
v -0.061786 0.237034 0.156000
v -0.061865 0.237077 0.156000
v -0.061937 0.237136 0.156000
v -0.061997 0.237208 0.156000
v -0.062039 0.237288 0.156000
v -0.062065 0.237374 0.156000
v -0.062073 0.237468 0.156000
v -0.062073 0.263826 0.156000
v -0.062065 0.263919 0.156000
v -0.062039 0.264006 0.156000
v -0.061997 0.264085 0.156000
v -0.061937 0.264157 0.156000
v -0.061865 0.264217 0.156000
v -0.061786 0.264259 0.156000
v -0.061699 0.264285 0.156000
v -0.061606 0.264294 0.156000
v -0.044060 0.264294 0.156000
v -0.043966 0.264285 0.156000
v -0.043879 0.264259 0.156000
v -0.043800 0.264217 0.156000
v -0.043728 0.264157 0.156000
v -0.043669 0.264085 0.156000
v -0.043626 0.264006 0.156000
v -0.043600 0.263919 0.156000
v -0.043592 0.263826 0.156000
v 0.057550 0.263826 0.154000
v 0.057559 0.263919 0.154000
v 0.057585 0.264006 0.154000
v 0.057627 0.264085 0.154000
v 0.057687 0.264157 0.154000
v 0.057759 0.264217 0.154000
v 0.057838 0.264259 0.154000
v 0.057925 0.264285 0.154000
v 0.058018 0.264294 0.154000
v 0.061606 0.264294 0.154000
v 0.061699 0.264285 0.154000
v 0.061786 0.264259 0.154000
v 0.061865 0.264217 0.154000
v 0.061937 0.264157 0.154000
v 0.061997 0.264085 0.154000
v 0.062039 0.264006 0.154000
v 0.062065 0.263919 0.154000
v 0.062073 0.263826 0.154000
v 0.062073 0.237468 0.154000
v 0.062065 0.237374 0.154000
v 0.062039 0.237288 0.154000
v 0.061997 0.237208 0.154000
v 0.061937 0.237136 0.154000
v 0.061865 0.237077 0.154000
v 0.061786 0.237034 0.154000
v 0.061699 0.237009 0.154000
v 0.061606 0.237000 0.154000
v 0.058135 0.237000 0.154000
v 0.057955 0.237019 0.154000
v 0.057804 0.237078 0.154000
v 0.057682 0.237175 0.154000
v 0.057589 0.237312 0.154000
v 0.046360 0.255716 0.154000
v 0.046321 0.255766 0.154000
v 0.046282 0.255798 0.154000
v 0.046243 0.255814 0.154000
v 0.046204 0.255813 0.154000
v 0.046170 0.255795 0.154000
v 0.046146 0.255759 0.154000
v 0.046131 0.255707 0.154000
v 0.046126 0.255638 0.154000
v 0.046204 0.237468 0.154000
v 0.046196 0.237374 0.154000
v 0.046170 0.237288 0.154000
v 0.046127 0.237208 0.154000
v 0.046068 0.237136 0.154000
v 0.045996 0.237077 0.154000
v 0.045917 0.237034 0.154000
v 0.045830 0.237009 0.154000
v 0.045736 0.237000 0.154000
v 0.042149 0.237000 0.154000
v 0.042055 0.237009 0.154000
v 0.041969 0.237034 0.154000
v 0.041890 0.237077 0.154000
v 0.041818 0.237136 0.154000
v 0.041758 0.237208 0.154000
v 0.041715 0.237288 0.154000
v 0.041690 0.237374 0.154000
v 0.041681 0.237468 0.154000
v 0.041681 0.263826 0.154000
v 0.041690 0.263919 0.154000
v 0.041715 0.264006 0.154000
v 0.041758 0.264085 0.154000
v 0.041818 0.264157 0.154000
v 0.041890 0.264217 0.154000
v 0.041969 0.264259 0.154000
v 0.042055 0.264285 0.154000
v 0.042149 0.264294 0.154000
v 0.045619 0.264294 0.154000
v 0.045800 0.264274 0.154000
v 0.045951 0.264216 0.154000
v 0.046073 0.264118 0.154000
v 0.046165 0.263982 0.154000
v 0.057356 0.245578 0.154000
v 0.057394 0.245528 0.154000
v 0.057433 0.245495 0.154000
v 0.057472 0.245479 0.154000
v 0.057511 0.245480 0.154000
v 0.057546 0.245499 0.154000
v 0.057570 0.245534 0.154000
v 0.057585 0.245587 0.154000
v 0.057589 0.245656 0.154000
v 0.026709 0.236610 0.154000
v 0.025288 0.236684 0.154000
v 0.023950 0.236907 0.154000
v 0.022695 0.237279 0.154000
v 0.021523 0.237799 0.154000
v 0.020457 0.238456 0.154000
v 0.019520 0.239237 0.154000
v 0.018712 0.240142 0.154000
v 0.018033 0.241172 0.154000
v 0.017496 0.242305 0.154000
v 0.017112 0.243521 0.154000
v 0.016882 0.244820 0.154000
v 0.016805 0.246202 0.154000
v 0.016805 0.255092 0.154000
v 0.016883 0.256455 0.154000
v 0.017117 0.257738 0.154000
v 0.017507 0.258941 0.154000
v 0.018053 0.260063 0.154000
v 0.018739 0.261084 0.154000
v 0.019549 0.261983 0.154000
v 0.020484 0.262761 0.154000
v 0.021542 0.263416 0.154000
v 0.022706 0.263937 0.154000
v 0.023955 0.264308 0.154000
v 0.025289 0.264531 0.154000
v 0.026709 0.264606 0.154000
v 0.028145 0.264531 0.154000
v 0.029492 0.264308 0.154000
v 0.030748 0.263937 0.154000
v 0.031914 0.263416 0.154000
v 0.032973 0.262761 0.154000
v 0.033907 0.261983 0.154000
v 0.034718 0.261084 0.154000
v 0.035404 0.260063 0.154000
v 0.035950 0.258941 0.154000
v 0.036339 0.257738 0.154000
v 0.036573 0.256455 0.154000
v 0.036651 0.255092 0.154000
v 0.036651 0.246202 0.154000
v 0.036573 0.244820 0.154000
v 0.036339 0.243521 0.154000
v 0.035950 0.242305 0.154000
v 0.035404 0.241172 0.154000
v 0.034718 0.240142 0.154000
v 0.033907 0.239237 0.154000
v 0.032973 0.238456 0.154000
v 0.031914 0.237799 0.154000
v 0.030748 0.237279 0.154000
v 0.029492 0.236907 0.154000
v 0.028145 0.236684 0.154000
v 0.026709 0.240509 0.154000
v 0.027876 0.240604 0.154000
v 0.028921 0.240889 0.154000
v 0.029845 0.241365 0.154000
v 0.030647 0.242030 0.154000
v 0.031295 0.242851 0.154000
v 0.031758 0.243794 0.154000
v 0.032036 0.244859 0.154000
v 0.032128 0.246046 0.154000
v 0.032128 0.255131 0.154000
v 0.032036 0.256335 0.154000
v 0.031758 0.257412 0.154000
v 0.031295 0.258362 0.154000
v 0.030647 0.259186 0.154000
v 0.029845 0.259851 0.154000
v 0.028921 0.260326 0.154000
v 0.027876 0.260611 0.154000
v 0.026709 0.260706 0.154000
v 0.025558 0.260611 0.154000
v 0.024525 0.260326 0.154000
v 0.023609 0.259851 0.154000
v 0.022810 0.259186 0.154000
v 0.022161 0.258362 0.154000
v 0.021698 0.257412 0.154000
v 0.021421 0.256335 0.154000
v 0.021328 0.255131 0.154000
v 0.021328 0.246046 0.154000
v 0.021421 0.244859 0.154000
v 0.021698 0.243794 0.154000
v 0.022161 0.242851 0.154000
v 0.022810 0.242030 0.154000
v 0.023609 0.241365 0.154000
v 0.024525 0.240889 0.154000
v 0.025558 0.240604 0.154000
v 0.007720 0.237000 0.154000
v 0.007626 0.237009 0.154000
v 0.007540 0.237034 0.154000
v 0.007461 0.237077 0.154000
v 0.007389 0.237136 0.154000
v 0.007329 0.237208 0.154000
v 0.007286 0.237288 0.154000
v 0.007261 0.237374 0.154000
v 0.007252 0.237468 0.154000
v 0.007252 0.263826 0.154000
v 0.007261 0.263919 0.154000
v 0.007286 0.264006 0.154000
v 0.007329 0.264085 0.154000
v 0.007389 0.264157 0.154000
v 0.007461 0.264217 0.154000
v 0.007540 0.264259 0.154000
v 0.007626 0.264285 0.154000
v 0.007720 0.264294 0.154000
v 0.011307 0.264294 0.154000
v 0.011401 0.264285 0.154000
v 0.011488 0.264259 0.154000
v 0.011567 0.264217 0.154000
v 0.011639 0.264157 0.154000
v 0.011698 0.264085 0.154000
v 0.011741 0.264006 0.154000
v 0.011767 0.263919 0.154000
v 0.011775 0.263826 0.154000
v 0.011775 0.237468 0.154000
v 0.011767 0.237374 0.154000
v 0.011741 0.237288 0.154000
v 0.011698 0.237208 0.154000
v 0.011639 0.237136 0.154000
v 0.011567 0.237077 0.154000
v 0.011488 0.237034 0.154000
v 0.011401 0.237009 0.154000
v 0.011307 0.237000 0.154000
v -0.004991 0.264333 0.154000
v -0.003799 0.264269 0.154000
v -0.002681 0.264079 0.154000
v -0.001635 0.263762 0.154000
v -0.000663 0.263319 0.154000
v 0.000221 0.262760 0.154000
v 0.000999 0.262095 0.154000
v 0.001673 0.261327 0.154000
v 0.002242 0.260453 0.154000
v 0.002694 0.259492 0.154000
v 0.003017 0.258460 0.154000
v 0.003211 0.257357 0.154000
v 0.003275 0.256184 0.154000
v 0.003209 0.255028 0.154000
v 0.003012 0.253941 0.154000
v 0.002683 0.252923 0.154000
v 0.002222 0.251972 0.154000
v 0.001641 0.251109 0.154000
v 0.000950 0.250349 0.154000
v 0.000150 0.249695 0.154000
v -0.000760 0.249146 0.154000
v -0.001763 0.248711 0.154000
v -0.002841 0.248400 0.154000
v -0.003995 0.248214 0.154000
v -0.005225 0.248151 0.154000
v -0.011463 0.248151 0.154000
v -0.011549 0.248139 0.154000
v -0.011610 0.248103 0.154000
v -0.011646 0.248042 0.154000
v -0.011658 0.247956 0.154000
v -0.011658 0.237468 0.154000
v -0.011667 0.237374 0.154000
v -0.011692 0.237288 0.154000
v -0.011735 0.237208 0.154000
v -0.011795 0.237136 0.154000
v -0.011867 0.237077 0.154000
v -0.011946 0.237034 0.154000
v -0.012032 0.237009 0.154000
v -0.012126 0.237000 0.154000
v -0.015713 0.237000 0.154000
v -0.015807 0.237009 0.154000
v -0.015894 0.237034 0.154000
v -0.015973 0.237077 0.154000
v -0.016045 0.237136 0.154000
v -0.016104 0.237208 0.154000
v -0.016147 0.237288 0.154000
v -0.016173 0.237374 0.154000
v -0.016181 0.237468 0.154000
v -0.016181 0.263865 0.154000
v -0.016173 0.263959 0.154000
v -0.016147 0.264045 0.154000
v -0.016104 0.264124 0.154000
v -0.016045 0.264196 0.154000
v -0.015973 0.264256 0.154000
v -0.015894 0.264298 0.154000
v -0.015807 0.264324 0.154000
v -0.015713 0.264333 0.154000
v -0.005654 0.251817 0.154000
v -0.004708 0.251890 0.154000
v -0.003860 0.252109 0.154000
v -0.003110 0.252474 0.154000
v -0.002456 0.252986 0.154000
v -0.001928 0.253617 0.154000
v -0.001550 0.254341 0.154000
v -0.001323 0.255158 0.154000
v -0.001248 0.256067 0.154000
v -0.001323 0.256995 0.154000
v -0.001550 0.257831 0.154000
v -0.001928 0.258574 0.154000
v -0.002456 0.259225 0.154000
v -0.003110 0.259754 0.154000
v -0.003860 0.260131 0.154000
v -0.004708 0.260358 0.154000
v -0.005654 0.260433 0.154000
v -0.011463 0.260433 0.154000
v -0.011549 0.260421 0.154000
v -0.011610 0.260385 0.154000
v -0.011646 0.260324 0.154000
v -0.011658 0.260239 0.154000
v -0.011658 0.252011 0.154000
v -0.011646 0.251926 0.154000
v -0.011610 0.251865 0.154000
v -0.011549 0.251829 0.154000
v -0.011463 0.251817 0.154000
v -0.030179 0.236688 0.154000
v -0.031651 0.236749 0.154000
v -0.033025 0.236932 0.154000
v -0.034302 0.237236 0.154000
v -0.035482 0.237663 0.154000
v -0.036548 0.238199 0.154000
v -0.037485 0.238833 0.154000
v -0.038293 0.239564 0.154000
v -0.038971 0.240392 0.154000
v -0.039509 0.241308 0.154000
v -0.039892 0.242303 0.154000
v -0.040123 0.243375 0.154000
v -0.040200 0.244525 0.154000
v -0.040200 0.245500 0.154000
v -0.040191 0.245594 0.154000
v -0.040165 0.245680 0.154000
v -0.040123 0.245760 0.154000
v -0.040063 0.245831 0.154000
v -0.039991 0.245891 0.154000
v -0.039912 0.245934 0.154000
v -0.039825 0.245959 0.154000
v -0.039732 0.245968 0.154000
v -0.036261 0.245968 0.154000
v -0.036168 0.245959 0.154000
v -0.036081 0.245934 0.154000
v -0.036002 0.245891 0.154000
v -0.035930 0.245831 0.154000
v -0.035870 0.245760 0.154000
v -0.035828 0.245680 0.154000
v -0.035802 0.245594 0.154000
v -0.035794 0.245500 0.154000
v -0.035794 0.244759 0.154000
v -0.035694 0.243900 0.154000
v -0.035394 0.243117 0.154000
v -0.034894 0.242409 0.154000
v -0.034195 0.241776 0.154000
v -0.033323 0.241256 0.154000
v -0.032304 0.240884 0.154000
v -0.031139 0.240661 0.154000
v -0.029828 0.240587 0.154000
v -0.028712 0.240650 0.154000
v -0.027742 0.240841 0.154000
v -0.026918 0.241157 0.154000
v -0.026241 0.241601 0.154000
v -0.025712 0.242144 0.154000
v -0.025334 0.242761 0.154000
v -0.025108 0.243451 0.154000
v -0.025032 0.244213 0.154000
v -0.025074 0.244738 0.154000
v -0.025198 0.245222 0.154000
v -0.025405 0.245664 0.154000
v -0.025695 0.246065 0.154000
v -0.026062 0.246437 0.154000
v -0.026499 0.246792 0.154000
v -0.027007 0.247129 0.154000
v -0.027586 0.247450 0.154000
v -0.028277 0.247781 0.154000
v -0.029121 0.248151 0.154000
v -0.030119 0.248561 0.154000
v -0.031271 0.249009 0.154000
v -0.032589 0.249509 0.154000
v -0.033776 0.249994 0.154000
v -0.034831 0.250464 0.154000
v -0.035755 0.250920 0.154000
v -0.036577 0.251408 0.154000
v -0.037329 0.251977 0.154000
v -0.038010 0.252627 0.154000
v -0.038620 0.253357 0.154000
v -0.039124 0.254174 0.154000
v -0.039483 0.255087 0.154000
v -0.039699 0.256095 0.154000
v -0.039771 0.257197 0.154000
v -0.039615 0.258823 0.154000
v -0.039147 0.260268 0.154000
v -0.038367 0.261533 0.154000
v -0.037275 0.262617 0.154000
v -0.035923 0.263487 0.154000
v -0.034361 0.264108 0.154000
v -0.032589 0.264481 0.154000
v -0.030608 0.264606 0.154000
v -0.029188 0.264542 0.154000
v -0.027854 0.264352 0.154000
v -0.026605 0.264035 0.154000
v -0.025442 0.263592 0.154000
v -0.024383 0.263035 0.154000
v -0.023448 0.262378 0.154000
v -0.022638 0.261621 0.154000
v -0.021952 0.260765 0.154000
v -0.021406 0.259823 0.154000
v -0.021016 0.258810 0.154000
v -0.020782 0.257727 0.154000
v -0.020704 0.256573 0.154000
v -0.020704 0.255911 0.154000
v -0.020713 0.255817 0.154000
v -0.020738 0.255730 0.154000
v -0.020781 0.255651 0.154000
v -0.020841 0.255579 0.154000
v -0.020912 0.255519 0.154000
v -0.020992 0.255477 0.154000
v -0.021078 0.255451 0.154000
v -0.021172 0.255443 0.154000
v -0.024681 0.255443 0.154000
v -0.024775 0.255451 0.154000
v -0.024862 0.255477 0.154000
v -0.024941 0.255519 0.154000
v -0.025013 0.255579 0.154000
v -0.025072 0.255651 0.154000
v -0.025115 0.255730 0.154000
v -0.025141 0.255817 0.154000
v -0.025149 0.255911 0.154000
v -0.025149 0.256339 0.154000
v -0.025243 0.257220 0.154000
v -0.025524 0.258031 0.154000
v -0.025993 0.258770 0.154000
v -0.026650 0.259439 0.154000
v -0.027473 0.259994 0.154000
v -0.028439 0.260390 0.154000
v -0.029549 0.260627 0.154000
v -0.030803 0.260706 0.154000
v -0.031815 0.260650 0.154000
v -0.032708 0.260482 0.154000
v -0.033482 0.260202 0.154000
v -0.034136 0.259810 0.154000
v -0.034657 0.259315 0.154000
v -0.035028 0.258728 0.154000
v -0.035251 0.258048 0.154000
v -0.035326 0.257275 0.154000
v -0.035287 0.256717 0.154000
v -0.035170 0.256213 0.154000
v -0.034975 0.255762 0.154000
v -0.034702 0.255365 0.154000
v -0.034351 0.255003 0.154000
v -0.033922 0.254658 0.154000
v -0.033415 0.254330 0.154000
v -0.032830 0.254019 0.154000
v -0.032121 0.253697 0.154000
v -0.031241 0.253332 0.154000
v -0.030191 0.252927 0.154000
v -0.028970 0.252479 0.154000
v -0.027655 0.251965 0.154000
v -0.026480 0.251475 0.154000
v -0.025443 0.251010 0.154000
v -0.024545 0.250569 0.154000
v -0.023745 0.250097 0.154000
v -0.023005 0.249540 0.154000
v -0.022322 0.248898 0.154000
v -0.021698 0.248171 0.154000
v -0.021178 0.247353 0.154000
v -0.020806 0.246441 0.154000
v -0.020584 0.245433 0.154000
v -0.020509 0.244330 0.154000
v -0.020671 0.242666 0.154000
v -0.021157 0.241182 0.154000
v -0.021968 0.239878 0.154000
v -0.023102 0.238755 0.154000
v -0.024517 0.237850 0.154000
v -0.026168 0.237205 0.154000
v -0.028055 0.236817 0.154000
v -0.043592 0.260862 0.154000
v -0.043600 0.260769 0.154000
v -0.043626 0.260682 0.154000
v -0.043669 0.260603 0.154000
v -0.043728 0.260531 0.154000
v -0.043800 0.260471 0.154000
v -0.043879 0.260429 0.154000
v -0.043966 0.260403 0.154000
v -0.044060 0.260394 0.154000
v -0.057356 0.260394 0.154000
v -0.057441 0.260382 0.154000
v -0.057502 0.260346 0.154000
v -0.057538 0.260285 0.154000
v -0.057550 0.260200 0.154000
v -0.057550 0.252908 0.154000
v -0.057538 0.252823 0.154000
v -0.057502 0.252762 0.154000
v -0.057441 0.252725 0.154000
v -0.057356 0.252713 0.154000
v -0.048427 0.252713 0.154000
v -0.048333 0.252705 0.154000
v -0.048246 0.252679 0.154000
v -0.048167 0.252637 0.154000
v -0.048095 0.252577 0.154000
v -0.048035 0.252505 0.154000
v -0.047993 0.252426 0.154000
v -0.047967 0.252339 0.154000
v -0.047959 0.252245 0.154000
v -0.047959 0.249282 0.154000
v -0.047967 0.249188 0.154000
v -0.047993 0.249102 0.154000
v -0.048035 0.249023 0.154000
v -0.048095 0.248951 0.154000
v -0.048167 0.248891 0.154000
v -0.048246 0.248848 0.154000
v -0.048333 0.248823 0.154000
v -0.048427 0.248814 0.154000
v -0.057356 0.248814 0.154000
v -0.057441 0.248802 0.154000
v -0.057502 0.248765 0.154000
v -0.057538 0.248705 0.154000
v -0.057550 0.248619 0.154000
v -0.057550 0.241094 0.154000
v -0.057538 0.241009 0.154000
v -0.057502 0.240948 0.154000
v -0.057441 0.240911 0.154000
v -0.057356 0.240899 0.154000
v -0.044060 0.240899 0.154000
v -0.043966 0.240891 0.154000
v -0.043879 0.240865 0.154000
v -0.043800 0.240822 0.154000
v -0.043728 0.240763 0.154000
v -0.043669 0.240691 0.154000
v -0.043626 0.240611 0.154000
v -0.043600 0.240525 0.154000
v -0.043592 0.240431 0.154000
v -0.043592 0.237468 0.154000
v -0.043600 0.237374 0.154000
v -0.043626 0.237288 0.154000
v -0.043669 0.237208 0.154000
v -0.043728 0.237136 0.154000
v -0.043800 0.237077 0.154000
v -0.043879 0.237034 0.154000
v -0.043966 0.237009 0.154000
v -0.044060 0.237000 0.154000
v -0.061606 0.237000 0.154000
v -0.061699 0.237009 0.154000
v -0.061786 0.237034 0.154000
v -0.061865 0.237077 0.154000
v -0.061937 0.237136 0.154000
v -0.061997 0.237208 0.154000
v -0.062039 0.237288 0.154000
v -0.062065 0.237374 0.154000
v -0.062073 0.237468 0.154000
v -0.062073 0.263826 0.154000
v -0.062065 0.263919 0.154000
v -0.062039 0.264006 0.154000
v -0.061997 0.264085 0.154000
v -0.061937 0.264157 0.154000
v -0.061865 0.264217 0.154000
v -0.061786 0.264259 0.154000
v -0.061699 0.264285 0.154000
v -0.061606 0.264294 0.154000
v -0.044060 0.264294 0.154000
v -0.043966 0.264285 0.154000
v -0.043879 0.264259 0.154000
v -0.043800 0.264217 0.154000
v -0.043728 0.264157 0.154000
v -0.043669 0.264085 0.154000
v -0.043626 0.264006 0.154000
v -0.043600 0.263919 0.154000
v -0.043592 0.263826 0.154000
v -0.043592 0.260862 0.154000
v -0.043592 0.260862 0.156000
v -0.043600 0.260769 0.154000
v -0.043600 0.260769 0.156000
v -0.043626 0.260682 0.154000
v -0.043626 0.260682 0.156000
v -0.043669 0.260603 0.154000
v -0.043669 0.260603 0.156000
v -0.043728 0.260531 0.154000
v -0.043728 0.260531 0.156000
v -0.043800 0.260471 0.154000
v -0.043800 0.260471 0.156000
v -0.043879 0.260429 0.154000
v -0.043879 0.260429 0.156000
v -0.043966 0.260403 0.154000
v -0.043966 0.260403 0.156000
v -0.044060 0.260394 0.154000
v -0.044060 0.260394 0.156000
v -0.057356 0.260394 0.154000
v -0.057356 0.260394 0.156000
v -0.057441 0.260382 0.154000
v -0.057441 0.260382 0.156000
v -0.057502 0.260346 0.154000
v -0.057502 0.260346 0.156000
v -0.057538 0.260285 0.154000
v -0.057538 0.260285 0.156000
v -0.057550 0.260200 0.154000
v -0.057550 0.260200 0.156000
v -0.057550 0.252908 0.154000
v -0.057550 0.252908 0.156000
v -0.057538 0.252823 0.154000
v -0.057538 0.252823 0.156000
v -0.057502 0.252762 0.154000
v -0.057502 0.252762 0.156000
v -0.057441 0.252725 0.154000
v -0.057441 0.252725 0.156000
v -0.057356 0.252713 0.154000
v -0.057356 0.252713 0.156000
v -0.048427 0.252713 0.154000
v -0.048427 0.252713 0.156000
v -0.048333 0.252705 0.154000
v -0.048333 0.252705 0.156000
v -0.048246 0.252679 0.154000
v -0.048246 0.252679 0.156000
v -0.048167 0.252637 0.154000
v -0.048167 0.252637 0.156000
v -0.048095 0.252577 0.154000
v -0.048095 0.252577 0.156000
v -0.048035 0.252505 0.154000
v -0.048035 0.252505 0.156000
v -0.047993 0.252426 0.154000
v -0.047993 0.252426 0.156000
v -0.047967 0.252339 0.154000
v -0.047967 0.252339 0.156000
v -0.047959 0.252245 0.154000
v -0.047959 0.252245 0.156000
v -0.047959 0.249282 0.154000
v -0.047959 0.249282 0.156000
v -0.047967 0.249188 0.154000
v -0.047967 0.249188 0.156000
v -0.047993 0.249102 0.154000
v -0.047993 0.249102 0.156000
v -0.048035 0.249023 0.154000
v -0.048035 0.249023 0.156000
v -0.048095 0.248951 0.154000
v -0.048095 0.248951 0.156000
v -0.048167 0.248891 0.154000
v -0.048167 0.248891 0.156000
v -0.048246 0.248848 0.154000
v -0.048246 0.248848 0.156000
v -0.048333 0.248823 0.154000
v -0.048333 0.248823 0.156000
v -0.048427 0.248814 0.154000
v -0.048427 0.248814 0.156000
v -0.057356 0.248814 0.154000
v -0.057356 0.248814 0.156000
v -0.057441 0.248802 0.154000
v -0.057441 0.248802 0.156000
v -0.057502 0.248765 0.154000
v -0.057502 0.248765 0.156000
v -0.057538 0.248705 0.154000
v -0.057538 0.248705 0.156000
v -0.057550 0.248619 0.154000
v -0.057550 0.248619 0.156000
v -0.057550 0.241094 0.154000
v -0.057550 0.241094 0.156000
v -0.057538 0.241009 0.154000
v -0.057538 0.241009 0.156000
v -0.057502 0.240948 0.154000
v -0.057502 0.240948 0.156000
v -0.057441 0.240911 0.154000
v -0.057441 0.240911 0.156000
v -0.057356 0.240899 0.154000
v -0.057356 0.240899 0.156000
v -0.044060 0.240899 0.154000
v -0.044060 0.240899 0.156000
v -0.043966 0.240891 0.154000
v -0.043966 0.240891 0.156000
v -0.043879 0.240865 0.154000
v -0.043879 0.240865 0.156000
v -0.043800 0.240822 0.154000
v -0.043800 0.240822 0.156000
v -0.043728 0.240763 0.154000
v -0.043728 0.240763 0.156000
v -0.043669 0.240691 0.154000
v -0.043669 0.240691 0.156000
v -0.043626 0.240611 0.154000
v -0.043626 0.240611 0.156000
v -0.043600 0.240525 0.154000
v -0.043600 0.240525 0.156000
v -0.043592 0.240431 0.154000
v -0.043592 0.240431 0.156000
v -0.043592 0.237468 0.154000
v -0.043592 0.237468 0.156000
v -0.043600 0.237374 0.154000
v -0.043600 0.237374 0.156000
v -0.043626 0.237288 0.154000
v -0.043626 0.237288 0.156000
v -0.043669 0.237208 0.154000
v -0.043669 0.237208 0.156000
v -0.043728 0.237136 0.154000
v -0.043728 0.237136 0.156000
v -0.043800 0.237077 0.154000
v -0.043800 0.237077 0.156000
v -0.043879 0.237034 0.154000
v -0.043879 0.237034 0.156000
v -0.043966 0.237009 0.154000
v -0.043966 0.237009 0.156000
v -0.044060 0.237000 0.154000
v -0.044060 0.237000 0.156000
v -0.061606 0.237000 0.154000
v -0.061606 0.237000 0.156000
v -0.061699 0.237009 0.154000
v -0.061699 0.237009 0.156000
v -0.061786 0.237034 0.154000
v -0.061786 0.237034 0.156000
v -0.061865 0.237077 0.154000
v -0.061865 0.237077 0.156000
v -0.061937 0.237136 0.154000
v -0.061937 0.237136 0.156000
v -0.061997 0.237208 0.154000
v -0.061997 0.237208 0.156000
v -0.062039 0.237288 0.154000
v -0.062039 0.237288 0.156000
v -0.062065 0.237374 0.154000
v -0.062065 0.237374 0.156000
v -0.062073 0.237468 0.154000
v -0.062073 0.237468 0.156000
v -0.062073 0.263826 0.154000
v -0.062073 0.263826 0.156000
v -0.062065 0.263919 0.154000
v -0.062065 0.263919 0.156000
v -0.062039 0.264006 0.154000
v -0.062039 0.264006 0.156000
v -0.061997 0.264085 0.154000
v -0.061997 0.264085 0.156000
v -0.061937 0.264157 0.154000
v -0.061937 0.264157 0.156000
v -0.061865 0.264217 0.154000
v -0.061865 0.264217 0.156000
v -0.061786 0.264259 0.154000
v -0.061786 0.264259 0.156000
v -0.061699 0.264285 0.154000
v -0.061699 0.264285 0.156000
v -0.061606 0.264294 0.154000
v -0.061606 0.264294 0.156000
v -0.044060 0.264294 0.154000
v -0.044060 0.264294 0.156000
v -0.043966 0.264285 0.154000
v -0.043966 0.264285 0.156000
v -0.043879 0.264259 0.154000
v -0.043879 0.264259 0.156000
v -0.043800 0.264217 0.154000
v -0.043800 0.264217 0.156000
v -0.043728 0.264157 0.154000
v -0.043728 0.264157 0.156000
v -0.043669 0.264085 0.154000
v -0.043669 0.264085 0.156000
v -0.043626 0.264006 0.154000
v -0.043626 0.264006 0.156000
v -0.043600 0.263919 0.154000
v -0.043600 0.263919 0.156000
v -0.043592 0.263826 0.154000
v -0.043592 0.263826 0.156000
v -0.030179 0.236688 0.154000
v -0.030179 0.236688 0.156000
v -0.031651 0.236749 0.154000
v -0.031651 0.236749 0.156000
v -0.033025 0.236932 0.154000
v -0.033025 0.236932 0.156000
v -0.034302 0.237236 0.154000
v -0.034302 0.237236 0.156000
v -0.035482 0.237663 0.154000
v -0.035482 0.237663 0.156000
v -0.036548 0.238199 0.154000
v -0.036548 0.238199 0.156000
v -0.037485 0.238833 0.154000
v -0.037485 0.238833 0.156000
v -0.038293 0.239564 0.154000
v -0.038293 0.239564 0.156000
v -0.038971 0.240392 0.154000
v -0.038971 0.240392 0.156000
v -0.039509 0.241308 0.154000
v -0.039509 0.241308 0.156000
v -0.039892 0.242303 0.154000
v -0.039892 0.242303 0.156000
v -0.040123 0.243375 0.154000
v -0.040123 0.243375 0.156000
v -0.040200 0.244525 0.154000
v -0.040200 0.244525 0.156000
v -0.040200 0.245500 0.154000
v -0.040200 0.245500 0.156000
v -0.040191 0.245594 0.154000
v -0.040191 0.245594 0.156000
v -0.040165 0.245680 0.154000
v -0.040165 0.245680 0.156000
v -0.040123 0.245760 0.154000
v -0.040123 0.245760 0.156000
v -0.040063 0.245831 0.154000
v -0.040063 0.245831 0.156000
v -0.039991 0.245891 0.154000
v -0.039991 0.245891 0.156000
v -0.039912 0.245934 0.154000
v -0.039912 0.245934 0.156000
v -0.039825 0.245959 0.154000
v -0.039825 0.245959 0.156000
v -0.039732 0.245968 0.154000
v -0.039732 0.245968 0.156000
v -0.036261 0.245968 0.154000
v -0.036261 0.245968 0.156000
v -0.036168 0.245959 0.154000
v -0.036168 0.245959 0.156000
v -0.036081 0.245934 0.154000
v -0.036081 0.245934 0.156000
v -0.036002 0.245891 0.154000
v -0.036002 0.245891 0.156000
v -0.035930 0.245831 0.154000
v -0.035930 0.245831 0.156000
v -0.035870 0.245760 0.154000
v -0.035870 0.245760 0.156000
v -0.035828 0.245680 0.154000
v -0.035828 0.245680 0.156000
v -0.035802 0.245594 0.154000
v -0.035802 0.245594 0.156000
v -0.035794 0.245500 0.154000
v -0.035794 0.245500 0.156000
v -0.035794 0.244759 0.154000
v -0.035794 0.244759 0.156000
v -0.035694 0.243900 0.154000
v -0.035694 0.243900 0.156000
v -0.035394 0.243117 0.154000
v -0.035394 0.243117 0.156000
v -0.034894 0.242409 0.154000
v -0.034894 0.242409 0.156000
v -0.034195 0.241776 0.154000
v -0.034195 0.241776 0.156000
v -0.033323 0.241256 0.154000
v -0.033323 0.241256 0.156000
v -0.032304 0.240884 0.154000
v -0.032304 0.240884 0.156000
v -0.031139 0.240661 0.154000
v -0.031139 0.240661 0.156000
v -0.029828 0.240587 0.154000
v -0.029828 0.240587 0.156000
v -0.028712 0.240650 0.154000
v -0.028712 0.240650 0.156000
v -0.027742 0.240841 0.154000
v -0.027742 0.240841 0.156000
v -0.026918 0.241157 0.154000
v -0.026918 0.241157 0.156000
v -0.026241 0.241601 0.154000
v -0.026241 0.241601 0.156000
v -0.025712 0.242144 0.154000
v -0.025712 0.242144 0.156000
v -0.025334 0.242761 0.154000
v -0.025334 0.242761 0.156000
v -0.025108 0.243451 0.154000
v -0.025108 0.243451 0.156000
v -0.025032 0.244213 0.154000
v -0.025032 0.244213 0.156000
v -0.025074 0.244738 0.154000
v -0.025074 0.244738 0.156000
v -0.025198 0.245222 0.154000
v -0.025198 0.245222 0.156000
v -0.025405 0.245664 0.154000
v -0.025405 0.245664 0.156000
v -0.025695 0.246065 0.154000
v -0.025695 0.246065 0.156000
v -0.026062 0.246437 0.154000
v -0.026062 0.246437 0.156000
v -0.026499 0.246792 0.154000
v -0.026499 0.246792 0.156000
v -0.027007 0.247129 0.154000
v -0.027007 0.247129 0.156000
v -0.027586 0.247450 0.154000
v -0.027586 0.247450 0.156000
v -0.028277 0.247781 0.154000
v -0.028277 0.247781 0.156000
v -0.029121 0.248151 0.154000
v -0.029121 0.248151 0.156000
v -0.030119 0.248561 0.154000
v -0.030119 0.248561 0.156000
v -0.031271 0.249009 0.154000
v -0.031271 0.249009 0.156000
v -0.032589 0.249509 0.154000
v -0.032589 0.249509 0.156000
v -0.033776 0.249994 0.154000
v -0.033776 0.249994 0.156000
v -0.034831 0.250464 0.154000
v -0.034831 0.250464 0.156000
v -0.035755 0.250920 0.154000
v -0.035755 0.250920 0.156000
v -0.036577 0.251408 0.154000
v -0.036577 0.251408 0.156000
v -0.037329 0.251977 0.154000
v -0.037329 0.251977 0.156000
v -0.038010 0.252627 0.154000
v -0.038010 0.252627 0.156000
v -0.038620 0.253357 0.154000
v -0.038620 0.253357 0.156000
v -0.039124 0.254174 0.154000
v -0.039124 0.254174 0.156000
v -0.039483 0.255087 0.154000
v -0.039483 0.255087 0.156000
v -0.039699 0.256095 0.154000
v -0.039699 0.256095 0.156000
v -0.039771 0.257197 0.154000
v -0.039771 0.257197 0.156000
v -0.039615 0.258823 0.154000
v -0.039615 0.258823 0.156000
v -0.039147 0.260268 0.154000
v -0.039147 0.260268 0.156000
v -0.038367 0.261533 0.154000
v -0.038367 0.261533 0.156000
v -0.037275 0.262617 0.154000
v -0.037275 0.262617 0.156000
v -0.035923 0.263487 0.154000
v -0.035923 0.263487 0.156000
v -0.034361 0.264108 0.154000
v -0.034361 0.264108 0.156000
v -0.032589 0.264481 0.154000
v -0.032589 0.264481 0.156000
v -0.030608 0.264606 0.154000
v -0.030608 0.264606 0.156000
v -0.029188 0.264542 0.154000
v -0.029188 0.264542 0.156000
v -0.027854 0.264352 0.154000
v -0.027854 0.264352 0.156000
v -0.026605 0.264035 0.154000
v -0.026605 0.264035 0.156000
v -0.025442 0.263592 0.154000
v -0.025442 0.263592 0.156000
v -0.024383 0.263035 0.154000
v -0.024383 0.263035 0.156000
v -0.023448 0.262378 0.154000
v -0.023448 0.262378 0.156000
v -0.022638 0.261621 0.154000
v -0.022638 0.261621 0.156000
v -0.021952 0.260765 0.154000
v -0.021952 0.260765 0.156000
v -0.021406 0.259823 0.154000
v -0.021406 0.259823 0.156000
v -0.021016 0.258810 0.154000
v -0.021016 0.258810 0.156000
v -0.020782 0.257727 0.154000
v -0.020782 0.257727 0.156000
v -0.020704 0.256573 0.154000
v -0.020704 0.256573 0.156000
v -0.020704 0.255911 0.154000
v -0.020704 0.255911 0.156000
v -0.020713 0.255817 0.154000
v -0.020713 0.255817 0.156000
v -0.020738 0.255730 0.154000
v -0.020738 0.255730 0.156000
v -0.020781 0.255651 0.154000
v -0.020781 0.255651 0.156000
v -0.020841 0.255579 0.154000
v -0.020841 0.255579 0.156000
v -0.020912 0.255519 0.154000
v -0.020912 0.255519 0.156000
v -0.020992 0.255477 0.154000
v -0.020992 0.255477 0.156000
v -0.021078 0.255451 0.154000
v -0.021078 0.255451 0.156000
v -0.021172 0.255443 0.154000
v -0.021172 0.255443 0.156000
v -0.024681 0.255443 0.154000
v -0.024681 0.255443 0.156000
v -0.024775 0.255451 0.154000
v -0.024775 0.255451 0.156000
v -0.024862 0.255477 0.154000
v -0.024862 0.255477 0.156000
v -0.024941 0.255519 0.154000
v -0.024941 0.255519 0.156000
v -0.025013 0.255579 0.154000
v -0.025013 0.255579 0.156000
v -0.025072 0.255651 0.154000
v -0.025072 0.255651 0.156000
v -0.025115 0.255730 0.154000
v -0.025115 0.255730 0.156000
v -0.025141 0.255817 0.154000
v -0.025141 0.255817 0.156000
v -0.025149 0.255911 0.154000
v -0.025149 0.255911 0.156000
v -0.025149 0.256339 0.154000
v -0.025149 0.256339 0.156000
v -0.025243 0.257220 0.154000
v -0.025243 0.257220 0.156000
v -0.025524 0.258031 0.154000
v -0.025524 0.258031 0.156000
v -0.025993 0.258770 0.154000
v -0.025993 0.258770 0.156000
v -0.026650 0.259439 0.154000
v -0.026650 0.259439 0.156000
v -0.027473 0.259994 0.154000
v -0.027473 0.259994 0.156000
v -0.028439 0.260390 0.154000
v -0.028439 0.260390 0.156000
v -0.029549 0.260627 0.154000
v -0.029549 0.260627 0.156000
v -0.030803 0.260706 0.154000
v -0.030803 0.260706 0.156000
v -0.031815 0.260650 0.154000
v -0.031815 0.260650 0.156000
v -0.032708 0.260482 0.154000
v -0.032708 0.260482 0.156000
v -0.033482 0.260202 0.154000
v -0.033482 0.260202 0.156000
v -0.034136 0.259810 0.154000
v -0.034136 0.259810 0.156000
v -0.034657 0.259315 0.154000
v -0.034657 0.259315 0.156000
v -0.035028 0.258728 0.154000
v -0.035028 0.258728 0.156000
v -0.035251 0.258048 0.154000
v -0.035251 0.258048 0.156000
v -0.035326 0.257275 0.154000
v -0.035326 0.257275 0.156000
v -0.035287 0.256717 0.154000
v -0.035287 0.256717 0.156000
v -0.035170 0.256213 0.154000
v -0.035170 0.256213 0.156000
v -0.034975 0.255762 0.154000
v -0.034975 0.255762 0.156000
v -0.034702 0.255365 0.154000
v -0.034702 0.255365 0.156000
v -0.034351 0.255003 0.154000
v -0.034351 0.255003 0.156000
v -0.033922 0.254658 0.154000
v -0.033922 0.254658 0.156000
v -0.033415 0.254330 0.154000
v -0.033415 0.254330 0.156000
v -0.032830 0.254019 0.154000
v -0.032830 0.254019 0.156000
v -0.032121 0.253697 0.154000
v -0.032121 0.253697 0.156000
v -0.031241 0.253332 0.154000
v -0.031241 0.253332 0.156000
v -0.030191 0.252927 0.154000
v -0.030191 0.252927 0.156000
v -0.028970 0.252479 0.154000
v -0.028970 0.252479 0.156000
v -0.027655 0.251965 0.154000
v -0.027655 0.251965 0.156000
v -0.026480 0.251475 0.154000
v -0.026480 0.251475 0.156000
v -0.025443 0.251010 0.154000
v -0.025443 0.251010 0.156000
v -0.024545 0.250569 0.154000
v -0.024545 0.250569 0.156000
v -0.023745 0.250097 0.154000
v -0.023745 0.250097 0.156000
v -0.023005 0.249540 0.154000
v -0.023005 0.249540 0.156000
v -0.022322 0.248898 0.154000
v -0.022322 0.248898 0.156000
v -0.021698 0.248171 0.154000
v -0.021698 0.248171 0.156000
v -0.021178 0.247353 0.154000
v -0.021178 0.247353 0.156000
v -0.020806 0.246441 0.154000
v -0.020806 0.246441 0.156000
v -0.020584 0.245433 0.154000
v -0.020584 0.245433 0.156000
v -0.020509 0.244330 0.154000
v -0.020509 0.244330 0.156000
v -0.020671 0.242666 0.154000
v -0.020671 0.242666 0.156000
v -0.021157 0.241182 0.154000
v -0.021157 0.241182 0.156000
v -0.021968 0.239878 0.154000
v -0.021968 0.239878 0.156000
v -0.023102 0.238755 0.154000
v -0.023102 0.238755 0.156000
v -0.024517 0.237850 0.154000
v -0.024517 0.237850 0.156000
v -0.026168 0.237205 0.154000
v -0.026168 0.237205 0.156000
v -0.028055 0.236817 0.154000
v -0.028055 0.236817 0.156000
v -0.004991 0.264333 0.154000
v -0.004991 0.264333 0.156000
v -0.003799 0.264269 0.154000
v -0.003799 0.264269 0.156000
v -0.002681 0.264079 0.154000
v -0.002681 0.264079 0.156000
v -0.001635 0.263762 0.154000
v -0.001635 0.263762 0.156000
v -0.000663 0.263319 0.154000
v -0.000663 0.263319 0.156000
v 0.000221 0.262760 0.154000
v 0.000221 0.262760 0.156000
v 0.000999 0.262095 0.154000
v 0.000999 0.262095 0.156000
v 0.001673 0.261327 0.154000
v 0.001673 0.261327 0.156000
v 0.002242 0.260453 0.154000
v 0.002242 0.260453 0.156000
v 0.002694 0.259492 0.154000
v 0.002694 0.259492 0.156000
v 0.003017 0.258460 0.154000
v 0.003017 0.258460 0.156000
v 0.003211 0.257357 0.154000
v 0.003211 0.257357 0.156000
v 0.003275 0.256184 0.154000
v 0.003275 0.256184 0.156000
v 0.003209 0.255028 0.154000
v 0.003209 0.255028 0.156000
v 0.003012 0.253941 0.154000
v 0.003012 0.253941 0.156000
v 0.002683 0.252923 0.154000
v 0.002683 0.252923 0.156000
v 0.002222 0.251972 0.154000
v 0.002222 0.251972 0.156000
v 0.001641 0.251109 0.154000
v 0.001641 0.251109 0.156000
v 0.000950 0.250349 0.154000
v 0.000950 0.250349 0.156000
v 0.000150 0.249695 0.154000
v 0.000150 0.249695 0.156000
v -0.000760 0.249146 0.154000
v -0.000760 0.249146 0.156000
v -0.001763 0.248711 0.154000
v -0.001763 0.248711 0.156000
v -0.002841 0.248400 0.154000
v -0.002841 0.248400 0.156000
v -0.003995 0.248214 0.154000
v -0.003995 0.248214 0.156000
v -0.005225 0.248151 0.154000
v -0.005225 0.248151 0.156000
v -0.011463 0.248151 0.154000
v -0.011463 0.248151 0.156000
v -0.011549 0.248139 0.154000
v -0.011549 0.248139 0.156000
v -0.011610 0.248103 0.154000
v -0.011610 0.248103 0.156000
v -0.011646 0.248042 0.154000
v -0.011646 0.248042 0.156000
v -0.011658 0.247956 0.154000
v -0.011658 0.247956 0.156000
v -0.011658 0.237468 0.154000
v -0.011658 0.237468 0.156000
v -0.011667 0.237374 0.154000
v -0.011667 0.237374 0.156000
v -0.011692 0.237288 0.154000
v -0.011692 0.237288 0.156000
v -0.011735 0.237208 0.154000
v -0.011735 0.237208 0.156000
v -0.011795 0.237136 0.154000
v -0.011795 0.237136 0.156000
v -0.011867 0.237077 0.154000
v -0.011867 0.237077 0.156000
v -0.011946 0.237034 0.154000
v -0.011946 0.237034 0.156000
v -0.012032 0.237009 0.154000
v -0.012032 0.237009 0.156000
v -0.012126 0.237000 0.154000
v -0.012126 0.237000 0.156000
v -0.015713 0.237000 0.154000
v -0.015713 0.237000 0.156000
v -0.015807 0.237009 0.154000
v -0.015807 0.237009 0.156000
v -0.015894 0.237034 0.154000
v -0.015894 0.237034 0.156000
v -0.015973 0.237077 0.154000
v -0.015973 0.237077 0.156000
v -0.016045 0.237136 0.154000
v -0.016045 0.237136 0.156000
v -0.016104 0.237208 0.154000
v -0.016104 0.237208 0.156000
v -0.016147 0.237288 0.154000
v -0.016147 0.237288 0.156000
v -0.016173 0.237374 0.154000
v -0.016173 0.237374 0.156000
v -0.016181 0.237468 0.154000
v -0.016181 0.237468 0.156000
v -0.016181 0.263865 0.154000
v -0.016181 0.263865 0.156000
v -0.016173 0.263959 0.154000
v -0.016173 0.263959 0.156000
v -0.016147 0.264045 0.154000
v -0.016147 0.264045 0.156000
v -0.016104 0.264124 0.154000
v -0.016104 0.264124 0.156000
v -0.016045 0.264196 0.154000
v -0.016045 0.264196 0.156000
v -0.015973 0.264256 0.154000
v -0.015973 0.264256 0.156000
v -0.015894 0.264298 0.154000
v -0.015894 0.264298 0.156000
v -0.015807 0.264324 0.154000
v -0.015807 0.264324 0.156000
v -0.015713 0.264333 0.154000
v -0.015713 0.264333 0.156000
v -0.005654 0.251817 0.154000
v -0.005654 0.251817 0.156000
v -0.004708 0.251890 0.154000
v -0.004708 0.251890 0.156000
v -0.003860 0.252109 0.154000
v -0.003860 0.252109 0.156000
v -0.003110 0.252474 0.154000
v -0.003110 0.252474 0.156000
v -0.002456 0.252986 0.154000
v -0.002456 0.252986 0.156000
v -0.001928 0.253617 0.154000
v -0.001928 0.253617 0.156000
v -0.001550 0.254341 0.154000
v -0.001550 0.254341 0.156000
v -0.001323 0.255158 0.154000
v -0.001323 0.255158 0.156000
v -0.001248 0.256067 0.154000
v -0.001248 0.256067 0.156000
v -0.001323 0.256995 0.154000
v -0.001323 0.256995 0.156000
v -0.001550 0.257831 0.154000
v -0.001550 0.257831 0.156000
v -0.001928 0.258574 0.154000
v -0.001928 0.258574 0.156000
v -0.002456 0.259225 0.154000
v -0.002456 0.259225 0.156000
v -0.003110 0.259754 0.154000
v -0.003110 0.259754 0.156000
v -0.003860 0.260131 0.154000
v -0.003860 0.260131 0.156000
v -0.004708 0.260358 0.154000
v -0.004708 0.260358 0.156000
v -0.005654 0.260433 0.154000
v -0.005654 0.260433 0.156000
v -0.011463 0.260433 0.154000
v -0.011463 0.260433 0.156000
v -0.011549 0.260421 0.154000
v -0.011549 0.260421 0.156000
v -0.011610 0.260385 0.154000
v -0.011610 0.260385 0.156000
v -0.011646 0.260324 0.154000
v -0.011646 0.260324 0.156000
v -0.011658 0.260239 0.154000
v -0.011658 0.260239 0.156000
v -0.011658 0.252011 0.154000
v -0.011658 0.252011 0.156000
v -0.011646 0.251926 0.154000
v -0.011646 0.251926 0.156000
v -0.011610 0.251865 0.154000
v -0.011610 0.251865 0.156000
v -0.011549 0.251829 0.154000
v -0.011549 0.251829 0.156000
v -0.011463 0.251817 0.154000
v -0.011463 0.251817 0.156000
v 0.007720 0.237000 0.154000
v 0.007720 0.237000 0.156000
v 0.007626 0.237009 0.154000
v 0.007626 0.237009 0.156000
v 0.007540 0.237034 0.154000
v 0.007540 0.237034 0.156000
v 0.007461 0.237077 0.154000
v 0.007461 0.237077 0.156000
v 0.007389 0.237136 0.154000
v 0.007389 0.237136 0.156000
v 0.007329 0.237208 0.154000
v 0.007329 0.237208 0.156000
v 0.007286 0.237288 0.154000
v 0.007286 0.237288 0.156000
v 0.007261 0.237374 0.154000
v 0.007261 0.237374 0.156000
v 0.007252 0.237468 0.154000
v 0.007252 0.237468 0.156000
v 0.007252 0.263826 0.154000
v 0.007252 0.263826 0.156000
v 0.007261 0.263919 0.154000
v 0.007261 0.263919 0.156000
v 0.007286 0.264006 0.154000
v 0.007286 0.264006 0.156000
v 0.007329 0.264085 0.154000
v 0.007329 0.264085 0.156000
v 0.007389 0.264157 0.154000
v 0.007389 0.264157 0.156000
v 0.007461 0.264217 0.154000
v 0.007461 0.264217 0.156000
v 0.007540 0.264259 0.154000
v 0.007540 0.264259 0.156000
v 0.007626 0.264285 0.154000
v 0.007626 0.264285 0.156000
v 0.007720 0.264294 0.154000
v 0.007720 0.264294 0.156000
v 0.011307 0.264294 0.154000
v 0.011307 0.264294 0.156000
v 0.011401 0.264285 0.154000
v 0.011401 0.264285 0.156000
v 0.011488 0.264259 0.154000
v 0.011488 0.264259 0.156000
v 0.011567 0.264217 0.154000
v 0.011567 0.264217 0.156000
v 0.011639 0.264157 0.154000
v 0.011639 0.264157 0.156000
v 0.011698 0.264085 0.154000
v 0.011698 0.264085 0.156000
v 0.011741 0.264006 0.154000
v 0.011741 0.264006 0.156000
v 0.011767 0.263919 0.154000
v 0.011767 0.263919 0.156000
v 0.011775 0.263826 0.154000
v 0.011775 0.263826 0.156000
v 0.011775 0.237468 0.154000
v 0.011775 0.237468 0.156000
v 0.011767 0.237374 0.154000
v 0.011767 0.237374 0.156000
v 0.011741 0.237288 0.154000
v 0.011741 0.237288 0.156000
v 0.011698 0.237208 0.154000
v 0.011698 0.237208 0.156000
v 0.011639 0.237136 0.154000
v 0.011639 0.237136 0.156000
v 0.011567 0.237077 0.154000
v 0.011567 0.237077 0.156000
v 0.011488 0.237034 0.154000
v 0.011488 0.237034 0.156000
v 0.011401 0.237009 0.154000
v 0.011401 0.237009 0.156000
v 0.011307 0.237000 0.154000
v 0.011307 0.237000 0.156000
v 0.026709 0.236610 0.154000
v 0.026709 0.236610 0.156000
v 0.025288 0.236684 0.154000
v 0.025288 0.236684 0.156000
v 0.023950 0.236907 0.154000
v 0.023950 0.236907 0.156000
v 0.022695 0.237279 0.154000
v 0.022695 0.237279 0.156000
v 0.021523 0.237799 0.154000
v 0.021523 0.237799 0.156000
v 0.020457 0.238456 0.154000
v 0.020457 0.238456 0.156000
v 0.019520 0.239237 0.154000
v 0.019520 0.239237 0.156000
v 0.018712 0.240142 0.154000
v 0.018712 0.240142 0.156000
v 0.018033 0.241172 0.154000
v 0.018033 0.241172 0.156000
v 0.017496 0.242305 0.154000
v 0.017496 0.242305 0.156000
v 0.017112 0.243521 0.154000
v 0.017112 0.243521 0.156000
v 0.016882 0.244820 0.154000
v 0.016882 0.244820 0.156000
v 0.016805 0.246202 0.154000
v 0.016805 0.246202 0.156000
v 0.016805 0.255092 0.154000
v 0.016805 0.255092 0.156000
v 0.016883 0.256455 0.154000
v 0.016883 0.256455 0.156000
v 0.017117 0.257738 0.154000
v 0.017117 0.257738 0.156000
v 0.017507 0.258941 0.154000
v 0.017507 0.258941 0.156000
v 0.018053 0.260063 0.154000
v 0.018053 0.260063 0.156000
v 0.018739 0.261084 0.154000
v 0.018739 0.261084 0.156000
v 0.019549 0.261983 0.154000
v 0.019549 0.261983 0.156000
v 0.020484 0.262761 0.154000
v 0.020484 0.262761 0.156000
v 0.021542 0.263416 0.154000
v 0.021542 0.263416 0.156000
v 0.022706 0.263937 0.154000
v 0.022706 0.263937 0.156000
v 0.023955 0.264308 0.154000
v 0.023955 0.264308 0.156000
v 0.025289 0.264531 0.154000
v 0.025289 0.264531 0.156000
v 0.026709 0.264606 0.154000
v 0.026709 0.264606 0.156000
v 0.028145 0.264531 0.154000
v 0.028145 0.264531 0.156000
v 0.029492 0.264308 0.154000
v 0.029492 0.264308 0.156000
v 0.030748 0.263937 0.154000
v 0.030748 0.263937 0.156000
v 0.031914 0.263416 0.154000
v 0.031914 0.263416 0.156000
v 0.032973 0.262761 0.154000
v 0.032973 0.262761 0.156000
v 0.033907 0.261983 0.154000
v 0.033907 0.261983 0.156000
v 0.034718 0.261084 0.154000
v 0.034718 0.261084 0.156000
v 0.035404 0.260063 0.154000
v 0.035404 0.260063 0.156000
v 0.035950 0.258941 0.154000
v 0.035950 0.258941 0.156000
v 0.036339 0.257738 0.154000
v 0.036339 0.257738 0.156000
v 0.036573 0.256455 0.154000
v 0.036573 0.256455 0.156000
v 0.036651 0.255092 0.154000
v 0.036651 0.255092 0.156000
v 0.036651 0.246202 0.154000
v 0.036651 0.246202 0.156000
v 0.036573 0.244820 0.154000
v 0.036573 0.244820 0.156000
v 0.036339 0.243521 0.154000
v 0.036339 0.243521 0.156000
v 0.035950 0.242305 0.154000
v 0.035950 0.242305 0.156000
v 0.035404 0.241172 0.154000
v 0.035404 0.241172 0.156000
v 0.034718 0.240142 0.154000
v 0.034718 0.240142 0.156000
v 0.033907 0.239237 0.154000
v 0.033907 0.239237 0.156000
v 0.032973 0.238456 0.154000
v 0.032973 0.238456 0.156000
v 0.031914 0.237799 0.154000
v 0.031914 0.237799 0.156000
v 0.030748 0.237279 0.154000
v 0.030748 0.237279 0.156000
v 0.029492 0.236907 0.154000
v 0.029492 0.236907 0.156000
v 0.028145 0.236684 0.154000
v 0.028145 0.236684 0.156000
v 0.026709 0.240509 0.154000
v 0.026709 0.240509 0.156000
v 0.027876 0.240604 0.154000
v 0.027876 0.240604 0.156000
v 0.028921 0.240889 0.154000
v 0.028921 0.240889 0.156000
v 0.029845 0.241365 0.154000
v 0.029845 0.241365 0.156000
v 0.030647 0.242030 0.154000
v 0.030647 0.242030 0.156000
v 0.031295 0.242851 0.154000
v 0.031295 0.242851 0.156000
v 0.031758 0.243794 0.154000
v 0.031758 0.243794 0.156000
v 0.032036 0.244859 0.154000
v 0.032036 0.244859 0.156000
v 0.032128 0.246046 0.154000
v 0.032128 0.246046 0.156000
v 0.032128 0.255131 0.154000
v 0.032128 0.255131 0.156000
v 0.032036 0.256335 0.154000
v 0.032036 0.256335 0.156000
v 0.031758 0.257412 0.154000
v 0.031758 0.257412 0.156000
v 0.031295 0.258362 0.154000
v 0.031295 0.258362 0.156000
v 0.030647 0.259186 0.154000
v 0.030647 0.259186 0.156000
v 0.029845 0.259851 0.154000
v 0.029845 0.259851 0.156000
v 0.028921 0.260326 0.154000
v 0.028921 0.260326 0.156000
v 0.027876 0.260611 0.154000
v 0.027876 0.260611 0.156000
v 0.026709 0.260706 0.154000
v 0.026709 0.260706 0.156000
v 0.025558 0.260611 0.154000
v 0.025558 0.260611 0.156000
v 0.024525 0.260326 0.154000
v 0.024525 0.260326 0.156000
v 0.023609 0.259851 0.154000
v 0.023609 0.259851 0.156000
v 0.022810 0.259186 0.154000
v 0.022810 0.259186 0.156000
v 0.022161 0.258362 0.154000
v 0.022161 0.258362 0.156000
v 0.021698 0.257412 0.154000
v 0.021698 0.257412 0.156000
v 0.021421 0.256335 0.154000
v 0.021421 0.256335 0.156000
v 0.021328 0.255131 0.154000
v 0.021328 0.255131 0.156000
v 0.021328 0.246046 0.154000
v 0.021328 0.246046 0.156000
v 0.021421 0.244859 0.154000
v 0.021421 0.244859 0.156000
v 0.021698 0.243794 0.154000
v 0.021698 0.243794 0.156000
v 0.022161 0.242851 0.154000
v 0.022161 0.242851 0.156000
v 0.022810 0.242030 0.154000
v 0.022810 0.242030 0.156000
v 0.023609 0.241365 0.154000
v 0.023609 0.241365 0.156000
v 0.024525 0.240889 0.154000
v 0.024525 0.240889 0.156000
v 0.025558 0.240604 0.154000
v 0.025558 0.240604 0.156000
v 0.057550 0.263826 0.154000
v 0.057550 0.263826 0.156000
v 0.057559 0.263919 0.154000
v 0.057559 0.263919 0.156000
v 0.057585 0.264006 0.154000
v 0.057585 0.264006 0.156000
v 0.057627 0.264085 0.154000
v 0.057627 0.264085 0.156000
v 0.057687 0.264157 0.154000
v 0.057687 0.264157 0.156000
v 0.057759 0.264217 0.154000
v 0.057759 0.264217 0.156000
v 0.057838 0.264259 0.154000
v 0.057838 0.264259 0.156000
v 0.057925 0.264285 0.154000
v 0.057925 0.264285 0.156000
v 0.058018 0.264294 0.154000
v 0.058018 0.264294 0.156000
v 0.061606 0.264294 0.154000
v 0.061606 0.264294 0.156000
v 0.061699 0.264285 0.154000
v 0.061699 0.264285 0.156000
v 0.061786 0.264259 0.154000
v 0.061786 0.264259 0.156000
v 0.061865 0.264217 0.154000
v 0.061865 0.264217 0.156000
v 0.061937 0.264157 0.154000
v 0.061937 0.264157 0.156000
v 0.061997 0.264085 0.154000
v 0.061997 0.264085 0.156000
v 0.062039 0.264006 0.154000
v 0.062039 0.264006 0.156000
v 0.062065 0.263919 0.154000
v 0.062065 0.263919 0.156000
v 0.062073 0.263826 0.154000
v 0.062073 0.263826 0.156000
v 0.062073 0.237468 0.154000
v 0.062073 0.237468 0.156000
v 0.062065 0.237374 0.154000
v 0.062065 0.237374 0.156000
v 0.062039 0.237288 0.154000
v 0.062039 0.237288 0.156000
v 0.061997 0.237208 0.154000
v 0.061997 0.237208 0.156000
v 0.061937 0.237136 0.154000
v 0.061937 0.237136 0.156000
v 0.061865 0.237077 0.154000
v 0.061865 0.237077 0.156000
v 0.061786 0.237034 0.154000
v 0.061786 0.237034 0.156000
v 0.061699 0.237009 0.154000
v 0.061699 0.237009 0.156000
v 0.061606 0.237000 0.154000
v 0.061606 0.237000 0.156000
v 0.058135 0.237000 0.154000
v 0.058135 0.237000 0.156000
v 0.057955 0.237019 0.154000
v 0.057955 0.237019 0.156000
v 0.057804 0.237078 0.154000
v 0.057804 0.237078 0.156000
v 0.057682 0.237175 0.154000
v 0.057682 0.237175 0.156000
v 0.057589 0.237312 0.154000
v 0.057589 0.237312 0.156000
v 0.046360 0.255716 0.154000
v 0.046360 0.255716 0.156000
v 0.046321 0.255766 0.154000
v 0.046321 0.255766 0.156000
v 0.046282 0.255798 0.154000
v 0.046282 0.255798 0.156000
v 0.046243 0.255814 0.154000
v 0.046243 0.255814 0.156000
v 0.046204 0.255813 0.154000
v 0.046204 0.255813 0.156000
v 0.046170 0.255795 0.154000
v 0.046170 0.255795 0.156000
v 0.046146 0.255759 0.154000
v 0.046146 0.255759 0.156000
v 0.046131 0.255707 0.154000
v 0.046131 0.255707 0.156000
v 0.046126 0.255638 0.154000
v 0.046126 0.255638 0.156000
v 0.046204 0.237468 0.154000
v 0.046204 0.237468 0.156000
v 0.046196 0.237374 0.154000
v 0.046196 0.237374 0.156000
v 0.046170 0.237288 0.154000
v 0.046170 0.237288 0.156000
v 0.046127 0.237208 0.154000
v 0.046127 0.237208 0.156000
v 0.046068 0.237136 0.154000
v 0.046068 0.237136 0.156000
v 0.045996 0.237077 0.154000
v 0.045996 0.237077 0.156000
v 0.045917 0.237034 0.154000
v 0.045917 0.237034 0.156000
v 0.045830 0.237009 0.154000
v 0.045830 0.237009 0.156000
v 0.045736 0.237000 0.154000
v 0.045736 0.237000 0.156000
v 0.042149 0.237000 0.154000
v 0.042149 0.237000 0.156000
v 0.042055 0.237009 0.154000
v 0.042055 0.237009 0.156000
v 0.041969 0.237034 0.154000
v 0.041969 0.237034 0.156000
v 0.041890 0.237077 0.154000
v 0.041890 0.237077 0.156000
v 0.041818 0.237136 0.154000
v 0.041818 0.237136 0.156000
v 0.041758 0.237208 0.154000
v 0.041758 0.237208 0.156000
v 0.041715 0.237288 0.154000
v 0.041715 0.237288 0.156000
v 0.041690 0.237374 0.154000
v 0.041690 0.237374 0.156000
v 0.041681 0.237468 0.154000
v 0.041681 0.237468 0.156000
v 0.041681 0.263826 0.154000
v 0.041681 0.263826 0.156000
v 0.041690 0.263919 0.154000
v 0.041690 0.263919 0.156000
v 0.041715 0.264006 0.154000
v 0.041715 0.264006 0.156000
v 0.041758 0.264085 0.154000
v 0.041758 0.264085 0.156000
v 0.041818 0.264157 0.154000
v 0.041818 0.264157 0.156000
v 0.041890 0.264217 0.154000
v 0.041890 0.264217 0.156000
v 0.041969 0.264259 0.154000
v 0.041969 0.264259 0.156000
v 0.042055 0.264285 0.154000
v 0.042055 0.264285 0.156000
v 0.042149 0.264294 0.154000
v 0.042149 0.264294 0.156000
v 0.045619 0.264294 0.154000
v 0.045619 0.264294 0.156000
v 0.045800 0.264274 0.154000
v 0.045800 0.264274 0.156000
v 0.045951 0.264216 0.154000
v 0.045951 0.264216 0.156000
v 0.046073 0.264118 0.154000
v 0.046073 0.264118 0.156000
v 0.046165 0.263982 0.154000
v 0.046165 0.263982 0.156000
v 0.057356 0.245578 0.154000
v 0.057356 0.245578 0.156000
v 0.057394 0.245528 0.154000
v 0.057394 0.245528 0.156000
v 0.057433 0.245495 0.154000
v 0.057433 0.245495 0.156000
v 0.057472 0.245479 0.154000
v 0.057472 0.245479 0.156000
v 0.057511 0.245480 0.154000
v 0.057511 0.245480 0.156000
v 0.057546 0.245499 0.154000
v 0.057546 0.245499 0.156000
v 0.057570 0.245534 0.154000
v 0.057570 0.245534 0.156000
v 0.057585 0.245587 0.154000
v 0.057585 0.245587 0.156000
v 0.057589 0.245656 0.154000
v 0.057589 0.245656 0.156000
v -0.090000 0.570000 0.151000
v 0.065000 0.570000 0.151000
v 0.085000 0.520000 0.151000
v 0.130000 0.495000 0.151000
v 0.085000 0.475000 0.151000
v 0.065000 0.405000 0.151000
v 0.025000 0.390000 0.151000
v 0.025000 0.355000 0.151000
v 0.150000 0.310000 0.151000
v -0.160000 0.310000 0.151000
v -0.095000 0.380000 0.151000
v -0.100000 0.480000 0.151000
v -0.090000 0.570000 0.145000
v 0.065000 0.570000 0.145000
v 0.085000 0.520000 0.145000
v 0.130000 0.495000 0.145000
v 0.085000 0.475000 0.145000
v 0.065000 0.405000 0.145000
v 0.025000 0.390000 0.145000
v 0.025000 0.355000 0.145000
v 0.150000 0.310000 0.145000
v -0.160000 0.310000 0.145000
v -0.095000 0.380000 0.145000
v -0.100000 0.480000 0.145000
v -0.180000 0.560000 0.151000
v -0.110000 0.595000 0.151000
v -0.090000 0.680000 0.151000
v 0.065000 0.660000 0.151000
v 0.095000 0.590000 0.151000
v 0.180000 0.555000 0.151000
v -0.180000 0.560000 0.145000
v -0.110000 0.595000 0.145000
v -0.090000 0.680000 0.145000
v 0.065000 0.660000 0.145000
v 0.095000 0.590000 0.145000
v 0.180000 0.555000 0.145000
v -0.090000 0.482500 0.151000
v 0.090000 0.482500 0.151000
v 0.090000 0.517500 0.151000
v -0.090000 0.517500 0.151000
v -0.090000 0.482500 0.145000
v 0.090000 0.482500 0.145000
v 0.090000 0.517500 0.145000
v -0.090000 0.517500 0.145000
v -0.122198 0.337308 0.151000
v 0.017802 0.297308 0.151000
v 0.022198 0.312692 0.151000
v -0.117802 0.352692 0.151000
v -0.122198 0.337308 0.145000
v 0.017802 0.297308 0.145000
v 0.022198 0.312692 0.145000
v -0.117802 0.352692 0.145000
vn 0.000000 -0.000000 1.000000
vn 0.000000 -0.000000 1.000000
vn 0.000000 -0.000000 1.000000
vn 0.000000 -0.000000 1.000000
vn 0.000000 -0.000000 1.000000
vn 0.000000 -0.000000 1.000000
vn 0.000000 -0.000000 1.000000
vn 0.000000 -0.000000 1.000000
vn 0.000000 -0.000000 1.000000
vn 0.000000 -0.000000 1.000000
vn 0.000000 -0.000000 1.000000
vn 0.000000 -0.000000 1.000000
vn 0.000000 -0.000000 1.000000
vn 0.000000 -0.000000 1.000000
vn 0.000000 -0.000000 1.000000
vn 0.000000 -0.000000 1.000000
vn 0.000000 -0.000000 1.000000
vn 0.000000 -0.000000 1.000000
vn 0.000000 -0.000000 1.000000
vn 0.000000 -0.000000 1.000000
vn 0.000000 -0.000000 1.000000
vn 0.000000 -0.000000 1.000000
vn 0.000000 -0.000000 1.000000
vn 0.000000 -0.000000 1.000000
vn 0.000000 -0.000000 1.000000
vn 0.000000 -0.000000 1.000000
vn 0.000000 -0.000000 1.000000
vn 0.000000 -0.000000 1.000000
vn 0.000000 -0.000000 1.000000
vn 0.000000 -0.000000 1.000000
vn 0.000000 -0.000000 1.000000
vn 0.000000 -0.000000 1.000000
vn 0.000000 -0.000000 1.000000
vn 0.000000 -0.000000 1.000000
vn 0.000000 -0.000000 1.000000
vn 0.000000 -0.000000 1.000000
vn 0.000000 -0.000000 1.000000
vn 0.000000 -0.000000 1.000000
vn 0.000000 -0.000000 1.000000
vn 0.000000 -0.000000 1.000000
vn 0.000000 -0.000000 1.000000
vn 0.000000 -0.000000 1.000000
vn 0.000000 -0.000000 1.000000
vn 0.000000 -0.000000 1.000000
vn 0.000000 -0.000000 1.000000
vn 0.000000 -0.000000 1.000000
vn 0.000000 -0.000000 1.000000
vn 0.000000 -0.000000 1.000000
vn 0.000000 -0.000000 1.000000
vn 0.000000 -0.000000 1.000000
vn 0.000000 -0.000000 1.000000
vn 0.000000 -0.000000 1.000000
vn 0.000000 -0.000000 1.000000
vn 0.000000 -0.000000 1.000000
vn 0.000000 -0.000000 1.000000
vn 0.000000 -0.000000 1.000000
vn 0.000000 -0.000000 1.000000
vn 0.000000 0.000000 -1.000000
vn 0.000000 0.000000 -1.000000
vn 0.000000 0.000000 -1.000000
vn 0.000000 0.000000 -1.000000
vn 0.000000 0.000000 -1.000000
vn 0.000000 0.000000 -1.000000
vn 0.000000 0.000000 -1.000000
vn 0.000000 0.000000 -1.000000
vn 0.000000 0.000000 -1.000000
vn 0.000000 0.000000 -1.000000
vn 0.000000 0.000000 -1.000000
vn 0.000000 0.000000 -1.000000
vn 0.000000 0.000000 -1.000000
vn 0.000000 0.000000 -1.000000
vn 0.000000 0.000000 -1.000000
vn 0.000000 0.000000 -1.000000
vn 0.000000 0.000000 -1.000000
vn 0.000000 0.000000 -1.000000
vn 0.000000 0.000000 -1.000000
vn 0.000000 0.000000 -1.000000
vn 0.000000 0.000000 -1.000000
vn 0.000000 0.000000 -1.000000
vn 0.000000 0.000000 -1.000000
vn 0.000000 0.000000 -1.000000
vn 0.000000 0.000000 -1.000000
vn 0.000000 0.000000 -1.000000
vn 0.000000 0.000000 -1.000000
vn 0.000000 0.000000 -1.000000
vn 0.000000 0.000000 -1.000000
vn 0.000000 0.000000 -1.000000
vn 0.000000 0.000000 -1.000000
vn 0.000000 0.000000 -1.000000
vn 0.000000 0.000000 -1.000000
vn 0.000000 0.000000 -1.000000
vn 0.000000 0.000000 -1.000000
vn 0.000000 0.000000 -1.000000
vn 0.000000 0.000000 -1.000000
vn 0.000000 0.000000 -1.000000
vn 0.000000 0.000000 -1.000000
vn 0.000000 0.000000 -1.000000
vn 0.000000 0.000000 -1.000000
vn 0.000000 0.000000 -1.000000
vn 0.000000 0.000000 -1.000000
vn 0.000000 0.000000 -1.000000
vn 0.000000 0.000000 -1.000000
vn 0.000000 0.000000 -1.000000
vn 0.000000 0.000000 -1.000000
vn 0.000000 0.000000 -1.000000
vn 0.000000 0.000000 -1.000000
vn 0.000000 0.000000 -1.000000
vn 0.000000 0.000000 -1.000000
vn 0.000000 0.000000 -1.000000
vn 0.000000 0.000000 -1.000000
vn 0.000000 0.000000 -1.000000
vn 0.000000 0.000000 -1.000000
vn 0.000000 0.000000 -1.000000
vn 0.000000 0.000000 -1.000000
vn -0.316225 0.948684 0.000000
vn -0.238789 0.971072 0.000000
vn -0.150803 0.988564 0.000000
vn -0.052557 0.998618 0.000000
vn 0.000000 1.000000 0.000000
vn 0.090540 0.995893 0.000000
vn 0.283626 0.958935 0.000000
vn 0.474092 0.880476 0.000000
vn 0.638904 0.769287 0.000000
vn 0.769285 0.638906 0.000000
vn 0.880472 0.474098 0.000000
vn 0.958934 0.283629 0.000000
vn 0.995894 0.090530 0.000000
vn 1.000000 0.000000 -0.000000
vn 0.995893 -0.090536 -0.000000
vn 0.958934 -0.283630 -0.000000
vn 0.880470 -0.474102 -0.000000
vn 0.769289 -0.638901 -0.000000
vn 0.638901 -0.769289 -0.000000
vn 0.474100 -0.880471 -0.000000
vn 0.283628 -0.958934 -0.000000
vn 0.090536 -0.995893 -0.000000
vn 0.000000 -1.000000 -0.000000
vn -0.090536 -0.995893 -0.000000
vn -0.283628 -0.958934 -0.000000
vn -0.474100 -0.880471 -0.000000
vn -0.638902 -0.769289 -0.000000
vn -0.769289 -0.638901 -0.000000
vn -0.880471 -0.474101 -0.000000
vn -0.958934 -0.283629 -0.000000
vn -0.995893 -0.090536 -0.000000
vn -1.000000 0.000000 -0.000000
vn -0.991778 -0.127968 -0.000000
vn -0.924015 -0.382356 -0.000000
vn -0.803553 -0.595234 -0.000000
vn -0.666009 -0.745943 -0.000000
vn -0.510535 -0.859857 -0.000000
vn -0.270754 -0.962649 -0.000000
vn 0.031212 -0.999513 -0.000000
vn 0.325086 -0.945684 -0.000000
vn 0.296099 -0.955157 -0.000000
vn 0.380768 -0.924670 -0.000000
vn 0.254483 -0.967077 -0.000000
vn 0.141416 -0.989950 -0.000000
vn 0.043465 -0.999055 -0.000000
vn -0.097906 -0.995196 -0.000000
vn -0.311048 -0.950394 -0.000000
vn -0.522155 -0.852850 -0.000000
vn -0.698737 -0.715379 -0.000000
vn -0.829584 -0.558381 -0.000000
vn -0.923078 -0.384614 -0.000000
vn -0.976524 -0.215411 -0.000000
vn -0.997843 -0.065650 -0.000000
vn -0.998969 -0.045408 -0.000000
vn -0.994207 0.107481 0.000000
vn -0.932568 0.360994 0.000000
vn -0.780868 0.624696 0.000000
vn -0.561500 0.827477 0.000000
vn -0.447214 0.894427 0.000000
vn 0.000000 -0.000000 1.000000
vn 0.000000 -0.000000 1.000000
vn 0.000000 -0.000000 1.000000
vn 0.000000 -0.000000 1.000000
vn 0.000000 -0.000000 1.000000
vn 0.000000 -0.000000 1.000000
vn 0.000000 -0.000000 1.000000
vn 0.000000 -0.000000 1.000000
vn 0.000000 -0.000000 1.000000
vn 0.000000 -0.000000 1.000000
vn 0.000000 -0.000000 1.000000
vn 0.000000 -0.000000 1.000000
vn 0.000000 -0.000000 1.000000
vn 0.000000 -0.000000 1.000000
vn 0.000000 -0.000000 1.000000
vn 0.000000 -0.000000 1.000000
vn 0.000000 -0.000000 1.000000
vn 0.000000 -0.000000 1.000000
vn 0.000000 -0.000000 1.000000
vn 0.000000 -0.000000 1.000000
vn 0.000000 -0.000000 1.000000
vn 0.000000 -0.000000 1.000000
vn 0.000000 -0.000000 1.000000
vn 0.000000 -0.000000 1.000000
vn 0.000000 -0.000000 1.000000
vn 0.000000 -0.000000 1.000000
vn 0.000000 -0.000000 1.000000
vn 0.000000 -0.000000 1.000000
vn 0.000000 -0.000000 1.000000
vn 0.000000 -0.000000 1.000000
vn 0.000000 -0.000000 1.000000
vn 0.000000 -0.000000 1.000000
vn 0.000000 -0.000000 1.000000
vn 0.000000 -0.000000 1.000000
vn 0.000000 -0.000000 1.000000
vn 0.000000 -0.000000 1.000000
vn 0.000000 -0.000000 1.000000
vn 0.000000 -0.000000 1.000000
vn 0.000000 -0.000000 1.000000
vn 0.000000 -0.000000 1.000000
vn 0.000000 -0.000000 1.000000
vn 0.000000 -0.000000 1.000000
vn 0.000000 -0.000000 1.000000
vn 0.000000 -0.000000 1.000000
vn 0.000000 -0.000000 1.000000
vn 0.000000 -0.000000 1.000000
vn 0.000000 -0.000000 1.000000
vn 0.000000 -0.000000 1.000000
vn 0.000000 -0.000000 1.000000
vn 0.000000 -0.000000 1.000000
vn 0.000000 -0.000000 1.000000
vn 0.000000 -0.000000 1.000000
vn 0.000000 -0.000000 1.000000
vn 0.000000 -0.000000 1.000000
vn 0.000000 -0.000000 1.000000
vn 0.000000 -0.000000 1.000000
vn 0.000000 -0.000000 1.000000
vn 0.000000 -0.000000 1.000000
vn 0.000000 -0.000000 1.000000
vn 0.000000 -0.000000 1.000000
vn 0.000000 -0.000000 1.000000
vn 0.000000 -0.000000 1.000000
vn 0.000000 -0.000000 1.000000
vn 0.000000 -0.000000 1.000000
vn 0.000000 -0.000000 1.000000
vn 0.000000 -0.000000 1.000000
vn 0.000000 -0.000000 1.000000
vn 0.000000 -0.000000 1.000000
vn 0.000000 -0.000000 1.000000
vn 0.000000 -0.000000 1.000000
vn 0.000000 -0.000000 1.000000
vn 0.000000 -0.000000 1.000000
vn 0.000000 -0.000000 1.000000
vn 0.000000 -0.000000 1.000000
vn 0.000000 -0.000000 1.000000
vn 0.000000 -0.000000 1.000000
vn 0.000000 -0.000000 1.000000
vn 0.000000 -0.000000 1.000000
vn 0.000000 -0.000000 1.000000
vn 0.000000 -0.000000 1.000000
vn 0.000000 -0.000000 1.000000
vn 0.000000 -0.000000 1.000000
vn 0.000000 -0.000000 1.000000
vn 0.000000 -0.000000 1.000000
vn 0.000000 -0.000000 1.000000
vn 0.000000 -0.000000 1.000000
vn 0.000000 -0.000000 1.000000
vn 0.000000 -0.000000 1.000000
vn 0.000000 -0.000000 1.000000
vn 0.000000 -0.000000 1.000000
vn 0.000000 -0.000000 1.000000
vn 0.000000 -0.000000 1.000000
vn 0.000000 -0.000000 1.000000
vn 0.000000 -0.000000 1.000000
vn 0.000000 -0.000000 1.000000
vn 0.000000 -0.000000 1.000000
vn 0.000000 -0.000000 1.000000
vn 0.000000 -0.000000 1.000000
vn 0.000000 -0.000000 1.000000
vn 0.000000 -0.000000 1.000000
vn 0.000000 -0.000000 1.000000
vn 0.000000 -0.000000 1.000000
vn 0.000000 -0.000000 1.000000
vn 0.000000 -0.000000 1.000000
vn 0.000000 -0.000000 1.000000
vn 0.000000 -0.000000 1.000000
vn 0.000000 -0.000000 1.000000
vn 0.000000 -0.000000 1.000000
vn 0.000000 -0.000000 1.000000
vn 0.000000 -0.000000 1.000000
vn 0.000000 -0.000000 1.000000
vn 0.000000 -0.000000 1.000000
vn 0.000000 -0.000000 1.000000
vn 0.000000 -0.000000 1.000000
vn 0.000000 -0.000000 1.000000
vn 0.000000 -0.000000 1.000000
vn 0.000000 -0.000000 1.000000
vn 0.000000 -0.000000 1.000000
vn 0.000000 -0.000000 1.000000
vn 0.000000 -0.000000 1.000000
vn 0.000000 -0.000000 1.000000
vn 0.000000 -0.000000 1.000000
vn 0.000000 -0.000000 1.000000
vn 0.000000 -0.000000 1.000000
vn 0.000000 -0.000000 1.000000
vn 0.000000 -0.000000 1.000000
vn 0.000000 -0.000000 1.000000
vn 0.000000 -0.000000 1.000000
vn 0.000000 -0.000000 1.000000
vn 0.000000 -0.000000 1.000000
vn 0.000000 -0.000000 1.000000
vn 0.000000 -0.000000 1.000000
vn 0.000000 -0.000000 1.000000
vn 0.000000 -0.000000 1.000000
vn 0.000000 -0.000000 1.000000
vn 0.000000 -0.000000 1.000000
vn 0.000000 -0.000000 1.000000
vn 0.000000 -0.000000 1.000000
vn 0.000000 -0.000000 1.000000
vn 0.000000 -0.000000 1.000000
vn 0.000000 -0.000000 1.000000
vn 0.000000 -0.000000 1.000000
vn 0.000000 -0.000000 1.000000
vn 0.000000 -0.000000 1.000000
vn 0.000000 -0.000000 1.000000
vn 0.000000 -0.000000 1.000000
vn 0.000000 -0.000000 1.000000
vn 0.000000 -0.000000 1.000000
vn 0.000000 -0.000000 1.000000
vn 0.000000 -0.000000 1.000000
vn 0.000000 -0.000000 1.000000
vn 0.000000 -0.000000 1.000000
vn 0.000000 -0.000000 1.000000
vn 0.000000 -0.000000 1.000000
vn 0.000000 -0.000000 1.000000
vn 0.000000 -0.000000 1.000000
vn 0.000000 -0.000000 1.000000
vn 0.000000 -0.000000 1.000000
vn 0.000000 -0.000000 1.000000
vn 0.000000 -0.000000 1.000000
vn 0.000000 -0.000000 1.000000
vn 0.000000 -0.000000 1.000000
vn 0.000000 -0.000000 1.000000
vn 0.000000 -0.000000 1.000000
vn 0.000000 -0.000000 1.000000
vn 0.000000 -0.000000 1.000000
vn 0.000000 -0.000000 1.000000
vn 0.000000 -0.000000 1.000000
vn 0.000000 -0.000000 1.000000
vn 0.000000 -0.000000 1.000000
vn 0.000000 -0.000000 1.000000
vn 0.000000 -0.000000 1.000000
vn 0.000000 -0.000000 1.000000
vn 0.000000 -0.000000 1.000000
vn 0.000000 -0.000000 1.000000
vn 0.000000 -0.000000 1.000000
vn 0.000000 -0.000000 1.000000
vn 0.000000 -0.000000 1.000000
vn 0.000000 -0.000000 1.000000
vn 0.000000 -0.000000 1.000000
vn 0.000000 -0.000000 1.000000
vn 0.000000 -0.000000 1.000000
vn 0.000000 -0.000000 1.000000
vn 0.000000 -0.000000 1.000000
vn 0.000000 -0.000000 1.000000
vn 0.000000 -0.000000 1.000000
vn 0.000000 -0.000000 1.000000
vn 0.000000 -0.000000 1.000000
vn 0.000000 -0.000000 1.000000
vn 0.000000 -0.000000 1.000000
vn 0.000000 -0.000000 1.000000
vn 0.000000 -0.000000 1.000000
vn 0.000000 -0.000000 1.000000
vn 0.000000 -0.000000 1.000000
vn 0.000000 -0.000000 1.000000
vn 0.000000 -0.000000 1.000000
vn 0.000000 -0.000000 1.000000
vn 0.000000 -0.000000 1.000000
vn 0.000000 -0.000000 1.000000
vn 0.000000 -0.000000 1.000000
vn 0.000000 -0.000000 1.000000
vn 0.000000 -0.000000 1.000000
vn 0.000000 -0.000000 1.000000
vn 0.000000 -0.000000 1.000000
vn 0.000000 -0.000000 1.000000
vn 0.000000 -0.000000 1.000000
vn 0.000000 -0.000000 1.000000
vn 0.000000 -0.000000 1.000000
vn 0.000000 -0.000000 1.000000
vn 0.000000 -0.000000 1.000000
vn 0.000000 -0.000000 1.000000
vn 0.000000 -0.000000 1.000000
vn 0.000000 -0.000000 1.000000
vn 0.000000 -0.000000 1.000000
vn 0.000000 -0.000000 1.000000
vn 0.000000 -0.000000 1.000000
vn 0.000000 -0.000000 1.000000
vn 0.000000 -0.000000 1.000000
vn 0.000000 -0.000000 1.000000
vn 0.000000 -0.000000 1.000000
vn 0.000000 -0.000000 1.000000
vn 0.000000 -0.000000 1.000000
vn 0.000000 -0.000000 1.000000
vn 0.000000 -0.000000 1.000000
vn 0.000000 -0.000000 1.000000
vn 0.000000 -0.000000 1.000000
vn 0.000000 -0.000000 1.000000
vn 0.000000 -0.000000 1.000000
vn 0.000000 -0.000000 1.000000
vn 0.000000 -0.000000 1.000000
vn 0.000000 -0.000000 1.000000
vn 0.000000 -0.000000 1.000000
vn 0.000000 -0.000000 1.000000
vn 0.000000 -0.000000 1.000000
vn 0.000000 -0.000000 1.000000
vn 0.000000 -0.000000 1.000000
vn 0.000000 -0.000000 1.000000
vn 0.000000 -0.000000 1.000000
vn 0.000000 -0.000000 1.000000
vn 0.000000 -0.000000 1.000000
vn 0.000000 -0.000000 1.000000
vn 0.000000 -0.000000 1.000000
vn 0.000000 -0.000000 1.000000
vn 0.000000 -0.000000 1.000000
vn 0.000000 -0.000000 1.000000
vn 0.000000 -0.000000 1.000000
vn 0.000000 -0.000000 1.000000
vn 0.000000 -0.000000 1.000000
vn 0.000000 -0.000000 1.000000
vn 0.000000 -0.000000 1.000000
vn 0.000000 -0.000000 1.000000
vn 0.000000 -0.000000 1.000000
vn 0.000000 -0.000000 1.000000
vn 0.000000 -0.000000 1.000000
vn 0.000000 -0.000000 1.000000
vn 0.000000 -0.000000 1.000000
vn 0.000000 -0.000000 1.000000
vn 0.000000 -0.000000 1.000000
vn 0.000000 -0.000000 1.000000
vn 0.000000 -0.000000 1.000000
vn 0.000000 -0.000000 1.000000
vn 0.000000 -0.000000 1.000000
vn 0.000000 -0.000000 1.000000
vn 0.000000 -0.000000 1.000000
vn 0.000000 -0.000000 1.000000
vn 0.000000 -0.000000 1.000000
vn 0.000000 -0.000000 1.000000
vn 0.000000 -0.000000 1.000000
vn 0.000000 -0.000000 1.000000
vn 0.000000 -0.000000 1.000000
vn 0.000000 -0.000000 1.000000
vn 0.000000 -0.000000 1.000000
vn 0.000000 -0.000000 1.000000
vn 0.000000 -0.000000 1.000000
vn 0.000000 -0.000000 1.000000
vn 0.000000 -0.000000 1.000000
vn 0.000000 -0.000000 1.000000
vn 0.000000 -0.000000 1.000000
vn 0.000000 -0.000000 1.000000
vn 0.000000 -0.000000 1.000000
vn 0.000000 -0.000000 1.000000
vn 0.000000 -0.000000 1.000000
vn 0.000000 -0.000000 1.000000
vn 0.000000 -0.000000 1.000000
vn 0.000000 -0.000000 1.000000
vn 0.000000 -0.000000 1.000000
vn 0.000000 -0.000000 1.000000
vn 0.000000 -0.000000 1.000000
vn 0.000000 -0.000000 1.000000
vn 0.000000 -0.000000 1.000000
vn 0.000000 -0.000000 1.000000
vn 0.000000 -0.000000 1.000000
vn 0.000000 -0.000000 1.000000
vn 0.000000 -0.000000 1.000000
vn 0.000000 -0.000000 1.000000
vn 0.000000 -0.000000 1.000000
vn 0.000000 -0.000000 1.000000
vn 0.000000 -0.000000 1.000000
vn 0.000000 -0.000000 1.000000
vn 0.000000 -0.000000 1.000000
vn 0.000000 -0.000000 1.000000
vn 0.000000 -0.000000 1.000000
vn 0.000000 -0.000000 1.000000
vn 0.000000 -0.000000 1.000000
vn 0.000000 -0.000000 1.000000
vn 0.000000 -0.000000 1.000000
vn 0.000000 -0.000000 1.000000
vn 0.000000 -0.000000 1.000000
vn 0.000000 -0.000000 1.000000
vn 0.000000 -0.000000 1.000000
vn 0.000000 -0.000000 1.000000
vn 0.000000 -0.000000 1.000000
vn 0.000000 -0.000000 1.000000
vn 0.000000 -0.000000 1.000000
vn 0.000000 -0.000000 1.000000
vn 0.000000 -0.000000 1.000000
vn 0.000000 -0.000000 1.000000
vn 0.000000 -0.000000 1.000000
vn 0.000000 -0.000000 1.000000
vn 0.000000 -0.000000 1.000000
vn 0.000000 -0.000000 1.000000
vn 0.000000 -0.000000 1.000000
vn 0.000000 -0.000000 1.000000
vn 0.000000 -0.000000 1.000000
vn 0.000000 -0.000000 1.000000
vn 0.000000 -0.000000 1.000000
vn 0.000000 -0.000000 1.000000
vn 0.000000 -0.000000 1.000000
vn 0.000000 -0.000000 1.000000
vn 0.000000 -0.000000 1.000000
vn 0.000000 -0.000000 1.000000
vn 0.000000 -0.000000 1.000000
vn 0.000000 -0.000000 1.000000
vn 0.000000 -0.000000 1.000000
vn 0.000000 -0.000000 1.000000
vn 0.000000 -0.000000 1.000000
vn 0.000000 -0.000000 1.000000
vn 0.000000 -0.000000 1.000000
vn 0.000000 -0.000000 1.000000
vn 0.000000 -0.000000 1.000000
vn 0.000000 -0.000000 1.000000
vn 0.000000 -0.000000 1.000000
vn 0.000000 -0.000000 1.000000
vn 0.000000 -0.000000 1.000000
vn 0.000000 -0.000000 1.000000
vn 0.000000 -0.000000 1.000000
vn 0.000000 -0.000000 1.000000
vn 0.000000 -0.000000 1.000000
vn 0.000000 -0.000000 1.000000
vn 0.000000 -0.000000 1.000000
vn 0.000000 -0.000000 1.000000
vn 0.000000 -0.000000 1.000000
vn 0.000000 -0.000000 1.000000
vn 0.000000 -0.000000 1.000000
vn 0.000000 -0.000000 1.000000
vn 0.000000 -0.000000 1.000000
vn 0.000000 -0.000000 1.000000
vn 0.000000 -0.000000 1.000000
vn 0.000000 -0.000000 1.000000
vn 0.000000 -0.000000 1.000000
vn 0.000000 -0.000000 1.000000
vn 0.000000 -0.000000 1.000000
vn 0.000000 -0.000000 1.000000
vn 0.000000 -0.000000 1.000000
vn 0.000000 -0.000000 1.000000
vn 0.000000 -0.000000 1.000000
vn 0.000000 -0.000000 1.000000
vn 0.000000 -0.000000 1.000000
vn 0.000000 -0.000000 1.000000
vn 0.000000 -0.000000 1.000000
vn 0.000000 -0.000000 1.000000
vn 0.000000 -0.000000 1.000000
vn 0.000000 -0.000000 1.000000
vn 0.000000 -0.000000 1.000000
vn 0.000000 -0.000000 1.000000
vn 0.000000 -0.000000 1.000000
vn 0.000000 -0.000000 1.000000
vn 0.000000 -0.000000 1.000000
vn 0.000000 -0.000000 1.000000
vn 0.000000 -0.000000 1.000000
vn 0.000000 -0.000000 1.000000
vn 0.000000 -0.000000 1.000000
vn 0.000000 -0.000000 1.000000
vn 0.000000 -0.000000 1.000000
vn 0.000000 -0.000000 1.000000
vn 0.000000 -0.000000 1.000000
vn 0.000000 -0.000000 1.000000
vn 0.000000 -0.000000 1.000000
vn 0.000000 -0.000000 1.000000
vn 0.000000 -0.000000 1.000000
vn 0.000000 -0.000000 1.000000
vn 0.000000 -0.000000 1.000000
vn 0.000000 -0.000000 1.000000
vn 0.000000 -0.000000 1.000000
vn 0.000000 -0.000000 1.000000
vn 0.000000 -0.000000 1.000000
vn 0.000000 -0.000000 1.000000
vn 0.000000 -0.000000 1.000000
vn 0.000000 -0.000000 1.000000
vn 0.000000 -0.000000 1.000000
vn 0.000000 -0.000000 1.000000
vn 0.000000 -0.000000 1.000000
vn 0.000000 -0.000000 1.000000
vn 0.000000 -0.000000 1.000000
vn 0.000000 -0.000000 1.000000
vn 0.000000 -0.000000 1.000000
vn 0.000000 -0.000000 1.000000
vn 0.000000 -0.000000 1.000000
vn 0.000000 -0.000000 1.000000
vn 0.000000 -0.000000 1.000000
vn 0.000000 -0.000000 1.000000
vn 0.000000 -0.000000 1.000000
vn 0.000000 -0.000000 1.000000
vn 0.000000 -0.000000 1.000000
vn 0.000000 -0.000000 1.000000
vn 0.000000 -0.000000 1.000000
vn 0.000000 -0.000000 1.000000
vn 0.000000 -0.000000 1.000000
vn 0.000000 -0.000000 1.000000
vn 0.000000 -0.000000 1.000000
vn 0.000000 -0.000000 1.000000
vn 0.000000 -0.000000 1.000000
vn 0.000000 -0.000000 1.000000
vn 0.000000 -0.000000 1.000000
vn 0.000000 -0.000000 1.000000
vn 0.000000 -0.000000 1.000000
vn 0.000000 -0.000000 1.000000
vn 0.000000 -0.000000 1.000000
vn 0.000000 -0.000000 1.000000
vn 0.000000 -0.000000 1.000000
vn 0.000000 -0.000000 1.000000
vn 0.000000 -0.000000 1.000000
vn 0.000000 -0.000000 1.000000
vn 0.000000 -0.000000 1.000000
vn 0.000000 -0.000000 1.000000
vn 0.000000 -0.000000 1.000000
vn 0.000000 -0.000000 1.000000
vn 0.000000 -0.000000 1.000000
vn 0.000000 -0.000000 1.000000
vn 0.000000 -0.000000 1.000000
vn 0.000000 -0.000000 1.000000
vn 0.000000 -0.000000 1.000000
vn 0.000000 -0.000000 1.000000
vn 0.000000 -0.000000 1.000000
vn 0.000000 -0.000000 1.000000
vn 0.000000 -0.000000 1.000000
vn 0.000000 -0.000000 1.000000
vn 0.000000 -0.000000 1.000000
vn 0.000000 -0.000000 1.000000
vn 0.000000 -0.000000 1.000000
vn 0.000000 -0.000000 1.000000
vn 0.000000 -0.000000 1.000000
vn 0.000000 -0.000000 1.000000
vn 0.000000 -0.000000 1.000000
vn 0.000000 -0.000000 1.000000
vn 0.000000 -0.000000 1.000000
vn 0.000000 -0.000000 1.000000
vn 0.000000 -0.000000 1.000000
vn 0.000000 -0.000000 1.000000
vn 0.000000 -0.000000 1.000000
vn 0.000000 -0.000000 1.000000
vn 0.000000 -0.000000 1.000000
vn 0.000000 -0.000000 1.000000
vn 0.000000 -0.000000 1.000000
vn 0.000000 -0.000000 1.000000
vn 0.000000 -0.000000 1.000000
vn 0.000000 -0.000000 1.000000
vn 0.000000 -0.000000 1.000000
vn 0.000000 -0.000000 1.000000
vn 0.000000 -0.000000 1.000000
vn 0.000000 -0.000000 1.000000
vn 0.000000 -0.000000 1.000000
vn 0.000000 -0.000000 1.000000
vn 0.000000 -0.000000 1.000000
vn 0.000000 -0.000000 1.000000
vn 0.000000 -0.000000 1.000000
vn 0.000000 -0.000000 1.000000
vn 0.000000 -0.000000 1.000000
vn 0.000000 -0.000000 1.000000
vn 0.000000 -0.000000 1.000000
vn 0.000000 -0.000000 1.000000
vn 0.000000 -0.000000 1.000000
vn 0.000000 -0.000000 1.000000
vn 0.000000 -0.000000 1.000000
vn 0.000000 -0.000000 1.000000
vn 0.000000 -0.000000 1.000000
vn 0.000000 -0.000000 1.000000
vn 0.000000 -0.000000 1.000000
vn 0.000000 -0.000000 1.000000
vn 0.000000 -0.000000 1.000000
vn 0.000000 -0.000000 1.000000
vn 0.000000 -0.000000 1.000000
vn 0.000000 -0.000000 1.000000
vn 0.000000 -0.000000 1.000000
vn 0.000000 -0.000000 1.000000
vn 0.000000 -0.000000 1.000000
vn 0.000000 -0.000000 1.000000
vn 0.000000 -0.000000 1.000000
vn 0.000000 -0.000000 1.000000
vn 0.000000 -0.000000 1.000000
vn 0.000000 -0.000000 1.000000
vn 0.000000 -0.000000 1.000000
vn 0.000000 -0.000000 1.000000
vn 0.000000 -0.000000 1.000000
vn 0.000000 -0.000000 1.000000
vn 0.000000 -0.000000 1.000000
vn 0.000000 -0.000000 1.000000
vn 0.000000 -0.000000 1.000000
vn 0.000000 -0.000000 1.000000
vn 0.000000 -0.000000 1.000000
vn 0.000000 -0.000000 1.000000
vn 0.000000 -0.000000 1.000000
vn 0.000000 -0.000000 1.000000
vn 0.000000 -0.000000 1.000000
vn 0.000000 -0.000000 1.000000
vn 0.000000 -0.000000 1.000000
vn 0.000000 -0.000000 1.000000
vn 0.000000 -0.000000 1.000000
vn 0.000000 -0.000000 1.000000
vn 0.000000 -0.000000 1.000000
vn 0.000000 -0.000000 1.000000
vn 0.000000 -0.000000 1.000000
vn 0.000000 -0.000000 1.000000
vn 0.000000 -0.000000 1.000000
vn 0.000000 -0.000000 1.000000
vn 0.000000 -0.000000 1.000000
vn 0.000000 -0.000000 1.000000
vn 0.000000 -0.000000 1.000000
vn 0.000000 0.000000 -1.000000
vn 0.000000 0.000000 -1.000000
vn 0.000000 0.000000 -1.000000
vn 0.000000 0.000000 -1.000000
vn 0.000000 0.000000 -1.000000
vn 0.000000 0.000000 -1.000000
vn 0.000000 0.000000 -1.000000
vn 0.000000 0.000000 -1.000000
vn 0.000000 0.000000 -1.000000
vn 0.000000 0.000000 -1.000000
vn 0.000000 0.000000 -1.000000
vn 0.000000 0.000000 -1.000000
vn 0.000000 0.000000 -1.000000
vn 0.000000 0.000000 -1.000000
vn 0.000000 0.000000 -1.000000
vn 0.000000 0.000000 -1.000000
vn 0.000000 0.000000 -1.000000
vn 0.000000 0.000000 -1.000000
vn 0.000000 0.000000 -1.000000
vn 0.000000 0.000000 -1.000000
vn 0.000000 0.000000 -1.000000
vn 0.000000 0.000000 -1.000000
vn 0.000000 0.000000 -1.000000
vn 0.000000 0.000000 -1.000000
vn 0.000000 0.000000 -1.000000
vn 0.000000 0.000000 -1.000000
vn 0.000000 0.000000 -1.000000
vn 0.000000 0.000000 -1.000000
vn 0.000000 0.000000 -1.000000
vn 0.000000 0.000000 -1.000000
vn 0.000000 0.000000 -1.000000
vn 0.000000 0.000000 -1.000000
vn 0.000000 0.000000 -1.000000
vn 0.000000 0.000000 -1.000000
vn 0.000000 0.000000 -1.000000
vn 0.000000 0.000000 -1.000000
vn 0.000000 0.000000 -1.000000
vn 0.000000 0.000000 -1.000000
vn 0.000000 0.000000 -1.000000
vn 0.000000 0.000000 -1.000000
vn 0.000000 0.000000 -1.000000
vn 0.000000 0.000000 -1.000000
vn 0.000000 0.000000 -1.000000
vn 0.000000 0.000000 -1.000000
vn 0.000000 0.000000 -1.000000
vn 0.000000 0.000000 -1.000000
vn 0.000000 0.000000 -1.000000
vn 0.000000 0.000000 -1.000000
vn 0.000000 0.000000 -1.000000
vn 0.000000 0.000000 -1.000000
vn 0.000000 0.000000 -1.000000
vn 0.000000 0.000000 -1.000000
vn 0.000000 0.000000 -1.000000
vn 0.000000 0.000000 -1.000000
vn 0.000000 0.000000 -1.000000
vn 0.000000 0.000000 -1.000000
vn 0.000000 0.000000 -1.000000
vn 0.000000 0.000000 -1.000000
vn 0.000000 0.000000 -1.000000
vn 0.000000 0.000000 -1.000000
vn 0.000000 0.000000 -1.000000
vn 0.000000 0.000000 -1.000000
vn 0.000000 0.000000 -1.000000
vn 0.000000 0.000000 -1.000000
vn 0.000000 0.000000 -1.000000
vn 0.000000 0.000000 -1.000000
vn 0.000000 0.000000 -1.000000
vn 0.000000 0.000000 -1.000000
vn 0.000000 0.000000 -1.000000
vn 0.000000 0.000000 -1.000000
vn 0.000000 0.000000 -1.000000
vn 0.000000 0.000000 -1.000000
vn 0.000000 0.000000 -1.000000
vn 0.000000 0.000000 -1.000000
vn 0.000000 0.000000 -1.000000
vn 0.000000 0.000000 -1.000000
vn 0.000000 0.000000 -1.000000
vn 0.000000 0.000000 -1.000000
vn 0.000000 0.000000 -1.000000
vn 0.000000 0.000000 -1.000000
vn 0.000000 0.000000 -1.000000
vn 0.000000 0.000000 -1.000000
vn 0.000000 0.000000 -1.000000
vn 0.000000 0.000000 -1.000000
vn 0.000000 0.000000 -1.000000
vn 0.000000 0.000000 -1.000000
vn 0.000000 0.000000 -1.000000
vn 0.000000 0.000000 -1.000000
vn 0.000000 0.000000 -1.000000
vn 0.000000 0.000000 -1.000000
vn 0.000000 0.000000 -1.000000
vn 0.000000 0.000000 -1.000000
vn 0.000000 0.000000 -1.000000
vn 0.000000 0.000000 -1.000000
vn 0.000000 0.000000 -1.000000
vn 0.000000 0.000000 -1.000000
vn 0.000000 0.000000 -1.000000
vn 0.000000 0.000000 -1.000000
vn 0.000000 0.000000 -1.000000
vn 0.000000 0.000000 -1.000000
vn 0.000000 0.000000 -1.000000
vn 0.000000 0.000000 -1.000000
vn 0.000000 0.000000 -1.000000
vn 0.000000 0.000000 -1.000000
vn 0.000000 0.000000 -1.000000
vn 0.000000 0.000000 -1.000000
vn 0.000000 0.000000 -1.000000
vn 0.000000 0.000000 -1.000000
vn 0.000000 0.000000 -1.000000
vn 0.000000 0.000000 -1.000000
vn 0.000000 0.000000 -1.000000
vn 0.000000 0.000000 -1.000000
vn 0.000000 0.000000 -1.000000
vn 0.000000 0.000000 -1.000000
vn 0.000000 0.000000 -1.000000
vn 0.000000 0.000000 -1.000000
vn 0.000000 0.000000 -1.000000
vn 0.000000 0.000000 -1.000000
vn 0.000000 0.000000 -1.000000
vn 0.000000 0.000000 -1.000000
vn 0.000000 0.000000 -1.000000
vn 0.000000 0.000000 -1.000000
vn 0.000000 0.000000 -1.000000
vn 0.000000 0.000000 -1.000000
vn 0.000000 0.000000 -1.000000
vn 0.000000 0.000000 -1.000000
vn 0.000000 0.000000 -1.000000
vn 0.000000 0.000000 -1.000000
vn 0.000000 0.000000 -1.000000
vn 0.000000 0.000000 -1.000000
vn 0.000000 0.000000 -1.000000
vn 0.000000 0.000000 -1.000000
vn 0.000000 0.000000 -1.000000
vn 0.000000 0.000000 -1.000000
vn 0.000000 0.000000 -1.000000
vn 0.000000 0.000000 -1.000000
vn 0.000000 0.000000 -1.000000
vn 0.000000 0.000000 -1.000000
vn 0.000000 0.000000 -1.000000
vn 0.000000 0.000000 -1.000000
vn 0.000000 0.000000 -1.000000
vn 0.000000 0.000000 -1.000000
vn 0.000000 0.000000 -1.000000
vn 0.000000 0.000000 -1.000000
vn 0.000000 0.000000 -1.000000
vn 0.000000 0.000000 -1.000000
vn 0.000000 0.000000 -1.000000
vn 0.000000 0.000000 -1.000000
vn 0.000000 0.000000 -1.000000
vn 0.000000 0.000000 -1.000000
vn 0.000000 0.000000 -1.000000
vn 0.000000 0.000000 -1.000000
vn 0.000000 0.000000 -1.000000
vn 0.000000 0.000000 -1.000000
vn 0.000000 0.000000 -1.000000
vn 0.000000 0.000000 -1.000000
vn 0.000000 0.000000 -1.000000
vn 0.000000 0.000000 -1.000000
vn 0.000000 0.000000 -1.000000
vn 0.000000 0.000000 -1.000000
vn 0.000000 0.000000 -1.000000
vn 0.000000 0.000000 -1.000000
vn 0.000000 0.000000 -1.000000
vn 0.000000 0.000000 -1.000000
vn 0.000000 0.000000 -1.000000
vn 0.000000 0.000000 -1.000000
vn 0.000000 0.000000 -1.000000
vn 0.000000 0.000000 -1.000000
vn 0.000000 0.000000 -1.000000
vn 0.000000 0.000000 -1.000000
vn 0.000000 0.000000 -1.000000
vn 0.000000 0.000000 -1.000000
vn 0.000000 0.000000 -1.000000
vn 0.000000 0.000000 -1.000000
vn 0.000000 0.000000 -1.000000
vn 0.000000 0.000000 -1.000000
vn 0.000000 0.000000 -1.000000
vn 0.000000 0.000000 -1.000000
vn 0.000000 0.000000 -1.000000
vn 0.000000 0.000000 -1.000000
vn 0.000000 0.000000 -1.000000
vn 0.000000 0.000000 -1.000000
vn 0.000000 0.000000 -1.000000
vn 0.000000 0.000000 -1.000000
vn 0.000000 0.000000 -1.000000
vn 0.000000 0.000000 -1.000000
vn 0.000000 0.000000 -1.000000
vn 0.000000 0.000000 -1.000000
vn 0.000000 0.000000 -1.000000
vn 0.000000 0.000000 -1.000000
vn 0.000000 0.000000 -1.000000
vn 0.000000 0.000000 -1.000000
vn 0.000000 0.000000 -1.000000
vn 0.000000 0.000000 -1.000000
vn 0.000000 0.000000 -1.000000
vn 0.000000 0.000000 -1.000000
vn 0.000000 0.000000 -1.000000
vn 0.000000 0.000000 -1.000000
vn 0.000000 0.000000 -1.000000
vn 0.000000 0.000000 -1.000000
vn 0.000000 0.000000 -1.000000
vn 0.000000 0.000000 -1.000000
vn 0.000000 0.000000 -1.000000
vn 0.000000 0.000000 -1.000000
vn 0.000000 0.000000 -1.000000
vn 0.000000 0.000000 -1.000000
vn 0.000000 0.000000 -1.000000
vn 0.000000 0.000000 -1.000000
vn 0.000000 0.000000 -1.000000
vn 0.000000 0.000000 -1.000000
vn 0.000000 0.000000 -1.000000
vn 0.000000 0.000000 -1.000000
vn 0.000000 0.000000 -1.000000
vn 0.000000 0.000000 -1.000000
vn 0.000000 0.000000 -1.000000
vn 0.000000 0.000000 -1.000000
vn 0.000000 0.000000 -1.000000
vn 0.000000 0.000000 -1.000000
vn 0.000000 0.000000 -1.000000
vn 0.000000 0.000000 -1.000000
vn 0.000000 0.000000 -1.000000
vn 0.000000 0.000000 -1.000000
vn 0.000000 0.000000 -1.000000
vn 0.000000 0.000000 -1.000000
vn 0.000000 0.000000 -1.000000
vn 0.000000 0.000000 -1.000000
vn 0.000000 0.000000 -1.000000
vn 0.000000 0.000000 -1.000000
vn 0.000000 0.000000 -1.000000
vn 0.000000 0.000000 -1.000000
vn 0.000000 0.000000 -1.000000
vn 0.000000 0.000000 -1.000000
vn 0.000000 0.000000 -1.000000
vn 0.000000 0.000000 -1.000000
vn 0.000000 0.000000 -1.000000
vn 0.000000 0.000000 -1.000000
vn 0.000000 0.000000 -1.000000
vn 0.000000 0.000000 -1.000000
vn 0.000000 0.000000 -1.000000
vn 0.000000 0.000000 -1.000000
vn 0.000000 0.000000 -1.000000
vn 0.000000 0.000000 -1.000000
vn 0.000000 0.000000 -1.000000
vn 0.000000 0.000000 -1.000000
vn 0.000000 0.000000 -1.000000
vn 0.000000 0.000000 -1.000000
vn 0.000000 0.000000 -1.000000
vn 0.000000 0.000000 -1.000000
vn 0.000000 0.000000 -1.000000
vn 0.000000 0.000000 -1.000000
vn 0.000000 0.000000 -1.000000
vn 0.000000 0.000000 -1.000000
vn 0.000000 0.000000 -1.000000
vn 0.000000 0.000000 -1.000000
vn 0.000000 0.000000 -1.000000
vn 0.000000 0.000000 -1.000000
vn 0.000000 0.000000 -1.000000
vn 0.000000 0.000000 -1.000000
vn 0.000000 0.000000 -1.000000
vn 0.000000 0.000000 -1.000000
vn 0.000000 0.000000 -1.000000
vn 0.000000 0.000000 -1.000000
vn 0.000000 0.000000 -1.000000
vn 0.000000 0.000000 -1.000000
vn 0.000000 0.000000 -1.000000
vn 0.000000 0.000000 -1.000000
vn 0.000000 0.000000 -1.000000
vn 0.000000 0.000000 -1.000000
vn 0.000000 0.000000 -1.000000
vn 0.000000 0.000000 -1.000000
vn 0.000000 0.000000 -1.000000
vn 0.000000 0.000000 -1.000000
vn 0.000000 0.000000 -1.000000
vn 0.000000 0.000000 -1.000000
vn 0.000000 0.000000 -1.000000
vn 0.000000 0.000000 -1.000000
vn 0.000000 0.000000 -1.000000
vn 0.000000 0.000000 -1.000000
vn 0.000000 0.000000 -1.000000
vn 0.000000 0.000000 -1.000000
vn 0.000000 0.000000 -1.000000
vn 0.000000 0.000000 -1.000000
vn 0.000000 0.000000 -1.000000
vn 0.000000 0.000000 -1.000000
vn 0.000000 0.000000 -1.000000
vn 0.000000 0.000000 -1.000000
vn 0.000000 0.000000 -1.000000
vn 0.000000 0.000000 -1.000000
vn 0.000000 0.000000 -1.000000
vn 0.000000 0.000000 -1.000000
vn 0.000000 0.000000 -1.000000
vn 0.000000 0.000000 -1.000000
vn 0.000000 0.000000 -1.000000
vn 0.000000 0.000000 -1.000000
vn 0.000000 0.000000 -1.000000
vn 0.000000 0.000000 -1.000000
vn 0.000000 0.000000 -1.000000
vn 0.000000 0.000000 -1.000000
vn 0.000000 0.000000 -1.000000
vn 0.000000 0.000000 -1.000000
vn 0.000000 0.000000 -1.000000
vn 0.000000 0.000000 -1.000000
vn 0.000000 0.000000 -1.000000
vn 0.000000 0.000000 -1.000000
vn 0.000000 0.000000 -1.000000
vn 0.000000 0.000000 -1.000000
vn 0.000000 0.000000 -1.000000
vn 0.000000 0.000000 -1.000000
vn 0.000000 0.000000 -1.000000
vn 0.000000 0.000000 -1.000000
vn 0.000000 0.000000 -1.000000
vn 0.000000 0.000000 -1.000000
vn 0.000000 0.000000 -1.000000
vn 0.000000 0.000000 -1.000000
vn 0.000000 0.000000 -1.000000
vn 0.000000 0.000000 -1.000000
vn 0.000000 0.000000 -1.000000
vn 0.000000 0.000000 -1.000000
vn 0.000000 0.000000 -1.000000
vn 0.000000 0.000000 -1.000000
vn 0.000000 0.000000 -1.000000
vn 0.000000 0.000000 -1.000000
vn 0.000000 0.000000 -1.000000
vn 0.000000 0.000000 -1.000000
vn 0.000000 0.000000 -1.000000
vn 0.000000 0.000000 -1.000000
vn 0.000000 0.000000 -1.000000
vn 0.000000 0.000000 -1.000000
vn 0.000000 0.000000 -1.000000
vn 0.000000 0.000000 -1.000000
vn 0.000000 0.000000 -1.000000
vn 0.000000 0.000000 -1.000000
vn 0.000000 0.000000 -1.000000
vn 0.000000 0.000000 -1.000000
vn 0.000000 0.000000 -1.000000
vn 0.000000 0.000000 -1.000000
vn 0.000000 0.000000 -1.000000
vn 0.000000 0.000000 -1.000000
vn 0.000000 0.000000 -1.000000
vn 0.000000 0.000000 -1.000000
vn 0.000000 0.000000 -1.000000
vn 0.000000 0.000000 -1.000000
vn 0.000000 0.000000 -1.000000
vn 0.000000 0.000000 -1.000000
vn 0.000000 0.000000 -1.000000
vn 0.000000 0.000000 -1.000000
vn 0.000000 0.000000 -1.000000
vn 0.000000 0.000000 -1.000000
vn 0.000000 0.000000 -1.000000
vn 0.000000 0.000000 -1.000000
vn 0.000000 0.000000 -1.000000
vn 0.000000 0.000000 -1.000000
vn 0.000000 0.000000 -1.000000
vn 0.000000 0.000000 -1.000000
vn 0.000000 0.000000 -1.000000
vn 0.000000 0.000000 -1.000000
vn 0.000000 0.000000 -1.000000
vn 0.000000 0.000000 -1.000000
vn 0.000000 0.000000 -1.000000
vn 0.000000 0.000000 -1.000000
vn 0.000000 0.000000 -1.000000
vn 0.000000 0.000000 -1.000000
vn 0.000000 0.000000 -1.000000
vn 0.000000 0.000000 -1.000000
vn 0.000000 0.000000 -1.000000
vn 0.000000 0.000000 -1.000000
vn 0.000000 0.000000 -1.000000
vn 0.000000 0.000000 -1.000000
vn 0.000000 0.000000 -1.000000
vn 0.000000 0.000000 -1.000000
vn 0.000000 0.000000 -1.000000
vn 0.000000 0.000000 -1.000000
vn 0.000000 0.000000 -1.000000
vn 0.000000 0.000000 -1.000000
vn 0.000000 0.000000 -1.000000
vn 0.000000 0.000000 -1.000000
vn 0.000000 0.000000 -1.000000
vn 0.000000 0.000000 -1.000000
vn 0.000000 0.000000 -1.000000
vn 0.000000 0.000000 -1.000000
vn 0.000000 0.000000 -1.000000
vn 0.000000 0.000000 -1.000000
vn 0.000000 0.000000 -1.000000
vn 0.000000 0.000000 -1.000000
vn 0.000000 0.000000 -1.000000
vn 0.000000 0.000000 -1.000000
vn 0.000000 0.000000 -1.000000
vn 0.000000 0.000000 -1.000000
vn 0.000000 0.000000 -1.000000
vn 0.000000 0.000000 -1.000000
vn 0.000000 0.000000 -1.000000
vn 0.000000 0.000000 -1.000000
vn 0.000000 0.000000 -1.000000
vn 0.000000 0.000000 -1.000000
vn 0.000000 0.000000 -1.000000
vn 0.000000 0.000000 -1.000000
vn 0.000000 0.000000 -1.000000
vn 0.000000 0.000000 -1.000000
vn 0.000000 0.000000 -1.000000
vn 0.000000 0.000000 -1.000000
vn 0.000000 0.000000 -1.000000
vn 0.000000 0.000000 -1.000000
vn 0.000000 0.000000 -1.000000
vn 0.000000 0.000000 -1.000000
vn 0.000000 0.000000 -1.000000
vn 0.000000 0.000000 -1.000000
vn 0.000000 0.000000 -1.000000
vn 0.000000 0.000000 -1.000000
vn 0.000000 0.000000 -1.000000
vn 0.000000 0.000000 -1.000000
vn 0.000000 0.000000 -1.000000
vn 0.000000 0.000000 -1.000000
vn 0.000000 0.000000 -1.000000
vn 0.000000 0.000000 -1.000000
vn 0.000000 0.000000 -1.000000
vn 0.000000 0.000000 -1.000000
vn 0.000000 0.000000 -1.000000
vn 0.000000 0.000000 -1.000000
vn 0.000000 0.000000 -1.000000
vn 0.000000 0.000000 -1.000000
vn 0.000000 0.000000 -1.000000
vn 0.000000 0.000000 -1.000000
vn 0.000000 0.000000 -1.000000
vn 0.000000 0.000000 -1.000000
vn 0.000000 0.000000 -1.000000
vn 0.000000 0.000000 -1.000000
vn 0.000000 0.000000 -1.000000
vn 0.000000 0.000000 -1.000000
vn 0.000000 0.000000 -1.000000
vn 0.000000 0.000000 -1.000000
vn 0.000000 0.000000 -1.000000
vn 0.000000 0.000000 -1.000000
vn 0.000000 0.000000 -1.000000
vn 0.000000 0.000000 -1.000000
vn 0.000000 0.000000 -1.000000
vn 0.000000 0.000000 -1.000000
vn 0.000000 0.000000 -1.000000
vn 0.000000 0.000000 -1.000000
vn 0.000000 0.000000 -1.000000
vn 0.000000 0.000000 -1.000000
vn 0.000000 0.000000 -1.000000
vn 0.000000 0.000000 -1.000000
vn 0.000000 0.000000 -1.000000
vn 0.000000 0.000000 -1.000000
vn 0.000000 0.000000 -1.000000
vn 0.000000 0.000000 -1.000000
vn 0.000000 0.000000 -1.000000
vn 0.000000 0.000000 -1.000000
vn 0.000000 0.000000 -1.000000
vn 0.000000 0.000000 -1.000000
vn 0.000000 0.000000 -1.000000
vn 0.000000 0.000000 -1.000000
vn 0.000000 0.000000 -1.000000
vn 0.000000 0.000000 -1.000000
vn 0.000000 0.000000 -1.000000
vn 0.000000 0.000000 -1.000000
vn 0.000000 0.000000 -1.000000
vn 0.000000 0.000000 -1.000000
vn 0.000000 0.000000 -1.000000
vn 0.000000 0.000000 -1.000000
vn 0.000000 0.000000 -1.000000
vn 0.000000 0.000000 -1.000000
vn 0.000000 0.000000 -1.000000
vn 0.000000 0.000000 -1.000000
vn 0.000000 0.000000 -1.000000
vn 0.000000 0.000000 -1.000000
vn 0.000000 0.000000 -1.000000
vn 0.000000 0.000000 -1.000000
vn 0.000000 0.000000 -1.000000
vn 0.000000 0.000000 -1.000000
vn 0.000000 0.000000 -1.000000
vn 0.000000 0.000000 -1.000000
vn 0.000000 0.000000 -1.000000
vn 0.000000 0.000000 -1.000000
vn 0.000000 0.000000 -1.000000
vn 0.000000 0.000000 -1.000000
vn 0.000000 0.000000 -1.000000
vn 0.000000 0.000000 -1.000000
vn 0.000000 0.000000 -1.000000
vn 0.000000 0.000000 -1.000000
vn 0.000000 0.000000 -1.000000
vn 0.000000 0.000000 -1.000000
vn 0.000000 0.000000 -1.000000
vn 0.000000 0.000000 -1.000000
vn 0.000000 0.000000 -1.000000
vn 0.000000 0.000000 -1.000000
vn 0.000000 0.000000 -1.000000
vn 0.000000 0.000000 -1.000000
vn 0.000000 0.000000 -1.000000
vn 0.000000 0.000000 -1.000000
vn 0.000000 0.000000 -1.000000
vn 0.000000 0.000000 -1.000000
vn 0.000000 0.000000 -1.000000
vn 0.000000 0.000000 -1.000000
vn 0.000000 0.000000 -1.000000
vn 0.000000 0.000000 -1.000000
vn 0.000000 0.000000 -1.000000
vn 0.000000 0.000000 -1.000000
vn 0.000000 0.000000 -1.000000
vn 0.000000 0.000000 -1.000000
vn 0.000000 0.000000 -1.000000
vn 0.000000 0.000000 -1.000000
vn 0.000000 0.000000 -1.000000
vn 0.000000 0.000000 -1.000000
vn 0.000000 0.000000 -1.000000
vn 0.000000 0.000000 -1.000000
vn 0.000000 0.000000 -1.000000
vn 0.000000 0.000000 -1.000000
vn 0.000000 0.000000 -1.000000
vn 0.000000 0.000000 -1.000000
vn 0.000000 0.000000 -1.000000
vn 0.000000 0.000000 -1.000000
vn 0.000000 0.000000 -1.000000
vn 0.000000 0.000000 -1.000000
vn 0.000000 0.000000 -1.000000
vn 0.000000 0.000000 -1.000000
vn 0.000000 0.000000 -1.000000
vn 0.000000 0.000000 -1.000000
vn 0.000000 0.000000 -1.000000
vn 0.000000 0.000000 -1.000000
vn 0.000000 0.000000 -1.000000
vn 0.000000 0.000000 -1.000000
vn 0.000000 0.000000 -1.000000
vn 0.000000 0.000000 -1.000000
vn 0.000000 0.000000 -1.000000
vn 0.000000 0.000000 -1.000000
vn 0.000000 0.000000 -1.000000
vn 0.000000 0.000000 -1.000000
vn 0.995891 -0.090557 -0.000000
vn 0.958908 -0.283716 -0.000000
vn 0.880503 -0.474041 -0.000000
vn 0.769279 -0.638913 -0.000000
vn 0.639015 -0.769194 -0.000000
vn 0.473853 -0.880604 -0.000000
vn 0.283447 -0.958988 -0.000000
vn 0.091103 -0.995842 -0.000000
vn 0.000000 -1.000000 -0.000000
vn 0.141131 -0.989991 -0.000000
vn 0.514326 -0.857595 -0.000000
vn 0.857474 -0.514527 -0.000000
vn 0.989949 -0.141427 -0.000000
vn 1.000000 0.000000 -0.000000
vn 0.989949 0.141427 0.000000
vn 0.857474 0.514527 0.000000
vn 0.514326 0.857595 0.000000
vn 0.141809 0.989894 0.000000
vn 0.000000 1.000000 0.000000
vn 0.090475 0.995899 0.000000
vn 0.283458 0.958985 0.000000
vn 0.473853 0.880604 0.000000
vn 0.639015 0.769194 0.000000
vn 0.769259 0.638937 0.000000
vn 0.880503 0.474041 0.000000
vn 0.958908 0.283716 0.000000
vn 0.995895 0.090518 0.000000
vn 1.000000 0.000000 -0.000000
vn 0.995891 -0.090557 -0.000000
vn 0.958962 -0.283536 -0.000000
vn 0.880503 -0.474041 -0.000000
vn 0.769279 -0.638913 -0.000000
vn 0.638638 -0.769507 -0.000000
vn 0.474367 -0.880327 -0.000000
vn 0.283458 -0.958985 -0.000000
vn 0.090475 -0.995899 -0.000000
vn 0.000000 -1.000000 -0.000000
vn 0.141809 -0.989894 -0.000000
vn 0.514326 -0.857595 -0.000000
vn 0.857474 -0.514527 -0.000000
vn 0.989949 -0.141427 -0.000000
vn 1.000000 0.000000 -0.000000
vn 0.989949 0.141427 0.000000
vn 0.857696 0.514157 0.000000
vn 0.514326 0.857595 0.000000
vn 0.141131 0.989991 0.000000
vn 0.000000 1.000000 0.000000
vn 0.090475 0.995899 0.000000
vn 0.284055 0.958808 0.000000
vn 0.473853 0.880604 0.000000
vn 0.639015 0.769194 0.000000
vn 0.769259 0.638937 0.000000
vn 0.880503 0.474041 0.000000
vn 0.958908 0.283716 0.000000
vn 0.995895 0.090518 0.000000
vn 1.000000 0.000000 -0.000000
vn 0.995891 -0.090557 -0.000000
vn 0.958962 -0.283536 -0.000000
vn 0.880354 -0.474317 -0.000000
vn 0.769279 -0.638913 -0.000000
vn 0.639015 -0.769194 -0.000000
vn 0.474367 -0.880327 -0.000000
vn 0.283447 -0.958988 -0.000000
vn 0.090475 -0.995899 -0.000000
vn 0.000000 -1.000000 -0.000000
vn -0.090479 -0.995898 -0.000000
vn -0.283458 -0.958985 -0.000000
vn -0.474367 -0.880327 -0.000000
vn -0.638996 -0.769210 -0.000000
vn -0.769279 -0.638913 -0.000000
vn -0.880354 -0.474317 -0.000000
vn -0.958962 -0.283536 -0.000000
vn -0.995895 -0.090518 -0.000000
vn -1.000000 0.000000 -0.000000
vn -0.995891 0.090557 0.000000
vn -0.958962 0.283536 0.000000
vn -0.880503 0.474041 0.000000
vn -0.769299 0.638889 0.000000
vn -0.638638 0.769507 0.000000
vn -0.474367 0.880327 0.000000
vn -0.283458 0.958985 0.000000
vn -0.090475 0.995899 0.000000
vn 0.000000 1.000000 0.000000
vn 0.090475 0.995899 0.000000
vn 0.283447 0.958988 0.000000
vn 0.474367 0.880327 0.000000
vn 0.638638 0.769507 0.000000
vn 0.769259 0.638937 0.000000
vn 0.880503 0.474041 0.000000
vn 0.958962 0.283536 0.000000
vn 0.995895 0.090518 0.000000
vn 1.000000 0.000000 -0.000000
vn -0.041350 -0.999145 -0.000000
vn -0.131803 -0.991276 -0.000000
vn -0.232055 -0.972703 -0.000000
vn -0.340033 -0.940413 -0.000000
vn -0.449228 -0.893417 -0.000000
vn -0.560154 -0.828388 -0.000000
vn -0.671018 -0.741441 -0.000000
vn -0.773606 -0.633667 -0.000000
vn -0.862601 -0.505885 -0.000000
vn -0.932903 -0.360129 -0.000000
vn -0.977706 -0.209977 -0.000000
vn -0.997781 -0.066588 -0.000000
vn -1.000000 0.000000 -0.000000
vn -0.995891 0.090557 0.000000
vn -0.958962 0.283536 0.000000
vn -0.880503 0.474041 0.000000
vn -0.769279 0.638913 0.000000
vn -0.638638 0.769507 0.000000
vn -0.474367 0.880327 0.000000
vn -0.283458 0.958985 0.000000
vn -0.090475 0.995899 0.000000
vn 0.000000 1.000000 0.000000
vn 0.090475 0.995899 0.000000
vn 0.283447 0.958988 0.000000
vn 0.474367 0.880327 0.000000
vn 0.638638 0.769507 0.000000
vn 0.769259 0.638937 0.000000
vn 0.880503 0.474041 0.000000
vn 0.958962 0.283536 0.000000
vn 0.995895 0.090518 0.000000
vn 1.000000 0.000000 -0.000000
vn 0.993304 0.115531 0.000000
vn 0.933977 0.357334 0.000000
vn 0.817045 0.576573 0.000000
vn 0.670688 0.741739 0.000000
vn 0.512205 0.858863 0.000000
vn 0.342738 0.939431 0.000000
vn 0.188011 0.982167 0.000000
vn 0.056601 0.998397 0.000000
vn -0.056677 0.998393 0.000000
vn -0.192378 0.981321 0.000000
vn -0.358977 0.933346 0.000000
vn -0.547733 0.836653 0.000000
vn -0.716672 0.697410 0.000000
vn -0.852701 0.522399 0.000000
vn -0.950014 0.312206 0.000000
vn -0.995131 0.098560 0.000000
vn -0.996903 -0.078638 -0.000000
vn -0.968539 -0.248863 -0.000000
vn -0.905617 -0.424096 -0.000000
vn -0.810242 -0.586096 -0.000000
vn -0.711763 -0.702420 -0.000000
vn -0.629649 -0.776879 -0.000000
vn -0.553347 -0.832951 -0.000000
vn -0.484367 -0.874865 -0.000000
vn -0.432565 -0.901603 -0.000000
vn -0.401693 -0.915774 -0.000000
vn -0.379573 -0.925162 -0.000000
vn -0.362883 -0.931835 -0.000000
vn -0.354326 -0.935122 -0.000000
vn -0.378259 -0.925700 -0.000000
vn -0.407127 -0.913372 -0.000000
vn -0.442453 -0.896792 -0.000000
vn -0.510772 -0.859716 -0.000000
vn -0.603486 -0.797374 -0.000000
vn -0.690082 -0.723732 -0.000000
vn -0.767064 -0.641571 -0.000000
vn -0.851616 -0.524166 -0.000000
vn -0.930431 -0.366466 -0.000000
vn -0.977855 -0.209286 -0.000000
vn -0.997882 -0.065051 -0.000000
vn -0.995428 0.095514 0.000000
vn -0.951373 0.308042 0.000000
vn -0.851216 0.524815 0.000000
vn -0.704712 0.709493 0.000000
vn -0.540990 0.841029 0.000000
vn -0.369652 0.929170 0.000000
vn -0.205931 0.978567 0.000000
vn -0.062634 0.998037 0.000000
vn 0.044632 0.999004 0.000000
vn 0.140997 0.990010 0.000000
vn 0.245914 0.969292 0.000000
vn 0.356157 0.934426 0.000000
vn 0.465445 0.885077 0.000000
vn 0.574948 0.818190 0.000000
vn 0.682521 0.730866 0.000000
vn 0.780544 0.625101 0.000000
vn 0.865196 0.501434 0.000000
vn 0.933203 0.359350 0.000000
vn 0.977463 0.211109 0.000000
vn 0.997724 0.067426 0.000000
vn 1.000000 0.000000 -0.000000
vn 0.995893 -0.090538 -0.000000
vn 0.958914 -0.283697 -0.000000
vn 0.880503 -0.474041 -0.000000
vn 0.769269 -0.638925 -0.000000
vn 0.639025 -0.769186 -0.000000
vn 0.473853 -0.880604 -0.000000
vn 0.283453 -0.958986 -0.000000
vn 0.091101 -0.995842 -0.000000
vn 0.000000 -1.000000 -0.000000
vn -0.091103 -0.995842 -0.000000
vn -0.283453 -0.958986 -0.000000
vn -0.473853 -0.880604 -0.000000
vn -0.639015 -0.769194 -0.000000
vn -0.769259 -0.638937 -0.000000
vn -0.880512 -0.474024 -0.000000
vn -0.958914 -0.283697 -0.000000
vn -0.995893 -0.090538 -0.000000
vn -1.000000 0.000000 -0.000000
vn -0.994377 -0.105901 -0.000000
vn -0.944629 -0.328139 -0.000000
vn -0.844471 -0.535601 -0.000000
vn -0.713579 -0.700575 -0.000000
vn -0.558933 -0.829213 -0.000000
vn -0.379234 -0.925301 -0.000000
vn -0.209295 -0.977853 -0.000000
vn -0.063054 -0.998010 -0.000000
vn 0.055308 -0.998469 -0.000000
vn 0.185013 -0.982736 -0.000000
vn 0.340505 -0.940243 -0.000000
vn 0.514293 -0.857615 -0.000000
vn 0.689077 -0.724688 -0.000000
vn 0.845024 -0.534728 -0.000000
vn 0.950205 -0.311626 -0.000000
vn 0.995403 -0.095772 -0.000000
vn 0.997568 0.069700 0.000000
vn 0.974151 0.225898 0.000000
vn 0.917862 0.396900 0.000000
vn 0.824186 0.566319 0.000000
vn 0.717876 0.696171 0.000000
vn 0.626569 0.779366 0.000000
vn 0.542999 0.839734 0.000000
vn 0.469168 0.883109 0.000000
vn 0.414441 0.910076 0.000000
vn 0.382601 0.923914 0.000000
vn 0.360341 0.932821 0.000000
vn 0.343909 0.939003 0.000000
vn 0.364248 0.931302 0.000000
vn 0.384553 0.923103 0.000000
vn 0.409517 0.912302 0.000000
vn 0.440861 0.897575 0.000000
vn 0.508099 0.861299 0.000000
vn 0.600874 0.799344 0.000000
vn 0.685319 0.728243 0.000000
vn 0.759074 0.651004 0.000000
vn 0.843664 0.536871 0.000000
vn 0.926153 0.377148 0.000000
vn 0.976381 0.216054 0.000000
vn 0.997736 0.067251 0.000000
vn 0.995294 -0.096904 -0.000000
vn 0.950309 -0.311307 -0.000000
vn 0.849329 -0.527864 -0.000000
vn 0.703666 -0.710531 -0.000000
vn 0.538511 -0.842618 -0.000000
vn 0.364285 -0.931288 -0.000000
vn 0.201079 -0.979575 -0.000000
vn 0.060705 -0.998156 -0.000000
vn 0.053094 0.998590 0.000000
vn 0.167532 0.985867 0.000000
vn 0.290006 0.957025 0.000000
vn 0.415003 0.909820 0.000000
vn 0.534911 0.844909 0.000000
vn 0.648922 0.760854 0.000000
vn 0.752056 0.659100 0.000000
vn 0.837932 0.545774 0.000000
vn 0.904948 0.425522 0.000000
vn 0.954381 0.298592 0.000000
vn 0.984914 0.173044 0.000000
vn 0.998489 0.054953 0.000000
vn 0.998382 -0.056868 -0.000000
vn 0.983906 -0.178688 -0.000000
vn 0.951597 -0.307350 -0.000000
vn 0.899906 -0.436084 -0.000000
vn 0.829691 -0.558224 -0.000000
vn 0.739574 -0.673075 -0.000000
vn 0.632833 -0.774289 -0.000000
vn 0.516872 -0.856063 -0.000000
vn 0.397954 -0.917405 -0.000000
vn 0.276880 -0.960904 -0.000000
vn 0.159460 -0.987204 -0.000000
vn 0.050502 -0.998724 -0.000000
vn 0.000000 -1.000000 -0.000000
vn 0.141134 -0.989991 -0.000000
vn 0.514943 -0.857225 -0.000000
vn 0.857463 -0.514546 -0.000000
vn 0.989950 -0.141417 -0.000000
vn 1.000000 0.000000 -0.000000
vn 0.995893 -0.090538 -0.000000
vn 0.958967 -0.283517 -0.000000
vn 0.880358 -0.474309 -0.000000
vn 0.769264 -0.638931 -0.000000
vn 0.639020 -0.769190 -0.000000
vn 0.474367 -0.880327 -0.000000
vn 0.283453 -0.958986 -0.000000
vn 0.090474 -0.995899 -0.000000
vn 0.000000 -1.000000 -0.000000
vn -0.090475 -0.995899 -0.000000
vn -0.283453 -0.958986 -0.000000
vn -0.474367 -0.880327 -0.000000
vn -0.639015 -0.769194 -0.000000
vn -0.769259 -0.638937 -0.000000
vn -0.880354 -0.474317 -0.000000
vn -0.958967 -0.283517 -0.000000
vn -0.995893 -0.090538 -0.000000
vn -1.000000 0.000000 -0.000000
vn -0.995893 0.090538 0.000000
vn -0.958914 0.283697 0.000000
vn -0.880503 0.474041 0.000000
vn -0.769259 0.638937 0.000000
vn -0.639025 0.769186 0.000000
vn -0.473853 0.880604 0.000000
vn -0.283453 0.958986 0.000000
vn -0.090473 0.995899 0.000000
vn 0.000000 1.000000 0.000000
vn -0.077055 0.997027 0.000000
vn -0.250406 0.968141 0.000000
vn -0.437864 0.899041 0.000000
vn -0.616792 0.787127 0.000000
vn -0.766516 0.642226 0.000000
vn -0.886535 0.462662 0.000000
vn -0.963557 0.267503 0.000000
vn -0.996564 0.082825 0.000000
vn -0.996706 -0.081098 -0.000000
vn -0.965155 -0.261680 -0.000000
vn -0.891487 -0.453046 -0.000000
vn -0.776018 -0.630710 -0.000000
vn -0.629281 -0.777178 -0.000000
vn -0.449524 -0.893268 -0.000000
vn -0.258162 -0.966102 -0.000000
vn -0.079679 -0.996821 -0.000000
vn 0.000000 -1.000000 -0.000000
vn 0.141812 -0.989894 -0.000000
vn 0.514326 -0.857595 -0.000000
vn 0.857463 -0.514546 -0.000000
vn 0.989950 -0.141417 -0.000000
vn 1.000000 0.000000 -0.000000
vn 0.989949 0.141427 0.000000
vn 0.857463 0.514546 0.000000
vn 0.514943 0.857225 0.000000
vn 0.141135 0.989990 0.000000
vn 0.000000 1.000000 0.000000
vn -0.090475 -0.995899 -0.000000
vn -0.283451 -0.958987 -0.000000
vn -0.474364 -0.880329 -0.000000
vn -0.639023 -0.769188 -0.000000
vn -0.769262 -0.638934 -0.000000
vn -0.880358 -0.474309 -0.000000
vn -0.958966 -0.283522 -0.000000
vn -0.995893 -0.090542 -0.000000
vn -1.000000 0.000000 -0.000000
vn -0.995893 0.090542 0.000000
vn -0.958966 0.283522 0.000000
vn -0.880507 0.474033 0.000000
vn -0.769262 0.638934 0.000000
vn -0.638645 0.769501 0.000000
vn -0.474364 0.880329 0.000000
vn -0.283451 0.958987 0.000000
vn -0.090475 0.995899 0.000000
vn 0.000000 1.000000 0.000000
vn 0.090475 0.995899 0.000000
vn 0.283453 0.958986 0.000000
vn 0.474362 0.880330 0.000000
vn 0.638643 0.769503 0.000000
vn 0.769264 0.638931 0.000000
vn 0.880507 0.474033 0.000000
vn 0.958964 0.283526 0.000000
vn 0.995893 0.090538 0.000000
vn 1.000000 0.000000 -0.000000
vn 0.995893 -0.090538 -0.000000
vn 0.958964 -0.283526 -0.000000
vn 0.880358 -0.474309 -0.000000
vn 0.769264 -0.638931 -0.000000
vn 0.639020 -0.769190 -0.000000
vn 0.474362 -0.880330 -0.000000
vn 0.283453 -0.958986 -0.000000
vn 0.090475 -0.995899 -0.000000
vn 0.000000 -1.000000 -0.000000
vn -0.052245 -0.998634 -0.000000
vn -0.164401 -0.986394 -0.000000
vn -0.283933 -0.958844 -0.000000
vn -0.405701 -0.914006 -0.000000
vn -0.524496 -0.851413 -0.000000
vn -0.640266 -0.768154 -0.000000
vn -0.746139 -0.665790 -0.000000
vn -0.834929 -0.550357 -0.000000
vn -0.903556 -0.428470 -0.000000
vn -0.953628 -0.300987 -0.000000
vn -0.984643 -0.174579 -0.000000
vn -0.998460 -0.055471 -0.000000
vn -1.000000 0.000000 -0.000000
vn -0.998368 0.057101 0.000000
vn -0.983780 0.179377 0.000000
vn -0.951255 0.308405 0.000000
vn -0.899251 0.437432 0.000000
vn -0.830067 0.557663 0.000000
vn -0.742882 0.669422 0.000000
vn -0.639515 0.768778 0.000000
vn -0.526387 0.850245 0.000000
vn -0.408181 0.912901 0.000000
vn -0.285205 0.958467 0.000000
vn -0.164839 0.986320 0.000000
vn -0.052289 0.998632 0.000000
vn 0.051670 0.998664 0.000000
vn 0.163387 0.986562 0.000000
vn 0.283679 0.958919 0.000000
vn 0.407469 0.913219 0.000000
vn 0.526388 0.850245 0.000000
vn 0.639516 0.768778 0.000000
vn 0.742881 0.669423 0.000000
vn 0.830067 0.557664 0.000000
vn 0.899252 0.437431 0.000000
vn 0.951255 0.308405 0.000000
vn 0.983780 0.179377 0.000000
vn 0.998368 0.057103 0.000000
vn 1.000000 0.000000 -0.000000
vn 0.998411 -0.056347 -0.000000
vn 0.984163 -0.177265 -0.000000
vn 0.952249 -0.305323 -0.000000
vn 0.900913 -0.434000 -0.000000
vn 0.832203 -0.554471 -0.000000
vn 0.745142 -0.666906 -0.000000
vn 0.641250 -0.767332 -0.000000
vn 0.527114 -0.849795 -0.000000
vn 0.407469 -0.913219 -0.000000
vn 0.283679 -0.958919 -0.000000
vn 0.163387 -0.986562 -0.000000
vn 0.051670 -0.998664 -0.000000
vn -0.081176 0.996700 0.000000
vn -0.263090 0.964771 0.000000
vn -0.457528 0.889195 0.000000
vn -0.638553 0.769578 0.000000
vn -0.784960 0.619547 0.000000
vn -0.897646 0.440717 0.000000
vn -0.967618 0.252418 0.000000
vn -0.996970 0.077792 0.000000
vn -1.000000 0.000000 -0.000000
vn -0.997055 -0.076697 -0.000000
vn -0.968311 -0.249747 -0.000000
vn -0.899000 -0.437949 -0.000000
vn -0.785832 -0.618440 -0.000000
vn -0.638553 -0.769578 -0.000000
vn -0.457528 -0.889195 -0.000000
vn -0.263090 -0.964771 -0.000000
vn -0.081176 -0.996700 -0.000000
vn 0.082372 -0.996602 -0.000000
vn 0.265974 -0.963980 -0.000000
vn 0.460406 -0.887708 -0.000000
vn 0.639705 -0.768621 -0.000000
vn 0.785832 -0.618440 -0.000000
vn 0.899000 -0.437949 -0.000000
vn 0.968311 -0.249747 -0.000000
vn 0.997055 -0.076697 -0.000000
vn 1.000000 0.000000 -0.000000
vn 0.996970 0.077792 0.000000
vn 0.967618 0.252418 0.000000
vn 0.897646 0.440717 0.000000
vn 0.784960 0.619547 0.000000
vn 0.639705 0.768621 0.000000
vn 0.460406 0.887708 0.000000
vn 0.265974 0.963980 0.000000
vn 0.082372 0.996602 0.000000
vn -0.995891 0.090557 0.000000
vn -0.958962 0.283536 0.000000
vn -0.880503 0.474041 0.000000
vn -0.769279 0.638913 0.000000
vn -0.638657 0.769491 0.000000
vn -0.474367 0.880327 0.000000
vn -0.283447 0.958988 0.000000
vn -0.090475 0.995899 0.000000
vn 0.000000 1.000000 0.000000
vn 0.090475 0.995899 0.000000
vn 0.283447 0.958988 0.000000
vn 0.474367 0.880327 0.000000
vn 0.638618 0.769524 0.000000
vn 0.769279 0.638913 0.000000
vn 0.880503 0.474041 0.000000
vn 0.958962 0.283536 0.000000
vn 0.995895 0.090518 0.000000
vn 1.000000 0.000000 -0.000000
vn 0.995891 -0.090557 -0.000000
vn 0.958962 -0.283536 -0.000000
vn 0.880354 -0.474317 -0.000000
vn 0.769299 -0.638889 -0.000000
vn 0.639015 -0.769194 -0.000000
vn 0.474367 -0.880327 -0.000000
vn 0.283447 -0.958988 -0.000000
vn 0.090472 -0.995899 -0.000000
vn 0.000000 -1.000000 -0.000000
vn -0.107458 -0.994210 -0.000000
vn -0.360917 -0.932598 -0.000000
vn -0.624835 -0.780757 -0.000000
vn -0.827413 -0.561594 -0.000000
vn -0.853640 -0.520864 -0.000000
vn -0.788253 -0.615352 -0.000000
vn -0.644891 -0.764275 -0.000000
vn -0.375479 -0.926831 -0.000000
vn 0.030561 -0.999533 -0.000000
vn 0.472665 -0.881242 -0.000000
vn 0.822823 -0.568297 -0.000000
vn 0.963272 -0.268526 -0.000000
vn 0.997547 -0.070000 -0.000000
vn 0.999991 0.004292 0.000000
vn 0.995891 -0.090557 -0.000000
vn 0.958962 -0.283536 -0.000000
vn 0.880354 -0.474317 -0.000000
vn 0.769279 -0.638913 -0.000000
vn 0.639015 -0.769194 -0.000000
vn 0.474367 -0.880327 -0.000000
vn 0.283458 -0.958985 -0.000000
vn 0.090475 -0.995899 -0.000000
vn 0.000000 -1.000000 -0.000000
vn -0.090475 -0.995899 -0.000000
vn -0.283458 -0.958985 -0.000000
vn -0.474367 -0.880327 -0.000000
vn -0.639015 -0.769194 -0.000000
vn -0.769259 -0.638937 -0.000000
vn -0.880354 -0.474317 -0.000000
vn -0.958962 -0.283536 -0.000000
vn -0.995895 -0.090518 -0.000000
vn -1.000000 0.000000 -0.000000
vn -0.995891 0.090557 0.000000
vn -0.958962 0.283536 0.000000
vn -0.880503 0.474041 0.000000
vn -0.769279 0.638913 0.000000
vn -0.638638 0.769507 0.000000
vn -0.474367 0.880327 0.000000
vn -0.283458 0.958985 0.000000
vn -0.090475 0.995899 0.000000
vn 0.000000 1.000000 0.000000
vn 0.107458 0.994210 0.000000
vn 0.360917 0.932598 0.000000
vn 0.624602 0.780943 0.000000
vn 0.827527 0.561426 0.000000
vn 0.854443 0.519545 0.000000
vn 0.788281 0.615315 0.000000
vn 0.644927 0.764244 0.000000
vn 0.376664 0.926350 0.000000
vn -0.030558 0.999533 0.000000
vn -0.472665 0.881242 0.000000
vn -0.823271 0.567648 0.000000
vn -0.963193 0.268809 0.000000
vn -0.997547 0.070000 0.000000
vn -0.999998 -0.002146 -0.000000
vn 0.000000 -0.000000 1.000000
vn 0.000000 0.000000 -1.000000
vn 0.000000 1.000000 0.000000
vn 0.928477 0.371391 0.000000
vn 0.485643 0.874157 0.000000
vn 0.406139 -0.913811 -0.000000
vn 0.961524 -0.274721 -0.000000
vn 0.351124 -0.936329 -0.000000
vn 1.000000 0.000000 -0.000000
vn 0.338719 0.940887 0.000000
vn 0.000000 -1.000000 -0.000000
vn -0.732794 0.680451 0.000000
vn -0.998752 -0.049938 -0.000000
vn -0.993884 0.110431 0.000000
vn 0.000000 -0.000000 1.000000
vn 0.000000 0.000000 -1.000000
vn -0.447214 0.894427 0.000000
vn -0.973417 0.229039 0.000000
vn 0.127971 0.991778 0.000000
vn 0.919145 0.393919 0.000000
vn 0.380749 0.924678 0.000000
vn -0.013888 -0.999904 -0.000000
vn 0.000000 -0.000000 -1.000000
vn 0.000000 0.000000 1.000000
vn 0.000000 1.000000 0.000000
vn -1.000000 0.000000 -0.000000
vn 0.000000 -1.000000 -0.000000
vn 1.000000 0.000000 -0.000000
vn 0.000000 0.000000 -1.000000
vn 0.000000 -0.000000 1.000000
vn 0.274721 0.961524 0.000000
vn -0.961524 0.274721 0.000000
vn -0.274721 -0.961524 -0.000000
vn 0.961524 -0.274721 -0.000000
vn -0.316225 0.948684 0.000000
vn -0.238789 0.971072 0.000000
vn -0.150803 0.988564 0.000000
vn -0.052557 0.998618 0.000000
vn 0.000000 1.000000 0.000000
vn 0.090540 0.995893 0.000000
vn 0.283626 0.958935 0.000000
vn 0.474092 0.880476 0.000000
vn 0.638904 0.769287 0.000000
vn 0.769285 0.638906 0.000000
vn 0.880472 0.474098 0.000000
vn 0.958934 0.283629 0.000000
vn 0.995894 0.090530 0.000000
vn 1.000000 0.000000 -0.000000
vn 0.995893 -0.090536 -0.000000
vn 0.958934 -0.283630 -0.000000
vn 0.880470 -0.474102 -0.000000
vn 0.769289 -0.638901 -0.000000
vn 0.638901 -0.769289 -0.000000
vn 0.474100 -0.880471 -0.000000
vn 0.283628 -0.958934 -0.000000
vn 0.090536 -0.995893 -0.000000
vn 0.000000 -1.000000 -0.000000
vn -0.090536 -0.995893 -0.000000
vn -0.283628 -0.958934 -0.000000
vn -0.474100 -0.880471 -0.000000
vn -0.638902 -0.769289 -0.000000
vn -0.769289 -0.638901 -0.000000
vn -0.880471 -0.474101 -0.000000
vn -0.958934 -0.283629 -0.000000
vn -0.995893 -0.090536 -0.000000
vn -1.000000 0.000000 -0.000000
vn -0.991778 -0.127968 -0.000000
vn -0.924015 -0.382356 -0.000000
vn -0.803553 -0.595234 -0.000000
vn -0.666009 -0.745943 -0.000000
vn -0.510535 -0.859857 -0.000000
vn -0.270754 -0.962649 -0.000000
vn 0.031212 -0.999513 -0.000000
vn 0.325086 -0.945684 -0.000000
vn 0.296099 -0.955157 -0.000000
vn 0.380768 -0.924670 -0.000000
vn 0.254483 -0.967077 -0.000000
vn 0.141416 -0.989950 -0.000000
vn 0.043465 -0.999055 -0.000000
vn -0.097906 -0.995196 -0.000000
vn -0.311048 -0.950394 -0.000000
vn -0.522155 -0.852850 -0.000000
vn -0.698737 -0.715379 -0.000000
vn -0.829584 -0.558381 -0.000000
vn -0.923078 -0.384614 -0.000000
vn -0.976524 -0.215411 -0.000000
vn -0.997843 -0.065650 -0.000000
vn -0.998969 -0.045408 -0.000000
vn -0.994207 0.107481 0.000000
vn -0.932568 0.360994 0.000000
vn -0.780868 0.624696 0.000000
vn -0.561500 0.827477 0.000000
vn -0.447214 0.894427 0.000000
vn 0.995891 -0.090557 -0.000000
vn 0.958908 -0.283716 -0.000000
vn 0.880503 -0.474041 -0.000000
vn 0.769279 -0.638913 -0.000000
vn 0.639015 -0.769194 -0.000000
vn 0.473853 -0.880604 -0.000000
vn 0.283447 -0.958988 -0.000000
vn 0.091103 -0.995842 -0.000000
vn 0.000000 -1.000000 -0.000000
vn 0.141131 -0.989991 -0.000000
vn 0.514326 -0.857595 -0.000000
vn 0.857474 -0.514527 -0.000000
vn 0.989949 -0.141427 -0.000000
vn 1.000000 0.000000 -0.000000
vn 0.989949 0.141427 0.000000
vn 0.857474 0.514527 0.000000
vn 0.514326 0.857595 0.000000
vn 0.141809 0.989894 0.000000
vn 0.000000 1.000000 0.000000
vn 0.090475 0.995899 0.000000
vn 0.283458 0.958985 0.000000
vn 0.473853 0.880604 0.000000
vn 0.639015 0.769194 0.000000
vn 0.769259 0.638937 0.000000
vn 0.880503 0.474041 0.000000
vn 0.958908 0.283716 0.000000
vn 0.995895 0.090518 0.000000
vn 1.000000 0.000000 -0.000000
vn 0.995891 -0.090557 -0.000000
vn 0.958962 -0.283536 -0.000000
vn 0.880503 -0.474041 -0.000000
vn 0.769279 -0.638913 -0.000000
vn 0.638638 -0.769507 -0.000000
vn 0.474367 -0.880327 -0.000000
vn 0.283458 -0.958985 -0.000000
vn 0.090475 -0.995899 -0.000000
vn 0.000000 -1.000000 -0.000000
vn 0.141809 -0.989894 -0.000000
vn 0.514326 -0.857595 -0.000000
vn 0.857474 -0.514527 -0.000000
vn 0.989949 -0.141427 -0.000000
vn 1.000000 0.000000 -0.000000
vn 0.989949 0.141427 0.000000
vn 0.857696 0.514157 0.000000
vn 0.514326 0.857595 0.000000
vn 0.141131 0.989991 0.000000
vn 0.000000 1.000000 0.000000
vn 0.090475 0.995899 0.000000
vn 0.284055 0.958808 0.000000
vn 0.473853 0.880604 0.000000
vn 0.639015 0.769194 0.000000
vn 0.769259 0.638937 0.000000
vn 0.880503 0.474041 0.000000
vn 0.958908 0.283716 0.000000
vn 0.995895 0.090518 0.000000
vn 1.000000 0.000000 -0.000000
vn 0.995891 -0.090557 -0.000000
vn 0.958962 -0.283536 -0.000000
vn 0.880354 -0.474317 -0.000000
vn 0.769279 -0.638913 -0.000000
vn 0.639015 -0.769194 -0.000000
vn 0.474367 -0.880327 -0.000000
vn 0.283447 -0.958988 -0.000000
vn 0.090475 -0.995899 -0.000000
vn 0.000000 -1.000000 -0.000000
vn -0.090479 -0.995898 -0.000000
vn -0.283458 -0.958985 -0.000000
vn -0.474367 -0.880327 -0.000000
vn -0.638996 -0.769210 -0.000000
vn -0.769279 -0.638913 -0.000000
vn -0.880354 -0.474317 -0.000000
vn -0.958962 -0.283536 -0.000000
vn -0.995895 -0.090518 -0.000000
vn -1.000000 0.000000 -0.000000
vn -0.995891 0.090557 0.000000
vn -0.958962 0.283536 0.000000
vn -0.880503 0.474041 0.000000
vn -0.769299 0.638889 0.000000
vn -0.638638 0.769507 0.000000
vn -0.474367 0.880327 0.000000
vn -0.283458 0.958985 0.000000
vn -0.090475 0.995899 0.000000
vn 0.000000 1.000000 0.000000
vn 0.090475 0.995899 0.000000
vn 0.283447 0.958988 0.000000
vn 0.474367 0.880327 0.000000
vn 0.638638 0.769507 0.000000
vn 0.769259 0.638937 0.000000
vn 0.880503 0.474041 0.000000
vn 0.958962 0.283536 0.000000
vn 0.995895 0.090518 0.000000
vn 1.000000 0.000000 -0.000000
vn -0.041350 -0.999145 -0.000000
vn -0.131803 -0.991276 -0.000000
vn -0.232055 -0.972703 -0.000000
vn -0.340033 -0.940413 -0.000000
vn -0.449228 -0.893417 -0.000000
vn -0.560154 -0.828388 -0.000000
vn -0.671018 -0.741441 -0.000000
vn -0.773606 -0.633667 -0.000000
vn -0.862601 -0.505885 -0.000000
vn -0.932903 -0.360129 -0.000000
vn -0.977706 -0.209977 -0.000000
vn -0.997781 -0.066588 -0.000000
vn -1.000000 0.000000 -0.000000
vn -0.995891 0.090557 0.000000
vn -0.958962 0.283536 0.000000
vn -0.880503 0.474041 0.000000
vn -0.769279 0.638913 0.000000
vn -0.638638 0.769507 0.000000
vn -0.474367 0.880327 0.000000
vn -0.283458 0.958985 0.000000
vn -0.090475 0.995899 0.000000
vn 0.000000 1.000000 0.000000
vn 0.090475 0.995899 0.000000
vn 0.283447 0.958988 0.000000
vn 0.474367 0.880327 0.000000
vn 0.638638 0.769507 0.000000
vn 0.769259 0.638937 0.000000
vn 0.880503 0.474041 0.000000
vn 0.958962 0.283536 0.000000
vn 0.995895 0.090518 0.000000
vn 1.000000 0.000000 -0.000000
vn 0.993304 0.115531 0.000000
vn 0.933977 0.357334 0.000000
vn 0.817045 0.576573 0.000000
vn 0.670688 0.741739 0.000000
vn 0.512205 0.858863 0.000000
vn 0.342738 0.939431 0.000000
vn 0.188011 0.982167 0.000000
vn 0.056601 0.998397 0.000000
vn -0.056677 0.998393 0.000000
vn -0.192378 0.981321 0.000000
vn -0.358977 0.933346 0.000000
vn -0.547733 0.836653 0.000000
vn -0.716672 0.697410 0.000000
vn -0.852701 0.522399 0.000000
vn -0.950014 0.312206 0.000000
vn -0.995131 0.098560 0.000000
vn -0.996903 -0.078638 -0.000000
vn -0.968539 -0.248863 -0.000000
vn -0.905617 -0.424096 -0.000000
vn -0.810242 -0.586096 -0.000000
vn -0.711763 -0.702420 -0.000000
vn -0.629649 -0.776879 -0.000000
vn -0.553347 -0.832951 -0.000000
vn -0.484367 -0.874865 -0.000000
vn -0.432565 -0.901603 -0.000000
vn -0.401693 -0.915774 -0.000000
vn -0.379573 -0.925162 -0.000000
vn -0.362883 -0.931835 -0.000000
vn -0.354326 -0.935122 -0.000000
vn -0.378259 -0.925700 -0.000000
vn -0.407127 -0.913372 -0.000000
vn -0.442453 -0.896792 -0.000000
vn -0.510772 -0.859716 -0.000000
vn -0.603486 -0.797374 -0.000000
vn -0.690082 -0.723732 -0.000000
vn -0.767064 -0.641571 -0.000000
vn -0.851616 -0.524166 -0.000000
vn -0.930431 -0.366466 -0.000000
vn -0.977855 -0.209286 -0.000000
vn -0.997882 -0.065051 -0.000000
vn -0.995428 0.095514 0.000000
vn -0.951373 0.308042 0.000000
vn -0.851216 0.524815 0.000000
vn -0.704712 0.709493 0.000000
vn -0.540990 0.841029 0.000000
vn -0.369652 0.929170 0.000000
vn -0.205931 0.978567 0.000000
vn -0.062634 0.998037 0.000000
vn 0.044632 0.999004 0.000000
vn 0.140997 0.990010 0.000000
vn 0.245914 0.969292 0.000000
vn 0.356157 0.934426 0.000000
vn 0.465445 0.885077 0.000000
vn 0.574948 0.818190 0.000000
vn 0.682521 0.730866 0.000000
vn 0.780544 0.625101 0.000000
vn 0.865196 0.501434 0.000000
vn 0.933203 0.359350 0.000000
vn 0.977463 0.211109 0.000000
vn 0.997724 0.067426 0.000000
vn 1.000000 0.000000 -0.000000
vn 0.995893 -0.090538 -0.000000
vn 0.958914 -0.283697 -0.000000
vn 0.880503 -0.474041 -0.000000
vn 0.769269 -0.638925 -0.000000
vn 0.639025 -0.769186 -0.000000
vn 0.473853 -0.880604 -0.000000
vn 0.283453 -0.958986 -0.000000
vn 0.091101 -0.995842 -0.000000
vn 0.000000 -1.000000 -0.000000
vn -0.091103 -0.995842 -0.000000
vn -0.283453 -0.958986 -0.000000
vn -0.473853 -0.880604 -0.000000
vn -0.639015 -0.769194 -0.000000
vn -0.769259 -0.638937 -0.000000
vn -0.880512 -0.474024 -0.000000
vn -0.958914 -0.283697 -0.000000
vn -0.995893 -0.090538 -0.000000
vn -1.000000 0.000000 -0.000000
vn -0.994377 -0.105901 -0.000000
vn -0.944629 -0.328139 -0.000000
vn -0.844471 -0.535601 -0.000000
vn -0.713579 -0.700575 -0.000000
vn -0.558933 -0.829213 -0.000000
vn -0.379234 -0.925301 -0.000000
vn -0.209295 -0.977853 -0.000000
vn -0.063054 -0.998010 -0.000000
vn 0.055308 -0.998469 -0.000000
vn 0.185013 -0.982736 -0.000000
vn 0.340505 -0.940243 -0.000000
vn 0.514293 -0.857615 -0.000000
vn 0.689077 -0.724688 -0.000000
vn 0.845024 -0.534728 -0.000000
vn 0.950205 -0.311626 -0.000000
vn 0.995403 -0.095772 -0.000000
vn 0.997568 0.069700 0.000000
vn 0.974151 0.225898 0.000000
vn 0.917862 0.396900 0.000000
vn 0.824186 0.566319 0.000000
vn 0.717876 0.696171 0.000000
vn 0.626569 0.779366 0.000000
vn 0.542999 0.839734 0.000000
vn 0.469168 0.883109 0.000000
vn 0.414441 0.910076 0.000000
vn 0.382601 0.923914 0.000000
vn 0.360341 0.932821 0.000000
vn 0.343909 0.939003 0.000000
vn 0.364248 0.931302 0.000000
vn 0.384553 0.923103 0.000000
vn 0.409517 0.912302 0.000000
vn 0.440861 0.897575 0.000000
vn 0.508099 0.861299 0.000000
vn 0.600874 0.799344 0.000000
vn 0.685319 0.728243 0.000000
vn 0.759074 0.651004 0.000000
vn 0.843664 0.536871 0.000000
vn 0.926153 0.377148 0.000000
vn 0.976381 0.216054 0.000000
vn 0.997736 0.067251 0.000000
vn 0.995294 -0.096904 -0.000000
vn 0.950309 -0.311307 -0.000000
vn 0.849329 -0.527864 -0.000000
vn 0.703666 -0.710531 -0.000000
vn 0.538511 -0.842618 -0.000000
vn 0.364285 -0.931288 -0.000000
vn 0.201079 -0.979575 -0.000000
vn 0.060705 -0.998156 -0.000000
vn 0.053094 0.998590 0.000000
vn 0.167532 0.985867 0.000000
vn 0.290006 0.957025 0.000000
vn 0.415003 0.909820 0.000000
vn 0.534911 0.844909 0.000000
vn 0.648922 0.760854 0.000000
vn 0.752056 0.659100 0.000000
vn 0.837932 0.545774 0.000000
vn 0.904948 0.425522 0.000000
vn 0.954381 0.298592 0.000000
vn 0.984914 0.173044 0.000000
vn 0.998489 0.054953 0.000000
vn 0.998382 -0.056868 -0.000000
vn 0.983906 -0.178688 -0.000000
vn 0.951597 -0.307350 -0.000000
vn 0.899906 -0.436084 -0.000000
vn 0.829691 -0.558224 -0.000000
vn 0.739574 -0.673075 -0.000000
vn 0.632833 -0.774289 -0.000000
vn 0.516872 -0.856063 -0.000000
vn 0.397954 -0.917405 -0.000000
vn 0.276880 -0.960904 -0.000000
vn 0.159460 -0.987204 -0.000000
vn 0.050502 -0.998724 -0.000000
vn 0.000000 -1.000000 -0.000000
vn 0.141134 -0.989991 -0.000000
vn 0.514943 -0.857225 -0.000000
vn 0.857463 -0.514546 -0.000000
vn 0.989950 -0.141417 -0.000000
vn 1.000000 0.000000 -0.000000
vn 0.995893 -0.090538 -0.000000
vn 0.958967 -0.283517 -0.000000
vn 0.880358 -0.474309 -0.000000
vn 0.769264 -0.638931 -0.000000
vn 0.639020 -0.769190 -0.000000
vn 0.474367 -0.880327 -0.000000
vn 0.283453 -0.958986 -0.000000
vn 0.090474 -0.995899 -0.000000
vn 0.000000 -1.000000 -0.000000
vn -0.090475 -0.995899 -0.000000
vn -0.283453 -0.958986 -0.000000
vn -0.474367 -0.880327 -0.000000
vn -0.639015 -0.769194 -0.000000
vn -0.769259 -0.638937 -0.000000
vn -0.880354 -0.474317 -0.000000
vn -0.958967 -0.283517 -0.000000
vn -0.995893 -0.090538 -0.000000
vn -1.000000 0.000000 -0.000000
vn -0.995893 0.090538 0.000000
vn -0.958914 0.283697 0.000000
vn -0.880503 0.474041 0.000000
vn -0.769259 0.638937 0.000000
vn -0.639025 0.769186 0.000000
vn -0.473853 0.880604 0.000000
vn -0.283453 0.958986 0.000000
vn -0.090473 0.995899 0.000000
vn 0.000000 1.000000 0.000000
vn -0.077055 0.997027 0.000000
vn -0.250406 0.968141 0.000000
vn -0.437864 0.899041 0.000000
vn -0.616792 0.787127 0.000000
vn -0.766516 0.642226 0.000000
vn -0.886535 0.462662 0.000000
vn -0.963557 0.267503 0.000000
vn -0.996564 0.082825 0.000000
vn -0.996706 -0.081098 -0.000000
vn -0.965155 -0.261680 -0.000000
vn -0.891487 -0.453046 -0.000000
vn -0.776018 -0.630710 -0.000000
vn -0.629281 -0.777178 -0.000000
vn -0.449524 -0.893268 -0.000000
vn -0.258162 -0.966102 -0.000000
vn -0.079679 -0.996821 -0.000000
vn 0.000000 -1.000000 -0.000000
vn 0.141812 -0.989894 -0.000000
vn 0.514326 -0.857595 -0.000000
vn 0.857463 -0.514546 -0.000000
vn 0.989950 -0.141417 -0.000000
vn 1.000000 0.000000 -0.000000
vn 0.989949 0.141427 0.000000
vn 0.857463 0.514546 0.000000
vn 0.514943 0.857225 0.000000
vn 0.141135 0.989990 0.000000
vn 0.000000 1.000000 0.000000
vn -0.090475 -0.995899 -0.000000
vn -0.283451 -0.958987 -0.000000
vn -0.474364 -0.880329 -0.000000
vn -0.639023 -0.769188 -0.000000
vn -0.769262 -0.638934 -0.000000
vn -0.880358 -0.474309 -0.000000
vn -0.958966 -0.283522 -0.000000
vn -0.995893 -0.090542 -0.000000
vn -1.000000 0.000000 -0.000000
vn -0.995893 0.090542 0.000000
vn -0.958966 0.283522 0.000000
vn -0.880507 0.474033 0.000000
vn -0.769262 0.638934 0.000000
vn -0.638645 0.769501 0.000000
vn -0.474364 0.880329 0.000000
vn -0.283451 0.958987 0.000000
vn -0.090475 0.995899 0.000000
vn 0.000000 1.000000 0.000000
vn 0.090475 0.995899 0.000000
vn 0.283453 0.958986 0.000000
vn 0.474362 0.880330 0.000000
vn 0.638643 0.769503 0.000000
vn 0.769264 0.638931 0.000000
vn 0.880507 0.474033 0.000000
vn 0.958964 0.283526 0.000000
vn 0.995893 0.090538 0.000000
vn 1.000000 0.000000 -0.000000
vn 0.995893 -0.090538 -0.000000
vn 0.958964 -0.283526 -0.000000
vn 0.880358 -0.474309 -0.000000
vn 0.769264 -0.638931 -0.000000
vn 0.639020 -0.769190 -0.000000
vn 0.474362 -0.880330 -0.000000
vn 0.283453 -0.958986 -0.000000
vn 0.090475 -0.995899 -0.000000
vn 0.000000 -1.000000 -0.000000
vn -0.052245 -0.998634 -0.000000
vn -0.164401 -0.986394 -0.000000
vn -0.283933 -0.958844 -0.000000
vn -0.405701 -0.914006 -0.000000
vn -0.524496 -0.851413 -0.000000
vn -0.640266 -0.768154 -0.000000
vn -0.746139 -0.665790 -0.000000
vn -0.834929 -0.550357 -0.000000
vn -0.903556 -0.428470 -0.000000
vn -0.953628 -0.300987 -0.000000
vn -0.984643 -0.174579 -0.000000
vn -0.998460 -0.055471 -0.000000
vn -1.000000 0.000000 -0.000000
vn -0.998368 0.057101 0.000000
vn -0.983780 0.179377 0.000000
vn -0.951255 0.308405 0.000000
vn -0.899251 0.437432 0.000000
vn -0.830067 0.557663 0.000000
vn -0.742882 0.669422 0.000000
vn -0.639515 0.768778 0.000000
vn -0.526387 0.850245 0.000000
vn -0.408181 0.912901 0.000000
vn -0.285205 0.958467 0.000000
vn -0.164839 0.986320 0.000000
vn -0.052289 0.998632 0.000000
vn 0.051670 0.998664 0.000000
vn 0.163387 0.986562 0.000000
vn 0.283679 0.958919 0.000000
vn 0.407469 0.913219 0.000000
vn 0.526388 0.850245 0.000000
vn 0.639516 0.768778 0.000000
vn 0.742881 0.669423 0.000000
vn 0.830067 0.557664 0.000000
vn 0.899252 0.437431 0.000000
vn 0.951255 0.308405 0.000000
vn 0.983780 0.179377 0.000000
vn 0.998368 0.057103 0.000000
vn 1.000000 0.000000 -0.000000
vn 0.998411 -0.056347 -0.000000
vn 0.984163 -0.177265 -0.000000
vn 0.952249 -0.305323 -0.000000
vn 0.900913 -0.434000 -0.000000
vn 0.832203 -0.554471 -0.000000
vn 0.745142 -0.666906 -0.000000
vn 0.641250 -0.767332 -0.000000
vn 0.527114 -0.849795 -0.000000
vn 0.407469 -0.913219 -0.000000
vn 0.283679 -0.958919 -0.000000
vn 0.163387 -0.986562 -0.000000
vn 0.051670 -0.998664 -0.000000
vn -0.081176 0.996700 0.000000
vn -0.263090 0.964771 0.000000
vn -0.457528 0.889195 0.000000
vn -0.638553 0.769578 0.000000
vn -0.784960 0.619547 0.000000
vn -0.897646 0.440717 0.000000
vn -0.967618 0.252418 0.000000
vn -0.996970 0.077792 0.000000
vn -1.000000 0.000000 -0.000000
vn -0.997055 -0.076697 -0.000000
vn -0.968311 -0.249747 -0.000000
vn -0.899000 -0.437949 -0.000000
vn -0.785832 -0.618440 -0.000000
vn -0.638553 -0.769578 -0.000000
vn -0.457528 -0.889195 -0.000000
vn -0.263090 -0.964771 -0.000000
vn -0.081176 -0.996700 -0.000000
vn 0.082372 -0.996602 -0.000000
vn 0.265974 -0.963980 -0.000000
vn 0.460406 -0.887708 -0.000000
vn 0.639705 -0.768621 -0.000000
vn 0.785832 -0.618440 -0.000000
vn 0.899000 -0.437949 -0.000000
vn 0.968311 -0.249747 -0.000000
vn 0.997055 -0.076697 -0.000000
vn 1.000000 0.000000 -0.000000
vn 0.996970 0.077792 0.000000
vn 0.967618 0.252418 0.000000
vn 0.897646 0.440717 0.000000
vn 0.784960 0.619547 0.000000
vn 0.639705 0.768621 0.000000
vn 0.460406 0.887708 0.000000
vn 0.265974 0.963980 0.000000
vn 0.082372 0.996602 0.000000
vn -0.995891 0.090557 0.000000
vn -0.958962 0.283536 0.000000
vn -0.880503 0.474041 0.000000
vn -0.769279 0.638913 0.000000
vn -0.638657 0.769491 0.000000
vn -0.474367 0.880327 0.000000
vn -0.283447 0.958988 0.000000
vn -0.090475 0.995899 0.000000
vn 0.000000 1.000000 0.000000
vn 0.090475 0.995899 0.000000
vn 0.283447 0.958988 0.000000
vn 0.474367 0.880327 0.000000
vn 0.638618 0.769524 0.000000
vn 0.769279 0.638913 0.000000
vn 0.880503 0.474041 0.000000
vn 0.958962 0.283536 0.000000
vn 0.995895 0.090518 0.000000
vn 1.000000 0.000000 -0.000000
vn 0.995891 -0.090557 -0.000000
vn 0.958962 -0.283536 -0.000000
vn 0.880354 -0.474317 -0.000000
vn 0.769299 -0.638889 -0.000000
vn 0.639015 -0.769194 -0.000000
vn 0.474367 -0.880327 -0.000000
vn 0.283447 -0.958988 -0.000000
vn 0.090472 -0.995899 -0.000000
vn 0.000000 -1.000000 -0.000000
vn -0.107458 -0.994210 -0.000000
vn -0.360917 -0.932598 -0.000000
vn -0.624835 -0.780757 -0.000000
vn -0.827413 -0.561594 -0.000000
vn -0.853640 -0.520864 -0.000000
vn -0.788253 -0.615352 -0.000000
vn -0.644891 -0.764275 -0.000000
vn -0.375479 -0.926831 -0.000000
vn 0.030561 -0.999533 -0.000000
vn 0.472665 -0.881242 -0.000000
vn 0.822823 -0.568297 -0.000000
vn 0.963272 -0.268526 -0.000000
vn 0.997547 -0.070000 -0.000000
vn 0.999991 0.004292 0.000000
vn 0.995891 -0.090557 -0.000000
vn 0.958962 -0.283536 -0.000000
vn 0.880354 -0.474317 -0.000000
vn 0.769279 -0.638913 -0.000000
vn 0.639015 -0.769194 -0.000000
vn 0.474367 -0.880327 -0.000000
vn 0.283458 -0.958985 -0.000000
vn 0.090475 -0.995899 -0.000000
vn 0.000000 -1.000000 -0.000000
vn -0.090475 -0.995899 -0.000000
vn -0.283458 -0.958985 -0.000000
vn -0.474367 -0.880327 -0.000000
vn -0.639015 -0.769194 -0.000000
vn -0.769259 -0.638937 -0.000000
vn -0.880354 -0.474317 -0.000000
vn -0.958962 -0.283536 -0.000000
vn -0.995895 -0.090518 -0.000000
vn -1.000000 0.000000 -0.000000
vn -0.995891 0.090557 0.000000
vn -0.958962 0.283536 0.000000
vn -0.880503 0.474041 0.000000
vn -0.769279 0.638913 0.000000
vn -0.638638 0.769507 0.000000
vn -0.474367 0.880327 0.000000
vn -0.283458 0.958985 0.000000
vn -0.090475 0.995899 0.000000
vn 0.000000 1.000000 0.000000
vn 0.107458 0.994210 0.000000
vn 0.360917 0.932598 0.000000
vn 0.624602 0.780943 0.000000
vn 0.827527 0.561426 0.000000
vn 0.854443 0.519545 0.000000
vn 0.788281 0.615315 0.000000
vn 0.644927 0.764244 0.000000
vn 0.376664 0.926350 0.000000
vn -0.030558 0.999533 0.000000
vn -0.472665 0.881242 0.000000
vn -0.823271 0.567648 0.000000
vn -0.963193 0.268809 0.000000
vn -0.997547 0.070000 0.000000
vn -0.999998 -0.002146 -0.000000
vn 0.000000 0.000000 1.000000
vn 0.000000 -0.000000 1.000000
vn 0.000000 -0.000000 1.000000
vn 0.000000 -0.000000 1.000000
vn 0.000000 -0.000000 1.000000
vn 0.000000 0.000000 1.000000
vn -0.000000 0.000000 1.000000
vn 0.000000 -0.000000 1.000000
vn 0.000000 -0.000000 1.000000
vn 0.000000 -0.000000 -1.000000
vn 0.000000 -0.000000 -1.000000
vn -0.000000 0.000000 -1.000000
vn 0.000000 0.000000 -1.000000
vn 0.000000 0.000000 -1.000000
vn 0.000000 0.000000 -1.000000
vn -0.000000 -0.000000 -1.000000
vn 0.000000 0.000000 -1.000000
vn 0.000000 0.000000 -1.000000
vn 0.000000 1.000000 0.000000
vn 0.928477 0.371391 0.000000
vn 0.485643 0.874157 0.000000
vn 0.406139 -0.913811 -0.000000
vn 0.961524 -0.274721 -0.000000
vn 0.351124 -0.936329 -0.000000
vn 1.000000 0.000000 -0.000000
vn 0.338719 0.940887 0.000000
vn 0.000000 -1.000000 -0.000000
vn -0.732794 0.680451 0.000000
vn -0.998752 -0.049938 -0.000000
vn -0.993884 0.110431 0.000000
vn 0.000000 -0.000000 1.000000
vn 0.000000 -0.000000 1.000000
vn 0.000000 -0.000000 1.000000
vn 0.000000 0.000000 -1.000000
vn 0.000000 0.000000 -1.000000
vn 0.000000 0.000000 -1.000000
vn -0.447214 0.894427 0.000000
vn -0.973417 0.229039 0.000000
vn 0.127971 0.991778 0.000000
vn 0.919145 0.393919 0.000000
vn 0.380749 0.924678 0.000000
vn -0.013888 -0.999904 -0.000000
vn 0.000000 -0.000000 -1.000000
vn 0.000000 0.000000 1.000000
vn 0.000000 1.000000 0.000000
vn -1.000000 0.000000 -0.000000
vn 0.000000 -1.000000 -0.000000
vn 1.000000 0.000000 -0.000000
vn 0.000000 0.000000 -1.000000
vn 0.000000 -0.000000 1.000000
vn 0.274721 0.961524 0.000000
vn -0.961524 0.274721 0.000000
vn -0.274721 -0.961524 -0.000000
vn 0.961524 -0.274721 -0.000000
f 4//1 6//1 5//1
f 4//2 7//2 6//2
f 3//3 7//3 4//3
f 3//4 8//4 7//4
f 2//5 8//5 3//5
f 2//6 9//6 8//6
f 1//7 9//7 2//7
f 1//8 10//8 9//8
f 59//9 10//9 1//9
f 59//10 11//10 10//10
f 59//11 12//11 11//11
f 59//12 13//12 12//12
f 59//13 14//13 13//13
f 59//14 38//14 14//14
f 38//15 37//15 14//15
f 37//16 36//16 14//16
f 36//17 35//17 14//17
f 35//18 34//18 14//18
f 34//19 15//19 14//19
f 58//20 38//20 59//20
f 57//21 38//21 58//21
f 56//22 38//22 57//22
f 55//23 38//23 56//23
f 54//24 40//24 55//24
f 40//25 39//25 55//25
f 39//26 38//26 55//26
f 54//27 41//27 40//27
f 54//28 42//28 41//28
f 33//29 15//29 34//29
f 32//30 15//30 33//30
f 53//31 42//31 54//31
f 52//32 42//32 53//32
f 51//33 42//33 52//33
f 50//34 42//34 51//34
f 49//35 42//35 50//35
f 48//36 42//36 49//36
f 48//37 43//37 42//37
f 47//38 43//38 48//38
f 47//39 44//39 43//39
f 47//40 45//40 44//40
f 46//41 45//41 47//41
f 31//42 15//42 32//42
f 31//43 16//43 15//43
f 30//44 16//44 31//44
f 30//45 17//45 16//45
f 29//46 17//46 30//46
f 29//47 18//47 17//47
f 29//48 19//48 18//48
f 28//49 19//49 29//49
f 27//50 19//50 28//50
f 27//51 20//51 19//51
f 26//52 20//52 27//52
f 26//53 21//53 20//53
f 26//54 22//54 21//54
f 25//55 22//55 26//55
f 25//56 23//56 22//56
f 24//57 23//57 25//57
f 63//58 64//58 65//58
f 63//59 65//59 66//59
f 62//60 63//60 66//60
f 62//61 66//61 67//61
f 61//62 62//62 67//62
f 61//63 67//63 68//63
f 60//64 61//64 68//64
f 60//65 68//65 69//65
f 118//66 60//66 69//66
f 118//67 69//67 70//67
f 118//68 70//68 71//68
f 118//69 71//69 72//69
f 118//70 72//70 73//70
f 118//71 73//71 97//71
f 97//72 73//72 96//72
f 96//73 73//73 95//73
f 95//74 73//74 94//74
f 94//75 73//75 93//75
f 93//76 73//76 74//76
f 117//77 118//77 97//77
f 116//78 117//78 97//78
f 115//79 116//79 97//79
f 114//80 115//80 97//80
f 113//81 114//81 99//81
f 99//82 114//82 98//82
f 98//83 114//83 97//83
f 113//84 99//84 100//84
f 113//85 100//85 101//85
f 92//86 93//86 74//86
f 91//87 92//87 74//87
f 112//88 113//88 101//88
f 111//89 112//89 101//89
f 110//90 111//90 101//90
f 109//91 110//91 101//91
f 108//92 109//92 101//92
f 107//93 108//93 101//93
f 107//94 101//94 102//94
f 106//95 107//95 102//95
f 106//96 102//96 103//96
f 106//97 103//97 104//97
f 105//98 106//98 104//98
f 90//99 91//99 74//99
f 90//100 74//100 75//100
f 89//101 90//101 75//101
f 89//102 75//102 76//102
f 88//103 89//103 76//103
f 88//104 76//104 77//104
f 88//105 77//105 78//105
f 87//106 88//106 78//106
f 86//107 87//107 78//107
f 86//108 78//108 79//108
f 85//109 86//109 79//109
f 85//110 79//110 80//110
f 85//111 80//111 81//111
f 84//112 85//112 81//112
f 84//113 81//113 82//113
f 83//114 84//114 82//114
f 122//115 119//115 120//115
f 124//116 121//116 122//116
f 126//117 123//117 124//117
f 128//118 125//118 126//118
f 130//119 127//119 128//119
f 132//120 129//120 130//120
f 134//121 131//121 132//121
f 136//122 133//122 134//122
f 138//123 135//123 136//123
f 140//124 137//124 138//124
f 142//125 139//125 140//125
f 144//126 141//126 142//126
f 146//127 143//127 144//127
f 148//128 145//128 146//128
f 150//129 147//129 148//129
f 152//130 149//130 150//130
f 154//131 151//131 152//131
f 156//132 153//132 154//132
f 158//133 155//133 156//133
f 160//134 157//134 158//134
f 162//135 159//135 160//135
f 164//136 161//136 162//136
f 166//137 163//137 164//137
f 168//138 165//138 166//138
f 170//139 167//139 168//139
f 172//140 169//140 170//140
f 174//141 171//141 172//141
f 176//142 173//142 174//142
f 178//143 175//143 176//143
f 180//144 177//144 178//144
f 182//145 179//145 180//145
f 184//146 181//146 182//146
f 186//147 183//147 184//147
f 188//148 185//148 186//148
f 190//149 187//149 188//149
f 192//150 189//150 190//150
f 194//151 191//151 192//151
f 196//152 193//152 194//152
f 198//153 195//153 196//153
f 200//154 197//154 198//154
f 202//155 199//155 200//155
f 204//156 201//156 202//156
f 206//157 203//157 204//157
f 208//158 205//158 206//158
f 210//159 207//159 208//159
f 212//160 209//160 210//160
f 214//161 211//161 212//161
f 216//162 213//162 214//162
f 218//163 215//163 216//163
f 220//164 217//164 218//164
f 222//165 219//165 220//165
f 224//166 221//166 222//166
f 226//167 223//167 224//167
f 228//168 225//168 226//168
f 230//169 227//169 228//169
f 232//170 229//170 230//170
f 234//171 231//171 232//171
f 236//172 233//172 234//172
f 120//173 235//173 236//173
f 303//174 305//174 304//174
f 303//175 306//175 305//175
f 244//176 246//176 245//176
f 244//177 247//177 246//177
f 302//178 306//178 303//178
f 243//179 247//179 244//179
f 243//180 248//180 247//180
f 302//181 307//181 306//181
f 301//182 307//182 302//182
f 242//183 248//183 243//183
f 242//184 249//184 248//184
f 300//185 307//185 301//185
f 241//186 249//186 242//186
f 241//187 250//187 249//187
f 300//188 308//188 307//188
f 299//189 308//189 300//189
f 240//190 250//190 241//190
f 240//191 251//191 250//191
f 299//192 309//192 308//192
f 240//193 252//193 251//193
f 298//194 309//194 299//194
f 239//195 252//195 240//195
f 239//196 253//196 252//196
f 297//197 309//197 298//197
f 238//198 253//198 239//198
f 297//199 310//199 309//199
f 238//200 254//200 253//200
f 296//201 310//201 297//201
f 237//202 254//202 238//202
f 295//203 276//203 296//203
f 276//204 275//204 296//204
f 275//205 274//205 296//205
f 274//206 273//206 296//206
f 273//207 272//207 296//207
f 272//208 271//208 296//208
f 271//209 270//209 296//209
f 270//210 310//210 296//210
f 318//211 254//211 237//211
f 318//212 255//212 254//212
f 269//213 310//213 270//213
f 268//214 310//214 269//214
f 295//215 277//215 276//215
f 295//216 278//216 277//216
f 317//217 255//217 318//217
f 316//218 255//218 317//218
f 268//219 311//219 310//219
f 315//220 255//220 316//220
f 268//221 312//221 311//221
f 314//222 255//222 315//222
f 268//223 313//223 312//223
f 313//224 255//224 314//224
f 268//225 255//225 313//225
f 294//226 278//226 295//226
f 294//227 279//227 278//227
f 268//228 256//228 255//228
f 293//229 279//229 294//229
f 293//230 280//230 279//230
f 268//231 257//231 256//231
f 267//232 257//232 268//232
f 292//233 280//233 293//233
f 292//234 281//234 280//234
f 267//235 258//235 257//235
f 291//236 281//236 292//236
f 291//237 282//237 281//237
f 267//238 259//238 258//238
f 266//239 259//239 267//239
f 290//240 282//240 291//240
f 290//241 283//241 282//241
f 266//242 260//242 259//242
f 265//243 260//243 266//243
f 289//244 283//244 290//244
f 289//245 284//245 283//245
f 265//246 261//246 260//246
f 288//247 284//247 289//247
f 288//248 285//248 284//248
f 265//249 262//249 261//249
f 264//250 262//250 265//250
f 287//251 285//251 288//251
f 287//252 286//252 285//252
f 264//253 263//253 262//253
f 343//254 345//254 344//254
f 342//255 345//255 343//255
f 342//256 346//256 345//256
f 341//257 346//257 342//257
f 341//258 347//258 346//258
f 340//259 347//259 341//259
f 340//260 348//260 347//260
f 339//261 348//261 340//261
f 339//262 349//262 348//262
f 338//263 349//263 339//263
f 338//264 350//264 349//264
f 337//265 350//265 338//265
f 337//266 351//266 350//266
f 336//267 386//267 337//267
f 386//268 351//268 337//268
f 386//269 352//269 351//269
f 336//270 387//270 386//270
f 385//271 352//271 386//271
f 336//272 388//272 387//272
f 384//273 352//273 385//273
f 336//274 389//274 388//274
f 383//275 352//275 384//275
f 335//276 389//276 336//276
f 383//277 353//277 352//277
f 335//278 390//278 389//278
f 382//279 353//279 383//279
f 335//280 391//280 390//280
f 381//281 353//281 382//281
f 334//282 391//282 335//282
f 381//283 354//283 353//283
f 334//284 392//284 391//284
f 380//285 354//285 381//285
f 333//286 392//286 334//286
f 380//287 355//287 354//287
f 333//288 393//288 392//288
f 379//289 355//289 380//289
f 332//290 393//290 333//290
f 379//291 356//291 355//291
f 332//292 394//292 393//292
f 378//293 356//293 379//293
f 332//294 395//294 394//294
f 377//295 356//295 378//295
f 331//296 395//296 332//296
f 377//297 357//297 356//297
f 330//298 395//298 331//298
f 377//299 358//299 357//299
f 330//300 396//300 395//300
f 376//301 358//301 377//301
f 330//302 397//302 396//302
f 375//303 358//303 376//303
f 329//304 397//304 330//304
f 375//305 359//305 358//305
f 329//306 398//306 397//306
f 374//307 359//307 375//307
f 328//308 398//308 329//308
f 374//309 360//309 359//309
f 328//310 399//310 398//310
f 373//311 360//311 374//311
f 327//312 399//312 328//312
f 373//313 361//313 360//313
f 327//314 400//314 399//314
f 372//315 361//315 373//315
f 327//316 401//316 400//316
f 371//317 361//317 372//317
f 326//318 401//318 327//318
f 371//319 362//319 361//319
f 326//320 402//320 401//320
f 370//321 362//321 371//321
f 326//322 369//322 402//322
f 369//323 362//323 370//323
f 326//324 362//324 369//324
f 325//325 362//325 326//325
f 325//326 363//326 362//326
f 324//327 363//327 325//327
f 324//328 364//328 363//328
f 324//329 365//329 364//329
f 323//330 365//330 324//330
f 322//331 365//331 323//331
f 322//332 366//332 365//332
f 322//333 367//333 366//333
f 321//334 367//334 322//334
f 321//335 368//335 367//335
f 320//336 368//336 321//336
f 320//337 319//337 368//337
f 419//338 421//338 420//338
f 419//339 422//339 421//339
f 418//340 422//340 419//340
f 418//341 423//341 422//341
f 417//342 423//342 418//342
f 417//343 424//343 423//343
f 416//344 424//344 417//344
f 416//345 425//345 424//345
f 415//346 425//346 416//346
f 415//347 426//347 425//347
f 415//348 427//348 426//348
f 414//349 427//349 415//349
f 414//350 428//350 427//350
f 413//351 428//351 414//351
f 413//352 429//352 428//352
f 412//353 429//353 413//353
f 411//354 429//354 412//354
f 411//355 430//355 429//355
f 410//356 430//356 411//356
f 410//357 431//357 430//357
f 409//358 431//358 410//358
f 409//359 432//359 431//359
f 408//360 432//360 409//360
f 408//361 433//361 432//361
f 407//362 433//362 408//362
f 407//363 434//363 433//363
f 406//364 434//364 407//364
f 406//365 435//365 434//365
f 405//366 435//366 406//366
f 405//367 436//367 435//367
f 404//368 436//368 405//368
f 404//369 437//369 436//369
f 403//370 437//370 404//370
f 403//371 438//371 437//371
f 494//372 439//372 495//372
f 494//373 440//373 439//373
f 493//374 440//374 494//374
f 492//375 440//375 493//375
f 492//376 441//376 440//376
f 491//377 441//377 492//377
f 490//378 441//378 491//378
f 489//379 441//379 490//379
f 489//380 442//380 441//380
f 488//381 442//381 489//381
f 487//382 442//382 488//382
f 486//383 516//383 487//383
f 516//384 515//384 487//384
f 515//385 514//385 487//385
f 514//386 442//386 487//386
f 514//387 443//387 442//387
f 514//388 444//388 443//388
f 514//389 513//389 444//389
f 513//390 445//390 444//390
f 513//391 446//391 445//391
f 513//392 447//392 446//392
f 513//393 512//393 447//393
f 512//394 511//394 447//394
f 511//395 448//395 447//395
f 510//396 448//396 511//396
f 486//397 517//397 516//397
f 486//398 518//398 517//398
f 509//399 448//399 510//399
f 508//400 448//400 509//400
f 508//401 449//401 448//401
f 507//402 449//402 508//402
f 506//403 449//403 507//403
f 506//404 450//404 449//404
f 505//405 450//405 506//405
f 505//406 451//406 450//406
f 504//407 451//407 505//407
f 504//408 452//408 451//408
f 503//409 452//409 504//409
f 502//410 452//410 503//410
f 502//411 453//411 452//411
f 501//412 453//412 502//412
f 501//413 454//413 453//413
f 500//414 454//414 501//414
f 499//415 454//415 500//415
f 499//416 455//416 454//416
f 498//417 455//417 499//417
f 497//418 455//418 498//418
f 486//419 519//419 518//419
f 497//420 456//420 455//420
f 486//421 520//421 519//421
f 496//422 456//422 497//422
f 486//423 521//423 520//423
f 486//424 522//424 521//424
f 486//425 467//425 522//425
f 467//426 466//426 522//426
f 466//427 496//427 522//427
f 466//428 465//428 496//428
f 465//429 456//429 496//429
f 465//430 457//430 456//430
f 465//431 464//431 457//431
f 464//432 458//432 457//432
f 464//433 459//433 458//433
f 464//434 460//434 459//434
f 464//435 461//435 460//435
f 464//436 462//436 461//436
f 464//437 463//437 462//437
f 486//438 468//438 467//438
f 486//439 469//439 468//439
f 485//440 469//440 486//440
f 485//441 470//441 469//441
f 484//442 470//442 485//442
f 484//443 471//443 470//443
f 483//444 471//444 484//444
f 483//445 472//445 471//445
f 482//446 472//446 483//446
f 482//447 473//447 472//447
f 481//448 473//448 482//448
f 481//449 474//449 473//449
f 480//450 474//450 481//450
f 480//451 475//451 474//451
f 479//452 475//452 480//452
f 479//453 476//453 475//453
f 478//454 476//454 479//454
f 478//455 477//455 476//455
f 601//456 603//456 602//456
f 601//457 604//457 603//457
f 600//458 604//458 601//458
f 600//459 605//459 604//459
f 599//460 605//460 600//460
f 599//461 606//461 605//461
f 599//462 607//462 606//462
f 598//463 607//463 599//463
f 598//464 608//464 607//464
f 597//465 608//465 598//465
f 597//466 609//466 608//466
f 597//467 610//467 609//467
f 596//468 641//468 597//468
f 641//469 610//469 597//469
f 641//470 640//470 610//470
f 640//471 611//471 610//471
f 596//472 642//472 641//472
f 596//473 643//473 642//473
f 639//474 611//474 640//474
f 596//475 644//475 643//475
f 638//476 611//476 639//476
f 595//477 644//477 596//477
f 595//478 645//478 644//478
f 637//479 611//479 638//479
f 637//480 612//480 611//480
f 595//481 646//481 645//481
f 636//482 612//482 637//482
f 595//483 647//483 646//483
f 594//484 647//484 595//484
f 636//485 613//485 612//485
f 635//486 613//486 636//486
f 594//487 648//487 647//487
f 594//488 649//488 648//488
f 634//489 613//489 635//489
f 634//490 614//490 613//490
f 594//491 650//491 649//491
f 633//492 614//492 634//492
f 593//493 650//493 594//493
f 593//494 651//494 650//494
f 633//495 615//495 614//495
f 632//496 615//496 633//496
f 593//497 652//497 651//497
f 592//498 652//498 593//498
f 631//499 615//499 632//499
f 631//500 616//500 615//500
f 631//501 617//501 616//501
f 630//502 617//502 631//502
f 592//503 653//503 652//503
f 630//504 618//504 617//504
f 629//505 618//505 630//505
f 629//506 619//506 618//506
f 628//507 619//507 629//507
f 627//508 619//508 628//508
f 627//509 620//509 619//509
f 626//510 620//510 627//510
f 626//511 621//511 620//511
f 625//512 621//512 626//512
f 625//513 622//513 621//513
f 624//514 622//514 625//514
f 624//515 623//515 622//515
f 592//516 654//516 653//516
f 591//517 654//517 592//517
f 591//518 655//518 654//518
f 591//519 656//519 655//519
f 591//520 657//520 656//520
f 590//521 657//521 591//521
f 590//522 658//522 657//522
f 590//523 659//523 658//523
f 589//524 659//524 590//524
f 589//525 660//525 659//525
f 589//526 661//526 660//526
f 588//527 661//527 589//527
f 588//528 662//528 661//528
f 587//529 662//529 588//529
f 587//530 663//530 662//530
f 587//531 664//531 663//531
f 586//532 664//532 587//532
f 586//533 665//533 664//533
f 585//534 665//534 586//534
f 585//535 666//535 665//535
f 584//536 666//536 585//536
f 584//537 667//537 666//537
f 583//538 667//538 584//538
f 583//539 668//539 667//539
f 582//540 668//540 583//540
f 581//541 668//541 582//541
f 581//542 669//542 668//542
f 580//543 669//543 581//543
f 580//544 670//544 669//544
f 579//545 670//545 580//545
f 578//546 670//546 579//546
f 577//547 670//547 578//547
f 577//548 671//548 670//548
f 576//549 671//549 577//549
f 575//550 671//550 576//550
f 575//551 672//551 671//551
f 574//552 672//552 575//552
f 573//553 672//553 574//553
f 543//554 545//554 544//554
f 543//555 546//555 545//555
f 542//556 546//556 543//556
f 542//557 547//557 546//557
f 541//558 547//558 542//558
f 541//559 548//559 547//559
f 540//560 548//560 541//560
f 540//561 549//561 548//561
f 539//562 549//562 540//562
f 539//563 550//563 549//563
f 538//564 550//564 539//564
f 538//565 551//565 550//565
f 537//566 551//566 538//566
f 537//567 552//567 551//567
f 572//568 672//568 573//568
f 536//569 552//569 537//569
f 536//570 553//570 552//570
f 535//571 553//571 536//571
f 535//572 554//572 553//572
f 572//573 673//573 672//573
f 571//574 673//574 572//574
f 535//575 555//575 554//575
f 570//576 673//576 571//576
f 534//577 555//577 535//577
f 570//578 674//578 673//578
f 569//579 674//579 570//579
f 534//580 556//580 555//580
f 568//581 674//581 569//581
f 533//582 556//582 534//582
f 533//583 557//583 556//583
f 567//584 674//584 568//584
f 567//585 675//585 674//585
f 533//586 558//586 557//586
f 532//587 558//587 533//587
f 566//588 675//588 567//588
f 532//589 559//589 558//589
f 565//590 675//590 566//590
f 531//591 559//591 532//591
f 531//592 560//592 559//592
f 565//593 676//593 675//593
f 564//594 676//594 565//594
f 531//595 561//595 560//595
f 563//596 676//596 564//596
f 531//597 562//597 561//597
f 562//598 676//598 563//598
f 531//599 676//599 562//599
f 530//600 676//600 531//600
f 530//601 677//601 676//601
f 529//602 677//602 530//602
f 528//603 677//603 529//603
f 528//604 678//604 677//604
f 527//605 678//605 528//605
f 527//606 679//606 678//606
f 526//607 679//607 527//607
f 525//608 679//608 526//608
f 525//609 680//609 679//609
f 524//610 680//610 525//610
f 524//611 523//611 680//611
f 762//612 764//612 763//612
f 762//613 765//613 764//613
f 761//614 765//614 762//614
f 761//615 766//615 765//615
f 760//616 766//616 761//616
f 760//617 767//617 766//617
f 759//618 767//618 760//618
f 759//619 768//619 767//619
f 758//620 768//620 759//620
f 758//621 769//621 768//621
f 758//622 770//622 769//622
f 757//623 770//623 758//623
f 757//624 771//624 770//624
f 756//625 771//625 757//625
f 756//626 772//626 771//626
f 755//627 772//627 756//627
f 754//628 693//628 755//628
f 693//629 692//629 755//629
f 692//630 691//630 755//630
f 691//631 772//631 755//631
f 691//632 690//632 772//632
f 690//633 681//633 772//633
f 690//634 682//634 681//634
f 690//635 683//635 682//635
f 690//636 684//636 683//636
f 690//637 685//637 684//637
f 690//638 686//638 685//638
f 690//639 687//639 686//639
f 690//640 688//640 687//640
f 690//641 689//641 688//641
f 754//642 694//642 693//642
f 754//643 695//643 694//643
f 754//644 696//644 695//644
f 754//645 697//645 696//645
f 754//646 698//646 697//646
f 754//647 699//647 698//647
f 754//648 721//648 699//648
f 721//649 720//649 699//649
f 720//650 719//650 699//650
f 719//651 700//651 699//651
f 719//652 701//652 700//652
f 719//653 702//653 701//653
f 719//654 703//654 702//654
f 719//655 704//655 703//655
f 719//656 705//656 704//656
f 719//657 706//657 705//657
f 719//658 707//658 706//658
f 719//659 708//659 707//659
f 719//660 718//660 708//660
f 718//661 709//661 708//661
f 718//662 710//662 709//662
f 718//663 711//663 710//663
f 718//664 712//664 711//664
f 718//665 713//665 712//665
f 718//666 714//666 713//666
f 718//667 715//667 714//667
f 718//668 716//668 715//668
f 718//669 717//669 716//669
f 754//670 722//670 721//670
f 754//671 723//671 722//671
f 754//672 724//672 723//672
f 754//673 725//673 724//673
f 754//674 726//674 725//674
f 754//675 727//675 726//675
f 754//676 728//676 727//676
f 754//677 729//677 728//677
f 754//678 730//678 729//678
f 754//679 731//679 730//679
f 754//680 732//680 731//680
f 754//681 733//681 732//681
f 754//682 734//682 733//682
f 754//683 735//683 734//683
f 754//684 736//684 735//684
f 754//685 737//685 736//685
f 753//686 737//686 754//686
f 753//687 738//687 737//687
f 752//688 738//688 753//688
f 752//689 739//689 738//689
f 751//690 739//690 752//690
f 751//691 740//691 739//691
f 750//692 740//692 751//692
f 750//693 741//693 740//693
f 749//694 741//694 750//694
f 749//695 742//695 741//695
f 748//696 742//696 749//696
f 748//697 743//697 742//697
f 747//698 743//698 748//698
f 747//699 744//699 743//699
f 746//700 744//700 747//700
f 746//701 745//701 744//701
f 839//702 840//702 841//702
f 839//703 841//703 842//703
f 780//704 781//704 782//704
f 780//705 782//705 783//705
f 838//706 839//706 842//706
f 779//707 780//707 783//707
f 779//708 783//708 784//708
f 838//709 842//709 843//709
f 837//710 838//710 843//710
f 778//711 779//711 784//711
f 778//712 784//712 785//712
f 836//713 837//713 843//713
f 777//714 778//714 785//714
f 777//715 785//715 786//715
f 836//716 843//716 844//716
f 835//717 836//717 844//717
f 776//718 777//718 786//718
f 776//719 786//719 787//719
f 835//720 844//720 845//720
f 776//721 787//721 788//721
f 834//722 835//722 845//722
f 775//723 776//723 788//723
f 775//724 788//724 789//724
f 833//725 834//725 845//725
f 774//726 775//726 789//726
f 833//727 845//727 846//727
f 774//728 789//728 790//728
f 832//729 833//729 846//729
f 773//730 774//730 790//730
f 831//731 832//731 812//731
f 812//732 832//732 811//732
f 811//733 832//733 810//733
f 810//734 832//734 809//734
f 809//735 832//735 808//735
f 808//736 832//736 807//736
f 807//737 832//737 806//737
f 806//738 832//738 846//738
f 854//739 773//739 790//739
f 854//740 790//740 791//740
f 805//741 806//741 846//741
f 804//742 805//742 846//742
f 831//743 812//743 813//743
f 831//744 813//744 814//744
f 853//745 854//745 791//745
f 852//746 853//746 791//746
f 804//747 846//747 847//747
f 851//748 852//748 791//748
f 804//749 847//749 848//749
f 850//750 851//750 791//750
f 804//751 848//751 849//751
f 849//752 850//752 791//752
f 804//753 849//753 791//753
f 830//754 831//754 814//754
f 830//755 814//755 815//755
f 804//756 791//756 792//756
f 829//757 830//757 815//757
f 829//758 815//758 816//758
f 804//759 792//759 793//759
f 803//760 804//760 793//760
f 828//761 829//761 816//761
f 828//762 816//762 817//762
f 803//763 793//763 794//763
f 827//764 828//764 817//764
f 827//765 817//765 818//765
f 803//766 794//766 795//766
f 802//767 803//767 795//767
f 826//768 827//768 818//768
f 826//769 818//769 819//769
f 802//770 795//770 796//770
f 801//771 802//771 796//771
f 825//772 826//772 819//772
f 825//773 819//773 820//773
f 801//774 796//774 797//774
f 824//775 825//775 820//775
f 824//776 820//776 821//776
f 801//777 797//777 798//777
f 800//778 801//778 798//778
f 823//779 824//779 821//779
f 823//780 821//780 822//780
f 800//781 798//781 799//781
f 879//782 880//782 881//782
f 878//783 879//783 881//783
f 878//784 881//784 882//784
f 877//785 878//785 882//785
f 877//786 882//786 883//786
f 876//787 877//787 883//787
f 876//788 883//788 884//788
f 875//789 876//789 884//789
f 875//790 884//790 885//790
f 874//791 875//791 885//791
f 874//792 885//792 886//792
f 873//793 874//793 886//793
f 873//794 886//794 887//794
f 872//795 873//795 922//795
f 922//796 873//796 887//796
f 922//797 887//797 888//797
f 872//798 922//798 923//798
f 921//799 922//799 888//799
f 872//800 923//800 924//800
f 920//801 921//801 888//801
f 872//802 924//802 925//802
f 919//803 920//803 888//803
f 871//804 872//804 925//804
f 919//805 888//805 889//805
f 871//806 925//806 926//806
f 918//807 919//807 889//807
f 871//808 926//808 927//808
f 917//809 918//809 889//809
f 870//810 871//810 927//810
f 917//811 889//811 890//811
f 870//812 927//812 928//812
f 916//813 917//813 890//813
f 869//814 870//814 928//814
f 916//815 890//815 891//815
f 869//816 928//816 929//816
f 915//817 916//817 891//817
f 868//818 869//818 929//818
f 915//819 891//819 892//819
f 868//820 929//820 930//820
f 914//821 915//821 892//821
f 868//822 930//822 931//822
f 913//823 914//823 892//823
f 867//824 868//824 931//824
f 913//825 892//825 893//825
f 866//826 867//826 931//826
f 913//827 893//827 894//827
f 866//828 931//828 932//828
f 912//829 913//829 894//829
f 866//830 932//830 933//830
f 911//831 912//831 894//831
f 865//832 866//832 933//832
f 911//833 894//833 895//833
f 865//834 933//834 934//834
f 910//835 911//835 895//835
f 864//836 865//836 934//836
f 910//837 895//837 896//837
f 864//838 934//838 935//838
f 909//839 910//839 896//839
f 863//840 864//840 935//840
f 909//841 896//841 897//841
f 863//842 935//842 936//842
f 908//843 909//843 897//843
f 863//844 936//844 937//844
f 907//845 908//845 897//845
f 862//846 863//846 937//846
f 907//847 897//847 898//847
f 862//848 937//848 938//848
f 906//849 907//849 898//849
f 862//850 938//850 905//850
f 905//851 906//851 898//851
f 862//852 905//852 898//852
f 861//853 862//853 898//853
f 861//854 898//854 899//854
f 860//855 861//855 899//855
f 860//856 899//856 900//856
f 860//857 900//857 901//857
f 859//858 860//858 901//858
f 858//859 859//859 901//859
f 858//860 901//860 902//860
f 858//861 902//861 903//861
f 857//862 858//862 903//862
f 857//863 903//863 904//863
f 856//864 857//864 904//864
f 856//865 904//865 855//865
f 955//866 956//866 957//866
f 955//867 957//867 958//867
f 954//868 955//868 958//868
f 954//869 958//869 959//869
f 953//870 954//870 959//870
f 953//871 959//871 960//871
f 952//872 953//872 960//872
f 952//873 960//873 961//873
f 951//874 952//874 961//874
f 951//875 961//875 962//875
f 951//876 962//876 963//876
f 950//877 951//877 963//877
f 950//878 963//878 964//878
f 949//879 950//879 964//879
f 949//880 964//880 965//880
f 948//881 949//881 965//881
f 947//882 948//882 965//882
f 947//883 965//883 966//883
f 946//884 947//884 966//884
f 946//885 966//885 967//885
f 945//886 946//886 967//886
f 945//887 967//887 968//887
f 944//888 945//888 968//888
f 944//889 968//889 969//889
f 943//890 944//890 969//890
f 943//891 969//891 970//891
f 942//892 943//892 970//892
f 942//893 970//893 971//893
f 941//894 942//894 971//894
f 941//895 971//895 972//895
f 940//896 941//896 972//896
f 940//897 972//897 973//897
f 939//898 940//898 973//898
f 939//899 973//899 974//899
f 1030//900 1031//900 975//900
f 1030//901 975//901 976//901
f 1029//902 1030//902 976//902
f 1028//903 1029//903 976//903
f 1028//904 976//904 977//904
f 1027//905 1028//905 977//905
f 1026//906 1027//906 977//906
f 1025//907 1026//907 977//907
f 1025//908 977//908 978//908
f 1024//909 1025//909 978//909
f 1023//910 1024//910 978//910
f 1022//911 1023//911 1052//911
f 1052//912 1023//912 1051//912
f 1051//913 1023//913 1050//913
f 1050//914 1023//914 978//914
f 1050//915 978//915 979//915
f 1050//916 979//916 980//916
f 1050//917 980//917 1049//917
f 1049//918 980//918 981//918
f 1049//919 981//919 982//919
f 1049//920 982//920 983//920
f 1049//921 983//921 1048//921
f 1048//922 983//922 1047//922
f 1047//923 983//923 984//923
f 1046//924 1047//924 984//924
f 1022//925 1052//925 1053//925
f 1022//926 1053//926 1054//926
f 1045//927 1046//927 984//927
f 1044//928 1045//928 984//928
f 1044//929 984//929 985//929
f 1043//930 1044//930 985//930
f 1042//931 1043//931 985//931
f 1042//932 985//932 986//932
f 1041//933 1042//933 986//933
f 1041//934 986//934 987//934
f 1040//935 1041//935 987//935
f 1040//936 987//936 988//936
f 1039//937 1040//937 988//937
f 1038//938 1039//938 988//938
f 1038//939 988//939 989//939
f 1037//940 1038//940 989//940
f 1037//941 989//941 990//941
f 1036//942 1037//942 990//942
f 1035//943 1036//943 990//943
f 1035//944 990//944 991//944
f 1034//945 1035//945 991//945
f 1033//946 1034//946 991//946
f 1022//947 1054//947 1055//947
f 1033//948 991//948 992//948
f 1022//949 1055//949 1056//949
f 1032//950 1033//950 992//950
f 1022//951 1056//951 1057//951
f 1022//952 1057//952 1058//952
f 1022//953 1058//953 1003//953
f 1003//954 1058//954 1002//954
f 1002//955 1058//955 1032//955
f 1002//956 1032//956 1001//956
f 1001//957 1032//957 992//957
f 1001//958 992//958 993//958
f 1001//959 993//959 1000//959
f 1000//960 993//960 994//960
f 1000//961 994//961 995//961
f 1000//962 995//962 996//962
f 1000//963 996//963 997//963
f 1000//964 997//964 998//964
f 1000//965 998//965 999//965
f 1022//966 1003//966 1004//966
f 1022//967 1004//967 1005//967
f 1021//968 1022//968 1005//968
f 1021//969 1005//969 1006//969
f 1020//970 1021//970 1006//970
f 1020//971 1006//971 1007//971
f 1019//972 1020//972 1007//972
f 1019//973 1007//973 1008//973
f 1018//974 1019//974 1008//974
f 1018//975 1008//975 1009//975
f 1017//976 1018//976 1009//976
f 1017//977 1009//977 1010//977
f 1016//978 1017//978 1010//978
f 1016//979 1010//979 1011//979
f 1015//980 1016//980 1011//980
f 1015//981 1011//981 1012//981
f 1014//982 1015//982 1012//982
f 1014//983 1012//983 1013//983
f 1137//984 1138//984 1139//984
f 1137//985 1139//985 1140//985
f 1136//986 1137//986 1140//986
f 1136//987 1140//987 1141//987
f 1135//988 1136//988 1141//988
f 1135//989 1141//989 1142//989
f 1135//990 1142//990 1143//990
f 1134//991 1135//991 1143//991
f 1134//992 1143//992 1144//992
f 1133//993 1134//993 1144//993
f 1133//994 1144//994 1145//994
f 1133//995 1145//995 1146//995
f 1132//996 1133//996 1177//996
f 1177//997 1133//997 1146//997
f 1177//998 1146//998 1176//998
f 1176//999 1146//999 1147//999
f 1132//1000 1177//1000 1178//1000
f 1132//1001 1178//1001 1179//1001
f 1175//1002 1176//1002 1147//1002
f 1132//1003 1179//1003 1180//1003
f 1174//1004 1175//1004 1147//1004
f 1131//1005 1132//1005 1180//1005
f 1131//1006 1180//1006 1181//1006
f 1173//1007 1174//1007 1147//1007
f 1173//1008 1147//1008 1148//1008
f 1131//1009 1181//1009 1182//1009
f 1172//1010 1173//1010 1148//1010
f 1131//1011 1182//1011 1183//1011
f 1130//1012 1131//1012 1183//1012
f 1172//1013 1148//1013 1149//1013
f 1171//1014 1172//1014 1149//1014
f 1130//1015 1183//1015 1184//1015
f 1130//1016 1184//1016 1185//1016
f 1170//1017 1171//1017 1149//1017
f 1170//1018 1149//1018 1150//1018
f 1130//1019 1185//1019 1186//1019
f 1169//1020 1170//1020 1150//1020
f 1129//1021 1130//1021 1186//1021
f 1129//1022 1186//1022 1187//1022
f 1169//1023 1150//1023 1151//1023
f 1168//1024 1169//1024 1151//1024
f 1129//1025 1187//1025 1188//1025
f 1128//1026 1129//1026 1188//1026
f 1167//1027 1168//1027 1151//1027
f 1167//1028 1151//1028 1152//1028
f 1167//1029 1152//1029 1153//1029
f 1166//1030 1167//1030 1153//1030
f 1128//1031 1188//1031 1189//1031
f 1166//1032 1153//1032 1154//1032
f 1165//1033 1166//1033 1154//1033
f 1165//1034 1154//1034 1155//1034
f 1164//1035 1165//1035 1155//1035
f 1163//1036 1164//1036 1155//1036
f 1163//1037 1155//1037 1156//1037
f 1162//1038 1163//1038 1156//1038
f 1162//1039 1156//1039 1157//1039
f 1161//1040 1162//1040 1157//1040
f 1161//1041 1157//1041 1158//1041
f 1160//1042 1161//1042 1158//1042
f 1160//1043 1158//1043 1159//1043
f 1128//1044 1189//1044 1190//1044
f 1127//1045 1128//1045 1190//1045
f 1127//1046 1190//1046 1191//1046
f 1127//1047 1191//1047 1192//1047
f 1127//1048 1192//1048 1193//1048
f 1126//1049 1127//1049 1193//1049
f 1126//1050 1193//1050 1194//1050
f 1126//1051 1194//1051 1195//1051
f 1125//1052 1126//1052 1195//1052
f 1125//1053 1195//1053 1196//1053
f 1125//1054 1196//1054 1197//1054
f 1124//1055 1125//1055 1197//1055
f 1124//1056 1197//1056 1198//1056
f 1123//1057 1124//1057 1198//1057
f 1123//1058 1198//1058 1199//1058
f 1123//1059 1199//1059 1200//1059
f 1122//1060 1123//1060 1200//1060
f 1122//1061 1200//1061 1201//1061
f 1121//1062 1122//1062 1201//1062
f 1121//1063 1201//1063 1202//1063
f 1120//1064 1121//1064 1202//1064
f 1120//1065 1202//1065 1203//1065
f 1119//1066 1120//1066 1203//1066
f 1119//1067 1203//1067 1204//1067
f 1118//1068 1119//1068 1204//1068
f 1117//1069 1118//1069 1204//1069
f 1117//1070 1204//1070 1205//1070
f 1116//1071 1117//1071 1205//1071
f 1116//1072 1205//1072 1206//1072
f 1115//1073 1116//1073 1206//1073
f 1114//1074 1115//1074 1206//1074
f 1113//1075 1114//1075 1206//1075
f 1113//1076 1206//1076 1207//1076
f 1112//1077 1113//1077 1207//1077
f 1111//1078 1112//1078 1207//1078
f 1111//1079 1207//1079 1208//1079
f 1110//1080 1111//1080 1208//1080
f 1109//1081 1110//1081 1208//1081
f 1079//1082 1080//1082 1081//1082
f 1079//1083 1081//1083 1082//1083
f 1078//1084 1079//1084 1082//1084
f 1078//1085 1082//1085 1083//1085
f 1077//1086 1078//1086 1083//1086
f 1077//1087 1083//1087 1084//1087
f 1076//1088 1077//1088 1084//1088
f 1076//1089 1084//1089 1085//1089
f 1075//1090 1076//1090 1085//1090
f 1075//1091 1085//1091 1086//1091
f 1074//1092 1075//1092 1086//1092
f 1074//1093 1086//1093 1087//1093
f 1073//1094 1074//1094 1087//1094
f 1073//1095 1087//1095 1088//1095
f 1108//1096 1109//1096 1208//1096
f 1072//1097 1073//1097 1088//1097
f 1072//1098 1088//1098 1089//1098
f 1071//1099 1072//1099 1089//1099
f 1071//1100 1089//1100 1090//1100
f 1108//1101 1208//1101 1209//1101
f 1107//1102 1108//1102 1209//1102
f 1071//1103 1090//1103 1091//1103
f 1106//1104 1107//1104 1209//1104
f 1070//1105 1071//1105 1091//1105
f 1106//1106 1209//1106 1210//1106
f 1105//1107 1106//1107 1210//1107
f 1070//1108 1091//1108 1092//1108
f 1104//1109 1105//1109 1210//1109
f 1069//1110 1070//1110 1092//1110
f 1069//1111 1092//1111 1093//1111
f 1103//1112 1104//1112 1210//1112
f 1103//1113 1210//1113 1211//1113
f 1069//1114 1093//1114 1094//1114
f 1068//1115 1069//1115 1094//1115
f 1102//1116 1103//1116 1211//1116
f 1068//1117 1094//1117 1095//1117
f 1101//1118 1102//1118 1211//1118
f 1067//1119 1068//1119 1095//1119
f 1067//1120 1095//1120 1096//1120
f 1101//1121 1211//1121 1212//1121
f 1100//1122 1101//1122 1212//1122
f 1067//1123 1096//1123 1097//1123
f 1099//1124 1100//1124 1212//1124
f 1067//1125 1097//1125 1098//1125
f 1098//1126 1099//1126 1212//1126
f 1067//1127 1098//1127 1212//1127
f 1066//1128 1067//1128 1212//1128
f 1066//1129 1212//1129 1213//1129
f 1065//1130 1066//1130 1213//1130
f 1064//1131 1065//1131 1213//1131
f 1064//1132 1213//1132 1214//1132
f 1063//1133 1064//1133 1214//1133
f 1063//1134 1214//1134 1215//1134
f 1062//1135 1063//1135 1215//1135
f 1061//1136 1062//1136 1215//1136
f 1061//1137 1215//1137 1216//1137
f 1060//1138 1061//1138 1216//1138
f 1060//1139 1216//1139 1059//1139
f 1298//1140 1299//1140 1300//1140
f 1298//1141 1300//1141 1301//1141
f 1297//1142 1298//1142 1301//1142
f 1297//1143 1301//1143 1302//1143
f 1296//1144 1297//1144 1302//1144
f 1296//1145 1302//1145 1303//1145
f 1295//1146 1296//1146 1303//1146
f 1295//1147 1303//1147 1304//1147
f 1294//1148 1295//1148 1304//1148
f 1294//1149 1304//1149 1305//1149
f 1294//1150 1305//1150 1306//1150
f 1293//1151 1294//1151 1306//1151
f 1293//1152 1306//1152 1307//1152
f 1292//1153 1293//1153 1307//1153
f 1292//1154 1307//1154 1308//1154
f 1291//1155 1292//1155 1308//1155
f 1290//1156 1291//1156 1229//1156
f 1229//1157 1291//1157 1228//1157
f 1228//1158 1291//1158 1227//1158
f 1227//1159 1291//1159 1308//1159
f 1227//1160 1308//1160 1226//1160
f 1226//1161 1308//1161 1217//1161
f 1226//1162 1217//1162 1218//1162
f 1226//1163 1218//1163 1219//1163
f 1226//1164 1219//1164 1220//1164
f 1226//1165 1220//1165 1221//1165
f 1226//1166 1221//1166 1222//1166
f 1226//1167 1222//1167 1223//1167
f 1226//1168 1223//1168 1224//1168
f 1226//1169 1224//1169 1225//1169
f 1290//1170 1229//1170 1230//1170
f 1290//1171 1230//1171 1231//1171
f 1290//1172 1231//1172 1232//1172
f 1290//1173 1232//1173 1233//1173
f 1290//1174 1233//1174 1234//1174
f 1290//1175 1234//1175 1235//1175
f 1290//1176 1235//1176 1257//1176
f 1257//1177 1235//1177 1256//1177
f 1256//1178 1235//1178 1255//1178
f 1255//1179 1235//1179 1236//1179
f 1255//1180 1236//1180 1237//1180
f 1255//1181 1237//1181 1238//1181
f 1255//1182 1238//1182 1239//1182
f 1255//1183 1239//1183 1240//1183
f 1255//1184 1240//1184 1241//1184
f 1255//1185 1241//1185 1242//1185
f 1255//1186 1242//1186 1243//1186
f 1255//1187 1243//1187 1244//1187
f 1255//1188 1244//1188 1254//1188
f 1254//1189 1244//1189 1245//1189
f 1254//1190 1245//1190 1246//1190
f 1254//1191 1246//1191 1247//1191
f 1254//1192 1247//1192 1248//1192
f 1254//1193 1248//1193 1249//1193
f 1254//1194 1249//1194 1250//1194
f 1254//1195 1250//1195 1251//1195
f 1254//1196 1251//1196 1252//1196
f 1254//1197 1252//1197 1253//1197
f 1290//1198 1257//1198 1258//1198
f 1290//1199 1258//1199 1259//1199
f 1290//1200 1259//1200 1260//1200
f 1290//1201 1260//1201 1261//1201
f 1290//1202 1261//1202 1262//1202
f 1290//1203 1262//1203 1263//1203
f 1290//1204 1263//1204 1264//1204
f 1290//1205 1264//1205 1265//1205
f 1290//1206 1265//1206 1266//1206
f 1290//1207 1266//1207 1267//1207
f 1290//1208 1267//1208 1268//1208
f 1290//1209 1268//1209 1269//1209
f 1290//1210 1269//1210 1270//1210
f 1290//1211 1270//1211 1271//1211
f 1290//1212 1271//1212 1272//1212
f 1290//1213 1272//1213 1273//1213
f 1289//1214 1290//1214 1273//1214
f 1289//1215 1273//1215 1274//1215
f 1288//1216 1289//1216 1274//1216
f 1288//1217 1274//1217 1275//1217
f 1287//1218 1288//1218 1275//1218
f 1287//1219 1275//1219 1276//1219
f 1286//1220 1287//1220 1276//1220
f 1286//1221 1276//1221 1277//1221
f 1285//1222 1286//1222 1277//1222
f 1285//1223 1277//1223 1278//1223
f 1284//1224 1285//1224 1278//1224
f 1284//1225 1278//1225 1279//1225
f 1283//1226 1284//1226 1279//1226
f 1283//1227 1279//1227 1280//1227
f 1282//1228 1283//1228 1280//1228
f 1282//1229 1280//1229 1281//1229
f 1312//1230 1309//1230 1310//1230
f 1314//1231 1311//1231 1312//1231
f 1316//1232 1313//1232 1314//1232
f 1318//1233 1315//1233 1316//1233
f 1320//1234 1317//1234 1318//1234
f 1322//1235 1319//1235 1320//1235
f 1324//1236 1321//1236 1322//1236
f 1326//1237 1323//1237 1324//1237
f 1328//1238 1325//1238 1326//1238
f 1330//1239 1327//1239 1328//1239
f 1332//1240 1329//1240 1330//1240
f 1334//1241 1331//1241 1332//1241
f 1336//1242 1333//1242 1334//1242
f 1338//1243 1335//1243 1336//1243
f 1340//1244 1337//1244 1338//1244
f 1342//1245 1339//1245 1340//1245
f 1344//1246 1341//1246 1342//1246
f 1346//1247 1343//1247 1344//1247
f 1348//1248 1345//1248 1346//1248
f 1350//1249 1347//1249 1348//1249
f 1352//1250 1349//1250 1350//1250
f 1354//1251 1351//1251 1352//1251
f 1356//1252 1353//1252 1354//1252
f 1358//1253 1355//1253 1356//1253
f 1360//1254 1357//1254 1358//1254
f 1362//1255 1359//1255 1360//1255
f 1364//1256 1361//1256 1362//1256
f 1366//1257 1363//1257 1364//1257
f 1368//1258 1365//1258 1366//1258
f 1370//1259 1367//1259 1368//1259
f 1372//1260 1369//1260 1370//1260
f 1374//1261 1371//1261 1372//1261
f 1376//1262 1373//1262 1374//1262
f 1378//1263 1375//1263 1376//1263
f 1380//1264 1377//1264 1378//1264
f 1382//1265 1379//1265 1380//1265
f 1384//1266 1381//1266 1382//1266
f 1386//1267 1383//1267 1384//1267
f 1388//1268 1385//1268 1386//1268
f 1390//1269 1387//1269 1388//1269
f 1392//1270 1389//1270 1390//1270
f 1394//1271 1391//1271 1392//1271
f 1396//1272 1393//1272 1394//1272
f 1398//1273 1395//1273 1396//1273
f 1400//1274 1397//1274 1398//1274
f 1402//1275 1399//1275 1400//1275
f 1404//1276 1401//1276 1402//1276
f 1406//1277 1403//1277 1404//1277
f 1408//1278 1405//1278 1406//1278
f 1410//1279 1407//1279 1408//1279
f 1412//1280 1409//1280 1410//1280
f 1414//1281 1411//1281 1412//1281
f 1416//1282 1413//1282 1414//1282
f 1418//1283 1415//1283 1416//1283
f 1420//1284 1417//1284 1418//1284
f 1422//1285 1419//1285 1420//1285
f 1424//1286 1421//1286 1422//1286
f 1426//1287 1423//1287 1424//1287
f 1428//1288 1425//1288 1426//1288
f 1430//1289 1427//1289 1428//1289
f 1432//1290 1429//1290 1430//1290
f 1434//1291 1431//1291 1432//1291
f 1436//1292 1433//1292 1434//1292
f 1438//1293 1435//1293 1436//1293
f 1440//1294 1437//1294 1438//1294
f 1442//1295 1439//1295 1440//1295
f 1444//1296 1441//1296 1442//1296
f 1446//1297 1443//1297 1444//1297
f 1448//1298 1445//1298 1446//1298
f 1450//1299 1447//1299 1448//1299
f 1452//1300 1449//1300 1450//1300
f 1454//1301 1451//1301 1452//1301
f 1456//1302 1453//1302 1454//1302
f 1458//1303 1455//1303 1456//1303
f 1460//1304 1457//1304 1458//1304
f 1462//1305 1459//1305 1460//1305
f 1464//1306 1461//1306 1462//1306
f 1466//1307 1463//1307 1464//1307
f 1468//1308 1465//1308 1466//1308
f 1470//1309 1467//1309 1468//1309
f 1472//1310 1469//1310 1470//1310
f 1474//1311 1471//1311 1472//1311
f 1476//1312 1473//1312 1474//1312
f 1478//1313 1475//1313 1476//1313
f 1480//1314 1477//1314 1478//1314
f 1482//1315 1479//1315 1480//1315
f 1484//1316 1481//1316 1482//1316
f 1486//1317 1483//1317 1484//1317
f 1488//1318 1485//1318 1486//1318
f 1490//1319 1487//1319 1488//1319
f 1492//1320 1489//1320 1490//1320
f 1310//1321 1491//1321 1492//1321
f 1496//1322 1493//1322 1494//1322
f 1498//1323 1495//1323 1496//1323
f 1500//1324 1497//1324 1498//1324
f 1502//1325 1499//1325 1500//1325
f 1504//1326 1501//1326 1502//1326
f 1506//1327 1503//1327 1504//1327
f 1508//1328 1505//1328 1506//1328
f 1510//1329 1507//1329 1508//1329
f 1512//1330 1509//1330 1510//1330
f 1514//1331 1511//1331 1512//1331
f 1516//1332 1513//1332 1514//1332
f 1518//1333 1515//1333 1516//1333
f 1520//1334 1517//1334 1518//1334
f 1522//1335 1519//1335 1520//1335
f 1524//1336 1521//1336 1522//1336
f 1526//1337 1523//1337 1524//1337
f 1528//1338 1525//1338 1526//1338
f 1530//1339 1527//1339 1528//1339
f 1532//1340 1529//1340 1530//1340
f 1534//1341 1531//1341 1532//1341
f 1536//1342 1533//1342 1534//1342
f 1538//1343 1535//1343 1536//1343
f 1540//1344 1537//1344 1538//1344
f 1542//1345 1539//1345 1540//1345
f 1544//1346 1541//1346 1542//1346
f 1546//1347 1543//1347 1544//1347
f 1548//1348 1545//1348 1546//1348
f 1550//1349 1547//1349 1548//1349
f 1552//1350 1549//1350 1550//1350
f 1554//1351 1551//1351 1552//1351
f 1556//1352 1553//1352 1554//1352
f 1558//1353 1555//1353 1556//1353
f 1560//1354 1557//1354 1558//1354
f 1562//1355 1559//1355 1560//1355
f 1564//1356 1561//1356 1562//1356
f 1566//1357 1563//1357 1564//1357
f 1568//1358 1565//1358 1566//1358
f 1570//1359 1567//1359 1568//1359
f 1572//1360 1569//1360 1570//1360
f 1574//1361 1571//1361 1572//1361
f 1576//1362 1573//1362 1574//1362
f 1578//1363 1575//1363 1576//1363
f 1580//1364 1577//1364 1578//1364
f 1582//1365 1579//1365 1580//1365
f 1584//1366 1581//1366 1582//1366
f 1586//1367 1583//1367 1584//1367
f 1588//1368 1585//1368 1586//1368
f 1590//1369 1587//1369 1588//1369
f 1592//1370 1589//1370 1590//1370
f 1594//1371 1591//1371 1592//1371
f 1596//1372 1593//1372 1594//1372
f 1598//1373 1595//1373 1596//1373
f 1600//1374 1597//1374 1598//1374
f 1602//1375 1599//1375 1600//1375
f 1604//1376 1601//1376 1602//1376
f 1606//1377 1603//1377 1604//1377
f 1608//1378 1605//1378 1606//1378
f 1610//1379 1607//1379 1608//1379
f 1612//1380 1609//1380 1610//1380
f 1614//1381 1611//1381 1612//1381
f 1616//1382 1613//1382 1614//1382
f 1618//1383 1615//1383 1616//1383
f 1620//1384 1617//1384 1618//1384
f 1622//1385 1619//1385 1620//1385
f 1624//1386 1621//1386 1622//1386
f 1626//1387 1623//1387 1624//1387
f 1628//1388 1625//1388 1626//1388
f 1630//1389 1627//1389 1628//1389
f 1632//1390 1629//1390 1630//1390
f 1634//1391 1631//1391 1632//1391
f 1636//1392 1633//1392 1634//1392
f 1638//1393 1635//1393 1636//1393
f 1640//1394 1637//1394 1638//1394
f 1642//1395 1639//1395 1640//1395
f 1644//1396 1641//1396 1642//1396
f 1646//1397 1643//1397 1644//1397
f 1648//1398 1645//1398 1646//1398
f 1650//1399 1647//1399 1648//1399
f 1652//1400 1649//1400 1650//1400
f 1654//1401 1651//1401 1652//1401
f 1656//1402 1653//1402 1654//1402
f 1658//1403 1655//1403 1656//1403
f 1660//1404 1657//1404 1658//1404
f 1662//1405 1659//1405 1660//1405
f 1664//1406 1661//1406 1662//1406
f 1666//1407 1663//1407 1664//1407
f 1668//1408 1665//1408 1666//1408
f 1670//1409 1667//1409 1668//1409
f 1672//1410 1669//1410 1670//1410
f 1674//1411 1671//1411 1672//1411
f 1676//1412 1673//1412 1674//1412
f 1678//1413 1675//1413 1676//1413
f 1680//1414 1677//1414 1678//1414
f 1682//1415 1679//1415 1680//1415
f 1684//1416 1681//1416 1682//1416
f 1686//1417 1683//1417 1684//1417
f 1688//1418 1685//1418 1686//1418
f 1690//1419 1687//1419 1688//1419
f 1692//1420 1689//1420 1690//1420
f 1694//1421 1691//1421 1692//1421
f 1696//1422 1693//1422 1694//1422
f 1698//1423 1695//1423 1696//1423
f 1700//1424 1697//1424 1698//1424
f 1702//1425 1699//1425 1700//1425
f 1704//1426 1701//1426 1702//1426
f 1706//1427 1703//1427 1704//1427
f 1708//1428 1705//1428 1706//1428
f 1710//1429 1707//1429 1708//1429
f 1712//1430 1709//1430 1710//1430
f 1714//1431 1711//1431 1712//1431
f 1716//1432 1713//1432 1714//1432
f 1718//1433 1715//1433 1716//1433
f 1720//1434 1717//1434 1718//1434
f 1722//1435 1719//1435 1720//1435
f 1724//1436 1721//1436 1722//1436
f 1726//1437 1723//1437 1724//1437
f 1728//1438 1725//1438 1726//1438
f 1730//1439 1727//1439 1728//1439
f 1732//1440 1729//1440 1730//1440
f 1734//1441 1731//1441 1732//1441
f 1736//1442 1733//1442 1734//1442
f 1738//1443 1735//1443 1736//1443
f 1740//1444 1737//1444 1738//1444
f 1742//1445 1739//1445 1740//1445
f 1744//1446 1741//1446 1742//1446
f 1746//1447 1743//1447 1744//1447
f 1748//1448 1745//1448 1746//1448
f 1750//1449 1747//1449 1748//1449
f 1752//1450 1749//1450 1750//1450
f 1754//1451 1751//1451 1752//1451
f 1756//1452 1753//1452 1754//1452
f 1758//1453 1755//1453 1756//1453
f 1760//1454 1757//1454 1758//1454
f 1762//1455 1759//1455 1760//1455
f 1764//1456 1761//1456 1762//1456
f 1766//1457 1763//1457 1764//1457
f 1768//1458 1765//1458 1766//1458
f 1770//1459 1767//1459 1768//1459
f 1772//1460 1769//1460 1770//1460
f 1774//1461 1771//1461 1772//1461
f 1776//1462 1773//1462 1774//1462
f 1778//1463 1775//1463 1776//1463
f 1780//1464 1777//1464 1778//1464
f 1782//1465 1779//1465 1780//1465
f 1784//1466 1781//1466 1782//1466
f 1786//1467 1783//1467 1784//1467
f 1788//1468 1785//1468 1786//1468
f 1790//1469 1787//1469 1788//1469
f 1792//1470 1789//1470 1790//1470
f 1794//1471 1791//1471 1792//1471
f 1796//1472 1793//1472 1794//1472
f 1798//1473 1795//1473 1796//1473
f 1800//1474 1797//1474 1798//1474
f 1802//1475 1799//1475 1800//1475
f 1804//1476 1801//1476 1802//1476
f 1806//1477 1803//1477 1804//1477
f 1808//1478 1805//1478 1806//1478
f 1494//1479 1807//1479 1808//1479
f 1812//1480 1809//1480 1810//1480
f 1814//1481 1811//1481 1812//1481
f 1816//1482 1813//1482 1814//1482
f 1818//1483 1815//1483 1816//1483
f 1820//1484 1817//1484 1818//1484
f 1822//1485 1819//1485 1820//1485
f 1824//1486 1821//1486 1822//1486
f 1826//1487 1823//1487 1824//1487
f 1828//1488 1825//1488 1826//1488
f 1830//1489 1827//1489 1828//1489
f 1832//1490 1829//1490 1830//1490
f 1834//1491 1831//1491 1832//1491
f 1836//1492 1833//1492 1834//1492
f 1838//1493 1835//1493 1836//1493
f 1840//1494 1837//1494 1838//1494
f 1842//1495 1839//1495 1840//1495
f 1844//1496 1841//1496 1842//1496
f 1846//1497 1843//1497 1844//1497
f 1848//1498 1845//1498 1846//1498
f 1850//1499 1847//1499 1848//1499
f 1852//1500 1849//1500 1850//1500
f 1854//1501 1851//1501 1852//1501
f 1856//1502 1853//1502 1854//1502
f 1858//1503 1855//1503 1856//1503
f 1860//1504 1857//1504 1858//1504
f 1862//1505 1859//1505 1860//1505
f 1864//1506 1861//1506 1862//1506
f 1866//1507 1863//1507 1864//1507
f 1868//1508 1865//1508 1866//1508
f 1870//1509 1867//1509 1868//1509
f 1872//1510 1869//1510 1870//1510
f 1874//1511 1871//1511 1872//1511
f 1876//1512 1873//1512 1874//1512
f 1878//1513 1875//1513 1876//1513
f 1880//1514 1877//1514 1878//1514
f 1882//1515 1879//1515 1880//1515
f 1884//1516 1881//1516 1882//1516
f 1886//1517 1883//1517 1884//1517
f 1888//1518 1885//1518 1886//1518
f 1890//1519 1887//1519 1888//1519
f 1892//1520 1889//1520 1890//1520
f 1894//1521 1891//1521 1892//1521
f 1896//1522 1893//1522 1894//1522
f 1898//1523 1895//1523 1896//1523
f 1900//1524 1897//1524 1898//1524
f 1902//1525 1899//1525 1900//1525
f 1904//1526 1901//1526 1902//1526
f 1906//1527 1903//1527 1904//1527
f 1908//1528 1905//1528 1906//1528
f 1910//1529 1907//1529 1908//1529
f 1912//1530 1909//1530 1910//1530
f 1914//1531 1911//1531 1912//1531
f 1916//1532 1913//1532 1914//1532
f 1918//1533 1915//1533 1916//1533
f 1920//1534 1917//1534 1918//1534
f 1922//1535 1919//1535 1920//1535
f 1810//1536 1921//1536 1922//1536
f 1926//1537 1923//1537 1924//1537
f 1928//1538 1925//1538 1926//1538
f 1930//1539 1927//1539 1928//1539
f 1932//1540 1929//1540 1930//1540
f 1934//1541 1931//1541 1932//1541
f 1936//1542 1933//1542 1934//1542
f 1938//1543 1935//1543 1936//1543
f 1940//1544 1937//1544 1938//1544
f 1942//1545 1939//1545 1940//1545
f 1944//1546 1941//1546 1942//1546
f 1946//1547 1943//1547 1944//1547
f 1948//1548 1945//1548 1946//1548
f 1950//1549 1947//1549 1948//1549
f 1952//1550 1949//1550 1950//1550
f 1954//1551 1951//1551 1952//1551
f 1956//1552 1953//1552 1954//1552
f 1958//1553 1955//1553 1956//1553
f 1960//1554 1957//1554 1958//1554
f 1962//1555 1959//1555 1960//1555
f 1964//1556 1961//1556 1962//1556
f 1966//1557 1963//1557 1964//1557
f 1968//1558 1965//1558 1966//1558
f 1970//1559 1967//1559 1968//1559
f 1972//1560 1969//1560 1970//1560
f 1974//1561 1971//1561 1972//1561
f 1976//1562 1973//1562 1974//1562
f 1924//1563 1975//1563 1976//1563
f 1980//1564 1977//1564 1978//1564
f 1982//1565 1979//1565 1980//1565
f 1984//1566 1981//1566 1982//1566
f 1986//1567 1983//1567 1984//1567
f 1988//1568 1985//1568 1986//1568
f 1990//1569 1987//1569 1988//1569
f 1992//1570 1989//1570 1990//1570
f 1994//1571 1991//1571 1992//1571
f 1996//1572 1993//1572 1994//1572
f 1998//1573 1995//1573 1996//1573
f 2000//1574 1997//1574 1998//1574
f 2002//1575 1999//1575 2000//1575
f 2004//1576 2001//1576 2002//1576
f 2006//1577 2003//1577 2004//1577
f 2008//1578 2005//1578 2006//1578
f 2010//1579 2007//1579 2008//1579
f 2012//1580 2009//1580 2010//1580
f 2014//1581 2011//1581 2012//1581
f 2016//1582 2013//1582 2014//1582
f 2018//1583 2015//1583 2016//1583
f 2020//1584 2017//1584 2018//1584
f 2022//1585 2019//1585 2020//1585
f 2024//1586 2021//1586 2022//1586
f 2026//1587 2023//1587 2024//1587
f 2028//1588 2025//1588 2026//1588
f 2030//1589 2027//1589 2028//1589
f 2032//1590 2029//1590 2030//1590
f 2034//1591 2031//1591 2032//1591
f 2036//1592 2033//1592 2034//1592
f 2038//1593 2035//1593 2036//1593
f 2040//1594 2037//1594 2038//1594
f 2042//1595 2039//1595 2040//1595
f 2044//1596 2041//1596 2042//1596
f 2046//1597 2043//1597 2044//1597
f 2048//1598 2045//1598 2046//1598
f 1978//1599 2047//1599 2048//1599
f 2052//1600 2049//1600 2050//1600
f 2054//1601 2051//1601 2052//1601
f 2056//1602 2053//1602 2054//1602
f 2058//1603 2055//1603 2056//1603
f 2060//1604 2057//1604 2058//1604
f 2062//1605 2059//1605 2060//1605
f 2064//1606 2061//1606 2062//1606
f 2066//1607 2063//1607 2064//1607
f 2068//1608 2065//1608 2066//1608
f 2070//1609 2067//1609 2068//1609
f 2072//1610 2069//1610 2070//1610
f 2074//1611 2071//1611 2072//1611
f 2076//1612 2073//1612 2074//1612
f 2078//1613 2075//1613 2076//1613
f 2080//1614 2077//1614 2078//1614
f 2082//1615 2079//1615 2080//1615
f 2084//1616 2081//1616 2082//1616
f 2086//1617 2083//1617 2084//1617
f 2088//1618 2085//1618 2086//1618
f 2090//1619 2087//1619 2088//1619
f 2092//1620 2089//1620 2090//1620
f 2094//1621 2091//1621 2092//1621
f 2096//1622 2093//1622 2094//1622
f 2098//1623 2095//1623 2096//1623
f 2100//1624 2097//1624 2098//1624
f 2102//1625 2099//1625 2100//1625
f 2104//1626 2101//1626 2102//1626
f 2106//1627 2103//1627 2104//1627
f 2108//1628 2105//1628 2106//1628
f 2110//1629 2107//1629 2108//1629
f 2112//1630 2109//1630 2110//1630
f 2114//1631 2111//1631 2112//1631
f 2116//1632 2113//1632 2114//1632
f 2118//1633 2115//1633 2116//1633
f 2120//1634 2117//1634 2118//1634
f 2122//1635 2119//1635 2120//1635
f 2124//1636 2121//1636 2122//1636
f 2126//1637 2123//1637 2124//1637
f 2128//1638 2125//1638 2126//1638
f 2130//1639 2127//1639 2128//1639
f 2132//1640 2129//1640 2130//1640
f 2134//1641 2131//1641 2132//1641
f 2136//1642 2133//1642 2134//1642
f 2138//1643 2135//1643 2136//1643
f 2140//1644 2137//1644 2138//1644
f 2142//1645 2139//1645 2140//1645
f 2144//1646 2141//1646 2142//1646
f 2146//1647 2143//1647 2144//1647
f 2148//1648 2145//1648 2146//1648
f 2050//1649 2147//1649 2148//1649
f 2152//1650 2149//1650 2150//1650
f 2154//1651 2151//1651 2152//1651
f 2156//1652 2153//1652 2154//1652
f 2158//1653 2155//1653 2156//1653
f 2160//1654 2157//1654 2158//1654
f 2162//1655 2159//1655 2160//1655
f 2164//1656 2161//1656 2162//1656
f 2166//1657 2163//1657 2164//1657
f 2168//1658 2165//1658 2166//1658
f 2170//1659 2167//1659 2168//1659
f 2172//1660 2169//1660 2170//1660
f 2174//1661 2171//1661 2172//1661
f 2176//1662 2173//1662 2174//1662
f 2178//1663 2175//1663 2176//1663
f 2180//1664 2177//1664 2178//1664
f 2182//1665 2179//1665 2180//1665
f 2184//1666 2181//1666 2182//1666
f 2186//1667 2183//1667 2184//1667
f 2188//1668 2185//1668 2186//1668
f 2190//1669 2187//1669 2188//1669
f 2192//1670 2189//1670 2190//1670
f 2194//1671 2191//1671 2192//1671
f 2196//1672 2193//1672 2194//1672
f 2198//1673 2195//1673 2196//1673
f 2200//1674 2197//1674 2198//1674
f 2202//1675 2199//1675 2200//1675
f 2204//1676 2201//1676 2202//1676
f 2206//1677 2203//1677 2204//1677
f 2208//1678 2205//1678 2206//1678
f 2210//1679 2207//1679 2208//1679
f 2212//1680 2209//1680 2210//1680
f 2214//1681 2211//1681 2212//1681
f 2216//1682 2213//1682 2214//1682
f 2150//1683 2215//1683 2216//1683
f 2220//1684 2217//1684 2218//1684
f 2222//1685 2219//1685 2220//1685
f 2224//1686 2221//1686 2222//1686
f 2226//1687 2223//1687 2224//1687
f 2228//1688 2225//1688 2226//1688
f 2230//1689 2227//1689 2228//1689
f 2232//1690 2229//1690 2230//1690
f 2234//1691 2231//1691 2232//1691
f 2236//1692 2233//1692 2234//1692
f 2238//1693 2235//1693 2236//1693
f 2240//1694 2237//1694 2238//1694
f 2242//1695 2239//1695 2240//1695
f 2244//1696 2241//1696 2242//1696
f 2246//1697 2243//1697 2244//1697
f 2248//1698 2245//1698 2246//1698
f 2250//1699 2247//1699 2248//1699
f 2252//1700 2249//1700 2250//1700
f 2254//1701 2251//1701 2252//1701
f 2256//1702 2253//1702 2254//1702
f 2258//1703 2255//1703 2256//1703
f 2260//1704 2257//1704 2258//1704
f 2262//1705 2259//1705 2260//1705
f 2264//1706 2261//1706 2262//1706
f 2266//1707 2263//1707 2264//1707
f 2268//1708 2265//1708 2266//1708
f 2270//1709 2267//1709 2268//1709
f 2272//1710 2269//1710 2270//1710
f 2274//1711 2271//1711 2272//1711
f 2276//1712 2273//1712 2274//1712
f 2278//1713 2275//1713 2276//1713
f 2280//1714 2277//1714 2278//1714
f 2282//1715 2279//1715 2280//1715
f 2284//1716 2281//1716 2282//1716
f 2286//1717 2283//1717 2284//1717
f 2288//1718 2285//1718 2286//1718
f 2290//1719 2287//1719 2288//1719
f 2292//1720 2289//1720 2290//1720
f 2294//1721 2291//1721 2292//1721
f 2296//1722 2293//1722 2294//1722
f 2298//1723 2295//1723 2296//1723
f 2300//1724 2297//1724 2298//1724
f 2302//1725 2299//1725 2300//1725
f 2304//1726 2301//1726 2302//1726
f 2306//1727 2303//1727 2304//1727
f 2308//1728 2305//1728 2306//1728
f 2310//1729 2307//1729 2308//1729
f 2312//1730 2309//1730 2310//1730
f 2314//1731 2311//1731 2312//1731
f 2316//1732 2313//1732 2314//1732
f 2318//1733 2315//1733 2316//1733
f 2320//1734 2317//1734 2318//1734
f 2322//1735 2319//1735 2320//1735
f 2324//1736 2321//1736 2322//1736
f 2326//1737 2323//1737 2324//1737
f 2328//1738 2325//1738 2326//1738
f 2330//1739 2327//1739 2328//1739
f 2332//1740 2329//1740 2330//1740
f 2334//1741 2331//1741 2332//1741
f 2336//1742 2333//1742 2334//1742
f 2338//1743 2335//1743 2336//1743
f 2340//1744 2337//1744 2338//1744
f 2342//1745 2339//1745 2340//1745
f 2344//1746 2341//1746 2342//1746
f 2346//1747 2343//1747 2344//1747
f 2348//1748 2345//1748 2346//1748
f 2350//1749 2347//1749 2348//1749
f 2352//1750 2349//1750 2350//1750
f 2354//1751 2351//1751 2352//1751
f 2356//1752 2353//1752 2354//1752
f 2358//1753 2355//1753 2356//1753
f 2360//1754 2357//1754 2358//1754
f 2362//1755 2359//1755 2360//1755
f 2364//1756 2361//1756 2362//1756
f 2366//1757 2363//1757 2364//1757
f 2368//1758 2365//1758 2366//1758
f 2370//1759 2367//1759 2368//1759
f 2372//1760 2369//1760 2370//1760
f 2374//1761 2371//1761 2372//1761
f 2376//1762 2373//1762 2374//1762
f 2378//1763 2375//1763 2376//1763
f 2380//1764 2377//1764 2378//1764
f 2218//1765 2379//1765 2380//1765
f 2387//1766 2386//1766 2385//1766
f 2399//1767 2400//1767 2403//1767
f 2382//1768 2393//1768 2381//1768
f 2383//1769 2394//1769 2382//1769
f 2383//1770 2396//1770 2395//1770
f 2385//1771 2396//1771 2384//1771
f 2386//1772 2397//1772 2385//1772
f 2387//1773 2398//1773 2386//1773
f 2388//1774 2399//1774 2387//1774
f 2389//1775 2400//1775 2388//1775
f 2390//1776 2401//1776 2389//1776
f 2391//1777 2402//1777 2390//1777
f 2392//1778 2403//1778 2391//1778
f 2381//1779 2404//1779 2392//1779
f 2406//1780 2405//1780 2409//1780
f 2412//1781 2414//1781 2415//1781
f 2406//1782 2411//1782 2405//1782
f 2407//1783 2412//1783 2406//1783
f 2408//1784 2413//1784 2407//1784
f 2409//1785 2414//1785 2408//1785
f 2410//1786 2415//1786 2409//1786
f 2405//1787 2416//1787 2410//1787
f 2419//1788 2417//1788 2420//1788
f 2422//1789 2424//1789 2421//1789
f 2418//1790 2421//1790 2417//1790
f 2419//1791 2422//1791 2418//1791
f 2420//1792 2423//1792 2419//1792
f 2420//1793 2421//1793 2424//1793
f 2427//1794 2425//1794 2428//1794
f 2429//1795 2431//1795 2432//1795
f 2426//1796 2429//1796 2425//1796
f 2427//1797 2430//1797 2426//1797
f 2428//1798 2431//1798 2427//1798
f 2425//1799 2432//1799 2428//1799
f 122//1800 121//1800 119//1800
f 124//1801 123//1801 121//1801
f 126//1802 125//1802 123//1802
f 128//1803 127//1803 125//1803
f 130//1804 129//1804 127//1804
f 132//1805 131//1805 129//1805
f 134//1806 133//1806 131//1806
f 136//1807 135//1807 133//1807
f 138//1808 137//1808 135//1808
f 140//1809 139//1809 137//1809
f 142//1810 141//1810 139//1810
f 144//1811 143//1811 141//1811
f 146//1812 145//1812 143//1812
f 148//1813 147//1813 145//1813
f 150//1814 149//1814 147//1814
f 152//1815 151//1815 149//1815
f 154//1816 153//1816 151//1816
f 156//1817 155//1817 153//1817
f 158//1818 157//1818 155//1818
f 160//1819 159//1819 157//1819
f 162//1820 161//1820 159//1820
f 164//1821 163//1821 161//1821
f 166//1822 165//1822 163//1822
f 168//1823 167//1823 165//1823
f 170//1824 169//1824 167//1824
f 172//1825 171//1825 169//1825
f 174//1826 173//1826 171//1826
f 176//1827 175//1827 173//1827
f 178//1828 177//1828 175//1828
f 180//1829 179//1829 177//1829
f 182//1830 181//1830 179//1830
f 184//1831 183//1831 181//1831
f 186//1832 185//1832 183//1832
f 188//1833 187//1833 185//1833
f 190//1834 189//1834 187//1834
f 192//1835 191//1835 189//1835
f 194//1836 193//1836 191//1836
f 196//1837 195//1837 193//1837
f 198//1838 197//1838 195//1838
f 200//1839 199//1839 197//1839
f 202//1840 201//1840 199//1840
f 204//1841 203//1841 201//1841
f 206//1842 205//1842 203//1842
f 208//1843 207//1843 205//1843
f 210//1844 209//1844 207//1844
f 212//1845 211//1845 209//1845
f 214//1846 213//1846 211//1846
f 216//1847 215//1847 213//1847
f 218//1848 217//1848 215//1848
f 220//1849 219//1849 217//1849
f 222//1850 221//1850 219//1850
f 224//1851 223//1851 221//1851
f 226//1852 225//1852 223//1852
f 228//1853 227//1853 225//1853
f 230//1854 229//1854 227//1854
f 232//1855 231//1855 229//1855
f 234//1856 233//1856 231//1856
f 236//1857 235//1857 233//1857
f 120//1858 119//1858 235//1858
f 1312//1859 1311//1859 1309//1859
f 1314//1860 1313//1860 1311//1860
f 1316//1861 1315//1861 1313//1861
f 1318//1862 1317//1862 1315//1862
f 1320//1863 1319//1863 1317//1863
f 1322//1864 1321//1864 1319//1864
f 1324//1865 1323//1865 1321//1865
f 1326//1866 1325//1866 1323//1866
f 1328//1867 1327//1867 1325//1867
f 1330//1868 1329//1868 1327//1868
f 1332//1869 1331//1869 1329//1869
f 1334//1870 1333//1870 1331//1870
f 1336//1871 1335//1871 1333//1871
f 1338//1872 1337//1872 1335//1872
f 1340//1873 1339//1873 1337//1873
f 1342//1874 1341//1874 1339//1874
f 1344//1875 1343//1875 1341//1875
f 1346//1876 1345//1876 1343//1876
f 1348//1877 1347//1877 1345//1877
f 1350//1878 1349//1878 1347//1878
f 1352//1879 1351//1879 1349//1879
f 1354//1880 1353//1880 1351//1880
f 1356//1881 1355//1881 1353//1881
f 1358//1882 1357//1882 1355//1882
f 1360//1883 1359//1883 1357//1883
f 1362//1884 1361//1884 1359//1884
f 1364//1885 1363//1885 1361//1885
f 1366//1886 1365//1886 1363//1886
f 1368//1887 1367//1887 1365//1887
f 1370//1888 1369//1888 1367//1888
f 1372//1889 1371//1889 1369//1889
f 1374//1890 1373//1890 1371//1890
f 1376//1891 1375//1891 1373//1891
f 1378//1892 1377//1892 1375//1892
f 1380//1893 1379//1893 1377//1893
f 1382//1894 1381//1894 1379//1894
f 1384//1895 1383//1895 1381//1895
f 1386//1896 1385//1896 1383//1896
f 1388//1897 1387//1897 1385//1897
f 1390//1898 1389//1898 1387//1898
f 1392//1899 1391//1899 1389//1899
f 1394//1900 1393//1900 1391//1900
f 1396//1901 1395//1901 1393//1901
f 1398//1902 1397//1902 1395//1902
f 1400//1903 1399//1903 1397//1903
f 1402//1904 1401//1904 1399//1904
f 1404//1905 1403//1905 1401//1905
f 1406//1906 1405//1906 1403//1906
f 1408//1907 1407//1907 1405//1907
f 1410//1908 1409//1908 1407//1908
f 1412//1909 1411//1909 1409//1909
f 1414//1910 1413//1910 1411//1910
f 1416//1911 1415//1911 1413//1911
f 1418//1912 1417//1912 1415//1912
f 1420//1913 1419//1913 1417//1913
f 1422//1914 1421//1914 1419//1914
f 1424//1915 1423//1915 1421//1915
f 1426//1916 1425//1916 1423//1916
f 1428//1917 1427//1917 1425//1917
f 1430//1918 1429//1918 1427//1918
f 1432//1919 1431//1919 1429//1919
f 1434//1920 1433//1920 1431//1920
f 1436//1921 1435//1921 1433//1921
f 1438//1922 1437//1922 1435//1922
f 1440//1923 1439//1923 1437//1923
f 1442//1924 1441//1924 1439//1924
f 1444//1925 1443//1925 1441//1925
f 1446//1926 1445//1926 1443//1926
f 1448//1927 1447//1927 1445//1927
f 1450//1928 1449//1928 1447//1928
f 1452//1929 1451//1929 1449//1929
f 1454//1930 1453//1930 1451//1930
f 1456//1931 1455//1931 1453//1931
f 1458//1932 1457//1932 1455//1932
f 1460//1933 1459//1933 1457//1933
f 1462//1934 1461//1934 1459//1934
f 1464//1935 1463//1935 1461//1935
f 1466//1936 1465//1936 1463//1936
f 1468//1937 1467//1937 1465//1937
f 1470//1938 1469//1938 1467//1938
f 1472//1939 1471//1939 1469//1939
f 1474//1940 1473//1940 1471//1940
f 1476//1941 1475//1941 1473//1941
f 1478//1942 1477//1942 1475//1942
f 1480//1943 1479//1943 1477//1943
f 1482//1944 1481//1944 1479//1944
f 1484//1945 1483//1945 1481//1945
f 1486//1946 1485//1946 1483//1946
f 1488//1947 1487//1947 1485//1947
f 1490//1948 1489//1948 1487//1948
f 1492//1949 1491//1949 1489//1949
f 1310//1950 1309//1950 1491//1950
f 1496//1951 1495//1951 1493//1951
f 1498//1952 1497//1952 1495//1952
f 1500//1953 1499//1953 1497//1953
f 1502//1954 1501//1954 1499//1954
f 1504//1955 1503//1955 1501//1955
f 1506//1956 1505//1956 1503//1956
f 1508//1957 1507//1957 1505//1957
f 1510//1958 1509//1958 1507//1958
f 1512//1959 1511//1959 1509//1959
f 1514//1960 1513//1960 1511//1960
f 1516//1961 1515//1961 1513//1961
f 1518//1962 1517//1962 1515//1962
f 1520//1963 1519//1963 1517//1963
f 1522//1964 1521//1964 1519//1964
f 1524//1965 1523//1965 1521//1965
f 1526//1966 1525//1966 1523//1966
f 1528//1967 1527//1967 1525//1967
f 1530//1968 1529//1968 1527//1968
f 1532//1969 1531//1969 1529//1969
f 1534//1970 1533//1970 1531//1970
f 1536//1971 1535//1971 1533//1971
f 1538//1972 1537//1972 1535//1972
f 1540//1973 1539//1973 1537//1973
f 1542//1974 1541//1974 1539//1974
f 1544//1975 1543//1975 1541//1975
f 1546//1976 1545//1976 1543//1976
f 1548//1977 1547//1977 1545//1977
f 1550//1978 1549//1978 1547//1978
f 1552//1979 1551//1979 1549//1979
f 1554//1980 1553//1980 1551//1980
f 1556//1981 1555//1981 1553//1981
f 1558//1982 1557//1982 1555//1982
f 1560//1983 1559//1983 1557//1983
f 1562//1984 1561//1984 1559//1984
f 1564//1985 1563//1985 1561//1985
f 1566//1986 1565//1986 1563//1986
f 1568//1987 1567//1987 1565//1987
f 1570//1988 1569//1988 1567//1988
f 1572//1989 1571//1989 1569//1989
f 1574//1990 1573//1990 1571//1990
f 1576//1991 1575//1991 1573//1991
f 1578//1992 1577//1992 1575//1992
f 1580//1993 1579//1993 1577//1993
f 1582//1994 1581//1994 1579//1994
f 1584//1995 1583//1995 1581//1995
f 1586//1996 1585//1996 1583//1996
f 1588//1997 1587//1997 1585//1997
f 1590//1998 1589//1998 1587//1998
f 1592//1999 1591//1999 1589//1999
f 1594//2000 1593//2000 1591//2000
f 1596//2001 1595//2001 1593//2001
f 1598//2002 1597//2002 1595//2002
f 1600//2003 1599//2003 1597//2003
f 1602//2004 1601//2004 1599//2004
f 1604//2005 1603//2005 1601//2005
f 1606//2006 1605//2006 1603//2006
f 1608//2007 1607//2007 1605//2007
f 1610//2008 1609//2008 1607//2008
f 1612//2009 1611//2009 1609//2009
f 1614//2010 1613//2010 1611//2010
f 1616//2011 1615//2011 1613//2011
f 1618//2012 1617//2012 1615//2012
f 1620//2013 1619//2013 1617//2013
f 1622//2014 1621//2014 1619//2014
f 1624//2015 1623//2015 1621//2015
f 1626//2016 1625//2016 1623//2016
f 1628//2017 1627//2017 1625//2017
f 1630//2018 1629//2018 1627//2018
f 1632//2019 1631//2019 1629//2019
f 1634//2020 1633//2020 1631//2020
f 1636//2021 1635//2021 1633//2021
f 1638//2022 1637//2022 1635//2022
f 1640//2023 1639//2023 1637//2023
f 1642//2024 1641//2024 1639//2024
f 1644//2025 1643//2025 1641//2025
f 1646//2026 1645//2026 1643//2026
f 1648//2027 1647//2027 1645//2027
f 1650//2028 1649//2028 1647//2028
f 1652//2029 1651//2029 1649//2029
f 1654//2030 1653//2030 1651//2030
f 1656//2031 1655//2031 1653//2031
f 1658//2032 1657//2032 1655//2032
f 1660//2033 1659//2033 1657//2033
f 1662//2034 1661//2034 1659//2034
f 1664//2035 1663//2035 1661//2035
f 1666//2036 1665//2036 1663//2036
f 1668//2037 1667//2037 1665//2037
f 1670//2038 1669//2038 1667//2038
f 1672//2039 1671//2039 1669//2039
f 1674//2040 1673//2040 1671//2040
f 1676//2041 1675//2041 1673//2041
f 1678//2042 1677//2042 1675//2042
f 1680//2043 1679//2043 1677//2043
f 1682//2044 1681//2044 1679//2044
f 1684//2045 1683//2045 1681//2045
f 1686//2046 1685//2046 1683//2046
f 1688//2047 1687//2047 1685//2047
f 1690//2048 1689//2048 1687//2048
f 1692//2049 1691//2049 1689//2049
f 1694//2050 1693//2050 1691//2050
f 1696//2051 1695//2051 1693//2051
f 1698//2052 1697//2052 1695//2052
f 1700//2053 1699//2053 1697//2053
f 1702//2054 1701//2054 1699//2054
f 1704//2055 1703//2055 1701//2055
f 1706//2056 1705//2056 1703//2056
f 1708//2057 1707//2057 1705//2057
f 1710//2058 1709//2058 1707//2058
f 1712//2059 1711//2059 1709//2059
f 1714//2060 1713//2060 1711//2060
f 1716//2061 1715//2061 1713//2061
f 1718//2062 1717//2062 1715//2062
f 1720//2063 1719//2063 1717//2063
f 1722//2064 1721//2064 1719//2064
f 1724//2065 1723//2065 1721//2065
f 1726//2066 1725//2066 1723//2066
f 1728//2067 1727//2067 1725//2067
f 1730//2068 1729//2068 1727//2068
f 1732//2069 1731//2069 1729//2069
f 1734//2070 1733//2070 1731//2070
f 1736//2071 1735//2071 1733//2071
f 1738//2072 1737//2072 1735//2072
f 1740//2073 1739//2073 1737//2073
f 1742//2074 1741//2074 1739//2074
f 1744//2075 1743//2075 1741//2075
f 1746//2076 1745//2076 1743//2076
f 1748//2077 1747//2077 1745//2077
f 1750//2078 1749//2078 1747//2078
f 1752//2079 1751//2079 1749//2079
f 1754//2080 1753//2080 1751//2080
f 1756//2081 1755//2081 1753//2081
f 1758//2082 1757//2082 1755//2082
f 1760//2083 1759//2083 1757//2083
f 1762//2084 1761//2084 1759//2084
f 1764//2085 1763//2085 1761//2085
f 1766//2086 1765//2086 1763//2086
f 1768//2087 1767//2087 1765//2087
f 1770//2088 1769//2088 1767//2088
f 1772//2089 1771//2089 1769//2089
f 1774//2090 1773//2090 1771//2090
f 1776//2091 1775//2091 1773//2091
f 1778//2092 1777//2092 1775//2092
f 1780//2093 1779//2093 1777//2093
f 1782//2094 1781//2094 1779//2094
f 1784//2095 1783//2095 1781//2095
f 1786//2096 1785//2096 1783//2096
f 1788//2097 1787//2097 1785//2097
f 1790//2098 1789//2098 1787//2098
f 1792//2099 1791//2099 1789//2099
f 1794//2100 1793//2100 1791//2100
f 1796//2101 1795//2101 1793//2101
f 1798//2102 1797//2102 1795//2102
f 1800//2103 1799//2103 1797//2103
f 1802//2104 1801//2104 1799//2104
f 1804//2105 1803//2105 1801//2105
f 1806//2106 1805//2106 1803//2106
f 1808//2107 1807//2107 1805//2107
f 1494//2108 1493//2108 1807//2108
f 1812//2109 1811//2109 1809//2109
f 1814//2110 1813//2110 1811//2110
f 1816//2111 1815//2111 1813//2111
f 1818//2112 1817//2112 1815//2112
f 1820//2113 1819//2113 1817//2113
f 1822//2114 1821//2114 1819//2114
f 1824//2115 1823//2115 1821//2115
f 1826//2116 1825//2116 1823//2116
f 1828//2117 1827//2117 1825//2117
f 1830//2118 1829//2118 1827//2118
f 1832//2119 1831//2119 1829//2119
f 1834//2120 1833//2120 1831//2120
f 1836//2121 1835//2121 1833//2121
f 1838//2122 1837//2122 1835//2122
f 1840//2123 1839//2123 1837//2123
f 1842//2124 1841//2124 1839//2124
f 1844//2125 1843//2125 1841//2125
f 1846//2126 1845//2126 1843//2126
f 1848//2127 1847//2127 1845//2127
f 1850//2128 1849//2128 1847//2128
f 1852//2129 1851//2129 1849//2129
f 1854//2130 1853//2130 1851//2130
f 1856//2131 1855//2131 1853//2131
f 1858//2132 1857//2132 1855//2132
f 1860//2133 1859//2133 1857//2133
f 1862//2134 1861//2134 1859//2134
f 1864//2135 1863//2135 1861//2135
f 1866//2136 1865//2136 1863//2136
f 1868//2137 1867//2137 1865//2137
f 1870//2138 1869//2138 1867//2138
f 1872//2139 1871//2139 1869//2139
f 1874//2140 1873//2140 1871//2140
f 1876//2141 1875//2141 1873//2141
f 1878//2142 1877//2142 1875//2142
f 1880//2143 1879//2143 1877//2143
f 1882//2144 1881//2144 1879//2144
f 1884//2145 1883//2145 1881//2145
f 1886//2146 1885//2146 1883//2146
f 1888//2147 1887//2147 1885//2147
f 1890//2148 1889//2148 1887//2148
f 1892//2149 1891//2149 1889//2149
f 1894//2150 1893//2150 1891//2150
f 1896//2151 1895//2151 1893//2151
f 1898//2152 1897//2152 1895//2152
f 1900//2153 1899//2153 1897//2153
f 1902//2154 1901//2154 1899//2154
f 1904//2155 1903//2155 1901//2155
f 1906//2156 1905//2156 1903//2156
f 1908//2157 1907//2157 1905//2157
f 1910//2158 1909//2158 1907//2158
f 1912//2159 1911//2159 1909//2159
f 1914//2160 1913//2160 1911//2160
f 1916//2161 1915//2161 1913//2161
f 1918//2162 1917//2162 1915//2162
f 1920//2163 1919//2163 1917//2163
f 1922//2164 1921//2164 1919//2164
f 1810//2165 1809//2165 1921//2165
f 1926//2166 1925//2166 1923//2166
f 1928//2167 1927//2167 1925//2167
f 1930//2168 1929//2168 1927//2168
f 1932//2169 1931//2169 1929//2169
f 1934//2170 1933//2170 1931//2170
f 1936//2171 1935//2171 1933//2171
f 1938//2172 1937//2172 1935//2172
f 1940//2173 1939//2173 1937//2173
f 1942//2174 1941//2174 1939//2174
f 1944//2175 1943//2175 1941//2175
f 1946//2176 1945//2176 1943//2176
f 1948//2177 1947//2177 1945//2177
f 1950//2178 1949//2178 1947//2178
f 1952//2179 1951//2179 1949//2179
f 1954//2180 1953//2180 1951//2180
f 1956//2181 1955//2181 1953//2181
f 1958//2182 1957//2182 1955//2182
f 1960//2183 1959//2183 1957//2183
f 1962//2184 1961//2184 1959//2184
f 1964//2185 1963//2185 1961//2185
f 1966//2186 1965//2186 1963//2186
f 1968//2187 1967//2187 1965//2187
f 1970//2188 1969//2188 1967//2188
f 1972//2189 1971//2189 1969//2189
f 1974//2190 1973//2190 1971//2190
f 1976//2191 1975//2191 1973//2191
f 1924//2192 1923//2192 1975//2192
f 1980//2193 1979//2193 1977//2193
f 1982//2194 1981//2194 1979//2194
f 1984//2195 1983//2195 1981//2195
f 1986//2196 1985//2196 1983//2196
f 1988//2197 1987//2197 1985//2197
f 1990//2198 1989//2198 1987//2198
f 1992//2199 1991//2199 1989//2199
f 1994//2200 1993//2200 1991//2200
f 1996//2201 1995//2201 1993//2201
f 1998//2202 1997//2202 1995//2202
f 2000//2203 1999//2203 1997//2203
f 2002//2204 2001//2204 1999//2204
f 2004//2205 2003//2205 2001//2205
f 2006//2206 2005//2206 2003//2206
f 2008//2207 2007//2207 2005//2207
f 2010//2208 2009//2208 2007//2208
f 2012//2209 2011//2209 2009//2209
f 2014//2210 2013//2210 2011//2210
f 2016//2211 2015//2211 2013//2211
f 2018//2212 2017//2212 2015//2212
f 2020//2213 2019//2213 2017//2213
f 2022//2214 2021//2214 2019//2214
f 2024//2215 2023//2215 2021//2215
f 2026//2216 2025//2216 2023//2216
f 2028//2217 2027//2217 2025//2217
f 2030//2218 2029//2218 2027//2218
f 2032//2219 2031//2219 2029//2219
f 2034//2220 2033//2220 2031//2220
f 2036//2221 2035//2221 2033//2221
f 2038//2222 2037//2222 2035//2222
f 2040//2223 2039//2223 2037//2223
f 2042//2224 2041//2224 2039//2224
f 2044//2225 2043//2225 2041//2225
f 2046//2226 2045//2226 2043//2226
f 2048//2227 2047//2227 2045//2227
f 1978//2228 1977//2228 2047//2228
f 2052//2229 2051//2229 2049//2229
f 2054//2230 2053//2230 2051//2230
f 2056//2231 2055//2231 2053//2231
f 2058//2232 2057//2232 2055//2232
f 2060//2233 2059//2233 2057//2233
f 2062//2234 2061//2234 2059//2234
f 2064//2235 2063//2235 2061//2235
f 2066//2236 2065//2236 2063//2236
f 2068//2237 2067//2237 2065//2237
f 2070//2238 2069//2238 2067//2238
f 2072//2239 2071//2239 2069//2239
f 2074//2240 2073//2240 2071//2240
f 2076//2241 2075//2241 2073//2241
f 2078//2242 2077//2242 2075//2242
f 2080//2243 2079//2243 2077//2243
f 2082//2244 2081//2244 2079//2244
f 2084//2245 2083//2245 2081//2245
f 2086//2246 2085//2246 2083//2246
f 2088//2247 2087//2247 2085//2247
f 2090//2248 2089//2248 2087//2248
f 2092//2249 2091//2249 2089//2249
f 2094//2250 2093//2250 2091//2250
f 2096//2251 2095//2251 2093//2251
f 2098//2252 2097//2252 2095//2252
f 2100//2253 2099//2253 2097//2253
f 2102//2254 2101//2254 2099//2254
f 2104//2255 2103//2255 2101//2255
f 2106//2256 2105//2256 2103//2256
f 2108//2257 2107//2257 2105//2257
f 2110//2258 2109//2258 2107//2258
f 2112//2259 2111//2259 2109//2259
f 2114//2260 2113//2260 2111//2260
f 2116//2261 2115//2261 2113//2261
f 2118//2262 2117//2262 2115//2262
f 2120//2263 2119//2263 2117//2263
f 2122//2264 2121//2264 2119//2264
f 2124//2265 2123//2265 2121//2265
f 2126//2266 2125//2266 2123//2266
f 2128//2267 2127//2267 2125//2267
f 2130//2268 2129//2268 2127//2268
f 2132//2269 2131//2269 2129//2269
f 2134//2270 2133//2270 2131//2270
f 2136//2271 2135//2271 2133//2271
f 2138//2272 2137//2272 2135//2272
f 2140//2273 2139//2273 2137//2273
f 2142//2274 2141//2274 2139//2274
f 2144//2275 2143//2275 2141//2275
f 2146//2276 2145//2276 2143//2276
f 2148//2277 2147//2277 2145//2277
f 2050//2278 2049//2278 2147//2278
f 2152//2279 2151//2279 2149//2279
f 2154//2280 2153//2280 2151//2280
f 2156//2281 2155//2281 2153//2281
f 2158//2282 2157//2282 2155//2282
f 2160//2283 2159//2283 2157//2283
f 2162//2284 2161//2284 2159//2284
f 2164//2285 2163//2285 2161//2285
f 2166//2286 2165//2286 2163//2286
f 2168//2287 2167//2287 2165//2287
f 2170//2288 2169//2288 2167//2288
f 2172//2289 2171//2289 2169//2289
f 2174//2290 2173//2290 2171//2290
f 2176//2291 2175//2291 2173//2291
f 2178//2292 2177//2292 2175//2292
f 2180//2293 2179//2293 2177//2293
f 2182//2294 2181//2294 2179//2294
f 2184//2295 2183//2295 2181//2295
f 2186//2296 2185//2296 2183//2296
f 2188//2297 2187//2297 2185//2297
f 2190//2298 2189//2298 2187//2298
f 2192//2299 2191//2299 2189//2299
f 2194//2300 2193//2300 2191//2300
f 2196//2301 2195//2301 2193//2301
f 2198//2302 2197//2302 2195//2302
f 2200//2303 2199//2303 2197//2303
f 2202//2304 2201//2304 2199//2304
f 2204//2305 2203//2305 2201//2305
f 2206//2306 2205//2306 2203//2306
f 2208//2307 2207//2307 2205//2307
f 2210//2308 2209//2308 2207//2308
f 2212//2309 2211//2309 2209//2309
f 2214//2310 2213//2310 2211//2310
f 2216//2311 2215//2311 2213//2311
f 2150//2312 2149//2312 2215//2312
f 2220//2313 2219//2313 2217//2313
f 2222//2314 2221//2314 2219//2314
f 2224//2315 2223//2315 2221//2315
f 2226//2316 2225//2316 2223//2316
f 2228//2317 2227//2317 2225//2317
f 2230//2318 2229//2318 2227//2318
f 2232//2319 2231//2319 2229//2319
f 2234//2320 2233//2320 2231//2320
f 2236//2321 2235//2321 2233//2321
f 2238//2322 2237//2322 2235//2322
f 2240//2323 2239//2323 2237//2323
f 2242//2324 2241//2324 2239//2324
f 2244//2325 2243//2325 2241//2325
f 2246//2326 2245//2326 2243//2326
f 2248//2327 2247//2327 2245//2327
f 2250//2328 2249//2328 2247//2328
f 2252//2329 2251//2329 2249//2329
f 2254//2330 2253//2330 2251//2330
f 2256//2331 2255//2331 2253//2331
f 2258//2332 2257//2332 2255//2332
f 2260//2333 2259//2333 2257//2333
f 2262//2334 2261//2334 2259//2334
f 2264//2335 2263//2335 2261//2335
f 2266//2336 2265//2336 2263//2336
f 2268//2337 2267//2337 2265//2337
f 2270//2338 2269//2338 2267//2338
f 2272//2339 2271//2339 2269//2339
f 2274//2340 2273//2340 2271//2340
f 2276//2341 2275//2341 2273//2341
f 2278//2342 2277//2342 2275//2342
f 2280//2343 2279//2343 2277//2343
f 2282//2344 2281//2344 2279//2344
f 2284//2345 2283//2345 2281//2345
f 2286//2346 2285//2346 2283//2346
f 2288//2347 2287//2347 2285//2347
f 2290//2348 2289//2348 2287//2348
f 2292//2349 2291//2349 2289//2349
f 2294//2350 2293//2350 2291//2350
f 2296//2351 2295//2351 2293//2351
f 2298//2352 2297//2352 2295//2352
f 2300//2353 2299//2353 2297//2353
f 2302//2354 2301//2354 2299//2354
f 2304//2355 2303//2355 2301//2355
f 2306//2356 2305//2356 2303//2356
f 2308//2357 2307//2357 2305//2357
f 2310//2358 2309//2358 2307//2358
f 2312//2359 2311//2359 2309//2359
f 2314//2360 2313//2360 2311//2360
f 2316//2361 2315//2361 2313//2361
f 2318//2362 2317//2362 2315//2362
f 2320//2363 2319//2363 2317//2363
f 2322//2364 2321//2364 2319//2364
f 2324//2365 2323//2365 2321//2365
f 2326//2366 2325//2366 2323//2366
f 2328//2367 2327//2367 2325//2367
f 2330//2368 2329//2368 2327//2368
f 2332//2369 2331//2369 2329//2369
f 2334//2370 2333//2370 2331//2370
f 2336//2371 2335//2371 2333//2371
f 2338//2372 2337//2372 2335//2372
f 2340//2373 2339//2373 2337//2373
f 2342//2374 2341//2374 2339//2374
f 2344//2375 2343//2375 2341//2375
f 2346//2376 2345//2376 2343//2376
f 2348//2377 2347//2377 2345//2377
f 2350//2378 2349//2378 2347//2378
f 2352//2379 2351//2379 2349//2379
f 2354//2380 2353//2380 2351//2380
f 2356//2381 2355//2381 2353//2381
f 2358//2382 2357//2382 2355//2382
f 2360//2383 2359//2383 2357//2383
f 2362//2384 2361//2384 2359//2384
f 2364//2385 2363//2385 2361//2385
f 2366//2386 2365//2386 2363//2386
f 2368//2387 2367//2387 2365//2387
f 2370//2388 2369//2388 2367//2388
f 2372//2389 2371//2389 2369//2389
f 2374//2390 2373//2390 2371//2390
f 2376//2391 2375//2391 2373//2391
f 2378//2392 2377//2392 2375//2392
f 2380//2393 2379//2393 2377//2393
f 2218//2394 2217//2394 2379//2394
f 2381//2395 2392//2395 2382//2395
f 2392//2396 2391//2396 2387//2396
f 2382//2397 2392//2397 2383//2397
f 2391//2398 2390//2398 2388//2398
f 2390//2399 2389//2399 2388//2399
f 2383//2400 2392//2400 2385//2400
f 2385//2401 2384//2401 2383//2401
f 2385//2402 2392//2402 2387//2402
f 2391//2403 2388//2403 2387//2403
f 2404//2404 2393//2404 2394//2404
f 2395//2405 2396//2405 2397//2405
f 2404//2406 2394//2406 2395//2406
f 2401//2407 2402//2407 2400//2407
f 2402//2408 2403//2408 2400//2408
f 2403//2409 2404//2409 2399//2409
f 2404//2410 2395//2410 2397//2410
f 2399//2411 2404//2411 2397//2411
f 2397//2412 2398//2412 2399//2412
f 2382//2413 2394//2413 2393//2413
f 2383//2414 2395//2414 2394//2414
f 2383//2415 2384//2415 2396//2415
f 2385//2416 2397//2416 2396//2416
f 2386//2417 2398//2417 2397//2417
f 2387//2418 2399//2418 2398//2418
f 2388//2419 2400//2419 2399//2419
f 2389//2420 2401//2420 2400//2420
f 2390//2421 2402//2421 2401//2421
f 2391//2422 2403//2422 2402//2422
f 2392//2423 2404//2423 2403//2423
f 2381//2424 2393//2424 2404//2424
f 2405//2425 2410//2425 2409//2425
f 2409//2426 2408//2426 2406//2426
f 2408//2427 2407//2427 2406//2427
f 2416//2428 2411//2428 2415//2428
f 2411//2429 2412//2429 2415//2429
f 2412//2430 2413//2430 2414//2430
f 2406//2431 2412//2431 2411//2431
f 2407//2432 2413//2432 2412//2432
f 2408//2433 2414//2433 2413//2433
f 2409//2434 2415//2434 2414//2434
f 2410//2435 2416//2435 2415//2435
f 2405//2436 2411//2436 2416//2436
f 2419//2437 2418//2437 2417//2437
f 2422//2438 2423//2438 2424//2438
f 2418//2439 2422//2439 2421//2439
f 2419//2440 2423//2440 2422//2440
f 2420//2441 2424//2441 2423//2441
f 2420//2442 2417//2442 2421//2442
f 2427//2443 2426//2443 2425//2443
f 2429//2444 2430//2444 2431//2444
f 2426//2445 2430//2445 2429//2445
f 2427//2446 2431//2446 2430//2446
f 2428//2447 2432//2447 2431//2447
f 2425//2448 2429//2448 2432//2448
