# Original asset generated in Blender
v 0.026904 0.829182 0.156000
v 0.026508 0.828918 0.156000
v 0.026376 0.828654 0.156000
v 0.026508 0.828391 0.156000
v 0.026904 0.828127 0.156000
v 0.034751 0.823148 0.156000
v 0.040356 0.816653 0.156000
v 0.043718 0.808641 0.156000
v 0.044839 0.799113 0.156000
v 0.044142 0.791261 0.156000
v 0.042048 0.784408 0.156000
v 0.038559 0.778556 0.156000
v 0.033674 0.773704 0.156000
v 0.027667 0.769896 0.156000
v 0.020815 0.767176 0.156000
v 0.013117 0.765544 0.156000
v 0.004572 0.765000 0.156000
v -0.039740 0.765000 0.156000
v -0.040163 0.765038 0.156000
v -0.040553 0.765154 0.156000
v -0.040911 0.765346 0.156000
v -0.041235 0.765615 0.156000
v -0.041504 0.765940 0.156000
v -0.041696 0.766297 0.156000
v -0.041812 0.766687 0.156000
v -0.041850 0.767110 0.156000
v -0.041850 0.885979 0.156000
v -0.041812 0.886402 0.156000
v -0.041696 0.886792 0.156000
v -0.041504 0.887149 0.156000
v -0.041235 0.887473 0.156000
v -0.040911 0.887743 0.156000
v -0.040553 0.887935 0.156000
v -0.040163 0.888050 0.156000
v -0.039740 0.888089 0.156000
v 0.003165 0.888089 0.156000
v 0.012199 0.887572 0.156000
v 0.020134 0.886023 0.156000
v 0.026970 0.883440 0.156000
v 0.032706 0.879824 0.156000
v 0.037245 0.875164 0.156000
v 0.040487 0.869450 0.156000
v 0.042433 0.862680 0.156000
v 0.043081 0.854855 0.156000
v 0.042070 0.846326 0.156000
v 0.039037 0.839205 0.156000
v 0.033981 0.833490 0.156000
v -0.020573 0.870505 0.156000
v -0.020958 0.870450 0.156000
v -0.021233 0.870285 0.156000
v -0.021398 0.870010 0.156000
v -0.021453 0.869625 0.156000
v -0.021453 0.837095 0.156000
v -0.021398 0.836710 0.156000
v -0.021233 0.836435 0.156000
v -0.020958 0.836271 0.156000
v -0.020573 0.836216 0.156000
v 0.003165 0.836216 0.156000
v 0.007578 0.836496 0.156000
v 0.011496 0.837337 0.156000
v 0.014919 0.838738 0.156000
v 0.017848 0.840700 0.156000
v 0.020194 0.843156 0.156000
v 0.021870 0.846041 0.156000
v 0.022876 0.849354 0.156000
v 0.023211 0.853096 0.156000
v 0.022876 0.856926 0.156000
v 0.021870 0.860328 0.156000
v 0.020194 0.863301 0.156000
v 0.017848 0.865845 0.156000
v 0.014919 0.867883 0.156000
v 0.011496 0.869340 0.156000
v 0.007578 0.870213 0.156000
v 0.003165 0.870505 0.156000
v 0.004572 0.782760 0.156000
v 0.008907 0.783068 0.156000
v 0.012770 0.783991 0.156000
v 0.016161 0.785529 0.156000
v 0.019079 0.787683 0.156000
v 0.021425 0.790365 0.156000
v 0.023101 0.793486 0.156000
v 0.024107 0.797047 0.156000
v 0.024442 0.801047 0.156000
v 0.024101 0.805119 0.156000
v 0.023079 0.808718 0.156000
v 0.021376 0.811845 0.156000
v 0.018991 0.814499 0.156000
v 0.016024 0.816615 0.156000
v 0.012573 0.818126 0.156000
v 0.008638 0.819033 0.156000
v 0.004220 0.819335 0.156000
v -0.020573 0.819335 0.156000
v -0.020958 0.819280 0.156000
v -0.021233 0.819115 0.156000
v -0.021398 0.818840 0.156000
v -0.021453 0.818456 0.156000
v -0.021453 0.783639 0.156000
v -0.021398 0.783255 0.156000
v -0.021233 0.782980 0.156000
v -0.020958 0.782815 0.156000
v -0.020573 0.782760 0.156000
v 0.026904 0.829182 0.154000
v 0.026508 0.828918 0.154000
v 0.026376 0.828654 0.154000
v 0.026508 0.828391 0.154000
v 0.026904 0.828127 0.154000
v 0.034751 0.823148 0.154000
v 0.040356 0.816653 0.154000
v 0.043718 0.808641 0.154000
v 0.044839 0.799113 0.154000
v 0.044142 0.791261 0.154000
v 0.042048 0.784408 0.154000
v 0.038559 0.778556 0.154000
v 0.033674 0.773704 0.154000
v 0.027667 0.769896 0.154000
v 0.020815 0.767176 0.154000
v 0.013117 0.765544 0.154000
v 0.004572 0.765000 0.154000
v -0.039740 0.765000 0.154000
v -0.040163 0.765038 0.154000
v -0.040553 0.765154 0.154000
v -0.040911 0.765346 0.154000
v -0.041235 0.765615 0.154000
v -0.041504 0.765940 0.154000
v -0.041696 0.766297 0.154000
v -0.041812 0.766687 0.154000
v -0.041850 0.767110 0.154000
v -0.041850 0.885979 0.154000
v -0.041812 0.886402 0.154000
v -0.041696 0.886792 0.154000
v -0.041504 0.887149 0.154000
v -0.041235 0.887473 0.154000
v -0.040911 0.887743 0.154000
v -0.040553 0.887935 0.154000
v -0.040163 0.888050 0.154000
v -0.039740 0.888089 0.154000
v 0.003165 0.888089 0.154000
v 0.012199 0.887572 0.154000
v 0.020134 0.886023 0.154000
v 0.026970 0.883440 0.154000
v 0.032706 0.879824 0.154000
v 0.037245 0.875164 0.154000
v 0.040487 0.869450 0.154000
v 0.042433 0.862680 0.154000
v 0.043081 0.854855 0.154000
v 0.042070 0.846326 0.154000
v 0.039037 0.839205 0.154000
v 0.033981 0.833490 0.154000
v -0.020573 0.870505 0.154000
v -0.020958 0.870450 0.154000
v -0.021233 0.870285 0.154000
v -0.021398 0.870010 0.154000
v -0.021453 0.869625 0.154000
v -0.021453 0.837095 0.154000
v -0.021398 0.836710 0.154000
v -0.021233 0.836435 0.154000
v -0.020958 0.836271 0.154000
v -0.020573 0.836216 0.154000
v 0.003165 0.836216 0.154000
v 0.007578 0.836496 0.154000
v 0.011496 0.837337 0.154000
v 0.014919 0.838738 0.154000
v 0.017848 0.840700 0.154000
v 0.020194 0.843156 0.154000
v 0.021870 0.846041 0.154000
v 0.022876 0.849354 0.154000
v 0.023211 0.853096 0.154000
v 0.022876 0.856926 0.154000
v 0.021870 0.860328 0.154000
v 0.020194 0.863301 0.154000
v 0.017848 0.865845 0.154000
v 0.014919 0.867883 0.154000
v 0.011496 0.869340 0.154000
v 0.007578 0.870213 0.154000
v 0.003165 0.870505 0.154000
v 0.004572 0.782760 0.154000
v 0.008907 0.783068 0.154000
v 0.012770 0.783991 0.154000
v 0.016161 0.785529 0.154000
v 0.019079 0.787683 0.154000
v 0.021425 0.790365 0.154000
v 0.023101 0.793486 0.154000
v 0.024107 0.797047 0.154000
v 0.024442 0.801047 0.154000
v 0.024101 0.805119 0.154000
v 0.023079 0.808718 0.154000
v 0.021376 0.811845 0.154000
v 0.018991 0.814499 0.154000
v 0.016024 0.816615 0.154000
v 0.012573 0.818126 0.154000
v 0.008638 0.819033 0.154000
v 0.004220 0.819335 0.154000
v -0.020573 0.819335 0.154000
v -0.020958 0.819280 0.154000
v -0.021233 0.819115 0.154000
v -0.021398 0.818840 0.154000
v -0.021453 0.818456 0.154000
v -0.021453 0.783639 0.154000
v -0.021398 0.783255 0.154000
v -0.021233 0.782980 0.154000
v -0.020958 0.782815 0.154000
v -0.020573 0.782760 0.154000
v 0.026904 0.829182 0.154000
v 0.026904 0.829182 0.156000
v 0.026508 0.828918 0.154000
v 0.026508 0.828918 0.156000
v 0.026376 0.828654 0.154000
v 0.026376 0.828654 0.156000
v 0.026508 0.828391 0.154000
v 0.026508 0.828391 0.156000
v 0.026904 0.828127 0.154000
v 0.026904 0.828127 0.156000
v 0.034751 0.823148 0.154000
v 0.034751 0.823148 0.156000
v 0.040356 0.816653 0.154000
v 0.040356 0.816653 0.156000
v 0.043718 0.808641 0.154000
v 0.043718 0.808641 0.156000
v 0.044839 0.799113 0.154000
v 0.044839 0.799113 0.156000
v 0.044142 0.791261 0.154000
v 0.044142 0.791261 0.156000
v 0.042048 0.784408 0.154000
v 0.042048 0.784408 0.156000
v 0.038559 0.778556 0.154000
v 0.038559 0.778556 0.156000
v 0.033674 0.773704 0.154000
v 0.033674 0.773704 0.156000
v 0.027667 0.769896 0.154000
v 0.027667 0.769896 0.156000
v 0.020815 0.767176 0.154000
v 0.020815 0.767176 0.156000
v 0.013117 0.765544 0.154000
v 0.013117 0.765544 0.156000
v 0.004572 0.765000 0.154000
v 0.004572 0.765000 0.156000
v -0.039740 0.765000 0.154000
v -0.039740 0.765000 0.156000
v -0.040163 0.765038 0.154000
v -0.040163 0.765038 0.156000
v -0.040553 0.765154 0.154000
v -0.040553 0.765154 0.156000
v -0.040911 0.765346 0.154000
v -0.040911 0.765346 0.156000
v -0.041235 0.765615 0.154000
v -0.041235 0.765615 0.156000
v -0.041504 0.765940 0.154000
v -0.041504 0.765940 0.156000
v -0.041696 0.766297 0.154000
v -0.041696 0.766297 0.156000
v -0.041812 0.766687 0.154000
v -0.041812 0.766687 0.156000
v -0.041850 0.767110 0.154000
v -0.041850 0.767110 0.156000
v -0.041850 0.885979 0.154000
v -0.041850 0.885979 0.156000
v -0.041812 0.886402 0.154000
v -0.041812 0.886402 0.156000
v -0.041696 0.886792 0.154000
v -0.041696 0.886792 0.156000
v -0.041504 0.887149 0.154000
v -0.041504 0.887149 0.156000
v -0.041235 0.887473 0.154000
v -0.041235 0.887473 0.156000
v -0.040911 0.887743 0.154000
v -0.040911 0.887743 0.156000
v -0.040553 0.887935 0.154000
v -0.040553 0.887935 0.156000
v -0.040163 0.888050 0.154000
v -0.040163 0.888050 0.156000
v -0.039740 0.888089 0.154000
v -0.039740 0.888089 0.156000
v 0.003165 0.888089 0.154000
v 0.003165 0.888089 0.156000
v 0.012199 0.887572 0.154000
v 0.012199 0.887572 0.156000
v 0.020134 0.886023 0.154000
v 0.020134 0.886023 0.156000
v 0.026970 0.883440 0.154000
v 0.026970 0.883440 0.156000
v 0.032706 0.879824 0.154000
v 0.032706 0.879824 0.156000
v 0.037245 0.875164 0.154000
v 0.037245 0.875164 0.156000
v 0.040487 0.869450 0.154000
v 0.040487 0.869450 0.156000
v 0.042433 0.862680 0.154000
v 0.042433 0.862680 0.156000
v 0.043081 0.854855 0.154000
v 0.043081 0.854855 0.156000
v 0.042070 0.846326 0.154000
v 0.042070 0.846326 0.156000
v 0.039037 0.839205 0.154000
v 0.039037 0.839205 0.156000
v 0.033981 0.833490 0.154000
v 0.033981 0.833490 0.156000
v -0.020573 0.870505 0.154000
v -0.020573 0.870505 0.156000
v -0.020958 0.870450 0.154000
v -0.020958 0.870450 0.156000
v -0.021233 0.870285 0.154000
v -0.021233 0.870285 0.156000
v -0.021398 0.870010 0.154000
v -0.021398 0.870010 0.156000
v -0.021453 0.869625 0.154000
v -0.021453 0.869625 0.156000
v -0.021453 0.837095 0.154000
v -0.021453 0.837095 0.156000
v -0.021398 0.836710 0.154000
v -0.021398 0.836710 0.156000
v -0.021233 0.836435 0.154000
v -0.021233 0.836435 0.156000
v -0.020958 0.836271 0.154000
v -0.020958 0.836271 0.156000
v -0.020573 0.836216 0.154000
v -0.020573 0.836216 0.156000
v 0.003165 0.836216 0.154000
v 0.003165 0.836216 0.156000
v 0.007578 0.836496 0.154000
v 0.007578 0.836496 0.156000
v 0.011496 0.837337 0.154000
v 0.011496 0.837337 0.156000
v 0.014919 0.838738 0.154000
v 0.014919 0.838738 0.156000
v 0.017848 0.840700 0.154000
v 0.017848 0.840700 0.156000
v 0.020194 0.843156 0.154000
v 0.020194 0.843156 0.156000
v 0.021870 0.846041 0.154000
v 0.021870 0.846041 0.156000
v 0.022876 0.849354 0.154000
v 0.022876 0.849354 0.156000
v 0.023211 0.853096 0.154000
v 0.023211 0.853096 0.156000
v 0.022876 0.856926 0.154000
v 0.022876 0.856926 0.156000
v 0.021870 0.860328 0.154000
v 0.021870 0.860328 0.156000
v 0.020194 0.863301 0.154000
v 0.020194 0.863301 0.156000
v 0.017848 0.865845 0.154000
v 0.017848 0.865845 0.156000
v 0.014919 0.867883 0.154000
v 0.014919 0.867883 0.156000
v 0.011496 0.869340 0.154000
v 0.011496 0.869340 0.156000
v 0.007578 0.870213 0.154000
v 0.007578 0.870213 0.156000
v 0.003165 0.870505 0.154000
v 0.003165 0.870505 0.156000
v 0.004572 0.782760 0.154000
v 0.004572 0.782760 0.156000
v 0.008907 0.783068 0.154000
v 0.008907 0.783068 0.156000
v 0.012770 0.783991 0.154000
v 0.012770 0.783991 0.156000
v 0.016161 0.785529 0.154000
v 0.016161 0.785529 0.156000
v 0.019079 0.787683 0.154000
v 0.019079 0.787683 0.156000
v 0.021425 0.790365 0.154000
v 0.021425 0.790365 0.156000
v 0.023101 0.793486 0.154000
v 0.023101 0.793486 0.156000
v 0.024107 0.797047 0.154000
v 0.024107 0.797047 0.156000
v 0.024442 0.801047 0.154000
v 0.024442 0.801047 0.156000
v 0.024101 0.805119 0.154000
v 0.024101 0.805119 0.156000
v 0.023079 0.808718 0.154000
v 0.023079 0.808718 0.156000
v 0.021376 0.811845 0.154000
v 0.021376 0.811845 0.156000
v 0.018991 0.814499 0.154000
v 0.018991 0.814499 0.156000
v 0.016024 0.816615 0.154000
v 0.016024 0.816615 0.156000
v 0.012573 0.818126 0.154000
v 0.012573 0.818126 0.156000
v 0.008638 0.819033 0.154000
v 0.008638 0.819033 0.156000
v 0.004220 0.819335 0.154000
v 0.004220 0.819335 0.156000
v -0.020573 0.819335 0.154000
v -0.020573 0.819335 0.156000
v -0.020958 0.819280 0.154000
v -0.020958 0.819280 0.156000
v -0.021233 0.819115 0.154000
v -0.021233 0.819115 0.156000
v -0.021398 0.818840 0.154000
v -0.021398 0.818840 0.156000
v -0.021453 0.818456 0.154000
v -0.021453 0.818456 0.156000
v -0.021453 0.783639 0.154000
v -0.021453 0.783639 0.156000
v -0.021398 0.783255 0.154000
v -0.021398 0.783255 0.156000
v -0.021233 0.782980 0.154000
v -0.021233 0.782980 0.156000
v -0.020958 0.782815 0.154000
v -0.020958 0.782815 0.156000
v -0.020573 0.782760 0.154000
v -0.020573 0.782760 0.156000
v 0.060085 0.260862 0.156000
v 0.060076 0.260769 0.156000
v 0.060051 0.260682 0.156000
v 0.060008 0.260603 0.156000
v 0.059948 0.260531 0.156000
v 0.059877 0.260471 0.156000
v 0.059797 0.260429 0.156000
v 0.059711 0.260403 0.156000
v 0.059617 0.260394 0.156000
v 0.046321 0.260394 0.156000
v 0.046236 0.260382 0.156000
v 0.046175 0.260346 0.156000
v 0.046138 0.260285 0.156000
v 0.046126 0.260200 0.156000
v 0.046126 0.252908 0.156000
v 0.046138 0.252823 0.156000
v 0.046175 0.252762 0.156000
v 0.046236 0.252725 0.156000
v 0.046321 0.252713 0.156000
v 0.055250 0.252713 0.156000
v 0.055344 0.252705 0.156000
v 0.055430 0.252679 0.156000
v 0.055510 0.252637 0.156000
v 0.055581 0.252577 0.156000
v 0.055641 0.252505 0.156000
v 0.055684 0.252426 0.156000
v 0.055709 0.252339 0.156000
v 0.055718 0.252245 0.156000
v 0.055718 0.249282 0.156000
v 0.055709 0.249188 0.156000
v 0.055684 0.249102 0.156000
v 0.055641 0.249023 0.156000
v 0.055581 0.248951 0.156000
v 0.055510 0.248891 0.156000
v 0.055430 0.248848 0.156000
v 0.055344 0.248823 0.156000
v 0.055250 0.248814 0.156000
v 0.046321 0.248814 0.156000
v 0.046236 0.248802 0.156000
v 0.046175 0.248765 0.156000
v 0.046138 0.248705 0.156000
v 0.046126 0.248619 0.156000
v 0.046126 0.241094 0.156000
v 0.046138 0.241009 0.156000
v 0.046175 0.240948 0.156000
v 0.046236 0.240911 0.156000
v 0.046321 0.240899 0.156000
v 0.059617 0.240899 0.156000
v 0.059711 0.240891 0.156000
v 0.059797 0.240865 0.156000
v 0.059877 0.240822 0.156000
v 0.059948 0.240763 0.156000
v 0.060008 0.240691 0.156000
v 0.060051 0.240611 0.156000
v 0.060076 0.240525 0.156000
v 0.060085 0.240431 0.156000
v 0.060085 0.237468 0.156000
v 0.060076 0.237374 0.156000
v 0.060051 0.237288 0.156000
v 0.060008 0.237208 0.156000
v 0.059948 0.237136 0.156000
v 0.059877 0.237077 0.156000
v 0.059797 0.237034 0.156000
v 0.059711 0.237009 0.156000
v 0.059617 0.237000 0.156000
v 0.042071 0.237000 0.156000
v 0.041977 0.237009 0.156000
v 0.041891 0.237034 0.156000
v 0.041812 0.237077 0.156000
v 0.041740 0.237136 0.156000
v 0.041680 0.237208 0.156000
v 0.041637 0.237288 0.156000
v 0.041612 0.237374 0.156000
v 0.041603 0.237468 0.156000
v 0.041603 0.263826 0.156000
v 0.041612 0.263919 0.156000
v 0.041637 0.264006 0.156000
v 0.041680 0.264085 0.156000
v 0.041740 0.264157 0.156000
v 0.041812 0.264217 0.156000
v 0.041891 0.264259 0.156000
v 0.041977 0.264285 0.156000
v 0.042071 0.264294 0.156000
v 0.059617 0.264294 0.156000
v 0.059711 0.264285 0.156000
v 0.059797 0.264259 0.156000
v 0.059877 0.264217 0.156000
v 0.059948 0.264157 0.156000
v 0.060008 0.264085 0.156000
v 0.060051 0.264006 0.156000
v 0.060076 0.263919 0.156000
v 0.060085 0.263826 0.156000
v 0.032596 0.251232 0.156000
v 0.032509 0.251173 0.156000
v 0.032479 0.251115 0.156000
v 0.032509 0.251056 0.156000
v 0.032596 0.250998 0.156000
v 0.034336 0.249894 0.156000
v 0.035579 0.248454 0.156000
v 0.036325 0.246677 0.156000
v 0.036573 0.244564 0.156000
v 0.036419 0.242823 0.156000
v 0.035954 0.241304 0.156000
v 0.035181 0.240006 0.156000
v 0.034097 0.238930 0.156000
v 0.032766 0.238086 0.156000
v 0.031246 0.237482 0.156000
v 0.029539 0.237121 0.156000
v 0.027644 0.237000 0.156000
v 0.017819 0.237000 0.156000
v 0.017725 0.237009 0.156000
v 0.017638 0.237034 0.156000
v 0.017559 0.237077 0.156000
v 0.017487 0.237136 0.156000
v 0.017428 0.237208 0.156000
v 0.017385 0.237288 0.156000
v 0.017359 0.237374 0.156000
v 0.017351 0.237468 0.156000
v 0.017351 0.263826 0.156000
v 0.017359 0.263919 0.156000
v 0.017385 0.264006 0.156000
v 0.017428 0.264085 0.156000
v 0.017487 0.264157 0.156000
v 0.017559 0.264217 0.156000
v 0.017638 0.264259 0.156000
v 0.017725 0.264285 0.156000
v 0.017819 0.264294 0.156000
v 0.027333 0.264294 0.156000
v 0.029336 0.264179 0.156000
v 0.031095 0.263835 0.156000
v 0.032611 0.263263 0.156000
v 0.033883 0.262461 0.156000
v 0.034889 0.261428 0.156000
v 0.035608 0.260161 0.156000
v 0.036040 0.258659 0.156000
v 0.036183 0.256924 0.156000
v 0.035959 0.255033 0.156000
v 0.035287 0.253454 0.156000
v 0.034166 0.252187 0.156000
v 0.022069 0.260394 0.156000
v 0.021984 0.260382 0.156000
v 0.021923 0.260346 0.156000
v 0.021886 0.260285 0.156000
v 0.021874 0.260200 0.156000
v 0.021874 0.252986 0.156000
v 0.021886 0.252901 0.156000
v 0.021923 0.252840 0.156000
v 0.021984 0.252803 0.156000
v 0.022069 0.252791 0.156000
v 0.027333 0.252791 0.156000
v 0.028311 0.252853 0.156000
v 0.029180 0.253040 0.156000
v 0.029939 0.253351 0.156000
v 0.030588 0.253786 0.156000
v 0.031109 0.254330 0.156000
v 0.031480 0.254970 0.156000
v 0.031703 0.255705 0.156000
v 0.031778 0.256534 0.156000
v 0.031703 0.257384 0.156000
v 0.031480 0.258138 0.156000
v 0.031109 0.258797 0.156000
v 0.030588 0.259361 0.156000
v 0.029939 0.259813 0.156000
v 0.029180 0.260136 0.156000
v 0.028311 0.260330 0.156000
v 0.027333 0.260394 0.156000
v 0.027644 0.240938 0.156000
v 0.028606 0.241006 0.156000
v 0.029462 0.241211 0.156000
v 0.030214 0.241552 0.156000
v 0.030861 0.242030 0.156000
v 0.031382 0.242624 0.156000
v 0.031753 0.243317 0.156000
v 0.031976 0.244106 0.156000
v 0.032050 0.244993 0.156000
v 0.031975 0.245896 0.156000
v 0.031748 0.246694 0.156000
v 0.031371 0.247387 0.156000
v 0.030842 0.247976 0.156000
v 0.030184 0.248445 0.156000
v 0.029419 0.248780 0.156000
v 0.028546 0.248981 0.156000
v 0.027567 0.249048 0.156000
v 0.022069 0.249048 0.156000
v 0.021984 0.249036 0.156000
v 0.021923 0.248999 0.156000
v 0.021886 0.248939 0.156000
v 0.021874 0.248853 0.156000
v 0.021874 0.241133 0.156000
v 0.021886 0.241048 0.156000
v 0.021923 0.240987 0.156000
v 0.021984 0.240950 0.156000
v 0.022069 0.240938 0.156000
v 0.007057 0.263982 0.156000
v 0.007165 0.264118 0.156000
v 0.007291 0.264216 0.156000
v 0.007437 0.264274 0.156000
v 0.007603 0.264294 0.156000
v 0.011190 0.264294 0.156000
v 0.011284 0.264285 0.156000
v 0.011371 0.264259 0.156000
v 0.011450 0.264217 0.156000
v 0.011522 0.264157 0.156000
v 0.011581 0.264085 0.156000
v 0.011624 0.264006 0.156000
v 0.011650 0.263919 0.156000
v 0.011658 0.263826 0.156000
v 0.011658 0.237468 0.156000
v 0.011650 0.237374 0.156000
v 0.011624 0.237288 0.156000
v 0.011581 0.237208 0.156000
v 0.011522 0.237136 0.156000
v 0.011450 0.237077 0.156000
v 0.011371 0.237034 0.156000
v 0.011284 0.237009 0.156000
v 0.011190 0.237000 0.156000
v 0.007603 0.237000 0.156000
v 0.007509 0.237009 0.156000
v 0.007423 0.237034 0.156000
v 0.007344 0.237077 0.156000
v 0.007272 0.237136 0.156000
v 0.007212 0.237208 0.156000
v 0.007169 0.237288 0.156000
v 0.007144 0.237374 0.156000
v 0.007135 0.237468 0.156000
v 0.007135 0.256067 0.156000
v 0.007129 0.256120 0.156000
v 0.007111 0.256164 0.156000
v 0.007080 0.256198 0.156000
v 0.007038 0.256222 0.156000
v 0.006993 0.256232 0.156000
v 0.006955 0.256222 0.156000
v 0.006925 0.256193 0.156000
v 0.006901 0.256144 0.156000
v 0.002028 0.248658 0.156000
v 0.001920 0.248522 0.156000
v 0.001794 0.248424 0.156000
v 0.001647 0.248366 0.156000
v 0.001482 0.248346 0.156000
v -0.000312 0.248346 0.156000
v -0.000478 0.248366 0.156000
v -0.000624 0.248424 0.156000
v -0.000751 0.248522 0.156000
v -0.000858 0.248658 0.156000
v -0.005771 0.256105 0.156000
v -0.005794 0.256154 0.156000
v -0.005824 0.256184 0.156000
v -0.005862 0.256193 0.156000
v -0.005907 0.256184 0.156000
v -0.005950 0.256159 0.156000
v -0.005980 0.256125 0.156000
v -0.005998 0.256081 0.156000
v -0.006005 0.256028 0.156000
v -0.006005 0.237468 0.156000
v -0.006013 0.237374 0.156000
v -0.006039 0.237288 0.156000
v -0.006081 0.237208 0.156000
v -0.006141 0.237136 0.156000
v -0.006213 0.237077 0.156000
v -0.006292 0.237034 0.156000
v -0.006379 0.237009 0.156000
v -0.006472 0.237000 0.156000
v -0.010060 0.237000 0.156000
v -0.010153 0.237009 0.156000
v -0.010240 0.237034 0.156000
v -0.010319 0.237077 0.156000
v -0.010391 0.237136 0.156000
v -0.010451 0.237208 0.156000
v -0.010493 0.237288 0.156000
v -0.010519 0.237374 0.156000
v -0.010528 0.237468 0.156000
v -0.010528 0.263826 0.156000
v -0.010519 0.263919 0.156000
v -0.010493 0.264006 0.156000
v -0.010451 0.264085 0.156000
v -0.010391 0.264157 0.156000
v -0.010319 0.264217 0.156000
v -0.010240 0.264259 0.156000
v -0.010153 0.264285 0.156000
v -0.010060 0.264294 0.156000
v -0.006472 0.264294 0.156000
v -0.006307 0.264274 0.156000
v -0.006161 0.264216 0.156000
v -0.006034 0.264118 0.156000
v -0.005927 0.263982 0.156000
v 0.000429 0.254351 0.156000
v 0.000468 0.254317 0.156000
v 0.000507 0.254292 0.156000
v 0.000546 0.254278 0.156000
v 0.000585 0.254273 0.156000
v 0.000621 0.254278 0.156000
v 0.000653 0.254292 0.156000
v 0.000680 0.254317 0.156000
v 0.000702 0.254351 0.156000
v -0.025500 0.236610 0.156000
v -0.026921 0.236684 0.156000
v -0.028259 0.236907 0.156000
v -0.029514 0.237279 0.156000
v -0.030686 0.237799 0.156000
v -0.031752 0.238456 0.156000
v -0.032689 0.239237 0.156000
v -0.033497 0.240142 0.156000
v -0.034175 0.241172 0.156000
v -0.034713 0.242305 0.156000
v -0.035097 0.243521 0.156000
v -0.035327 0.244820 0.156000
v -0.035404 0.246202 0.156000
v -0.035404 0.255092 0.156000
v -0.035326 0.256455 0.156000
v -0.035092 0.257738 0.156000
v -0.034702 0.258941 0.156000
v -0.034156 0.260063 0.156000
v -0.033470 0.261084 0.156000
v -0.032660 0.261983 0.156000
v -0.031725 0.262761 0.156000
v -0.030666 0.263416 0.156000
v -0.029503 0.263937 0.156000
v -0.028254 0.264308 0.156000
v -0.026920 0.264531 0.156000
v -0.025500 0.264606 0.156000
v -0.024063 0.264531 0.156000
v -0.022717 0.264308 0.156000
v -0.021461 0.263937 0.156000
v -0.020295 0.263416 0.156000
v -0.019236 0.262761 0.156000
v -0.018301 0.261983 0.156000
v -0.017491 0.261084 0.156000
v -0.016805 0.260063 0.156000
v -0.016259 0.258941 0.156000
v -0.015869 0.257738 0.156000
v -0.015635 0.256455 0.156000
v -0.015557 0.255092 0.156000
v -0.015557 0.246202 0.156000
v -0.015635 0.244820 0.156000
v -0.015869 0.243521 0.156000
v -0.016259 0.242305 0.156000
v -0.016805 0.241172 0.156000
v -0.017491 0.240142 0.156000
v -0.018301 0.239237 0.156000
v -0.019236 0.238456 0.156000
v -0.020295 0.237799 0.156000
v -0.021461 0.237279 0.156000
v -0.022717 0.236907 0.156000
v -0.024063 0.236684 0.156000
v -0.025500 0.240509 0.156000
v -0.024333 0.240604 0.156000
v -0.023287 0.240889 0.156000
v -0.022364 0.241365 0.156000
v -0.021562 0.242030 0.156000
v -0.020914 0.242851 0.156000
v -0.020451 0.243794 0.156000
v -0.020173 0.244859 0.156000
v -0.020080 0.246046 0.156000
v -0.020080 0.255131 0.156000
v -0.020173 0.256335 0.156000
v -0.020451 0.257412 0.156000
v -0.020914 0.258362 0.156000
v -0.021562 0.259186 0.156000
v -0.022364 0.259851 0.156000
v -0.023287 0.260326 0.156000
v -0.024333 0.260611 0.156000
v -0.025500 0.260706 0.156000
v -0.026650 0.260611 0.156000
v -0.027683 0.260326 0.156000
v -0.028600 0.259851 0.156000
v -0.029399 0.259186 0.156000
v -0.030047 0.258362 0.156000
v -0.030510 0.257412 0.156000
v -0.030788 0.256335 0.156000
v -0.030881 0.255131 0.156000
v -0.030881 0.246046 0.156000
v -0.030788 0.244859 0.156000
v -0.030510 0.243794 0.156000
v -0.030047 0.242851 0.156000
v -0.029399 0.242030 0.156000
v -0.028600 0.241365 0.156000
v -0.027683 0.240889 0.156000
v -0.026650 0.240604 0.156000
v -0.043748 0.251232 0.156000
v -0.043835 0.251173 0.156000
v -0.043865 0.251115 0.156000
v -0.043835 0.251056 0.156000
v -0.043748 0.250998 0.156000
v -0.042008 0.249894 0.156000
v -0.040765 0.248454 0.156000
v -0.040019 0.246677 0.156000
v -0.039771 0.244564 0.156000
v -0.039925 0.242823 0.156000
v -0.040390 0.241304 0.156000
v -0.041163 0.240006 0.156000
v -0.042247 0.238930 0.156000
v -0.043578 0.238086 0.156000
v -0.045098 0.237482 0.156000
v -0.046805 0.237121 0.156000
v -0.048700 0.237000 0.156000
v -0.058525 0.237000 0.156000
v -0.058619 0.237009 0.156000
v -0.058706 0.237034 0.156000
v -0.058785 0.237077 0.156000
v -0.058857 0.237136 0.156000
v -0.058916 0.237208 0.156000
v -0.058959 0.237288 0.156000
v -0.058985 0.237374 0.156000
v -0.058993 0.237468 0.156000
v -0.058993 0.263826 0.156000
v -0.058985 0.263919 0.156000
v -0.058959 0.264006 0.156000
v -0.058916 0.264085 0.156000
v -0.058857 0.264157 0.156000
v -0.058785 0.264217 0.156000
v -0.058706 0.264259 0.156000
v -0.058619 0.264285 0.156000
v -0.058525 0.264294 0.156000
v -0.049011 0.264294 0.156000
v -0.047008 0.264179 0.156000
v -0.045249 0.263835 0.156000
v -0.043733 0.263263 0.156000
v -0.042461 0.262461 0.156000
v -0.041455 0.261428 0.156000
v -0.040736 0.260161 0.156000
v -0.040304 0.258659 0.156000
v -0.040161 0.256924 0.156000
v -0.040385 0.255033 0.156000
v -0.041057 0.253454 0.156000
v -0.042178 0.252187 0.156000
v -0.054275 0.260394 0.156000
v -0.054361 0.260382 0.156000
v -0.054421 0.260346 0.156000
v -0.054458 0.260285 0.156000
v -0.054470 0.260200 0.156000
v -0.054470 0.252986 0.156000
v -0.054458 0.252901 0.156000
v -0.054421 0.252840 0.156000
v -0.054361 0.252803 0.156000
v -0.054275 0.252791 0.156000
v -0.049011 0.252791 0.156000
v -0.048033 0.252853 0.156000
v -0.047164 0.253040 0.156000
v -0.046405 0.253351 0.156000
v -0.045756 0.253786 0.156000
v -0.045235 0.254330 0.156000
v -0.044864 0.254970 0.156000
v -0.044641 0.255705 0.156000
v -0.044567 0.256534 0.156000
v -0.044641 0.257384 0.156000
v -0.044864 0.258138 0.156000
v -0.045235 0.258797 0.156000
v -0.045756 0.259361 0.156000
v -0.046405 0.259813 0.156000
v -0.047164 0.260136 0.156000
v -0.048033 0.260330 0.156000
v -0.049011 0.260394 0.156000
v -0.048700 0.240938 0.156000
v -0.047738 0.241006 0.156000
v -0.046882 0.241211 0.156000
v -0.046130 0.241552 0.156000
v -0.045483 0.242030 0.156000
v -0.044963 0.242624 0.156000
v -0.044591 0.243317 0.156000
v -0.044368 0.244106 0.156000
v -0.044294 0.244993 0.156000
v -0.044369 0.245896 0.156000
v -0.044596 0.246694 0.156000
v -0.044973 0.247387 0.156000
v -0.045502 0.247976 0.156000
v -0.046160 0.248445 0.156000
v -0.046925 0.248780 0.156000
v -0.047798 0.248981 0.156000
v -0.048778 0.249048 0.156000
v -0.054275 0.249048 0.156000
v -0.054361 0.249036 0.156000
v -0.054421 0.248999 0.156000
v -0.054458 0.248939 0.156000
v -0.054470 0.248853 0.156000
v -0.054470 0.241133 0.156000
v -0.054458 0.241048 0.156000
v -0.054421 0.240987 0.156000
v -0.054361 0.240950 0.156000
v -0.054275 0.240938 0.156000
v 0.060085 0.260862 0.154000
v 0.060076 0.260769 0.154000
v 0.060051 0.260682 0.154000
v 0.060008 0.260603 0.154000
v 0.059948 0.260531 0.154000
v 0.059877 0.260471 0.154000
v 0.059797 0.260429 0.154000
v 0.059711 0.260403 0.154000
v 0.059617 0.260394 0.154000
v 0.046321 0.260394 0.154000
v 0.046236 0.260382 0.154000
v 0.046175 0.260346 0.154000
v 0.046138 0.260285 0.154000
v 0.046126 0.260200 0.154000
v 0.046126 0.252908 0.154000
v 0.046138 0.252823 0.154000
v 0.046175 0.252762 0.154000
v 0.046236 0.252725 0.154000
v 0.046321 0.252713 0.154000
v 0.055250 0.252713 0.154000
v 0.055344 0.252705 0.154000
v 0.055430 0.252679 0.154000
v 0.055510 0.252637 0.154000
v 0.055581 0.252577 0.154000
v 0.055641 0.252505 0.154000
v 0.055684 0.252426 0.154000
v 0.055709 0.252339 0.154000
v 0.055718 0.252245 0.154000
v 0.055718 0.249282 0.154000
v 0.055709 0.249188 0.154000
v 0.055684 0.249102 0.154000
v 0.055641 0.249023 0.154000
v 0.055581 0.248951 0.154000
v 0.055510 0.248891 0.154000
v 0.055430 0.248848 0.154000
v 0.055344 0.248823 0.154000
v 0.055250 0.248814 0.154000
v 0.046321 0.248814 0.154000
v 0.046236 0.248802 0.154000
v 0.046175 0.248765 0.154000
v 0.046138 0.248705 0.154000
v 0.046126 0.248619 0.154000
v 0.046126 0.241094 0.154000
v 0.046138 0.241009 0.154000
v 0.046175 0.240948 0.154000
v 0.046236 0.240911 0.154000
v 0.046321 0.240899 0.154000
v 0.059617 0.240899 0.154000
v 0.059711 0.240891 0.154000
v 0.059797 0.240865 0.154000
v 0.059877 0.240822 0.154000
v 0.059948 0.240763 0.154000
v 0.060008 0.240691 0.154000
v 0.060051 0.240611 0.154000
v 0.060076 0.240525 0.154000
v 0.060085 0.240431 0.154000
v 0.060085 0.237468 0.154000
v 0.060076 0.237374 0.154000
v 0.060051 0.237288 0.154000
v 0.060008 0.237208 0.154000
v 0.059948 0.237136 0.154000
v 0.059877 0.237077 0.154000
v 0.059797 0.237034 0.154000
v 0.059711 0.237009 0.154000
v 0.059617 0.237000 0.154000
v 0.042071 0.237000 0.154000
v 0.041977 0.237009 0.154000
v 0.041891 0.237034 0.154000
v 0.041812 0.237077 0.154000
v 0.041740 0.237136 0.154000
v 0.041680 0.237208 0.154000
v 0.041637 0.237288 0.154000
v 0.041612 0.237374 0.154000
v 0.041603 0.237468 0.154000
v 0.041603 0.263826 0.154000
v 0.041612 0.263919 0.154000
v 0.041637 0.264006 0.154000
v 0.041680 0.264085 0.154000
v 0.041740 0.264157 0.154000
v 0.041812 0.264217 0.154000
v 0.041891 0.264259 0.154000
v 0.041977 0.264285 0.154000
v 0.042071 0.264294 0.154000
v 0.059617 0.264294 0.154000
v 0.059711 0.264285 0.154000
v 0.059797 0.264259 0.154000
v 0.059877 0.264217 0.154000
v 0.059948 0.264157 0.154000
v 0.060008 0.264085 0.154000
v 0.060051 0.264006 0.154000
v 0.060076 0.263919 0.154000
v 0.060085 0.263826 0.154000
v 0.032596 0.251232 0.154000
v 0.032509 0.251173 0.154000
v 0.032479 0.251115 0.154000
v 0.032509 0.251056 0.154000
v 0.032596 0.250998 0.154000
v 0.034336 0.249894 0.154000
v 0.035579 0.248454 0.154000
v 0.036325 0.246677 0.154000
v 0.036573 0.244564 0.154000
v 0.036419 0.242823 0.154000
v 0.035954 0.241304 0.154000
v 0.035181 0.240006 0.154000
v 0.034097 0.238930 0.154000
v 0.032766 0.238086 0.154000
v 0.031246 0.237482 0.154000
v 0.029539 0.237121 0.154000
v 0.027644 0.237000 0.154000
v 0.017819 0.237000 0.154000
v 0.017725 0.237009 0.154000
v 0.017638 0.237034 0.154000
v 0.017559 0.237077 0.154000
v 0.017487 0.237136 0.154000
v 0.017428 0.237208 0.154000
v 0.017385 0.237288 0.154000
v 0.017359 0.237374 0.154000
v 0.017351 0.237468 0.154000
v 0.017351 0.263826 0.154000
v 0.017359 0.263919 0.154000
v 0.017385 0.264006 0.154000
v 0.017428 0.264085 0.154000
v 0.017487 0.264157 0.154000
v 0.017559 0.264217 0.154000
v 0.017638 0.264259 0.154000
v 0.017725 0.264285 0.154000
v 0.017819 0.264294 0.154000
v 0.027333 0.264294 0.154000
v 0.029336 0.264179 0.154000
v 0.031095 0.263835 0.154000
v 0.032611 0.263263 0.154000
v 0.033883 0.262461 0.154000
v 0.034889 0.261428 0.154000
v 0.035608 0.260161 0.154000
v 0.036040 0.258659 0.154000
v 0.036183 0.256924 0.154000
v 0.035959 0.255033 0.154000
v 0.035287 0.253454 0.154000
v 0.034166 0.252187 0.154000
v 0.022069 0.260394 0.154000
v 0.021984 0.260382 0.154000
v 0.021923 0.260346 0.154000
v 0.021886 0.260285 0.154000
v 0.021874 0.260200 0.154000
v 0.021874 0.252986 0.154000
v 0.021886 0.252901 0.154000
v 0.021923 0.252840 0.154000
v 0.021984 0.252803 0.154000
v 0.022069 0.252791 0.154000
v 0.027333 0.252791 0.154000
v 0.028311 0.252853 0.154000
v 0.029180 0.253040 0.154000
v 0.029939 0.253351 0.154000
v 0.030588 0.253786 0.154000
v 0.031109 0.254330 0.154000
v 0.031480 0.254970 0.154000
v 0.031703 0.255705 0.154000
v 0.031778 0.256534 0.154000
v 0.031703 0.257384 0.154000
v 0.031480 0.258138 0.154000
v 0.031109 0.258797 0.154000
v 0.030588 0.259361 0.154000
v 0.029939 0.259813 0.154000
v 0.029180 0.260136 0.154000
v 0.028311 0.260330 0.154000
v 0.027333 0.260394 0.154000
v 0.027644 0.240938 0.154000
v 0.028606 0.241006 0.154000
v 0.029462 0.241211 0.154000
v 0.030214 0.241552 0.154000
v 0.030861 0.242030 0.154000
v 0.031382 0.242624 0.154000
v 0.031753 0.243317 0.154000
v 0.031976 0.244106 0.154000
v 0.032050 0.244993 0.154000
v 0.031975 0.245896 0.154000
v 0.031748 0.246694 0.154000
v 0.031371 0.247387 0.154000
v 0.030842 0.247976 0.154000
v 0.030184 0.248445 0.154000
v 0.029419 0.248780 0.154000
v 0.028546 0.248981 0.154000
v 0.027567 0.249048 0.154000
v 0.022069 0.249048 0.154000
v 0.021984 0.249036 0.154000
v 0.021923 0.248999 0.154000
v 0.021886 0.248939 0.154000
v 0.021874 0.248853 0.154000
v 0.021874 0.241133 0.154000
v 0.021886 0.241048 0.154000
v 0.021923 0.240987 0.154000
v 0.021984 0.240950 0.154000
v 0.022069 0.240938 0.154000
v 0.007057 0.263982 0.154000
v 0.007165 0.264118 0.154000
v 0.007291 0.264216 0.154000
v 0.007437 0.264274 0.154000
v 0.007603 0.264294 0.154000
v 0.011190 0.264294 0.154000
v 0.011284 0.264285 0.154000
v 0.011371 0.264259 0.154000
v 0.011450 0.264217 0.154000
v 0.011522 0.264157 0.154000
v 0.011581 0.264085 0.154000
v 0.011624 0.264006 0.154000
v 0.011650 0.263919 0.154000
v 0.011658 0.263826 0.154000
v 0.011658 0.237468 0.154000
v 0.011650 0.237374 0.154000
v 0.011624 0.237288 0.154000
v 0.011581 0.237208 0.154000
v 0.011522 0.237136 0.154000
v 0.011450 0.237077 0.154000
v 0.011371 0.237034 0.154000
v 0.011284 0.237009 0.154000
v 0.011190 0.237000 0.154000
v 0.007603 0.237000 0.154000
v 0.007509 0.237009 0.154000
v 0.007423 0.237034 0.154000
v 0.007344 0.237077 0.154000
v 0.007272 0.237136 0.154000
v 0.007212 0.237208 0.154000
v 0.007169 0.237288 0.154000
v 0.007144 0.237374 0.154000
v 0.007135 0.237468 0.154000
v 0.007135 0.256067 0.154000
v 0.007129 0.256120 0.154000
v 0.007111 0.256164 0.154000
v 0.007080 0.256198 0.154000
v 0.007038 0.256222 0.154000
v 0.006993 0.256232 0.154000
v 0.006955 0.256222 0.154000
v 0.006925 0.256193 0.154000
v 0.006901 0.256144 0.154000
v 0.002028 0.248658 0.154000
v 0.001920 0.248522 0.154000
v 0.001794 0.248424 0.154000
v 0.001647 0.248366 0.154000
v 0.001482 0.248346 0.154000
v -0.000312 0.248346 0.154000
v -0.000478 0.248366 0.154000
v -0.000624 0.248424 0.154000
v -0.000751 0.248522 0.154000
v -0.000858 0.248658 0.154000
v -0.005771 0.256105 0.154000
v -0.005794 0.256154 0.154000
v -0.005824 0.256184 0.154000
v -0.005862 0.256193 0.154000
v -0.005907 0.256184 0.154000
v -0.005950 0.256159 0.154000
v -0.005980 0.256125 0.154000
v -0.005998 0.256081 0.154000
v -0.006005 0.256028 0.154000
v -0.006005 0.237468 0.154000
v -0.006013 0.237374 0.154000
v -0.006039 0.237288 0.154000
v -0.006081 0.237208 0.154000
v -0.006141 0.237136 0.154000
v -0.006213 0.237077 0.154000
v -0.006292 0.237034 0.154000
v -0.006379 0.237009 0.154000
v -0.006472 0.237000 0.154000
v -0.010060 0.237000 0.154000
v -0.010153 0.237009 0.154000
v -0.010240 0.237034 0.154000
v -0.010319 0.237077 0.154000
v -0.010391 0.237136 0.154000
v -0.010451 0.237208 0.154000
v -0.010493 0.237288 0.154000
v -0.010519 0.237374 0.154000
v -0.010528 0.237468 0.154000
v -0.010528 0.263826 0.154000
v -0.010519 0.263919 0.154000
v -0.010493 0.264006 0.154000
v -0.010451 0.264085 0.154000
v -0.010391 0.264157 0.154000
v -0.010319 0.264217 0.154000
v -0.010240 0.264259 0.154000
v -0.010153 0.264285 0.154000
v -0.010060 0.264294 0.154000
v -0.006472 0.264294 0.154000
v -0.006307 0.264274 0.154000
v -0.006161 0.264216 0.154000
v -0.006034 0.264118 0.154000
v -0.005927 0.263982 0.154000
v 0.000429 0.254351 0.154000
v 0.000468 0.254317 0.154000
v 0.000507 0.254292 0.154000
v 0.000546 0.254278 0.154000
v 0.000585 0.254273 0.154000
v 0.000621 0.254278 0.154000
v 0.000653 0.254292 0.154000
v 0.000680 0.254317 0.154000
v 0.000702 0.254351 0.154000
v -0.025500 0.236610 0.154000
v -0.026921 0.236684 0.154000
v -0.028259 0.236907 0.154000
v -0.029514 0.237279 0.154000
v -0.030686 0.237799 0.154000
v -0.031752 0.238456 0.154000
v -0.032689 0.239237 0.154000
v -0.033497 0.240142 0.154000
v -0.034175 0.241172 0.154000
v -0.034713 0.242305 0.154000
v -0.035097 0.243521 0.154000
v -0.035327 0.244820 0.154000
v -0.035404 0.246202 0.154000
v -0.035404 0.255092 0.154000
v -0.035326 0.256455 0.154000
v -0.035092 0.257738 0.154000
v -0.034702 0.258941 0.154000
v -0.034156 0.260063 0.154000
v -0.033470 0.261084 0.154000
v -0.032660 0.261983 0.154000
v -0.031725 0.262761 0.154000
v -0.030666 0.263416 0.154000
v -0.029503 0.263937 0.154000
v -0.028254 0.264308 0.154000
v -0.026920 0.264531 0.154000
v -0.025500 0.264606 0.154000
v -0.024063 0.264531 0.154000
v -0.022717 0.264308 0.154000
v -0.021461 0.263937 0.154000
v -0.020295 0.263416 0.154000
v -0.019236 0.262761 0.154000
v -0.018301 0.261983 0.154000
v -0.017491 0.261084 0.154000
v -0.016805 0.260063 0.154000
v -0.016259 0.258941 0.154000
v -0.015869 0.257738 0.154000
v -0.015635 0.256455 0.154000
v -0.015557 0.255092 0.154000
v -0.015557 0.246202 0.154000
v -0.015635 0.244820 0.154000
v -0.015869 0.243521 0.154000
v -0.016259 0.242305 0.154000
v -0.016805 0.241172 0.154000
v -0.017491 0.240142 0.154000
v -0.018301 0.239237 0.154000
v -0.019236 0.238456 0.154000
v -0.020295 0.237799 0.154000
v -0.021461 0.237279 0.154000
v -0.022717 0.236907 0.154000
v -0.024063 0.236684 0.154000
v -0.025500 0.240509 0.154000
v -0.024333 0.240604 0.154000
v -0.023287 0.240889 0.154000
v -0.022364 0.241365 0.154000
v -0.021562 0.242030 0.154000
v -0.020914 0.242851 0.154000
v -0.020451 0.243794 0.154000
v -0.020173 0.244859 0.154000
v -0.020080 0.246046 0.154000
v -0.020080 0.255131 0.154000
v -0.020173 0.256335 0.154000
v -0.020451 0.257412 0.154000
v -0.020914 0.258362 0.154000
v -0.021562 0.259186 0.154000
v -0.022364 0.259851 0.154000
v -0.023287 0.260326 0.154000
v -0.024333 0.260611 0.154000
v -0.025500 0.260706 0.154000
v -0.026650 0.260611 0.154000
v -0.027683 0.260326 0.154000
v -0.028600 0.259851 0.154000
v -0.029399 0.259186 0.154000
v -0.030047 0.258362 0.154000
v -0.030510 0.257412 0.154000
v -0.030788 0.256335 0.154000
v -0.030881 0.255131 0.154000
v -0.030881 0.246046 0.154000
v -0.030788 0.244859 0.154000
v -0.030510 0.243794 0.154000
v -0.030047 0.242851 0.154000
v -0.029399 0.242030 0.154000
v -0.028600 0.241365 0.154000
v -0.027683 0.240889 0.154000
v -0.026650 0.240604 0.154000
v -0.043748 0.251232 0.154000
v -0.043835 0.251173 0.154000
v -0.043865 0.251115 0.154000
v -0.043835 0.251056 0.154000
v -0.043748 0.250998 0.154000
v -0.042008 0.249894 0.154000
v -0.040765 0.248454 0.154000
v -0.040019 0.246677 0.154000
v -0.039771 0.244564 0.154000
v -0.039925 0.242823 0.154000
v -0.040390 0.241304 0.154000
v -0.041163 0.240006 0.154000
v -0.042247 0.238930 0.154000
v -0.043578 0.238086 0.154000
v -0.045098 0.237482 0.154000
v -0.046805 0.237121 0.154000
v -0.048700 0.237000 0.154000
v -0.058525 0.237000 0.154000
v -0.058619 0.237009 0.154000
v -0.058706 0.237034 0.154000
v -0.058785 0.237077 0.154000
v -0.058857 0.237136 0.154000
v -0.058916 0.237208 0.154000
v -0.058959 0.237288 0.154000
v -0.058985 0.237374 0.154000
v -0.058993 0.237468 0.154000
v -0.058993 0.263826 0.154000
v -0.058985 0.263919 0.154000
v -0.058959 0.264006 0.154000
v -0.058916 0.264085 0.154000
v -0.058857 0.264157 0.154000
v -0.058785 0.264217 0.154000
v -0.058706 0.264259 0.154000
v -0.058619 0.264285 0.154000
v -0.058525 0.264294 0.154000
v -0.049011 0.264294 0.154000
v -0.047008 0.264179 0.154000
v -0.045249 0.263835 0.154000
v -0.043733 0.263263 0.154000
v -0.042461 0.262461 0.154000
v -0.041455 0.261428 0.154000
v -0.040736 0.260161 0.154000
v -0.040304 0.258659 0.154000
v -0.040161 0.256924 0.154000
v -0.040385 0.255033 0.154000
v -0.041057 0.253454 0.154000
v -0.042178 0.252187 0.154000
v -0.054275 0.260394 0.154000
v -0.054361 0.260382 0.154000
v -0.054421 0.260346 0.154000
v -0.054458 0.260285 0.154000
v -0.054470 0.260200 0.154000
v -0.054470 0.252986 0.154000
v -0.054458 0.252901 0.154000
v -0.054421 0.252840 0.154000
v -0.054361 0.252803 0.154000
v -0.054275 0.252791 0.154000
v -0.049011 0.252791 0.154000
v -0.048033 0.252853 0.154000
v -0.047164 0.253040 0.154000
v -0.046405 0.253351 0.154000
v -0.045756 0.253786 0.154000
v -0.045235 0.254330 0.154000
v -0.044864 0.254970 0.154000
v -0.044641 0.255705 0.154000
v -0.044567 0.256534 0.154000
v -0.044641 0.257384 0.154000
v -0.044864 0.258138 0.154000
v -0.045235 0.258797 0.154000
v -0.045756 0.259361 0.154000
v -0.046405 0.259813 0.154000
v -0.047164 0.260136 0.154000
v -0.048033 0.260330 0.154000
v -0.049011 0.260394 0.154000
v -0.048700 0.240938 0.154000
v -0.047738 0.241006 0.154000
v -0.046882 0.241211 0.154000
v -0.046130 0.241552 0.154000
v -0.045483 0.242030 0.154000
v -0.044963 0.242624 0.154000
v -0.044591 0.243317 0.154000
v -0.044368 0.244106 0.154000
v -0.044294 0.244993 0.154000
v -0.044369 0.245896 0.154000
v -0.044596 0.246694 0.154000
v -0.044973 0.247387 0.154000
v -0.045502 0.247976 0.154000
v -0.046160 0.248445 0.154000
v -0.046925 0.248780 0.154000
v -0.047798 0.248981 0.154000
v -0.048778 0.249048 0.154000
v -0.054275 0.249048 0.154000
v -0.054361 0.249036 0.154000
v -0.054421 0.248999 0.154000
v -0.054458 0.248939 0.154000
v -0.054470 0.248853 0.154000
v -0.054470 0.241133 0.154000
v -0.054458 0.241048 0.154000
v -0.054421 0.240987 0.154000
v -0.054361 0.240950 0.154000
v -0.054275 0.240938 0.154000
v -0.043748 0.251232 0.154000
v -0.043748 0.251232 0.156000
v -0.043835 0.251173 0.154000
v -0.043835 0.251173 0.156000
v -0.043865 0.251115 0.154000
v -0.043865 0.251115 0.156000
v -0.043835 0.251056 0.154000
v -0.043835 0.251056 0.156000
v -0.043748 0.250998 0.154000
v -0.043748 0.250998 0.156000
v -0.042008 0.249894 0.154000
v -0.042008 0.249894 0.156000
v -0.040765 0.248454 0.154000
v -0.040765 0.248454 0.156000
v -0.040019 0.246677 0.154000
v -0.040019 0.246677 0.156000
v -0.039771 0.244564 0.154000
v -0.039771 0.244564 0.156000
v -0.039925 0.242823 0.154000
v -0.039925 0.242823 0.156000
v -0.040390 0.241304 0.154000
v -0.040390 0.241304 0.156000
v -0.041163 0.240006 0.154000
v -0.041163 0.240006 0.156000
v -0.042247 0.238930 0.154000
v -0.042247 0.238930 0.156000
v -0.043578 0.238086 0.154000
v -0.043578 0.238086 0.156000
v -0.045098 0.237482 0.154000
v -0.045098 0.237482 0.156000
v -0.046805 0.237121 0.154000
v -0.046805 0.237121 0.156000
v -0.048700 0.237000 0.154000
v -0.048700 0.237000 0.156000
v -0.058525 0.237000 0.154000
v -0.058525 0.237000 0.156000
v -0.058619 0.237009 0.154000
v -0.058619 0.237009 0.156000
v -0.058706 0.237034 0.154000
v -0.058706 0.237034 0.156000
v -0.058785 0.237077 0.154000
v -0.058785 0.237077 0.156000
v -0.058857 0.237136 0.154000
v -0.058857 0.237136 0.156000
v -0.058916 0.237208 0.154000
v -0.058916 0.237208 0.156000
v -0.058959 0.237288 0.154000
v -0.058959 0.237288 0.156000
v -0.058985 0.237374 0.154000
v -0.058985 0.237374 0.156000
v -0.058993 0.237468 0.154000
v -0.058993 0.237468 0.156000
v -0.058993 0.263826 0.154000
v -0.058993 0.263826 0.156000
v -0.058985 0.263919 0.154000
v -0.058985 0.263919 0.156000
v -0.058959 0.264006 0.154000
v -0.058959 0.264006 0.156000
v -0.058916 0.264085 0.154000
v -0.058916 0.264085 0.156000
v -0.058857 0.264157 0.154000
v -0.058857 0.264157 0.156000
v -0.058785 0.264217 0.154000
v -0.058785 0.264217 0.156000
v -0.058706 0.264259 0.154000
v -0.058706 0.264259 0.156000
v -0.058619 0.264285 0.154000
v -0.058619 0.264285 0.156000
v -0.058525 0.264294 0.154000
v -0.058525 0.264294 0.156000
v -0.049011 0.264294 0.154000
v -0.049011 0.264294 0.156000
v -0.047008 0.264179 0.154000
v -0.047008 0.264179 0.156000
v -0.045249 0.263835 0.154000
v -0.045249 0.263835 0.156000
v -0.043733 0.263263 0.154000
v -0.043733 0.263263 0.156000
v -0.042461 0.262461 0.154000
v -0.042461 0.262461 0.156000
v -0.041455 0.261428 0.154000
v -0.041455 0.261428 0.156000
v -0.040736 0.260161 0.154000
v -0.040736 0.260161 0.156000
v -0.040304 0.258659 0.154000
v -0.040304 0.258659 0.156000
v -0.040161 0.256924 0.154000
v -0.040161 0.256924 0.156000
v -0.040385 0.255033 0.154000
v -0.040385 0.255033 0.156000
v -0.041057 0.253454 0.154000
v -0.041057 0.253454 0.156000
v -0.042178 0.252187 0.154000
v -0.042178 0.252187 0.156000
v -0.054275 0.260394 0.154000
v -0.054275 0.260394 0.156000
v -0.054361 0.260382 0.154000
v -0.054361 0.260382 0.156000
v -0.054421 0.260346 0.154000
v -0.054421 0.260346 0.156000
v -0.054458 0.260285 0.154000
v -0.054458 0.260285 0.156000
v -0.054470 0.260200 0.154000
v -0.054470 0.260200 0.156000
v -0.054470 0.252986 0.154000
v -0.054470 0.252986 0.156000
v -0.054458 0.252901 0.154000
v -0.054458 0.252901 0.156000
v -0.054421 0.252840 0.154000
v -0.054421 0.252840 0.156000
v -0.054361 0.252803 0.154000
v -0.054361 0.252803 0.156000
v -0.054275 0.252791 0.154000
v -0.054275 0.252791 0.156000
v -0.049011 0.252791 0.154000
v -0.049011 0.252791 0.156000
v -0.048033 0.252853 0.154000
v -0.048033 0.252853 0.156000
v -0.047164 0.253040 0.154000
v -0.047164 0.253040 0.156000
v -0.046405 0.253351 0.154000
v -0.046405 0.253351 0.156000
v -0.045756 0.253786 0.154000
v -0.045756 0.253786 0.156000
v -0.045235 0.254330 0.154000
v -0.045235 0.254330 0.156000
v -0.044864 0.254970 0.154000
v -0.044864 0.254970 0.156000
v -0.044641 0.255705 0.154000
v -0.044641 0.255705 0.156000
v -0.044567 0.256534 0.154000
v -0.044567 0.256534 0.156000
v -0.044641 0.257384 0.154000
v -0.044641 0.257384 0.156000
v -0.044864 0.258138 0.154000
v -0.044864 0.258138 0.156000
v -0.045235 0.258797 0.154000
v -0.045235 0.258797 0.156000
v -0.045756 0.259361 0.154000
v -0.045756 0.259361 0.156000
v -0.046405 0.259813 0.154000
v -0.046405 0.259813 0.156000
v -0.047164 0.260136 0.154000
v -0.047164 0.260136 0.156000
v -0.048033 0.260330 0.154000
v -0.048033 0.260330 0.156000
v -0.049011 0.260394 0.154000
v -0.049011 0.260394 0.156000
v -0.048700 0.240938 0.154000
v -0.048700 0.240938 0.156000
v -0.047738 0.241006 0.154000
v -0.047738 0.241006 0.156000
v -0.046882 0.241211 0.154000
v -0.046882 0.241211 0.156000
v -0.046130 0.241552 0.154000
v -0.046130 0.241552 0.156000
v -0.045483 0.242030 0.154000
v -0.045483 0.242030 0.156000
v -0.044963 0.242624 0.154000
v -0.044963 0.242624 0.156000
v -0.044591 0.243317 0.154000
v -0.044591 0.243317 0.156000
v -0.044368 0.244106 0.154000
v -0.044368 0.244106 0.156000
v -0.044294 0.244993 0.154000
v -0.044294 0.244993 0.156000
v -0.044369 0.245896 0.154000
v -0.044369 0.245896 0.156000
v -0.044596 0.246694 0.154000
v -0.044596 0.246694 0.156000
v -0.044973 0.247387 0.154000
v -0.044973 0.247387 0.156000
v -0.045502 0.247976 0.154000
v -0.045502 0.247976 0.156000
v -0.046160 0.248445 0.154000
v -0.046160 0.248445 0.156000
v -0.046925 0.248780 0.154000
v -0.046925 0.248780 0.156000
v -0.047798 0.248981 0.154000
v -0.047798 0.248981 0.156000
v -0.048778 0.249048 0.154000
v -0.048778 0.249048 0.156000
v -0.054275 0.249048 0.154000
v -0.054275 0.249048 0.156000
v -0.054361 0.249036 0.154000
v -0.054361 0.249036 0.156000
v -0.054421 0.248999 0.154000
v -0.054421 0.248999 0.156000
v -0.054458 0.248939 0.154000
v -0.054458 0.248939 0.156000
v -0.054470 0.248853 0.154000
v -0.054470 0.248853 0.156000
v -0.054470 0.241133 0.154000
v -0.054470 0.241133 0.156000
v -0.054458 0.241048 0.154000
v -0.054458 0.241048 0.156000
v -0.054421 0.240987 0.154000
v -0.054421 0.240987 0.156000
v -0.054361 0.240950 0.154000
v -0.054361 0.240950 0.156000
v -0.054275 0.240938 0.154000
v -0.054275 0.240938 0.156000
v -0.025500 0.236610 0.154000
v -0.025500 0.236610 0.156000
v -0.026921 0.236684 0.154000
v -0.026921 0.236684 0.156000
v -0.028259 0.236907 0.154000
v -0.028259 0.236907 0.156000
v -0.029514 0.237279 0.154000
v -0.029514 0.237279 0.156000
v -0.030686 0.237799 0.154000
v -0.030686 0.237799 0.156000
v -0.031752 0.238456 0.154000
v -0.031752 0.238456 0.156000
v -0.032689 0.239237 0.154000
v -0.032689 0.239237 0.156000
v -0.033497 0.240142 0.154000
v -0.033497 0.240142 0.156000
v -0.034175 0.241172 0.154000
v -0.034175 0.241172 0.156000
v -0.034713 0.242305 0.154000
v -0.034713 0.242305 0.156000
v -0.035097 0.243521 0.154000
v -0.035097 0.243521 0.156000
v -0.035327 0.244820 0.154000
v -0.035327 0.244820 0.156000
v -0.035404 0.246202 0.154000
v -0.035404 0.246202 0.156000
v -0.035404 0.255092 0.154000
v -0.035404 0.255092 0.156000
v -0.035326 0.256455 0.154000
v -0.035326 0.256455 0.156000
v -0.035092 0.257738 0.154000
v -0.035092 0.257738 0.156000
v -0.034702 0.258941 0.154000
v -0.034702 0.258941 0.156000
v -0.034156 0.260063 0.154000
v -0.034156 0.260063 0.156000
v -0.033470 0.261084 0.154000
v -0.033470 0.261084 0.156000
v -0.032660 0.261983 0.154000
v -0.032660 0.261983 0.156000
v -0.031725 0.262761 0.154000
v -0.031725 0.262761 0.156000
v -0.030666 0.263416 0.154000
v -0.030666 0.263416 0.156000
v -0.029503 0.263937 0.154000
v -0.029503 0.263937 0.156000
v -0.028254 0.264308 0.154000
v -0.028254 0.264308 0.156000
v -0.026920 0.264531 0.154000
v -0.026920 0.264531 0.156000
v -0.025500 0.264606 0.154000
v -0.025500 0.264606 0.156000
v -0.024063 0.264531 0.154000
v -0.024063 0.264531 0.156000
v -0.022717 0.264308 0.154000
v -0.022717 0.264308 0.156000
v -0.021461 0.263937 0.154000
v -0.021461 0.263937 0.156000
v -0.020295 0.263416 0.154000
v -0.020295 0.263416 0.156000
v -0.019236 0.262761 0.154000
v -0.019236 0.262761 0.156000
v -0.018301 0.261983 0.154000
v -0.018301 0.261983 0.156000
v -0.017491 0.261084 0.154000
v -0.017491 0.261084 0.156000
v -0.016805 0.260063 0.154000
v -0.016805 0.260063 0.156000
v -0.016259 0.258941 0.154000
v -0.016259 0.258941 0.156000
v -0.015869 0.257738 0.154000
v -0.015869 0.257738 0.156000
v -0.015635 0.256455 0.154000
v -0.015635 0.256455 0.156000
v -0.015557 0.255092 0.154000
v -0.015557 0.255092 0.156000
v -0.015557 0.246202 0.154000
v -0.015557 0.246202 0.156000
v -0.015635 0.244820 0.154000
v -0.015635 0.244820 0.156000
v -0.015869 0.243521 0.154000
v -0.015869 0.243521 0.156000
v -0.016259 0.242305 0.154000
v -0.016259 0.242305 0.156000
v -0.016805 0.241172 0.154000
v -0.016805 0.241172 0.156000
v -0.017491 0.240142 0.154000
v -0.017491 0.240142 0.156000
v -0.018301 0.239237 0.154000
v -0.018301 0.239237 0.156000
v -0.019236 0.238456 0.154000
v -0.019236 0.238456 0.156000
v -0.020295 0.237799 0.154000
v -0.020295 0.237799 0.156000
v -0.021461 0.237279 0.154000
v -0.021461 0.237279 0.156000
v -0.022717 0.236907 0.154000
v -0.022717 0.236907 0.156000
v -0.024063 0.236684 0.154000
v -0.024063 0.236684 0.156000
v -0.025500 0.240509 0.154000
v -0.025500 0.240509 0.156000
v -0.024333 0.240604 0.154000
v -0.024333 0.240604 0.156000
v -0.023287 0.240889 0.154000
v -0.023287 0.240889 0.156000
v -0.022364 0.241365 0.154000
v -0.022364 0.241365 0.156000
v -0.021562 0.242030 0.154000
v -0.021562 0.242030 0.156000
v -0.020914 0.242851 0.154000
v -0.020914 0.242851 0.156000
v -0.020451 0.243794 0.154000
v -0.020451 0.243794 0.156000
v -0.020173 0.244859 0.154000
v -0.020173 0.244859 0.156000
v -0.020080 0.246046 0.154000
v -0.020080 0.246046 0.156000
v -0.020080 0.255131 0.154000
v -0.020080 0.255131 0.156000
v -0.020173 0.256335 0.154000
v -0.020173 0.256335 0.156000
v -0.020451 0.257412 0.154000
v -0.020451 0.257412 0.156000
v -0.020914 0.258362 0.154000
v -0.020914 0.258362 0.156000
v -0.021562 0.259186 0.154000
v -0.021562 0.259186 0.156000
v -0.022364 0.259851 0.154000
v -0.022364 0.259851 0.156000
v -0.023287 0.260326 0.154000
v -0.023287 0.260326 0.156000
v -0.024333 0.260611 0.154000
v -0.024333 0.260611 0.156000
v -0.025500 0.260706 0.154000
v -0.025500 0.260706 0.156000
v -0.026650 0.260611 0.154000
v -0.026650 0.260611 0.156000
v -0.027683 0.260326 0.154000
v -0.027683 0.260326 0.156000
v -0.028600 0.259851 0.154000
v -0.028600 0.259851 0.156000
v -0.029399 0.259186 0.154000
v -0.029399 0.259186 0.156000
v -0.030047 0.258362 0.154000
v -0.030047 0.258362 0.156000
v -0.030510 0.257412 0.154000
v -0.030510 0.257412 0.156000
v -0.030788 0.256335 0.154000
v -0.030788 0.256335 0.156000
v -0.030881 0.255131 0.154000
v -0.030881 0.255131 0.156000
v -0.030881 0.246046 0.154000
v -0.030881 0.246046 0.156000
v -0.030788 0.244859 0.154000
v -0.030788 0.244859 0.156000
v -0.030510 0.243794 0.154000
v -0.030510 0.243794 0.156000
v -0.030047 0.242851 0.154000
v -0.030047 0.242851 0.156000
v -0.029399 0.242030 0.154000
v -0.029399 0.242030 0.156000
v -0.028600 0.241365 0.154000
v -0.028600 0.241365 0.156000
v -0.027683 0.240889 0.154000
v -0.027683 0.240889 0.156000
v -0.026650 0.240604 0.154000
v -0.026650 0.240604 0.156000
v 0.007057 0.263982 0.154000
v 0.007057 0.263982 0.156000
v 0.007165 0.264118 0.154000
v 0.007165 0.264118 0.156000
v 0.007291 0.264216 0.154000
v 0.007291 0.264216 0.156000
v 0.007437 0.264274 0.154000
v 0.007437 0.264274 0.156000
v 0.007603 0.264294 0.154000
v 0.007603 0.264294 0.156000
v 0.011190 0.264294 0.154000
v 0.011190 0.264294 0.156000
v 0.011284 0.264285 0.154000
v 0.011284 0.264285 0.156000
v 0.011371 0.264259 0.154000
v 0.011371 0.264259 0.156000
v 0.011450 0.264217 0.154000
v 0.011450 0.264217 0.156000
v 0.011522 0.264157 0.154000
v 0.011522 0.264157 0.156000
v 0.011581 0.264085 0.154000
v 0.011581 0.264085 0.156000
v 0.011624 0.264006 0.154000
v 0.011624 0.264006 0.156000
v 0.011650 0.263919 0.154000
v 0.011650 0.263919 0.156000
v 0.011658 0.263826 0.154000
v 0.011658 0.263826 0.156000
v 0.011658 0.237468 0.154000
v 0.011658 0.237468 0.156000
v 0.011650 0.237374 0.154000
v 0.011650 0.237374 0.156000
v 0.011624 0.237288 0.154000
v 0.011624 0.237288 0.156000
v 0.011581 0.237208 0.154000
v 0.011581 0.237208 0.156000
v 0.011522 0.237136 0.154000
v 0.011522 0.237136 0.156000
v 0.011450 0.237077 0.154000
v 0.011450 0.237077 0.156000
v 0.011371 0.237034 0.154000
v 0.011371 0.237034 0.156000
v 0.011284 0.237009 0.154000
v 0.011284 0.237009 0.156000
v 0.011190 0.237000 0.154000
v 0.011190 0.237000 0.156000
v 0.007603 0.237000 0.154000
v 0.007603 0.237000 0.156000
v 0.007509 0.237009 0.154000
v 0.007509 0.237009 0.156000
v 0.007423 0.237034 0.154000
v 0.007423 0.237034 0.156000
v 0.007344 0.237077 0.154000
v 0.007344 0.237077 0.156000
v 0.007272 0.237136 0.154000
v 0.007272 0.237136 0.156000
v 0.007212 0.237208 0.154000
v 0.007212 0.237208 0.156000
v 0.007169 0.237288 0.154000
v 0.007169 0.237288 0.156000
v 0.007144 0.237374 0.154000
v 0.007144 0.237374 0.156000
v 0.007135 0.237468 0.154000
v 0.007135 0.237468 0.156000
v 0.007135 0.256067 0.154000
v 0.007135 0.256067 0.156000
v 0.007129 0.256120 0.154000
v 0.007129 0.256120 0.156000
v 0.007111 0.256164 0.154000
v 0.007111 0.256164 0.156000
v 0.007080 0.256198 0.154000
v 0.007080 0.256198 0.156000
v 0.007038 0.256222 0.154000
v 0.007038 0.256222 0.156000
v 0.006993 0.256232 0.154000
v 0.006993 0.256232 0.156000
v 0.006955 0.256222 0.154000
v 0.006955 0.256222 0.156000
v 0.006925 0.256193 0.154000
v 0.006925 0.256193 0.156000
v 0.006901 0.256144 0.154000
v 0.006901 0.256144 0.156000
v 0.002028 0.248658 0.154000
v 0.002028 0.248658 0.156000
v 0.001920 0.248522 0.154000
v 0.001920 0.248522 0.156000
v 0.001794 0.248424 0.154000
v 0.001794 0.248424 0.156000
v 0.001647 0.248366 0.154000
v 0.001647 0.248366 0.156000
v 0.001482 0.248346 0.154000
v 0.001482 0.248346 0.156000
v -0.000312 0.248346 0.154000
v -0.000312 0.248346 0.156000
v -0.000478 0.248366 0.154000
v -0.000478 0.248366 0.156000
v -0.000624 0.248424 0.154000
v -0.000624 0.248424 0.156000
v -0.000751 0.248522 0.154000
v -0.000751 0.248522 0.156000
v -0.000858 0.248658 0.154000
v -0.000858 0.248658 0.156000
v -0.005771 0.256105 0.154000
v -0.005771 0.256105 0.156000
v -0.005794 0.256154 0.154000
v -0.005794 0.256154 0.156000
v -0.005824 0.256184 0.154000
v -0.005824 0.256184 0.156000
v -0.005862 0.256193 0.154000
v -0.005862 0.256193 0.156000
v -0.005907 0.256184 0.154000
v -0.005907 0.256184 0.156000
v -0.005950 0.256159 0.154000
v -0.005950 0.256159 0.156000
v -0.005980 0.256125 0.154000
v -0.005980 0.256125 0.156000
v -0.005998 0.256081 0.154000
v -0.005998 0.256081 0.156000
v -0.006005 0.256028 0.154000
v -0.006005 0.256028 0.156000
v -0.006005 0.237468 0.154000
v -0.006005 0.237468 0.156000
v -0.006013 0.237374 0.154000
v -0.006013 0.237374 0.156000
v -0.006039 0.237288 0.154000
v -0.006039 0.237288 0.156000
v -0.006081 0.237208 0.154000
v -0.006081 0.237208 0.156000
v -0.006141 0.237136 0.154000
v -0.006141 0.237136 0.156000
v -0.006213 0.237077 0.154000
v -0.006213 0.237077 0.156000
v -0.006292 0.237034 0.154000
v -0.006292 0.237034 0.156000
v -0.006379 0.237009 0.154000
v -0.006379 0.237009 0.156000
v -0.006472 0.237000 0.154000
v -0.006472 0.237000 0.156000
v -0.010060 0.237000 0.154000
v -0.010060 0.237000 0.156000
v -0.010153 0.237009 0.154000
v -0.010153 0.237009 0.156000
v -0.010240 0.237034 0.154000
v -0.010240 0.237034 0.156000
v -0.010319 0.237077 0.154000
v -0.010319 0.237077 0.156000
v -0.010391 0.237136 0.154000
v -0.010391 0.237136 0.156000
v -0.010451 0.237208 0.154000
v -0.010451 0.237208 0.156000
v -0.010493 0.237288 0.154000
v -0.010493 0.237288 0.156000
v -0.010519 0.237374 0.154000
v -0.010519 0.237374 0.156000
v -0.010528 0.237468 0.154000
v -0.010528 0.237468 0.156000
v -0.010528 0.263826 0.154000
v -0.010528 0.263826 0.156000
v -0.010519 0.263919 0.154000
v -0.010519 0.263919 0.156000
v -0.010493 0.264006 0.154000
v -0.010493 0.264006 0.156000
v -0.010451 0.264085 0.154000
v -0.010451 0.264085 0.156000
v -0.010391 0.264157 0.154000
v -0.010391 0.264157 0.156000
v -0.010319 0.264217 0.154000
v -0.010319 0.264217 0.156000
v -0.010240 0.264259 0.154000
v -0.010240 0.264259 0.156000
v -0.010153 0.264285 0.154000
v -0.010153 0.264285 0.156000
v -0.010060 0.264294 0.154000
v -0.010060 0.264294 0.156000
v -0.006472 0.264294 0.154000
v -0.006472 0.264294 0.156000
v -0.006307 0.264274 0.154000
v -0.006307 0.264274 0.156000
v -0.006161 0.264216 0.154000
v -0.006161 0.264216 0.156000
v -0.006034 0.264118 0.154000
v -0.006034 0.264118 0.156000
v -0.005927 0.263982 0.154000
v -0.005927 0.263982 0.156000
v 0.000429 0.254351 0.154000
v 0.000429 0.254351 0.156000
v 0.000468 0.254317 0.154000
v 0.000468 0.254317 0.156000
v 0.000507 0.254292 0.154000
v 0.000507 0.254292 0.156000
v 0.000546 0.254278 0.154000
v 0.000546 0.254278 0.156000
v 0.000585 0.254273 0.154000
v 0.000585 0.254273 0.156000
v 0.000621 0.254278 0.154000
v 0.000621 0.254278 0.156000
v 0.000653 0.254292 0.154000
v 0.000653 0.254292 0.156000
v 0.000680 0.254317 0.154000
v 0.000680 0.254317 0.156000
v 0.000702 0.254351 0.154000
v 0.000702 0.254351 0.156000
v 0.032596 0.251232 0.154000
v 0.032596 0.251232 0.156000
v 0.032509 0.251173 0.154000
v 0.032509 0.251173 0.156000
v 0.032479 0.251115 0.154000
v 0.032479 0.251115 0.156000
v 0.032509 0.251056 0.154000
v 0.032509 0.251056 0.156000
v 0.032596 0.250998 0.154000
v 0.032596 0.250998 0.156000
v 0.034336 0.249894 0.154000
v 0.034336 0.249894 0.156000
v 0.035579 0.248454 0.154000
v 0.035579 0.248454 0.156000
v 0.036325 0.246677 0.154000
v 0.036325 0.246677 0.156000
v 0.036573 0.244564 0.154000
v 0.036573 0.244564 0.156000
v 0.036419 0.242823 0.154000
v 0.036419 0.242823 0.156000
v 0.035954 0.241304 0.154000
v 0.035954 0.241304 0.156000
v 0.035181 0.240006 0.154000
v 0.035181 0.240006 0.156000
v 0.034097 0.238930 0.154000
v 0.034097 0.238930 0.156000
v 0.032766 0.238086 0.154000
v 0.032766 0.238086 0.156000
v 0.031246 0.237482 0.154000
v 0.031246 0.237482 0.156000
v 0.029539 0.237121 0.154000
v 0.029539 0.237121 0.156000
v 0.027644 0.237000 0.154000
v 0.027644 0.237000 0.156000
v 0.017819 0.237000 0.154000
v 0.017819 0.237000 0.156000
v 0.017725 0.237009 0.154000
v 0.017725 0.237009 0.156000
v 0.017638 0.237034 0.154000
v 0.017638 0.237034 0.156000
v 0.017559 0.237077 0.154000
v 0.017559 0.237077 0.156000
v 0.017487 0.237136 0.154000
v 0.017487 0.237136 0.156000
v 0.017428 0.237208 0.154000
v 0.017428 0.237208 0.156000
v 0.017385 0.237288 0.154000
v 0.017385 0.237288 0.156000
v 0.017359 0.237374 0.154000
v 0.017359 0.237374 0.156000
v 0.017351 0.237468 0.154000
v 0.017351 0.237468 0.156000
v 0.017351 0.263826 0.154000
v 0.017351 0.263826 0.156000
v 0.017359 0.263919 0.154000
v 0.017359 0.263919 0.156000
v 0.017385 0.264006 0.154000
v 0.017385 0.264006 0.156000
v 0.017428 0.264085 0.154000
v 0.017428 0.264085 0.156000
v 0.017487 0.264157 0.154000
v 0.017487 0.264157 0.156000
v 0.017559 0.264217 0.154000
v 0.017559 0.264217 0.156000
v 0.017638 0.264259 0.154000
v 0.017638 0.264259 0.156000
v 0.017725 0.264285 0.154000
v 0.017725 0.264285 0.156000
v 0.017819 0.264294 0.154000
v 0.017819 0.264294 0.156000
v 0.027333 0.264294 0.154000
v 0.027333 0.264294 0.156000
v 0.029336 0.264179 0.154000
v 0.029336 0.264179 0.156000
v 0.031095 0.263835 0.154000
v 0.031095 0.263835 0.156000
v 0.032611 0.263263 0.154000
v 0.032611 0.263263 0.156000
v 0.033883 0.262461 0.154000
v 0.033883 0.262461 0.156000
v 0.034889 0.261428 0.154000
v 0.034889 0.261428 0.156000
v 0.035608 0.260161 0.154000
v 0.035608 0.260161 0.156000
v 0.036040 0.258659 0.154000
v 0.036040 0.258659 0.156000
v 0.036183 0.256924 0.154000
v 0.036183 0.256924 0.156000
v 0.035959 0.255033 0.154000
v 0.035959 0.255033 0.156000
v 0.035287 0.253454 0.154000
v 0.035287 0.253454 0.156000
v 0.034166 0.252187 0.154000
v 0.034166 0.252187 0.156000
v 0.022069 0.260394 0.154000
v 0.022069 0.260394 0.156000
v 0.021984 0.260382 0.154000
v 0.021984 0.260382 0.156000
v 0.021923 0.260346 0.154000
v 0.021923 0.260346 0.156000
v 0.021886 0.260285 0.154000
v 0.021886 0.260285 0.156000
v 0.021874 0.260200 0.154000
v 0.021874 0.260200 0.156000
v 0.021874 0.252986 0.154000
v 0.021874 0.252986 0.156000
v 0.021886 0.252901 0.154000
v 0.021886 0.252901 0.156000
v 0.021923 0.252840 0.154000
v 0.021923 0.252840 0.156000
v 0.021984 0.252803 0.154000
v 0.021984 0.252803 0.156000
v 0.022069 0.252791 0.154000
v 0.022069 0.252791 0.156000
v 0.027333 0.252791 0.154000
v 0.027333 0.252791 0.156000
v 0.028311 0.252853 0.154000
v 0.028311 0.252853 0.156000
v 0.029180 0.253040 0.154000
v 0.029180 0.253040 0.156000
v 0.029939 0.253351 0.154000
v 0.029939 0.253351 0.156000
v 0.030588 0.253786 0.154000
v 0.030588 0.253786 0.156000
v 0.031109 0.254330 0.154000
v 0.031109 0.254330 0.156000
v 0.031480 0.254970 0.154000
v 0.031480 0.254970 0.156000
v 0.031703 0.255705 0.154000
v 0.031703 0.255705 0.156000
v 0.031778 0.256534 0.154000
v 0.031778 0.256534 0.156000
v 0.031703 0.257384 0.154000
v 0.031703 0.257384 0.156000
v 0.031480 0.258138 0.154000
v 0.031480 0.258138 0.156000
v 0.031109 0.258797 0.154000
v 0.031109 0.258797 0.156000
v 0.030588 0.259361 0.154000
v 0.030588 0.259361 0.156000
v 0.029939 0.259813 0.154000
v 0.029939 0.259813 0.156000
v 0.029180 0.260136 0.154000
v 0.029180 0.260136 0.156000
v 0.028311 0.260330 0.154000
v 0.028311 0.260330 0.156000
v 0.027333 0.260394 0.154000
v 0.027333 0.260394 0.156000
v 0.027644 0.240938 0.154000
v 0.027644 0.240938 0.156000
v 0.028606 0.241006 0.154000
v 0.028606 0.241006 0.156000
v 0.029462 0.241211 0.154000
v 0.029462 0.241211 0.156000
v 0.030214 0.241552 0.154000
v 0.030214 0.241552 0.156000
v 0.030861 0.242030 0.154000
v 0.030861 0.242030 0.156000
v 0.031382 0.242624 0.154000
v 0.031382 0.242624 0.156000
v 0.031753 0.243317 0.154000
v 0.031753 0.243317 0.156000
v 0.031976 0.244106 0.154000
v 0.031976 0.244106 0.156000
v 0.032050 0.244993 0.154000
v 0.032050 0.244993 0.156000
v 0.031975 0.245896 0.154000
v 0.031975 0.245896 0.156000
v 0.031748 0.246694 0.154000
v 0.031748 0.246694 0.156000
v 0.031371 0.247387 0.154000
v 0.031371 0.247387 0.156000
v 0.030842 0.247976 0.154000
v 0.030842 0.247976 0.156000
v 0.030184 0.248445 0.154000
v 0.030184 0.248445 0.156000
v 0.029419 0.248780 0.154000
v 0.029419 0.248780 0.156000
v 0.028546 0.248981 0.154000
v 0.028546 0.248981 0.156000
v 0.027567 0.249048 0.154000
v 0.027567 0.249048 0.156000
v 0.022069 0.249048 0.154000
v 0.022069 0.249048 0.156000
v 0.021984 0.249036 0.154000
v 0.021984 0.249036 0.156000
v 0.021923 0.248999 0.154000
v 0.021923 0.248999 0.156000
v 0.021886 0.248939 0.154000
v 0.021886 0.248939 0.156000
v 0.021874 0.248853 0.154000
v 0.021874 0.248853 0.156000
v 0.021874 0.241133 0.154000
v 0.021874 0.241133 0.156000
v 0.021886 0.241048 0.154000
v 0.021886 0.241048 0.156000
v 0.021923 0.240987 0.154000
v 0.021923 0.240987 0.156000
v 0.021984 0.240950 0.154000
v 0.021984 0.240950 0.156000
v 0.022069 0.240938 0.154000
v 0.022069 0.240938 0.156000
v 0.060085 0.260862 0.154000
v 0.060085 0.260862 0.156000
v 0.060076 0.260769 0.154000
v 0.060076 0.260769 0.156000
v 0.060051 0.260682 0.154000
v 0.060051 0.260682 0.156000
v 0.060008 0.260603 0.154000
v 0.060008 0.260603 0.156000
v 0.059948 0.260531 0.154000
v 0.059948 0.260531 0.156000
v 0.059877 0.260471 0.154000
v 0.059877 0.260471 0.156000
v 0.059797 0.260429 0.154000
v 0.059797 0.260429 0.156000
v 0.059711 0.260403 0.154000
v 0.059711 0.260403 0.156000
v 0.059617 0.260394 0.154000
v 0.059617 0.260394 0.156000
v 0.046321 0.260394 0.154000
v 0.046321 0.260394 0.156000
v 0.046236 0.260382 0.154000
v 0.046236 0.260382 0.156000
v 0.046175 0.260346 0.154000
v 0.046175 0.260346 0.156000
v 0.046138 0.260285 0.154000
v 0.046138 0.260285 0.156000
v 0.046126 0.260200 0.154000
v 0.046126 0.260200 0.156000
v 0.046126 0.252908 0.154000
v 0.046126 0.252908 0.156000
v 0.046138 0.252823 0.154000
v 0.046138 0.252823 0.156000
v 0.046175 0.252762 0.154000
v 0.046175 0.252762 0.156000
v 0.046236 0.252725 0.154000
v 0.046236 0.252725 0.156000
v 0.046321 0.252713 0.154000
v 0.046321 0.252713 0.156000
v 0.055250 0.252713 0.154000
v 0.055250 0.252713 0.156000
v 0.055344 0.252705 0.154000
v 0.055344 0.252705 0.156000
v 0.055430 0.252679 0.154000
v 0.055430 0.252679 0.156000
v 0.055510 0.252637 0.154000
v 0.055510 0.252637 0.156000
v 0.055581 0.252577 0.154000
v 0.055581 0.252577 0.156000
v 0.055641 0.252505 0.154000
v 0.055641 0.252505 0.156000
v 0.055684 0.252426 0.154000
v 0.055684 0.252426 0.156000
v 0.055709 0.252339 0.154000
v 0.055709 0.252339 0.156000
v 0.055718 0.252245 0.154000
v 0.055718 0.252245 0.156000
v 0.055718 0.249282 0.154000
v 0.055718 0.249282 0.156000
v 0.055709 0.249188 0.154000
v 0.055709 0.249188 0.156000
v 0.055684 0.249102 0.154000
v 0.055684 0.249102 0.156000
v 0.055641 0.249023 0.154000
v 0.055641 0.249023 0.156000
v 0.055581 0.248951 0.154000
v 0.055581 0.248951 0.156000
v 0.055510 0.248891 0.154000
v 0.055510 0.248891 0.156000
v 0.055430 0.248848 0.154000
v 0.055430 0.248848 0.156000
v 0.055344 0.248823 0.154000
v 0.055344 0.248823 0.156000
v 0.055250 0.248814 0.154000
v 0.055250 0.248814 0.156000
v 0.046321 0.248814 0.154000
v 0.046321 0.248814 0.156000
v 0.046236 0.248802 0.154000
v 0.046236 0.248802 0.156000
v 0.046175 0.248765 0.154000
v 0.046175 0.248765 0.156000
v 0.046138 0.248705 0.154000
v 0.046138 0.248705 0.156000
v 0.046126 0.248619 0.154000
v 0.046126 0.248619 0.156000
v 0.046126 0.241094 0.154000
v 0.046126 0.241094 0.156000
v 0.046138 0.241009 0.154000
v 0.046138 0.241009 0.156000
v 0.046175 0.240948 0.154000
v 0.046175 0.240948 0.156000
v 0.046236 0.240911 0.154000
v 0.046236 0.240911 0.156000
v 0.046321 0.240899 0.154000
v 0.046321 0.240899 0.156000
v 0.059617 0.240899 0.154000
v 0.059617 0.240899 0.156000
v 0.059711 0.240891 0.154000
v 0.059711 0.240891 0.156000
v 0.059797 0.240865 0.154000
v 0.059797 0.240865 0.156000
v 0.059877 0.240822 0.154000
v 0.059877 0.240822 0.156000
v 0.059948 0.240763 0.154000
v 0.059948 0.240763 0.156000
v 0.060008 0.240691 0.154000
v 0.060008 0.240691 0.156000
v 0.060051 0.240611 0.154000
v 0.060051 0.240611 0.156000
v 0.060076 0.240525 0.154000
v 0.060076 0.240525 0.156000
v 0.060085 0.240431 0.154000
v 0.060085 0.240431 0.156000
v 0.060085 0.237468 0.154000
v 0.060085 0.237468 0.156000
v 0.060076 0.237374 0.154000
v 0.060076 0.237374 0.156000
v 0.060051 0.237288 0.154000
v 0.060051 0.237288 0.156000
v 0.060008 0.237208 0.154000
v 0.060008 0.237208 0.156000
v 0.059948 0.237136 0.154000
v 0.059948 0.237136 0.156000
v 0.059877 0.237077 0.154000
v 0.059877 0.237077 0.156000
v 0.059797 0.237034 0.154000
v 0.059797 0.237034 0.156000
v 0.059711 0.237009 0.154000
v 0.059711 0.237009 0.156000
v 0.059617 0.237000 0.154000
v 0.059617 0.237000 0.156000
v 0.042071 0.237000 0.154000
v 0.042071 0.237000 0.156000
v 0.041977 0.237009 0.154000
v 0.041977 0.237009 0.156000
v 0.041891 0.237034 0.154000
v 0.041891 0.237034 0.156000
v 0.041812 0.237077 0.154000
v 0.041812 0.237077 0.156000
v 0.041740 0.237136 0.154000
v 0.041740 0.237136 0.156000
v 0.041680 0.237208 0.154000
v 0.041680 0.237208 0.156000
v 0.041637 0.237288 0.154000
v 0.041637 0.237288 0.156000
v 0.041612 0.237374 0.154000
v 0.041612 0.237374 0.156000
v 0.041603 0.237468 0.154000
v 0.041603 0.237468 0.156000
v 0.041603 0.263826 0.154000
v 0.041603 0.263826 0.156000
v 0.041612 0.263919 0.154000
v 0.041612 0.263919 0.156000
v 0.041637 0.264006 0.154000
v 0.041637 0.264006 0.156000
v 0.041680 0.264085 0.154000
v 0.041680 0.264085 0.156000
v 0.041740 0.264157 0.154000
v 0.041740 0.264157 0.156000
v 0.041812 0.264217 0.154000
v 0.041812 0.264217 0.156000
v 0.041891 0.264259 0.154000
v 0.041891 0.264259 0.156000
v 0.041977 0.264285 0.154000
v 0.041977 0.264285 0.156000
v 0.042071 0.264294 0.154000
v 0.042071 0.264294 0.156000
v 0.059617 0.264294 0.154000
v 0.059617 0.264294 0.156000
v 0.059711 0.264285 0.154000
v 0.059711 0.264285 0.156000
v 0.059797 0.264259 0.154000
v 0.059797 0.264259 0.156000
v 0.059877 0.264217 0.154000
v 0.059877 0.264217 0.156000
v 0.059948 0.264157 0.154000
v 0.059948 0.264157 0.156000
v 0.060008 0.264085 0.154000
v 0.060008 0.264085 0.156000
v 0.060051 0.264006 0.154000
v 0.060051 0.264006 0.156000
v 0.060076 0.263919 0.154000
v 0.060076 0.263919 0.156000
v 0.060085 0.263826 0.154000
v 0.060085 0.263826 0.156000
v 0.130000 0.450000 0.151000
v 0.127502 0.475362 0.151000
v 0.120104 0.499749 0.151000
v 0.108091 0.522224 0.151000
v 0.091924 0.541924 0.151000
v 0.072224 0.558091 0.151000
v 0.049749 0.570104 0.151000
v 0.025362 0.577502 0.151000
v 0.000000 0.580000 0.151000
v -0.025362 0.577502 0.151000
v -0.049749 0.570104 0.151000
v -0.072224 0.558091 0.151000
v -0.091924 0.541924 0.151000
v -0.108091 0.522224 0.151000
v -0.120104 0.499749 0.151000
v -0.127502 0.475362 0.151000
v -0.130000 0.450000 0.151000
v -0.127502 0.424638 0.151000
v -0.120104 0.400251 0.151000
v -0.108091 0.377776 0.151000
v -0.091924 0.358076 0.151000
v -0.072224 0.341909 0.151000
v -0.049749 0.329896 0.151000
v -0.025362 0.322498 0.151000
v -0.000000 0.320000 0.151000
v 0.025362 0.322498 0.151000
v 0.049749 0.329896 0.151000
v 0.072224 0.341909 0.151000
v 0.091924 0.358076 0.151000
v 0.108091 0.377776 0.151000
v 0.120104 0.400251 0.151000
v 0.127502 0.424638 0.151000
v 0.130000 0.450000 0.145000
v 0.127502 0.475362 0.145000
v 0.120104 0.499749 0.145000
v 0.108091 0.522224 0.145000
v 0.091924 0.541924 0.145000
v 0.072224 0.558091 0.145000
v 0.049749 0.570104 0.145000
v 0.025362 0.577502 0.145000
v 0.000000 0.580000 0.145000
v -0.025362 0.577502 0.145000
v -0.049749 0.570104 0.145000
v -0.072224 0.558091 0.145000
v -0.091924 0.541924 0.145000
v -0.108091 0.522224 0.145000
v -0.120104 0.499749 0.145000
v -0.127502 0.475362 0.145000
v -0.130000 0.450000 0.145000
v -0.127502 0.424638 0.145000
v -0.120104 0.400251 0.145000
v -0.108091 0.377776 0.145000
v -0.091924 0.358076 0.145000
v -0.072224 0.341909 0.145000
v -0.049749 0.329896 0.145000
v -0.025362 0.322498 0.145000
v -0.000000 0.320000 0.145000
v 0.025362 0.322498 0.145000
v 0.049749 0.329896 0.145000
v 0.072224 0.341909 0.145000
v 0.091924 0.358076 0.145000
v 0.108091 0.377776 0.145000
v 0.120104 0.400251 0.145000
v 0.127502 0.424638 0.145000
v 0.052327 0.553363 0.151000
v 0.087327 0.618363 0.151000
v 0.062673 0.631637 0.151000
v 0.027673 0.566637 0.151000
v 0.052327 0.553363 0.145000
v 0.087327 0.618363 0.145000
v 0.062673 0.631637 0.145000
v 0.027673 0.566637 0.145000
v 0.100000 0.645000 0.151000
v 0.141000 0.645000 0.151000
v 0.141000 0.655000 0.151000
v 0.100000 0.655000 0.151000
v 0.100000 0.645000 0.145000
v 0.141000 0.645000 0.145000
v 0.141000 0.655000 0.145000
v 0.100000 0.655000 0.145000
v 0.094496 0.666428 0.151000
v 0.120059 0.698483 0.151000
v 0.112241 0.704718 0.151000
v 0.086678 0.672663 0.151000
v 0.094496 0.666428 0.145000
v 0.120059 0.698483 0.145000
v 0.112241 0.704718 0.145000
v 0.086678 0.672663 0.145000
v 0.074312 0.675486 0.151000
v 0.065188 0.715458 0.151000
v 0.055439 0.713233 0.151000
v 0.064562 0.673261 0.151000
v 0.074312 0.675486 0.145000
v 0.065188 0.715458 0.145000
v 0.055439 0.713233 0.145000
v 0.064562 0.673261 0.145000
v 0.054645 0.665352 0.151000
v 0.017705 0.683141 0.151000
v 0.013367 0.674131 0.151000
v 0.050306 0.656342 0.151000
v 0.054645 0.665352 0.145000
v 0.017705 0.683141 0.145000
v 0.013367 0.674131 0.145000
v 0.050306 0.656342 0.145000
v 0.050306 0.643658 0.151000
v 0.013367 0.625868 0.151000
v 0.017705 0.616859 0.151000
v 0.054645 0.634648 0.151000
v 0.050306 0.643658 0.145000
v 0.013367 0.625868 0.145000
v 0.017705 0.616859 0.145000
v 0.054645 0.634648 0.145000
v 0.064562 0.626739 0.151000
v 0.055439 0.586767 0.151000
v 0.065188 0.584542 0.151000
v 0.074312 0.624514 0.151000
v 0.064562 0.626739 0.145000
v 0.055439 0.586767 0.145000
v 0.065188 0.584542 0.145000
v 0.074312 0.624514 0.145000
v 0.086678 0.627337 0.151000
v 0.112241 0.595282 0.151000
v 0.120059 0.601517 0.151000
v 0.094496 0.633572 0.151000
v 0.086678 0.627337 0.145000
v 0.112241 0.595282 0.145000
v 0.120059 0.601517 0.145000
v 0.094496 0.633572 0.145000
vn 0.000000 -0.000000 1.000000
vn 0.000000 -0.000000 1.000000
vn 0.000000 -0.000000 1.000000
vn 0.000000 -0.000000 1.000000
vn 0.000000 -0.000000 1.000000
vn 0.000000 -0.000000 1.000000
vn 0.000000 -0.000000 1.000000
vn 0.000000 -0.000000 1.000000
vn 0.000000 -0.000000 1.000000
vn 0.000000 -0.000000 1.000000
vn 0.000000 -0.000000 1.000000
vn 0.000000 -0.000000 1.000000
vn 0.000000 -0.000000 1.000000
vn 0.000000 -0.000000 1.000000
vn 0.000000 -0.000000 1.000000
vn 0.000000 -0.000000 1.000000
vn 0.000000 -0.000000 1.000000
vn 0.000000 -0.000000 1.000000
vn 0.000000 -0.000000 1.000000
vn 0.000000 -0.000000 1.000000
vn 0.000000 -0.000000 1.000000
vn 0.000000 -0.000000 1.000000
vn 0.000000 -0.000000 1.000000
vn 0.000000 -0.000000 1.000000
vn 0.000000 -0.000000 1.000000
vn 0.000000 -0.000000 1.000000
vn 0.000000 -0.000000 1.000000
vn 0.000000 -0.000000 1.000000
vn 0.000000 -0.000000 1.000000
vn 0.000000 -0.000000 1.000000
vn 0.000000 -0.000000 1.000000
vn 0.000000 -0.000000 1.000000
vn 0.000000 -0.000000 1.000000
vn 0.000000 -0.000000 1.000000
vn 0.000000 -0.000000 1.000000
vn 0.000000 -0.000000 1.000000
vn 0.000000 -0.000000 1.000000
vn 0.000000 -0.000000 1.000000
vn 0.000000 -0.000000 1.000000
vn 0.000000 -0.000000 1.000000
vn 0.000000 -0.000000 1.000000
vn 0.000000 -0.000000 1.000000
vn 0.000000 -0.000000 1.000000
vn 0.000000 -0.000000 1.000000
vn 0.000000 -0.000000 1.000000
vn 0.000000 -0.000000 1.000000
vn 0.000000 -0.000000 1.000000
vn 0.000000 -0.000000 1.000000
vn 0.000000 -0.000000 1.000000
vn 0.000000 -0.000000 1.000000
vn 0.000000 -0.000000 1.000000
vn 0.000000 -0.000000 1.000000
vn 0.000000 -0.000000 1.000000
vn 0.000000 -0.000000 1.000000
vn 0.000000 -0.000000 1.000000
vn 0.000000 -0.000000 1.000000
vn 0.000000 -0.000000 1.000000
vn 0.000000 -0.000000 1.000000
vn 0.000000 -0.000000 1.000000
vn 0.000000 -0.000000 1.000000
vn 0.000000 -0.000000 1.000000
vn 0.000000 -0.000000 1.000000
vn 0.000000 -0.000000 1.000000
vn 0.000000 -0.000000 1.000000
vn 0.000000 -0.000000 1.000000
vn 0.000000 -0.000000 1.000000
vn 0.000000 -0.000000 1.000000
vn 0.000000 -0.000000 1.000000
vn 0.000000 -0.000000 1.000000
vn 0.000000 -0.000000 1.000000
vn 0.000000 -0.000000 1.000000
vn 0.000000 -0.000000 1.000000
vn 0.000000 -0.000000 1.000000
vn 0.000000 -0.000000 1.000000
vn 0.000000 -0.000000 1.000000
vn 0.000000 -0.000000 1.000000
vn 0.000000 -0.000000 1.000000
vn 0.000000 -0.000000 1.000000
vn 0.000000 -0.000000 1.000000
vn 0.000000 -0.000000 1.000000
vn 0.000000 -0.000000 1.000000
vn 0.000000 -0.000000 1.000000
vn 0.000000 -0.000000 1.000000
vn 0.000000 -0.000000 1.000000
vn 0.000000 -0.000000 1.000000
vn 0.000000 -0.000000 1.000000
vn 0.000000 -0.000000 1.000000
vn 0.000000 -0.000000 1.000000
vn 0.000000 -0.000000 1.000000
vn 0.000000 -0.000000 1.000000
vn 0.000000 -0.000000 1.000000
vn 0.000000 -0.000000 1.000000
vn 0.000000 -0.000000 1.000000
vn 0.000000 -0.000000 1.000000
vn 0.000000 -0.000000 1.000000
vn 0.000000 -0.000000 1.000000
vn 0.000000 -0.000000 1.000000
vn 0.000000 -0.000000 1.000000
vn 0.000000 -0.000000 1.000000
vn 0.000000 -0.000000 1.000000
vn 0.000000 -0.000000 1.000000
vn 0.000000 -0.000000 1.000000
vn 0.000000 -0.000000 1.000000
vn 0.000000 0.000000 -1.000000
vn 0.000000 0.000000 -1.000000
vn 0.000000 0.000000 -1.000000
vn 0.000000 0.000000 -1.000000
vn 0.000000 0.000000 -1.000000
vn 0.000000 0.000000 -1.000000
vn 0.000000 0.000000 -1.000000
vn 0.000000 0.000000 -1.000000
vn 0.000000 0.000000 -1.000000
vn 0.000000 0.000000 -1.000000
vn 0.000000 0.000000 -1.000000
vn 0.000000 0.000000 -1.000000
vn 0.000000 0.000000 -1.000000
vn 0.000000 0.000000 -1.000000
vn 0.000000 0.000000 -1.000000
vn 0.000000 0.000000 -1.000000
vn 0.000000 0.000000 -1.000000
vn 0.000000 0.000000 -1.000000
vn 0.000000 0.000000 -1.000000
vn 0.000000 0.000000 -1.000000
vn 0.000000 0.000000 -1.000000
vn 0.000000 0.000000 -1.000000
vn 0.000000 0.000000 -1.000000
vn 0.000000 0.000000 -1.000000
vn 0.000000 0.000000 -1.000000
vn 0.000000 0.000000 -1.000000
vn 0.000000 0.000000 -1.000000
vn 0.000000 0.000000 -1.000000
vn 0.000000 0.000000 -1.000000
vn 0.000000 0.000000 -1.000000
vn 0.000000 0.000000 -1.000000
vn 0.000000 0.000000 -1.000000
vn 0.000000 0.000000 -1.000000
vn 0.000000 0.000000 -1.000000
vn 0.000000 0.000000 -1.000000
vn 0.000000 0.000000 -1.000000
vn 0.000000 0.000000 -1.000000
vn 0.000000 0.000000 -1.000000
vn 0.000000 0.000000 -1.000000
vn 0.000000 0.000000 -1.000000
vn 0.000000 0.000000 -1.000000
vn 0.000000 0.000000 -1.000000
vn 0.000000 0.000000 -1.000000
vn 0.000000 0.000000 -1.000000
vn 0.000000 0.000000 -1.000000
vn 0.000000 0.000000 -1.000000
vn 0.000000 0.000000 -1.000000
vn 0.000000 0.000000 -1.000000
vn 0.000000 0.000000 -1.000000
vn 0.000000 0.000000 -1.000000
vn 0.000000 0.000000 -1.000000
vn 0.000000 0.000000 -1.000000
vn 0.000000 0.000000 -1.000000
vn 0.000000 0.000000 -1.000000
vn 0.000000 0.000000 -1.000000
vn 0.000000 0.000000 -1.000000
vn 0.000000 0.000000 -1.000000
vn 0.000000 0.000000 -1.000000
vn 0.000000 0.000000 -1.000000
vn 0.000000 0.000000 -1.000000
vn 0.000000 0.000000 -1.000000
vn 0.000000 0.000000 -1.000000
vn 0.000000 0.000000 -1.000000
vn 0.000000 0.000000 -1.000000
vn 0.000000 0.000000 -1.000000
vn 0.000000 0.000000 -1.000000
vn 0.000000 0.000000 -1.000000
vn 0.000000 0.000000 -1.000000
vn 0.000000 0.000000 -1.000000
vn 0.000000 0.000000 -1.000000
vn 0.000000 0.000000 -1.000000
vn 0.000000 0.000000 -1.000000
vn 0.000000 0.000000 -1.000000
vn 0.000000 0.000000 -1.000000
vn 0.000000 0.000000 -1.000000
vn 0.000000 0.000000 -1.000000
vn 0.000000 0.000000 -1.000000
vn 0.000000 0.000000 -1.000000
vn 0.000000 0.000000 -1.000000
vn 0.000000 0.000000 -1.000000
vn 0.000000 0.000000 -1.000000
vn 0.000000 0.000000 -1.000000
vn 0.000000 0.000000 -1.000000
vn 0.000000 0.000000 -1.000000
vn 0.000000 0.000000 -1.000000
vn 0.000000 0.000000 -1.000000
vn 0.000000 0.000000 -1.000000
vn 0.000000 0.000000 -1.000000
vn 0.000000 0.000000 -1.000000
vn 0.000000 0.000000 -1.000000
vn 0.000000 0.000000 -1.000000
vn 0.000000 0.000000 -1.000000
vn 0.000000 0.000000 -1.000000
vn 0.000000 0.000000 -1.000000
vn 0.000000 0.000000 -1.000000
vn 0.000000 0.000000 -1.000000
vn 0.000000 0.000000 -1.000000
vn 0.000000 0.000000 -1.000000
vn 0.000000 0.000000 -1.000000
vn 0.000000 0.000000 -1.000000
vn 0.000000 0.000000 -1.000000
vn 0.000000 0.000000 -1.000000
vn 0.000000 0.000000 -1.000000
vn 0.554695 -0.832054 -0.000000
vn 0.894430 -0.447209 -0.000000
vn 0.894430 0.447209 0.000000
vn 0.554695 0.832054 0.000000
vn 0.535728 0.844391 0.000000
vn 0.757082 0.653320 0.000000
vn 0.922063 0.387039 0.000000
vn 0.993151 0.116842 0.000000
vn 0.996074 -0.088525 -0.000000
vn 0.956358 -0.292199 -0.000000
vn 0.858913 -0.512122 -0.000000
vn 0.704708 -0.709497 -0.000000
vn 0.535475 -0.844551 -0.000000
vn 0.368948 -0.929450 -0.000000
vn 0.207383 -0.978260 -0.000000
vn 0.063537 -0.997980 -0.000000
vn 0.000000 -1.000000 -0.000000
vn -0.090536 -0.995893 -0.000000
vn -0.283629 -0.958934 -0.000000
vn -0.474100 -0.880471 -0.000000
vn -0.638895 -0.769294 -0.000000
vn -0.769289 -0.638901 -0.000000
vn -0.880472 -0.474099 -0.000000
vn -0.958935 -0.283626 -0.000000
vn -0.995894 -0.090532 -0.000000
vn -1.000000 0.000000 -0.000000
vn -0.995894 0.090530 0.000000
vn -0.958935 0.283624 0.000000
vn -0.880474 0.474095 0.000000
vn -0.769287 0.638904 0.000000
vn -0.638899 0.769290 0.000000
vn -0.474092 0.880476 0.000000
vn -0.283627 0.958935 0.000000
vn -0.090540 0.995893 0.000000
vn 0.000000 1.000000 0.000000
vn 0.057084 0.998369 0.000000
vn 0.191670 0.981459 0.000000
vn 0.353430 0.935461 0.000000
vn 0.533200 0.845989 0.000000
vn 0.716338 0.697754 0.000000
vn 0.869783 0.493435 0.000000
vn 0.961111 0.276164 0.000000
vn 0.996584 0.082582 0.000000
vn 0.993045 -0.117732 -0.000000
vn 0.920024 -0.391862 -0.000000
vn 0.748997 -0.662574 -0.000000
vn 0.519947 -0.854199 -0.000000
vn 0.141434 -0.989948 -0.000000
vn 0.514495 -0.857494 -0.000000
vn 0.857489 -0.514503 -0.000000
vn 0.989950 -0.141421 -0.000000
vn 1.000000 0.000000 -0.000000
vn 0.989950 0.141421 0.000000
vn 0.857495 0.514492 0.000000
vn 0.514495 0.857494 0.000000
vn 0.141415 0.989950 0.000000
vn 0.000000 1.000000 0.000000
vn -0.063384 0.997989 0.000000
vn -0.209810 0.977742 0.000000
vn -0.378806 0.925476 0.000000
vn -0.556498 0.830849 0.000000
vn -0.723098 0.690745 0.000000
vn -0.864674 0.502334 0.000000
vn -0.956904 0.290404 0.000000
vn -0.996012 0.089217 0.000000
vn -0.996192 -0.087184 -0.000000
vn -0.958970 -0.283508 -0.000000
vn -0.871102 -0.491102 -0.000000
vn -0.735108 -0.677950 -0.000000
vn -0.571290 -0.820748 -0.000000
vn -0.391421 -0.920212 -0.000000
vn -0.217655 -0.976026 -0.000000
vn -0.065861 -0.997829 -0.000000
vn 0.000000 -1.000000 -0.000000
vn -0.070798 0.997491 0.000000
vn -0.232431 0.972613 0.000000
vn -0.413247 0.910619 0.000000
vn -0.593922 0.804522 0.000000
vn -0.752577 0.658504 0.000000
vn -0.881019 0.473082 0.000000
vn -0.962360 0.271777 0.000000
vn -0.996508 0.083499 0.000000
vn -0.996518 -0.083380 -0.000000
vn -0.961966 -0.273169 -0.000000
vn -0.878131 -0.478420 -0.000000
vn -0.743831 -0.668368 -0.000000
vn -0.580525 -0.814242 -0.000000
vn -0.401125 -0.916023 -0.000000
vn -0.224561 -0.974460 -0.000000
vn -0.068248 -0.997668 -0.000000
vn 0.000000 -1.000000 -0.000000
vn 0.141425 -0.989949 -0.000000
vn 0.514495 -0.857494 -0.000000
vn 0.857492 -0.514497 -0.000000
vn 0.989949 -0.141422 -0.000000
vn 1.000000 0.000000 -0.000000
vn 0.989950 0.141421 0.000000
vn 0.857492 0.514497 0.000000
vn 0.514495 0.857494 0.000000
vn 0.141420 0.989950 0.000000
vn 0.000000 1.000000 0.000000
vn 0.000000 -0.000000 1.000000
vn 0.000000 -0.000000 1.000000
vn 0.000000 -0.000000 1.000000
vn 0.000000 -0.000000 1.000000
vn 0.000000 -0.000000 1.000000
vn 0.000000 -0.000000 1.000000
vn 0.000000 -0.000000 1.000000
vn 0.000000 -0.000000 1.000000
vn 0.000000 -0.000000 1.000000
vn 0.000000 -0.000000 1.000000
vn 0.000000 -0.000000 1.000000
vn 0.000000 -0.000000 1.000000
vn 0.000000 -0.000000 1.000000
vn 0.000000 -0.000000 1.000000
vn 0.000000 -0.000000 1.000000
vn 0.000000 -0.000000 1.000000
vn 0.000000 -0.000000 1.000000
vn 0.000000 -0.000000 1.000000
vn 0.000000 -0.000000 1.000000
vn 0.000000 -0.000000 1.000000
vn 0.000000 -0.000000 1.000000
vn 0.000000 -0.000000 1.000000
vn 0.000000 -0.000000 1.000000
vn 0.000000 -0.000000 1.000000
vn 0.000000 -0.000000 1.000000
vn 0.000000 -0.000000 1.000000
vn 0.000000 -0.000000 1.000000
vn 0.000000 -0.000000 1.000000
vn 0.000000 -0.000000 1.000000
vn 0.000000 -0.000000 1.000000
vn 0.000000 -0.000000 1.000000
vn 0.000000 -0.000000 1.000000
vn 0.000000 -0.000000 1.000000
vn 0.000000 -0.000000 1.000000
vn 0.000000 -0.000000 1.000000
vn 0.000000 -0.000000 1.000000
vn 0.000000 -0.000000 1.000000
vn 0.000000 -0.000000 1.000000
vn 0.000000 -0.000000 1.000000
vn 0.000000 -0.000000 1.000000
vn 0.000000 -0.000000 1.000000
vn 0.000000 -0.000000 1.000000
vn 0.000000 -0.000000 1.000000
vn 0.000000 -0.000000 1.000000
vn 0.000000 -0.000000 1.000000
vn 0.000000 -0.000000 1.000000
vn 0.000000 -0.000000 1.000000
vn 0.000000 -0.000000 1.000000
vn 0.000000 -0.000000 1.000000
vn 0.000000 -0.000000 1.000000
vn 0.000000 -0.000000 1.000000
vn 0.000000 -0.000000 1.000000
vn 0.000000 -0.000000 1.000000
vn 0.000000 -0.000000 1.000000
vn 0.000000 -0.000000 1.000000
vn 0.000000 -0.000000 1.000000
vn 0.000000 -0.000000 1.000000
vn 0.000000 -0.000000 1.000000
vn 0.000000 -0.000000 1.000000
vn 0.000000 -0.000000 1.000000
vn 0.000000 -0.000000 1.000000
vn 0.000000 -0.000000 1.000000
vn 0.000000 -0.000000 1.000000
vn 0.000000 -0.000000 1.000000
vn 0.000000 -0.000000 1.000000
vn 0.000000 -0.000000 1.000000
vn 0.000000 -0.000000 1.000000
vn 0.000000 -0.000000 1.000000
vn 0.000000 -0.000000 1.000000
vn 0.000000 -0.000000 1.000000
vn 0.000000 -0.000000 1.000000
vn 0.000000 -0.000000 1.000000
vn 0.000000 -0.000000 1.000000
vn 0.000000 -0.000000 1.000000
vn 0.000000 -0.000000 1.000000
vn 0.000000 -0.000000 1.000000
vn 0.000000 -0.000000 1.000000
vn 0.000000 -0.000000 1.000000
vn 0.000000 -0.000000 1.000000
vn 0.000000 -0.000000 1.000000
vn 0.000000 -0.000000 1.000000
vn 0.000000 -0.000000 1.000000
vn 0.000000 -0.000000 1.000000
vn 0.000000 -0.000000 1.000000
vn 0.000000 -0.000000 1.000000
vn 0.000000 -0.000000 1.000000
vn 0.000000 -0.000000 1.000000
vn 0.000000 -0.000000 1.000000
vn 0.000000 -0.000000 1.000000
vn 0.000000 -0.000000 1.000000
vn 0.000000 -0.000000 1.000000
vn 0.000000 -0.000000 1.000000
vn 0.000000 -0.000000 1.000000
vn 0.000000 -0.000000 1.000000
vn 0.000000 -0.000000 1.000000
vn 0.000000 -0.000000 1.000000
vn 0.000000 -0.000000 1.000000
vn 0.000000 -0.000000 1.000000
vn 0.000000 -0.000000 1.000000
vn 0.000000 -0.000000 1.000000
vn 0.000000 -0.000000 1.000000
vn 0.000000 -0.000000 1.000000
vn 0.000000 -0.000000 1.000000
vn 0.000000 -0.000000 1.000000
vn 0.000000 -0.000000 1.000000
vn 0.000000 -0.000000 1.000000
vn 0.000000 -0.000000 1.000000
vn 0.000000 -0.000000 1.000000
vn 0.000000 -0.000000 1.000000
vn 0.000000 -0.000000 1.000000
vn 0.000000 -0.000000 1.000000
vn 0.000000 -0.000000 1.000000
vn 0.000000 -0.000000 1.000000
vn 0.000000 -0.000000 1.000000
vn 0.000000 -0.000000 1.000000
vn 0.000000 -0.000000 1.000000
vn 0.000000 -0.000000 1.000000
vn 0.000000 -0.000000 1.000000
vn 0.000000 -0.000000 1.000000
vn 0.000000 -0.000000 1.000000
vn 0.000000 -0.000000 1.000000
vn 0.000000 -0.000000 1.000000
vn 0.000000 -0.000000 1.000000
vn 0.000000 -0.000000 1.000000
vn 0.000000 -0.000000 1.000000
vn 0.000000 -0.000000 1.000000
vn 0.000000 -0.000000 1.000000
vn 0.000000 -0.000000 1.000000
vn 0.000000 -0.000000 1.000000
vn 0.000000 -0.000000 1.000000
vn 0.000000 -0.000000 1.000000
vn 0.000000 -0.000000 1.000000
vn 0.000000 -0.000000 1.000000
vn 0.000000 -0.000000 1.000000
vn 0.000000 -0.000000 1.000000
vn 0.000000 -0.000000 1.000000
vn 0.000000 -0.000000 1.000000
vn 0.000000 -0.000000 1.000000
vn 0.000000 -0.000000 1.000000
vn 0.000000 -0.000000 1.000000
vn 0.000000 -0.000000 1.000000
vn 0.000000 -0.000000 1.000000
vn 0.000000 -0.000000 1.000000
vn 0.000000 -0.000000 1.000000
vn 0.000000 -0.000000 1.000000
vn 0.000000 -0.000000 1.000000
vn 0.000000 -0.000000 1.000000
vn 0.000000 -0.000000 1.000000
vn 0.000000 -0.000000 1.000000
vn 0.000000 -0.000000 1.000000
vn 0.000000 -0.000000 1.000000
vn 0.000000 -0.000000 1.000000
vn 0.000000 -0.000000 1.000000
vn 0.000000 -0.000000 1.000000
vn 0.000000 -0.000000 1.000000
vn 0.000000 -0.000000 1.000000
vn 0.000000 -0.000000 1.000000
vn 0.000000 -0.000000 1.000000
vn 0.000000 -0.000000 1.000000
vn 0.000000 -0.000000 1.000000
vn 0.000000 -0.000000 1.000000
vn 0.000000 -0.000000 1.000000
vn 0.000000 -0.000000 1.000000
vn 0.000000 -0.000000 1.000000
vn 0.000000 -0.000000 1.000000
vn 0.000000 -0.000000 1.000000
vn 0.000000 -0.000000 1.000000
vn 0.000000 -0.000000 1.000000
vn 0.000000 -0.000000 1.000000
vn 0.000000 -0.000000 1.000000
vn 0.000000 -0.000000 1.000000
vn 0.000000 -0.000000 1.000000
vn 0.000000 -0.000000 1.000000
vn 0.000000 -0.000000 1.000000
vn 0.000000 -0.000000 1.000000
vn 0.000000 -0.000000 1.000000
vn 0.000000 -0.000000 1.000000
vn 0.000000 -0.000000 1.000000
vn 0.000000 -0.000000 1.000000
vn 0.000000 -0.000000 1.000000
vn 0.000000 -0.000000 1.000000
vn 0.000000 -0.000000 1.000000
vn 0.000000 -0.000000 1.000000
vn 0.000000 -0.000000 1.000000
vn 0.000000 -0.000000 1.000000
vn 0.000000 -0.000000 1.000000
vn 0.000000 -0.000000 1.000000
vn 0.000000 -0.000000 1.000000
vn 0.000000 -0.000000 1.000000
vn 0.000000 -0.000000 1.000000
vn 0.000000 -0.000000 1.000000
vn 0.000000 -0.000000 1.000000
vn 0.000000 -0.000000 1.000000
vn 0.000000 -0.000000 1.000000
vn 0.000000 -0.000000 1.000000
vn 0.000000 -0.000000 1.000000
vn 0.000000 -0.000000 1.000000
vn 0.000000 -0.000000 1.000000
vn 0.000000 -0.000000 1.000000
vn 0.000000 -0.000000 1.000000
vn 0.000000 -0.000000 1.000000
vn 0.000000 -0.000000 1.000000
vn 0.000000 -0.000000 1.000000
vn 0.000000 -0.000000 1.000000
vn 0.000000 -0.000000 1.000000
vn 0.000000 -0.000000 1.000000
vn 0.000000 -0.000000 1.000000
vn 0.000000 -0.000000 1.000000
vn 0.000000 -0.000000 1.000000
vn 0.000000 -0.000000 1.000000
vn 0.000000 -0.000000 1.000000
vn 0.000000 -0.000000 1.000000
vn 0.000000 -0.000000 1.000000
vn 0.000000 -0.000000 1.000000
vn 0.000000 -0.000000 1.000000
vn 0.000000 -0.000000 1.000000
vn 0.000000 -0.000000 1.000000
vn 0.000000 -0.000000 1.000000
vn 0.000000 -0.000000 1.000000
vn 0.000000 -0.000000 1.000000
vn 0.000000 -0.000000 1.000000
vn 0.000000 -0.000000 1.000000
vn 0.000000 -0.000000 1.000000
vn 0.000000 -0.000000 1.000000
vn 0.000000 -0.000000 1.000000
vn 0.000000 -0.000000 1.000000
vn 0.000000 -0.000000 1.000000
vn 0.000000 -0.000000 1.000000
vn 0.000000 -0.000000 1.000000
vn 0.000000 -0.000000 1.000000
vn 0.000000 -0.000000 1.000000
vn 0.000000 -0.000000 1.000000
vn 0.000000 -0.000000 1.000000
vn 0.000000 -0.000000 1.000000
vn 0.000000 -0.000000 1.000000
vn 0.000000 -0.000000 1.000000
vn 0.000000 -0.000000 1.000000
vn 0.000000 -0.000000 1.000000
vn 0.000000 -0.000000 1.000000
vn 0.000000 -0.000000 1.000000
vn 0.000000 -0.000000 1.000000
vn 0.000000 -0.000000 1.000000
vn 0.000000 -0.000000 1.000000
vn 0.000000 -0.000000 1.000000
vn 0.000000 -0.000000 1.000000
vn 0.000000 -0.000000 1.000000
vn 0.000000 -0.000000 1.000000
vn 0.000000 -0.000000 1.000000
vn 0.000000 -0.000000 1.000000
vn 0.000000 -0.000000 1.000000
vn 0.000000 -0.000000 1.000000
vn 0.000000 -0.000000 1.000000
vn 0.000000 -0.000000 1.000000
vn 0.000000 -0.000000 1.000000
vn 0.000000 -0.000000 1.000000
vn 0.000000 -0.000000 1.000000
vn 0.000000 -0.000000 1.000000
vn 0.000000 -0.000000 1.000000
vn 0.000000 -0.000000 1.000000
vn 0.000000 -0.000000 1.000000
vn 0.000000 -0.000000 1.000000
vn 0.000000 -0.000000 1.000000
vn 0.000000 -0.000000 1.000000
vn 0.000000 -0.000000 1.000000
vn 0.000000 -0.000000 1.000000
vn 0.000000 -0.000000 1.000000
vn 0.000000 -0.000000 1.000000
vn 0.000000 -0.000000 1.000000
vn 0.000000 -0.000000 1.000000
vn 0.000000 -0.000000 1.000000
vn 0.000000 -0.000000 1.000000
vn 0.000000 -0.000000 1.000000
vn 0.000000 -0.000000 1.000000
vn 0.000000 -0.000000 1.000000
vn 0.000000 -0.000000 1.000000
vn 0.000000 -0.000000 1.000000
vn 0.000000 -0.000000 1.000000
vn 0.000000 -0.000000 1.000000
vn 0.000000 -0.000000 1.000000
vn 0.000000 -0.000000 1.000000
vn 0.000000 -0.000000 1.000000
vn 0.000000 -0.000000 1.000000
vn 0.000000 -0.000000 1.000000
vn 0.000000 -0.000000 1.000000
vn 0.000000 -0.000000 1.000000
vn 0.000000 -0.000000 1.000000
vn 0.000000 -0.000000 1.000000
vn 0.000000 -0.000000 1.000000
vn 0.000000 -0.000000 1.000000
vn 0.000000 -0.000000 1.000000
vn 0.000000 -0.000000 1.000000
vn 0.000000 -0.000000 1.000000
vn 0.000000 -0.000000 1.000000
vn 0.000000 -0.000000 1.000000
vn 0.000000 -0.000000 1.000000
vn 0.000000 -0.000000 1.000000
vn 0.000000 -0.000000 1.000000
vn 0.000000 -0.000000 1.000000
vn 0.000000 -0.000000 1.000000
vn 0.000000 -0.000000 1.000000
vn 0.000000 -0.000000 1.000000
vn 0.000000 -0.000000 1.000000
vn 0.000000 -0.000000 1.000000
vn 0.000000 -0.000000 1.000000
vn 0.000000 -0.000000 1.000000
vn 0.000000 -0.000000 1.000000
vn 0.000000 -0.000000 1.000000
vn 0.000000 -0.000000 1.000000
vn 0.000000 -0.000000 1.000000
vn 0.000000 -0.000000 1.000000
vn 0.000000 -0.000000 1.000000
vn 0.000000 -0.000000 1.000000
vn 0.000000 -0.000000 1.000000
vn 0.000000 -0.000000 1.000000
vn 0.000000 -0.000000 1.000000
vn 0.000000 -0.000000 1.000000
vn 0.000000 -0.000000 1.000000
vn 0.000000 -0.000000 1.000000
vn 0.000000 -0.000000 1.000000
vn 0.000000 -0.000000 1.000000
vn 0.000000 -0.000000 1.000000
vn 0.000000 -0.000000 1.000000
vn 0.000000 -0.000000 1.000000
vn 0.000000 -0.000000 1.000000
vn 0.000000 -0.000000 1.000000
vn 0.000000 -0.000000 1.000000
vn 0.000000 -0.000000 1.000000
vn 0.000000 -0.000000 1.000000
vn 0.000000 -0.000000 1.000000
vn 0.000000 -0.000000 1.000000
vn 0.000000 -0.000000 1.000000
vn 0.000000 -0.000000 1.000000
vn 0.000000 -0.000000 1.000000
vn 0.000000 -0.000000 1.000000
vn 0.000000 -0.000000 1.000000
vn 0.000000 -0.000000 1.000000
vn 0.000000 -0.000000 1.000000
vn 0.000000 -0.000000 1.000000
vn 0.000000 -0.000000 1.000000
vn 0.000000 -0.000000 1.000000
vn 0.000000 -0.000000 1.000000
vn 0.000000 -0.000000 1.000000
vn 0.000000 -0.000000 1.000000
vn 0.000000 -0.000000 1.000000
vn 0.000000 -0.000000 1.000000
vn 0.000000 -0.000000 1.000000
vn 0.000000 -0.000000 1.000000
vn 0.000000 -0.000000 1.000000
vn 0.000000 -0.000000 1.000000
vn 0.000000 -0.000000 1.000000
vn 0.000000 -0.000000 1.000000
vn 0.000000 -0.000000 1.000000
vn 0.000000 -0.000000 1.000000
vn 0.000000 -0.000000 1.000000
vn 0.000000 -0.000000 1.000000
vn 0.000000 -0.000000 1.000000
vn 0.000000 -0.000000 1.000000
vn 0.000000 -0.000000 1.000000
vn 0.000000 -0.000000 1.000000
vn 0.000000 -0.000000 1.000000
vn 0.000000 -0.000000 1.000000
vn 0.000000 -0.000000 1.000000
vn 0.000000 -0.000000 1.000000
vn 0.000000 -0.000000 1.000000
vn 0.000000 -0.000000 1.000000
vn 0.000000 -0.000000 1.000000
vn 0.000000 -0.000000 1.000000
vn 0.000000 -0.000000 1.000000
vn 0.000000 -0.000000 1.000000
vn 0.000000 -0.000000 1.000000
vn 0.000000 -0.000000 1.000000
vn 0.000000 -0.000000 1.000000
vn 0.000000 -0.000000 1.000000
vn 0.000000 -0.000000 1.000000
vn 0.000000 -0.000000 1.000000
vn 0.000000 -0.000000 1.000000
vn 0.000000 -0.000000 1.000000
vn 0.000000 -0.000000 1.000000
vn 0.000000 -0.000000 1.000000
vn 0.000000 -0.000000 1.000000
vn 0.000000 -0.000000 1.000000
vn 0.000000 -0.000000 1.000000
vn 0.000000 -0.000000 1.000000
vn 0.000000 -0.000000 1.000000
vn 0.000000 -0.000000 1.000000
vn 0.000000 -0.000000 1.000000
vn 0.000000 -0.000000 1.000000
vn 0.000000 -0.000000 1.000000
vn 0.000000 -0.000000 1.000000
vn 0.000000 -0.000000 1.000000
vn 0.000000 -0.000000 1.000000
vn 0.000000 -0.000000 1.000000
vn 0.000000 -0.000000 1.000000
vn 0.000000 -0.000000 1.000000
vn 0.000000 -0.000000 1.000000
vn 0.000000 -0.000000 1.000000
vn 0.000000 -0.000000 1.000000
vn 0.000000 -0.000000 1.000000
vn 0.000000 -0.000000 1.000000
vn 0.000000 -0.000000 1.000000
vn 0.000000 -0.000000 1.000000
vn 0.000000 -0.000000 1.000000
vn 0.000000 -0.000000 1.000000
vn 0.000000 -0.000000 1.000000
vn 0.000000 -0.000000 1.000000
vn 0.000000 -0.000000 1.000000
vn 0.000000 -0.000000 1.000000
vn 0.000000 -0.000000 1.000000
vn 0.000000 -0.000000 1.000000
vn 0.000000 -0.000000 1.000000
vn 0.000000 -0.000000 1.000000
vn 0.000000 -0.000000 1.000000
vn 0.000000 -0.000000 1.000000
vn 0.000000 -0.000000 1.000000
vn 0.000000 -0.000000 1.000000
vn 0.000000 -0.000000 1.000000
vn 0.000000 -0.000000 1.000000
vn 0.000000 -0.000000 1.000000
vn 0.000000 -0.000000 1.000000
vn 0.000000 -0.000000 1.000000
vn 0.000000 -0.000000 1.000000
vn 0.000000 -0.000000 1.000000
vn 0.000000 -0.000000 1.000000
vn 0.000000 -0.000000 1.000000
vn 0.000000 -0.000000 1.000000
vn 0.000000 -0.000000 1.000000
vn 0.000000 -0.000000 1.000000
vn 0.000000 -0.000000 1.000000
vn 0.000000 -0.000000 1.000000
vn 0.000000 -0.000000 1.000000
vn 0.000000 -0.000000 1.000000
vn 0.000000 -0.000000 1.000000
vn 0.000000 -0.000000 1.000000
vn 0.000000 -0.000000 1.000000
vn 0.000000 -0.000000 1.000000
vn 0.000000 -0.000000 1.000000
vn 0.000000 -0.000000 1.000000
vn 0.000000 -0.000000 1.000000
vn 0.000000 -0.000000 1.000000
vn 0.000000 -0.000000 1.000000
vn 0.000000 -0.000000 1.000000
vn 0.000000 -0.000000 1.000000
vn 0.000000 -0.000000 1.000000
vn 0.000000 -0.000000 1.000000
vn 0.000000 -0.000000 1.000000
vn 0.000000 -0.000000 1.000000
vn 0.000000 -0.000000 1.000000
vn 0.000000 -0.000000 1.000000
vn 0.000000 -0.000000 1.000000
vn 0.000000 -0.000000 1.000000
vn 0.000000 -0.000000 1.000000
vn 0.000000 -0.000000 1.000000
vn 0.000000 -0.000000 1.000000
vn 0.000000 -0.000000 1.000000
vn 0.000000 -0.000000 1.000000
vn 0.000000 -0.000000 1.000000
vn 0.000000 -0.000000 1.000000
vn 0.000000 -0.000000 1.000000
vn 0.000000 -0.000000 1.000000
vn 0.000000 -0.000000 1.000000
vn 0.000000 -0.000000 1.000000
vn 0.000000 -0.000000 1.000000
vn 0.000000 -0.000000 1.000000
vn 0.000000 -0.000000 1.000000
vn 0.000000 -0.000000 1.000000
vn 0.000000 -0.000000 1.000000
vn 0.000000 -0.000000 1.000000
vn 0.000000 -0.000000 1.000000
vn 0.000000 -0.000000 1.000000
vn 0.000000 -0.000000 1.000000
vn 0.000000 -0.000000 1.000000
vn 0.000000 -0.000000 1.000000
vn 0.000000 -0.000000 1.000000
vn 0.000000 -0.000000 1.000000
vn 0.000000 -0.000000 1.000000
vn 0.000000 -0.000000 1.000000
vn 0.000000 -0.000000 1.000000
vn 0.000000 -0.000000 1.000000
vn 0.000000 -0.000000 1.000000
vn 0.000000 0.000000 -1.000000
vn 0.000000 0.000000 -1.000000
vn 0.000000 0.000000 -1.000000
vn 0.000000 0.000000 -1.000000
vn 0.000000 0.000000 -1.000000
vn 0.000000 0.000000 -1.000000
vn 0.000000 0.000000 -1.000000
vn 0.000000 0.000000 -1.000000
vn 0.000000 0.000000 -1.000000
vn 0.000000 0.000000 -1.000000
vn 0.000000 0.000000 -1.000000
vn 0.000000 0.000000 -1.000000
vn 0.000000 0.000000 -1.000000
vn 0.000000 0.000000 -1.000000
vn 0.000000 0.000000 -1.000000
vn 0.000000 0.000000 -1.000000
vn 0.000000 0.000000 -1.000000
vn 0.000000 0.000000 -1.000000
vn 0.000000 0.000000 -1.000000
vn 0.000000 0.000000 -1.000000
vn 0.000000 0.000000 -1.000000
vn 0.000000 0.000000 -1.000000
vn 0.000000 0.000000 -1.000000
vn 0.000000 0.000000 -1.000000
vn 0.000000 0.000000 -1.000000
vn 0.000000 0.000000 -1.000000
vn 0.000000 0.000000 -1.000000
vn 0.000000 0.000000 -1.000000
vn 0.000000 0.000000 -1.000000
vn 0.000000 0.000000 -1.000000
vn 0.000000 0.000000 -1.000000
vn 0.000000 0.000000 -1.000000
vn 0.000000 0.000000 -1.000000
vn 0.000000 0.000000 -1.000000
vn 0.000000 0.000000 -1.000000
vn 0.000000 0.000000 -1.000000
vn 0.000000 0.000000 -1.000000
vn 0.000000 0.000000 -1.000000
vn 0.000000 0.000000 -1.000000
vn 0.000000 0.000000 -1.000000
vn 0.000000 0.000000 -1.000000
vn 0.000000 0.000000 -1.000000
vn 0.000000 0.000000 -1.000000
vn 0.000000 0.000000 -1.000000
vn 0.000000 0.000000 -1.000000
vn 0.000000 0.000000 -1.000000
vn 0.000000 0.000000 -1.000000
vn 0.000000 0.000000 -1.000000
vn 0.000000 0.000000 -1.000000
vn 0.000000 0.000000 -1.000000
vn 0.000000 0.000000 -1.000000
vn 0.000000 0.000000 -1.000000
vn 0.000000 0.000000 -1.000000
vn 0.000000 0.000000 -1.000000
vn 0.000000 0.000000 -1.000000
vn 0.000000 0.000000 -1.000000
vn 0.000000 0.000000 -1.000000
vn 0.000000 0.000000 -1.000000
vn 0.000000 0.000000 -1.000000
vn 0.000000 0.000000 -1.000000
vn 0.000000 0.000000 -1.000000
vn 0.000000 0.000000 -1.000000
vn 0.000000 0.000000 -1.000000
vn 0.000000 0.000000 -1.000000
vn 0.000000 0.000000 -1.000000
vn 0.000000 0.000000 -1.000000
vn 0.000000 0.000000 -1.000000
vn 0.000000 0.000000 -1.000000
vn 0.000000 0.000000 -1.000000
vn 0.000000 0.000000 -1.000000
vn 0.000000 0.000000 -1.000000
vn 0.000000 0.000000 -1.000000
vn 0.000000 0.000000 -1.000000
vn 0.000000 0.000000 -1.000000
vn 0.000000 0.000000 -1.000000
vn 0.000000 0.000000 -1.000000
vn 0.000000 0.000000 -1.000000
vn 0.000000 0.000000 -1.000000
vn 0.000000 0.000000 -1.000000
vn 0.000000 0.000000 -1.000000
vn 0.000000 0.000000 -1.000000
vn 0.000000 0.000000 -1.000000
vn 0.000000 0.000000 -1.000000
vn 0.000000 0.000000 -1.000000
vn 0.000000 0.000000 -1.000000
vn 0.000000 0.000000 -1.000000
vn 0.000000 0.000000 -1.000000
vn 0.000000 0.000000 -1.000000
vn 0.000000 0.000000 -1.000000
vn 0.000000 0.000000 -1.000000
vn 0.000000 0.000000 -1.000000
vn 0.000000 0.000000 -1.000000
vn 0.000000 0.000000 -1.000000
vn 0.000000 0.000000 -1.000000
vn 0.000000 0.000000 -1.000000
vn 0.000000 0.000000 -1.000000
vn 0.000000 0.000000 -1.000000
vn 0.000000 0.000000 -1.000000
vn 0.000000 0.000000 -1.000000
vn 0.000000 0.000000 -1.000000
vn 0.000000 0.000000 -1.000000
vn 0.000000 0.000000 -1.000000
vn 0.000000 0.000000 -1.000000
vn 0.000000 0.000000 -1.000000
vn 0.000000 0.000000 -1.000000
vn 0.000000 0.000000 -1.000000
vn 0.000000 0.000000 -1.000000
vn 0.000000 0.000000 -1.000000
vn 0.000000 0.000000 -1.000000
vn 0.000000 0.000000 -1.000000
vn 0.000000 0.000000 -1.000000
vn 0.000000 0.000000 -1.000000
vn 0.000000 0.000000 -1.000000
vn 0.000000 0.000000 -1.000000
vn 0.000000 0.000000 -1.000000
vn 0.000000 0.000000 -1.000000
vn 0.000000 0.000000 -1.000000
vn 0.000000 0.000000 -1.000000
vn 0.000000 0.000000 -1.000000
vn 0.000000 0.000000 -1.000000
vn 0.000000 0.000000 -1.000000
vn 0.000000 0.000000 -1.000000
vn 0.000000 0.000000 -1.000000
vn 0.000000 0.000000 -1.000000
vn 0.000000 0.000000 -1.000000
vn 0.000000 0.000000 -1.000000
vn 0.000000 0.000000 -1.000000
vn 0.000000 0.000000 -1.000000
vn 0.000000 0.000000 -1.000000
vn 0.000000 0.000000 -1.000000
vn 0.000000 0.000000 -1.000000
vn 0.000000 0.000000 -1.000000
vn 0.000000 0.000000 -1.000000
vn 0.000000 0.000000 -1.000000
vn 0.000000 0.000000 -1.000000
vn 0.000000 0.000000 -1.000000
vn 0.000000 0.000000 -1.000000
vn 0.000000 0.000000 -1.000000
vn 0.000000 0.000000 -1.000000
vn 0.000000 0.000000 -1.000000
vn 0.000000 0.000000 -1.000000
vn 0.000000 0.000000 -1.000000
vn 0.000000 0.000000 -1.000000
vn 0.000000 0.000000 -1.000000
vn 0.000000 0.000000 -1.000000
vn 0.000000 0.000000 -1.000000
vn 0.000000 0.000000 -1.000000
vn 0.000000 0.000000 -1.000000
vn 0.000000 0.000000 -1.000000
vn 0.000000 0.000000 -1.000000
vn 0.000000 0.000000 -1.000000
vn 0.000000 0.000000 -1.000000
vn 0.000000 0.000000 -1.000000
vn 0.000000 0.000000 -1.000000
vn 0.000000 0.000000 -1.000000
vn 0.000000 0.000000 -1.000000
vn 0.000000 0.000000 -1.000000
vn 0.000000 0.000000 -1.000000
vn 0.000000 0.000000 -1.000000
vn 0.000000 0.000000 -1.000000
vn 0.000000 0.000000 -1.000000
vn 0.000000 0.000000 -1.000000
vn 0.000000 0.000000 -1.000000
vn 0.000000 0.000000 -1.000000
vn 0.000000 0.000000 -1.000000
vn 0.000000 0.000000 -1.000000
vn 0.000000 0.000000 -1.000000
vn 0.000000 0.000000 -1.000000
vn 0.000000 0.000000 -1.000000
vn 0.000000 0.000000 -1.000000
vn 0.000000 0.000000 -1.000000
vn 0.000000 0.000000 -1.000000
vn 0.000000 0.000000 -1.000000
vn 0.000000 0.000000 -1.000000
vn 0.000000 0.000000 -1.000000
vn 0.000000 0.000000 -1.000000
vn 0.000000 0.000000 -1.000000
vn 0.000000 0.000000 -1.000000
vn 0.000000 0.000000 -1.000000
vn 0.000000 0.000000 -1.000000
vn 0.000000 0.000000 -1.000000
vn 0.000000 0.000000 -1.000000
vn 0.000000 0.000000 -1.000000
vn 0.000000 0.000000 -1.000000
vn 0.000000 0.000000 -1.000000
vn 0.000000 0.000000 -1.000000
vn 0.000000 0.000000 -1.000000
vn 0.000000 0.000000 -1.000000
vn 0.000000 0.000000 -1.000000
vn 0.000000 0.000000 -1.000000
vn 0.000000 0.000000 -1.000000
vn 0.000000 0.000000 -1.000000
vn 0.000000 0.000000 -1.000000
vn 0.000000 0.000000 -1.000000
vn 0.000000 0.000000 -1.000000
vn 0.000000 0.000000 -1.000000
vn 0.000000 0.000000 -1.000000
vn 0.000000 0.000000 -1.000000
vn 0.000000 0.000000 -1.000000
vn 0.000000 0.000000 -1.000000
vn 0.000000 0.000000 -1.000000
vn 0.000000 0.000000 -1.000000
vn 0.000000 0.000000 -1.000000
vn 0.000000 0.000000 -1.000000
vn 0.000000 0.000000 -1.000000
vn 0.000000 0.000000 -1.000000
vn 0.000000 0.000000 -1.000000
vn 0.000000 0.000000 -1.000000
vn 0.000000 0.000000 -1.000000
vn 0.000000 0.000000 -1.000000
vn 0.000000 0.000000 -1.000000
vn 0.000000 0.000000 -1.000000
vn 0.000000 0.000000 -1.000000
vn 0.000000 0.000000 -1.000000
vn 0.000000 0.000000 -1.000000
vn 0.000000 0.000000 -1.000000
vn 0.000000 0.000000 -1.000000
vn 0.000000 0.000000 -1.000000
vn 0.000000 0.000000 -1.000000
vn 0.000000 0.000000 -1.000000
vn 0.000000 0.000000 -1.000000
vn 0.000000 0.000000 -1.000000
vn 0.000000 0.000000 -1.000000
vn 0.000000 0.000000 -1.000000
vn 0.000000 0.000000 -1.000000
vn 0.000000 0.000000 -1.000000
vn 0.000000 0.000000 -1.000000
vn 0.000000 0.000000 -1.000000
vn 0.000000 0.000000 -1.000000
vn 0.000000 0.000000 -1.000000
vn 0.000000 0.000000 -1.000000
vn 0.000000 0.000000 -1.000000
vn 0.000000 0.000000 -1.000000
vn 0.000000 0.000000 -1.000000
vn 0.000000 0.000000 -1.000000
vn 0.000000 0.000000 -1.000000
vn 0.000000 0.000000 -1.000000
vn 0.000000 0.000000 -1.000000
vn 0.000000 0.000000 -1.000000
vn 0.000000 0.000000 -1.000000
vn 0.000000 0.000000 -1.000000
vn 0.000000 0.000000 -1.000000
vn 0.000000 0.000000 -1.000000
vn 0.000000 0.000000 -1.000000
vn 0.000000 0.000000 -1.000000
vn 0.000000 0.000000 -1.000000
vn 0.000000 0.000000 -1.000000
vn 0.000000 0.000000 -1.000000
vn 0.000000 0.000000 -1.000000
vn 0.000000 0.000000 -1.000000
vn 0.000000 0.000000 -1.000000
vn 0.000000 0.000000 -1.000000
vn 0.000000 0.000000 -1.000000
vn 0.000000 0.000000 -1.000000
vn 0.000000 0.000000 -1.000000
vn 0.000000 0.000000 -1.000000
vn 0.000000 0.000000 -1.000000
vn 0.000000 0.000000 -1.000000
vn 0.000000 0.000000 -1.000000
vn 0.000000 0.000000 -1.000000
vn 0.000000 0.000000 -1.000000
vn 0.000000 0.000000 -1.000000
vn 0.000000 0.000000 -1.000000
vn 0.000000 0.000000 -1.000000
vn 0.000000 0.000000 -1.000000
vn 0.000000 0.000000 -1.000000
vn 0.000000 0.000000 -1.000000
vn 0.000000 0.000000 -1.000000
vn 0.000000 0.000000 -1.000000
vn 0.000000 0.000000 -1.000000
vn 0.000000 0.000000 -1.000000
vn 0.000000 0.000000 -1.000000
vn 0.000000 0.000000 -1.000000
vn 0.000000 0.000000 -1.000000
vn 0.000000 0.000000 -1.000000
vn 0.000000 0.000000 -1.000000
vn 0.000000 0.000000 -1.000000
vn 0.000000 0.000000 -1.000000
vn 0.000000 0.000000 -1.000000
vn 0.000000 0.000000 -1.000000
vn 0.000000 0.000000 -1.000000
vn 0.000000 0.000000 -1.000000
vn 0.000000 0.000000 -1.000000
vn 0.000000 0.000000 -1.000000
vn 0.000000 0.000000 -1.000000
vn 0.000000 0.000000 -1.000000
vn 0.000000 0.000000 -1.000000
vn 0.000000 0.000000 -1.000000
vn 0.000000 0.000000 -1.000000
vn 0.000000 0.000000 -1.000000
vn 0.000000 0.000000 -1.000000
vn 0.000000 0.000000 -1.000000
vn 0.000000 0.000000 -1.000000
vn 0.000000 0.000000 -1.000000
vn 0.000000 0.000000 -1.000000
vn 0.000000 0.000000 -1.000000
vn 0.000000 0.000000 -1.000000
vn 0.000000 0.000000 -1.000000
vn 0.000000 0.000000 -1.000000
vn 0.000000 0.000000 -1.000000
vn 0.000000 0.000000 -1.000000
vn 0.000000 0.000000 -1.000000
vn 0.000000 0.000000 -1.000000
vn 0.000000 0.000000 -1.000000
vn 0.000000 0.000000 -1.000000
vn 0.000000 0.000000 -1.000000
vn 0.000000 0.000000 -1.000000
vn 0.000000 0.000000 -1.000000
vn 0.000000 0.000000 -1.000000
vn 0.000000 0.000000 -1.000000
vn 0.000000 0.000000 -1.000000
vn 0.000000 0.000000 -1.000000
vn 0.000000 0.000000 -1.000000
vn 0.000000 0.000000 -1.000000
vn 0.000000 0.000000 -1.000000
vn 0.000000 0.000000 -1.000000
vn 0.000000 0.000000 -1.000000
vn 0.000000 0.000000 -1.000000
vn 0.000000 0.000000 -1.000000
vn 0.000000 0.000000 -1.000000
vn 0.000000 0.000000 -1.000000
vn 0.000000 0.000000 -1.000000
vn 0.000000 0.000000 -1.000000
vn 0.000000 0.000000 -1.000000
vn 0.000000 0.000000 -1.000000
vn 0.000000 0.000000 -1.000000
vn 0.000000 0.000000 -1.000000
vn 0.000000 0.000000 -1.000000
vn 0.000000 0.000000 -1.000000
vn 0.000000 0.000000 -1.000000
vn 0.000000 0.000000 -1.000000
vn 0.000000 0.000000 -1.000000
vn 0.000000 0.000000 -1.000000
vn 0.000000 0.000000 -1.000000
vn 0.000000 0.000000 -1.000000
vn 0.000000 0.000000 -1.000000
vn 0.000000 0.000000 -1.000000
vn 0.000000 0.000000 -1.000000
vn 0.000000 0.000000 -1.000000
vn 0.000000 0.000000 -1.000000
vn 0.000000 0.000000 -1.000000
vn 0.000000 0.000000 -1.000000
vn 0.000000 0.000000 -1.000000
vn 0.000000 0.000000 -1.000000
vn 0.000000 0.000000 -1.000000
vn 0.000000 0.000000 -1.000000
vn 0.000000 0.000000 -1.000000
vn 0.000000 0.000000 -1.000000
vn 0.000000 0.000000 -1.000000
vn 0.000000 0.000000 -1.000000
vn 0.000000 0.000000 -1.000000
vn 0.000000 0.000000 -1.000000
vn 0.000000 0.000000 -1.000000
vn 0.000000 0.000000 -1.000000
vn 0.000000 0.000000 -1.000000
vn 0.000000 0.000000 -1.000000
vn 0.000000 0.000000 -1.000000
vn 0.000000 0.000000 -1.000000
vn 0.000000 0.000000 -1.000000
vn 0.000000 0.000000 -1.000000
vn 0.000000 0.000000 -1.000000
vn 0.000000 0.000000 -1.000000
vn 0.000000 0.000000 -1.000000
vn 0.000000 0.000000 -1.000000
vn 0.000000 0.000000 -1.000000
vn 0.000000 0.000000 -1.000000
vn 0.000000 0.000000 -1.000000
vn 0.000000 0.000000 -1.000000
vn 0.000000 0.000000 -1.000000
vn 0.000000 0.000000 -1.000000
vn 0.000000 0.000000 -1.000000
vn 0.000000 0.000000 -1.000000
vn 0.000000 0.000000 -1.000000
vn 0.000000 0.000000 -1.000000
vn 0.000000 0.000000 -1.000000
vn 0.000000 0.000000 -1.000000
vn 0.000000 0.000000 -1.000000
vn 0.000000 0.000000 -1.000000
vn 0.000000 0.000000 -1.000000
vn 0.000000 0.000000 -1.000000
vn 0.000000 0.000000 -1.000000
vn 0.000000 0.000000 -1.000000
vn 0.000000 0.000000 -1.000000
vn 0.000000 0.000000 -1.000000
vn 0.000000 0.000000 -1.000000
vn 0.000000 0.000000 -1.000000
vn 0.000000 0.000000 -1.000000
vn 0.000000 0.000000 -1.000000
vn 0.000000 0.000000 -1.000000
vn 0.000000 0.000000 -1.000000
vn 0.000000 0.000000 -1.000000
vn 0.000000 0.000000 -1.000000
vn 0.000000 0.000000 -1.000000
vn 0.000000 0.000000 -1.000000
vn 0.000000 0.000000 -1.000000
vn 0.000000 0.000000 -1.000000
vn 0.000000 0.000000 -1.000000
vn 0.000000 0.000000 -1.000000
vn 0.000000 0.000000 -1.000000
vn 0.000000 0.000000 -1.000000
vn 0.000000 0.000000 -1.000000
vn 0.000000 0.000000 -1.000000
vn 0.000000 0.000000 -1.000000
vn 0.000000 0.000000 -1.000000
vn 0.000000 0.000000 -1.000000
vn 0.000000 0.000000 -1.000000
vn 0.000000 0.000000 -1.000000
vn 0.000000 0.000000 -1.000000
vn 0.000000 0.000000 -1.000000
vn 0.000000 0.000000 -1.000000
vn 0.000000 0.000000 -1.000000
vn 0.000000 0.000000 -1.000000
vn 0.000000 0.000000 -1.000000
vn 0.000000 0.000000 -1.000000
vn 0.000000 0.000000 -1.000000
vn 0.000000 0.000000 -1.000000
vn 0.000000 0.000000 -1.000000
vn 0.000000 0.000000 -1.000000
vn 0.000000 0.000000 -1.000000
vn 0.000000 0.000000 -1.000000
vn 0.000000 0.000000 -1.000000
vn 0.000000 0.000000 -1.000000
vn 0.000000 0.000000 -1.000000
vn 0.000000 0.000000 -1.000000
vn 0.000000 0.000000 -1.000000
vn 0.000000 0.000000 -1.000000
vn 0.000000 0.000000 -1.000000
vn 0.000000 0.000000 -1.000000
vn 0.000000 0.000000 -1.000000
vn 0.000000 0.000000 -1.000000
vn 0.000000 0.000000 -1.000000
vn 0.000000 0.000000 -1.000000
vn 0.000000 0.000000 -1.000000
vn 0.000000 0.000000 -1.000000
vn 0.000000 0.000000 -1.000000
vn 0.000000 0.000000 -1.000000
vn 0.000000 0.000000 -1.000000
vn 0.000000 0.000000 -1.000000
vn 0.000000 0.000000 -1.000000
vn 0.000000 0.000000 -1.000000
vn 0.000000 0.000000 -1.000000
vn 0.000000 0.000000 -1.000000
vn 0.000000 0.000000 -1.000000
vn 0.000000 0.000000 -1.000000
vn 0.000000 0.000000 -1.000000
vn 0.000000 0.000000 -1.000000
vn 0.000000 0.000000 -1.000000
vn 0.000000 0.000000 -1.000000
vn 0.000000 0.000000 -1.000000
vn 0.000000 0.000000 -1.000000
vn 0.000000 0.000000 -1.000000
vn 0.000000 0.000000 -1.000000
vn 0.000000 0.000000 -1.000000
vn 0.000000 0.000000 -1.000000
vn 0.000000 0.000000 -1.000000
vn 0.000000 0.000000 -1.000000
vn 0.000000 0.000000 -1.000000
vn 0.000000 0.000000 -1.000000
vn 0.000000 0.000000 -1.000000
vn 0.000000 0.000000 -1.000000
vn 0.000000 0.000000 -1.000000
vn 0.000000 0.000000 -1.000000
vn 0.000000 0.000000 -1.000000
vn 0.000000 0.000000 -1.000000
vn 0.000000 0.000000 -1.000000
vn 0.000000 0.000000 -1.000000
vn 0.000000 0.000000 -1.000000
vn 0.000000 0.000000 -1.000000
vn 0.000000 0.000000 -1.000000
vn 0.000000 0.000000 -1.000000
vn 0.000000 0.000000 -1.000000
vn 0.000000 0.000000 -1.000000
vn 0.000000 0.000000 -1.000000
vn 0.000000 0.000000 -1.000000
vn 0.000000 0.000000 -1.000000
vn 0.000000 0.000000 -1.000000
vn 0.000000 0.000000 -1.000000
vn 0.000000 0.000000 -1.000000
vn 0.000000 0.000000 -1.000000
vn 0.554602 -0.832116 -0.000000
vn 0.894382 -0.447305 -0.000000
vn 0.894382 0.447305 0.000000
vn 0.554602 0.832116 0.000000
vn 0.535731 0.844389 0.000000
vn 0.757083 0.653318 0.000000
vn 0.922063 0.387041 0.000000
vn 0.993151 0.116842 0.000000
vn 0.996074 -0.088522 -0.000000
vn 0.956355 -0.292206 -0.000000
vn 0.858921 -0.512107 -0.000000
vn 0.704696 -0.709510 -0.000000
vn 0.535486 -0.844544 -0.000000
vn 0.368948 -0.929450 -0.000000
vn 0.207369 -0.978263 -0.000000
vn 0.063543 -0.997979 -0.000000
vn 0.000000 -1.000000 -0.000000
vn -0.090479 -0.995898 -0.000000
vn -0.283458 -0.958985 -0.000000
vn -0.474367 -0.880327 -0.000000
vn -0.638996 -0.769210 -0.000000
vn -0.769279 -0.638913 -0.000000
vn -0.880354 -0.474317 -0.000000
vn -0.958962 -0.283536 -0.000000
vn -0.995895 -0.090518 -0.000000
vn -1.000000 0.000000 -0.000000
vn -0.995891 0.090557 0.000000
vn -0.958962 0.283536 0.000000
vn -0.880503 0.474041 0.000000
vn -0.769299 0.638889 0.000000
vn -0.638638 0.769507 0.000000
vn -0.474367 0.880327 0.000000
vn -0.283458 0.958985 0.000000
vn -0.090475 0.995899 0.000000
vn 0.000000 1.000000 0.000000
vn 0.057067 0.998370 0.000000
vn 0.191678 0.981458 0.000000
vn 0.353432 0.935460 0.000000
vn 0.533197 0.845991 0.000000
vn 0.716334 0.697757 0.000000
vn 0.869781 0.493438 0.000000
vn 0.961113 0.276154 0.000000
vn 0.996584 0.082582 0.000000
vn 0.993045 -0.117736 -0.000000
vn 0.920027 -0.391855 -0.000000
vn 0.748994 -0.662577 -0.000000
vn 0.519952 -0.854196 -0.000000
vn 0.141131 -0.989991 -0.000000
vn 0.514326 -0.857595 -0.000000
vn 0.857474 -0.514527 -0.000000
vn 0.989949 -0.141427 -0.000000
vn 1.000000 0.000000 -0.000000
vn 0.989949 0.141427 0.000000
vn 0.857474 0.514527 0.000000
vn 0.514943 0.857225 0.000000
vn 0.141131 0.989991 0.000000
vn 0.000000 1.000000 0.000000
vn -0.063350 0.997991 0.000000
vn -0.209830 0.977738 0.000000
vn -0.378818 0.925471 0.000000
vn -0.556500 0.830847 0.000000
vn -0.723106 0.690737 0.000000
vn -0.864668 0.502344 0.000000
vn -0.956905 0.290402 0.000000
vn -0.996012 0.089215 0.000000
vn -0.996192 -0.087188 -0.000000
vn -0.958970 -0.283508 -0.000000
vn -0.871096 -0.491114 -0.000000
vn -0.735115 -0.677943 -0.000000
vn -0.571283 -0.820753 -0.000000
vn -0.391469 -0.920191 -0.000000
vn -0.217633 -0.976031 -0.000000
vn -0.065832 -0.997831 -0.000000
vn 0.000000 -1.000000 -0.000000
vn -0.070812 0.997490 0.000000
vn -0.232410 0.972618 0.000000
vn -0.413255 0.910615 0.000000
vn -0.593899 0.804540 0.000000
vn -0.752579 0.658502 0.000000
vn -0.881030 0.473060 0.000000
vn -0.962357 0.271789 0.000000
vn -0.996508 0.083500 0.000000
vn -0.996518 -0.083379 -0.000000
vn -0.961967 -0.273166 -0.000000
vn -0.878137 -0.478410 -0.000000
vn -0.743807 -0.668394 -0.000000
vn -0.580556 -0.814220 -0.000000
vn -0.401084 -0.916041 -0.000000
vn -0.224561 -0.974460 -0.000000
vn -0.068289 -0.997666 -0.000000
vn 0.000000 -1.000000 -0.000000
vn 0.141809 -0.989894 -0.000000
vn 0.514326 -0.857595 -0.000000
vn 0.857474 -0.514527 -0.000000
vn 0.989949 -0.141427 -0.000000
vn 1.000000 0.000000 -0.000000
vn 0.989949 0.141427 0.000000
vn 0.857474 0.514527 0.000000
vn 0.514943 0.857225 0.000000
vn 0.141131 0.989991 0.000000
vn 0.000000 1.000000 0.000000
vn -0.052245 -0.998634 -0.000000
vn -0.164401 -0.986394 -0.000000
vn -0.283933 -0.958844 -0.000000
vn -0.405701 -0.914006 -0.000000
vn -0.524496 -0.851413 -0.000000
vn -0.640265 -0.768154 -0.000000
vn -0.746140 -0.665789 -0.000000
vn -0.834929 -0.550357 -0.000000
vn -0.903555 -0.428471 -0.000000
vn -0.953628 -0.300988 -0.000000
vn -0.984643 -0.174581 -0.000000
vn -0.998461 -0.055467 -0.000000
vn -1.000000 0.000000 -0.000000
vn -0.998368 0.057101 0.000000
vn -0.983780 0.179377 0.000000
vn -0.951255 0.308405 0.000000
vn -0.899252 0.437431 0.000000
vn -0.830068 0.557662 0.000000
vn -0.742883 0.669421 0.000000
vn -0.639516 0.768778 0.000000
vn -0.526385 0.850246 0.000000
vn -0.408181 0.912901 0.000000
vn -0.285205 0.958467 0.000000
vn -0.164839 0.986320 0.000000
vn -0.052289 0.998632 0.000000
vn 0.051670 0.998664 0.000000
vn 0.163387 0.986562 0.000000
vn 0.283679 0.958919 0.000000
vn 0.407469 0.913219 0.000000
vn 0.526387 0.850245 0.000000
vn 0.639515 0.768778 0.000000
vn 0.742882 0.669422 0.000000
vn 0.830068 0.557662 0.000000
vn 0.899251 0.437432 0.000000
vn 0.951255 0.308407 0.000000
vn 0.983780 0.179377 0.000000
vn 0.998368 0.057101 0.000000
vn 1.000000 0.000000 -0.000000
vn 0.998411 -0.056347 -0.000000
vn 0.984163 -0.177265 -0.000000
vn 0.952248 -0.305324 -0.000000
vn 0.900913 -0.433999 -0.000000
vn 0.832204 -0.554470 -0.000000
vn 0.745142 -0.666905 -0.000000
vn 0.641249 -0.767333 -0.000000
vn 0.527114 -0.849795 -0.000000
vn 0.407469 -0.913219 -0.000000
vn 0.283679 -0.958919 -0.000000
vn 0.163387 -0.986562 -0.000000
vn 0.051670 -0.998664 -0.000000
vn -0.081176 0.996700 0.000000
vn -0.263090 0.964771 0.000000
vn -0.457528 0.889195 0.000000
vn -0.638553 0.769578 0.000000
vn -0.784960 0.619547 0.000000
vn -0.897646 0.440717 0.000000
vn -0.967618 0.252418 0.000000
vn -0.996970 0.077792 0.000000
vn -1.000000 0.000000 -0.000000
vn -0.997055 -0.076697 -0.000000
vn -0.968311 -0.249747 -0.000000
vn -0.899000 -0.437949 -0.000000
vn -0.785832 -0.618440 -0.000000
vn -0.638554 -0.769577 -0.000000
vn -0.457528 -0.889195 -0.000000
vn -0.263090 -0.964771 -0.000000
vn -0.081176 -0.996700 -0.000000
vn 0.082372 -0.996602 -0.000000
vn 0.265974 -0.963980 -0.000000
vn 0.460407 -0.887708 -0.000000
vn 0.639705 -0.768621 -0.000000
vn 0.785832 -0.618440 -0.000000
vn 0.899000 -0.437949 -0.000000
vn 0.968311 -0.249747 -0.000000
vn 0.997054 -0.076699 -0.000000
vn 1.000000 0.000000 -0.000000
vn 0.996970 0.077792 0.000000
vn 0.967618 0.252418 0.000000
vn 0.897646 0.440717 0.000000
vn 0.784959 0.619548 0.000000
vn 0.639705 0.768621 0.000000
vn 0.460407 0.887708 0.000000
vn 0.265974 0.963980 0.000000
vn 0.082372 0.996602 0.000000
vn -0.786378 0.617746 0.000000
vn -0.609619 0.792694 0.000000
vn -0.371314 0.928507 0.000000
vn -0.116813 0.993154 0.000000
vn 0.000000 1.000000 0.000000
vn 0.090476 0.995899 0.000000
vn 0.283453 0.958986 0.000000
vn 0.474367 0.880327 0.000000
vn 0.638643 0.769503 0.000000
vn 0.769259 0.638937 0.000000
vn 0.880507 0.474033 0.000000
vn 0.958964 0.283526 0.000000
vn 0.995892 0.090547 0.000000
vn 1.000000 0.000000 -0.000000
vn 0.995892 -0.090547 -0.000000
vn 0.958964 -0.283526 -0.000000
vn 0.880358 -0.474309 -0.000000
vn 0.769259 -0.638937 -0.000000
vn 0.639020 -0.769190 -0.000000
vn 0.474367 -0.880327 -0.000000
vn 0.283453 -0.958986 -0.000000
vn 0.090476 -0.995899 -0.000000
vn 0.000000 -1.000000 -0.000000
vn -0.090476 -0.995899 -0.000000
vn -0.283453 -0.958986 -0.000000
vn -0.474364 -0.880329 -0.000000
vn -0.639023 -0.769188 -0.000000
vn -0.769259 -0.638937 -0.000000
vn -0.880358 -0.474309 -0.000000
vn -0.958966 -0.283522 -0.000000
vn -0.995892 -0.090547 -0.000000
vn -1.000000 0.000000 -0.000000
vn -0.993600 -0.112958 -0.000000
vn -0.923089 -0.384588 -0.000000
vn -0.746290 -0.665621 -0.000000
vn -0.496278 -0.868164 -0.000000
vn -0.210665 -0.977558 -0.000000
vn 0.249107 -0.968476 -0.000000
vn 0.692816 -0.721114 -0.000000
vn 0.903339 -0.428927 -0.000000
vn 0.838044 -0.545603 -0.000000
vn 0.786246 -0.617914 -0.000000
vn 0.609854 -0.792514 -0.000000
vn 0.371314 -0.928507 -0.000000
vn 0.116813 -0.993154 -0.000000
vn 0.000000 -1.000000 -0.000000
vn -0.116814 -0.993154 -0.000000
vn -0.371314 -0.928508 -0.000000
vn -0.609853 -0.792515 -0.000000
vn -0.786246 -0.617913 -0.000000
vn -0.834730 -0.550660 -0.000000
vn -0.903339 -0.428927 -0.000000
vn -0.692816 -0.721114 -0.000000
vn -0.249107 -0.968476 -0.000000
vn 0.210665 -0.977558 -0.000000
vn 0.496278 -0.868164 -0.000000
vn 0.746290 -0.665621 -0.000000
vn 0.923089 -0.384588 -0.000000
vn 0.993599 -0.112966 -0.000000
vn 1.000000 0.000000 -0.000000
vn 0.995893 -0.090542 -0.000000
vn 0.958964 -0.283526 -0.000000
vn 0.880358 -0.474309 -0.000000
vn 0.769267 -0.638928 -0.000000
vn 0.639023 -0.769188 -0.000000
vn 0.474364 -0.880329 -0.000000
vn 0.283451 -0.958987 -0.000000
vn 0.090475 -0.995899 -0.000000
vn 0.000000 -1.000000 -0.000000
vn -0.090475 -0.995899 -0.000000
vn -0.283453 -0.958986 -0.000000
vn -0.474362 -0.880330 -0.000000
vn -0.639020 -0.769190 -0.000000
vn -0.769264 -0.638931 -0.000000
vn -0.880358 -0.474309 -0.000000
vn -0.958964 -0.283526 -0.000000
vn -0.995893 -0.090538 -0.000000
vn -1.000000 0.000000 -0.000000
vn -0.995892 0.090547 0.000000
vn -0.958964 0.283526 0.000000
vn -0.880507 0.474033 0.000000
vn -0.769269 0.638925 0.000000
vn -0.638643 0.769503 0.000000
vn -0.474362 0.880330 0.000000
vn -0.283453 0.958986 0.000000
vn -0.090475 0.995899 0.000000
vn 0.000000 1.000000 0.000000
vn 0.116813 0.993154 0.000000
vn 0.371314 0.928507 0.000000
vn 0.609619 0.792694 0.000000
vn 0.786378 0.617746 0.000000
vn 0.834641 0.550795 0.000000
vn 0.658253 0.752797 0.000000
vn 0.530139 0.847911 0.000000
vn 0.350734 0.936475 0.000000
vn 0.124379 0.992235 0.000000
vn -0.132531 0.991179 0.000000
vn -0.418626 0.908159 0.000000
vn -0.672812 0.739813 0.000000
vn -0.841013 0.541014 0.000000
vn -0.834641 0.550795 0.000000
vn 0.554602 -0.832116 -0.000000
vn 0.894382 -0.447305 -0.000000
vn 0.894382 0.447305 0.000000
vn 0.554602 0.832116 0.000000
vn 0.535731 0.844389 0.000000
vn 0.757083 0.653318 0.000000
vn 0.922063 0.387039 0.000000
vn 0.993150 0.116843 0.000000
vn 0.996074 -0.088522 -0.000000
vn 0.956355 -0.292206 -0.000000
vn 0.858921 -0.512107 -0.000000
vn 0.704696 -0.709510 -0.000000
vn 0.535486 -0.844544 -0.000000
vn 0.368948 -0.929450 -0.000000
vn 0.207370 -0.978263 -0.000000
vn 0.063543 -0.997979 -0.000000
vn 0.000000 -1.000000 -0.000000
vn -0.090475 -0.995899 -0.000000
vn -0.283453 -0.958986 -0.000000
vn -0.474367 -0.880327 -0.000000
vn -0.639025 -0.769186 -0.000000
vn -0.769259 -0.638937 -0.000000
vn -0.880354 -0.474317 -0.000000
vn -0.958967 -0.283517 -0.000000
vn -0.995893 -0.090538 -0.000000
vn -1.000000 0.000000 -0.000000
vn -0.995893 0.090538 0.000000
vn -0.958967 0.283517 0.000000
vn -0.880503 0.474041 0.000000
vn -0.769259 0.638937 0.000000
vn -0.638648 0.769499 0.000000
vn -0.474367 0.880327 0.000000
vn -0.283453 0.958986 0.000000
vn -0.090475 0.995899 0.000000
vn 0.000000 1.000000 0.000000
vn 0.057067 0.998370 0.000000
vn 0.191678 0.981458 0.000000
vn 0.353432 0.935460 0.000000
vn 0.533197 0.845991 0.000000
vn 0.716334 0.697757 0.000000
vn 0.869781 0.493438 0.000000
vn 0.961113 0.276154 0.000000
vn 0.996584 0.082582 0.000000
vn 0.993045 -0.117736 -0.000000
vn 0.920027 -0.391855 -0.000000
vn 0.748994 -0.662577 -0.000000
vn 0.519952 -0.854196 -0.000000
vn 0.141134 -0.989991 -0.000000
vn 0.514326 -0.857595 -0.000000
vn 0.857463 -0.514546 -0.000000
vn 0.989952 -0.141406 -0.000000
vn 1.000000 0.000000 -0.000000
vn 0.989949 0.141427 0.000000
vn 0.857463 0.514546 0.000000
vn 0.514943 0.857225 0.000000
vn 0.141137 0.989990 0.000000
vn 0.000000 1.000000 0.000000
vn -0.063350 0.997991 0.000000
vn -0.209830 0.977738 0.000000
vn -0.378818 0.925471 0.000000
vn -0.556500 0.830847 0.000000
vn -0.723108 0.690735 0.000000
vn -0.864667 0.502346 0.000000
vn -0.956905 0.290402 0.000000
vn -0.996012 0.089215 0.000000
vn -0.996192 -0.087188 -0.000000
vn -0.958970 -0.283508 -0.000000
vn -0.871096 -0.491114 -0.000000
vn -0.735115 -0.677943 -0.000000
vn -0.571283 -0.820753 -0.000000
vn -0.391469 -0.920191 -0.000000
vn -0.217633 -0.976031 -0.000000
vn -0.065832 -0.997831 -0.000000
vn 0.000000 -1.000000 -0.000000
vn -0.070812 0.997490 0.000000
vn -0.232410 0.972618 0.000000
vn -0.413254 0.910616 0.000000
vn -0.593901 0.804538 0.000000
vn -0.752580 0.658501 0.000000
vn -0.881030 0.473060 0.000000
vn -0.962357 0.271789 0.000000
vn -0.996508 0.083504 0.000000
vn -0.996518 -0.083379 -0.000000
vn -0.961967 -0.273166 -0.000000
vn -0.878135 -0.478413 -0.000000
vn -0.743808 -0.668393 -0.000000
vn -0.580558 -0.814219 -0.000000
vn -0.401085 -0.916041 -0.000000
vn -0.224561 -0.974460 -0.000000
vn -0.068289 -0.997666 -0.000000
vn 0.000000 -1.000000 -0.000000
vn 0.141812 -0.989894 -0.000000
vn 0.514326 -0.857595 -0.000000
vn 0.857463 -0.514546 -0.000000
vn 0.989952 -0.141406 -0.000000
vn 1.000000 0.000000 -0.000000
vn 0.989949 0.141427 0.000000
vn 0.857463 0.514546 0.000000
vn 0.514943 0.857225 0.000000
vn 0.141137 0.989990 0.000000
vn 0.000000 1.000000 0.000000
vn 0.995895 -0.090518 -0.000000
vn 0.958920 -0.283678 -0.000000
vn 0.880503 -0.474041 -0.000000
vn 0.769240 -0.638960 -0.000000
vn 0.639015 -0.769194 -0.000000
vn 0.473853 -0.880604 -0.000000
vn 0.283447 -0.958988 -0.000000
vn 0.091103 -0.995842 -0.000000
vn 0.000000 -1.000000 -0.000000
vn 0.141131 -0.989991 -0.000000
vn 0.514326 -0.857595 -0.000000
vn 0.857474 -0.514527 -0.000000
vn 0.989949 -0.141427 -0.000000
vn 1.000000 0.000000 -0.000000
vn 0.989949 0.141427 0.000000
vn 0.857474 0.514527 0.000000
vn 0.514326 0.857595 0.000000
vn 0.141809 0.989894 0.000000
vn 0.000000 1.000000 0.000000
vn 0.090479 0.995898 0.000000
vn 0.283458 0.958985 0.000000
vn 0.473853 0.880604 0.000000
vn 0.638996 0.769210 0.000000
vn 0.769259 0.638937 0.000000
vn 0.880520 0.474008 0.000000
vn 0.958920 0.283678 0.000000
vn 0.995891 0.090557 0.000000
vn 1.000000 0.000000 -0.000000
vn 0.995895 -0.090518 -0.000000
vn 0.958973 -0.283498 -0.000000
vn 0.880520 -0.474008 -0.000000
vn 0.769240 -0.638960 -0.000000
vn 0.638638 -0.769507 -0.000000
vn 0.474367 -0.880327 -0.000000
vn 0.283458 -0.958985 -0.000000
vn 0.090475 -0.995899 -0.000000
vn 0.000000 -1.000000 -0.000000
vn 0.141809 -0.989894 -0.000000
vn 0.514326 -0.857595 -0.000000
vn 0.857474 -0.514527 -0.000000
vn 0.989949 -0.141427 -0.000000
vn 1.000000 0.000000 -0.000000
vn 0.989949 0.141427 0.000000
vn 0.857696 0.514157 0.000000
vn 0.514326 0.857595 0.000000
vn 0.141131 0.989991 0.000000
vn 0.000000 1.000000 0.000000
vn 0.090475 0.995899 0.000000
vn 0.284055 0.958808 0.000000
vn 0.473853 0.880604 0.000000
vn 0.639015 0.769194 0.000000
vn 0.769259 0.638937 0.000000
vn 0.880503 0.474041 0.000000
vn 0.958920 0.283678 0.000000
vn 0.995891 0.090557 0.000000
vn 1.000000 0.000000 -0.000000
vn 0.995895 -0.090518 -0.000000
vn 0.958973 -0.283498 -0.000000
vn 0.880354 -0.474317 -0.000000
vn 0.769240 -0.638960 -0.000000
vn 0.639015 -0.769194 -0.000000
vn 0.474367 -0.880327 -0.000000
vn 0.283447 -0.958988 -0.000000
vn 0.090475 -0.995899 -0.000000
vn 0.000000 -1.000000 -0.000000
vn -0.090475 -0.995899 -0.000000
vn -0.283447 -0.958988 -0.000000
vn -0.474367 -0.880327 -0.000000
vn -0.639015 -0.769194 -0.000000
vn -0.769279 -0.638913 -0.000000
vn -0.880354 -0.474317 -0.000000
vn -0.958962 -0.283536 -0.000000
vn -0.995895 -0.090518 -0.000000
vn -1.000000 0.000000 -0.000000
vn -0.995891 0.090557 0.000000
vn -0.958962 0.283536 0.000000
vn -0.880503 0.474041 0.000000
vn -0.769299 0.638889 0.000000
vn -0.638638 0.769507 0.000000
vn -0.474367 0.880327 0.000000
vn -0.283447 0.958988 0.000000
vn -0.090475 0.995899 0.000000
vn 0.000000 1.000000 0.000000
vn 0.090475 0.995899 0.000000
vn 0.283447 0.958988 0.000000
vn 0.474367 0.880327 0.000000
vn 0.638638 0.769507 0.000000
vn 0.769259 0.638937 0.000000
vn 0.880503 0.474041 0.000000
vn 0.958973 0.283498 0.000000
vn 0.995891 0.090557 0.000000
vn 1.000000 0.000000 -0.000000
vn 0.000000 -0.000000 -1.000000
vn 0.000000 0.000000 1.000000
vn -0.995185 -0.098017 -0.000000
vn -0.956940 -0.290284 -0.000000
vn -0.881921 -0.471397 -0.000000
vn -0.773011 -0.634393 -0.000000
vn -0.634393 -0.773011 -0.000000
vn -0.471397 -0.881921 -0.000000
vn -0.290283 -0.956941 -0.000000
vn -0.098017 -0.995185 -0.000000
vn 0.098017 -0.995185 -0.000000
vn 0.290283 -0.956941 -0.000000
vn 0.471397 -0.881921 -0.000000
vn 0.634393 -0.773011 -0.000000
vn 0.773011 -0.634393 -0.000000
vn 0.881921 -0.471397 -0.000000
vn 0.956940 -0.290284 -0.000000
vn 0.995185 -0.098017 -0.000000
vn 0.995185 0.098017 0.000000
vn 0.956940 0.290284 0.000000
vn 0.881921 0.471397 0.000000
vn 0.773011 0.634393 0.000000
vn 0.634393 0.773011 0.000000
vn 0.471397 0.881921 0.000000
vn 0.290286 0.956940 0.000000
vn 0.098017 0.995185 0.000000
vn -0.098017 0.995185 0.000000
vn -0.290286 0.956940 0.000000
vn -0.471397 0.881921 0.000000
vn -0.634393 0.773011 0.000000
vn -0.773011 0.634393 0.000000
vn -0.881921 0.471397 0.000000
vn -0.956940 0.290284 0.000000
vn -0.995185 0.098017 0.000000
vn 0.000000 0.000000 -1.000000
vn 0.000000 -0.000000 1.000000
vn -0.880471 0.474100 0.000000
vn -0.474100 -0.880471 -0.000000
vn 0.880471 -0.474100 -0.000000
vn 0.474100 0.880471 0.000000
vn 0.000000 0.000000 -1.000000
vn 0.000000 -0.000000 1.000000
vn 0.000000 1.000000 0.000000
vn -1.000000 0.000000 -0.000000
vn 0.000000 -1.000000 -0.000000
vn 1.000000 0.000000 -0.000000
vn 0.000000 0.000000 -1.000000
vn 0.000000 -0.000000 1.000000
vn -0.781831 0.623490 0.000000
vn -0.623493 -0.781829 -0.000000
vn 0.781832 -0.623489 -0.000000
vn 0.623489 0.781832 0.000000
vn 0.000000 0.000000 -1.000000
vn 0.000000 -0.000000 1.000000
vn -0.974928 -0.222521 -0.000000
vn 0.222522 -0.974928 -0.000000
vn 0.974928 0.222521 0.000000
vn -0.222522 0.974928 0.000000
vn 0.000000 0.000000 -1.000000
vn 0.000000 -0.000000 1.000000
vn -0.433884 -0.900969 -0.000000
vn 0.900969 -0.433883 -0.000000
vn 0.433883 0.900969 0.000000
vn -0.900968 0.433885 0.000000
vn 0.000000 0.000000 -1.000000
vn 0.000000 -0.000000 1.000000
vn 0.433884 -0.900969 -0.000000
vn 0.900968 0.433885 0.000000
vn -0.433884 0.900969 0.000000
vn -0.900968 -0.433885 -0.000000
vn 0.000000 0.000000 -1.000000
vn 0.000000 -0.000000 1.000000
vn 0.974928 -0.222521 -0.000000
vn 0.222522 0.974928 0.000000
vn -0.974928 0.222521 0.000000
vn -0.222516 -0.974929 -0.000000
vn 0.000000 0.000000 -1.000000
vn 0.000000 -0.000000 1.000000
vn 0.781831 0.623490 0.000000
vn -0.623489 0.781832 0.000000
vn -0.781832 -0.623489 -0.000000
vn 0.623493 -0.781829 -0.000000
vn 0.554695 -0.832054 -0.000000
vn 0.894430 -0.447209 -0.000000
vn 0.894430 0.447209 0.000000
vn 0.554695 0.832054 0.000000
vn 0.535728 0.844391 0.000000
vn 0.757082 0.653320 0.000000
vn 0.922063 0.387039 0.000000
vn 0.993151 0.116842 0.000000
vn 0.996074 -0.088525 -0.000000
vn 0.956358 -0.292199 -0.000000
vn 0.858913 -0.512122 -0.000000
vn 0.704708 -0.709497 -0.000000
vn 0.535475 -0.844551 -0.000000
vn 0.368948 -0.929450 -0.000000
vn 0.207383 -0.978260 -0.000000
vn 0.063537 -0.997980 -0.000000
vn 0.000000 -1.000000 -0.000000
vn -0.090536 -0.995893 -0.000000
vn -0.283629 -0.958934 -0.000000
vn -0.474100 -0.880471 -0.000000
vn -0.638895 -0.769294 -0.000000
vn -0.769289 -0.638901 -0.000000
vn -0.880472 -0.474099 -0.000000
vn -0.958935 -0.283626 -0.000000
vn -0.995894 -0.090532 -0.000000
vn -1.000000 0.000000 -0.000000
vn -0.995894 0.090530 0.000000
vn -0.958935 0.283624 0.000000
vn -0.880474 0.474095 0.000000
vn -0.769287 0.638904 0.000000
vn -0.638899 0.769290 0.000000
vn -0.474092 0.880476 0.000000
vn -0.283627 0.958935 0.000000
vn -0.090540 0.995893 0.000000
vn 0.000000 1.000000 0.000000
vn 0.057084 0.998369 0.000000
vn 0.191670 0.981459 0.000000
vn 0.353430 0.935461 0.000000
vn 0.533200 0.845989 0.000000
vn 0.716338 0.697754 0.000000
vn 0.869783 0.493435 0.000000
vn 0.961111 0.276164 0.000000
vn 0.996584 0.082582 0.000000
vn 0.993045 -0.117732 -0.000000
vn 0.920024 -0.391862 -0.000000
vn 0.748997 -0.662574 -0.000000
vn 0.519947 -0.854199 -0.000000
vn 0.141434 -0.989948 -0.000000
vn 0.514495 -0.857494 -0.000000
vn 0.857489 -0.514503 -0.000000
vn 0.989950 -0.141421 -0.000000
vn 1.000000 0.000000 -0.000000
vn 0.989950 0.141421 0.000000
vn 0.857495 0.514492 0.000000
vn 0.514495 0.857494 0.000000
vn 0.141415 0.989950 0.000000
vn 0.000000 1.000000 0.000000
vn -0.063384 0.997989 0.000000
vn -0.209810 0.977742 0.000000
vn -0.378806 0.925476 0.000000
vn -0.556498 0.830849 0.000000
vn -0.723098 0.690745 0.000000
vn -0.864674 0.502334 0.000000
vn -0.956904 0.290404 0.000000
vn -0.996012 0.089217 0.000000
vn -0.996192 -0.087184 -0.000000
vn -0.958970 -0.283508 -0.000000
vn -0.871102 -0.491102 -0.000000
vn -0.735108 -0.677950 -0.000000
vn -0.571290 -0.820748 -0.000000
vn -0.391421 -0.920212 -0.000000
vn -0.217655 -0.976026 -0.000000
vn -0.065861 -0.997829 -0.000000
vn 0.000000 -1.000000 -0.000000
vn -0.070798 0.997491 0.000000
vn -0.232431 0.972613 0.000000
vn -0.413247 0.910619 0.000000
vn -0.593922 0.804522 0.000000
vn -0.752577 0.658504 0.000000
vn -0.881019 0.473082 0.000000
vn -0.962360 0.271777 0.000000
vn -0.996508 0.083499 0.000000
vn -0.996518 -0.083380 -0.000000
vn -0.961966 -0.273169 -0.000000
vn -0.878131 -0.478420 -0.000000
vn -0.743831 -0.668368 -0.000000
vn -0.580525 -0.814242 -0.000000
vn -0.401125 -0.916023 -0.000000
vn -0.224561 -0.974460 -0.000000
vn -0.068248 -0.997668 -0.000000
vn 0.000000 -1.000000 -0.000000
vn 0.141425 -0.989949 -0.000000
vn 0.514495 -0.857494 -0.000000
vn 0.857492 -0.514497 -0.000000
vn 0.989949 -0.141422 -0.000000
vn 1.000000 0.000000 -0.000000
vn 0.989950 0.141421 0.000000
vn 0.857492 0.514497 0.000000
vn 0.514495 0.857494 0.000000
vn 0.141420 0.989950 0.000000
vn 0.000000 1.000000 0.000000
vn 0.554602 -0.832116 -0.000000
vn 0.894382 -0.447305 -0.000000
vn 0.894382 0.447305 0.000000
vn 0.554602 0.832116 0.000000
vn 0.535731 0.844389 0.000000
vn 0.757083 0.653318 0.000000
vn 0.922063 0.387041 0.000000
vn 0.993151 0.116842 0.000000
vn 0.996074 -0.088522 -0.000000
vn 0.956355 -0.292206 -0.000000
vn 0.858921 -0.512107 -0.000000
vn 0.704696 -0.709510 -0.000000
vn 0.535486 -0.844544 -0.000000
vn 0.368948 -0.929450 -0.000000
vn 0.207369 -0.978263 -0.000000
vn 0.063543 -0.997979 -0.000000
vn 0.000000 -1.000000 -0.000000
vn -0.090479 -0.995898 -0.000000
vn -0.283458 -0.958985 -0.000000
vn -0.474367 -0.880327 -0.000000
vn -0.638996 -0.769210 -0.000000
vn -0.769279 -0.638913 -0.000000
vn -0.880354 -0.474317 -0.000000
vn -0.958962 -0.283536 -0.000000
vn -0.995895 -0.090518 -0.000000
vn -1.000000 0.000000 -0.000000
vn -0.995891 0.090557 0.000000
vn -0.958962 0.283536 0.000000
vn -0.880503 0.474041 0.000000
vn -0.769299 0.638889 0.000000
vn -0.638638 0.769507 0.000000
vn -0.474367 0.880327 0.000000
vn -0.283458 0.958985 0.000000
vn -0.090475 0.995899 0.000000
vn 0.000000 1.000000 0.000000
vn 0.057067 0.998370 0.000000
vn 0.191678 0.981458 0.000000
vn 0.353432 0.935460 0.000000
vn 0.533197 0.845991 0.000000
vn 0.716334 0.697757 0.000000
vn 0.869781 0.493438 0.000000
vn 0.961113 0.276154 0.000000
vn 0.996584 0.082582 0.000000
vn 0.993045 -0.117736 -0.000000
vn 0.920027 -0.391855 -0.000000
vn 0.748994 -0.662577 -0.000000
vn 0.519952 -0.854196 -0.000000
vn 0.141131 -0.989991 -0.000000
vn 0.514326 -0.857595 -0.000000
vn 0.857474 -0.514527 -0.000000
vn 0.989949 -0.141427 -0.000000
vn 1.000000 0.000000 -0.000000
vn 0.989949 0.141427 0.000000
vn 0.857474 0.514527 0.000000
vn 0.514943 0.857225 0.000000
vn 0.141131 0.989991 0.000000
vn 0.000000 1.000000 0.000000
vn -0.063350 0.997991 0.000000
vn -0.209830 0.977738 0.000000
vn -0.378818 0.925471 0.000000
vn -0.556500 0.830847 0.000000
vn -0.723106 0.690737 0.000000
vn -0.864668 0.502344 0.000000
vn -0.956905 0.290402 0.000000
vn -0.996012 0.089215 0.000000
vn -0.996192 -0.087188 -0.000000
vn -0.958970 -0.283508 -0.000000
vn -0.871096 -0.491114 -0.000000
vn -0.735115 -0.677943 -0.000000
vn -0.571283 -0.820753 -0.000000
vn -0.391469 -0.920191 -0.000000
vn -0.217633 -0.976031 -0.000000
vn -0.065832 -0.997831 -0.000000
vn 0.000000 -1.000000 -0.000000
vn -0.070812 0.997490 0.000000
vn -0.232410 0.972618 0.000000
vn -0.413255 0.910615 0.000000
vn -0.593899 0.804540 0.000000
vn -0.752579 0.658502 0.000000
vn -0.881030 0.473060 0.000000
vn -0.962357 0.271789 0.000000
vn -0.996508 0.083500 0.000000
vn -0.996518 -0.083379 -0.000000
vn -0.961967 -0.273166 -0.000000
vn -0.878137 -0.478410 -0.000000
vn -0.743807 -0.668394 -0.000000
vn -0.580556 -0.814220 -0.000000
vn -0.401084 -0.916041 -0.000000
vn -0.224561 -0.974460 -0.000000
vn -0.068289 -0.997666 -0.000000
vn 0.000000 -1.000000 -0.000000
vn 0.141809 -0.989894 -0.000000
vn 0.514326 -0.857595 -0.000000
vn 0.857474 -0.514527 -0.000000
vn 0.989949 -0.141427 -0.000000
vn 1.000000 0.000000 -0.000000
vn 0.989949 0.141427 0.000000
vn 0.857474 0.514527 0.000000
vn 0.514943 0.857225 0.000000
vn 0.141131 0.989991 0.000000
vn 0.000000 1.000000 0.000000
vn -0.052245 -0.998634 -0.000000
vn -0.164401 -0.986394 -0.000000
vn -0.283933 -0.958844 -0.000000
vn -0.405701 -0.914006 -0.000000
vn -0.524496 -0.851413 -0.000000
vn -0.640265 -0.768154 -0.000000
vn -0.746140 -0.665789 -0.000000
vn -0.834929 -0.550357 -0.000000
vn -0.903555 -0.428471 -0.000000
vn -0.953628 -0.300988 -0.000000
vn -0.984643 -0.174581 -0.000000
vn -0.998461 -0.055467 -0.000000
vn -1.000000 0.000000 -0.000000
vn -0.998368 0.057101 0.000000
vn -0.983780 0.179377 0.000000
vn -0.951255 0.308405 0.000000
vn -0.899252 0.437431 0.000000
vn -0.830068 0.557662 0.000000
vn -0.742883 0.669421 0.000000
vn -0.639516 0.768778 0.000000
vn -0.526385 0.850246 0.000000
vn -0.408181 0.912901 0.000000
vn -0.285205 0.958467 0.000000
vn -0.164839 0.986320 0.000000
vn -0.052289 0.998632 0.000000
vn 0.051670 0.998664 0.000000
vn 0.163387 0.986562 0.000000
vn 0.283679 0.958919 0.000000
vn 0.407469 0.913219 0.000000
vn 0.526387 0.850245 0.000000
vn 0.639515 0.768778 0.000000
vn 0.742882 0.669422 0.000000
vn 0.830068 0.557662 0.000000
vn 0.899251 0.437432 0.000000
vn 0.951255 0.308407 0.000000
vn 0.983780 0.179377 0.000000
vn 0.998368 0.057101 0.000000
vn 1.000000 0.000000 -0.000000
vn 0.998411 -0.056347 -0.000000
vn 0.984163 -0.177265 -0.000000
vn 0.952248 -0.305324 -0.000000
vn 0.900913 -0.433999 -0.000000
vn 0.832204 -0.554470 -0.000000
vn 0.745142 -0.666905 -0.000000
vn 0.641249 -0.767333 -0.000000
vn 0.527114 -0.849795 -0.000000
vn 0.407469 -0.913219 -0.000000
vn 0.283679 -0.958919 -0.000000
vn 0.163387 -0.986562 -0.000000
vn 0.051670 -0.998664 -0.000000
vn -0.081176 0.996700 0.000000
vn -0.263090 0.964771 0.000000
vn -0.457528 0.889195 0.000000
vn -0.638553 0.769578 0.000000
vn -0.784960 0.619547 0.000000
vn -0.897646 0.440717 0.000000
vn -0.967618 0.252418 0.000000
vn -0.996970 0.077792 0.000000
vn -1.000000 0.000000 -0.000000
vn -0.997055 -0.076697 -0.000000
vn -0.968311 -0.249747 -0.000000
vn -0.899000 -0.437949 -0.000000
vn -0.785832 -0.618440 -0.000000
vn -0.638554 -0.769577 -0.000000
vn -0.457528 -0.889195 -0.000000
vn -0.263090 -0.964771 -0.000000
vn -0.081176 -0.996700 -0.000000
vn 0.082372 -0.996602 -0.000000
vn 0.265974 -0.963980 -0.000000
vn 0.460407 -0.887708 -0.000000
vn 0.639705 -0.768621 -0.000000
vn 0.785832 -0.618440 -0.000000
vn 0.899000 -0.437949 -0.000000
vn 0.968311 -0.249747 -0.000000
vn 0.997054 -0.076699 -0.000000
vn 1.000000 0.000000 -0.000000
vn 0.996970 0.077792 0.000000
vn 0.967618 0.252418 0.000000
vn 0.897646 0.440717 0.000000
vn 0.784959 0.619548 0.000000
vn 0.639705 0.768621 0.000000
vn 0.460407 0.887708 0.000000
vn 0.265974 0.963980 0.000000
vn 0.082372 0.996602 0.000000
vn -0.786378 0.617746 0.000000
vn -0.609619 0.792694 0.000000
vn -0.371314 0.928507 0.000000
vn -0.116813 0.993154 0.000000
vn 0.000000 1.000000 0.000000
vn 0.090476 0.995899 0.000000
vn 0.283453 0.958986 0.000000
vn 0.474367 0.880327 0.000000
vn 0.638643 0.769503 0.000000
vn 0.769259 0.638937 0.000000
vn 0.880507 0.474033 0.000000
vn 0.958964 0.283526 0.000000
vn 0.995892 0.090547 0.000000
vn 1.000000 0.000000 -0.000000
vn 0.995892 -0.090547 -0.000000
vn 0.958964 -0.283526 -0.000000
vn 0.880358 -0.474309 -0.000000
vn 0.769259 -0.638937 -0.000000
vn 0.639020 -0.769190 -0.000000
vn 0.474367 -0.880327 -0.000000
vn 0.283453 -0.958986 -0.000000
vn 0.090476 -0.995899 -0.000000
vn 0.000000 -1.000000 -0.000000
vn -0.090476 -0.995899 -0.000000
vn -0.283453 -0.958986 -0.000000
vn -0.474364 -0.880329 -0.000000
vn -0.639023 -0.769188 -0.000000
vn -0.769259 -0.638937 -0.000000
vn -0.880358 -0.474309 -0.000000
vn -0.958966 -0.283522 -0.000000
vn -0.995892 -0.090547 -0.000000
vn -1.000000 0.000000 -0.000000
vn -0.993600 -0.112958 -0.000000
vn -0.923089 -0.384588 -0.000000
vn -0.746290 -0.665621 -0.000000
vn -0.496278 -0.868164 -0.000000
vn -0.210665 -0.977558 -0.000000
vn 0.249107 -0.968476 -0.000000
vn 0.692816 -0.721114 -0.000000
vn 0.903339 -0.428927 -0.000000
vn 0.838044 -0.545603 -0.000000
vn 0.786246 -0.617914 -0.000000
vn 0.609854 -0.792514 -0.000000
vn 0.371314 -0.928507 -0.000000
vn 0.116813 -0.993154 -0.000000
vn 0.000000 -1.000000 -0.000000
vn -0.116814 -0.993154 -0.000000
vn -0.371314 -0.928508 -0.000000
vn -0.609853 -0.792515 -0.000000
vn -0.786246 -0.617913 -0.000000
vn -0.834730 -0.550660 -0.000000
vn -0.903339 -0.428927 -0.000000
vn -0.692816 -0.721114 -0.000000
vn -0.249107 -0.968476 -0.000000
vn 0.210665 -0.977558 -0.000000
vn 0.496278 -0.868164 -0.000000
vn 0.746290 -0.665621 -0.000000
vn 0.923089 -0.384588 -0.000000
vn 0.993599 -0.112966 -0.000000
vn 1.000000 0.000000 -0.000000
vn 0.995893 -0.090542 -0.000000
vn 0.958964 -0.283526 -0.000000
vn 0.880358 -0.474309 -0.000000
vn 0.769267 -0.638928 -0.000000
vn 0.639023 -0.769188 -0.000000
vn 0.474364 -0.880329 -0.000000
vn 0.283451 -0.958987 -0.000000
vn 0.090475 -0.995899 -0.000000
vn 0.000000 -1.000000 -0.000000
vn -0.090475 -0.995899 -0.000000
vn -0.283453 -0.958986 -0.000000
vn -0.474362 -0.880330 -0.000000
vn -0.639020 -0.769190 -0.000000
vn -0.769264 -0.638931 -0.000000
vn -0.880358 -0.474309 -0.000000
vn -0.958964 -0.283526 -0.000000
vn -0.995893 -0.090538 -0.000000
vn -1.000000 0.000000 -0.000000
vn -0.995892 0.090547 0.000000
vn -0.958964 0.283526 0.000000
vn -0.880507 0.474033 0.000000
vn -0.769269 0.638925 0.000000
vn -0.638643 0.769503 0.000000
vn -0.474362 0.880330 0.000000
vn -0.283453 0.958986 0.000000
vn -0.090475 0.995899 0.000000
vn 0.000000 1.000000 0.000000
vn 0.116813 0.993154 0.000000
vn 0.371314 0.928507 0.000000
vn 0.609619 0.792694 0.000000
vn 0.786378 0.617746 0.000000
vn 0.834641 0.550795 0.000000
vn 0.658253 0.752797 0.000000
vn 0.530139 0.847911 0.000000
vn 0.350734 0.936475 0.000000
vn 0.124379 0.992235 0.000000
vn -0.132531 0.991179 0.000000
vn -0.418626 0.908159 0.000000
vn -0.672812 0.739813 0.000000
vn -0.841013 0.541014 0.000000
vn -0.834641 0.550795 0.000000
vn 0.554602 -0.832116 -0.000000
vn 0.894382 -0.447305 -0.000000
vn 0.894382 0.447305 0.000000
vn 0.554602 0.832116 0.000000
vn 0.535731 0.844389 0.000000
vn 0.757083 0.653318 0.000000
vn 0.922063 0.387039 0.000000
vn 0.993150 0.116843 0.000000
vn 0.996074 -0.088522 -0.000000
vn 0.956355 -0.292206 -0.000000
vn 0.858921 -0.512107 -0.000000
vn 0.704696 -0.709510 -0.000000
vn 0.535486 -0.844544 -0.000000
vn 0.368948 -0.929450 -0.000000
vn 0.207370 -0.978263 -0.000000
vn 0.063543 -0.997979 -0.000000
vn 0.000000 -1.000000 -0.000000
vn -0.090475 -0.995899 -0.000000
vn -0.283453 -0.958986 -0.000000
vn -0.474367 -0.880327 -0.000000
vn -0.639025 -0.769186 -0.000000
vn -0.769259 -0.638937 -0.000000
vn -0.880354 -0.474317 -0.000000
vn -0.958967 -0.283517 -0.000000
vn -0.995893 -0.090538 -0.000000
vn -1.000000 0.000000 -0.000000
vn -0.995893 0.090538 0.000000
vn -0.958967 0.283517 0.000000
vn -0.880503 0.474041 0.000000
vn -0.769259 0.638937 0.000000
vn -0.638648 0.769499 0.000000
vn -0.474367 0.880327 0.000000
vn -0.283453 0.958986 0.000000
vn -0.090475 0.995899 0.000000
vn 0.000000 1.000000 0.000000
vn 0.057067 0.998370 0.000000
vn 0.191678 0.981458 0.000000
vn 0.353432 0.935460 0.000000
vn 0.533197 0.845991 0.000000
vn 0.716334 0.697757 0.000000
vn 0.869781 0.493438 0.000000
vn 0.961113 0.276154 0.000000
vn 0.996584 0.082582 0.000000
vn 0.993045 -0.117736 -0.000000
vn 0.920027 -0.391855 -0.000000
vn 0.748994 -0.662577 -0.000000
vn 0.519952 -0.854196 -0.000000
vn 0.141134 -0.989991 -0.000000
vn 0.514326 -0.857595 -0.000000
vn 0.857463 -0.514546 -0.000000
vn 0.989952 -0.141406 -0.000000
vn 1.000000 0.000000 -0.000000
vn 0.989949 0.141427 0.000000
vn 0.857463 0.514546 0.000000
vn 0.514943 0.857225 0.000000
vn 0.141137 0.989990 0.000000
vn 0.000000 1.000000 0.000000
vn -0.063350 0.997991 0.000000
vn -0.209830 0.977738 0.000000
vn -0.378818 0.925471 0.000000
vn -0.556500 0.830847 0.000000
vn -0.723108 0.690735 0.000000
vn -0.864667 0.502346 0.000000
vn -0.956905 0.290402 0.000000
vn -0.996012 0.089215 0.000000
vn -0.996192 -0.087188 -0.000000
vn -0.958970 -0.283508 -0.000000
vn -0.871096 -0.491114 -0.000000
vn -0.735115 -0.677943 -0.000000
vn -0.571283 -0.820753 -0.000000
vn -0.391469 -0.920191 -0.000000
vn -0.217633 -0.976031 -0.000000
vn -0.065832 -0.997831 -0.000000
vn 0.000000 -1.000000 -0.000000
vn -0.070812 0.997490 0.000000
vn -0.232410 0.972618 0.000000
vn -0.413254 0.910616 0.000000
vn -0.593901 0.804538 0.000000
vn -0.752580 0.658501 0.000000
vn -0.881030 0.473060 0.000000
vn -0.962357 0.271789 0.000000
vn -0.996508 0.083504 0.000000
vn -0.996518 -0.083379 -0.000000
vn -0.961967 -0.273166 -0.000000
vn -0.878135 -0.478413 -0.000000
vn -0.743808 -0.668393 -0.000000
vn -0.580558 -0.814219 -0.000000
vn -0.401085 -0.916041 -0.000000
vn -0.224561 -0.974460 -0.000000
vn -0.068289 -0.997666 -0.000000
vn 0.000000 -1.000000 -0.000000
vn 0.141812 -0.989894 -0.000000
vn 0.514326 -0.857595 -0.000000
vn 0.857463 -0.514546 -0.000000
vn 0.989952 -0.141406 -0.000000
vn 1.000000 0.000000 -0.000000
vn 0.989949 0.141427 0.000000
vn 0.857463 0.514546 0.000000
vn 0.514943 0.857225 0.000000
vn 0.141137 0.989990 0.000000
vn 0.000000 1.000000 0.000000
vn 0.995895 -0.090518 -0.000000
vn 0.958920 -0.283678 -0.000000
vn 0.880503 -0.474041 -0.000000
vn 0.769240 -0.638960 -0.000000
vn 0.639015 -0.769194 -0.000000
vn 0.473853 -0.880604 -0.000000
vn 0.283447 -0.958988 -0.000000
vn 0.091103 -0.995842 -0.000000
vn 0.000000 -1.000000 -0.000000
vn 0.141131 -0.989991 -0.000000
vn 0.514326 -0.857595 -0.000000
vn 0.857474 -0.514527 -0.000000
vn 0.989949 -0.141427 -0.000000
vn 1.000000 0.000000 -0.000000
vn 0.989949 0.141427 0.000000
vn 0.857474 0.514527 0.000000
vn 0.514326 0.857595 0.000000
vn 0.141809 0.989894 0.000000
vn 0.000000 1.000000 0.000000
vn 0.090479 0.995898 0.000000
vn 0.283458 0.958985 0.000000
vn 0.473853 0.880604 0.000000
vn 0.638996 0.769210 0.000000
vn 0.769259 0.638937 0.000000
vn 0.880520 0.474008 0.000000
vn 0.958920 0.283678 0.000000
vn 0.995891 0.090557 0.000000
vn 1.000000 0.000000 -0.000000
vn 0.995895 -0.090518 -0.000000
vn 0.958973 -0.283498 -0.000000
vn 0.880520 -0.474008 -0.000000
vn 0.769240 -0.638960 -0.000000
vn 0.638638 -0.769507 -0.000000
vn 0.474367 -0.880327 -0.000000
vn 0.283458 -0.958985 -0.000000
vn 0.090475 -0.995899 -0.000000
vn 0.000000 -1.000000 -0.000000
vn 0.141809 -0.989894 -0.000000
vn 0.514326 -0.857595 -0.000000
vn 0.857474 -0.514527 -0.000000
vn 0.989949 -0.141427 -0.000000
vn 1.000000 0.000000 -0.000000
vn 0.989949 0.141427 0.000000
vn 0.857696 0.514157 0.000000
vn 0.514326 0.857595 0.000000
vn 0.141131 0.989991 0.000000
vn 0.000000 1.000000 0.000000
vn 0.090475 0.995899 0.000000
vn 0.284055 0.958808 0.000000
vn 0.473853 0.880604 0.000000
vn 0.639015 0.769194 0.000000
vn 0.769259 0.638937 0.000000
vn 0.880503 0.474041 0.000000
vn 0.958920 0.283678 0.000000
vn 0.995891 0.090557 0.000000
vn 1.000000 0.000000 -0.000000
vn 0.995895 -0.090518 -0.000000
vn 0.958973 -0.283498 -0.000000
vn 0.880354 -0.474317 -0.000000
vn 0.769240 -0.638960 -0.000000
vn 0.639015 -0.769194 -0.000000
vn 0.474367 -0.880327 -0.000000
vn 0.283447 -0.958988 -0.000000
vn 0.090475 -0.995899 -0.000000
vn 0.000000 -1.000000 -0.000000
vn -0.090475 -0.995899 -0.000000
vn -0.283447 -0.958988 -0.000000
vn -0.474367 -0.880327 -0.000000
vn -0.639015 -0.769194 -0.000000
vn -0.769279 -0.638913 -0.000000
vn -0.880354 -0.474317 -0.000000
vn -0.958962 -0.283536 -0.000000
vn -0.995895 -0.090518 -0.000000
vn -1.000000 0.000000 -0.000000
vn -0.995891 0.090557 0.000000
vn -0.958962 0.283536 0.000000
vn -0.880503 0.474041 0.000000
vn -0.769299 0.638889 0.000000
vn -0.638638 0.769507 0.000000
vn -0.474367 0.880327 0.000000
vn -0.283447 0.958988 0.000000
vn -0.090475 0.995899 0.000000
vn 0.000000 1.000000 0.000000
vn 0.090475 0.995899 0.000000
vn 0.283447 0.958988 0.000000
vn 0.474367 0.880327 0.000000
vn 0.638638 0.769507 0.000000
vn 0.769259 0.638937 0.000000
vn 0.880503 0.474041 0.000000
vn 0.958973 0.283498 0.000000
vn 0.995891 0.090557 0.000000
vn 1.000000 0.000000 -0.000000
vn 0.000000 0.000000 -1.000000
vn 0.000000 0.000000 -1.000000
vn 0.000000 0.000000 -1.000000
vn 0.000000 0.000000 -1.000000
vn 0.000000 0.000000 -1.000000
vn 0.000000 0.000000 -1.000000
vn 0.000000 0.000000 -1.000000
vn 0.000000 0.000000 -1.000000
vn 0.000000 0.000000 -1.000000
vn 0.000000 0.000000 -1.000000
vn -0.000001 0.000000 -1.000000
vn -0.000001 0.000000 -1.000000
vn 0.000002 -0.000002 -1.000000
vn 0.000000 0.000000 -1.000000
vn 0.000000 0.000000 -1.000000
vn 0.000000 0.000000 -1.000000
vn 0.000000 0.000000 -1.000000
vn 0.000000 0.000000 -1.000000
vn 0.000000 0.000000 -1.000000
vn -0.000000 -0.000000 -1.000000
vn 0.000002 0.000000 -1.000000
vn 0.000000 0.000000 -1.000000
vn 0.000000 0.000000 -1.000000
vn 0.000000 0.000000 -1.000000
vn 0.000000 0.000000 -1.000000
vn 0.000000 0.000000 -1.000000
vn 0.000000 -0.000000 -1.000000
vn -0.000000 -0.000000 -1.000000
vn 0.000000 0.000000 -1.000000
vn 0.000000 -0.000000 1.000000
vn -0.000003 -0.000001 1.000000
vn 0.000000 -0.000000 1.000000
vn 0.000000 -0.000000 1.000000
vn 0.000000 -0.000000 1.000000
vn 0.000000 -0.000000 1.000000
vn 0.000000 -0.000000 1.000000
vn 0.000003 -0.000001 1.000000
vn 0.000000 -0.000000 1.000000
vn 0.000000 -0.000000 1.000000
vn 0.000000 -0.000000 1.000000
vn 0.000000 -0.000000 1.000000
vn 0.000000 -0.000000 1.000000
vn 0.000000 -0.000000 1.000000
vn 0.000000 -0.000000 1.000000
vn 0.000000 -0.000000 1.000000
vn 0.000000 -0.000000 1.000000
vn -0.000000 -0.000000 1.000000
vn 0.000000 0.000000 1.000000
vn 0.000000 -0.000000 1.000000
vn 0.000000 0.000000 1.000000
vn -0.000000 0.000000 1.000000
vn -0.000001 0.000000 1.000000
vn 0.000000 -0.000000 1.000000
vn 0.000000 -0.000000 1.000000
vn 0.000000 -0.000000 1.000000
vn 0.000000 -0.000000 1.000000
vn 0.000000 -0.000000 1.000000
vn -0.000000 0.000000 1.000000
vn -0.995185 -0.098017 -0.000000
vn -0.956940 -0.290284 -0.000000
vn -0.881921 -0.471397 -0.000000
vn -0.773011 -0.634393 -0.000000
vn -0.634393 -0.773011 -0.000000
vn -0.471397 -0.881921 -0.000000
vn -0.290283 -0.956941 -0.000000
vn -0.098017 -0.995185 -0.000000
vn 0.098017 -0.995185 -0.000000
vn 0.290283 -0.956941 -0.000000
vn 0.471397 -0.881921 -0.000000
vn 0.634393 -0.773011 -0.000000
vn 0.773011 -0.634393 -0.000000
vn 0.881921 -0.471397 -0.000000
vn 0.956940 -0.290284 -0.000000
vn 0.995185 -0.098017 -0.000000
vn 0.995185 0.098017 0.000000
vn 0.956940 0.290284 0.000000
vn 0.881921 0.471397 0.000000
vn 0.773011 0.634393 0.000000
vn 0.634393 0.773011 0.000000
vn 0.471397 0.881921 0.000000
vn 0.290286 0.956940 0.000000
vn 0.098017 0.995185 0.000000
vn -0.098017 0.995185 0.000000
vn -0.290286 0.956940 0.000000
vn -0.471397 0.881921 0.000000
vn -0.634393 0.773011 0.000000
vn -0.773011 0.634393 0.000000
vn -0.881921 0.471397 0.000000
vn -0.956940 0.290284 0.000000
vn -0.995185 0.098017 0.000000
vn 0.000000 0.000000 -1.000000
vn 0.000000 -0.000000 1.000000
vn -0.880471 0.474100 0.000000
vn -0.474100 -0.880471 -0.000000
vn 0.880471 -0.474100 -0.000000
vn 0.474100 0.880471 0.000000
vn 0.000000 0.000000 -1.000000
vn 0.000000 -0.000000 1.000000
vn 0.000000 1.000000 0.000000
vn -1.000000 0.000000 -0.000000
vn 0.000000 -1.000000 -0.000000
vn 1.000000 0.000000 -0.000000
vn 0.000000 0.000000 -1.000000
vn 0.000000 -0.000000 1.000000
vn -0.781831 0.623490 0.000000
vn -0.623493 -0.781829 -0.000000
vn 0.781832 -0.623489 -0.000000
vn 0.623489 0.781832 0.000000
vn 0.000000 0.000000 -1.000000
vn 0.000000 -0.000000 1.000000
vn -0.974928 -0.222521 -0.000000
vn 0.222522 -0.974928 -0.000000
vn 0.974928 0.222521 0.000000
vn -0.222522 0.974928 0.000000
vn 0.000000 0.000000 -1.000000
vn 0.000000 -0.000000 1.000000
vn -0.433884 -0.900969 -0.000000
vn 0.900969 -0.433883 -0.000000
vn 0.433883 0.900969 0.000000
vn -0.900968 0.433885 0.000000
vn 0.000000 0.000000 -1.000000
vn 0.000000 -0.000000 1.000000
vn 0.433884 -0.900969 -0.000000
vn 0.900968 0.433885 0.000000
vn -0.433884 0.900969 0.000000
vn -0.900968 -0.433885 -0.000000
vn 0.000000 0.000000 -1.000000
vn 0.000000 -0.000000 1.000000
vn 0.974928 -0.222521 -0.000000
vn 0.222522 0.974928 0.000000
vn -0.974928 0.222521 0.000000
vn -0.222516 -0.974929 -0.000000
vn 0.000000 0.000000 -1.000000
vn 0.000000 -0.000000 1.000000
vn 0.781831 0.623490 0.000000
vn -0.623489 0.781832 0.000000
vn -0.781832 -0.623489 -0.000000
vn 0.623493 -0.781829 -0.000000
f 34//1 36//1 35//1
f 34//2 37//2 36//2
f 33//3 37//3 34//3
f 32//4 37//4 33//4
f 31//5 37//5 32//5
f 31//6 38//6 37//6
f 30//7 38//7 31//7
f 29//8 38//8 30//8
f 28//9 38//9 29//9
f 27//10 38//10 28//10
f 27//11 39//11 38//11
f 26//12 51//12 27//12
f 51//13 50//13 27//13
f 50//14 49//14 27//14
f 49//15 39//15 27//15
f 49//16 40//16 39//16
f 49//17 48//17 40//17
f 48//18 41//18 40//18
f 48//19 74//19 41//19
f 74//20 42//20 41//20
f 73//21 42//21 74//21
f 72//22 42//22 73//22
f 26//23 52//23 51//23
f 26//24 53//24 52//24
f 72//25 43//25 42//25
f 71//26 43//26 72//26
f 70//27 43//27 71//27
f 69//28 43//28 70//28
f 68//29 43//29 69//29
f 68//30 44//30 43//30
f 67//31 44//31 68//31
f 66//32 44//32 67//32
f 66//33 45//33 44//33
f 65//34 45//34 66//34
f 64//35 45//35 65//35
f 64//36 46//36 45//36
f 63//37 46//37 64//37
f 62//38 46//38 63//38
f 61//39 46//39 62//39
f 61//40 47//40 46//40
f 60//41 47//41 61//41
f 59//42 47//42 60//42
f 26//43 54//43 53//43
f 26//44 55//44 54//44
f 58//45 47//45 59//45
f 26//46 56//46 55//46
f 26//47 57//47 56//47
f 26//48 95//48 57//48
f 95//49 94//49 57//49
f 94//50 58//50 57//50
f 94//51 93//51 58//51
f 93//52 47//52 58//52
f 93//53 1//53 47//53
f 93//54 2//54 1//54
f 93//55 3//55 2//55
f 93//56 4//56 3//56
f 93//57 5//57 4//57
f 93//58 92//58 5//58
f 92//59 6//59 5//59
f 92//60 91//60 6//60
f 91//61 90//61 6//61
f 90//62 7//62 6//62
f 89//63 7//63 90//63
f 26//64 96//64 95//64
f 26//65 97//65 96//65
f 88//66 7//66 89//66
f 88//67 8//67 7//67
f 87//68 8//68 88//68
f 86//69 8//69 87//69
f 85//70 8//70 86//70
f 84//71 8//71 85//71
f 84//72 9//72 8//72
f 83//73 9//73 84//73
f 82//74 9//74 83//74
f 82//75 10//75 9//75
f 81//76 10//76 82//76
f 80//77 10//77 81//77
f 80//78 11//78 10//78
f 79//79 11//79 80//79
f 78//80 11//80 79//80
f 77//81 11//81 78//81
f 77//82 12//82 11//82
f 76//83 12//83 77//83
f 26//84 98//84 97//84
f 26//85 99//85 98//85
f 75//86 12//86 76//86
f 26//87 100//87 99//87
f 26//88 101//88 100//88
f 26//89 75//89 101//89
f 26//90 12//90 75//90
f 26//91 13//91 12//91
f 26//92 14//92 13//92
f 26//93 15//93 14//93
f 26//94 16//94 15//94
f 25//95 16//95 26//95
f 24//96 16//96 25//96
f 23//97 16//97 24//97
f 22//98 16//98 23//98
f 21//99 16//99 22//99
f 21//100 17//100 16//100
f 20//101 17//101 21//101
f 19//102 17//102 20//102
f 18//103 17//103 19//103
f 135//104 136//104 137//104
f 135//105 137//105 138//105
f 134//106 135//106 138//106
f 133//107 134//107 138//107
f 132//108 133//108 138//108
f 132//109 138//109 139//109
f 131//110 132//110 139//110
f 130//111 131//111 139//111
f 129//112 130//112 139//112
f 128//113 129//113 139//113
f 128//114 139//114 140//114
f 127//115 128//115 152//115
f 152//116 128//116 151//116
f 151//117 128//117 150//117
f 150//118 128//118 140//118
f 150//119 140//119 141//119
f 150//120 141//120 149//120
f 149//121 141//121 142//121
f 149//122 142//122 175//122
f 175//123 142//123 143//123
f 174//124 175//124 143//124
f 173//125 174//125 143//125
f 127//126 152//126 153//126
f 127//127 153//127 154//127
f 173//128 143//128 144//128
f 172//129 173//129 144//129
f 171//130 172//130 144//130
f 170//131 171//131 144//131
f 169//132 170//132 144//132
f 169//133 144//133 145//133
f 168//134 169//134 145//134
f 167//135 168//135 145//135
f 167//136 145//136 146//136
f 166//137 167//137 146//137
f 165//138 166//138 146//138
f 165//139 146//139 147//139
f 164//140 165//140 147//140
f 163//141 164//141 147//141
f 162//142 163//142 147//142
f 162//143 147//143 148//143
f 161//144 162//144 148//144
f 160//145 161//145 148//145
f 127//146 154//146 155//146
f 127//147 155//147 156//147
f 159//148 160//148 148//148
f 127//149 156//149 157//149
f 127//150 157//150 158//150
f 127//151 158//151 196//151
f 196//152 158//152 195//152
f 195//153 158//153 159//153
f 195//154 159//154 194//154
f 194//155 159//155 148//155
f 194//156 148//156 102//156
f 194//157 102//157 103//157
f 194//158 103//158 104//158
f 194//159 104//159 105//159
f 194//160 105//160 106//160
f 194//161 106//161 193//161
f 193//162 106//162 107//162
f 193//163 107//163 192//163
f 192//164 107//164 191//164
f 191//165 107//165 108//165
f 190//166 191//166 108//166
f 127//167 196//167 197//167
f 127//168 197//168 198//168
f 189//169 190//169 108//169
f 189//170 108//170 109//170
f 188//171 189//171 109//171
f 187//172 188//172 109//172
f 186//173 187//173 109//173
f 185//174 186//174 109//174
f 185//175 109//175 110//175
f 184//176 185//176 110//176
f 183//177 184//177 110//177
f 183//178 110//178 111//178
f 182//179 183//179 111//179
f 181//180 182//180 111//180
f 181//181 111//181 112//181
f 180//182 181//182 112//182
f 179//183 180//183 112//183
f 178//184 179//184 112//184
f 178//185 112//185 113//185
f 177//186 178//186 113//186
f 127//187 198//187 199//187
f 127//188 199//188 200//188
f 176//189 177//189 113//189
f 127//190 200//190 201//190
f 127//191 201//191 202//191
f 127//192 202//192 176//192
f 127//193 176//193 113//193
f 127//194 113//194 114//194
f 127//195 114//195 115//195
f 127//196 115//196 116//196
f 127//197 116//197 117//197
f 126//198 127//198 117//198
f 125//199 126//199 117//199
f 124//200 125//200 117//200
f 123//201 124//201 117//201
f 122//202 123//202 117//202
f 122//203 117//203 118//203
f 121//204 122//204 118//204
f 120//205 121//205 118//205
f 119//206 120//206 118//206
f 206//207 203//207 204//207
f 208//208 205//208 206//208
f 210//209 207//209 208//209
f 212//210 209//210 210//210
f 214//211 211//211 212//211
f 216//212 213//212 214//212
f 218//213 215//213 216//213
f 220//214 217//214 218//214
f 222//215 219//215 220//215
f 224//216 221//216 222//216
f 226//217 223//217 224//217
f 228//218 225//218 226//218
f 230//219 227//219 228//219
f 232//220 229//220 230//220
f 234//221 231//221 232//221
f 236//222 233//222 234//222
f 238//223 235//223 236//223
f 240//224 237//224 238//224
f 242//225 239//225 240//225
f 244//226 241//226 242//226
f 246//227 243//227 244//227
f 248//228 245//228 246//228
f 250//229 247//229 248//229
f 252//230 249//230 250//230
f 254//231 251//231 252//231
f 256//232 253//232 254//232
f 258//233 255//233 256//233
f 260//234 257//234 258//234
f 262//235 259//235 260//235
f 264//236 261//236 262//236
f 266//237 263//237 264//237
f 268//238 265//238 266//238
f 270//239 267//239 268//239
f 272//240 269//240 270//240
f 274//241 271//241 272//241
f 276//242 273//242 274//242
f 278//243 275//243 276//243
f 280//244 277//244 278//244
f 282//245 279//245 280//245
f 284//246 281//246 282//246
f 286//247 283//247 284//247
f 288//248 285//248 286//248
f 290//249 287//249 288//249
f 292//250 289//250 290//250
f 294//251 291//251 292//251
f 296//252 293//252 294//252
f 204//253 295//253 296//253
f 300//254 297//254 298//254
f 302//255 299//255 300//255
f 304//256 301//256 302//256
f 306//257 303//257 304//257
f 308//258 305//258 306//258
f 310//259 307//259 308//259
f 312//260 309//260 310//260
f 314//261 311//261 312//261
f 316//262 313//262 314//262
f 318//263 315//263 316//263
f 320//264 317//264 318//264
f 322//265 319//265 320//265
f 324//266 321//266 322//266
f 326//267 323//267 324//267
f 328//268 325//268 326//268
f 330//269 327//269 328//269
f 332//270 329//270 330//270
f 334//271 331//271 332//271
f 336//272 333//272 334//272
f 338//273 335//273 336//273
f 340//274 337//274 338//274
f 342//275 339//275 340//275
f 344//276 341//276 342//276
f 346//277 343//277 344//277
f 348//278 345//278 346//278
f 350//279 347//279 348//279
f 298//280 349//280 350//280
f 354//281 351//281 352//281
f 356//282 353//282 354//282
f 358//283 355//283 356//283
f 360//284 357//284 358//284
f 362//285 359//285 360//285
f 364//286 361//286 362//286
f 366//287 363//287 364//287
f 368//288 365//288 366//288
f 370//289 367//289 368//289
f 372//290 369//290 370//290
f 374//291 371//291 372//291
f 376//292 373//292 374//292
f 378//293 375//293 376//293
f 380//294 377//294 378//294
f 382//295 379//295 380//295
f 384//296 381//296 382//296
f 386//297 383//297 384//297
f 388//298 385//298 386//298
f 390//299 387//299 388//299
f 392//300 389//300 390//300
f 394//301 391//301 392//301
f 396//302 393//302 394//302
f 398//303 395//303 396//303
f 400//304 397//304 398//304
f 402//305 399//305 400//305
f 404//306 401//306 402//306
f 352//307 403//307 404//307
f 486//308 488//308 487//308
f 486//309 489//309 488//309
f 485//310 489//310 486//310
f 485//311 490//311 489//311
f 484//312 490//312 485//312
f 484//313 491//313 490//313
f 483//314 491//314 484//314
f 483//315 492//315 491//315
f 482//316 492//316 483//316
f 482//317 493//317 492//317
f 482//318 494//318 493//318
f 481//319 494//319 482//319
f 481//320 495//320 494//320
f 480//321 495//321 481//321
f 480//322 496//322 495//322
f 479//323 496//323 480//323
f 478//324 417//324 479//324
f 417//325 416//325 479//325
f 416//326 415//326 479//326
f 415//327 496//327 479//327
f 415//328 414//328 496//328
f 414//329 405//329 496//329
f 414//330 406//330 405//330
f 414//331 407//331 406//331
f 414//332 408//332 407//332
f 414//333 409//333 408//333
f 414//334 410//334 409//334
f 414//335 411//335 410//335
f 414//336 412//336 411//336
f 414//337 413//337 412//337
f 478//338 418//338 417//338
f 478//339 419//339 418//339
f 478//340 420//340 419//340
f 478//341 421//341 420//341
f 478//342 422//342 421//342
f 478//343 423//343 422//343
f 478//344 445//344 423//344
f 445//345 444//345 423//345
f 444//346 443//346 423//346
f 443//347 424//347 423//347
f 443//348 425//348 424//348
f 443//349 426//349 425//349
f 443//350 427//350 426//350
f 443//351 428//351 427//351
f 443//352 429//352 428//352
f 443//353 430//353 429//353
f 443//354 431//354 430//354
f 443//355 432//355 431//355
f 443//356 442//356 432//356
f 442//357 433//357 432//357
f 442//358 434//358 433//358
f 442//359 435//359 434//359
f 442//360 436//360 435//360
f 442//361 437//361 436//361
f 442//362 438//362 437//362
f 442//363 439//363 438//363
f 442//364 440//364 439//364
f 442//365 441//365 440//365
f 478//366 446//366 445//366
f 478//367 447//367 446//367
f 478//368 448//368 447//368
f 478//369 449//369 448//369
f 478//370 450//370 449//370
f 478//371 451//371 450//371
f 478//372 452//372 451//372
f 478//373 453//373 452//373
f 478//374 454//374 453//374
f 478//375 455//375 454//375
f 478//376 456//376 455//376
f 478//377 457//377 456//377
f 478//378 458//378 457//378
f 478//379 459//379 458//379
f 478//380 460//380 459//380
f 478//381 461//381 460//381
f 477//382 461//382 478//382
f 477//383 462//383 461//383
f 476//384 462//384 477//384
f 476//385 463//385 462//385
f 475//386 463//386 476//386
f 475//387 464//387 463//387
f 474//388 464//388 475//388
f 474//389 465//389 464//389
f 473//390 465//390 474//390
f 473//391 466//391 465//391
f 472//392 466//392 473//392
f 472//393 467//393 466//393
f 471//394 467//394 472//394
f 471//395 468//395 467//395
f 470//396 468//396 471//396
f 470//397 469//397 468//397
f 530//398 532//398 531//398
f 530//399 533//399 532//399
f 529//400 533//400 530//400
f 528//401 533//401 529//401
f 527//402 533//402 528//402
f 527//403 534//403 533//403
f 526//404 534//404 527//404
f 525//405 534//405 526//405
f 524//406 534//406 525//406
f 523//407 534//407 524//407
f 523//408 535//408 534//408
f 522//409 547//409 523//409
f 547//410 546//410 523//410
f 546//411 545//411 523//411
f 545//412 535//412 523//412
f 545//413 536//413 535//413
f 545//414 544//414 536//414
f 544//415 537//415 536//415
f 544//416 570//416 537//416
f 570//417 538//417 537//417
f 569//418 538//418 570//418
f 568//419 538//419 569//419
f 522//420 548//420 547//420
f 522//421 549//421 548//421
f 568//422 539//422 538//422
f 567//423 539//423 568//423
f 566//424 539//424 567//424
f 565//425 539//425 566//425
f 564//426 539//426 565//426
f 564//427 540//427 539//427
f 563//428 540//428 564//428
f 562//429 540//429 563//429
f 562//430 541//430 540//430
f 561//431 541//431 562//431
f 560//432 541//432 561//432
f 560//433 542//433 541//433
f 559//434 542//434 560//434
f 558//435 542//435 559//435
f 557//436 542//436 558//436
f 557//437 543//437 542//437
f 556//438 543//438 557//438
f 555//439 543//439 556//439
f 522//440 550//440 549//440
f 522//441 551//441 550//441
f 554//442 543//442 555//442
f 522//443 552//443 551//443
f 522//444 553//444 552//444
f 522//445 591//445 553//445
f 591//446 590//446 553//446
f 590//447 554//447 553//447
f 590//448 589//448 554//448
f 589//449 543//449 554//449
f 589//450 497//450 543//450
f 589//451 498//451 497//451
f 589//452 499//452 498//452
f 589//453 500//453 499//453
f 589//454 501//454 500//454
f 589//455 588//455 501//455
f 588//456 502//456 501//456
f 588//457 587//457 502//457
f 587//458 586//458 502//458
f 586//459 503//459 502//459
f 585//460 503//460 586//460
f 522//461 592//461 591//461
f 522//462 593//462 592//462
f 584//463 503//463 585//463
f 584//464 504//464 503//464
f 583//465 504//465 584//465
f 582//466 504//466 583//466
f 581//467 504//467 582//467
f 580//468 504//468 581//468
f 580//469 505//469 504//469
f 579//470 505//470 580//470
f 578//471 505//471 579//471
f 578//472 506//472 505//472
f 577//473 506//473 578//473
f 576//474 506//474 577//474
f 576//475 507//475 506//475
f 575//476 507//476 576//476
f 574//477 507//477 575//477
f 573//478 507//478 574//478
f 573//479 508//479 507//479
f 572//480 508//480 573//480
f 522//481 594//481 593//481
f 522//482 595//482 594//482
f 571//483 508//483 572//483
f 522//484 596//484 595//484
f 522//485 597//485 596//485
f 522//486 571//486 597//486
f 522//487 508//487 571//487
f 522//488 509//488 508//488
f 522//489 510//489 509//489
f 522//490 511//490 510//490
f 522//491 512//491 511//491
f 521//492 512//492 522//492
f 520//493 512//493 521//493
f 519//494 512//494 520//494
f 518//495 512//495 519//495
f 517//496 512//496 518//496
f 517//497 513//497 512//497
f 516//498 513//498 517//498
f 515//499 513//499 516//499
f 514//500 513//500 515//500
f 683//501 685//501 684//501
f 683//502 686//502 685//502
f 601//503 603//503 602//503
f 601//504 604//504 603//504
f 682//505 686//505 683//505
f 601//506 605//506 604//506
f 682//507 687//507 686//507
f 600//508 605//508 601//508
f 681//509 687//509 682//509
f 600//510 606//510 605//510
f 680//511 687//511 681//511
f 600//512 607//512 606//512
f 680//513 688//513 687//513
f 599//514 607//514 600//514
f 679//515 688//515 680//515
f 599//516 608//516 607//516
f 679//517 689//517 688//517
f 598//518 608//518 599//518
f 598//519 609//519 608//519
f 678//520 689//520 679//520
f 598//521 610//521 609//521
f 677//522 689//522 678//522
f 677//523 690//523 689//523
f 698//524 610//524 598//524
f 698//525 611//525 610//525
f 676//526 690//526 677//526
f 675//527 656//527 676//527
f 656//528 655//528 676//528
f 655//529 654//529 676//529
f 654//530 653//530 676//530
f 653//531 652//531 676//531
f 652//532 651//532 676//532
f 651//533 690//533 676//533
f 698//534 636//534 611//534
f 636//535 635//535 611//535
f 635//536 634//536 611//536
f 634//537 633//537 611//537
f 633//538 632//538 611//538
f 632//539 631//539 611//539
f 631//540 612//540 611//540
f 698//541 637//541 636//541
f 698//542 638//542 637//542
f 650//543 690//543 651//543
f 649//544 690//544 650//544
f 698//545 639//545 638//545
f 630//546 612//546 631//546
f 648//547 690//547 649//547
f 675//548 657//548 656//548
f 629//549 612//549 630//549
f 675//550 658//550 657//550
f 648//551 691//551 690//551
f 697//552 639//552 698//552
f 696//553 639//553 697//553
f 648//554 692//554 691//554
f 695//555 639//555 696//555
f 648//556 693//556 692//556
f 694//557 639//557 695//557
f 648//558 694//558 693//558
f 648//559 639//559 694//559
f 647//560 639//560 648//560
f 647//561 640//561 639//561
f 646//562 640//562 647//562
f 646//563 641//563 640//563
f 645//564 641//564 646//564
f 645//565 642//565 641//565
f 644//566 642//566 645//566
f 644//567 643//567 642//567
f 674//568 658//568 675//568
f 674//569 659//569 658//569
f 628//570 612//570 629//570
f 628//571 613//571 612//571
f 673//572 659//572 674//572
f 627//573 613//573 628//573
f 673//574 660//574 659//574
f 627//575 614//575 613//575
f 672//576 660//576 673//576
f 626//577 614//577 627//577
f 672//578 661//578 660//578
f 626//579 615//579 614//579
f 671//580 661//580 672//580
f 625//581 615//581 626//581
f 671//582 662//582 661//582
f 625//583 616//583 615//583
f 670//584 662//584 671//584
f 670//585 663//585 662//585
f 624//586 616//586 625//586
f 624//587 617//587 616//587
f 669//588 663//588 670//588
f 669//589 664//589 663//589
f 623//590 617//590 624//590
f 623//591 618//591 617//591
f 668//592 664//592 669//592
f 622//593 618//593 623//593
f 668//594 665//594 664//594
f 622//595 619//595 618//595
f 667//596 665//596 668//596
f 621//597 619//597 622//597
f 667//598 666//598 665//598
f 621//599 620//599 619//599
f 723//600 725//600 724//600
f 722//601 725//601 723//601
f 722//602 726//602 725//602
f 721//603 726//603 722//603
f 721//604 727//604 726//604
f 720//605 727//605 721//605
f 720//606 728//606 727//606
f 719//607 728//607 720//607
f 719//608 729//608 728//608
f 718//609 729//609 719//609
f 718//610 730//610 729//610
f 717//611 730//611 718//611
f 717//612 731//612 730//612
f 716//613 766//613 717//613
f 766//614 731//614 717//614
f 766//615 732//615 731//615
f 716//616 767//616 766//616
f 765//617 732//617 766//617
f 716//618 768//618 767//618
f 764//619 732//619 765//619
f 716//620 769//620 768//620
f 763//621 732//621 764//621
f 715//622 769//622 716//622
f 763//623 733//623 732//623
f 715//624 770//624 769//624
f 762//625 733//625 763//625
f 715//626 771//626 770//626
f 761//627 733//627 762//627
f 714//628 771//628 715//628
f 761//629 734//629 733//629
f 714//630 772//630 771//630
f 760//631 734//631 761//631
f 713//632 772//632 714//632
f 760//633 735//633 734//633
f 713//634 773//634 772//634
f 759//635 735//635 760//635
f 712//636 773//636 713//636
f 759//637 736//637 735//637
f 712//638 774//638 773//638
f 758//639 736//639 759//639
f 712//640 775//640 774//640
f 757//641 736//641 758//641
f 711//642 775//642 712//642
f 757//643 737//643 736//643
f 710//644 775//644 711//644
f 757//645 738//645 737//645
f 710//646 776//646 775//646
f 756//647 738//647 757//647
f 710//648 777//648 776//648
f 755//649 738//649 756//649
f 709//650 777//650 710//650
f 755//651 739//651 738//651
f 709//652 778//652 777//652
f 754//653 739//653 755//653
f 708//654 778//654 709//654
f 754//655 740//655 739//655
f 708//656 779//656 778//656
f 753//657 740//657 754//657
f 707//658 779//658 708//658
f 753//659 741//659 740//659
f 707//660 780//660 779//660
f 752//661 741//661 753//661
f 707//662 781//662 780//662
f 751//663 741//663 752//663
f 706//664 781//664 707//664
f 751//665 742//665 741//665
f 706//666 782//666 781//666
f 750//667 742//667 751//667
f 706//668 749//668 782//668
f 749//669 742//669 750//669
f 706//670 742//670 749//670
f 705//671 742//671 706//671
f 705//672 743//672 742//672
f 704//673 743//673 705//673
f 704//674 744//674 743//674
f 704//675 745//675 744//675
f 703//676 745//676 704//676
f 702//677 745//677 703//677
f 702//678 746//678 745//678
f 702//679 747//679 746//679
f 701//680 747//680 702//680
f 701//681 748//681 747//681
f 700//682 748//682 701//682
f 700//683 699//683 748//683
f 816//684 818//684 817//684
f 816//685 819//685 818//685
f 815//686 819//686 816//686
f 814//687 819//687 815//687
f 813//688 819//688 814//688
f 813//689 820//689 819//689
f 812//690 820//690 813//690
f 811//691 820//691 812//691
f 810//692 820//692 811//692
f 809//693 820//693 810//693
f 809//694 821//694 820//694
f 808//695 833//695 809//695
f 833//696 832//696 809//696
f 832//697 831//697 809//697
f 831//698 821//698 809//698
f 831//699 822//699 821//699
f 831//700 830//700 822//700
f 830//701 823//701 822//701
f 830//702 856//702 823//702
f 856//703 824//703 823//703
f 855//704 824//704 856//704
f 854//705 824//705 855//705
f 808//706 834//706 833//706
f 808//707 835//707 834//707
f 854//708 825//708 824//708
f 853//709 825//709 854//709
f 852//710 825//710 853//710
f 851//711 825//711 852//711
f 850//712 825//712 851//712
f 850//713 826//713 825//713
f 849//714 826//714 850//714
f 848//715 826//715 849//715
f 848//716 827//716 826//716
f 847//717 827//717 848//717
f 846//718 827//718 847//718
f 846//719 828//719 827//719
f 845//720 828//720 846//720
f 844//721 828//721 845//721
f 843//722 828//722 844//722
f 843//723 829//723 828//723
f 842//724 829//724 843//724
f 841//725 829//725 842//725
f 808//726 836//726 835//726
f 808//727 837//727 836//727
f 840//728 829//728 841//728
f 808//729 838//729 837//729
f 808//730 839//730 838//730
f 808//731 877//731 839//731
f 877//732 876//732 839//732
f 876//733 840//733 839//733
f 876//734 875//734 840//734
f 875//735 829//735 840//735
f 875//736 783//736 829//736
f 875//737 784//737 783//737
f 875//738 785//738 784//738
f 875//739 786//739 785//739
f 875//740 787//740 786//740
f 875//741 874//741 787//741
f 874//742 788//742 787//742
f 874//743 873//743 788//743
f 873//744 872//744 788//744
f 872//745 789//745 788//745
f 871//746 789//746 872//746
f 808//747 878//747 877//747
f 808//748 879//748 878//748
f 870//749 789//749 871//749
f 870//750 790//750 789//750
f 869//751 790//751 870//751
f 868//752 790//752 869//752
f 867//753 790//753 868//753
f 866//754 790//754 867//754
f 866//755 791//755 790//755
f 865//756 791//756 866//756
f 864//757 791//757 865//757
f 864//758 792//758 791//758
f 863//759 792//759 864//759
f 862//760 792//760 863//760
f 862//761 793//761 792//761
f 861//762 793//762 862//762
f 860//763 793//763 861//763
f 859//764 793//764 860//764
f 859//765 794//765 793//765
f 858//766 794//766 859//766
f 808//767 880//767 879//767
f 808//768 881//768 880//768
f 857//769 794//769 858//769
f 808//770 882//770 881//770
f 808//771 883//771 882//771
f 808//772 857//772 883//772
f 808//773 794//773 857//773
f 808//774 795//774 794//774
f 808//775 796//775 795//775
f 808//776 797//776 796//776
f 808//777 798//777 797//777
f 807//778 798//778 808//778
f 806//779 798//779 807//779
f 805//780 798//780 806//780
f 804//781 798//781 805//781
f 803//782 798//782 804//782
f 803//783 799//783 798//783
f 802//784 799//784 803//784
f 801//785 799//785 802//785
f 800//786 799//786 801//786
f 965//787 966//787 967//787
f 965//788 967//788 968//788
f 964//789 965//789 968//789
f 964//790 968//790 969//790
f 963//791 964//791 969//791
f 963//792 969//792 970//792
f 962//793 963//793 970//793
f 962//794 970//794 971//794
f 961//795 962//795 971//795
f 961//796 971//796 972//796
f 961//797 972//797 973//797
f 960//798 961//798 973//798
f 960//799 973//799 974//799
f 959//800 960//800 974//800
f 959//801 974//801 975//801
f 958//802 959//802 975//802
f 957//803 958//803 896//803
f 896//804 958//804 895//804
f 895//805 958//805 894//805
f 894//806 958//806 975//806
f 894//807 975//807 893//807
f 893//808 975//808 884//808
f 893//809 884//809 885//809
f 893//810 885//810 886//810
f 893//811 886//811 887//811
f 893//812 887//812 888//812
f 893//813 888//813 889//813
f 893//814 889//814 890//814
f 893//815 890//815 891//815
f 893//816 891//816 892//816
f 957//817 896//817 897//817
f 957//818 897//818 898//818
f 957//819 898//819 899//819
f 957//820 899//820 900//820
f 957//821 900//821 901//821
f 957//822 901//822 902//822
f 957//823 902//823 924//823
f 924//824 902//824 923//824
f 923//825 902//825 922//825
f 922//826 902//826 903//826
f 922//827 903//827 904//827
f 922//828 904//828 905//828
f 922//829 905//829 906//829
f 922//830 906//830 907//830
f 922//831 907//831 908//831
f 922//832 908//832 909//832
f 922//833 909//833 910//833
f 922//834 910//834 911//834
f 922//835 911//835 921//835
f 921//836 911//836 912//836
f 921//837 912//837 913//837
f 921//838 913//838 914//838
f 921//839 914//839 915//839
f 921//840 915//840 916//840
f 921//841 916//841 917//841
f 921//842 917//842 918//842
f 921//843 918//843 919//843
f 921//844 919//844 920//844
f 957//845 924//845 925//845
f 957//846 925//846 926//846
f 957//847 926//847 927//847
f 957//848 927//848 928//848
f 957//849 928//849 929//849
f 957//850 929//850 930//850
f 957//851 930//851 931//851
f 957//852 931//852 932//852
f 957//853 932//853 933//853
f 957//854 933//854 934//854
f 957//855 934//855 935//855
f 957//856 935//856 936//856
f 957//857 936//857 937//857
f 957//858 937//858 938//858
f 957//859 938//859 939//859
f 957//860 939//860 940//860
f 956//861 957//861 940//861
f 956//862 940//862 941//862
f 955//863 956//863 941//863
f 955//864 941//864 942//864
f 954//865 955//865 942//865
f 954//866 942//866 943//866
f 953//867 954//867 943//867
f 953//868 943//868 944//868
f 952//869 953//869 944//869
f 952//870 944//870 945//870
f 951//871 952//871 945//871
f 951//872 945//872 946//872
f 950//873 951//873 946//873
f 950//874 946//874 947//874
f 949//875 950//875 947//875
f 949//876 947//876 948//876
f 1009//877 1010//877 1011//877
f 1009//878 1011//878 1012//878
f 1008//879 1009//879 1012//879
f 1007//880 1008//880 1012//880
f 1006//881 1007//881 1012//881
f 1006//882 1012//882 1013//882
f 1005//883 1006//883 1013//883
f 1004//884 1005//884 1013//884
f 1003//885 1004//885 1013//885
f 1002//886 1003//886 1013//886
f 1002//887 1013//887 1014//887
f 1001//888 1002//888 1026//888
f 1026//889 1002//889 1025//889
f 1025//890 1002//890 1024//890
f 1024//891 1002//891 1014//891
f 1024//892 1014//892 1015//892
f 1024//893 1015//893 1023//893
f 1023//894 1015//894 1016//894
f 1023//895 1016//895 1049//895
f 1049//896 1016//896 1017//896
f 1048//897 1049//897 1017//897
f 1047//898 1048//898 1017//898
f 1001//899 1026//899 1027//899
f 1001//900 1027//900 1028//900
f 1047//901 1017//901 1018//901
f 1046//902 1047//902 1018//902
f 1045//903 1046//903 1018//903
f 1044//904 1045//904 1018//904
f 1043//905 1044//905 1018//905
f 1043//906 1018//906 1019//906
f 1042//907 1043//907 1019//907
f 1041//908 1042//908 1019//908
f 1041//909 1019//909 1020//909
f 1040//910 1041//910 1020//910
f 1039//911 1040//911 1020//911
f 1039//912 1020//912 1021//912
f 1038//913 1039//913 1021//913
f 1037//914 1038//914 1021//914
f 1036//915 1037//915 1021//915
f 1036//916 1021//916 1022//916
f 1035//917 1036//917 1022//917
f 1034//918 1035//918 1022//918
f 1001//919 1028//919 1029//919
f 1001//920 1029//920 1030//920
f 1033//921 1034//921 1022//921
f 1001//922 1030//922 1031//922
f 1001//923 1031//923 1032//923
f 1001//924 1032//924 1070//924
f 1070//925 1032//925 1069//925
f 1069//926 1032//926 1033//926
f 1069//927 1033//927 1068//927
f 1068//928 1033//928 1022//928
f 1068//929 1022//929 976//929
f 1068//930 976//930 977//930
f 1068//931 977//931 978//931
f 1068//932 978//932 979//932
f 1068//933 979//933 980//933
f 1068//934 980//934 1067//934
f 1067//935 980//935 981//935
f 1067//936 981//936 1066//936
f 1066//937 981//937 1065//937
f 1065//938 981//938 982//938
f 1064//939 1065//939 982//939
f 1001//940 1070//940 1071//940
f 1001//941 1071//941 1072//941
f 1063//942 1064//942 982//942
f 1063//943 982//943 983//943
f 1062//944 1063//944 983//944
f 1061//945 1062//945 983//945
f 1060//946 1061//946 983//946
f 1059//947 1060//947 983//947
f 1059//948 983//948 984//948
f 1058//949 1059//949 984//949
f 1057//950 1058//950 984//950
f 1057//951 984//951 985//951
f 1056//952 1057//952 985//952
f 1055//953 1056//953 985//953
f 1055//954 985//954 986//954
f 1054//955 1055//955 986//955
f 1053//956 1054//956 986//956
f 1052//957 1053//957 986//957
f 1052//958 986//958 987//958
f 1051//959 1052//959 987//959
f 1001//960 1072//960 1073//960
f 1001//961 1073//961 1074//961
f 1050//962 1051//962 987//962
f 1001//963 1074//963 1075//963
f 1001//964 1075//964 1076//964
f 1001//965 1076//965 1050//965
f 1001//966 1050//966 987//966
f 1001//967 987//967 988//967
f 1001//968 988//968 989//968
f 1001//969 989//969 990//969
f 1001//970 990//970 991//970
f 1000//971 1001//971 991//971
f 999//972 1000//972 991//972
f 998//973 999//973 991//973
f 997//974 998//974 991//974
f 996//975 997//975 991//975
f 996//976 991//976 992//976
f 995//977 996//977 992//977
f 994//978 995//978 992//978
f 993//979 994//979 992//979
f 1162//980 1163//980 1164//980
f 1162//981 1164//981 1165//981
f 1080//982 1081//982 1082//982
f 1080//983 1082//983 1083//983
f 1161//984 1162//984 1165//984
f 1080//985 1083//985 1084//985
f 1161//986 1165//986 1166//986
f 1079//987 1080//987 1084//987
f 1160//988 1161//988 1166//988
f 1079//989 1084//989 1085//989
f 1159//990 1160//990 1166//990
f 1079//991 1085//991 1086//991
f 1159//992 1166//992 1167//992
f 1078//993 1079//993 1086//993
f 1158//994 1159//994 1167//994
f 1078//995 1086//995 1087//995
f 1158//996 1167//996 1168//996
f 1077//997 1078//997 1087//997
f 1077//998 1087//998 1088//998
f 1157//999 1158//999 1168//999
f 1077//1000 1088//1000 1089//1000
f 1156//1001 1157//1001 1168//1001
f 1156//1002 1168//1002 1169//1002
f 1177//1003 1077//1003 1089//1003
f 1177//1004 1089//1004 1090//1004
f 1155//1005 1156//1005 1169//1005
f 1154//1006 1155//1006 1135//1006
f 1135//1007 1155//1007 1134//1007
f 1134//1008 1155//1008 1133//1008
f 1133//1009 1155//1009 1132//1009
f 1132//1010 1155//1010 1131//1010
f 1131//1011 1155//1011 1130//1011
f 1130//1012 1155//1012 1169//1012
f 1177//1013 1090//1013 1115//1013
f 1115//1014 1090//1014 1114//1014
f 1114//1015 1090//1015 1113//1015
f 1113//1016 1090//1016 1112//1016
f 1112//1017 1090//1017 1111//1017
f 1111//1018 1090//1018 1110//1018
f 1110//1019 1090//1019 1091//1019
f 1177//1020 1115//1020 1116//1020
f 1177//1021 1116//1021 1117//1021
f 1129//1022 1130//1022 1169//1022
f 1128//1023 1129//1023 1169//1023
f 1177//1024 1117//1024 1118//1024
f 1109//1025 1110//1025 1091//1025
f 1127//1026 1128//1026 1169//1026
f 1154//1027 1135//1027 1136//1027
f 1108//1028 1109//1028 1091//1028
f 1154//1029 1136//1029 1137//1029
f 1127//1030 1169//1030 1170//1030
f 1176//1031 1177//1031 1118//1031
f 1175//1032 1176//1032 1118//1032
f 1127//1033 1170//1033 1171//1033
f 1174//1034 1175//1034 1118//1034
f 1127//1035 1171//1035 1172//1035
f 1173//1036 1174//1036 1118//1036
f 1127//1037 1172//1037 1173//1037
f 1127//1038 1173//1038 1118//1038
f 1126//1039 1127//1039 1118//1039
f 1126//1040 1118//1040 1119//1040
f 1125//1041 1126//1041 1119//1041
f 1125//1042 1119//1042 1120//1042
f 1124//1043 1125//1043 1120//1043
f 1124//1044 1120//1044 1121//1044
f 1123//1045 1124//1045 1121//1045
f 1123//1046 1121//1046 1122//1046
f 1153//1047 1154//1047 1137//1047
f 1153//1048 1137//1048 1138//1048
f 1107//1049 1108//1049 1091//1049
f 1107//1050 1091//1050 1092//1050
f 1152//1051 1153//1051 1138//1051
f 1106//1052 1107//1052 1092//1052
f 1152//1053 1138//1053 1139//1053
f 1106//1054 1092//1054 1093//1054
f 1151//1055 1152//1055 1139//1055
f 1105//1056 1106//1056 1093//1056
f 1151//1057 1139//1057 1140//1057
f 1105//1058 1093//1058 1094//1058
f 1150//1059 1151//1059 1140//1059
f 1104//1060 1105//1060 1094//1060
f 1150//1061 1140//1061 1141//1061
f 1104//1062 1094//1062 1095//1062
f 1149//1063 1150//1063 1141//1063
f 1149//1064 1141//1064 1142//1064
f 1103//1065 1104//1065 1095//1065
f 1103//1066 1095//1066 1096//1066
f 1148//1067 1149//1067 1142//1067
f 1148//1068 1142//1068 1143//1068
f 1102//1069 1103//1069 1096//1069
f 1102//1070 1096//1070 1097//1070
f 1147//1071 1148//1071 1143//1071
f 1101//1072 1102//1072 1097//1072
f 1147//1073 1143//1073 1144//1073
f 1101//1074 1097//1074 1098//1074
f 1146//1075 1147//1075 1144//1075
f 1100//1076 1101//1076 1098//1076
f 1146//1077 1144//1077 1145//1077
f 1100//1078 1098//1078 1099//1078
f 1202//1079 1203//1079 1204//1079
f 1201//1080 1202//1080 1204//1080
f 1201//1081 1204//1081 1205//1081
f 1200//1082 1201//1082 1205//1082
f 1200//1083 1205//1083 1206//1083
f 1199//1084 1200//1084 1206//1084
f 1199//1085 1206//1085 1207//1085
f 1198//1086 1199//1086 1207//1086
f 1198//1087 1207//1087 1208//1087
f 1197//1088 1198//1088 1208//1088
f 1197//1089 1208//1089 1209//1089
f 1196//1090 1197//1090 1209//1090
f 1196//1091 1209//1091 1210//1091
f 1195//1092 1196//1092 1245//1092
f 1245//1093 1196//1093 1210//1093
f 1245//1094 1210//1094 1211//1094
f 1195//1095 1245//1095 1246//1095
f 1244//1096 1245//1096 1211//1096
f 1195//1097 1246//1097 1247//1097
f 1243//1098 1244//1098 1211//1098
f 1195//1099 1247//1099 1248//1099
f 1242//1100 1243//1100 1211//1100
f 1194//1101 1195//1101 1248//1101
f 1242//1102 1211//1102 1212//1102
f 1194//1103 1248//1103 1249//1103
f 1241//1104 1242//1104 1212//1104
f 1194//1105 1249//1105 1250//1105
f 1240//1106 1241//1106 1212//1106
f 1193//1107 1194//1107 1250//1107
f 1240//1108 1212//1108 1213//1108
f 1193//1109 1250//1109 1251//1109
f 1239//1110 1240//1110 1213//1110
f 1192//1111 1193//1111 1251//1111
f 1239//1112 1213//1112 1214//1112
f 1192//1113 1251//1113 1252//1113
f 1238//1114 1239//1114 1214//1114
f 1191//1115 1192//1115 1252//1115
f 1238//1116 1214//1116 1215//1116
f 1191//1117 1252//1117 1253//1117
f 1237//1118 1238//1118 1215//1118
f 1191//1119 1253//1119 1254//1119
f 1236//1120 1237//1120 1215//1120
f 1190//1121 1191//1121 1254//1121
f 1236//1122 1215//1122 1216//1122
f 1189//1123 1190//1123 1254//1123
f 1236//1124 1216//1124 1217//1124
f 1189//1125 1254//1125 1255//1125
f 1235//1126 1236//1126 1217//1126
f 1189//1127 1255//1127 1256//1127
f 1234//1128 1235//1128 1217//1128
f 1188//1129 1189//1129 1256//1129
f 1234//1130 1217//1130 1218//1130
f 1188//1131 1256//1131 1257//1131
f 1233//1132 1234//1132 1218//1132
f 1187//1133 1188//1133 1257//1133
f 1233//1134 1218//1134 1219//1134
f 1187//1135 1257//1135 1258//1135
f 1232//1136 1233//1136 1219//1136
f 1186//1137 1187//1137 1258//1137
f 1232//1138 1219//1138 1220//1138
f 1186//1139 1258//1139 1259//1139
f 1231//1140 1232//1140 1220//1140
f 1186//1141 1259//1141 1260//1141
f 1230//1142 1231//1142 1220//1142
f 1185//1143 1186//1143 1260//1143
f 1230//1144 1220//1144 1221//1144
f 1185//1145 1260//1145 1261//1145
f 1229//1146 1230//1146 1221//1146
f 1185//1147 1261//1147 1228//1147
f 1228//1148 1229//1148 1221//1148
f 1185//1149 1228//1149 1221//1149
f 1184//1150 1185//1150 1221//1150
f 1184//1151 1221//1151 1222//1151
f 1183//1152 1184//1152 1222//1152
f 1183//1153 1222//1153 1223//1153
f 1183//1154 1223//1154 1224//1154
f 1182//1155 1183//1155 1224//1155
f 1181//1156 1182//1156 1224//1156
f 1181//1157 1224//1157 1225//1157
f 1181//1158 1225//1158 1226//1158
f 1180//1159 1181//1159 1226//1159
f 1180//1160 1226//1160 1227//1160
f 1179//1161 1180//1161 1227//1161
f 1179//1162 1227//1162 1178//1162
f 1295//1163 1296//1163 1297//1163
f 1295//1164 1297//1164 1298//1164
f 1294//1165 1295//1165 1298//1165
f 1293//1166 1294//1166 1298//1166
f 1292//1167 1293//1167 1298//1167
f 1292//1168 1298//1168 1299//1168
f 1291//1169 1292//1169 1299//1169
f 1290//1170 1291//1170 1299//1170
f 1289//1171 1290//1171 1299//1171
f 1288//1172 1289//1172 1299//1172
f 1288//1173 1299//1173 1300//1173
f 1287//1174 1288//1174 1312//1174
f 1312//1175 1288//1175 1311//1175
f 1311//1176 1288//1176 1310//1176
f 1310//1177 1288//1177 1300//1177
f 1310//1178 1300//1178 1301//1178
f 1310//1179 1301//1179 1309//1179
f 1309//1180 1301//1180 1302//1180
f 1309//1181 1302//1181 1335//1181
f 1335//1182 1302//1182 1303//1182
f 1334//1183 1335//1183 1303//1183
f 1333//1184 1334//1184 1303//1184
f 1287//1185 1312//1185 1313//1185
f 1287//1186 1313//1186 1314//1186
f 1333//1187 1303//1187 1304//1187
f 1332//1188 1333//1188 1304//1188
f 1331//1189 1332//1189 1304//1189
f 1330//1190 1331//1190 1304//1190
f 1329//1191 1330//1191 1304//1191
f 1329//1192 1304//1192 1305//1192
f 1328//1193 1329//1193 1305//1193
f 1327//1194 1328//1194 1305//1194
f 1327//1195 1305//1195 1306//1195
f 1326//1196 1327//1196 1306//1196
f 1325//1197 1326//1197 1306//1197
f 1325//1198 1306//1198 1307//1198
f 1324//1199 1325//1199 1307//1199
f 1323//1200 1324//1200 1307//1200
f 1322//1201 1323//1201 1307//1201
f 1322//1202 1307//1202 1308//1202
f 1321//1203 1322//1203 1308//1203
f 1320//1204 1321//1204 1308//1204
f 1287//1205 1314//1205 1315//1205
f 1287//1206 1315//1206 1316//1206
f 1319//1207 1320//1207 1308//1207
f 1287//1208 1316//1208 1317//1208
f 1287//1209 1317//1209 1318//1209
f 1287//1210 1318//1210 1356//1210
f 1356//1211 1318//1211 1355//1211
f 1355//1212 1318//1212 1319//1212
f 1355//1213 1319//1213 1354//1213
f 1354//1214 1319//1214 1308//1214
f 1354//1215 1308//1215 1262//1215
f 1354//1216 1262//1216 1263//1216
f 1354//1217 1263//1217 1264//1217
f 1354//1218 1264//1218 1265//1218
f 1354//1219 1265//1219 1266//1219
f 1354//1220 1266//1220 1353//1220
f 1353//1221 1266//1221 1267//1221
f 1353//1222 1267//1222 1352//1222
f 1352//1223 1267//1223 1351//1223
f 1351//1224 1267//1224 1268//1224
f 1350//1225 1351//1225 1268//1225
f 1287//1226 1356//1226 1357//1226
f 1287//1227 1357//1227 1358//1227
f 1349//1228 1350//1228 1268//1228
f 1349//1229 1268//1229 1269//1229
f 1348//1230 1349//1230 1269//1230
f 1347//1231 1348//1231 1269//1231
f 1346//1232 1347//1232 1269//1232
f 1345//1233 1346//1233 1269//1233
f 1345//1234 1269//1234 1270//1234
f 1344//1235 1345//1235 1270//1235
f 1343//1236 1344//1236 1270//1236
f 1343//1237 1270//1237 1271//1237
f 1342//1238 1343//1238 1271//1238
f 1341//1239 1342//1239 1271//1239
f 1341//1240 1271//1240 1272//1240
f 1340//1241 1341//1241 1272//1241
f 1339//1242 1340//1242 1272//1242
f 1338//1243 1339//1243 1272//1243
f 1338//1244 1272//1244 1273//1244
f 1337//1245 1338//1245 1273//1245
f 1287//1246 1358//1246 1359//1246
f 1287//1247 1359//1247 1360//1247
f 1336//1248 1337//1248 1273//1248
f 1287//1249 1360//1249 1361//1249
f 1287//1250 1361//1250 1362//1250
f 1287//1251 1362//1251 1336//1251
f 1287//1252 1336//1252 1273//1252
f 1287//1253 1273//1253 1274//1253
f 1287//1254 1274//1254 1275//1254
f 1287//1255 1275//1255 1276//1255
f 1287//1256 1276//1256 1277//1256
f 1286//1257 1287//1257 1277//1257
f 1285//1258 1286//1258 1277//1258
f 1284//1259 1285//1259 1277//1259
f 1283//1260 1284//1260 1277//1260
f 1282//1261 1283//1261 1277//1261
f 1282//1262 1277//1262 1278//1262
f 1281//1263 1282//1263 1278//1263
f 1280//1264 1281//1264 1278//1264
f 1279//1265 1280//1265 1278//1265
f 1366//1266 1363//1266 1364//1266
f 1368//1267 1365//1267 1366//1267
f 1370//1268 1367//1268 1368//1268
f 1372//1269 1369//1269 1370//1269
f 1374//1270 1371//1270 1372//1270
f 1376//1271 1373//1271 1374//1271
f 1378//1272 1375//1272 1376//1272
f 1380//1273 1377//1273 1378//1273
f 1382//1274 1379//1274 1380//1274
f 1384//1275 1381//1275 1382//1275
f 1386//1276 1383//1276 1384//1276
f 1388//1277 1385//1277 1386//1277
f 1390//1278 1387//1278 1388//1278
f 1392//1279 1389//1279 1390//1279
f 1394//1280 1391//1280 1392//1280
f 1396//1281 1393//1281 1394//1281
f 1398//1282 1395//1282 1396//1282
f 1400//1283 1397//1283 1398//1283
f 1402//1284 1399//1284 1400//1284
f 1404//1285 1401//1285 1402//1285
f 1406//1286 1403//1286 1404//1286
f 1408//1287 1405//1287 1406//1287
f 1410//1288 1407//1288 1408//1288
f 1412//1289 1409//1289 1410//1289
f 1414//1290 1411//1290 1412//1290
f 1416//1291 1413//1291 1414//1291
f 1418//1292 1415//1292 1416//1292
f 1420//1293 1417//1293 1418//1293
f 1422//1294 1419//1294 1420//1294
f 1424//1295 1421//1295 1422//1295
f 1426//1296 1423//1296 1424//1296
f 1428//1297 1425//1297 1426//1297
f 1430//1298 1427//1298 1428//1298
f 1432//1299 1429//1299 1430//1299
f 1434//1300 1431//1300 1432//1300
f 1436//1301 1433//1301 1434//1301
f 1438//1302 1435//1302 1436//1302
f 1440//1303 1437//1303 1438//1303
f 1442//1304 1439//1304 1440//1304
f 1444//1305 1441//1305 1442//1305
f 1446//1306 1443//1306 1444//1306
f 1448//1307 1445//1307 1446//1307
f 1450//1308 1447//1308 1448//1308
f 1452//1309 1449//1309 1450//1309
f 1454//1310 1451//1310 1452//1310
f 1456//1311 1453//1311 1454//1311
f 1364//1312 1455//1312 1456//1312
f 1460//1313 1457//1313 1458//1313
f 1462//1314 1459//1314 1460//1314
f 1464//1315 1461//1315 1462//1315
f 1466//1316 1463//1316 1464//1316
f 1468//1317 1465//1317 1466//1317
f 1470//1318 1467//1318 1468//1318
f 1472//1319 1469//1319 1470//1319
f 1474//1320 1471//1320 1472//1320
f 1476//1321 1473//1321 1474//1321
f 1478//1322 1475//1322 1476//1322
f 1480//1323 1477//1323 1478//1323
f 1482//1324 1479//1324 1480//1324
f 1484//1325 1481//1325 1482//1325
f 1486//1326 1483//1326 1484//1326
f 1488//1327 1485//1327 1486//1327
f 1490//1328 1487//1328 1488//1328
f 1492//1329 1489//1329 1490//1329
f 1494//1330 1491//1330 1492//1330
f 1496//1331 1493//1331 1494//1331
f 1498//1332 1495//1332 1496//1332
f 1500//1333 1497//1333 1498//1333
f 1502//1334 1499//1334 1500//1334
f 1504//1335 1501//1335 1502//1335
f 1506//1336 1503//1336 1504//1336
f 1508//1337 1505//1337 1506//1337
f 1510//1338 1507//1338 1508//1338
f 1458//1339 1509//1339 1510//1339
f 1514//1340 1511//1340 1512//1340
f 1516//1341 1513//1341 1514//1341
f 1518//1342 1515//1342 1516//1342
f 1520//1343 1517//1343 1518//1343
f 1522//1344 1519//1344 1520//1344
f 1524//1345 1521//1345 1522//1345
f 1526//1346 1523//1346 1524//1346
f 1528//1347 1525//1347 1526//1347
f 1530//1348 1527//1348 1528//1348
f 1532//1349 1529//1349 1530//1349
f 1534//1350 1531//1350 1532//1350
f 1536//1351 1533//1351 1534//1351
f 1538//1352 1535//1352 1536//1352
f 1540//1353 1537//1353 1538//1353
f 1542//1354 1539//1354 1540//1354
f 1544//1355 1541//1355 1542//1355
f 1546//1356 1543//1356 1544//1356
f 1548//1357 1545//1357 1546//1357
f 1550//1358 1547//1358 1548//1358
f 1552//1359 1549//1359 1550//1359
f 1554//1360 1551//1360 1552//1360
f 1556//1361 1553//1361 1554//1361
f 1558//1362 1555//1362 1556//1362
f 1560//1363 1557//1363 1558//1363
f 1562//1364 1559//1364 1560//1364
f 1564//1365 1561//1365 1562//1365
f 1512//1366 1563//1366 1564//1366
f 1568//1367 1565//1367 1566//1367
f 1570//1368 1567//1368 1568//1368
f 1572//1369 1569//1369 1570//1369
f 1574//1370 1571//1370 1572//1370
f 1576//1371 1573//1371 1574//1371
f 1578//1372 1575//1372 1576//1372
f 1580//1373 1577//1373 1578//1373
f 1582//1374 1579//1374 1580//1374
f 1584//1375 1581//1375 1582//1375
f 1586//1376 1583//1376 1584//1376
f 1588//1377 1585//1377 1586//1377
f 1590//1378 1587//1378 1588//1378
f 1592//1379 1589//1379 1590//1379
f 1594//1380 1591//1380 1592//1380
f 1596//1381 1593//1381 1594//1381
f 1598//1382 1595//1382 1596//1382
f 1600//1383 1597//1383 1598//1383
f 1602//1384 1599//1384 1600//1384
f 1604//1385 1601//1385 1602//1385
f 1606//1386 1603//1386 1604//1386
f 1608//1387 1605//1387 1606//1387
f 1610//1388 1607//1388 1608//1388
f 1612//1389 1609//1389 1610//1389
f 1614//1390 1611//1390 1612//1390
f 1616//1391 1613//1391 1614//1391
f 1618//1392 1615//1392 1616//1392
f 1620//1393 1617//1393 1618//1393
f 1622//1394 1619//1394 1620//1394
f 1624//1395 1621//1395 1622//1395
f 1626//1396 1623//1396 1624//1396
f 1628//1397 1625//1397 1626//1397
f 1630//1398 1627//1398 1628//1398
f 1632//1399 1629//1399 1630//1399
f 1634//1400 1631//1400 1632//1400
f 1636//1401 1633//1401 1634//1401
f 1638//1402 1635//1402 1636//1402
f 1640//1403 1637//1403 1638//1403
f 1642//1404 1639//1404 1640//1404
f 1644//1405 1641//1405 1642//1405
f 1646//1406 1643//1406 1644//1406
f 1648//1407 1645//1407 1646//1407
f 1650//1408 1647//1408 1648//1408
f 1652//1409 1649//1409 1650//1409
f 1654//1410 1651//1410 1652//1410
f 1656//1411 1653//1411 1654//1411
f 1658//1412 1655//1412 1656//1412
f 1660//1413 1657//1413 1658//1413
f 1662//1414 1659//1414 1660//1414
f 1664//1415 1661//1415 1662//1415
f 1566//1416 1663//1416 1664//1416
f 1668//1417 1665//1417 1666//1417
f 1670//1418 1667//1418 1668//1418
f 1672//1419 1669//1419 1670//1419
f 1674//1420 1671//1420 1672//1420
f 1676//1421 1673//1421 1674//1421
f 1678//1422 1675//1422 1676//1422
f 1680//1423 1677//1423 1678//1423
f 1682//1424 1679//1424 1680//1424
f 1684//1425 1681//1425 1682//1425
f 1686//1426 1683//1426 1684//1426
f 1688//1427 1685//1427 1686//1427
f 1690//1428 1687//1428 1688//1428
f 1692//1429 1689//1429 1690//1429
f 1694//1430 1691//1430 1692//1430
f 1696//1431 1693//1431 1694//1431
f 1698//1432 1695//1432 1696//1432
f 1700//1433 1697//1433 1698//1433
f 1702//1434 1699//1434 1700//1434
f 1704//1435 1701//1435 1702//1435
f 1706//1436 1703//1436 1704//1436
f 1708//1437 1705//1437 1706//1437
f 1710//1438 1707//1438 1708//1438
f 1712//1439 1709//1439 1710//1439
f 1714//1440 1711//1440 1712//1440
f 1716//1441 1713//1441 1714//1441
f 1718//1442 1715//1442 1716//1442
f 1720//1443 1717//1443 1718//1443
f 1722//1444 1719//1444 1720//1444
f 1724//1445 1721//1445 1722//1445
f 1726//1446 1723//1446 1724//1446
f 1728//1447 1725//1447 1726//1447
f 1730//1448 1727//1448 1728//1448
f 1732//1449 1729//1449 1730//1449
f 1666//1450 1731//1450 1732//1450
f 1736//1451 1733//1451 1734//1451
f 1738//1452 1735//1452 1736//1452
f 1740//1453 1737//1453 1738//1453
f 1742//1454 1739//1454 1740//1454
f 1744//1455 1741//1455 1742//1455
f 1746//1456 1743//1456 1744//1456
f 1748//1457 1745//1457 1746//1457
f 1750//1458 1747//1458 1748//1458
f 1752//1459 1749//1459 1750//1459
f 1754//1460 1751//1460 1752//1460
f 1756//1461 1753//1461 1754//1461
f 1758//1462 1755//1462 1756//1462
f 1760//1463 1757//1463 1758//1463
f 1762//1464 1759//1464 1760//1464
f 1764//1465 1761//1465 1762//1465
f 1766//1466 1763//1466 1764//1466
f 1768//1467 1765//1467 1766//1467
f 1770//1468 1767//1468 1768//1468
f 1772//1469 1769//1469 1770//1469
f 1774//1470 1771//1470 1772//1470
f 1776//1471 1773//1471 1774//1471
f 1778//1472 1775//1472 1776//1472
f 1780//1473 1777//1473 1778//1473
f 1782//1474 1779//1474 1780//1474
f 1784//1475 1781//1475 1782//1475
f 1786//1476 1783//1476 1784//1476
f 1788//1477 1785//1477 1786//1477
f 1790//1478 1787//1478 1788//1478
f 1792//1479 1789//1479 1790//1479
f 1794//1480 1791//1480 1792//1480
f 1796//1481 1793//1481 1794//1481
f 1798//1482 1795//1482 1796//1482
f 1800//1483 1797//1483 1798//1483
f 1802//1484 1799//1484 1800//1484
f 1804//1485 1801//1485 1802//1485
f 1806//1486 1803//1486 1804//1486
f 1808//1487 1805//1487 1806//1487
f 1810//1488 1807//1488 1808//1488
f 1812//1489 1809//1489 1810//1489
f 1814//1490 1811//1490 1812//1490
f 1816//1491 1813//1491 1814//1491
f 1818//1492 1815//1492 1816//1492
f 1820//1493 1817//1493 1818//1493
f 1822//1494 1819//1494 1820//1494
f 1824//1495 1821//1495 1822//1495
f 1826//1496 1823//1496 1824//1496
f 1828//1497 1825//1497 1826//1497
f 1830//1498 1827//1498 1828//1498
f 1832//1499 1829//1499 1830//1499
f 1834//1500 1831//1500 1832//1500
f 1836//1501 1833//1501 1834//1501
f 1838//1502 1835//1502 1836//1502
f 1840//1503 1837//1503 1838//1503
f 1842//1504 1839//1504 1840//1504
f 1844//1505 1841//1505 1842//1505
f 1846//1506 1843//1506 1844//1506
f 1848//1507 1845//1507 1846//1507
f 1850//1508 1847//1508 1848//1508
f 1852//1509 1849//1509 1850//1509
f 1854//1510 1851//1510 1852//1510
f 1856//1511 1853//1511 1854//1511
f 1858//1512 1855//1512 1856//1512
f 1860//1513 1857//1513 1858//1513
f 1862//1514 1859//1514 1860//1514
f 1864//1515 1861//1515 1862//1515
f 1866//1516 1863//1516 1864//1516
f 1868//1517 1865//1517 1866//1517
f 1870//1518 1867//1518 1868//1518
f 1872//1519 1869//1519 1870//1519
f 1874//1520 1871//1520 1872//1520
f 1876//1521 1873//1521 1874//1521
f 1878//1522 1875//1522 1876//1522
f 1880//1523 1877//1523 1878//1523
f 1882//1524 1879//1524 1880//1524
f 1884//1525 1881//1525 1882//1525
f 1886//1526 1883//1526 1884//1526
f 1888//1527 1885//1527 1886//1527
f 1890//1528 1887//1528 1888//1528
f 1892//1529 1889//1529 1890//1529
f 1894//1530 1891//1530 1892//1530
f 1896//1531 1893//1531 1894//1531
f 1898//1532 1895//1532 1896//1532
f 1900//1533 1897//1533 1898//1533
f 1902//1534 1899//1534 1900//1534
f 1904//1535 1901//1535 1902//1535
f 1906//1536 1903//1536 1904//1536
f 1908//1537 1905//1537 1906//1537
f 1910//1538 1907//1538 1908//1538
f 1912//1539 1909//1539 1910//1539
f 1914//1540 1911//1540 1912//1540
f 1916//1541 1913//1541 1914//1541
f 1918//1542 1915//1542 1916//1542
f 1920//1543 1917//1543 1918//1543
f 1922//1544 1919//1544 1920//1544
f 1924//1545 1921//1545 1922//1545
f 1926//1546 1923//1546 1924//1546
f 1928//1547 1925//1547 1926//1547
f 1930//1548 1927//1548 1928//1548
f 1932//1549 1929//1549 1930//1549
f 1934//1550 1931//1550 1932//1550
f 1734//1551 1933//1551 1934//1551
f 1938//1552 1935//1552 1936//1552
f 1940//1553 1937//1553 1938//1553
f 1942//1554 1939//1554 1940//1554
f 1944//1555 1941//1555 1942//1555
f 1946//1556 1943//1556 1944//1556
f 1948//1557 1945//1557 1946//1557
f 1950//1558 1947//1558 1948//1558
f 1952//1559 1949//1559 1950//1559
f 1954//1560 1951//1560 1952//1560
f 1956//1561 1953//1561 1954//1561
f 1958//1562 1955//1562 1956//1562
f 1960//1563 1957//1563 1958//1563
f 1962//1564 1959//1564 1960//1564
f 1964//1565 1961//1565 1962//1565
f 1966//1566 1963//1566 1964//1566
f 1968//1567 1965//1567 1966//1567
f 1970//1568 1967//1568 1968//1568
f 1972//1569 1969//1569 1970//1569
f 1974//1570 1971//1570 1972//1570
f 1976//1571 1973//1571 1974//1571
f 1978//1572 1975//1572 1976//1572
f 1980//1573 1977//1573 1978//1573
f 1982//1574 1979//1574 1980//1574
f 1984//1575 1981//1575 1982//1575
f 1986//1576 1983//1576 1984//1576
f 1988//1577 1985//1577 1986//1577
f 1990//1578 1987//1578 1988//1578
f 1992//1579 1989//1579 1990//1579
f 1994//1580 1991//1580 1992//1580
f 1996//1581 1993//1581 1994//1581
f 1998//1582 1995//1582 1996//1582
f 2000//1583 1997//1583 1998//1583
f 2002//1584 1999//1584 2000//1584
f 2004//1585 2001//1585 2002//1585
f 2006//1586 2003//1586 2004//1586
f 2008//1587 2005//1587 2006//1587
f 2010//1588 2007//1588 2008//1588
f 2012//1589 2009//1589 2010//1589
f 2014//1590 2011//1590 2012//1590
f 2016//1591 2013//1591 2014//1591
f 2018//1592 2015//1592 2016//1592
f 2020//1593 2017//1593 2018//1593
f 2022//1594 2019//1594 2020//1594
f 2024//1595 2021//1595 2022//1595
f 2026//1596 2023//1596 2024//1596
f 2028//1597 2025//1597 2026//1597
f 1936//1598 2027//1598 2028//1598
f 2032//1599 2029//1599 2030//1599
f 2034//1600 2031//1600 2032//1600
f 2036//1601 2033//1601 2034//1601
f 2038//1602 2035//1602 2036//1602
f 2040//1603 2037//1603 2038//1603
f 2042//1604 2039//1604 2040//1604
f 2044//1605 2041//1605 2042//1605
f 2046//1606 2043//1606 2044//1606
f 2048//1607 2045//1607 2046//1607
f 2050//1608 2047//1608 2048//1608
f 2052//1609 2049//1609 2050//1609
f 2054//1610 2051//1610 2052//1610
f 2056//1611 2053//1611 2054//1611
f 2058//1612 2055//1612 2056//1612
f 2060//1613 2057//1613 2058//1613
f 2062//1614 2059//1614 2060//1614
f 2064//1615 2061//1615 2062//1615
f 2066//1616 2063//1616 2064//1616
f 2068//1617 2065//1617 2066//1617
f 2070//1618 2067//1618 2068//1618
f 2072//1619 2069//1619 2070//1619
f 2074//1620 2071//1620 2072//1620
f 2076//1621 2073//1621 2074//1621
f 2078//1622 2075//1622 2076//1622
f 2080//1623 2077//1623 2078//1623
f 2082//1624 2079//1624 2080//1624
f 2030//1625 2081//1625 2082//1625
f 2086//1626 2083//1626 2084//1626
f 2088//1627 2085//1627 2086//1627
f 2090//1628 2087//1628 2088//1628
f 2092//1629 2089//1629 2090//1629
f 2094//1630 2091//1630 2092//1630
f 2096//1631 2093//1631 2094//1631
f 2098//1632 2095//1632 2096//1632
f 2100//1633 2097//1633 2098//1633
f 2102//1634 2099//1634 2100//1634
f 2104//1635 2101//1635 2102//1635
f 2106//1636 2103//1636 2104//1636
f 2108//1637 2105//1637 2106//1637
f 2110//1638 2107//1638 2108//1638
f 2112//1639 2109//1639 2110//1639
f 2114//1640 2111//1640 2112//1640
f 2116//1641 2113//1641 2114//1641
f 2118//1642 2115//1642 2116//1642
f 2120//1643 2117//1643 2118//1643
f 2122//1644 2119//1644 2120//1644
f 2124//1645 2121//1645 2122//1645
f 2126//1646 2123//1646 2124//1646
f 2128//1647 2125//1647 2126//1647
f 2130//1648 2127//1648 2128//1648
f 2132//1649 2129//1649 2130//1649
f 2134//1650 2131//1650 2132//1650
f 2136//1651 2133//1651 2134//1651
f 2084//1652 2135//1652 2136//1652
f 2140//1653 2137//1653 2138//1653
f 2142//1654 2139//1654 2140//1654
f 2144//1655 2141//1655 2142//1655
f 2146//1656 2143//1656 2144//1656
f 2148//1657 2145//1657 2146//1657
f 2150//1658 2147//1658 2148//1658
f 2152//1659 2149//1659 2150//1659
f 2154//1660 2151//1660 2152//1660
f 2156//1661 2153//1661 2154//1661
f 2158//1662 2155//1662 2156//1662
f 2160//1663 2157//1663 2158//1663
f 2162//1664 2159//1664 2160//1664
f 2164//1665 2161//1665 2162//1665
f 2166//1666 2163//1666 2164//1666
f 2168//1667 2165//1667 2166//1667
f 2170//1668 2167//1668 2168//1668
f 2172//1669 2169//1669 2170//1669
f 2174//1670 2171//1670 2172//1670
f 2176//1671 2173//1671 2174//1671
f 2178//1672 2175//1672 2176//1672
f 2180//1673 2177//1673 2178//1673
f 2182//1674 2179//1674 2180//1674
f 2184//1675 2181//1675 2182//1675
f 2186//1676 2183//1676 2184//1676
f 2188//1677 2185//1677 2186//1677
f 2190//1678 2187//1678 2188//1678
f 2192//1679 2189//1679 2190//1679
f 2194//1680 2191//1680 2192//1680
f 2196//1681 2193//1681 2194//1681
f 2198//1682 2195//1682 2196//1682
f 2200//1683 2197//1683 2198//1683
f 2202//1684 2199//1684 2200//1684
f 2204//1685 2201//1685 2202//1685
f 2206//1686 2203//1686 2204//1686
f 2208//1687 2205//1687 2206//1687
f 2210//1688 2207//1688 2208//1688
f 2212//1689 2209//1689 2210//1689
f 2214//1690 2211//1690 2212//1690
f 2216//1691 2213//1691 2214//1691
f 2218//1692 2215//1692 2216//1692
f 2220//1693 2217//1693 2218//1693
f 2222//1694 2219//1694 2220//1694
f 2224//1695 2221//1695 2222//1695
f 2226//1696 2223//1696 2224//1696
f 2228//1697 2225//1697 2226//1697
f 2230//1698 2227//1698 2228//1698
f 2232//1699 2229//1699 2230//1699
f 2234//1700 2231//1700 2232//1700
f 2236//1701 2233//1701 2234//1701
f 2238//1702 2235//1702 2236//1702
f 2240//1703 2237//1703 2238//1703
f 2242//1704 2239//1704 2240//1704
f 2244//1705 2241//1705 2242//1705
f 2246//1706 2243//1706 2244//1706
f 2248//1707 2245//1707 2246//1707
f 2250//1708 2247//1708 2248//1708
f 2252//1709 2249//1709 2250//1709
f 2254//1710 2251//1710 2252//1710
f 2256//1711 2253//1711 2254//1711
f 2258//1712 2255//1712 2256//1712
f 2260//1713 2257//1713 2258//1713
f 2262//1714 2259//1714 2260//1714
f 2264//1715 2261//1715 2262//1715
f 2266//1716 2263//1716 2264//1716
f 2268//1717 2265//1717 2266//1717
f 2270//1718 2267//1718 2268//1718
f 2272//1719 2269//1719 2270//1719
f 2274//1720 2271//1720 2272//1720
f 2276//1721 2273//1721 2274//1721
f 2278//1722 2275//1722 2276//1722
f 2280//1723 2277//1723 2278//1723
f 2282//1724 2279//1724 2280//1724
f 2284//1725 2281//1725 2282//1725
f 2286//1726 2283//1726 2284//1726
f 2288//1727 2285//1727 2286//1727
f 2290//1728 2287//1728 2288//1728
f 2292//1729 2289//1729 2290//1729
f 2294//1730 2291//1730 2292//1730
f 2296//1731 2293//1731 2294//1731
f 2298//1732 2295//1732 2296//1732
f 2300//1733 2297//1733 2298//1733
f 2302//1734 2299//1734 2300//1734
f 2304//1735 2301//1735 2302//1735
f 2306//1736 2303//1736 2304//1736
f 2308//1737 2305//1737 2306//1737
f 2310//1738 2307//1738 2308//1738
f 2312//1739 2309//1739 2310//1739
f 2314//1740 2311//1740 2312//1740
f 2316//1741 2313//1741 2314//1741
f 2318//1742 2315//1742 2316//1742
f 2320//1743 2317//1743 2318//1743
f 2138//1744 2319//1744 2320//1744
f 2337//1745 2329//1745 2321//1745
f 2360//1746 2368//1746 2376//1746
f 2322//1747 2353//1747 2321//1747
f 2323//1748 2354//1748 2322//1748
f 2324//1749 2355//1749 2323//1749
f 2325//1750 2356//1750 2324//1750
f 2326//1751 2357//1751 2325//1751
f 2327//1752 2358//1752 2326//1752
f 2328//1753 2359//1753 2327//1753
f 2329//1754 2360//1754 2328//1754
f 2330//1755 2361//1755 2329//1755
f 2331//1756 2362//1756 2330//1756
f 2332//1757 2363//1757 2331//1757
f 2333//1758 2364//1758 2332//1758
f 2334//1759 2365//1759 2333//1759
f 2334//1760 2367//1760 2366//1760
f 2336//1761 2367//1761 2335//1761
f 2337//1762 2368//1762 2336//1762
f 2338//1763 2369//1763 2337//1763
f 2339//1764 2370//1764 2338//1764
f 2340//1765 2371//1765 2339//1765
f 2341//1766 2372//1766 2340//1766
f 2342//1767 2373//1767 2341//1767
f 2343//1768 2374//1768 2342//1768
f 2344//1769 2375//1769 2343//1769
f 2345//1770 2376//1770 2344//1770
f 2346//1771 2377//1771 2345//1771
f 2347//1772 2378//1772 2346//1772
f 2348//1773 2379//1773 2347//1773
f 2349//1774 2380//1774 2348//1774
f 2350//1775 2381//1775 2349//1775
f 2351//1776 2382//1776 2350//1776
f 2352//1777 2383//1777 2351//1777
f 2321//1778 2384//1778 2352//1778
f 2387//1779 2385//1779 2388//1779
f 2389//1780 2391//1780 2392//1780
f 2386//1781 2389//1781 2385//1781
f 2387//1782 2390//1782 2386//1782
f 2388//1783 2391//1783 2387//1783
f 2385//1784 2392//1784 2388//1784
f 2395//1785 2393//1785 2396//1785
f 2398//1786 2400//1786 2397//1786
f 2394//1787 2397//1787 2393//1787
f 2395//1788 2398//1788 2394//1788
f 2396//1789 2399//1789 2395//1789
f 2393//1790 2400//1790 2396//1790
f 2404//1791 2402//1791 2401//1791
f 2406//1792 2408//1792 2405//1792
f 2402//1793 2405//1793 2401//1793
f 2403//1794 2406//1794 2402//1794
f 2404//1795 2407//1795 2403//1795
f 2401//1796 2408//1796 2404//1796
f 2411//1797 2409//1797 2412//1797
f 2413//1798 2415//1798 2416//1798
f 2410//1799 2413//1799 2409//1799
f 2411//1800 2414//1800 2410//1800
f 2412//1801 2415//1801 2411//1801
f 2409//1802 2416//1802 2412//1802
f 2420//1803 2418//1803 2417//1803
f 2422//1804 2424//1804 2421//1804
f 2418//1805 2421//1805 2417//1805
f 2419//1806 2422//1806 2418//1806
f 2420//1807 2423//1807 2419//1807
f 2417//1808 2424//1808 2420//1808
f 2427//1809 2425//1809 2428//1809
f 2429//1810 2431//1810 2432//1810
f 2426//1811 2429//1811 2425//1811
f 2427//1812 2430//1812 2426//1812
f 2428//1813 2431//1813 2427//1813
f 2425//1814 2432//1814 2428//1814
f 2435//1815 2433//1815 2436//1815
f 2437//1816 2439//1816 2440//1816
f 2434//1817 2437//1817 2433//1817
f 2435//1818 2438//1818 2434//1818
f 2436//1819 2439//1819 2435//1819
f 2433//1820 2440//1820 2436//1820
f 2443//1821 2441//1821 2444//1821
f 2445//1822 2447//1822 2448//1822
f 2442//1823 2445//1823 2441//1823
f 2443//1824 2446//1824 2442//1824
f 2444//1825 2447//1825 2443//1825
f 2441//1826 2448//1826 2444//1826
f 206//1827 205//1827 203//1827
f 208//1828 207//1828 205//1828
f 210//1829 209//1829 207//1829
f 212//1830 211//1830 209//1830
f 214//1831 213//1831 211//1831
f 216//1832 215//1832 213//1832
f 218//1833 217//1833 215//1833
f 220//1834 219//1834 217//1834
f 222//1835 221//1835 219//1835
f 224//1836 223//1836 221//1836
f 226//1837 225//1837 223//1837
f 228//1838 227//1838 225//1838
f 230//1839 229//1839 227//1839
f 232//1840 231//1840 229//1840
f 234//1841 233//1841 231//1841
f 236//1842 235//1842 233//1842
f 238//1843 237//1843 235//1843
f 240//1844 239//1844 237//1844
f 242//1845 241//1845 239//1845
f 244//1846 243//1846 241//1846
f 246//1847 245//1847 243//1847
f 248//1848 247//1848 245//1848
f 250//1849 249//1849 247//1849
f 252//1850 251//1850 249//1850
f 254//1851 253//1851 251//1851
f 256//1852 255//1852 253//1852
f 258//1853 257//1853 255//1853
f 260//1854 259//1854 257//1854
f 262//1855 261//1855 259//1855
f 264//1856 263//1856 261//1856
f 266//1857 265//1857 263//1857
f 268//1858 267//1858 265//1858
f 270//1859 269//1859 267//1859
f 272//1860 271//1860 269//1860
f 274//1861 273//1861 271//1861
f 276//1862 275//1862 273//1862
f 278//1863 277//1863 275//1863
f 280//1864 279//1864 277//1864
f 282//1865 281//1865 279//1865
f 284//1866 283//1866 281//1866
f 286//1867 285//1867 283//1867
f 288//1868 287//1868 285//1868
f 290//1869 289//1869 287//1869
f 292//1870 291//1870 289//1870
f 294//1871 293//1871 291//1871
f 296//1872 295//1872 293//1872
f 204//1873 203//1873 295//1873
f 300//1874 299//1874 297//1874
f 302//1875 301//1875 299//1875
f 304//1876 303//1876 301//1876
f 306//1877 305//1877 303//1877
f 308//1878 307//1878 305//1878
f 310//1879 309//1879 307//1879
f 312//1880 311//1880 309//1880
f 314//1881 313//1881 311//1881
f 316//1882 315//1882 313//1882
f 318//1883 317//1883 315//1883
f 320//1884 319//1884 317//1884
f 322//1885 321//1885 319//1885
f 324//1886 323//1886 321//1886
f 326//1887 325//1887 323//1887
f 328//1888 327//1888 325//1888
f 330//1889 329//1889 327//1889
f 332//1890 331//1890 329//1890
f 334//1891 333//1891 331//1891
f 336//1892 335//1892 333//1892
f 338//1893 337//1893 335//1893
f 340//1894 339//1894 337//1894
f 342//1895 341//1895 339//1895
f 344//1896 343//1896 341//1896
f 346//1897 345//1897 343//1897
f 348//1898 347//1898 345//1898
f 350//1899 349//1899 347//1899
f 298//1900 297//1900 349//1900
f 354//1901 353//1901 351//1901
f 356//1902 355//1902 353//1902
f 358//1903 357//1903 355//1903
f 360//1904 359//1904 357//1904
f 362//1905 361//1905 359//1905
f 364//1906 363//1906 361//1906
f 366//1907 365//1907 363//1907
f 368//1908 367//1908 365//1908
f 370//1909 369//1909 367//1909
f 372//1910 371//1910 369//1910
f 374//1911 373//1911 371//1911
f 376//1912 375//1912 373//1912
f 378//1913 377//1913 375//1913
f 380//1914 379//1914 377//1914
f 382//1915 381//1915 379//1915
f 384//1916 383//1916 381//1916
f 386//1917 385//1917 383//1917
f 388//1918 387//1918 385//1918
f 390//1919 389//1919 387//1919
f 392//1920 391//1920 389//1920
f 394//1921 393//1921 391//1921
f 396//1922 395//1922 393//1922
f 398//1923 397//1923 395//1923
f 400//1924 399//1924 397//1924
f 402//1925 401//1925 399//1925
f 404//1926 403//1926 401//1926
f 352//1927 351//1927 403//1927
f 1366//1928 1365//1928 1363//1928
f 1368//1929 1367//1929 1365//1929
f 1370//1930 1369//1930 1367//1930
f 1372//1931 1371//1931 1369//1931
f 1374//1932 1373//1932 1371//1932
f 1376//1933 1375//1933 1373//1933
f 1378//1934 1377//1934 1375//1934
f 1380//1935 1379//1935 1377//1935
f 1382//1936 1381//1936 1379//1936
f 1384//1937 1383//1937 1381//1937
f 1386//1938 1385//1938 1383//1938
f 1388//1939 1387//1939 1385//1939
f 1390//1940 1389//1940 1387//1940
f 1392//1941 1391//1941 1389//1941
f 1394//1942 1393//1942 1391//1942
f 1396//1943 1395//1943 1393//1943
f 1398//1944 1397//1944 1395//1944
f 1400//1945 1399//1945 1397//1945
f 1402//1946 1401//1946 1399//1946
f 1404//1947 1403//1947 1401//1947
f 1406//1948 1405//1948 1403//1948
f 1408//1949 1407//1949 1405//1949
f 1410//1950 1409//1950 1407//1950
f 1412//1951 1411//1951 1409//1951
f 1414//1952 1413//1952 1411//1952
f 1416//1953 1415//1953 1413//1953
f 1418//1954 1417//1954 1415//1954
f 1420//1955 1419//1955 1417//1955
f 1422//1956 1421//1956 1419//1956
f 1424//1957 1423//1957 1421//1957
f 1426//1958 1425//1958 1423//1958
f 1428//1959 1427//1959 1425//1959
f 1430//1960 1429//1960 1427//1960
f 1432//1961 1431//1961 1429//1961
f 1434//1962 1433//1962 1431//1962
f 1436//1963 1435//1963 1433//1963
f 1438//1964 1437//1964 1435//1964
f 1440//1965 1439//1965 1437//1965
f 1442//1966 1441//1966 1439//1966
f 1444//1967 1443//1967 1441//1967
f 1446//1968 1445//1968 1443//1968
f 1448//1969 1447//1969 1445//1969
f 1450//1970 1449//1970 1447//1970
f 1452//1971 1451//1971 1449//1971
f 1454//1972 1453//1972 1451//1972
f 1456//1973 1455//1973 1453//1973
f 1364//1974 1363//1974 1455//1974
f 1460//1975 1459//1975 1457//1975
f 1462//1976 1461//1976 1459//1976
f 1464//1977 1463//1977 1461//1977
f 1466//1978 1465//1978 1463//1978
f 1468//1979 1467//1979 1465//1979
f 1470//1980 1469//1980 1467//1980
f 1472//1981 1471//1981 1469//1981
f 1474//1982 1473//1982 1471//1982
f 1476//1983 1475//1983 1473//1983
f 1478//1984 1477//1984 1475//1984
f 1480//1985 1479//1985 1477//1985
f 1482//1986 1481//1986 1479//1986
f 1484//1987 1483//1987 1481//1987
f 1486//1988 1485//1988 1483//1988
f 1488//1989 1487//1989 1485//1989
f 1490//1990 1489//1990 1487//1990
f 1492//1991 1491//1991 1489//1991
f 1494//1992 1493//1992 1491//1992
f 1496//1993 1495//1993 1493//1993
f 1498//1994 1497//1994 1495//1994
f 1500//1995 1499//1995 1497//1995
f 1502//1996 1501//1996 1499//1996
f 1504//1997 1503//1997 1501//1997
f 1506//1998 1505//1998 1503//1998
f 1508//1999 1507//1999 1505//1999
f 1510//2000 1509//2000 1507//2000
f 1458//2001 1457//2001 1509//2001
f 1514//2002 1513//2002 1511//2002
f 1516//2003 1515//2003 1513//2003
f 1518//2004 1517//2004 1515//2004
f 1520//2005 1519//2005 1517//2005
f 1522//2006 1521//2006 1519//2006
f 1524//2007 1523//2007 1521//2007
f 1526//2008 1525//2008 1523//2008
f 1528//2009 1527//2009 1525//2009
f 1530//2010 1529//2010 1527//2010
f 1532//2011 1531//2011 1529//2011
f 1534//2012 1533//2012 1531//2012
f 1536//2013 1535//2013 1533//2013
f 1538//2014 1537//2014 1535//2014
f 1540//2015 1539//2015 1537//2015
f 1542//2016 1541//2016 1539//2016
f 1544//2017 1543//2017 1541//2017
f 1546//2018 1545//2018 1543//2018
f 1548//2019 1547//2019 1545//2019
f 1550//2020 1549//2020 1547//2020
f 1552//2021 1551//2021 1549//2021
f 1554//2022 1553//2022 1551//2022
f 1556//2023 1555//2023 1553//2023
f 1558//2024 1557//2024 1555//2024
f 1560//2025 1559//2025 1557//2025
f 1562//2026 1561//2026 1559//2026
f 1564//2027 1563//2027 1561//2027
f 1512//2028 1511//2028 1563//2028
f 1568//2029 1567//2029 1565//2029
f 1570//2030 1569//2030 1567//2030
f 1572//2031 1571//2031 1569//2031
f 1574//2032 1573//2032 1571//2032
f 1576//2033 1575//2033 1573//2033
f 1578//2034 1577//2034 1575//2034
f 1580//2035 1579//2035 1577//2035
f 1582//2036 1581//2036 1579//2036
f 1584//2037 1583//2037 1581//2037
f 1586//2038 1585//2038 1583//2038
f 1588//2039 1587//2039 1585//2039
f 1590//2040 1589//2040 1587//2040
f 1592//2041 1591//2041 1589//2041
f 1594//2042 1593//2042 1591//2042
f 1596//2043 1595//2043 1593//2043
f 1598//2044 1597//2044 1595//2044
f 1600//2045 1599//2045 1597//2045
f 1602//2046 1601//2046 1599//2046
f 1604//2047 1603//2047 1601//2047
f 1606//2048 1605//2048 1603//2048
f 1608//2049 1607//2049 1605//2049
f 1610//2050 1609//2050 1607//2050
f 1612//2051 1611//2051 1609//2051
f 1614//2052 1613//2052 1611//2052
f 1616//2053 1615//2053 1613//2053
f 1618//2054 1617//2054 1615//2054
f 1620//2055 1619//2055 1617//2055
f 1622//2056 1621//2056 1619//2056
f 1624//2057 1623//2057 1621//2057
f 1626//2058 1625//2058 1623//2058
f 1628//2059 1627//2059 1625//2059
f 1630//2060 1629//2060 1627//2060
f 1632//2061 1631//2061 1629//2061
f 1634//2062 1633//2062 1631//2062
f 1636//2063 1635//2063 1633//2063
f 1638//2064 1637//2064 1635//2064
f 1640//2065 1639//2065 1637//2065
f 1642//2066 1641//2066 1639//2066
f 1644//2067 1643//2067 1641//2067
f 1646//2068 1645//2068 1643//2068
f 1648//2069 1647//2069 1645//2069
f 1650//2070 1649//2070 1647//2070
f 1652//2071 1651//2071 1649//2071
f 1654//2072 1653//2072 1651//2072
f 1656//2073 1655//2073 1653//2073
f 1658//2074 1657//2074 1655//2074
f 1660//2075 1659//2075 1657//2075
f 1662//2076 1661//2076 1659//2076
f 1664//2077 1663//2077 1661//2077
f 1566//2078 1565//2078 1663//2078
f 1668//2079 1667//2079 1665//2079
f 1670//2080 1669//2080 1667//2080
f 1672//2081 1671//2081 1669//2081
f 1674//2082 1673//2082 1671//2082
f 1676//2083 1675//2083 1673//2083
f 1678//2084 1677//2084 1675//2084
f 1680//2085 1679//2085 1677//2085
f 1682//2086 1681//2086 1679//2086
f 1684//2087 1683//2087 1681//2087
f 1686//2088 1685//2088 1683//2088
f 1688//2089 1687//2089 1685//2089
f 1690//2090 1689//2090 1687//2090
f 1692//2091 1691//2091 1689//2091
f 1694//2092 1693//2092 1691//2092
f 1696//2093 1695//2093 1693//2093
f 1698//2094 1697//2094 1695//2094
f 1700//2095 1699//2095 1697//2095
f 1702//2096 1701//2096 1699//2096
f 1704//2097 1703//2097 1701//2097
f 1706//2098 1705//2098 1703//2098
f 1708//2099 1707//2099 1705//2099
f 1710//2100 1709//2100 1707//2100
f 1712//2101 1711//2101 1709//2101
f 1714//2102 1713//2102 1711//2102
f 1716//2103 1715//2103 1713//2103
f 1718//2104 1717//2104 1715//2104
f 1720//2105 1719//2105 1717//2105
f 1722//2106 1721//2106 1719//2106
f 1724//2107 1723//2107 1721//2107
f 1726//2108 1725//2108 1723//2108
f 1728//2109 1727//2109 1725//2109
f 1730//2110 1729//2110 1727//2110
f 1732//2111 1731//2111 1729//2111
f 1666//2112 1665//2112 1731//2112
f 1736//2113 1735//2113 1733//2113
f 1738//2114 1737//2114 1735//2114
f 1740//2115 1739//2115 1737//2115
f 1742//2116 1741//2116 1739//2116
f 1744//2117 1743//2117 1741//2117
f 1746//2118 1745//2118 1743//2118
f 1748//2119 1747//2119 1745//2119
f 1750//2120 1749//2120 1747//2120
f 1752//2121 1751//2121 1749//2121
f 1754//2122 1753//2122 1751//2122
f 1756//2123 1755//2123 1753//2123
f 1758//2124 1757//2124 1755//2124
f 1760//2125 1759//2125 1757//2125
f 1762//2126 1761//2126 1759//2126
f 1764//2127 1763//2127 1761//2127
f 1766//2128 1765//2128 1763//2128
f 1768//2129 1767//2129 1765//2129
f 1770//2130 1769//2130 1767//2130
f 1772//2131 1771//2131 1769//2131
f 1774//2132 1773//2132 1771//2132
f 1776//2133 1775//2133 1773//2133
f 1778//2134 1777//2134 1775//2134
f 1780//2135 1779//2135 1777//2135
f 1782//2136 1781//2136 1779//2136
f 1784//2137 1783//2137 1781//2137
f 1786//2138 1785//2138 1783//2138
f 1788//2139 1787//2139 1785//2139
f 1790//2140 1789//2140 1787//2140
f 1792//2141 1791//2141 1789//2141
f 1794//2142 1793//2142 1791//2142
f 1796//2143 1795//2143 1793//2143
f 1798//2144 1797//2144 1795//2144
f 1800//2145 1799//2145 1797//2145
f 1802//2146 1801//2146 1799//2146
f 1804//2147 1803//2147 1801//2147
f 1806//2148 1805//2148 1803//2148
f 1808//2149 1807//2149 1805//2149
f 1810//2150 1809//2150 1807//2150
f 1812//2151 1811//2151 1809//2151
f 1814//2152 1813//2152 1811//2152
f 1816//2153 1815//2153 1813//2153
f 1818//2154 1817//2154 1815//2154
f 1820//2155 1819//2155 1817//2155
f 1822//2156 1821//2156 1819//2156
f 1824//2157 1823//2157 1821//2157
f 1826//2158 1825//2158 1823//2158
f 1828//2159 1827//2159 1825//2159
f 1830//2160 1829//2160 1827//2160
f 1832//2161 1831//2161 1829//2161
f 1834//2162 1833//2162 1831//2162
f 1836//2163 1835//2163 1833//2163
f 1838//2164 1837//2164 1835//2164
f 1840//2165 1839//2165 1837//2165
f 1842//2166 1841//2166 1839//2166
f 1844//2167 1843//2167 1841//2167
f 1846//2168 1845//2168 1843//2168
f 1848//2169 1847//2169 1845//2169
f 1850//2170 1849//2170 1847//2170
f 1852//2171 1851//2171 1849//2171
f 1854//2172 1853//2172 1851//2172
f 1856//2173 1855//2173 1853//2173
f 1858//2174 1857//2174 1855//2174
f 1860//2175 1859//2175 1857//2175
f 1862//2176 1861//2176 1859//2176
f 1864//2177 1863//2177 1861//2177
f 1866//2178 1865//2178 1863//2178
f 1868//2179 1867//2179 1865//2179
f 1870//2180 1869//2180 1867//2180
f 1872//2181 1871//2181 1869//2181
f 1874//2182 1873//2182 1871//2182
f 1876//2183 1875//2183 1873//2183
f 1878//2184 1877//2184 1875//2184
f 1880//2185 1879//2185 1877//2185
f 1882//2186 1881//2186 1879//2186
f 1884//2187 1883//2187 1881//2187
f 1886//2188 1885//2188 1883//2188
f 1888//2189 1887//2189 1885//2189
f 1890//2190 1889//2190 1887//2190
f 1892//2191 1891//2191 1889//2191
f 1894//2192 1893//2192 1891//2192
f 1896//2193 1895//2193 1893//2193
f 1898//2194 1897//2194 1895//2194
f 1900//2195 1899//2195 1897//2195
f 1902//2196 1901//2196 1899//2196
f 1904//2197 1903//2197 1901//2197
f 1906//2198 1905//2198 1903//2198
f 1908//2199 1907//2199 1905//2199
f 1910//2200 1909//2200 1907//2200
f 1912//2201 1911//2201 1909//2201
f 1914//2202 1913//2202 1911//2202
f 1916//2203 1915//2203 1913//2203
f 1918//2204 1917//2204 1915//2204
f 1920//2205 1919//2205 1917//2205
f 1922//2206 1921//2206 1919//2206
f 1924//2207 1923//2207 1921//2207
f 1926//2208 1925//2208 1923//2208
f 1928//2209 1927//2209 1925//2209
f 1930//2210 1929//2210 1927//2210
f 1932//2211 1931//2211 1929//2211
f 1934//2212 1933//2212 1931//2212
f 1734//2213 1733//2213 1933//2213
f 1938//2214 1937//2214 1935//2214
f 1940//2215 1939//2215 1937//2215
f 1942//2216 1941//2216 1939//2216
f 1944//2217 1943//2217 1941//2217
f 1946//2218 1945//2218 1943//2218
f 1948//2219 1947//2219 1945//2219
f 1950//2220 1949//2220 1947//2220
f 1952//2221 1951//2221 1949//2221
f 1954//2222 1953//2222 1951//2222
f 1956//2223 1955//2223 1953//2223
f 1958//2224 1957//2224 1955//2224
f 1960//2225 1959//2225 1957//2225
f 1962//2226 1961//2226 1959//2226
f 1964//2227 1963//2227 1961//2227
f 1966//2228 1965//2228 1963//2228
f 1968//2229 1967//2229 1965//2229
f 1970//2230 1969//2230 1967//2230
f 1972//2231 1971//2231 1969//2231
f 1974//2232 1973//2232 1971//2232
f 1976//2233 1975//2233 1973//2233
f 1978//2234 1977//2234 1975//2234
f 1980//2235 1979//2235 1977//2235
f 1982//2236 1981//2236 1979//2236
f 1984//2237 1983//2237 1981//2237
f 1986//2238 1985//2238 1983//2238
f 1988//2239 1987//2239 1985//2239
f 1990//2240 1989//2240 1987//2240
f 1992//2241 1991//2241 1989//2241
f 1994//2242 1993//2242 1991//2242
f 1996//2243 1995//2243 1993//2243
f 1998//2244 1997//2244 1995//2244
f 2000//2245 1999//2245 1997//2245
f 2002//2246 2001//2246 1999//2246
f 2004//2247 2003//2247 2001//2247
f 2006//2248 2005//2248 2003//2248
f 2008//2249 2007//2249 2005//2249
f 2010//2250 2009//2250 2007//2250
f 2012//2251 2011//2251 2009//2251
f 2014//2252 2013//2252 2011//2252
f 2016//2253 2015//2253 2013//2253
f 2018//2254 2017//2254 2015//2254
f 2020//2255 2019//2255 2017//2255
f 2022//2256 2021//2256 2019//2256
f 2024//2257 2023//2257 2021//2257
f 2026//2258 2025//2258 2023//2258
f 2028//2259 2027//2259 2025//2259
f 1936//2260 1935//2260 2027//2260
f 2032//2261 2031//2261 2029//2261
f 2034//2262 2033//2262 2031//2262
f 2036//2263 2035//2263 2033//2263
f 2038//2264 2037//2264 2035//2264
f 2040//2265 2039//2265 2037//2265
f 2042//2266 2041//2266 2039//2266
f 2044//2267 2043//2267 2041//2267
f 2046//2268 2045//2268 2043//2268
f 2048//2269 2047//2269 2045//2269
f 2050//2270 2049//2270 2047//2270
f 2052//2271 2051//2271 2049//2271
f 2054//2272 2053//2272 2051//2272
f 2056//2273 2055//2273 2053//2273
f 2058//2274 2057//2274 2055//2274
f 2060//2275 2059//2275 2057//2275
f 2062//2276 2061//2276 2059//2276
f 2064//2277 2063//2277 2061//2277
f 2066//2278 2065//2278 2063//2278
f 2068//2279 2067//2279 2065//2279
f 2070//2280 2069//2280 2067//2280
f 2072//2281 2071//2281 2069//2281
f 2074//2282 2073//2282 2071//2282
f 2076//2283 2075//2283 2073//2283
f 2078//2284 2077//2284 2075//2284
f 2080//2285 2079//2285 2077//2285
f 2082//2286 2081//2286 2079//2286
f 2030//2287 2029//2287 2081//2287
f 2086//2288 2085//2288 2083//2288
f 2088//2289 2087//2289 2085//2289
f 2090//2290 2089//2290 2087//2290
f 2092//2291 2091//2291 2089//2291
f 2094//2292 2093//2292 2091//2292
f 2096//2293 2095//2293 2093//2293
f 2098//2294 2097//2294 2095//2294
f 2100//2295 2099//2295 2097//2295
f 2102//2296 2101//2296 2099//2296
f 2104//2297 2103//2297 2101//2297
f 2106//2298 2105//2298 2103//2298
f 2108//2299 2107//2299 2105//2299
f 2110//2300 2109//2300 2107//2300
f 2112//2301 2111//2301 2109//2301
f 2114//2302 2113//2302 2111//2302
f 2116//2303 2115//2303 2113//2303
f 2118//2304 2117//2304 2115//2304
f 2120//2305 2119//2305 2117//2305
f 2122//2306 2121//2306 2119//2306
f 2124//2307 2123//2307 2121//2307
f 2126//2308 2125//2308 2123//2308
f 2128//2309 2127//2309 2125//2309
f 2130//2310 2129//2310 2127//2310
f 2132//2311 2131//2311 2129//2311
f 2134//2312 2133//2312 2131//2312
f 2136//2313 2135//2313 2133//2313
f 2084//2314 2083//2314 2135//2314
f 2140//2315 2139//2315 2137//2315
f 2142//2316 2141//2316 2139//2316
f 2144//2317 2143//2317 2141//2317
f 2146//2318 2145//2318 2143//2318
f 2148//2319 2147//2319 2145//2319
f 2150//2320 2149//2320 2147//2320
f 2152//2321 2151//2321 2149//2321
f 2154//2322 2153//2322 2151//2322
f 2156//2323 2155//2323 2153//2323
f 2158//2324 2157//2324 2155//2324
f 2160//2325 2159//2325 2157//2325
f 2162//2326 2161//2326 2159//2326
f 2164//2327 2163//2327 2161//2327
f 2166//2328 2165//2328 2163//2328
f 2168//2329 2167//2329 2165//2329
f 2170//2330 2169//2330 2167//2330
f 2172//2331 2171//2331 2169//2331
f 2174//2332 2173//2332 2171//2332
f 2176//2333 2175//2333 2173//2333
f 2178//2334 2177//2334 2175//2334
f 2180//2335 2179//2335 2177//2335
f 2182//2336 2181//2336 2179//2336
f 2184//2337 2183//2337 2181//2337
f 2186//2338 2185//2338 2183//2338
f 2188//2339 2187//2339 2185//2339
f 2190//2340 2189//2340 2187//2340
f 2192//2341 2191//2341 2189//2341
f 2194//2342 2193//2342 2191//2342
f 2196//2343 2195//2343 2193//2343
f 2198//2344 2197//2344 2195//2344
f 2200//2345 2199//2345 2197//2345
f 2202//2346 2201//2346 2199//2346
f 2204//2347 2203//2347 2201//2347
f 2206//2348 2205//2348 2203//2348
f 2208//2349 2207//2349 2205//2349
f 2210//2350 2209//2350 2207//2350
f 2212//2351 2211//2351 2209//2351
f 2214//2352 2213//2352 2211//2352
f 2216//2353 2215//2353 2213//2353
f 2218//2354 2217//2354 2215//2354
f 2220//2355 2219//2355 2217//2355
f 2222//2356 2221//2356 2219//2356
f 2224//2357 2223//2357 2221//2357
f 2226//2358 2225//2358 2223//2358
f 2228//2359 2227//2359 2225//2359
f 2230//2360 2229//2360 2227//2360
f 2232//2361 2231//2361 2229//2361
f 2234//2362 2233//2362 2231//2362
f 2236//2363 2235//2363 2233//2363
f 2238//2364 2237//2364 2235//2364
f 2240//2365 2239//2365 2237//2365
f 2242//2366 2241//2366 2239//2366
f 2244//2367 2243//2367 2241//2367
f 2246//2368 2245//2368 2243//2368
f 2248//2369 2247//2369 2245//2369
f 2250//2370 2249//2370 2247//2370
f 2252//2371 2251//2371 2249//2371
f 2254//2372 2253//2372 2251//2372
f 2256//2373 2255//2373 2253//2373
f 2258//2374 2257//2374 2255//2374
f 2260//2375 2259//2375 2257//2375
f 2262//2376 2261//2376 2259//2376
f 2264//2377 2263//2377 2261//2377
f 2266//2378 2265//2378 2263//2378
f 2268//2379 2267//2379 2265//2379
f 2270//2380 2269//2380 2267//2380
f 2272//2381 2271//2381 2269//2381
f 2274//2382 2273//2382 2271//2382
f 2276//2383 2275//2383 2273//2383
f 2278//2384 2277//2384 2275//2384
f 2280//2385 2279//2385 2277//2385
f 2282//2386 2281//2386 2279//2386
f 2284//2387 2283//2387 2281//2387
f 2286//2388 2285//2388 2283//2388
f 2288//2389 2287//2389 2285//2389
f 2290//2390 2289//2390 2287//2390
f 2292//2391 2291//2391 2289//2391
f 2294//2392 2293//2392 2291//2392
f 2296//2393 2295//2393 2293//2393
f 2298//2394 2297//2394 2295//2394
f 2300//2395 2299//2395 2297//2395
f 2302//2396 2301//2396 2299//2396
f 2304//2397 2303//2397 2301//2397
f 2306//2398 2305//2398 2303//2398
f 2308//2399 2307//2399 2305//2399
f 2310//2400 2309//2400 2307//2400
f 2312//2401 2311//2401 2309//2401
f 2314//2402 2313//2402 2311//2402
f 2316//2403 2315//2403 2313//2403
f 2318//2404 2317//2404 2315//2404
f 2320//2405 2319//2405 2317//2405
f 2138//2406 2137//2406 2319//2406
f 2321//2407 2352//2407 2351//2407
f 2351//2408 2350//2408 2321//2408
f 2350//2409 2349//2409 2321//2409
f 2349//2410 2348//2410 2347//2410
f 2347//2411 2346//2411 2345//2411
f 2345//2412 2344//2412 2343//2412
f 2343//2413 2342//2413 2341//2413
f 2341//2414 2340//2414 2337//2414
f 2340//2415 2339//2415 2337//2415
f 2339//2416 2338//2416 2337//2416
f 2337//2417 2336//2417 2333//2417
f 2336//2418 2335//2418 2333//2418
f 2335//2419 2334//2419 2333//2419
f 2333//2420 2332//2420 2331//2420
f 2331//2421 2330//2421 2333//2421
f 2330//2422 2329//2422 2333//2422
f 2329//2423 2328//2423 2325//2423
f 2328//2424 2327//2424 2325//2424
f 2327//2425 2326//2425 2325//2425
f 2325//2426 2324//2426 2321//2426
f 2324//2427 2323//2427 2321//2427
f 2323//2428 2322//2428 2321//2428
f 2349//2429 2347//2429 2321//2429
f 2347//2430 2345//2430 2321//2430
f 2345//2431 2343//2431 2337//2431
f 2343//2432 2341//2432 2337//2432
f 2337//2433 2333//2433 2329//2433
f 2329//2434 2325//2434 2321//2434
f 2321//2435 2345//2435 2337//2435
f 2384//2436 2353//2436 2354//2436
f 2354//2437 2355//2437 2356//2437
f 2356//2438 2357//2438 2358//2438
f 2358//2439 2359//2439 2360//2439
f 2360//2440 2361//2440 2362//2440
f 2362//2441 2363//2441 2364//2441
f 2364//2442 2365//2442 2366//2442
f 2366//2443 2367//2443 2368//2443
f 2368//2444 2369//2444 2370//2444
f 2370//2445 2371//2445 2372//2445
f 2372//2446 2373//2446 2374//2446
f 2374//2447 2375//2447 2376//2447
f 2376//2448 2377//2448 2378//2448
f 2378//2449 2379//2449 2376//2449
f 2379//2450 2380//2450 2376//2450
f 2380//2451 2381//2451 2382//2451
f 2382//2452 2383//2452 2384//2452
f 2384//2453 2354//2453 2360//2453
f 2354//2454 2356//2454 2360//2454
f 2356//2455 2358//2455 2360//2455
f 2360//2456 2362//2456 2368//2456
f 2362//2457 2364//2457 2368//2457
f 2364//2458 2366//2458 2368//2458
f 2368//2459 2370//2459 2372//2459
f 2372//2460 2374//2460 2368//2460
f 2374//2461 2376//2461 2368//2461
f 2380//2462 2382//2462 2384//2462
f 2376//2463 2380//2463 2384//2463
f 2384//2464 2360//2464 2376//2464
f 2322//2465 2354//2465 2353//2465
f 2323//2466 2355//2466 2354//2466
f 2324//2467 2356//2467 2355//2467
f 2325//2468 2357//2468 2356//2468
f 2326//2469 2358//2469 2357//2469
f 2327//2470 2359//2470 2358//2470
f 2328//2471 2360//2471 2359//2471
f 2329//2472 2361//2472 2360//2472
f 2330//2473 2362//2473 2361//2473
f 2331//2474 2363//2474 2362//2474
f 2332//2475 2364//2475 2363//2475
f 2333//2476 2365//2476 2364//2476
f 2334//2477 2366//2477 2365//2477
f 2334//2478 2335//2478 2367//2478
f 2336//2479 2368//2479 2367//2479
f 2337//2480 2369//2480 2368//2480
f 2338//2481 2370//2481 2369//2481
f 2339//2482 2371//2482 2370//2482
f 2340//2483 2372//2483 2371//2483
f 2341//2484 2373//2484 2372//2484
f 2342//2485 2374//2485 2373//2485
f 2343//2486 2375//2486 2374//2486
f 2344//2487 2376//2487 2375//2487
f 2345//2488 2377//2488 2376//2488
f 2346//2489 2378//2489 2377//2489
f 2347//2490 2379//2490 2378//2490
f 2348//2491 2380//2491 2379//2491
f 2349//2492 2381//2492 2380//2492
f 2350//2493 2382//2493 2381//2493
f 2351//2494 2383//2494 2382//2494
f 2352//2495 2384//2495 2383//2495
f 2321//2496 2353//2496 2384//2496
f 2387//2497 2386//2497 2385//2497
f 2389//2498 2390//2498 2391//2498
f 2386//2499 2390//2499 2389//2499
f 2387//2500 2391//2500 2390//2500
f 2388//2501 2392//2501 2391//2501
f 2385//2502 2389//2502 2392//2502
f 2395//2503 2394//2503 2393//2503
f 2398//2504 2399//2504 2400//2504
f 2394//2505 2398//2505 2397//2505
f 2395//2506 2399//2506 2398//2506
f 2396//2507 2400//2507 2399//2507
f 2393//2508 2397//2508 2400//2508
f 2404//2509 2403//2509 2402//2509
f 2406//2510 2407//2510 2408//2510
f 2402//2511 2406//2511 2405//2511
f 2403//2512 2407//2512 2406//2512
f 2404//2513 2408//2513 2407//2513
f 2401//2514 2405//2514 2408//2514
f 2411//2515 2410//2515 2409//2515
f 2413//2516 2414//2516 2415//2516
f 2410//2517 2414//2517 2413//2517
f 2411//2518 2415//2518 2414//2518
f 2412//2519 2416//2519 2415//2519
f 2409//2520 2413//2520 2416//2520
f 2420//2521 2419//2521 2418//2521
f 2422//2522 2423//2522 2424//2522
f 2418//2523 2422//2523 2421//2523
f 2419//2524 2423//2524 2422//2524
f 2420//2525 2424//2525 2423//2525
f 2417//2526 2421//2526 2424//2526
f 2427//2527 2426//2527 2425//2527
f 2429//2528 2430//2528 2431//2528
f 2426//2529 2430//2529 2429//2529
f 2427//2530 2431//2530 2430//2530
f 2428//2531 2432//2531 2431//2531
f 2425//2532 2429//2532 2432//2532
f 2435//2533 2434//2533 2433//2533
f 2437//2534 2438//2534 2439//2534
f 2434//2535 2438//2535 2437//2535
f 2435//2536 2439//2536 2438//2536
f 2436//2537 2440//2537 2439//2537
f 2433//2538 2437//2538 2440//2538
f 2443//2539 2442//2539 2441//2539
f 2445//2540 2446//2540 2447//2540
f 2442//2541 2446//2541 2445//2541
f 2443//2542 2447//2542 2446//2542
f 2444//2543 2448//2543 2447//2543
f 2441//2544 2445//2544 2448//2544
