# Original asset generated in Blender
v 0.034904 0.818280 0.156000
v 0.036597 0.814268 0.156000
v 0.037806 0.809971 0.156000
v 0.038531 0.805388 0.156000
v 0.038773 0.800520 0.156000
v 0.038487 0.795366 0.156000
v 0.037630 0.790453 0.156000
v 0.036201 0.785782 0.156000
v 0.034201 0.781353 0.156000
v 0.031651 0.777441 0.156000
v 0.028574 0.773968 0.156000
v 0.024969 0.770935 0.156000
v 0.020837 0.768341 0.156000
v 0.016243 0.766264 0.156000
v 0.011254 0.764780 0.156000
v 0.005869 0.763890 0.156000
v 0.000088 0.763593 0.156000
v -0.005638 0.763884 0.156000
v -0.011034 0.764758 0.156000
v -0.016100 0.766214 0.156000
v -0.020837 0.768253 0.156000
v -0.025123 0.770852 0.156000
v -0.028838 0.773990 0.156000
v -0.031981 0.777666 0.156000
v -0.034553 0.781881 0.156000
v -0.036553 0.786156 0.156000
v -0.037982 0.790717 0.156000
v -0.038839 0.795563 0.156000
v -0.039125 0.800696 0.156000
v -0.038872 0.805377 0.156000
v -0.038114 0.809927 0.156000
v -0.036850 0.814345 0.156000
v -0.035080 0.818631 0.156000
v -0.033135 0.822016 0.156000
v -0.030816 0.824962 0.156000
v -0.028124 0.827468 0.156000
v -0.025057 0.829534 0.156000
v -0.024717 0.829808 0.156000
v -0.024574 0.830105 0.156000
v -0.024629 0.830424 0.156000
v -0.024882 0.830765 0.156000
v -0.027025 0.832501 0.156000
v -0.029058 0.834545 0.156000
v -0.030981 0.836897 0.156000
v -0.032794 0.839557 0.156000
v -0.034795 0.843348 0.156000
v -0.036223 0.847338 0.156000
v -0.037080 0.851525 0.156000
v -0.037366 0.855910 0.156000
v -0.036960 0.861306 0.156000
v -0.035740 0.866416 0.156000
v -0.033707 0.871241 0.156000
v -0.030860 0.875780 0.156000
v -0.028277 0.879016 0.156000
v -0.025277 0.881868 0.156000
v -0.021859 0.884336 0.156000
v -0.018024 0.886418 0.156000
v -0.013858 0.888072 0.156000
v -0.009451 0.889254 0.156000
v -0.004803 0.889962 0.156000
v 0.000088 0.890199 0.156000
v 0.005116 0.889962 0.156000
v 0.009825 0.889254 0.156000
v 0.014216 0.888072 0.156000
v 0.018287 0.886418 0.156000
v 0.022008 0.884336 0.156000
v 0.025343 0.881868 0.156000
v 0.028294 0.879016 0.156000
v 0.030860 0.875780 0.156000
v 0.033553 0.871175 0.156000
v 0.035476 0.866328 0.156000
v 0.036630 0.861240 0.156000
v 0.037015 0.855910 0.156000
v 0.036718 0.851228 0.156000
v 0.035828 0.846854 0.156000
v 0.034344 0.842788 0.156000
v 0.032267 0.839029 0.156000
v 0.030530 0.836677 0.156000
v 0.028662 0.834545 0.156000
v 0.026662 0.832633 0.156000
v 0.024530 0.830940 0.156000
v 0.024266 0.830600 0.156000
v 0.024178 0.830281 0.156000
v 0.024266 0.829984 0.156000
v 0.024530 0.829709 0.156000
v 0.027684 0.827544 0.156000
v 0.030464 0.824918 0.156000
v 0.032871 0.821830 0.156000
v -0.015034 0.863647 0.156000
v -0.015958 0.861427 0.156000
v -0.016617 0.859339 0.156000
v -0.017013 0.857382 0.156000
v -0.017144 0.855558 0.156000
v -0.016958 0.852646 0.156000
v -0.016397 0.849887 0.156000
v -0.015463 0.847283 0.156000
v -0.014155 0.844832 0.156000
v -0.011693 0.841678 0.156000
v -0.008528 0.839425 0.156000
v -0.004660 0.838073 0.156000
v -0.000088 0.837622 0.156000
v 0.004374 0.838084 0.156000
v 0.008265 0.839469 0.156000
v 0.011584 0.841777 0.156000
v 0.014331 0.845008 0.156000
v 0.015485 0.847129 0.156000
v 0.016309 0.849623 0.156000
v 0.016804 0.852492 0.156000
v 0.016969 0.855734 0.156000
v 0.016848 0.857690 0.156000
v 0.016485 0.859690 0.156000
v 0.015881 0.861735 0.156000
v 0.015034 0.863823 0.156000
v 0.013793 0.865740 0.156000
v 0.012353 0.867449 0.156000
v 0.010715 0.868949 0.156000
v 0.008880 0.870241 0.156000
v 0.006858 0.871279 0.156000
v 0.004660 0.872021 0.156000
v 0.002286 0.872466 0.156000
v -0.000264 0.872615 0.156000
v -0.002660 0.872466 0.156000
v -0.004924 0.872021 0.156000
v -0.007056 0.871279 0.156000
v -0.009056 0.870241 0.156000
v -0.010880 0.868939 0.156000
v -0.012485 0.867405 0.156000
v -0.013869 0.865641 0.156000
v 0.014507 0.788387 0.156000
v 0.016122 0.791167 0.156000
v 0.017276 0.794409 0.156000
v 0.017969 0.798113 0.156000
v 0.018200 0.802278 0.156000
v 0.018024 0.806103 0.156000
v 0.017496 0.809488 0.156000
v 0.016617 0.812433 0.156000
v 0.015386 0.814939 0.156000
v 0.012770 0.818478 0.156000
v 0.009320 0.821005 0.156000
v 0.005033 0.822522 0.156000
v -0.000088 0.823027 0.156000
v -0.004924 0.822544 0.156000
v -0.009056 0.821093 0.156000
v -0.012485 0.818675 0.156000
v -0.015210 0.815291 0.156000
v -0.016518 0.812686 0.156000
v -0.017452 0.809620 0.156000
v -0.018013 0.806092 0.156000
v -0.018200 0.802102 0.156000
v -0.018002 0.798245 0.156000
v -0.017408 0.794761 0.156000
v -0.016419 0.791651 0.156000
v -0.015034 0.788914 0.156000
v -0.012309 0.785529 0.156000
v -0.008880 0.783112 0.156000
v -0.004748 0.781661 0.156000
v 0.000088 0.781177 0.156000
v 0.004682 0.781628 0.156000
v 0.008616 0.782980 0.156000
v 0.011891 0.785233 0.156000
v 0.034904 0.818280 0.154000
v 0.036597 0.814268 0.154000
v 0.037806 0.809971 0.154000
v 0.038531 0.805388 0.154000
v 0.038773 0.800520 0.154000
v 0.038487 0.795366 0.154000
v 0.037630 0.790453 0.154000
v 0.036201 0.785782 0.154000
v 0.034201 0.781353 0.154000
v 0.031651 0.777441 0.154000
v 0.028574 0.773968 0.154000
v 0.024969 0.770935 0.154000
v 0.020837 0.768341 0.154000
v 0.016243 0.766264 0.154000
v 0.011254 0.764780 0.154000
v 0.005869 0.763890 0.154000
v 0.000088 0.763593 0.154000
v -0.005638 0.763884 0.154000
v -0.011034 0.764758 0.154000
v -0.016100 0.766214 0.154000
v -0.020837 0.768253 0.154000
v -0.025123 0.770852 0.154000
v -0.028838 0.773990 0.154000
v -0.031981 0.777666 0.154000
v -0.034553 0.781881 0.154000
v -0.036553 0.786156 0.154000
v -0.037982 0.790717 0.154000
v -0.038839 0.795563 0.154000
v -0.039125 0.800696 0.154000
v -0.038872 0.805377 0.154000
v -0.038114 0.809927 0.154000
v -0.036850 0.814345 0.154000
v -0.035080 0.818631 0.154000
v -0.033135 0.822016 0.154000
v -0.030816 0.824962 0.154000
v -0.028124 0.827468 0.154000
v -0.025057 0.829534 0.154000
v -0.024717 0.829808 0.154000
v -0.024574 0.830105 0.154000
v -0.024629 0.830424 0.154000
v -0.024882 0.830765 0.154000
v -0.027025 0.832501 0.154000
v -0.029058 0.834545 0.154000
v -0.030981 0.836897 0.154000
v -0.032794 0.839557 0.154000
v -0.034795 0.843348 0.154000
v -0.036223 0.847338 0.154000
v -0.037080 0.851525 0.154000
v -0.037366 0.855910 0.154000
v -0.036960 0.861306 0.154000
v -0.035740 0.866416 0.154000
v -0.033707 0.871241 0.154000
v -0.030860 0.875780 0.154000
v -0.028277 0.879016 0.154000
v -0.025277 0.881868 0.154000
v -0.021859 0.884336 0.154000
v -0.018024 0.886418 0.154000
v -0.013858 0.888072 0.154000
v -0.009451 0.889254 0.154000
v -0.004803 0.889962 0.154000
v 0.000088 0.890199 0.154000
v 0.005116 0.889962 0.154000
v 0.009825 0.889254 0.154000
v 0.014216 0.888072 0.154000
v 0.018287 0.886418 0.154000
v 0.022008 0.884336 0.154000
v 0.025343 0.881868 0.154000
v 0.028294 0.879016 0.154000
v 0.030860 0.875780 0.154000
v 0.033553 0.871175 0.154000
v 0.035476 0.866328 0.154000
v 0.036630 0.861240 0.154000
v 0.037015 0.855910 0.154000
v 0.036718 0.851228 0.154000
v 0.035828 0.846854 0.154000
v 0.034344 0.842788 0.154000
v 0.032267 0.839029 0.154000
v 0.030530 0.836677 0.154000
v 0.028662 0.834545 0.154000
v 0.026662 0.832633 0.154000
v 0.024530 0.830940 0.154000
v 0.024266 0.830600 0.154000
v 0.024178 0.830281 0.154000
v 0.024266 0.829984 0.154000
v 0.024530 0.829709 0.154000
v 0.027684 0.827544 0.154000
v 0.030464 0.824918 0.154000
v 0.032871 0.821830 0.154000
v -0.015034 0.863647 0.154000
v -0.015958 0.861427 0.154000
v -0.016617 0.859339 0.154000
v -0.017013 0.857382 0.154000
v -0.017144 0.855558 0.154000
v -0.016958 0.852646 0.154000
v -0.016397 0.849887 0.154000
v -0.015463 0.847283 0.154000
v -0.014155 0.844832 0.154000
v -0.011693 0.841678 0.154000
v -0.008528 0.839425 0.154000
v -0.004660 0.838073 0.154000
v -0.000088 0.837622 0.154000
v 0.004374 0.838084 0.154000
v 0.008265 0.839469 0.154000
v 0.011584 0.841777 0.154000
v 0.014331 0.845008 0.154000
v 0.015485 0.847129 0.154000
v 0.016309 0.849623 0.154000
v 0.016804 0.852492 0.154000
v 0.016969 0.855734 0.154000
v 0.016848 0.857690 0.154000
v 0.016485 0.859690 0.154000
v 0.015881 0.861735 0.154000
v 0.015034 0.863823 0.154000
v 0.013793 0.865740 0.154000
v 0.012353 0.867449 0.154000
v 0.010715 0.868949 0.154000
v 0.008880 0.870241 0.154000
v 0.006858 0.871279 0.154000
v 0.004660 0.872021 0.154000
v 0.002286 0.872466 0.154000
v -0.000264 0.872615 0.154000
v -0.002660 0.872466 0.154000
v -0.004924 0.872021 0.154000
v -0.007056 0.871279 0.154000
v -0.009056 0.870241 0.154000
v -0.010880 0.868939 0.154000
v -0.012485 0.867405 0.154000
v -0.013869 0.865641 0.154000
v 0.014507 0.788387 0.154000
v 0.016122 0.791167 0.154000
v 0.017276 0.794409 0.154000
v 0.017969 0.798113 0.154000
v 0.018200 0.802278 0.154000
v 0.018024 0.806103 0.154000
v 0.017496 0.809488 0.154000
v 0.016617 0.812433 0.154000
v 0.015386 0.814939 0.154000
v 0.012770 0.818478 0.154000
v 0.009320 0.821005 0.154000
v 0.005033 0.822522 0.154000
v -0.000088 0.823027 0.154000
v -0.004924 0.822544 0.154000
v -0.009056 0.821093 0.154000
v -0.012485 0.818675 0.154000
v -0.015210 0.815291 0.154000
v -0.016518 0.812686 0.154000
v -0.017452 0.809620 0.154000
v -0.018013 0.806092 0.154000
v -0.018200 0.802102 0.154000
v -0.018002 0.798245 0.154000
v -0.017408 0.794761 0.154000
v -0.016419 0.791651 0.154000
v -0.015034 0.788914 0.154000
v -0.012309 0.785529 0.154000
v -0.008880 0.783112 0.154000
v -0.004748 0.781661 0.154000
v 0.000088 0.781177 0.154000
v 0.004682 0.781628 0.154000
v 0.008616 0.782980 0.154000
v 0.011891 0.785233 0.154000
v 0.034904 0.818280 0.154000
v 0.034904 0.818280 0.156000
v 0.036597 0.814268 0.154000
v 0.036597 0.814268 0.156000
v 0.037806 0.809971 0.154000
v 0.037806 0.809971 0.156000
v 0.038531 0.805388 0.154000
v 0.038531 0.805388 0.156000
v 0.038773 0.800520 0.154000
v 0.038773 0.800520 0.156000
v 0.038487 0.795366 0.154000
v 0.038487 0.795366 0.156000
v 0.037630 0.790453 0.154000
v 0.037630 0.790453 0.156000
v 0.036201 0.785782 0.154000
v 0.036201 0.785782 0.156000
v 0.034201 0.781353 0.154000
v 0.034201 0.781353 0.156000
v 0.031651 0.777441 0.154000
v 0.031651 0.777441 0.156000
v 0.028574 0.773968 0.154000
v 0.028574 0.773968 0.156000
v 0.024969 0.770935 0.154000
v 0.024969 0.770935 0.156000
v 0.020837 0.768341 0.154000
v 0.020837 0.768341 0.156000
v 0.016243 0.766264 0.154000
v 0.016243 0.766264 0.156000
v 0.011254 0.764780 0.154000
v 0.011254 0.764780 0.156000
v 0.005869 0.763890 0.154000
v 0.005869 0.763890 0.156000
v 0.000088 0.763593 0.154000
v 0.000088 0.763593 0.156000
v -0.005638 0.763884 0.154000
v -0.005638 0.763884 0.156000
v -0.011034 0.764758 0.154000
v -0.011034 0.764758 0.156000
v -0.016100 0.766214 0.154000
v -0.016100 0.766214 0.156000
v -0.020837 0.768253 0.154000
v -0.020837 0.768253 0.156000
v -0.025123 0.770852 0.154000
v -0.025123 0.770852 0.156000
v -0.028838 0.773990 0.154000
v -0.028838 0.773990 0.156000
v -0.031981 0.777666 0.154000
v -0.031981 0.777666 0.156000
v -0.034553 0.781881 0.154000
v -0.034553 0.781881 0.156000
v -0.036553 0.786156 0.154000
v -0.036553 0.786156 0.156000
v -0.037982 0.790717 0.154000
v -0.037982 0.790717 0.156000
v -0.038839 0.795563 0.154000
v -0.038839 0.795563 0.156000
v -0.039125 0.800696 0.154000
v -0.039125 0.800696 0.156000
v -0.038872 0.805377 0.154000
v -0.038872 0.805377 0.156000
v -0.038114 0.809927 0.154000
v -0.038114 0.809927 0.156000
v -0.036850 0.814345 0.154000
v -0.036850 0.814345 0.156000
v -0.035080 0.818631 0.154000
v -0.035080 0.818631 0.156000
v -0.033135 0.822016 0.154000
v -0.033135 0.822016 0.156000
v -0.030816 0.824962 0.154000
v -0.030816 0.824962 0.156000
v -0.028124 0.827468 0.154000
v -0.028124 0.827468 0.156000
v -0.025057 0.829534 0.154000
v -0.025057 0.829534 0.156000
v -0.024717 0.829808 0.154000
v -0.024717 0.829808 0.156000
v -0.024574 0.830105 0.154000
v -0.024574 0.830105 0.156000
v -0.024629 0.830424 0.154000
v -0.024629 0.830424 0.156000
v -0.024882 0.830765 0.154000
v -0.024882 0.830765 0.156000
v -0.027025 0.832501 0.154000
v -0.027025 0.832501 0.156000
v -0.029058 0.834545 0.154000
v -0.029058 0.834545 0.156000
v -0.030981 0.836897 0.154000
v -0.030981 0.836897 0.156000
v -0.032794 0.839557 0.154000
v -0.032794 0.839557 0.156000
v -0.034795 0.843348 0.154000
v -0.034795 0.843348 0.156000
v -0.036223 0.847338 0.154000
v -0.036223 0.847338 0.156000
v -0.037080 0.851525 0.154000
v -0.037080 0.851525 0.156000
v -0.037366 0.855910 0.154000
v -0.037366 0.855910 0.156000
v -0.036960 0.861306 0.154000
v -0.036960 0.861306 0.156000
v -0.035740 0.866416 0.154000
v -0.035740 0.866416 0.156000
v -0.033707 0.871241 0.154000
v -0.033707 0.871241 0.156000
v -0.030860 0.875780 0.154000
v -0.030860 0.875780 0.156000
v -0.028277 0.879016 0.154000
v -0.028277 0.879016 0.156000
v -0.025277 0.881868 0.154000
v -0.025277 0.881868 0.156000
v -0.021859 0.884336 0.154000
v -0.021859 0.884336 0.156000
v -0.018024 0.886418 0.154000
v -0.018024 0.886418 0.156000
v -0.013858 0.888072 0.154000
v -0.013858 0.888072 0.156000
v -0.009451 0.889254 0.154000
v -0.009451 0.889254 0.156000
v -0.004803 0.889962 0.154000
v -0.004803 0.889962 0.156000
v 0.000088 0.890199 0.154000
v 0.000088 0.890199 0.156000
v 0.005116 0.889962 0.154000
v 0.005116 0.889962 0.156000
v 0.009825 0.889254 0.154000
v 0.009825 0.889254 0.156000
v 0.014216 0.888072 0.154000
v 0.014216 0.888072 0.156000
v 0.018287 0.886418 0.154000
v 0.018287 0.886418 0.156000
v 0.022008 0.884336 0.154000
v 0.022008 0.884336 0.156000
v 0.025343 0.881868 0.154000
v 0.025343 0.881868 0.156000
v 0.028294 0.879016 0.154000
v 0.028294 0.879016 0.156000
v 0.030860 0.875780 0.154000
v 0.030860 0.875780 0.156000
v 0.033553 0.871175 0.154000
v 0.033553 0.871175 0.156000
v 0.035476 0.866328 0.154000
v 0.035476 0.866328 0.156000
v 0.036630 0.861240 0.154000
v 0.036630 0.861240 0.156000
v 0.037015 0.855910 0.154000
v 0.037015 0.855910 0.156000
v 0.036718 0.851228 0.154000
v 0.036718 0.851228 0.156000
v 0.035828 0.846854 0.154000
v 0.035828 0.846854 0.156000
v 0.034344 0.842788 0.154000
v 0.034344 0.842788 0.156000
v 0.032267 0.839029 0.154000
v 0.032267 0.839029 0.156000
v 0.030530 0.836677 0.154000
v 0.030530 0.836677 0.156000
v 0.028662 0.834545 0.154000
v 0.028662 0.834545 0.156000
v 0.026662 0.832633 0.154000
v 0.026662 0.832633 0.156000
v 0.024530 0.830940 0.154000
v 0.024530 0.830940 0.156000
v 0.024266 0.830600 0.154000
v 0.024266 0.830600 0.156000
v 0.024178 0.830281 0.154000
v 0.024178 0.830281 0.156000
v 0.024266 0.829984 0.154000
v 0.024266 0.829984 0.156000
v 0.024530 0.829709 0.154000
v 0.024530 0.829709 0.156000
v 0.027684 0.827544 0.154000
v 0.027684 0.827544 0.156000
v 0.030464 0.824918 0.154000
v 0.030464 0.824918 0.156000
v 0.032871 0.821830 0.154000
v 0.032871 0.821830 0.156000
v -0.015034 0.863647 0.154000
v -0.015034 0.863647 0.156000
v -0.015958 0.861427 0.154000
v -0.015958 0.861427 0.156000
v -0.016617 0.859339 0.154000
v -0.016617 0.859339 0.156000
v -0.017013 0.857382 0.154000
v -0.017013 0.857382 0.156000
v -0.017144 0.855558 0.154000
v -0.017144 0.855558 0.156000
v -0.016958 0.852646 0.154000
v -0.016958 0.852646 0.156000
v -0.016397 0.849887 0.154000
v -0.016397 0.849887 0.156000
v -0.015463 0.847283 0.154000
v -0.015463 0.847283 0.156000
v -0.014155 0.844832 0.154000
v -0.014155 0.844832 0.156000
v -0.011693 0.841678 0.154000
v -0.011693 0.841678 0.156000
v -0.008528 0.839425 0.154000
v -0.008528 0.839425 0.156000
v -0.004660 0.838073 0.154000
v -0.004660 0.838073 0.156000
v -0.000088 0.837622 0.154000
v -0.000088 0.837622 0.156000
v 0.004374 0.838084 0.154000
v 0.004374 0.838084 0.156000
v 0.008265 0.839469 0.154000
v 0.008265 0.839469 0.156000
v 0.011584 0.841777 0.154000
v 0.011584 0.841777 0.156000
v 0.014331 0.845008 0.154000
v 0.014331 0.845008 0.156000
v 0.015485 0.847129 0.154000
v 0.015485 0.847129 0.156000
v 0.016309 0.849623 0.154000
v 0.016309 0.849623 0.156000
v 0.016804 0.852492 0.154000
v 0.016804 0.852492 0.156000
v 0.016969 0.855734 0.154000
v 0.016969 0.855734 0.156000
v 0.016848 0.857690 0.154000
v 0.016848 0.857690 0.156000
v 0.016485 0.859690 0.154000
v 0.016485 0.859690 0.156000
v 0.015881 0.861735 0.154000
v 0.015881 0.861735 0.156000
v 0.015034 0.863823 0.154000
v 0.015034 0.863823 0.156000
v 0.013793 0.865740 0.154000
v 0.013793 0.865740 0.156000
v 0.012353 0.867449 0.154000
v 0.012353 0.867449 0.156000
v 0.010715 0.868949 0.154000
v 0.010715 0.868949 0.156000
v 0.008880 0.870241 0.154000
v 0.008880 0.870241 0.156000
v 0.006858 0.871279 0.154000
v 0.006858 0.871279 0.156000
v 0.004660 0.872021 0.154000
v 0.004660 0.872021 0.156000
v 0.002286 0.872466 0.154000
v 0.002286 0.872466 0.156000
v -0.000264 0.872615 0.154000
v -0.000264 0.872615 0.156000
v -0.002660 0.872466 0.154000
v -0.002660 0.872466 0.156000
v -0.004924 0.872021 0.154000
v -0.004924 0.872021 0.156000
v -0.007056 0.871279 0.154000
v -0.007056 0.871279 0.156000
v -0.009056 0.870241 0.154000
v -0.009056 0.870241 0.156000
v -0.010880 0.868939 0.154000
v -0.010880 0.868939 0.156000
v -0.012485 0.867405 0.154000
v -0.012485 0.867405 0.156000
v -0.013869 0.865641 0.154000
v -0.013869 0.865641 0.156000
v 0.014507 0.788387 0.154000
v 0.014507 0.788387 0.156000
v 0.016122 0.791167 0.154000
v 0.016122 0.791167 0.156000
v 0.017276 0.794409 0.154000
v 0.017276 0.794409 0.156000
v 0.017969 0.798113 0.154000
v 0.017969 0.798113 0.156000
v 0.018200 0.802278 0.154000
v 0.018200 0.802278 0.156000
v 0.018024 0.806103 0.154000
v 0.018024 0.806103 0.156000
v 0.017496 0.809488 0.154000
v 0.017496 0.809488 0.156000
v 0.016617 0.812433 0.154000
v 0.016617 0.812433 0.156000
v 0.015386 0.814939 0.154000
v 0.015386 0.814939 0.156000
v 0.012770 0.818478 0.154000
v 0.012770 0.818478 0.156000
v 0.009320 0.821005 0.154000
v 0.009320 0.821005 0.156000
v 0.005033 0.822522 0.154000
v 0.005033 0.822522 0.156000
v -0.000088 0.823027 0.154000
v -0.000088 0.823027 0.156000
v -0.004924 0.822544 0.154000
v -0.004924 0.822544 0.156000
v -0.009056 0.821093 0.154000
v -0.009056 0.821093 0.156000
v -0.012485 0.818675 0.154000
v -0.012485 0.818675 0.156000
v -0.015210 0.815291 0.154000
v -0.015210 0.815291 0.156000
v -0.016518 0.812686 0.154000
v -0.016518 0.812686 0.156000
v -0.017452 0.809620 0.154000
v -0.017452 0.809620 0.156000
v -0.018013 0.806092 0.154000
v -0.018013 0.806092 0.156000
v -0.018200 0.802102 0.154000
v -0.018200 0.802102 0.156000
v -0.018002 0.798245 0.154000
v -0.018002 0.798245 0.156000
v -0.017408 0.794761 0.154000
v -0.017408 0.794761 0.156000
v -0.016419 0.791651 0.154000
v -0.016419 0.791651 0.156000
v -0.015034 0.788914 0.154000
v -0.015034 0.788914 0.156000
v -0.012309 0.785529 0.154000
v -0.012309 0.785529 0.156000
v -0.008880 0.783112 0.154000
v -0.008880 0.783112 0.156000
v -0.004748 0.781661 0.154000
v -0.004748 0.781661 0.156000
v 0.000088 0.781177 0.154000
v 0.000088 0.781177 0.156000
v 0.004682 0.781628 0.154000
v 0.004682 0.781628 0.156000
v 0.008616 0.782980 0.154000
v 0.008616 0.782980 0.156000
v 0.011891 0.785233 0.154000
v 0.011891 0.785233 0.156000
v 0.063964 0.237000 0.156000
v 0.063871 0.237009 0.156000
v 0.063784 0.237034 0.156000
v 0.063705 0.237077 0.156000
v 0.063633 0.237136 0.156000
v 0.063573 0.237208 0.156000
v 0.063531 0.237288 0.156000
v 0.063505 0.237374 0.156000
v 0.063497 0.237468 0.156000
v 0.063497 0.263826 0.156000
v 0.063505 0.263919 0.156000
v 0.063531 0.264006 0.156000
v 0.063573 0.264085 0.156000
v 0.063633 0.264157 0.156000
v 0.063705 0.264217 0.156000
v 0.063784 0.264259 0.156000
v 0.063871 0.264285 0.156000
v 0.063964 0.264294 0.156000
v 0.067552 0.264294 0.156000
v 0.067645 0.264285 0.156000
v 0.067732 0.264259 0.156000
v 0.067811 0.264217 0.156000
v 0.067883 0.264157 0.156000
v 0.067943 0.264085 0.156000
v 0.067985 0.264006 0.156000
v 0.068011 0.263919 0.156000
v 0.068019 0.263826 0.156000
v 0.068019 0.241094 0.156000
v 0.068032 0.241009 0.156000
v 0.068068 0.240948 0.156000
v 0.068129 0.240911 0.156000
v 0.068214 0.240899 0.156000
v 0.081276 0.240899 0.156000
v 0.081370 0.240891 0.156000
v 0.081457 0.240865 0.156000
v 0.081536 0.240822 0.156000
v 0.081608 0.240763 0.156000
v 0.081667 0.240691 0.156000
v 0.081710 0.240611 0.156000
v 0.081736 0.240525 0.156000
v 0.081744 0.240431 0.156000
v 0.081744 0.237468 0.156000
v 0.081736 0.237374 0.156000
v 0.081710 0.237288 0.156000
v 0.081667 0.237208 0.156000
v 0.081608 0.237136 0.156000
v 0.081536 0.237077 0.156000
v 0.081457 0.237034 0.156000
v 0.081370 0.237009 0.156000
v 0.081276 0.237000 0.156000
v 0.058896 0.260862 0.156000
v 0.058887 0.260769 0.156000
v 0.058862 0.260682 0.156000
v 0.058819 0.260603 0.156000
v 0.058759 0.260531 0.156000
v 0.058687 0.260471 0.156000
v 0.058608 0.260429 0.156000
v 0.058522 0.260403 0.156000
v 0.058428 0.260394 0.156000
v 0.045132 0.260394 0.156000
v 0.045047 0.260382 0.156000
v 0.044986 0.260346 0.156000
v 0.044949 0.260285 0.156000
v 0.044937 0.260200 0.156000
v 0.044937 0.252908 0.156000
v 0.044949 0.252823 0.156000
v 0.044986 0.252762 0.156000
v 0.045047 0.252725 0.156000
v 0.045132 0.252713 0.156000
v 0.054061 0.252713 0.156000
v 0.054155 0.252705 0.156000
v 0.054241 0.252679 0.156000
v 0.054320 0.252637 0.156000
v 0.054392 0.252577 0.156000
v 0.054452 0.252505 0.156000
v 0.054495 0.252426 0.156000
v 0.054520 0.252339 0.156000
v 0.054529 0.252245 0.156000
v 0.054529 0.249282 0.156000
v 0.054520 0.249188 0.156000
v 0.054495 0.249102 0.156000
v 0.054452 0.249023 0.156000
v 0.054392 0.248951 0.156000
v 0.054320 0.248891 0.156000
v 0.054241 0.248848 0.156000
v 0.054155 0.248823 0.156000
v 0.054061 0.248814 0.156000
v 0.045132 0.248814 0.156000
v 0.045047 0.248802 0.156000
v 0.044986 0.248765 0.156000
v 0.044949 0.248705 0.156000
v 0.044937 0.248619 0.156000
v 0.044937 0.241094 0.156000
v 0.044949 0.241009 0.156000
v 0.044986 0.240948 0.156000
v 0.045047 0.240911 0.156000
v 0.045132 0.240899 0.156000
v 0.058428 0.240899 0.156000
v 0.058522 0.240891 0.156000
v 0.058608 0.240865 0.156000
v 0.058687 0.240822 0.156000
v 0.058759 0.240763 0.156000
v 0.058819 0.240691 0.156000
v 0.058862 0.240611 0.156000
v 0.058887 0.240525 0.156000
v 0.058896 0.240431 0.156000
v 0.058896 0.237468 0.156000
v 0.058887 0.237374 0.156000
v 0.058862 0.237288 0.156000
v 0.058819 0.237208 0.156000
v 0.058759 0.237136 0.156000
v 0.058687 0.237077 0.156000
v 0.058608 0.237034 0.156000
v 0.058522 0.237009 0.156000
v 0.058428 0.237000 0.156000
v 0.040882 0.237000 0.156000
v 0.040788 0.237009 0.156000
v 0.040702 0.237034 0.156000
v 0.040622 0.237077 0.156000
v 0.040550 0.237136 0.156000
v 0.040491 0.237208 0.156000
v 0.040448 0.237288 0.156000
v 0.040423 0.237374 0.156000
v 0.040414 0.237468 0.156000
v 0.040414 0.263826 0.156000
v 0.040423 0.263919 0.156000
v 0.040448 0.264006 0.156000
v 0.040491 0.264085 0.156000
v 0.040550 0.264157 0.156000
v 0.040622 0.264217 0.156000
v 0.040702 0.264259 0.156000
v 0.040788 0.264285 0.156000
v 0.040882 0.264294 0.156000
v 0.058428 0.264294 0.156000
v 0.058522 0.264285 0.156000
v 0.058608 0.264259 0.156000
v 0.058687 0.264217 0.156000
v 0.058759 0.264157 0.156000
v 0.058819 0.264085 0.156000
v 0.058862 0.264006 0.156000
v 0.058887 0.263919 0.156000
v 0.058896 0.263826 0.156000
v 0.030198 0.263826 0.156000
v 0.030207 0.263919 0.156000
v 0.030233 0.264006 0.156000
v 0.030275 0.264085 0.156000
v 0.030335 0.264157 0.156000
v 0.030407 0.264217 0.156000
v 0.030486 0.264259 0.156000
v 0.030572 0.264285 0.156000
v 0.030666 0.264294 0.156000
v 0.034253 0.264294 0.156000
v 0.034347 0.264285 0.156000
v 0.034434 0.264259 0.156000
v 0.034513 0.264217 0.156000
v 0.034585 0.264157 0.156000
v 0.034645 0.264085 0.156000
v 0.034687 0.264006 0.156000
v 0.034713 0.263919 0.156000
v 0.034721 0.263826 0.156000
v 0.034721 0.237468 0.156000
v 0.034713 0.237374 0.156000
v 0.034687 0.237288 0.156000
v 0.034645 0.237208 0.156000
v 0.034585 0.237136 0.156000
v 0.034513 0.237077 0.156000
v 0.034434 0.237034 0.156000
v 0.034347 0.237009 0.156000
v 0.034253 0.237000 0.156000
v 0.030783 0.237000 0.156000
v 0.030603 0.237019 0.156000
v 0.030452 0.237078 0.156000
v 0.030330 0.237175 0.156000
v 0.030237 0.237312 0.156000
v 0.019008 0.255716 0.156000
v 0.018969 0.255766 0.156000
v 0.018930 0.255798 0.156000
v 0.018891 0.255814 0.156000
v 0.018852 0.255813 0.156000
v 0.018818 0.255795 0.156000
v 0.018794 0.255759 0.156000
v 0.018779 0.255707 0.156000
v 0.018774 0.255638 0.156000
v 0.018852 0.237468 0.156000
v 0.018844 0.237374 0.156000
v 0.018818 0.237288 0.156000
v 0.018775 0.237208 0.156000
v 0.018716 0.237136 0.156000
v 0.018644 0.237077 0.156000
v 0.018565 0.237034 0.156000
v 0.018478 0.237009 0.156000
v 0.018384 0.237000 0.156000
v 0.014797 0.237000 0.156000
v 0.014703 0.237009 0.156000
v 0.014617 0.237034 0.156000
v 0.014537 0.237077 0.156000
v 0.014466 0.237136 0.156000
v 0.014406 0.237208 0.156000
v 0.014363 0.237288 0.156000
v 0.014338 0.237374 0.156000
v 0.014329 0.237468 0.156000
v 0.014329 0.263826 0.156000
v 0.014338 0.263919 0.156000
v 0.014363 0.264006 0.156000
v 0.014406 0.264085 0.156000
v 0.014466 0.264157 0.156000
v 0.014537 0.264217 0.156000
v 0.014617 0.264259 0.156000
v 0.014703 0.264285 0.156000
v 0.014797 0.264294 0.156000
v 0.018267 0.264294 0.156000
v 0.018448 0.264274 0.156000
v 0.018599 0.264216 0.156000
v 0.018720 0.264118 0.156000
v 0.018813 0.263982 0.156000
v 0.030003 0.245578 0.156000
v 0.030042 0.245528 0.156000
v 0.030081 0.245495 0.156000
v 0.030120 0.245479 0.156000
v 0.030159 0.245480 0.156000
v 0.030194 0.245499 0.156000
v 0.030218 0.245534 0.156000
v 0.030233 0.245587 0.156000
v 0.030237 0.245656 0.156000
v -0.000643 0.236610 0.156000
v -0.002064 0.236684 0.156000
v -0.003402 0.236907 0.156000
v -0.004657 0.237279 0.156000
v -0.005829 0.237799 0.156000
v -0.006895 0.238456 0.156000
v -0.007832 0.239237 0.156000
v -0.008640 0.240142 0.156000
v -0.009319 0.241172 0.156000
v -0.009856 0.242305 0.156000
v -0.010240 0.243521 0.156000
v -0.010470 0.244820 0.156000
v -0.010547 0.246202 0.156000
v -0.010547 0.255092 0.156000
v -0.010469 0.256455 0.156000
v -0.010235 0.257738 0.156000
v -0.009845 0.258941 0.156000
v -0.009299 0.260063 0.156000
v -0.008613 0.261084 0.156000
v -0.007803 0.261983 0.156000
v -0.006868 0.262761 0.156000
v -0.005810 0.263416 0.156000
v -0.004646 0.263937 0.156000
v -0.003397 0.264308 0.156000
v -0.002063 0.264531 0.156000
v -0.000643 0.264606 0.156000
v 0.000793 0.264531 0.156000
v 0.002140 0.264308 0.156000
v 0.003396 0.263937 0.156000
v 0.004562 0.263416 0.156000
v 0.005621 0.262761 0.156000
v 0.006555 0.261983 0.156000
v 0.007366 0.261084 0.156000
v 0.008052 0.260063 0.156000
v 0.008597 0.258941 0.156000
v 0.008987 0.257738 0.156000
v 0.009221 0.256455 0.156000
v 0.009299 0.255092 0.156000
v 0.009299 0.246202 0.156000
v 0.009221 0.244820 0.156000
v 0.008987 0.243521 0.156000
v 0.008597 0.242305 0.156000
v 0.008052 0.241172 0.156000
v 0.007366 0.240142 0.156000
v 0.006555 0.239237 0.156000
v 0.005621 0.238456 0.156000
v 0.004562 0.237799 0.156000
v 0.003396 0.237279 0.156000
v 0.002140 0.236907 0.156000
v 0.000793 0.236684 0.156000
v -0.000643 0.240509 0.156000
v 0.000524 0.240604 0.156000
v 0.001569 0.240889 0.156000
v 0.002493 0.241365 0.156000
v 0.003295 0.242030 0.156000
v 0.003943 0.242851 0.156000
v 0.004406 0.243794 0.156000
v 0.004684 0.244859 0.156000
v 0.004776 0.246046 0.156000
v 0.004776 0.255131 0.156000
v 0.004684 0.256335 0.156000
v 0.004406 0.257412 0.156000
v 0.003943 0.258362 0.156000
v 0.003295 0.259186 0.156000
v 0.002493 0.259851 0.156000
v 0.001569 0.260326 0.156000
v 0.000524 0.260611 0.156000
v -0.000643 0.260706 0.156000
v -0.001794 0.260611 0.156000
v -0.002827 0.260326 0.156000
v -0.003743 0.259851 0.156000
v -0.004542 0.259186 0.156000
v -0.005191 0.258362 0.156000
v -0.005654 0.257412 0.156000
v -0.005931 0.256335 0.156000
v -0.006024 0.255131 0.156000
v -0.006024 0.246046 0.156000
v -0.005931 0.244859 0.156000
v -0.005654 0.243794 0.156000
v -0.005191 0.242851 0.156000
v -0.004542 0.242030 0.156000
v -0.003743 0.241365 0.156000
v -0.002827 0.240889 0.156000
v -0.001794 0.240604 0.156000
v -0.031680 0.237000 0.156000
v -0.031774 0.237009 0.156000
v -0.031860 0.237034 0.156000
v -0.031940 0.237077 0.156000
v -0.032011 0.237136 0.156000
v -0.032071 0.237208 0.156000
v -0.032114 0.237288 0.156000
v -0.032139 0.237374 0.156000
v -0.032148 0.237468 0.156000
v -0.032148 0.263826 0.156000
v -0.032139 0.263919 0.156000
v -0.032114 0.264006 0.156000
v -0.032071 0.264085 0.156000
v -0.032011 0.264157 0.156000
v -0.031940 0.264217 0.156000
v -0.031860 0.264259 0.156000
v -0.031774 0.264285 0.156000
v -0.031680 0.264294 0.156000
v -0.028093 0.264294 0.156000
v -0.027999 0.264285 0.156000
v -0.027913 0.264259 0.156000
v -0.027833 0.264217 0.156000
v -0.027761 0.264157 0.156000
v -0.027702 0.264085 0.156000
v -0.027659 0.264006 0.156000
v -0.027634 0.263919 0.156000
v -0.027625 0.263826 0.156000
v -0.027625 0.241094 0.156000
v -0.027613 0.241009 0.156000
v -0.027576 0.240948 0.156000
v -0.027515 0.240911 0.156000
v -0.027430 0.240899 0.156000
v -0.014368 0.240899 0.156000
v -0.014274 0.240891 0.156000
v -0.014188 0.240865 0.156000
v -0.014109 0.240822 0.156000
v -0.014037 0.240763 0.156000
v -0.013977 0.240691 0.156000
v -0.013934 0.240611 0.156000
v -0.013909 0.240525 0.156000
v -0.013900 0.240431 0.156000
v -0.013900 0.237468 0.156000
v -0.013909 0.237374 0.156000
v -0.013934 0.237288 0.156000
v -0.013977 0.237208 0.156000
v -0.014037 0.237136 0.156000
v -0.014109 0.237077 0.156000
v -0.014188 0.237034 0.156000
v -0.014274 0.237009 0.156000
v -0.014368 0.237000 0.156000
v -0.047120 0.236610 0.156000
v -0.048541 0.236684 0.156000
v -0.049879 0.236907 0.156000
v -0.051134 0.237279 0.156000
v -0.052306 0.237799 0.156000
v -0.053372 0.238456 0.156000
v -0.054309 0.239237 0.156000
v -0.055117 0.240142 0.156000
v -0.055796 0.241172 0.156000
v -0.056333 0.242305 0.156000
v -0.056717 0.243521 0.156000
v -0.056947 0.244820 0.156000
v -0.057024 0.246202 0.156000
v -0.057024 0.255092 0.156000
v -0.056946 0.256455 0.156000
v -0.056712 0.257738 0.156000
v -0.056322 0.258941 0.156000
v -0.055776 0.260063 0.156000
v -0.055090 0.261084 0.156000
v -0.054280 0.261983 0.156000
v -0.053346 0.262761 0.156000
v -0.052287 0.263416 0.156000
v -0.051123 0.263937 0.156000
v -0.049874 0.264308 0.156000
v -0.048540 0.264531 0.156000
v -0.047120 0.264606 0.156000
v -0.045684 0.264531 0.156000
v -0.044337 0.264308 0.156000
v -0.043081 0.263937 0.156000
v -0.041915 0.263416 0.156000
v -0.040856 0.262761 0.156000
v -0.039922 0.261983 0.156000
v -0.039111 0.261084 0.156000
v -0.038425 0.260063 0.156000
v -0.037880 0.258941 0.156000
v -0.037490 0.257738 0.156000
v -0.037256 0.256455 0.156000
v -0.037178 0.255092 0.156000
v -0.037178 0.246202 0.156000
v -0.037256 0.244820 0.156000
v -0.037490 0.243521 0.156000
v -0.037880 0.242305 0.156000
v -0.038425 0.241172 0.156000
v -0.039111 0.240142 0.156000
v -0.039922 0.239237 0.156000
v -0.040856 0.238456 0.156000
v -0.041915 0.237799 0.156000
v -0.043081 0.237279 0.156000
v -0.044337 0.236907 0.156000
v -0.045684 0.236684 0.156000
v -0.047120 0.240509 0.156000
v -0.045953 0.240604 0.156000
v -0.044908 0.240889 0.156000
v -0.043984 0.241365 0.156000
v -0.043182 0.242030 0.156000
v -0.042534 0.242851 0.156000
v -0.042071 0.243794 0.156000
v -0.041793 0.244859 0.156000
v -0.041701 0.246046 0.156000
v -0.041701 0.255131 0.156000
v -0.041793 0.256335 0.156000
v -0.042071 0.257412 0.156000
v -0.042534 0.258362 0.156000
v -0.043182 0.259186 0.156000
v -0.043984 0.259851 0.156000
v -0.044908 0.260326 0.156000
v -0.045953 0.260611 0.156000
v -0.047120 0.260706 0.156000
v -0.048271 0.260611 0.156000
v -0.049304 0.260326 0.156000
v -0.050220 0.259851 0.156000
v -0.051019 0.259186 0.156000
v -0.051668 0.258362 0.156000
v -0.052131 0.257412 0.156000
v -0.052409 0.256335 0.156000
v -0.052501 0.255131 0.156000
v -0.052501 0.246046 0.156000
v -0.052409 0.244859 0.156000
v -0.052131 0.243794 0.156000
v -0.051668 0.242851 0.156000
v -0.051019 0.242030 0.156000
v -0.050220 0.241365 0.156000
v -0.049304 0.240889 0.156000
v -0.048271 0.240604 0.156000
v -0.070944 0.236688 0.156000
v -0.072362 0.236760 0.156000
v -0.073693 0.236976 0.156000
v -0.074935 0.237335 0.156000
v -0.076091 0.237838 0.156000
v -0.077138 0.238471 0.156000
v -0.078060 0.239218 0.156000
v -0.078854 0.240079 0.156000
v -0.079522 0.241055 0.156000
v -0.080051 0.242130 0.156000
v -0.080428 0.243287 0.156000
v -0.080655 0.244528 0.156000
v -0.080731 0.245851 0.156000
v -0.080731 0.255482 0.156000
v -0.080655 0.256805 0.156000
v -0.080428 0.258045 0.156000
v -0.080051 0.259203 0.156000
v -0.079522 0.260278 0.156000
v -0.078854 0.261252 0.156000
v -0.078060 0.262110 0.156000
v -0.077138 0.262851 0.156000
v -0.076091 0.263475 0.156000
v -0.074935 0.263969 0.156000
v -0.073693 0.264323 0.156000
v -0.072362 0.264535 0.156000
v -0.070944 0.264606 0.156000
v -0.069543 0.264537 0.156000
v -0.068224 0.264333 0.156000
v -0.066989 0.263991 0.156000
v -0.065836 0.263514 0.156000
v -0.064788 0.262912 0.156000
v -0.063867 0.262198 0.156000
v -0.063073 0.261372 0.156000
v -0.062405 0.260433 0.156000
v -0.061876 0.259400 0.156000
v -0.061498 0.258289 0.156000
v -0.061272 0.257100 0.156000
v -0.061196 0.255833 0.156000
v -0.061205 0.255739 0.156000
v -0.061230 0.255652 0.156000
v -0.061273 0.255573 0.156000
v -0.061333 0.255501 0.156000
v -0.061404 0.255441 0.156000
v -0.061484 0.255399 0.156000
v -0.061570 0.255373 0.156000
v -0.061664 0.255365 0.156000
v -0.065251 0.255170 0.156000
v -0.065456 0.255197 0.156000
v -0.065602 0.255277 0.156000
v -0.065690 0.255411 0.156000
v -0.065719 0.255599 0.156000
v -0.065808 0.256693 0.156000
v -0.066075 0.257675 0.156000
v -0.066520 0.258545 0.156000
v -0.067142 0.259303 0.156000
v -0.067913 0.259917 0.156000
v -0.068804 0.260355 0.156000
v -0.069814 0.260619 0.156000
v -0.070944 0.260706 0.156000
v -0.072075 0.260619 0.156000
v -0.073088 0.260355 0.156000
v -0.073985 0.259917 0.156000
v -0.074765 0.259303 0.156000
v -0.075396 0.258545 0.156000
v -0.075847 0.257675 0.156000
v -0.076117 0.256693 0.156000
v -0.076208 0.255599 0.156000
v -0.076208 0.245656 0.156000
v -0.076117 0.244579 0.156000
v -0.075847 0.243609 0.156000
v -0.075396 0.242746 0.156000
v -0.074765 0.241991 0.156000
v -0.073985 0.241377 0.156000
v -0.073088 0.240938 0.156000
v -0.072075 0.240675 0.156000
v -0.070944 0.240587 0.156000
v -0.069814 0.240674 0.156000
v -0.068804 0.240933 0.156000
v -0.067913 0.241366 0.156000
v -0.067142 0.241971 0.156000
v -0.066520 0.242721 0.156000
v -0.066075 0.243585 0.156000
v -0.065808 0.244563 0.156000
v -0.065719 0.245656 0.156000
v -0.065690 0.245844 0.156000
v -0.065602 0.245978 0.156000
v -0.065456 0.246058 0.156000
v -0.065251 0.246085 0.156000
v -0.061664 0.245929 0.156000
v -0.061570 0.245922 0.156000
v -0.061484 0.245900 0.156000
v -0.061404 0.245863 0.156000
v -0.061333 0.245812 0.156000
v -0.061273 0.245751 0.156000
v -0.061230 0.245685 0.156000
v -0.061205 0.245615 0.156000
v -0.061196 0.245539 0.156000
v -0.061272 0.244254 0.156000
v -0.061498 0.243048 0.156000
v -0.061876 0.241924 0.156000
v -0.062405 0.240880 0.156000
v -0.063073 0.239933 0.156000
v -0.063867 0.239101 0.156000
v -0.064788 0.238383 0.156000
v -0.065836 0.237780 0.156000
v -0.066989 0.237302 0.156000
v -0.068224 0.236961 0.156000
v -0.069543 0.236756 0.156000
v 0.063964 0.237000 0.154000
v 0.063871 0.237009 0.154000
v 0.063784 0.237034 0.154000
v 0.063705 0.237077 0.154000
v 0.063633 0.237136 0.154000
v 0.063573 0.237208 0.154000
v 0.063531 0.237288 0.154000
v 0.063505 0.237374 0.154000
v 0.063497 0.237468 0.154000
v 0.063497 0.263826 0.154000
v 0.063505 0.263919 0.154000
v 0.063531 0.264006 0.154000
v 0.063573 0.264085 0.154000
v 0.063633 0.264157 0.154000
v 0.063705 0.264217 0.154000
v 0.063784 0.264259 0.154000
v 0.063871 0.264285 0.154000
v 0.063964 0.264294 0.154000
v 0.067552 0.264294 0.154000
v 0.067645 0.264285 0.154000
v 0.067732 0.264259 0.154000
v 0.067811 0.264217 0.154000
v 0.067883 0.264157 0.154000
v 0.067943 0.264085 0.154000
v 0.067985 0.264006 0.154000
v 0.068011 0.263919 0.154000
v 0.068019 0.263826 0.154000
v 0.068019 0.241094 0.154000
v 0.068032 0.241009 0.154000
v 0.068068 0.240948 0.154000
v 0.068129 0.240911 0.154000
v 0.068214 0.240899 0.154000
v 0.081276 0.240899 0.154000
v 0.081370 0.240891 0.154000
v 0.081457 0.240865 0.154000
v 0.081536 0.240822 0.154000
v 0.081608 0.240763 0.154000
v 0.081667 0.240691 0.154000
v 0.081710 0.240611 0.154000
v 0.081736 0.240525 0.154000
v 0.081744 0.240431 0.154000
v 0.081744 0.237468 0.154000
v 0.081736 0.237374 0.154000
v 0.081710 0.237288 0.154000
v 0.081667 0.237208 0.154000
v 0.081608 0.237136 0.154000
v 0.081536 0.237077 0.154000
v 0.081457 0.237034 0.154000
v 0.081370 0.237009 0.154000
v 0.081276 0.237000 0.154000
v 0.058896 0.260862 0.154000
v 0.058887 0.260769 0.154000
v 0.058862 0.260682 0.154000
v 0.058819 0.260603 0.154000
v 0.058759 0.260531 0.154000
v 0.058687 0.260471 0.154000
v 0.058608 0.260429 0.154000
v 0.058522 0.260403 0.154000
v 0.058428 0.260394 0.154000
v 0.045132 0.260394 0.154000
v 0.045047 0.260382 0.154000
v 0.044986 0.260346 0.154000
v 0.044949 0.260285 0.154000
v 0.044937 0.260200 0.154000
v 0.044937 0.252908 0.154000
v 0.044949 0.252823 0.154000
v 0.044986 0.252762 0.154000
v 0.045047 0.252725 0.154000
v 0.045132 0.252713 0.154000
v 0.054061 0.252713 0.154000
v 0.054155 0.252705 0.154000
v 0.054241 0.252679 0.154000
v 0.054320 0.252637 0.154000
v 0.054392 0.252577 0.154000
v 0.054452 0.252505 0.154000
v 0.054495 0.252426 0.154000
v 0.054520 0.252339 0.154000
v 0.054529 0.252245 0.154000
v 0.054529 0.249282 0.154000
v 0.054520 0.249188 0.154000
v 0.054495 0.249102 0.154000
v 0.054452 0.249023 0.154000
v 0.054392 0.248951 0.154000
v 0.054320 0.248891 0.154000
v 0.054241 0.248848 0.154000
v 0.054155 0.248823 0.154000
v 0.054061 0.248814 0.154000
v 0.045132 0.248814 0.154000
v 0.045047 0.248802 0.154000
v 0.044986 0.248765 0.154000
v 0.044949 0.248705 0.154000
v 0.044937 0.248619 0.154000
v 0.044937 0.241094 0.154000
v 0.044949 0.241009 0.154000
v 0.044986 0.240948 0.154000
v 0.045047 0.240911 0.154000
v 0.045132 0.240899 0.154000
v 0.058428 0.240899 0.154000
v 0.058522 0.240891 0.154000
v 0.058608 0.240865 0.154000
v 0.058687 0.240822 0.154000
v 0.058759 0.240763 0.154000
v 0.058819 0.240691 0.154000
v 0.058862 0.240611 0.154000
v 0.058887 0.240525 0.154000
v 0.058896 0.240431 0.154000
v 0.058896 0.237468 0.154000
v 0.058887 0.237374 0.154000
v 0.058862 0.237288 0.154000
v 0.058819 0.237208 0.154000
v 0.058759 0.237136 0.154000
v 0.058687 0.237077 0.154000
v 0.058608 0.237034 0.154000
v 0.058522 0.237009 0.154000
v 0.058428 0.237000 0.154000
v 0.040882 0.237000 0.154000
v 0.040788 0.237009 0.154000
v 0.040702 0.237034 0.154000
v 0.040622 0.237077 0.154000
v 0.040550 0.237136 0.154000
v 0.040491 0.237208 0.154000
v 0.040448 0.237288 0.154000
v 0.040423 0.237374 0.154000
v 0.040414 0.237468 0.154000
v 0.040414 0.263826 0.154000
v 0.040423 0.263919 0.154000
v 0.040448 0.264006 0.154000
v 0.040491 0.264085 0.154000
v 0.040550 0.264157 0.154000
v 0.040622 0.264217 0.154000
v 0.040702 0.264259 0.154000
v 0.040788 0.264285 0.154000
v 0.040882 0.264294 0.154000
v 0.058428 0.264294 0.154000
v 0.058522 0.264285 0.154000
v 0.058608 0.264259 0.154000
v 0.058687 0.264217 0.154000
v 0.058759 0.264157 0.154000
v 0.058819 0.264085 0.154000
v 0.058862 0.264006 0.154000
v 0.058887 0.263919 0.154000
v 0.058896 0.263826 0.154000
v 0.030198 0.263826 0.154000
v 0.030207 0.263919 0.154000
v 0.030233 0.264006 0.154000
v 0.030275 0.264085 0.154000
v 0.030335 0.264157 0.154000
v 0.030407 0.264217 0.154000
v 0.030486 0.264259 0.154000
v 0.030572 0.264285 0.154000
v 0.030666 0.264294 0.154000
v 0.034253 0.264294 0.154000
v 0.034347 0.264285 0.154000
v 0.034434 0.264259 0.154000
v 0.034513 0.264217 0.154000
v 0.034585 0.264157 0.154000
v 0.034645 0.264085 0.154000
v 0.034687 0.264006 0.154000
v 0.034713 0.263919 0.154000
v 0.034721 0.263826 0.154000
v 0.034721 0.237468 0.154000
v 0.034713 0.237374 0.154000
v 0.034687 0.237288 0.154000
v 0.034645 0.237208 0.154000
v 0.034585 0.237136 0.154000
v 0.034513 0.237077 0.154000
v 0.034434 0.237034 0.154000
v 0.034347 0.237009 0.154000
v 0.034253 0.237000 0.154000
v 0.030783 0.237000 0.154000
v 0.030603 0.237019 0.154000
v 0.030452 0.237078 0.154000
v 0.030330 0.237175 0.154000
v 0.030237 0.237312 0.154000
v 0.019008 0.255716 0.154000
v 0.018969 0.255766 0.154000
v 0.018930 0.255798 0.154000
v 0.018891 0.255814 0.154000
v 0.018852 0.255813 0.154000
v 0.018818 0.255795 0.154000
v 0.018794 0.255759 0.154000
v 0.018779 0.255707 0.154000
v 0.018774 0.255638 0.154000
v 0.018852 0.237468 0.154000
v 0.018844 0.237374 0.154000
v 0.018818 0.237288 0.154000
v 0.018775 0.237208 0.154000
v 0.018716 0.237136 0.154000
v 0.018644 0.237077 0.154000
v 0.018565 0.237034 0.154000
v 0.018478 0.237009 0.154000
v 0.018384 0.237000 0.154000
v 0.014797 0.237000 0.154000
v 0.014703 0.237009 0.154000
v 0.014617 0.237034 0.154000
v 0.014537 0.237077 0.154000
v 0.014466 0.237136 0.154000
v 0.014406 0.237208 0.154000
v 0.014363 0.237288 0.154000
v 0.014338 0.237374 0.154000
v 0.014329 0.237468 0.154000
v 0.014329 0.263826 0.154000
v 0.014338 0.263919 0.154000
v 0.014363 0.264006 0.154000
v 0.014406 0.264085 0.154000
v 0.014466 0.264157 0.154000
v 0.014537 0.264217 0.154000
v 0.014617 0.264259 0.154000
v 0.014703 0.264285 0.154000
v 0.014797 0.264294 0.154000
v 0.018267 0.264294 0.154000
v 0.018448 0.264274 0.154000
v 0.018599 0.264216 0.154000
v 0.018720 0.264118 0.154000
v 0.018813 0.263982 0.154000
v 0.030003 0.245578 0.154000
v 0.030042 0.245528 0.154000
v 0.030081 0.245495 0.154000
v 0.030120 0.245479 0.154000
v 0.030159 0.245480 0.154000
v 0.030194 0.245499 0.154000
v 0.030218 0.245534 0.154000
v 0.030233 0.245587 0.154000
v 0.030237 0.245656 0.154000
v -0.000643 0.236610 0.154000
v -0.002064 0.236684 0.154000
v -0.003402 0.236907 0.154000
v -0.004657 0.237279 0.154000
v -0.005829 0.237799 0.154000
v -0.006895 0.238456 0.154000
v -0.007832 0.239237 0.154000
v -0.008640 0.240142 0.154000
v -0.009319 0.241172 0.154000
v -0.009856 0.242305 0.154000
v -0.010240 0.243521 0.154000
v -0.010470 0.244820 0.154000
v -0.010547 0.246202 0.154000
v -0.010547 0.255092 0.154000
v -0.010469 0.256455 0.154000
v -0.010235 0.257738 0.154000
v -0.009845 0.258941 0.154000
v -0.009299 0.260063 0.154000
v -0.008613 0.261084 0.154000
v -0.007803 0.261983 0.154000
v -0.006868 0.262761 0.154000
v -0.005810 0.263416 0.154000
v -0.004646 0.263937 0.154000
v -0.003397 0.264308 0.154000
v -0.002063 0.264531 0.154000
v -0.000643 0.264606 0.154000
v 0.000793 0.264531 0.154000
v 0.002140 0.264308 0.154000
v 0.003396 0.263937 0.154000
v 0.004562 0.263416 0.154000
v 0.005621 0.262761 0.154000
v 0.006555 0.261983 0.154000
v 0.007366 0.261084 0.154000
v 0.008052 0.260063 0.154000
v 0.008597 0.258941 0.154000
v 0.008987 0.257738 0.154000
v 0.009221 0.256455 0.154000
v 0.009299 0.255092 0.154000
v 0.009299 0.246202 0.154000
v 0.009221 0.244820 0.154000
v 0.008987 0.243521 0.154000
v 0.008597 0.242305 0.154000
v 0.008052 0.241172 0.154000
v 0.007366 0.240142 0.154000
v 0.006555 0.239237 0.154000
v 0.005621 0.238456 0.154000
v 0.004562 0.237799 0.154000
v 0.003396 0.237279 0.154000
v 0.002140 0.236907 0.154000
v 0.000793 0.236684 0.154000
v -0.000643 0.240509 0.154000
v 0.000524 0.240604 0.154000
v 0.001569 0.240889 0.154000
v 0.002493 0.241365 0.154000
v 0.003295 0.242030 0.154000
v 0.003943 0.242851 0.154000
v 0.004406 0.243794 0.154000
v 0.004684 0.244859 0.154000
v 0.004776 0.246046 0.154000
v 0.004776 0.255131 0.154000
v 0.004684 0.256335 0.154000
v 0.004406 0.257412 0.154000
v 0.003943 0.258362 0.154000
v 0.003295 0.259186 0.154000
v 0.002493 0.259851 0.154000
v 0.001569 0.260326 0.154000
v 0.000524 0.260611 0.154000
v -0.000643 0.260706 0.154000
v -0.001794 0.260611 0.154000
v -0.002827 0.260326 0.154000
v -0.003743 0.259851 0.154000
v -0.004542 0.259186 0.154000
v -0.005191 0.258362 0.154000
v -0.005654 0.257412 0.154000
v -0.005931 0.256335 0.154000
v -0.006024 0.255131 0.154000
v -0.006024 0.246046 0.154000
v -0.005931 0.244859 0.154000
v -0.005654 0.243794 0.154000
v -0.005191 0.242851 0.154000
v -0.004542 0.242030 0.154000
v -0.003743 0.241365 0.154000
v -0.002827 0.240889 0.154000
v -0.001794 0.240604 0.154000
v -0.031680 0.237000 0.154000
v -0.031774 0.237009 0.154000
v -0.031860 0.237034 0.154000
v -0.031940 0.237077 0.154000
v -0.032011 0.237136 0.154000
v -0.032071 0.237208 0.154000
v -0.032114 0.237288 0.154000
v -0.032139 0.237374 0.154000
v -0.032148 0.237468 0.154000
v -0.032148 0.263826 0.154000
v -0.032139 0.263919 0.154000
v -0.032114 0.264006 0.154000
v -0.032071 0.264085 0.154000
v -0.032011 0.264157 0.154000
v -0.031940 0.264217 0.154000
v -0.031860 0.264259 0.154000
v -0.031774 0.264285 0.154000
v -0.031680 0.264294 0.154000
v -0.028093 0.264294 0.154000
v -0.027999 0.264285 0.154000
v -0.027913 0.264259 0.154000
v -0.027833 0.264217 0.154000
v -0.027761 0.264157 0.154000
v -0.027702 0.264085 0.154000
v -0.027659 0.264006 0.154000
v -0.027634 0.263919 0.154000
v -0.027625 0.263826 0.154000
v -0.027625 0.241094 0.154000
v -0.027613 0.241009 0.154000
v -0.027576 0.240948 0.154000
v -0.027515 0.240911 0.154000
v -0.027430 0.240899 0.154000
v -0.014368 0.240899 0.154000
v -0.014274 0.240891 0.154000
v -0.014188 0.240865 0.154000
v -0.014109 0.240822 0.154000
v -0.014037 0.240763 0.154000
v -0.013977 0.240691 0.154000
v -0.013934 0.240611 0.154000
v -0.013909 0.240525 0.154000
v -0.013900 0.240431 0.154000
v -0.013900 0.237468 0.154000
v -0.013909 0.237374 0.154000
v -0.013934 0.237288 0.154000
v -0.013977 0.237208 0.154000
v -0.014037 0.237136 0.154000
v -0.014109 0.237077 0.154000
v -0.014188 0.237034 0.154000
v -0.014274 0.237009 0.154000
v -0.014368 0.237000 0.154000
v -0.047120 0.236610 0.154000
v -0.048541 0.236684 0.154000
v -0.049879 0.236907 0.154000
v -0.051134 0.237279 0.154000
v -0.052306 0.237799 0.154000
v -0.053372 0.238456 0.154000
v -0.054309 0.239237 0.154000
v -0.055117 0.240142 0.154000
v -0.055796 0.241172 0.154000
v -0.056333 0.242305 0.154000
v -0.056717 0.243521 0.154000
v -0.056947 0.244820 0.154000
v -0.057024 0.246202 0.154000
v -0.057024 0.255092 0.154000
v -0.056946 0.256455 0.154000
v -0.056712 0.257738 0.154000
v -0.056322 0.258941 0.154000
v -0.055776 0.260063 0.154000
v -0.055090 0.261084 0.154000
v -0.054280 0.261983 0.154000
v -0.053346 0.262761 0.154000
v -0.052287 0.263416 0.154000
v -0.051123 0.263937 0.154000
v -0.049874 0.264308 0.154000
v -0.048540 0.264531 0.154000
v -0.047120 0.264606 0.154000
v -0.045684 0.264531 0.154000
v -0.044337 0.264308 0.154000
v -0.043081 0.263937 0.154000
v -0.041915 0.263416 0.154000
v -0.040856 0.262761 0.154000
v -0.039922 0.261983 0.154000
v -0.039111 0.261084 0.154000
v -0.038425 0.260063 0.154000
v -0.037880 0.258941 0.154000
v -0.037490 0.257738 0.154000
v -0.037256 0.256455 0.154000
v -0.037178 0.255092 0.154000
v -0.037178 0.246202 0.154000
v -0.037256 0.244820 0.154000
v -0.037490 0.243521 0.154000
v -0.037880 0.242305 0.154000
v -0.038425 0.241172 0.154000
v -0.039111 0.240142 0.154000
v -0.039922 0.239237 0.154000
v -0.040856 0.238456 0.154000
v -0.041915 0.237799 0.154000
v -0.043081 0.237279 0.154000
v -0.044337 0.236907 0.154000
v -0.045684 0.236684 0.154000
v -0.047120 0.240509 0.154000
v -0.045953 0.240604 0.154000
v -0.044908 0.240889 0.154000
v -0.043984 0.241365 0.154000
v -0.043182 0.242030 0.154000
v -0.042534 0.242851 0.154000
v -0.042071 0.243794 0.154000
v -0.041793 0.244859 0.154000
v -0.041701 0.246046 0.154000
v -0.041701 0.255131 0.154000
v -0.041793 0.256335 0.154000
v -0.042071 0.257412 0.154000
v -0.042534 0.258362 0.154000
v -0.043182 0.259186 0.154000
v -0.043984 0.259851 0.154000
v -0.044908 0.260326 0.154000
v -0.045953 0.260611 0.154000
v -0.047120 0.260706 0.154000
v -0.048271 0.260611 0.154000
v -0.049304 0.260326 0.154000
v -0.050220 0.259851 0.154000
v -0.051019 0.259186 0.154000
v -0.051668 0.258362 0.154000
v -0.052131 0.257412 0.154000
v -0.052409 0.256335 0.154000
v -0.052501 0.255131 0.154000
v -0.052501 0.246046 0.154000
v -0.052409 0.244859 0.154000
v -0.052131 0.243794 0.154000
v -0.051668 0.242851 0.154000
v -0.051019 0.242030 0.154000
v -0.050220 0.241365 0.154000
v -0.049304 0.240889 0.154000
v -0.048271 0.240604 0.154000
v -0.070944 0.236688 0.154000
v -0.072362 0.236760 0.154000
v -0.073693 0.236976 0.154000
v -0.074935 0.237335 0.154000
v -0.076091 0.237838 0.154000
v -0.077138 0.238471 0.154000
v -0.078060 0.239218 0.154000
v -0.078854 0.240079 0.154000
v -0.079522 0.241055 0.154000
v -0.080051 0.242130 0.154000
v -0.080428 0.243287 0.154000
v -0.080655 0.244528 0.154000
v -0.080731 0.245851 0.154000
v -0.080731 0.255482 0.154000
v -0.080655 0.256805 0.154000
v -0.080428 0.258045 0.154000
v -0.080051 0.259203 0.154000
v -0.079522 0.260278 0.154000
v -0.078854 0.261252 0.154000
v -0.078060 0.262110 0.154000
v -0.077138 0.262851 0.154000
v -0.076091 0.263475 0.154000
v -0.074935 0.263969 0.154000
v -0.073693 0.264323 0.154000
v -0.072362 0.264535 0.154000
v -0.070944 0.264606 0.154000
v -0.069543 0.264537 0.154000
v -0.068224 0.264333 0.154000
v -0.066989 0.263991 0.154000
v -0.065836 0.263514 0.154000
v -0.064788 0.262912 0.154000
v -0.063867 0.262198 0.154000
v -0.063073 0.261372 0.154000
v -0.062405 0.260433 0.154000
v -0.061876 0.259400 0.154000
v -0.061498 0.258289 0.154000
v -0.061272 0.257100 0.154000
v -0.061196 0.255833 0.154000
v -0.061205 0.255739 0.154000
v -0.061230 0.255652 0.154000
v -0.061273 0.255573 0.154000
v -0.061333 0.255501 0.154000
v -0.061404 0.255441 0.154000
v -0.061484 0.255399 0.154000
v -0.061570 0.255373 0.154000
v -0.061664 0.255365 0.154000
v -0.065251 0.255170 0.154000
v -0.065456 0.255197 0.154000
v -0.065602 0.255277 0.154000
v -0.065690 0.255411 0.154000
v -0.065719 0.255599 0.154000
v -0.065808 0.256693 0.154000
v -0.066075 0.257675 0.154000
v -0.066520 0.258545 0.154000
v -0.067142 0.259303 0.154000
v -0.067913 0.259917 0.154000
v -0.068804 0.260355 0.154000
v -0.069814 0.260619 0.154000
v -0.070944 0.260706 0.154000
v -0.072075 0.260619 0.154000
v -0.073088 0.260355 0.154000
v -0.073985 0.259917 0.154000
v -0.074765 0.259303 0.154000
v -0.075396 0.258545 0.154000
v -0.075847 0.257675 0.154000
v -0.076117 0.256693 0.154000
v -0.076208 0.255599 0.154000
v -0.076208 0.245656 0.154000
v -0.076117 0.244579 0.154000
v -0.075847 0.243609 0.154000
v -0.075396 0.242746 0.154000
v -0.074765 0.241991 0.154000
v -0.073985 0.241377 0.154000
v -0.073088 0.240938 0.154000
v -0.072075 0.240675 0.154000
v -0.070944 0.240587 0.154000
v -0.069814 0.240674 0.154000
v -0.068804 0.240933 0.154000
v -0.067913 0.241366 0.154000
v -0.067142 0.241971 0.154000
v -0.066520 0.242721 0.154000
v -0.066075 0.243585 0.154000
v -0.065808 0.244563 0.154000
v -0.065719 0.245656 0.154000
v -0.065690 0.245844 0.154000
v -0.065602 0.245978 0.154000
v -0.065456 0.246058 0.154000
v -0.065251 0.246085 0.154000
v -0.061664 0.245929 0.154000
v -0.061570 0.245922 0.154000
v -0.061484 0.245900 0.154000
v -0.061404 0.245863 0.154000
v -0.061333 0.245812 0.154000
v -0.061273 0.245751 0.154000
v -0.061230 0.245685 0.154000
v -0.061205 0.245615 0.154000
v -0.061196 0.245539 0.154000
v -0.061272 0.244254 0.154000
v -0.061498 0.243048 0.154000
v -0.061876 0.241924 0.154000
v -0.062405 0.240880 0.154000
v -0.063073 0.239933 0.154000
v -0.063867 0.239101 0.154000
v -0.064788 0.238383 0.154000
v -0.065836 0.237780 0.154000
v -0.066989 0.237302 0.154000
v -0.068224 0.236961 0.154000
v -0.069543 0.236756 0.154000
v -0.070944 0.236688 0.154000
v -0.070944 0.236688 0.156000
v -0.072362 0.236760 0.154000
v -0.072362 0.236760 0.156000
v -0.073693 0.236976 0.154000
v -0.073693 0.236976 0.156000
v -0.074935 0.237335 0.154000
v -0.074935 0.237335 0.156000
v -0.076091 0.237838 0.154000
v -0.076091 0.237838 0.156000
v -0.077138 0.238471 0.154000
v -0.077138 0.238471 0.156000
v -0.078060 0.239218 0.154000
v -0.078060 0.239218 0.156000
v -0.078854 0.240079 0.154000
v -0.078854 0.240079 0.156000
v -0.079522 0.241055 0.154000
v -0.079522 0.241055 0.156000
v -0.080051 0.242130 0.154000
v -0.080051 0.242130 0.156000
v -0.080428 0.243287 0.154000
v -0.080428 0.243287 0.156000
v -0.080655 0.244528 0.154000
v -0.080655 0.244528 0.156000
v -0.080731 0.245851 0.154000
v -0.080731 0.245851 0.156000
v -0.080731 0.255482 0.154000
v -0.080731 0.255482 0.156000
v -0.080655 0.256805 0.154000
v -0.080655 0.256805 0.156000
v -0.080428 0.258045 0.154000
v -0.080428 0.258045 0.156000
v -0.080051 0.259203 0.154000
v -0.080051 0.259203 0.156000
v -0.079522 0.260278 0.154000
v -0.079522 0.260278 0.156000
v -0.078854 0.261252 0.154000
v -0.078854 0.261252 0.156000
v -0.078060 0.262110 0.154000
v -0.078060 0.262110 0.156000
v -0.077138 0.262851 0.154000
v -0.077138 0.262851 0.156000
v -0.076091 0.263475 0.154000
v -0.076091 0.263475 0.156000
v -0.074935 0.263969 0.154000
v -0.074935 0.263969 0.156000
v -0.073693 0.264323 0.154000
v -0.073693 0.264323 0.156000
v -0.072362 0.264535 0.154000
v -0.072362 0.264535 0.156000
v -0.070944 0.264606 0.154000
v -0.070944 0.264606 0.156000
v -0.069543 0.264537 0.154000
v -0.069543 0.264537 0.156000
v -0.068224 0.264333 0.154000
v -0.068224 0.264333 0.156000
v -0.066989 0.263991 0.154000
v -0.066989 0.263991 0.156000
v -0.065836 0.263514 0.154000
v -0.065836 0.263514 0.156000
v -0.064788 0.262912 0.154000
v -0.064788 0.262912 0.156000
v -0.063867 0.262198 0.154000
v -0.063867 0.262198 0.156000
v -0.063073 0.261372 0.154000
v -0.063073 0.261372 0.156000
v -0.062405 0.260433 0.154000
v -0.062405 0.260433 0.156000
v -0.061876 0.259400 0.154000
v -0.061876 0.259400 0.156000
v -0.061498 0.258289 0.154000
v -0.061498 0.258289 0.156000
v -0.061272 0.257100 0.154000
v -0.061272 0.257100 0.156000
v -0.061196 0.255833 0.154000
v -0.061196 0.255833 0.156000
v -0.061205 0.255739 0.154000
v -0.061205 0.255739 0.156000
v -0.061230 0.255652 0.154000
v -0.061230 0.255652 0.156000
v -0.061273 0.255573 0.154000
v -0.061273 0.255573 0.156000
v -0.061333 0.255501 0.154000
v -0.061333 0.255501 0.156000
v -0.061404 0.255441 0.154000
v -0.061404 0.255441 0.156000
v -0.061484 0.255399 0.154000
v -0.061484 0.255399 0.156000
v -0.061570 0.255373 0.154000
v -0.061570 0.255373 0.156000
v -0.061664 0.255365 0.154000
v -0.061664 0.255365 0.156000
v -0.065251 0.255170 0.154000
v -0.065251 0.255170 0.156000
v -0.065456 0.255197 0.154000
v -0.065456 0.255197 0.156000
v -0.065602 0.255277 0.154000
v -0.065602 0.255277 0.156000
v -0.065690 0.255411 0.154000
v -0.065690 0.255411 0.156000
v -0.065719 0.255599 0.154000
v -0.065719 0.255599 0.156000
v -0.065808 0.256693 0.154000
v -0.065808 0.256693 0.156000
v -0.066075 0.257675 0.154000
v -0.066075 0.257675 0.156000
v -0.066520 0.258545 0.154000
v -0.066520 0.258545 0.156000
v -0.067142 0.259303 0.154000
v -0.067142 0.259303 0.156000
v -0.067913 0.259917 0.154000
v -0.067913 0.259917 0.156000
v -0.068804 0.260355 0.154000
v -0.068804 0.260355 0.156000
v -0.069814 0.260619 0.154000
v -0.069814 0.260619 0.156000
v -0.070944 0.260706 0.154000
v -0.070944 0.260706 0.156000
v -0.072075 0.260619 0.154000
v -0.072075 0.260619 0.156000
v -0.073088 0.260355 0.154000
v -0.073088 0.260355 0.156000
v -0.073985 0.259917 0.154000
v -0.073985 0.259917 0.156000
v -0.074765 0.259303 0.154000
v -0.074765 0.259303 0.156000
v -0.075396 0.258545 0.154000
v -0.075396 0.258545 0.156000
v -0.075847 0.257675 0.154000
v -0.075847 0.257675 0.156000
v -0.076117 0.256693 0.154000
v -0.076117 0.256693 0.156000
v -0.076208 0.255599 0.154000
v -0.076208 0.255599 0.156000
v -0.076208 0.245656 0.154000
v -0.076208 0.245656 0.156000
v -0.076117 0.244579 0.154000
v -0.076117 0.244579 0.156000
v -0.075847 0.243609 0.154000
v -0.075847 0.243609 0.156000
v -0.075396 0.242746 0.154000
v -0.075396 0.242746 0.156000
v -0.074765 0.241991 0.154000
v -0.074765 0.241991 0.156000
v -0.073985 0.241377 0.154000
v -0.073985 0.241377 0.156000
v -0.073088 0.240938 0.154000
v -0.073088 0.240938 0.156000
v -0.072075 0.240675 0.154000
v -0.072075 0.240675 0.156000
v -0.070944 0.240587 0.154000
v -0.070944 0.240587 0.156000
v -0.069814 0.240674 0.154000
v -0.069814 0.240674 0.156000
v -0.068804 0.240933 0.154000
v -0.068804 0.240933 0.156000
v -0.067913 0.241366 0.154000
v -0.067913 0.241366 0.156000
v -0.067142 0.241971 0.154000
v -0.067142 0.241971 0.156000
v -0.066520 0.242721 0.154000
v -0.066520 0.242721 0.156000
v -0.066075 0.243585 0.154000
v -0.066075 0.243585 0.156000
v -0.065808 0.244563 0.154000
v -0.065808 0.244563 0.156000
v -0.065719 0.245656 0.154000
v -0.065719 0.245656 0.156000
v -0.065690 0.245844 0.154000
v -0.065690 0.245844 0.156000
v -0.065602 0.245978 0.154000
v -0.065602 0.245978 0.156000
v -0.065456 0.246058 0.154000
v -0.065456 0.246058 0.156000
v -0.065251 0.246085 0.154000
v -0.065251 0.246085 0.156000
v -0.061664 0.245929 0.154000
v -0.061664 0.245929 0.156000
v -0.061570 0.245922 0.154000
v -0.061570 0.245922 0.156000
v -0.061484 0.245900 0.154000
v -0.061484 0.245900 0.156000
v -0.061404 0.245863 0.154000
v -0.061404 0.245863 0.156000
v -0.061333 0.245812 0.154000
v -0.061333 0.245812 0.156000
v -0.061273 0.245751 0.154000
v -0.061273 0.245751 0.156000
v -0.061230 0.245685 0.154000
v -0.061230 0.245685 0.156000
v -0.061205 0.245615 0.154000
v -0.061205 0.245615 0.156000
v -0.061196 0.245539 0.154000
v -0.061196 0.245539 0.156000
v -0.061272 0.244254 0.154000
v -0.061272 0.244254 0.156000
v -0.061498 0.243048 0.154000
v -0.061498 0.243048 0.156000
v -0.061876 0.241924 0.154000
v -0.061876 0.241924 0.156000
v -0.062405 0.240880 0.154000
v -0.062405 0.240880 0.156000
v -0.063073 0.239933 0.154000
v -0.063073 0.239933 0.156000
v -0.063867 0.239101 0.154000
v -0.063867 0.239101 0.156000
v -0.064788 0.238383 0.154000
v -0.064788 0.238383 0.156000
v -0.065836 0.237780 0.154000
v -0.065836 0.237780 0.156000
v -0.066989 0.237302 0.154000
v -0.066989 0.237302 0.156000
v -0.068224 0.236961 0.154000
v -0.068224 0.236961 0.156000
v -0.069543 0.236756 0.154000
v -0.069543 0.236756 0.156000
v -0.047120 0.236610 0.154000
v -0.047120 0.236610 0.156000
v -0.048541 0.236684 0.154000
v -0.048541 0.236684 0.156000
v -0.049879 0.236907 0.154000
v -0.049879 0.236907 0.156000
v -0.051134 0.237279 0.154000
v -0.051134 0.237279 0.156000
v -0.052306 0.237799 0.154000
v -0.052306 0.237799 0.156000
v -0.053372 0.238456 0.154000
v -0.053372 0.238456 0.156000
v -0.054309 0.239237 0.154000
v -0.054309 0.239237 0.156000
v -0.055117 0.240142 0.154000
v -0.055117 0.240142 0.156000
v -0.055796 0.241172 0.154000
v -0.055796 0.241172 0.156000
v -0.056333 0.242305 0.154000
v -0.056333 0.242305 0.156000
v -0.056717 0.243521 0.154000
v -0.056717 0.243521 0.156000
v -0.056947 0.244820 0.154000
v -0.056947 0.244820 0.156000
v -0.057024 0.246202 0.154000
v -0.057024 0.246202 0.156000
v -0.057024 0.255092 0.154000
v -0.057024 0.255092 0.156000
v -0.056946 0.256455 0.154000
v -0.056946 0.256455 0.156000
v -0.056712 0.257738 0.154000
v -0.056712 0.257738 0.156000
v -0.056322 0.258941 0.154000
v -0.056322 0.258941 0.156000
v -0.055776 0.260063 0.154000
v -0.055776 0.260063 0.156000
v -0.055090 0.261084 0.154000
v -0.055090 0.261084 0.156000
v -0.054280 0.261983 0.154000
v -0.054280 0.261983 0.156000
v -0.053346 0.262761 0.154000
v -0.053346 0.262761 0.156000
v -0.052287 0.263416 0.154000
v -0.052287 0.263416 0.156000
v -0.051123 0.263937 0.154000
v -0.051123 0.263937 0.156000
v -0.049874 0.264308 0.154000
v -0.049874 0.264308 0.156000
v -0.048540 0.264531 0.154000
v -0.048540 0.264531 0.156000
v -0.047120 0.264606 0.154000
v -0.047120 0.264606 0.156000
v -0.045684 0.264531 0.154000
v -0.045684 0.264531 0.156000
v -0.044337 0.264308 0.154000
v -0.044337 0.264308 0.156000
v -0.043081 0.263937 0.154000
v -0.043081 0.263937 0.156000
v -0.041915 0.263416 0.154000
v -0.041915 0.263416 0.156000
v -0.040856 0.262761 0.154000
v -0.040856 0.262761 0.156000
v -0.039922 0.261983 0.154000
v -0.039922 0.261983 0.156000
v -0.039111 0.261084 0.154000
v -0.039111 0.261084 0.156000
v -0.038425 0.260063 0.154000
v -0.038425 0.260063 0.156000
v -0.037880 0.258941 0.154000
v -0.037880 0.258941 0.156000
v -0.037490 0.257738 0.154000
v -0.037490 0.257738 0.156000
v -0.037256 0.256455 0.154000
v -0.037256 0.256455 0.156000
v -0.037178 0.255092 0.154000
v -0.037178 0.255092 0.156000
v -0.037178 0.246202 0.154000
v -0.037178 0.246202 0.156000
v -0.037256 0.244820 0.154000
v -0.037256 0.244820 0.156000
v -0.037490 0.243521 0.154000
v -0.037490 0.243521 0.156000
v -0.037880 0.242305 0.154000
v -0.037880 0.242305 0.156000
v -0.038425 0.241172 0.154000
v -0.038425 0.241172 0.156000
v -0.039111 0.240142 0.154000
v -0.039111 0.240142 0.156000
v -0.039922 0.239237 0.154000
v -0.039922 0.239237 0.156000
v -0.040856 0.238456 0.154000
v -0.040856 0.238456 0.156000
v -0.041915 0.237799 0.154000
v -0.041915 0.237799 0.156000
v -0.043081 0.237279 0.154000
v -0.043081 0.237279 0.156000
v -0.044337 0.236907 0.154000
v -0.044337 0.236907 0.156000
v -0.045684 0.236684 0.154000
v -0.045684 0.236684 0.156000
v -0.047120 0.240509 0.154000
v -0.047120 0.240509 0.156000
v -0.045953 0.240604 0.154000
v -0.045953 0.240604 0.156000
v -0.044908 0.240889 0.154000
v -0.044908 0.240889 0.156000
v -0.043984 0.241365 0.154000
v -0.043984 0.241365 0.156000
v -0.043182 0.242030 0.154000
v -0.043182 0.242030 0.156000
v -0.042534 0.242851 0.154000
v -0.042534 0.242851 0.156000
v -0.042071 0.243794 0.154000
v -0.042071 0.243794 0.156000
v -0.041793 0.244859 0.154000
v -0.041793 0.244859 0.156000
v -0.041701 0.246046 0.154000
v -0.041701 0.246046 0.156000
v -0.041701 0.255131 0.154000
v -0.041701 0.255131 0.156000
v -0.041793 0.256335 0.154000
v -0.041793 0.256335 0.156000
v -0.042071 0.257412 0.154000
v -0.042071 0.257412 0.156000
v -0.042534 0.258362 0.154000
v -0.042534 0.258362 0.156000
v -0.043182 0.259186 0.154000
v -0.043182 0.259186 0.156000
v -0.043984 0.259851 0.154000
v -0.043984 0.259851 0.156000
v -0.044908 0.260326 0.154000
v -0.044908 0.260326 0.156000
v -0.045953 0.260611 0.154000
v -0.045953 0.260611 0.156000
v -0.047120 0.260706 0.154000
v -0.047120 0.260706 0.156000
v -0.048271 0.260611 0.154000
v -0.048271 0.260611 0.156000
v -0.049304 0.260326 0.154000
v -0.049304 0.260326 0.156000
v -0.050220 0.259851 0.154000
v -0.050220 0.259851 0.156000
v -0.051019 0.259186 0.154000
v -0.051019 0.259186 0.156000
v -0.051668 0.258362 0.154000
v -0.051668 0.258362 0.156000
v -0.052131 0.257412 0.154000
v -0.052131 0.257412 0.156000
v -0.052409 0.256335 0.154000
v -0.052409 0.256335 0.156000
v -0.052501 0.255131 0.154000
v -0.052501 0.255131 0.156000
v -0.052501 0.246046 0.154000
v -0.052501 0.246046 0.156000
v -0.052409 0.244859 0.154000
v -0.052409 0.244859 0.156000
v -0.052131 0.243794 0.154000
v -0.052131 0.243794 0.156000
v -0.051668 0.242851 0.154000
v -0.051668 0.242851 0.156000
v -0.051019 0.242030 0.154000
v -0.051019 0.242030 0.156000
v -0.050220 0.241365 0.154000
v -0.050220 0.241365 0.156000
v -0.049304 0.240889 0.154000
v -0.049304 0.240889 0.156000
v -0.048271 0.240604 0.154000
v -0.048271 0.240604 0.156000
v -0.031680 0.237000 0.154000
v -0.031680 0.237000 0.156000
v -0.031774 0.237009 0.154000
v -0.031774 0.237009 0.156000
v -0.031860 0.237034 0.154000
v -0.031860 0.237034 0.156000
v -0.031940 0.237077 0.154000
v -0.031940 0.237077 0.156000
v -0.032011 0.237136 0.154000
v -0.032011 0.237136 0.156000
v -0.032071 0.237208 0.154000
v -0.032071 0.237208 0.156000
v -0.032114 0.237288 0.154000
v -0.032114 0.237288 0.156000
v -0.032139 0.237374 0.154000
v -0.032139 0.237374 0.156000
v -0.032148 0.237468 0.154000
v -0.032148 0.237468 0.156000
v -0.032148 0.263826 0.154000
v -0.032148 0.263826 0.156000
v -0.032139 0.263919 0.154000
v -0.032139 0.263919 0.156000
v -0.032114 0.264006 0.154000
v -0.032114 0.264006 0.156000
v -0.032071 0.264085 0.154000
v -0.032071 0.264085 0.156000
v -0.032011 0.264157 0.154000
v -0.032011 0.264157 0.156000
v -0.031940 0.264217 0.154000
v -0.031940 0.264217 0.156000
v -0.031860 0.264259 0.154000
v -0.031860 0.264259 0.156000
v -0.031774 0.264285 0.154000
v -0.031774 0.264285 0.156000
v -0.031680 0.264294 0.154000
v -0.031680 0.264294 0.156000
v -0.028093 0.264294 0.154000
v -0.028093 0.264294 0.156000
v -0.027999 0.264285 0.154000
v -0.027999 0.264285 0.156000
v -0.027913 0.264259 0.154000
v -0.027913 0.264259 0.156000
v -0.027833 0.264217 0.154000
v -0.027833 0.264217 0.156000
v -0.027761 0.264157 0.154000
v -0.027761 0.264157 0.156000
v -0.027702 0.264085 0.154000
v -0.027702 0.264085 0.156000
v -0.027659 0.264006 0.154000
v -0.027659 0.264006 0.156000
v -0.027634 0.263919 0.154000
v -0.027634 0.263919 0.156000
v -0.027625 0.263826 0.154000
v -0.027625 0.263826 0.156000
v -0.027625 0.241094 0.154000
v -0.027625 0.241094 0.156000
v -0.027613 0.241009 0.154000
v -0.027613 0.241009 0.156000
v -0.027576 0.240948 0.154000
v -0.027576 0.240948 0.156000
v -0.027515 0.240911 0.154000
v -0.027515 0.240911 0.156000
v -0.027430 0.240899 0.154000
v -0.027430 0.240899 0.156000
v -0.014368 0.240899 0.154000
v -0.014368 0.240899 0.156000
v -0.014274 0.240891 0.154000
v -0.014274 0.240891 0.156000
v -0.014188 0.240865 0.154000
v -0.014188 0.240865 0.156000
v -0.014109 0.240822 0.154000
v -0.014109 0.240822 0.156000
v -0.014037 0.240763 0.154000
v -0.014037 0.240763 0.156000
v -0.013977 0.240691 0.154000
v -0.013977 0.240691 0.156000
v -0.013934 0.240611 0.154000
v -0.013934 0.240611 0.156000
v -0.013909 0.240525 0.154000
v -0.013909 0.240525 0.156000
v -0.013900 0.240431 0.154000
v -0.013900 0.240431 0.156000
v -0.013900 0.237468 0.154000
v -0.013900 0.237468 0.156000
v -0.013909 0.237374 0.154000
v -0.013909 0.237374 0.156000
v -0.013934 0.237288 0.154000
v -0.013934 0.237288 0.156000
v -0.013977 0.237208 0.154000
v -0.013977 0.237208 0.156000
v -0.014037 0.237136 0.154000
v -0.014037 0.237136 0.156000
v -0.014109 0.237077 0.154000
v -0.014109 0.237077 0.156000
v -0.014188 0.237034 0.154000
v -0.014188 0.237034 0.156000
v -0.014274 0.237009 0.154000
v -0.014274 0.237009 0.156000
v -0.014368 0.237000 0.154000
v -0.014368 0.237000 0.156000
v -0.000643 0.236610 0.154000
v -0.000643 0.236610 0.156000
v -0.002064 0.236684 0.154000
v -0.002064 0.236684 0.156000
v -0.003402 0.236907 0.154000
v -0.003402 0.236907 0.156000
v -0.004657 0.237279 0.154000
v -0.004657 0.237279 0.156000
v -0.005829 0.237799 0.154000
v -0.005829 0.237799 0.156000
v -0.006895 0.238456 0.154000
v -0.006895 0.238456 0.156000
v -0.007832 0.239237 0.154000
v -0.007832 0.239237 0.156000
v -0.008640 0.240142 0.154000
v -0.008640 0.240142 0.156000
v -0.009319 0.241172 0.154000
v -0.009319 0.241172 0.156000
v -0.009856 0.242305 0.154000
v -0.009856 0.242305 0.156000
v -0.010240 0.243521 0.154000
v -0.010240 0.243521 0.156000
v -0.010470 0.244820 0.154000
v -0.010470 0.244820 0.156000
v -0.010547 0.246202 0.154000
v -0.010547 0.246202 0.156000
v -0.010547 0.255092 0.154000
v -0.010547 0.255092 0.156000
v -0.010469 0.256455 0.154000
v -0.010469 0.256455 0.156000
v -0.010235 0.257738 0.154000
v -0.010235 0.257738 0.156000
v -0.009845 0.258941 0.154000
v -0.009845 0.258941 0.156000
v -0.009299 0.260063 0.154000
v -0.009299 0.260063 0.156000
v -0.008613 0.261084 0.154000
v -0.008613 0.261084 0.156000
v -0.007803 0.261983 0.154000
v -0.007803 0.261983 0.156000
v -0.006868 0.262761 0.154000
v -0.006868 0.262761 0.156000
v -0.005810 0.263416 0.154000
v -0.005810 0.263416 0.156000
v -0.004646 0.263937 0.154000
v -0.004646 0.263937 0.156000
v -0.003397 0.264308 0.154000
v -0.003397 0.264308 0.156000
v -0.002063 0.264531 0.154000
v -0.002063 0.264531 0.156000
v -0.000643 0.264606 0.154000
v -0.000643 0.264606 0.156000
v 0.000793 0.264531 0.154000
v 0.000793 0.264531 0.156000
v 0.002140 0.264308 0.154000
v 0.002140 0.264308 0.156000
v 0.003396 0.263937 0.154000
v 0.003396 0.263937 0.156000
v 0.004562 0.263416 0.154000
v 0.004562 0.263416 0.156000
v 0.005621 0.262761 0.154000
v 0.005621 0.262761 0.156000
v 0.006555 0.261983 0.154000
v 0.006555 0.261983 0.156000
v 0.007366 0.261084 0.154000
v 0.007366 0.261084 0.156000
v 0.008052 0.260063 0.154000
v 0.008052 0.260063 0.156000
v 0.008597 0.258941 0.154000
v 0.008597 0.258941 0.156000
v 0.008987 0.257738 0.154000
v 0.008987 0.257738 0.156000
v 0.009221 0.256455 0.154000
v 0.009221 0.256455 0.156000
v 0.009299 0.255092 0.154000
v 0.009299 0.255092 0.156000
v 0.009299 0.246202 0.154000
v 0.009299 0.246202 0.156000
v 0.009221 0.244820 0.154000
v 0.009221 0.244820 0.156000
v 0.008987 0.243521 0.154000
v 0.008987 0.243521 0.156000
v 0.008597 0.242305 0.154000
v 0.008597 0.242305 0.156000
v 0.008052 0.241172 0.154000
v 0.008052 0.241172 0.156000
v 0.007366 0.240142 0.154000
v 0.007366 0.240142 0.156000
v 0.006555 0.239237 0.154000
v 0.006555 0.239237 0.156000
v 0.005621 0.238456 0.154000
v 0.005621 0.238456 0.156000
v 0.004562 0.237799 0.154000
v 0.004562 0.237799 0.156000
v 0.003396 0.237279 0.154000
v 0.003396 0.237279 0.156000
v 0.002140 0.236907 0.154000
v 0.002140 0.236907 0.156000
v 0.000793 0.236684 0.154000
v 0.000793 0.236684 0.156000
v -0.000643 0.240509 0.154000
v -0.000643 0.240509 0.156000
v 0.000524 0.240604 0.154000
v 0.000524 0.240604 0.156000
v 0.001569 0.240889 0.154000
v 0.001569 0.240889 0.156000
v 0.002493 0.241365 0.154000
v 0.002493 0.241365 0.156000
v 0.003295 0.242030 0.154000
v 0.003295 0.242030 0.156000
v 0.003943 0.242851 0.154000
v 0.003943 0.242851 0.156000
v 0.004406 0.243794 0.154000
v 0.004406 0.243794 0.156000
v 0.004684 0.244859 0.154000
v 0.004684 0.244859 0.156000
v 0.004776 0.246046 0.154000
v 0.004776 0.246046 0.156000
v 0.004776 0.255131 0.154000
v 0.004776 0.255131 0.156000
v 0.004684 0.256335 0.154000
v 0.004684 0.256335 0.156000
v 0.004406 0.257412 0.154000
v 0.004406 0.257412 0.156000
v 0.003943 0.258362 0.154000
v 0.003943 0.258362 0.156000
v 0.003295 0.259186 0.154000
v 0.003295 0.259186 0.156000
v 0.002493 0.259851 0.154000
v 0.002493 0.259851 0.156000
v 0.001569 0.260326 0.154000
v 0.001569 0.260326 0.156000
v 0.000524 0.260611 0.154000
v 0.000524 0.260611 0.156000
v -0.000643 0.260706 0.154000
v -0.000643 0.260706 0.156000
v -0.001794 0.260611 0.154000
v -0.001794 0.260611 0.156000
v -0.002827 0.260326 0.154000
v -0.002827 0.260326 0.156000
v -0.003743 0.259851 0.154000
v -0.003743 0.259851 0.156000
v -0.004542 0.259186 0.154000
v -0.004542 0.259186 0.156000
v -0.005191 0.258362 0.154000
v -0.005191 0.258362 0.156000
v -0.005654 0.257412 0.154000
v -0.005654 0.257412 0.156000
v -0.005931 0.256335 0.154000
v -0.005931 0.256335 0.156000
v -0.006024 0.255131 0.154000
v -0.006024 0.255131 0.156000
v -0.006024 0.246046 0.154000
v -0.006024 0.246046 0.156000
v -0.005931 0.244859 0.154000
v -0.005931 0.244859 0.156000
v -0.005654 0.243794 0.154000
v -0.005654 0.243794 0.156000
v -0.005191 0.242851 0.154000
v -0.005191 0.242851 0.156000
v -0.004542 0.242030 0.154000
v -0.004542 0.242030 0.156000
v -0.003743 0.241365 0.154000
v -0.003743 0.241365 0.156000
v -0.002827 0.240889 0.154000
v -0.002827 0.240889 0.156000
v -0.001794 0.240604 0.154000
v -0.001794 0.240604 0.156000
v 0.030198 0.263826 0.154000
v 0.030198 0.263826 0.156000
v 0.030207 0.263919 0.154000
v 0.030207 0.263919 0.156000
v 0.030233 0.264006 0.154000
v 0.030233 0.264006 0.156000
v 0.030275 0.264085 0.154000
v 0.030275 0.264085 0.156000
v 0.030335 0.264157 0.154000
v 0.030335 0.264157 0.156000
v 0.030407 0.264217 0.154000
v 0.030407 0.264217 0.156000
v 0.030486 0.264259 0.154000
v 0.030486 0.264259 0.156000
v 0.030572 0.264285 0.154000
v 0.030572 0.264285 0.156000
v 0.030666 0.264294 0.154000
v 0.030666 0.264294 0.156000
v 0.034253 0.264294 0.154000
v 0.034253 0.264294 0.156000
v 0.034347 0.264285 0.154000
v 0.034347 0.264285 0.156000
v 0.034434 0.264259 0.154000
v 0.034434 0.264259 0.156000
v 0.034513 0.264217 0.154000
v 0.034513 0.264217 0.156000
v 0.034585 0.264157 0.154000
v 0.034585 0.264157 0.156000
v 0.034645 0.264085 0.154000
v 0.034645 0.264085 0.156000
v 0.034687 0.264006 0.154000
v 0.034687 0.264006 0.156000
v 0.034713 0.263919 0.154000
v 0.034713 0.263919 0.156000
v 0.034721 0.263826 0.154000
v 0.034721 0.263826 0.156000
v 0.034721 0.237468 0.154000
v 0.034721 0.237468 0.156000
v 0.034713 0.237374 0.154000
v 0.034713 0.237374 0.156000
v 0.034687 0.237288 0.154000
v 0.034687 0.237288 0.156000
v 0.034645 0.237208 0.154000
v 0.034645 0.237208 0.156000
v 0.034585 0.237136 0.154000
v 0.034585 0.237136 0.156000
v 0.034513 0.237077 0.154000
v 0.034513 0.237077 0.156000
v 0.034434 0.237034 0.154000
v 0.034434 0.237034 0.156000
v 0.034347 0.237009 0.154000
v 0.034347 0.237009 0.156000
v 0.034253 0.237000 0.154000
v 0.034253 0.237000 0.156000
v 0.030783 0.237000 0.154000
v 0.030783 0.237000 0.156000
v 0.030603 0.237019 0.154000
v 0.030603 0.237019 0.156000
v 0.030452 0.237078 0.154000
v 0.030452 0.237078 0.156000
v 0.030330 0.237175 0.154000
v 0.030330 0.237175 0.156000
v 0.030237 0.237312 0.154000
v 0.030237 0.237312 0.156000
v 0.019008 0.255716 0.154000
v 0.019008 0.255716 0.156000
v 0.018969 0.255766 0.154000
v 0.018969 0.255766 0.156000
v 0.018930 0.255798 0.154000
v 0.018930 0.255798 0.156000
v 0.018891 0.255814 0.154000
v 0.018891 0.255814 0.156000
v 0.018852 0.255813 0.154000
v 0.018852 0.255813 0.156000
v 0.018818 0.255795 0.154000
v 0.018818 0.255795 0.156000
v 0.018794 0.255759 0.154000
v 0.018794 0.255759 0.156000
v 0.018779 0.255707 0.154000
v 0.018779 0.255707 0.156000
v 0.018774 0.255638 0.154000
v 0.018774 0.255638 0.156000
v 0.018852 0.237468 0.154000
v 0.018852 0.237468 0.156000
v 0.018844 0.237374 0.154000
v 0.018844 0.237374 0.156000
v 0.018818 0.237288 0.154000
v 0.018818 0.237288 0.156000
v 0.018775 0.237208 0.154000
v 0.018775 0.237208 0.156000
v 0.018716 0.237136 0.154000
v 0.018716 0.237136 0.156000
v 0.018644 0.237077 0.154000
v 0.018644 0.237077 0.156000
v 0.018565 0.237034 0.154000
v 0.018565 0.237034 0.156000
v 0.018478 0.237009 0.154000
v 0.018478 0.237009 0.156000
v 0.018384 0.237000 0.154000
v 0.018384 0.237000 0.156000
v 0.014797 0.237000 0.154000
v 0.014797 0.237000 0.156000
v 0.014703 0.237009 0.154000
v 0.014703 0.237009 0.156000
v 0.014617 0.237034 0.154000
v 0.014617 0.237034 0.156000
v 0.014537 0.237077 0.154000
v 0.014537 0.237077 0.156000
v 0.014466 0.237136 0.154000
v 0.014466 0.237136 0.156000
v 0.014406 0.237208 0.154000
v 0.014406 0.237208 0.156000
v 0.014363 0.237288 0.154000
v 0.014363 0.237288 0.156000
v 0.014338 0.237374 0.154000
v 0.014338 0.237374 0.156000
v 0.014329 0.237468 0.154000
v 0.014329 0.237468 0.156000
v 0.014329 0.263826 0.154000
v 0.014329 0.263826 0.156000
v 0.014338 0.263919 0.154000
v 0.014338 0.263919 0.156000
v 0.014363 0.264006 0.154000
v 0.014363 0.264006 0.156000
v 0.014406 0.264085 0.154000
v 0.014406 0.264085 0.156000
v 0.014466 0.264157 0.154000
v 0.014466 0.264157 0.156000
v 0.014537 0.264217 0.154000
v 0.014537 0.264217 0.156000
v 0.014617 0.264259 0.154000
v 0.014617 0.264259 0.156000
v 0.014703 0.264285 0.154000
v 0.014703 0.264285 0.156000
v 0.014797 0.264294 0.154000
v 0.014797 0.264294 0.156000
v 0.018267 0.264294 0.154000
v 0.018267 0.264294 0.156000
v 0.018448 0.264274 0.154000
v 0.018448 0.264274 0.156000
v 0.018599 0.264216 0.154000
v 0.018599 0.264216 0.156000
v 0.018720 0.264118 0.154000
v 0.018720 0.264118 0.156000
v 0.018813 0.263982 0.154000
v 0.018813 0.263982 0.156000
v 0.030003 0.245578 0.154000
v 0.030003 0.245578 0.156000
v 0.030042 0.245528 0.154000
v 0.030042 0.245528 0.156000
v 0.030081 0.245495 0.154000
v 0.030081 0.245495 0.156000
v 0.030120 0.245479 0.154000
v 0.030120 0.245479 0.156000
v 0.030159 0.245480 0.154000
v 0.030159 0.245480 0.156000
v 0.030194 0.245499 0.154000
v 0.030194 0.245499 0.156000
v 0.030218 0.245534 0.154000
v 0.030218 0.245534 0.156000
v 0.030233 0.245587 0.154000
v 0.030233 0.245587 0.156000
v 0.030237 0.245656 0.154000
v 0.030237 0.245656 0.156000
v 0.058896 0.260862 0.154000
v 0.058896 0.260862 0.156000
v 0.058887 0.260769 0.154000
v 0.058887 0.260769 0.156000
v 0.058862 0.260682 0.154000
v 0.058862 0.260682 0.156000
v 0.058819 0.260603 0.154000
v 0.058819 0.260603 0.156000
v 0.058759 0.260531 0.154000
v 0.058759 0.260531 0.156000
v 0.058687 0.260471 0.154000
v 0.058687 0.260471 0.156000
v 0.058608 0.260429 0.154000
v 0.058608 0.260429 0.156000
v 0.058522 0.260403 0.154000
v 0.058522 0.260403 0.156000
v 0.058428 0.260394 0.154000
v 0.058428 0.260394 0.156000
v 0.045132 0.260394 0.154000
v 0.045132 0.260394 0.156000
v 0.045047 0.260382 0.154000
v 0.045047 0.260382 0.156000
v 0.044986 0.260346 0.154000
v 0.044986 0.260346 0.156000
v 0.044949 0.260285 0.154000
v 0.044949 0.260285 0.156000
v 0.044937 0.260200 0.154000
v 0.044937 0.260200 0.156000
v 0.044937 0.252908 0.154000
v 0.044937 0.252908 0.156000
v 0.044949 0.252823 0.154000
v 0.044949 0.252823 0.156000
v 0.044986 0.252762 0.154000
v 0.044986 0.252762 0.156000
v 0.045047 0.252725 0.154000
v 0.045047 0.252725 0.156000
v 0.045132 0.252713 0.154000
v 0.045132 0.252713 0.156000
v 0.054061 0.252713 0.154000
v 0.054061 0.252713 0.156000
v 0.054155 0.252705 0.154000
v 0.054155 0.252705 0.156000
v 0.054241 0.252679 0.154000
v 0.054241 0.252679 0.156000
v 0.054320 0.252637 0.154000
v 0.054320 0.252637 0.156000
v 0.054392 0.252577 0.154000
v 0.054392 0.252577 0.156000
v 0.054452 0.252505 0.154000
v 0.054452 0.252505 0.156000
v 0.054495 0.252426 0.154000
v 0.054495 0.252426 0.156000
v 0.054520 0.252339 0.154000
v 0.054520 0.252339 0.156000
v 0.054529 0.252245 0.154000
v 0.054529 0.252245 0.156000
v 0.054529 0.249282 0.154000
v 0.054529 0.249282 0.156000
v 0.054520 0.249188 0.154000
v 0.054520 0.249188 0.156000
v 0.054495 0.249102 0.154000
v 0.054495 0.249102 0.156000
v 0.054452 0.249023 0.154000
v 0.054452 0.249023 0.156000
v 0.054392 0.248951 0.154000
v 0.054392 0.248951 0.156000
v 0.054320 0.248891 0.154000
v 0.054320 0.248891 0.156000
v 0.054241 0.248848 0.154000
v 0.054241 0.248848 0.156000
v 0.054155 0.248823 0.154000
v 0.054155 0.248823 0.156000
v 0.054061 0.248814 0.154000
v 0.054061 0.248814 0.156000
v 0.045132 0.248814 0.154000
v 0.045132 0.248814 0.156000
v 0.045047 0.248802 0.154000
v 0.045047 0.248802 0.156000
v 0.044986 0.248765 0.154000
v 0.044986 0.248765 0.156000
v 0.044949 0.248705 0.154000
v 0.044949 0.248705 0.156000
v 0.044937 0.248619 0.154000
v 0.044937 0.248619 0.156000
v 0.044937 0.241094 0.154000
v 0.044937 0.241094 0.156000
v 0.044949 0.241009 0.154000
v 0.044949 0.241009 0.156000
v 0.044986 0.240948 0.154000
v 0.044986 0.240948 0.156000
v 0.045047 0.240911 0.154000
v 0.045047 0.240911 0.156000
v 0.045132 0.240899 0.154000
v 0.045132 0.240899 0.156000
v 0.058428 0.240899 0.154000
v 0.058428 0.240899 0.156000
v 0.058522 0.240891 0.154000
v 0.058522 0.240891 0.156000
v 0.058608 0.240865 0.154000
v 0.058608 0.240865 0.156000
v 0.058687 0.240822 0.154000
v 0.058687 0.240822 0.156000
v 0.058759 0.240763 0.154000
v 0.058759 0.240763 0.156000
v 0.058819 0.240691 0.154000
v 0.058819 0.240691 0.156000
v 0.058862 0.240611 0.154000
v 0.058862 0.240611 0.156000
v 0.058887 0.240525 0.154000
v 0.058887 0.240525 0.156000
v 0.058896 0.240431 0.154000
v 0.058896 0.240431 0.156000
v 0.058896 0.237468 0.154000
v 0.058896 0.237468 0.156000
v 0.058887 0.237374 0.154000
v 0.058887 0.237374 0.156000
v 0.058862 0.237288 0.154000
v 0.058862 0.237288 0.156000
v 0.058819 0.237208 0.154000
v 0.058819 0.237208 0.156000
v 0.058759 0.237136 0.154000
v 0.058759 0.237136 0.156000
v 0.058687 0.237077 0.154000
v 0.058687 0.237077 0.156000
v 0.058608 0.237034 0.154000
v 0.058608 0.237034 0.156000
v 0.058522 0.237009 0.154000
v 0.058522 0.237009 0.156000
v 0.058428 0.237000 0.154000
v 0.058428 0.237000 0.156000
v 0.040882 0.237000 0.154000
v 0.040882 0.237000 0.156000
v 0.040788 0.237009 0.154000
v 0.040788 0.237009 0.156000
v 0.040702 0.237034 0.154000
v 0.040702 0.237034 0.156000
v 0.040622 0.237077 0.154000
v 0.040622 0.237077 0.156000
v 0.040550 0.237136 0.154000
v 0.040550 0.237136 0.156000
v 0.040491 0.237208 0.154000
v 0.040491 0.237208 0.156000
v 0.040448 0.237288 0.154000
v 0.040448 0.237288 0.156000
v 0.040423 0.237374 0.154000
v 0.040423 0.237374 0.156000
v 0.040414 0.237468 0.154000
v 0.040414 0.237468 0.156000
v 0.040414 0.263826 0.154000
v 0.040414 0.263826 0.156000
v 0.040423 0.263919 0.154000
v 0.040423 0.263919 0.156000
v 0.040448 0.264006 0.154000
v 0.040448 0.264006 0.156000
v 0.040491 0.264085 0.154000
v 0.040491 0.264085 0.156000
v 0.040550 0.264157 0.154000
v 0.040550 0.264157 0.156000
v 0.040622 0.264217 0.154000
v 0.040622 0.264217 0.156000
v 0.040702 0.264259 0.154000
v 0.040702 0.264259 0.156000
v 0.040788 0.264285 0.154000
v 0.040788 0.264285 0.156000
v 0.040882 0.264294 0.154000
v 0.040882 0.264294 0.156000
v 0.058428 0.264294 0.154000
v 0.058428 0.264294 0.156000
v 0.058522 0.264285 0.154000
v 0.058522 0.264285 0.156000
v 0.058608 0.264259 0.154000
v 0.058608 0.264259 0.156000
v 0.058687 0.264217 0.154000
v 0.058687 0.264217 0.156000
v 0.058759 0.264157 0.154000
v 0.058759 0.264157 0.156000
v 0.058819 0.264085 0.154000
v 0.058819 0.264085 0.156000
v 0.058862 0.264006 0.154000
v 0.058862 0.264006 0.156000
v 0.058887 0.263919 0.154000
v 0.058887 0.263919 0.156000
v 0.058896 0.263826 0.154000
v 0.058896 0.263826 0.156000
v 0.063964 0.237000 0.154000
v 0.063964 0.237000 0.156000
v 0.063871 0.237009 0.154000
v 0.063871 0.237009 0.156000
v 0.063784 0.237034 0.154000
v 0.063784 0.237034 0.156000
v 0.063705 0.237077 0.154000
v 0.063705 0.237077 0.156000
v 0.063633 0.237136 0.154000
v 0.063633 0.237136 0.156000
v 0.063573 0.237208 0.154000
v 0.063573 0.237208 0.156000
v 0.063531 0.237288 0.154000
v 0.063531 0.237288 0.156000
v 0.063505 0.237374 0.154000
v 0.063505 0.237374 0.156000
v 0.063497 0.237468 0.154000
v 0.063497 0.237468 0.156000
v 0.063497 0.263826 0.154000
v 0.063497 0.263826 0.156000
v 0.063505 0.263919 0.154000
v 0.063505 0.263919 0.156000
v 0.063531 0.264006 0.154000
v 0.063531 0.264006 0.156000
v 0.063573 0.264085 0.154000
v 0.063573 0.264085 0.156000
v 0.063633 0.264157 0.154000
v 0.063633 0.264157 0.156000
v 0.063705 0.264217 0.154000
v 0.063705 0.264217 0.156000
v 0.063784 0.264259 0.154000
v 0.063784 0.264259 0.156000
v 0.063871 0.264285 0.154000
v 0.063871 0.264285 0.156000
v 0.063964 0.264294 0.154000
v 0.063964 0.264294 0.156000
v 0.067552 0.264294 0.154000
v 0.067552 0.264294 0.156000
v 0.067645 0.264285 0.154000
v 0.067645 0.264285 0.156000
v 0.067732 0.264259 0.154000
v 0.067732 0.264259 0.156000
v 0.067811 0.264217 0.154000
v 0.067811 0.264217 0.156000
v 0.067883 0.264157 0.154000
v 0.067883 0.264157 0.156000
v 0.067943 0.264085 0.154000
v 0.067943 0.264085 0.156000
v 0.067985 0.264006 0.154000
v 0.067985 0.264006 0.156000
v 0.068011 0.263919 0.154000
v 0.068011 0.263919 0.156000
v 0.068019 0.263826 0.154000
v 0.068019 0.263826 0.156000
v 0.068019 0.241094 0.154000
v 0.068019 0.241094 0.156000
v 0.068032 0.241009 0.154000
v 0.068032 0.241009 0.156000
v 0.068068 0.240948 0.154000
v 0.068068 0.240948 0.156000
v 0.068129 0.240911 0.154000
v 0.068129 0.240911 0.156000
v 0.068214 0.240899 0.154000
v 0.068214 0.240899 0.156000
v 0.081276 0.240899 0.154000
v 0.081276 0.240899 0.156000
v 0.081370 0.240891 0.154000
v 0.081370 0.240891 0.156000
v 0.081457 0.240865 0.154000
v 0.081457 0.240865 0.156000
v 0.081536 0.240822 0.154000
v 0.081536 0.240822 0.156000
v 0.081608 0.240763 0.154000
v 0.081608 0.240763 0.156000
v 0.081667 0.240691 0.154000
v 0.081667 0.240691 0.156000
v 0.081710 0.240611 0.154000
v 0.081710 0.240611 0.156000
v 0.081736 0.240525 0.154000
v 0.081736 0.240525 0.156000
v 0.081744 0.240431 0.154000
v 0.081744 0.240431 0.156000
v 0.081744 0.237468 0.154000
v 0.081744 0.237468 0.156000
v 0.081736 0.237374 0.154000
v 0.081736 0.237374 0.156000
v 0.081710 0.237288 0.154000
v 0.081710 0.237288 0.156000
v 0.081667 0.237208 0.154000
v 0.081667 0.237208 0.156000
v 0.081608 0.237136 0.154000
v 0.081608 0.237136 0.156000
v 0.081536 0.237077 0.154000
v 0.081536 0.237077 0.156000
v 0.081457 0.237034 0.154000
v 0.081457 0.237034 0.156000
v 0.081370 0.237009 0.154000
v 0.081370 0.237009 0.156000
v 0.081276 0.237000 0.154000
v 0.081276 0.237000 0.156000
v -0.090000 0.570000 0.151000
v 0.065000 0.570000 0.151000
v 0.085000 0.520000 0.151000
v 0.130000 0.495000 0.151000
v 0.085000 0.475000 0.151000
v 0.065000 0.405000 0.151000
v 0.025000 0.390000 0.151000
v 0.025000 0.355000 0.151000
v 0.150000 0.310000 0.151000
v -0.160000 0.310000 0.151000
v -0.095000 0.380000 0.151000
v -0.100000 0.480000 0.151000
v -0.090000 0.570000 0.145000
v 0.065000 0.570000 0.145000
v 0.085000 0.520000 0.145000
v 0.130000 0.495000 0.145000
v 0.085000 0.475000 0.145000
v 0.065000 0.405000 0.145000
v 0.025000 0.390000 0.145000
v 0.025000 0.355000 0.145000
v 0.150000 0.310000 0.145000
v -0.160000 0.310000 0.145000
v -0.095000 0.380000 0.145000
v -0.100000 0.480000 0.145000
v -0.130000 0.575000 0.151000
v -0.100000 0.760000 0.151000
v 0.070000 0.760000 0.151000
v 0.100000 0.590000 0.151000
v 0.170000 0.560000 0.151000
v -0.130000 0.575000 0.145000
v -0.100000 0.760000 0.145000
v 0.070000 0.760000 0.145000
v 0.100000 0.590000 0.145000
v 0.170000 0.560000 0.145000
v -0.130000 0.544000 0.151000
v 0.130000 0.544000 0.151000
v 0.130000 0.560000 0.151000
v -0.130000 0.560000 0.151000
v -0.130000 0.544000 0.145000
v 0.130000 0.544000 0.145000
v 0.130000 0.560000 0.145000
v -0.130000 0.560000 0.145000
v -0.122198 0.337308 0.151000
v 0.017802 0.297308 0.151000
v 0.022198 0.312692 0.151000
v -0.117802 0.352692 0.151000
v -0.122198 0.337308 0.145000
v 0.017802 0.297308 0.145000
v 0.022198 0.312692 0.145000
v -0.117802 0.352692 0.145000
vn 0.000000 -0.000000 1.000000
vn 0.000000 -0.000000 1.000000
vn 0.000000 -0.000000 1.000000
vn 0.000000 -0.000000 1.000000
vn 0.000000 -0.000000 1.000000
vn 0.000000 -0.000000 1.000000
vn 0.000000 -0.000000 1.000000
vn 0.000000 -0.000000 1.000000
vn 0.000000 -0.000000 1.000000
vn 0.000000 -0.000000 1.000000
vn 0.000000 -0.000000 1.000000
vn 0.000000 -0.000000 1.000000
vn 0.000000 -0.000000 1.000000
vn 0.000000 -0.000000 1.000000
vn 0.000000 -0.000000 1.000000
vn 0.000000 -0.000000 1.000000
vn 0.000000 -0.000000 1.000000
vn 0.000000 -0.000000 1.000000
vn 0.000000 -0.000000 1.000000
vn 0.000000 -0.000000 1.000000
vn 0.000000 -0.000000 1.000000
vn 0.000000 -0.000000 1.000000
vn 0.000000 -0.000000 1.000000
vn 0.000000 -0.000000 1.000000
vn 0.000000 -0.000000 1.000000
vn 0.000000 -0.000000 1.000000
vn 0.000000 -0.000000 1.000000
vn 0.000000 -0.000000 1.000000
vn 0.000000 -0.000000 1.000000
vn 0.000000 -0.000000 1.000000
vn 0.000000 -0.000000 1.000000
vn 0.000000 -0.000000 1.000000
vn 0.000000 -0.000000 1.000000
vn 0.000000 -0.000000 1.000000
vn 0.000000 -0.000000 1.000000
vn 0.000000 -0.000000 1.000000
vn 0.000000 -0.000000 1.000000
vn 0.000000 -0.000000 1.000000
vn 0.000000 -0.000000 1.000000
vn 0.000000 -0.000000 1.000000
vn 0.000000 -0.000000 1.000000
vn 0.000000 -0.000000 1.000000
vn 0.000000 -0.000000 1.000000
vn 0.000000 -0.000000 1.000000
vn 0.000000 -0.000000 1.000000
vn 0.000000 -0.000000 1.000000
vn 0.000000 -0.000000 1.000000
vn 0.000000 -0.000000 1.000000
vn 0.000000 -0.000000 1.000000
vn 0.000000 -0.000000 1.000000
vn 0.000000 -0.000000 1.000000
vn 0.000000 -0.000000 1.000000
vn 0.000000 -0.000000 1.000000
vn 0.000000 -0.000000 1.000000
vn 0.000000 -0.000000 1.000000
vn 0.000000 -0.000000 1.000000
vn 0.000000 -0.000000 1.000000
vn 0.000000 -0.000000 1.000000
vn 0.000000 -0.000000 1.000000
vn 0.000000 -0.000000 1.000000
vn 0.000000 -0.000000 1.000000
vn 0.000000 -0.000000 1.000000
vn 0.000000 -0.000000 1.000000
vn 0.000000 -0.000000 1.000000
vn 0.000000 -0.000000 1.000000
vn 0.000000 -0.000000 1.000000
vn 0.000000 -0.000000 1.000000
vn 0.000000 -0.000000 1.000000
vn 0.000000 -0.000000 1.000000
vn 0.000000 -0.000000 1.000000
vn 0.000000 -0.000000 1.000000
vn 0.000000 -0.000000 1.000000
vn 0.000000 -0.000000 1.000000
vn 0.000000 -0.000000 1.000000
vn 0.000000 -0.000000 1.000000
vn 0.000000 -0.000000 1.000000
vn 0.000000 -0.000000 1.000000
vn 0.000000 -0.000000 1.000000
vn 0.000000 -0.000000 1.000000
vn 0.000000 -0.000000 1.000000
vn 0.000000 -0.000000 1.000000
vn 0.000000 -0.000000 1.000000
vn 0.000000 -0.000000 1.000000
vn 0.000000 -0.000000 1.000000
vn 0.000000 -0.000000 1.000000
vn 0.000000 -0.000000 1.000000
vn 0.000000 -0.000000 1.000000
vn 0.000000 -0.000000 1.000000
vn 0.000000 -0.000000 1.000000
vn 0.000000 -0.000000 1.000000
vn 0.000000 -0.000000 1.000000
vn 0.000000 -0.000000 1.000000
vn 0.000000 -0.000000 1.000000
vn 0.000000 -0.000000 1.000000
vn 0.000000 -0.000000 1.000000
vn 0.000000 -0.000000 1.000000
vn 0.000000 -0.000000 1.000000
vn 0.000000 -0.000000 1.000000
vn 0.000000 -0.000000 1.000000
vn 0.000000 -0.000000 1.000000
vn 0.000000 -0.000000 1.000000
vn 0.000000 -0.000000 1.000000
vn 0.000000 -0.000000 1.000000
vn 0.000000 -0.000000 1.000000
vn 0.000000 -0.000000 1.000000
vn 0.000000 -0.000000 1.000000
vn 0.000000 -0.000000 1.000000
vn 0.000000 -0.000000 1.000000
vn 0.000000 -0.000000 1.000000
vn 0.000000 -0.000000 1.000000
vn 0.000000 -0.000000 1.000000
vn 0.000000 -0.000000 1.000000
vn 0.000000 -0.000000 1.000000
vn 0.000000 -0.000000 1.000000
vn 0.000000 -0.000000 1.000000
vn 0.000000 -0.000000 1.000000
vn 0.000000 -0.000000 1.000000
vn 0.000000 -0.000000 1.000000
vn 0.000000 -0.000000 1.000000
vn 0.000000 -0.000000 1.000000
vn 0.000000 -0.000000 1.000000
vn 0.000000 -0.000000 1.000000
vn 0.000000 -0.000000 1.000000
vn 0.000000 -0.000000 1.000000
vn 0.000000 -0.000000 1.000000
vn 0.000000 -0.000000 1.000000
vn 0.000000 -0.000000 1.000000
vn 0.000000 -0.000000 1.000000
vn 0.000000 -0.000000 1.000000
vn 0.000000 -0.000000 1.000000
vn 0.000000 -0.000000 1.000000
vn 0.000000 -0.000000 1.000000
vn 0.000000 -0.000000 1.000000
vn 0.000000 -0.000000 1.000000
vn 0.000000 -0.000000 1.000000
vn 0.000000 -0.000000 1.000000
vn 0.000000 -0.000000 1.000000
vn 0.000000 -0.000000 1.000000
vn 0.000000 -0.000000 1.000000
vn 0.000000 -0.000000 1.000000
vn 0.000000 -0.000000 1.000000
vn 0.000000 -0.000000 1.000000
vn 0.000000 -0.000000 1.000000
vn 0.000000 -0.000000 1.000000
vn 0.000000 -0.000000 1.000000
vn 0.000000 -0.000000 1.000000
vn 0.000000 -0.000000 1.000000
vn 0.000000 -0.000000 1.000000
vn 0.000000 -0.000000 1.000000
vn 0.000000 -0.000000 1.000000
vn 0.000000 -0.000000 1.000000
vn 0.000000 -0.000000 1.000000
vn 0.000000 -0.000000 1.000000
vn 0.000000 -0.000000 1.000000
vn 0.000000 -0.000000 1.000000
vn 0.000000 -0.000000 1.000000
vn 0.000000 -0.000000 1.000000
vn 0.000000 -0.000000 1.000000
vn 0.000000 -0.000000 1.000000
vn 0.000000 -0.000000 1.000000
vn 0.000000 -0.000000 1.000000
vn 0.000000 -0.000000 1.000000
vn 0.000000 0.000000 -1.000000
vn 0.000000 0.000000 -1.000000
vn 0.000000 0.000000 -1.000000
vn 0.000000 0.000000 -1.000000
vn 0.000000 0.000000 -1.000000
vn 0.000000 0.000000 -1.000000
vn 0.000000 0.000000 -1.000000
vn 0.000000 0.000000 -1.000000
vn 0.000000 0.000000 -1.000000
vn 0.000000 0.000000 -1.000000
vn 0.000000 0.000000 -1.000000
vn 0.000000 0.000000 -1.000000
vn 0.000000 0.000000 -1.000000
vn 0.000000 0.000000 -1.000000
vn 0.000000 0.000000 -1.000000
vn 0.000000 0.000000 -1.000000
vn 0.000000 0.000000 -1.000000
vn 0.000000 0.000000 -1.000000
vn 0.000000 0.000000 -1.000000
vn 0.000000 0.000000 -1.000000
vn 0.000000 0.000000 -1.000000
vn 0.000000 0.000000 -1.000000
vn 0.000000 0.000000 -1.000000
vn 0.000000 0.000000 -1.000000
vn 0.000000 0.000000 -1.000000
vn 0.000000 0.000000 -1.000000
vn 0.000000 0.000000 -1.000000
vn 0.000000 0.000000 -1.000000
vn 0.000000 0.000000 -1.000000
vn 0.000000 0.000000 -1.000000
vn 0.000000 0.000000 -1.000000
vn 0.000000 0.000000 -1.000000
vn 0.000000 0.000000 -1.000000
vn 0.000000 0.000000 -1.000000
vn 0.000000 0.000000 -1.000000
vn 0.000000 0.000000 -1.000000
vn 0.000000 0.000000 -1.000000
vn 0.000000 0.000000 -1.000000
vn 0.000000 0.000000 -1.000000
vn 0.000000 0.000000 -1.000000
vn 0.000000 0.000000 -1.000000
vn 0.000000 0.000000 -1.000000
vn 0.000000 0.000000 -1.000000
vn 0.000000 0.000000 -1.000000
vn 0.000000 0.000000 -1.000000
vn 0.000000 0.000000 -1.000000
vn 0.000000 0.000000 -1.000000
vn 0.000000 0.000000 -1.000000
vn 0.000000 0.000000 -1.000000
vn 0.000000 0.000000 -1.000000
vn 0.000000 0.000000 -1.000000
vn 0.000000 0.000000 -1.000000
vn 0.000000 0.000000 -1.000000
vn 0.000000 0.000000 -1.000000
vn 0.000000 0.000000 -1.000000
vn 0.000000 0.000000 -1.000000
vn 0.000000 0.000000 -1.000000
vn 0.000000 0.000000 -1.000000
vn 0.000000 0.000000 -1.000000
vn 0.000000 0.000000 -1.000000
vn 0.000000 0.000000 -1.000000
vn 0.000000 0.000000 -1.000000
vn 0.000000 0.000000 -1.000000
vn 0.000000 0.000000 -1.000000
vn 0.000000 0.000000 -1.000000
vn 0.000000 0.000000 -1.000000
vn 0.000000 0.000000 -1.000000
vn 0.000000 0.000000 -1.000000
vn 0.000000 0.000000 -1.000000
vn 0.000000 0.000000 -1.000000
vn 0.000000 0.000000 -1.000000
vn 0.000000 0.000000 -1.000000
vn 0.000000 0.000000 -1.000000
vn 0.000000 0.000000 -1.000000
vn 0.000000 0.000000 -1.000000
vn 0.000000 0.000000 -1.000000
vn 0.000000 0.000000 -1.000000
vn 0.000000 0.000000 -1.000000
vn 0.000000 0.000000 -1.000000
vn 0.000000 0.000000 -1.000000
vn 0.000000 0.000000 -1.000000
vn 0.000000 0.000000 -1.000000
vn 0.000000 0.000000 -1.000000
vn 0.000000 0.000000 -1.000000
vn 0.000000 0.000000 -1.000000
vn 0.000000 0.000000 -1.000000
vn 0.000000 0.000000 -1.000000
vn 0.000000 0.000000 -1.000000
vn 0.000000 0.000000 -1.000000
vn 0.000000 0.000000 -1.000000
vn 0.000000 0.000000 -1.000000
vn 0.000000 0.000000 -1.000000
vn 0.000000 0.000000 -1.000000
vn 0.000000 0.000000 -1.000000
vn 0.000000 0.000000 -1.000000
vn 0.000000 0.000000 -1.000000
vn 0.000000 0.000000 -1.000000
vn 0.000000 0.000000 -1.000000
vn 0.000000 0.000000 -1.000000
vn 0.000000 0.000000 -1.000000
vn 0.000000 0.000000 -1.000000
vn 0.000000 0.000000 -1.000000
vn 0.000000 0.000000 -1.000000
vn 0.000000 0.000000 -1.000000
vn 0.000000 0.000000 -1.000000
vn 0.000000 0.000000 -1.000000
vn 0.000000 0.000000 -1.000000
vn 0.000000 0.000000 -1.000000
vn 0.000000 0.000000 -1.000000
vn 0.000000 0.000000 -1.000000
vn 0.000000 0.000000 -1.000000
vn 0.000000 0.000000 -1.000000
vn 0.000000 0.000000 -1.000000
vn 0.000000 0.000000 -1.000000
vn 0.000000 0.000000 -1.000000
vn 0.000000 0.000000 -1.000000
vn 0.000000 0.000000 -1.000000
vn 0.000000 0.000000 -1.000000
vn 0.000000 0.000000 -1.000000
vn 0.000000 0.000000 -1.000000
vn 0.000000 0.000000 -1.000000
vn 0.000000 0.000000 -1.000000
vn 0.000000 0.000000 -1.000000
vn 0.000000 0.000000 -1.000000
vn 0.000000 0.000000 -1.000000
vn 0.000000 0.000000 -1.000000
vn 0.000000 0.000000 -1.000000
vn 0.000000 0.000000 -1.000000
vn 0.000000 0.000000 -1.000000
vn 0.000000 0.000000 -1.000000
vn 0.000000 0.000000 -1.000000
vn 0.000000 0.000000 -1.000000
vn 0.000000 0.000000 -1.000000
vn 0.000000 0.000000 -1.000000
vn 0.000000 0.000000 -1.000000
vn 0.000000 0.000000 -1.000000
vn 0.000000 0.000000 -1.000000
vn 0.000000 0.000000 -1.000000
vn 0.000000 0.000000 -1.000000
vn 0.000000 0.000000 -1.000000
vn 0.000000 0.000000 -1.000000
vn 0.000000 0.000000 -1.000000
vn 0.000000 0.000000 -1.000000
vn 0.000000 0.000000 -1.000000
vn 0.000000 0.000000 -1.000000
vn 0.000000 0.000000 -1.000000
vn 0.000000 0.000000 -1.000000
vn 0.000000 0.000000 -1.000000
vn 0.000000 0.000000 -1.000000
vn 0.000000 0.000000 -1.000000
vn 0.000000 0.000000 -1.000000
vn 0.000000 0.000000 -1.000000
vn 0.000000 0.000000 -1.000000
vn 0.000000 0.000000 -1.000000
vn 0.000000 0.000000 -1.000000
vn 0.000000 0.000000 -1.000000
vn 0.000000 0.000000 -1.000000
vn 0.000000 0.000000 -1.000000
vn 0.000000 0.000000 -1.000000
vn 0.000000 0.000000 -1.000000
vn 0.000000 0.000000 -1.000000
vn 0.000000 0.000000 -1.000000
vn 0.921350 0.388735 0.000000
vn 0.962631 0.270817 0.000000
vn 0.987705 0.156327 0.000000
vn 0.998769 0.049599 0.000000
vn 0.998467 -0.055351 -0.000000
vn 0.985115 -0.171899 -0.000000
vn 0.956264 -0.292504 -0.000000
vn 0.911370 -0.411588 -0.000000
vn 0.837798 -0.545981 -0.000000
vn 0.748454 -0.663187 -0.000000
vn 0.643848 -0.765153 -0.000000
vn 0.531618 -0.846984 -0.000000
vn 0.411996 -0.911186 -0.000000
vn 0.285023 -0.958521 -0.000000
vn 0.163093 -0.986611 -0.000000
vn 0.051263 -0.998685 -0.000000
vn -0.050798 -0.998709 -0.000000
vn -0.159833 -0.987144 -0.000000
vn -0.276235 -0.961090 -0.000000
vn -0.395334 -0.918538 -0.000000
vn -0.518520 -0.855065 -0.000000
vn -0.645284 -0.763943 -0.000000
vn -0.760058 -0.649855 -0.000000
vn -0.853639 -0.520865 -0.000000
vn -0.905766 -0.423778 -0.000000
vn -0.954275 -0.298930 -0.000000
vn -0.984716 -0.174168 -0.000000
vn -0.998454 -0.055588 -0.000000
vn -0.998546 0.053912 0.000000
vn -0.986394 0.164399 0.000000
vn -0.961434 0.275037 0.000000
vn -0.924334 0.381584 0.000000
vn -0.867028 0.498259 0.000000
vn -0.785708 0.618598 0.000000
vn -0.681253 0.732048 0.000000
vn -0.558809 0.829296 0.000000
vn -0.627756 0.778410 0.000000
vn -0.901004 0.433812 0.000000
vn -0.985460 -0.169905 -0.000000
vn -0.803085 -0.595864 -0.000000
vn -0.629542 -0.776966 -0.000000
vn -0.709010 -0.705199 -0.000000
vn -0.774118 -0.633041 -0.000000
vn -0.826228 -0.563336 -0.000000
vn -0.884473 -0.466591 -0.000000
vn -0.941448 -0.337158 -0.000000
vn -0.979680 -0.200565 -0.000000
vn -0.997884 -0.065025 -0.000000
vn -0.997173 0.075144 0.000000
vn -0.972671 0.232186 0.000000
vn -0.921517 0.388339 0.000000
vn -0.847191 0.531289 0.000000
vn -0.781645 0.623724 0.000000
vn -0.688958 0.724801 0.000000
vn -0.585300 0.810817 0.000000
vn -0.477176 0.878808 0.000000
vn -0.369065 0.929404 0.000000
vn -0.258938 0.965894 0.000000
vn -0.150741 0.988573 0.000000
vn -0.048256 0.998835 0.000000
vn 0.046943 0.998898 0.000000
vn 0.148848 0.988860 0.000000
vn 0.259843 0.965651 0.000000
vn 0.376344 0.926480 0.000000
vn 0.488485 0.872572 0.000000
vn 0.594689 0.803956 0.000000
vn 0.694953 0.719055 0.000000
vn 0.783587 0.621282 0.000000
vn 0.863255 0.504768 0.000000
vn 0.929491 0.368845 0.000000
vn 0.975236 0.221166 0.000000
vn 0.997406 0.071979 0.000000
vn 0.997998 -0.063254 -0.000000
vn 0.979912 -0.199430 -0.000000
vn 0.939422 -0.342762 -0.000000
vn 0.875241 -0.483687 -0.000000
vn 0.804489 -0.593968 -0.000000
vn 0.752095 -0.659054 -0.000000
vn 0.691041 -0.722815 -0.000000
vn 0.621738 -0.783226 -0.000000
vn 0.790722 -0.612175 -0.000000
vn 0.963993 -0.265928 -0.000000
vn 0.958799 0.284086 0.000000
vn 0.721380 0.692540 0.000000
vn 0.565919 0.824461 0.000000
vn 0.686708 0.726933 0.000000
vn 0.788747 0.614718 0.000000
vn 0.867747 0.497006 0.000000
vn 0.923348 -0.383965 -0.000000
vn 0.953583 -0.301131 -0.000000
vn 0.980155 -0.198234 -0.000000
vn 0.997397 -0.072101 -0.000000
vn 0.997949 0.064019 0.000000
vn 0.979975 0.199119 0.000000
vn 0.941292 0.337593 0.000000
vn 0.882244 0.470793 0.000000
vn 0.788315 0.615271 0.000000
vn 0.579900 0.814688 0.000000
vn 0.329873 0.944025 0.000000
vn 0.098082 0.995178 0.000000
vn -0.102900 0.994692 0.000000
vn -0.335325 0.942102 0.000000
vn -0.570905 0.821016 0.000000
vn -0.761811 0.647800 0.000000
vn -0.878416 0.477897 0.000000
vn -0.949517 0.313717 0.000000
vn -0.985460 0.169907 0.000000
vn -0.998710 0.050782 0.000000
vn -0.998096 -0.061680 -0.000000
vn -0.983956 -0.178410 -0.000000
vn -0.958954 -0.283562 -0.000000
vn -0.926785 -0.375593 -0.000000
vn -0.839376 -0.543551 -0.000000
vn -0.764784 -0.644287 -0.000000
vn -0.675501 -0.737359 -0.000000
vn -0.575432 -0.817850 -0.000000
vn -0.456855 -0.889541 -0.000000
vn -0.319780 -0.947492 -0.000000
vn -0.184289 -0.982872 -0.000000
vn -0.058093 -0.998311 -0.000000
vn 0.061810 -0.998088 -0.000000
vn 0.192909 -0.981217 -0.000000
vn 0.328616 -0.944464 -0.000000
vn 0.460815 -0.887496 -0.000000
vn 0.581005 -0.813900 -0.000000
vn 0.690829 -0.723018 -0.000000
vn 0.786573 -0.617497 -0.000000
vn 0.863521 -0.504314 -0.000000
vn -0.864645 0.502383 0.000000
vn -0.942103 0.335325 0.000000
vn -0.982971 0.183760 0.000000
vn -0.998469 0.055324 0.000000
vn -0.998945 -0.045929 -0.000000
vn -0.988073 -0.153985 -0.000000
vn -0.958219 -0.286035 -0.000000
vn -0.897555 -0.440903 -0.000000
vn -0.804176 -0.594391 -0.000000
vn -0.590918 -0.806732 -0.000000
vn -0.333579 -0.942722 -0.000000
vn -0.098235 -0.995163 -0.000000
vn 0.099503 -0.995037 -0.000000
vn 0.331244 -0.943545 -0.000000
vn 0.576272 -0.817258 -0.000000
vn 0.778891 -0.627159 -0.000000
vn 0.893672 -0.448721 -0.000000
vn 0.956591 -0.291434 -0.000000
vn 0.987613 -0.156910 -0.000000
vn 0.998905 -0.046782 -0.000000
vn 0.998688 0.051215 0.000000
vn 0.985799 0.167928 0.000000
vn 0.952970 0.303065 0.000000
vn 0.892267 0.451509 0.000000
vn 0.778891 0.627159 0.000000
vn 0.576272 0.817258 0.000000
vn 0.331244 0.943545 0.000000
vn 0.099504 0.995037 0.000000
vn -0.097618 0.995224 0.000000
vn -0.324932 0.945737 0.000000
vn -0.566763 0.823881 0.000000
vn -0.769758 0.638336 0.000000
vn 0.000000 -0.000000 1.000000
vn 0.000000 -0.000000 1.000000
vn 0.000000 -0.000000 1.000000
vn 0.000000 -0.000000 1.000000
vn 0.000000 -0.000000 1.000000
vn 0.000000 -0.000000 1.000000
vn 0.000000 -0.000000 1.000000
vn 0.000000 -0.000000 1.000000
vn 0.000000 -0.000000 1.000000
vn 0.000000 -0.000000 1.000000
vn 0.000000 -0.000000 1.000000
vn 0.000000 -0.000000 1.000000
vn 0.000000 -0.000000 1.000000
vn 0.000000 -0.000000 1.000000
vn 0.000000 -0.000000 1.000000
vn 0.000000 -0.000000 1.000000
vn 0.000000 -0.000000 1.000000
vn 0.000000 -0.000000 1.000000
vn 0.000000 -0.000000 1.000000
vn 0.000000 -0.000000 1.000000
vn 0.000000 -0.000000 1.000000
vn 0.000000 -0.000000 1.000000
vn 0.000000 -0.000000 1.000000
vn 0.000000 -0.000000 1.000000
vn 0.000000 -0.000000 1.000000
vn 0.000000 -0.000000 1.000000
vn 0.000000 -0.000000 1.000000
vn 0.000000 -0.000000 1.000000
vn 0.000000 -0.000000 1.000000
vn 0.000000 -0.000000 1.000000
vn 0.000000 -0.000000 1.000000
vn 0.000000 -0.000000 1.000000
vn 0.000000 -0.000000 1.000000
vn 0.000000 -0.000000 1.000000
vn 0.000000 -0.000000 1.000000
vn 0.000000 -0.000000 1.000000
vn 0.000000 -0.000000 1.000000
vn 0.000000 -0.000000 1.000000
vn 0.000000 -0.000000 1.000000
vn 0.000000 -0.000000 1.000000
vn 0.000000 -0.000000 1.000000
vn 0.000000 -0.000000 1.000000
vn 0.000000 -0.000000 1.000000
vn 0.000000 -0.000000 1.000000
vn 0.000000 -0.000000 1.000000
vn 0.000000 -0.000000 1.000000
vn 0.000000 -0.000000 1.000000
vn 0.000000 -0.000000 1.000000
vn 0.000000 -0.000000 1.000000
vn 0.000000 -0.000000 1.000000
vn 0.000000 -0.000000 1.000000
vn 0.000000 -0.000000 1.000000
vn 0.000000 -0.000000 1.000000
vn 0.000000 -0.000000 1.000000
vn 0.000000 -0.000000 1.000000
vn 0.000000 -0.000000 1.000000
vn 0.000000 -0.000000 1.000000
vn 0.000000 -0.000000 1.000000
vn 0.000000 -0.000000 1.000000
vn 0.000000 -0.000000 1.000000
vn 0.000000 -0.000000 1.000000
vn 0.000000 -0.000000 1.000000
vn 0.000000 -0.000000 1.000000
vn 0.000000 -0.000000 1.000000
vn 0.000000 -0.000000 1.000000
vn 0.000000 -0.000000 1.000000
vn 0.000000 -0.000000 1.000000
vn 0.000000 -0.000000 1.000000
vn 0.000000 -0.000000 1.000000
vn 0.000000 -0.000000 1.000000
vn 0.000000 -0.000000 1.000000
vn 0.000000 -0.000000 1.000000
vn 0.000000 -0.000000 1.000000
vn 0.000000 -0.000000 1.000000
vn 0.000000 -0.000000 1.000000
vn 0.000000 -0.000000 1.000000
vn 0.000000 -0.000000 1.000000
vn 0.000000 -0.000000 1.000000
vn 0.000000 -0.000000 1.000000
vn 0.000000 -0.000000 1.000000
vn 0.000000 -0.000000 1.000000
vn 0.000000 -0.000000 1.000000
vn 0.000000 -0.000000 1.000000
vn 0.000000 -0.000000 1.000000
vn 0.000000 -0.000000 1.000000
vn 0.000000 -0.000000 1.000000
vn 0.000000 -0.000000 1.000000
vn 0.000000 -0.000000 1.000000
vn 0.000000 -0.000000 1.000000
vn 0.000000 -0.000000 1.000000
vn 0.000000 -0.000000 1.000000
vn 0.000000 -0.000000 1.000000
vn 0.000000 -0.000000 1.000000
vn 0.000000 -0.000000 1.000000
vn 0.000000 -0.000000 1.000000
vn 0.000000 -0.000000 1.000000
vn 0.000000 -0.000000 1.000000
vn 0.000000 -0.000000 1.000000
vn 0.000000 -0.000000 1.000000
vn 0.000000 -0.000000 1.000000
vn 0.000000 -0.000000 1.000000
vn 0.000000 -0.000000 1.000000
vn 0.000000 -0.000000 1.000000
vn 0.000000 -0.000000 1.000000
vn 0.000000 -0.000000 1.000000
vn 0.000000 -0.000000 1.000000
vn 0.000000 -0.000000 1.000000
vn 0.000000 -0.000000 1.000000
vn 0.000000 -0.000000 1.000000
vn 0.000000 -0.000000 1.000000
vn 0.000000 -0.000000 1.000000
vn 0.000000 -0.000000 1.000000
vn 0.000000 -0.000000 1.000000
vn 0.000000 -0.000000 1.000000
vn 0.000000 -0.000000 1.000000
vn 0.000000 -0.000000 1.000000
vn 0.000000 -0.000000 1.000000
vn 0.000000 -0.000000 1.000000
vn 0.000000 -0.000000 1.000000
vn 0.000000 -0.000000 1.000000
vn 0.000000 -0.000000 1.000000
vn 0.000000 -0.000000 1.000000
vn 0.000000 -0.000000 1.000000
vn 0.000000 -0.000000 1.000000
vn 0.000000 -0.000000 1.000000
vn 0.000000 -0.000000 1.000000
vn 0.000000 -0.000000 1.000000
vn 0.000000 -0.000000 1.000000
vn 0.000000 -0.000000 1.000000
vn 0.000000 -0.000000 1.000000
vn 0.000000 -0.000000 1.000000
vn 0.000000 -0.000000 1.000000
vn 0.000000 -0.000000 1.000000
vn 0.000000 -0.000000 1.000000
vn 0.000000 -0.000000 1.000000
vn 0.000000 -0.000000 1.000000
vn 0.000000 -0.000000 1.000000
vn 0.000000 -0.000000 1.000000
vn 0.000000 -0.000000 1.000000
vn 0.000000 -0.000000 1.000000
vn 0.000000 -0.000000 1.000000
vn 0.000000 -0.000000 1.000000
vn 0.000000 -0.000000 1.000000
vn 0.000000 -0.000000 1.000000
vn 0.000000 -0.000000 1.000000
vn 0.000000 -0.000000 1.000000
vn 0.000000 -0.000000 1.000000
vn 0.000000 -0.000000 1.000000
vn 0.000000 -0.000000 1.000000
vn 0.000000 -0.000000 1.000000
vn 0.000000 -0.000000 1.000000
vn 0.000000 -0.000000 1.000000
vn 0.000000 -0.000000 1.000000
vn 0.000000 -0.000000 1.000000
vn 0.000000 -0.000000 1.000000
vn 0.000000 -0.000000 1.000000
vn 0.000000 -0.000000 1.000000
vn 0.000000 -0.000000 1.000000
vn 0.000000 -0.000000 1.000000
vn 0.000000 -0.000000 1.000000
vn 0.000000 -0.000000 1.000000
vn 0.000000 -0.000000 1.000000
vn 0.000000 -0.000000 1.000000
vn 0.000000 -0.000000 1.000000
vn 0.000000 -0.000000 1.000000
vn 0.000000 -0.000000 1.000000
vn 0.000000 -0.000000 1.000000
vn 0.000000 -0.000000 1.000000
vn 0.000000 -0.000000 1.000000
vn 0.000000 -0.000000 1.000000
vn 0.000000 -0.000000 1.000000
vn 0.000000 -0.000000 1.000000
vn 0.000000 -0.000000 1.000000
vn 0.000000 -0.000000 1.000000
vn 0.000000 -0.000000 1.000000
vn 0.000000 -0.000000 1.000000
vn 0.000000 -0.000000 1.000000
vn 0.000000 -0.000000 1.000000
vn 0.000000 -0.000000 1.000000
vn 0.000000 -0.000000 1.000000
vn 0.000000 -0.000000 1.000000
vn 0.000000 -0.000000 1.000000
vn 0.000000 -0.000000 1.000000
vn 0.000000 -0.000000 1.000000
vn 0.000000 -0.000000 1.000000
vn 0.000000 -0.000000 1.000000
vn 0.000000 -0.000000 1.000000
vn 0.000000 -0.000000 1.000000
vn 0.000000 -0.000000 1.000000
vn 0.000000 -0.000000 1.000000
vn 0.000000 -0.000000 1.000000
vn 0.000000 -0.000000 1.000000
vn 0.000000 -0.000000 1.000000
vn 0.000000 -0.000000 1.000000
vn 0.000000 -0.000000 1.000000
vn 0.000000 -0.000000 1.000000
vn 0.000000 -0.000000 1.000000
vn 0.000000 -0.000000 1.000000
vn 0.000000 -0.000000 1.000000
vn 0.000000 -0.000000 1.000000
vn 0.000000 -0.000000 1.000000
vn 0.000000 -0.000000 1.000000
vn 0.000000 -0.000000 1.000000
vn 0.000000 -0.000000 1.000000
vn 0.000000 -0.000000 1.000000
vn 0.000000 -0.000000 1.000000
vn 0.000000 -0.000000 1.000000
vn 0.000000 -0.000000 1.000000
vn 0.000000 -0.000000 1.000000
vn 0.000000 -0.000000 1.000000
vn 0.000000 -0.000000 1.000000
vn 0.000000 -0.000000 1.000000
vn 0.000000 -0.000000 1.000000
vn 0.000000 -0.000000 1.000000
vn 0.000000 -0.000000 1.000000
vn 0.000000 -0.000000 1.000000
vn 0.000000 -0.000000 1.000000
vn 0.000000 -0.000000 1.000000
vn 0.000000 -0.000000 1.000000
vn 0.000000 -0.000000 1.000000
vn 0.000000 -0.000000 1.000000
vn 0.000000 -0.000000 1.000000
vn 0.000000 -0.000000 1.000000
vn 0.000000 -0.000000 1.000000
vn 0.000000 -0.000000 1.000000
vn 0.000000 -0.000000 1.000000
vn 0.000000 -0.000000 1.000000
vn 0.000000 -0.000000 1.000000
vn 0.000000 -0.000000 1.000000
vn 0.000000 -0.000000 1.000000
vn 0.000000 -0.000000 1.000000
vn 0.000000 -0.000000 1.000000
vn 0.000000 -0.000000 1.000000
vn 0.000000 -0.000000 1.000000
vn 0.000000 -0.000000 1.000000
vn 0.000000 -0.000000 1.000000
vn 0.000000 -0.000000 1.000000
vn 0.000000 -0.000000 1.000000
vn 0.000000 -0.000000 1.000000
vn 0.000000 -0.000000 1.000000
vn 0.000000 -0.000000 1.000000
vn 0.000000 -0.000000 1.000000
vn 0.000000 -0.000000 1.000000
vn 0.000000 -0.000000 1.000000
vn 0.000000 -0.000000 1.000000
vn 0.000000 -0.000000 1.000000
vn 0.000000 -0.000000 1.000000
vn 0.000000 -0.000000 1.000000
vn 0.000000 -0.000000 1.000000
vn 0.000000 -0.000000 1.000000
vn 0.000000 -0.000000 1.000000
vn 0.000000 -0.000000 1.000000
vn 0.000000 -0.000000 1.000000
vn 0.000000 -0.000000 1.000000
vn 0.000000 -0.000000 1.000000
vn 0.000000 -0.000000 1.000000
vn 0.000000 -0.000000 1.000000
vn 0.000000 -0.000000 1.000000
vn 0.000000 -0.000000 1.000000
vn 0.000000 -0.000000 1.000000
vn 0.000000 -0.000000 1.000000
vn 0.000000 -0.000000 1.000000
vn 0.000000 -0.000000 1.000000
vn 0.000000 -0.000000 1.000000
vn 0.000000 -0.000000 1.000000
vn 0.000000 -0.000000 1.000000
vn 0.000000 -0.000000 1.000000
vn 0.000000 -0.000000 1.000000
vn 0.000000 -0.000000 1.000000
vn 0.000000 -0.000000 1.000000
vn 0.000000 -0.000000 1.000000
vn 0.000000 -0.000000 1.000000
vn 0.000000 -0.000000 1.000000
vn 0.000000 -0.000000 1.000000
vn 0.000000 -0.000000 1.000000
vn 0.000000 -0.000000 1.000000
vn 0.000000 -0.000000 1.000000
vn 0.000000 -0.000000 1.000000
vn 0.000000 -0.000000 1.000000
vn 0.000000 -0.000000 1.000000
vn 0.000000 -0.000000 1.000000
vn 0.000000 -0.000000 1.000000
vn 0.000000 -0.000000 1.000000
vn 0.000000 -0.000000 1.000000
vn 0.000000 -0.000000 1.000000
vn 0.000000 -0.000000 1.000000
vn 0.000000 -0.000000 1.000000
vn 0.000000 -0.000000 1.000000
vn 0.000000 -0.000000 1.000000
vn 0.000000 -0.000000 1.000000
vn 0.000000 -0.000000 1.000000
vn 0.000000 -0.000000 1.000000
vn 0.000000 -0.000000 1.000000
vn 0.000000 -0.000000 1.000000
vn 0.000000 -0.000000 1.000000
vn 0.000000 -0.000000 1.000000
vn 0.000000 -0.000000 1.000000
vn 0.000000 -0.000000 1.000000
vn 0.000000 -0.000000 1.000000
vn 0.000000 -0.000000 1.000000
vn 0.000000 -0.000000 1.000000
vn 0.000000 -0.000000 1.000000
vn 0.000000 -0.000000 1.000000
vn 0.000000 -0.000000 1.000000
vn 0.000000 -0.000000 1.000000
vn 0.000000 -0.000000 1.000000
vn 0.000000 -0.000000 1.000000
vn 0.000000 -0.000000 1.000000
vn 0.000000 -0.000000 1.000000
vn 0.000000 -0.000000 1.000000
vn 0.000000 -0.000000 1.000000
vn 0.000000 -0.000000 1.000000
vn 0.000000 -0.000000 1.000000
vn 0.000000 -0.000000 1.000000
vn 0.000000 -0.000000 1.000000
vn 0.000000 -0.000000 1.000000
vn 0.000000 -0.000000 1.000000
vn 0.000000 -0.000000 1.000000
vn 0.000000 -0.000000 1.000000
vn 0.000000 -0.000000 1.000000
vn 0.000000 -0.000000 1.000000
vn 0.000000 -0.000000 1.000000
vn 0.000000 -0.000000 1.000000
vn 0.000000 -0.000000 1.000000
vn 0.000000 -0.000000 1.000000
vn 0.000000 -0.000000 1.000000
vn 0.000000 -0.000000 1.000000
vn 0.000000 -0.000000 1.000000
vn 0.000000 -0.000000 1.000000
vn 0.000000 -0.000000 1.000000
vn 0.000000 -0.000000 1.000000
vn 0.000000 -0.000000 1.000000
vn 0.000000 -0.000000 1.000000
vn 0.000000 -0.000000 1.000000
vn 0.000000 -0.000000 1.000000
vn 0.000000 -0.000000 1.000000
vn 0.000000 -0.000000 1.000000
vn 0.000000 -0.000000 1.000000
vn 0.000000 -0.000000 1.000000
vn 0.000000 -0.000000 1.000000
vn 0.000000 -0.000000 1.000000
vn 0.000000 -0.000000 1.000000
vn 0.000000 -0.000000 1.000000
vn 0.000000 -0.000000 1.000000
vn 0.000000 -0.000000 1.000000
vn 0.000000 -0.000000 1.000000
vn 0.000000 -0.000000 1.000000
vn 0.000000 -0.000000 1.000000
vn 0.000000 -0.000000 1.000000
vn 0.000000 -0.000000 1.000000
vn 0.000000 -0.000000 1.000000
vn 0.000000 -0.000000 1.000000
vn 0.000000 -0.000000 1.000000
vn 0.000000 -0.000000 1.000000
vn 0.000000 -0.000000 1.000000
vn 0.000000 -0.000000 1.000000
vn 0.000000 -0.000000 1.000000
vn 0.000000 -0.000000 1.000000
vn 0.000000 -0.000000 1.000000
vn 0.000000 -0.000000 1.000000
vn 0.000000 -0.000000 1.000000
vn 0.000000 -0.000000 1.000000
vn 0.000000 -0.000000 1.000000
vn 0.000000 -0.000000 1.000000
vn 0.000000 -0.000000 1.000000
vn 0.000000 -0.000000 1.000000
vn 0.000000 -0.000000 1.000000
vn 0.000000 -0.000000 1.000000
vn 0.000000 -0.000000 1.000000
vn 0.000000 -0.000000 1.000000
vn 0.000000 -0.000000 1.000000
vn 0.000000 -0.000000 1.000000
vn 0.000000 -0.000000 1.000000
vn 0.000000 -0.000000 1.000000
vn 0.000000 -0.000000 1.000000
vn 0.000000 -0.000000 1.000000
vn 0.000000 -0.000000 1.000000
vn 0.000000 -0.000000 1.000000
vn 0.000000 -0.000000 1.000000
vn 0.000000 -0.000000 1.000000
vn 0.000000 -0.000000 1.000000
vn 0.000000 -0.000000 1.000000
vn 0.000000 -0.000000 1.000000
vn 0.000000 -0.000000 1.000000
vn 0.000000 -0.000000 1.000000
vn 0.000000 -0.000000 1.000000
vn 0.000000 -0.000000 1.000000
vn 0.000000 -0.000000 1.000000
vn 0.000000 -0.000000 1.000000
vn 0.000000 -0.000000 1.000000
vn 0.000000 -0.000000 1.000000
vn 0.000000 -0.000000 1.000000
vn 0.000000 -0.000000 1.000000
vn 0.000000 -0.000000 1.000000
vn 0.000000 -0.000000 1.000000
vn 0.000000 -0.000000 1.000000
vn 0.000000 -0.000000 1.000000
vn 0.000000 -0.000000 1.000000
vn 0.000000 -0.000000 1.000000
vn 0.000000 -0.000000 1.000000
vn 0.000000 -0.000000 1.000000
vn 0.000000 -0.000000 1.000000
vn 0.000000 -0.000000 1.000000
vn 0.000000 -0.000000 1.000000
vn 0.000000 -0.000000 1.000000
vn 0.000000 -0.000000 1.000000
vn 0.000000 -0.000000 1.000000
vn 0.000000 -0.000000 1.000000
vn 0.000000 -0.000000 1.000000
vn 0.000000 -0.000000 1.000000
vn 0.000000 -0.000000 1.000000
vn 0.000000 -0.000000 1.000000
vn 0.000000 -0.000000 1.000000
vn 0.000000 -0.000000 1.000000
vn 0.000000 -0.000000 1.000000
vn 0.000000 -0.000000 1.000000
vn 0.000000 -0.000000 1.000000
vn 0.000000 -0.000000 1.000000
vn 0.000000 -0.000000 1.000000
vn 0.000000 -0.000000 1.000000
vn 0.000000 -0.000000 1.000000
vn 0.000000 -0.000000 1.000000
vn 0.000000 -0.000000 1.000000
vn 0.000000 -0.000000 1.000000
vn 0.000000 -0.000000 1.000000
vn 0.000000 -0.000000 1.000000
vn 0.000000 -0.000000 1.000000
vn 0.000000 -0.000000 1.000000
vn 0.000000 -0.000000 1.000000
vn 0.000000 -0.000000 1.000000
vn 0.000000 -0.000000 1.000000
vn 0.000000 -0.000000 1.000000
vn 0.000000 -0.000000 1.000000
vn 0.000000 -0.000000 1.000000
vn 0.000000 -0.000000 1.000000
vn 0.000000 -0.000000 1.000000
vn 0.000000 -0.000000 1.000000
vn 0.000000 -0.000000 1.000000
vn 0.000000 -0.000000 1.000000
vn 0.000000 -0.000000 1.000000
vn 0.000000 -0.000000 1.000000
vn 0.000000 -0.000000 1.000000
vn 0.000000 -0.000000 1.000000
vn 0.000000 -0.000000 1.000000
vn 0.000000 -0.000000 1.000000
vn 0.000000 -0.000000 1.000000
vn 0.000000 -0.000000 1.000000
vn 0.000000 -0.000000 1.000000
vn 0.000000 -0.000000 1.000000
vn 0.000000 -0.000000 1.000000
vn 0.000000 -0.000000 1.000000
vn 0.000000 -0.000000 1.000000
vn 0.000000 -0.000000 1.000000
vn 0.000000 -0.000000 1.000000
vn 0.000000 -0.000000 1.000000
vn 0.000000 -0.000000 1.000000
vn 0.000000 -0.000000 1.000000
vn 0.000000 -0.000000 1.000000
vn 0.000000 -0.000000 1.000000
vn 0.000000 -0.000000 1.000000
vn 0.000000 -0.000000 1.000000
vn 0.000000 -0.000000 1.000000
vn 0.000000 -0.000000 1.000000
vn 0.000000 -0.000000 1.000000
vn 0.000000 -0.000000 1.000000
vn 0.000000 -0.000000 1.000000
vn 0.000000 -0.000000 1.000000
vn 0.000000 -0.000000 1.000000
vn 0.000000 -0.000000 1.000000
vn 0.000000 -0.000000 1.000000
vn 0.000000 -0.000000 1.000000
vn 0.000000 -0.000000 1.000000
vn 0.000000 -0.000000 1.000000
vn 0.000000 -0.000000 1.000000
vn 0.000000 -0.000000 1.000000
vn 0.000000 -0.000000 1.000000
vn 0.000000 -0.000000 1.000000
vn 0.000000 -0.000000 1.000000
vn 0.000000 -0.000000 1.000000
vn 0.000000 -0.000000 1.000000
vn 0.000000 -0.000000 1.000000
vn 0.000000 -0.000000 1.000000
vn 0.000000 -0.000000 1.000000
vn 0.000000 -0.000000 1.000000
vn 0.000000 -0.000000 1.000000
vn 0.000000 -0.000000 1.000000
vn 0.000000 -0.000000 1.000000
vn 0.000000 -0.000000 1.000000
vn 0.000000 -0.000000 1.000000
vn 0.000000 -0.000000 1.000000
vn 0.000000 -0.000000 1.000000
vn 0.000000 -0.000000 1.000000
vn 0.000000 -0.000000 1.000000
vn 0.000000 -0.000000 1.000000
vn 0.000000 -0.000000 1.000000
vn 0.000000 -0.000000 1.000000
vn 0.000000 -0.000000 1.000000
vn 0.000000 -0.000000 1.000000
vn 0.000000 -0.000000 1.000000
vn 0.000000 -0.000000 1.000000
vn 0.000000 -0.000000 1.000000
vn 0.000000 -0.000000 1.000000
vn 0.000000 -0.000000 1.000000
vn 0.000000 -0.000000 1.000000
vn 0.000000 -0.000000 1.000000
vn 0.000000 -0.000000 1.000000
vn 0.000000 -0.000000 1.000000
vn 0.000000 -0.000000 1.000000
vn 0.000000 -0.000000 1.000000
vn 0.000000 -0.000000 1.000000
vn 0.000000 -0.000000 1.000000
vn 0.000000 -0.000000 1.000000
vn 0.000000 -0.000000 1.000000
vn 0.000000 -0.000000 1.000000
vn 0.000000 -0.000000 1.000000
vn 0.000000 -0.000000 1.000000
vn 0.000000 -0.000000 1.000000
vn 0.000000 -0.000000 1.000000
vn 0.000000 -0.000000 1.000000
vn 0.000000 -0.000000 1.000000
vn 0.000000 -0.000000 1.000000
vn 0.000000 -0.000000 1.000000
vn 0.000000 -0.000000 1.000000
vn 0.000000 -0.000000 1.000000
vn 0.000000 -0.000000 1.000000
vn 0.000000 -0.000000 1.000000
vn 0.000000 -0.000000 1.000000
vn 0.000000 -0.000000 1.000000
vn 0.000000 -0.000000 1.000000
vn 0.000000 -0.000000 1.000000
vn 0.000000 -0.000000 1.000000
vn 0.000000 -0.000000 1.000000
vn 0.000000 -0.000000 1.000000
vn 0.000000 -0.000000 1.000000
vn 0.000000 -0.000000 1.000000
vn 0.000000 -0.000000 1.000000
vn 0.000000 -0.000000 1.000000
vn 0.000000 -0.000000 1.000000
vn 0.000000 -0.000000 1.000000
vn 0.000000 -0.000000 1.000000
vn 0.000000 0.000000 -1.000000
vn 0.000000 0.000000 -1.000000
vn 0.000000 0.000000 -1.000000
vn 0.000000 0.000000 -1.000000
vn 0.000000 0.000000 -1.000000
vn 0.000000 0.000000 -1.000000
vn 0.000000 0.000000 -1.000000
vn 0.000000 0.000000 -1.000000
vn 0.000000 0.000000 -1.000000
vn 0.000000 0.000000 -1.000000
vn 0.000000 0.000000 -1.000000
vn 0.000000 0.000000 -1.000000
vn 0.000000 0.000000 -1.000000
vn 0.000000 0.000000 -1.000000
vn 0.000000 0.000000 -1.000000
vn 0.000000 0.000000 -1.000000
vn 0.000000 0.000000 -1.000000
vn 0.000000 0.000000 -1.000000
vn 0.000000 0.000000 -1.000000
vn 0.000000 0.000000 -1.000000
vn 0.000000 0.000000 -1.000000
vn 0.000000 0.000000 -1.000000
vn 0.000000 0.000000 -1.000000
vn 0.000000 0.000000 -1.000000
vn 0.000000 0.000000 -1.000000
vn 0.000000 0.000000 -1.000000
vn 0.000000 0.000000 -1.000000
vn 0.000000 0.000000 -1.000000
vn 0.000000 0.000000 -1.000000
vn 0.000000 0.000000 -1.000000
vn 0.000000 0.000000 -1.000000
vn 0.000000 0.000000 -1.000000
vn 0.000000 0.000000 -1.000000
vn 0.000000 0.000000 -1.000000
vn 0.000000 0.000000 -1.000000
vn 0.000000 0.000000 -1.000000
vn 0.000000 0.000000 -1.000000
vn 0.000000 0.000000 -1.000000
vn 0.000000 0.000000 -1.000000
vn 0.000000 0.000000 -1.000000
vn 0.000000 0.000000 -1.000000
vn 0.000000 0.000000 -1.000000
vn 0.000000 0.000000 -1.000000
vn 0.000000 0.000000 -1.000000
vn 0.000000 0.000000 -1.000000
vn 0.000000 0.000000 -1.000000
vn 0.000000 0.000000 -1.000000
vn 0.000000 0.000000 -1.000000
vn 0.000000 0.000000 -1.000000
vn 0.000000 0.000000 -1.000000
vn 0.000000 0.000000 -1.000000
vn 0.000000 0.000000 -1.000000
vn 0.000000 0.000000 -1.000000
vn 0.000000 0.000000 -1.000000
vn 0.000000 0.000000 -1.000000
vn 0.000000 0.000000 -1.000000
vn 0.000000 0.000000 -1.000000
vn 0.000000 0.000000 -1.000000
vn 0.000000 0.000000 -1.000000
vn 0.000000 0.000000 -1.000000
vn 0.000000 0.000000 -1.000000
vn 0.000000 0.000000 -1.000000
vn 0.000000 0.000000 -1.000000
vn 0.000000 0.000000 -1.000000
vn 0.000000 0.000000 -1.000000
vn 0.000000 0.000000 -1.000000
vn 0.000000 0.000000 -1.000000
vn 0.000000 0.000000 -1.000000
vn 0.000000 0.000000 -1.000000
vn 0.000000 0.000000 -1.000000
vn 0.000000 0.000000 -1.000000
vn 0.000000 0.000000 -1.000000
vn 0.000000 0.000000 -1.000000
vn 0.000000 0.000000 -1.000000
vn 0.000000 0.000000 -1.000000
vn 0.000000 0.000000 -1.000000
vn 0.000000 0.000000 -1.000000
vn 0.000000 0.000000 -1.000000
vn 0.000000 0.000000 -1.000000
vn 0.000000 0.000000 -1.000000
vn 0.000000 0.000000 -1.000000
vn 0.000000 0.000000 -1.000000
vn 0.000000 0.000000 -1.000000
vn 0.000000 0.000000 -1.000000
vn 0.000000 0.000000 -1.000000
vn 0.000000 0.000000 -1.000000
vn 0.000000 0.000000 -1.000000
vn 0.000000 0.000000 -1.000000
vn 0.000000 0.000000 -1.000000
vn 0.000000 0.000000 -1.000000
vn 0.000000 0.000000 -1.000000
vn 0.000000 0.000000 -1.000000
vn 0.000000 0.000000 -1.000000
vn 0.000000 0.000000 -1.000000
vn 0.000000 0.000000 -1.000000
vn 0.000000 0.000000 -1.000000
vn 0.000000 0.000000 -1.000000
vn 0.000000 0.000000 -1.000000
vn 0.000000 0.000000 -1.000000
vn 0.000000 0.000000 -1.000000
vn 0.000000 0.000000 -1.000000
vn 0.000000 0.000000 -1.000000
vn 0.000000 0.000000 -1.000000
vn 0.000000 0.000000 -1.000000
vn 0.000000 0.000000 -1.000000
vn 0.000000 0.000000 -1.000000
vn 0.000000 0.000000 -1.000000
vn 0.000000 0.000000 -1.000000
vn 0.000000 0.000000 -1.000000
vn 0.000000 0.000000 -1.000000
vn 0.000000 0.000000 -1.000000
vn 0.000000 0.000000 -1.000000
vn 0.000000 0.000000 -1.000000
vn 0.000000 0.000000 -1.000000
vn 0.000000 0.000000 -1.000000
vn 0.000000 0.000000 -1.000000
vn 0.000000 0.000000 -1.000000
vn 0.000000 0.000000 -1.000000
vn 0.000000 0.000000 -1.000000
vn 0.000000 0.000000 -1.000000
vn 0.000000 0.000000 -1.000000
vn 0.000000 0.000000 -1.000000
vn 0.000000 0.000000 -1.000000
vn 0.000000 0.000000 -1.000000
vn 0.000000 0.000000 -1.000000
vn 0.000000 0.000000 -1.000000
vn 0.000000 0.000000 -1.000000
vn 0.000000 0.000000 -1.000000
vn 0.000000 0.000000 -1.000000
vn 0.000000 0.000000 -1.000000
vn 0.000000 0.000000 -1.000000
vn 0.000000 0.000000 -1.000000
vn 0.000000 0.000000 -1.000000
vn 0.000000 0.000000 -1.000000
vn 0.000000 0.000000 -1.000000
vn 0.000000 0.000000 -1.000000
vn 0.000000 0.000000 -1.000000
vn 0.000000 0.000000 -1.000000
vn 0.000000 0.000000 -1.000000
vn 0.000000 0.000000 -1.000000
vn 0.000000 0.000000 -1.000000
vn 0.000000 0.000000 -1.000000
vn 0.000000 0.000000 -1.000000
vn 0.000000 0.000000 -1.000000
vn 0.000000 0.000000 -1.000000
vn 0.000000 0.000000 -1.000000
vn 0.000000 0.000000 -1.000000
vn 0.000000 0.000000 -1.000000
vn 0.000000 0.000000 -1.000000
vn 0.000000 0.000000 -1.000000
vn 0.000000 0.000000 -1.000000
vn 0.000000 0.000000 -1.000000
vn 0.000000 0.000000 -1.000000
vn 0.000000 0.000000 -1.000000
vn 0.000000 0.000000 -1.000000
vn 0.000000 0.000000 -1.000000
vn 0.000000 0.000000 -1.000000
vn 0.000000 0.000000 -1.000000
vn 0.000000 0.000000 -1.000000
vn 0.000000 0.000000 -1.000000
vn 0.000000 0.000000 -1.000000
vn 0.000000 0.000000 -1.000000
vn 0.000000 0.000000 -1.000000
vn 0.000000 0.000000 -1.000000
vn 0.000000 0.000000 -1.000000
vn 0.000000 0.000000 -1.000000
vn 0.000000 0.000000 -1.000000
vn 0.000000 0.000000 -1.000000
vn 0.000000 0.000000 -1.000000
vn 0.000000 0.000000 -1.000000
vn 0.000000 0.000000 -1.000000
vn 0.000000 0.000000 -1.000000
vn 0.000000 0.000000 -1.000000
vn 0.000000 0.000000 -1.000000
vn 0.000000 0.000000 -1.000000
vn 0.000000 0.000000 -1.000000
vn 0.000000 0.000000 -1.000000
vn 0.000000 0.000000 -1.000000
vn 0.000000 0.000000 -1.000000
vn 0.000000 0.000000 -1.000000
vn 0.000000 0.000000 -1.000000
vn 0.000000 0.000000 -1.000000
vn 0.000000 0.000000 -1.000000
vn 0.000000 0.000000 -1.000000
vn 0.000000 0.000000 -1.000000
vn 0.000000 0.000000 -1.000000
vn 0.000000 0.000000 -1.000000
vn 0.000000 0.000000 -1.000000
vn 0.000000 0.000000 -1.000000
vn 0.000000 0.000000 -1.000000
vn 0.000000 0.000000 -1.000000
vn 0.000000 0.000000 -1.000000
vn 0.000000 0.000000 -1.000000
vn 0.000000 0.000000 -1.000000
vn 0.000000 0.000000 -1.000000
vn 0.000000 0.000000 -1.000000
vn 0.000000 0.000000 -1.000000
vn 0.000000 0.000000 -1.000000
vn 0.000000 0.000000 -1.000000
vn 0.000000 0.000000 -1.000000
vn 0.000000 0.000000 -1.000000
vn 0.000000 0.000000 -1.000000
vn 0.000000 0.000000 -1.000000
vn 0.000000 0.000000 -1.000000
vn 0.000000 0.000000 -1.000000
vn 0.000000 0.000000 -1.000000
vn 0.000000 0.000000 -1.000000
vn 0.000000 0.000000 -1.000000
vn 0.000000 0.000000 -1.000000
vn 0.000000 0.000000 -1.000000
vn 0.000000 0.000000 -1.000000
vn 0.000000 0.000000 -1.000000
vn 0.000000 0.000000 -1.000000
vn 0.000000 0.000000 -1.000000
vn 0.000000 0.000000 -1.000000
vn 0.000000 0.000000 -1.000000
vn 0.000000 0.000000 -1.000000
vn 0.000000 0.000000 -1.000000
vn 0.000000 0.000000 -1.000000
vn 0.000000 0.000000 -1.000000
vn 0.000000 0.000000 -1.000000
vn 0.000000 0.000000 -1.000000
vn 0.000000 0.000000 -1.000000
vn 0.000000 0.000000 -1.000000
vn 0.000000 0.000000 -1.000000
vn 0.000000 0.000000 -1.000000
vn 0.000000 0.000000 -1.000000
vn 0.000000 0.000000 -1.000000
vn 0.000000 0.000000 -1.000000
vn 0.000000 0.000000 -1.000000
vn 0.000000 0.000000 -1.000000
vn 0.000000 0.000000 -1.000000
vn 0.000000 0.000000 -1.000000
vn 0.000000 0.000000 -1.000000
vn 0.000000 0.000000 -1.000000
vn 0.000000 0.000000 -1.000000
vn 0.000000 0.000000 -1.000000
vn 0.000000 0.000000 -1.000000
vn 0.000000 0.000000 -1.000000
vn 0.000000 0.000000 -1.000000
vn 0.000000 0.000000 -1.000000
vn 0.000000 0.000000 -1.000000
vn 0.000000 0.000000 -1.000000
vn 0.000000 0.000000 -1.000000
vn 0.000000 0.000000 -1.000000
vn 0.000000 0.000000 -1.000000
vn 0.000000 0.000000 -1.000000
vn 0.000000 0.000000 -1.000000
vn 0.000000 0.000000 -1.000000
vn 0.000000 0.000000 -1.000000
vn 0.000000 0.000000 -1.000000
vn 0.000000 0.000000 -1.000000
vn 0.000000 0.000000 -1.000000
vn 0.000000 0.000000 -1.000000
vn 0.000000 0.000000 -1.000000
vn 0.000000 0.000000 -1.000000
vn 0.000000 0.000000 -1.000000
vn 0.000000 0.000000 -1.000000
vn 0.000000 0.000000 -1.000000
vn 0.000000 0.000000 -1.000000
vn 0.000000 0.000000 -1.000000
vn 0.000000 0.000000 -1.000000
vn 0.000000 0.000000 -1.000000
vn 0.000000 0.000000 -1.000000
vn 0.000000 0.000000 -1.000000
vn 0.000000 0.000000 -1.000000
vn 0.000000 0.000000 -1.000000
vn 0.000000 0.000000 -1.000000
vn 0.000000 0.000000 -1.000000
vn 0.000000 0.000000 -1.000000
vn 0.000000 0.000000 -1.000000
vn 0.000000 0.000000 -1.000000
vn 0.000000 0.000000 -1.000000
vn 0.000000 0.000000 -1.000000
vn 0.000000 0.000000 -1.000000
vn 0.000000 0.000000 -1.000000
vn 0.000000 0.000000 -1.000000
vn 0.000000 0.000000 -1.000000
vn 0.000000 0.000000 -1.000000
vn 0.000000 0.000000 -1.000000
vn 0.000000 0.000000 -1.000000
vn 0.000000 0.000000 -1.000000
vn 0.000000 0.000000 -1.000000
vn 0.000000 0.000000 -1.000000
vn 0.000000 0.000000 -1.000000
vn 0.000000 0.000000 -1.000000
vn 0.000000 0.000000 -1.000000
vn 0.000000 0.000000 -1.000000
vn 0.000000 0.000000 -1.000000
vn 0.000000 0.000000 -1.000000
vn 0.000000 0.000000 -1.000000
vn 0.000000 0.000000 -1.000000
vn 0.000000 0.000000 -1.000000
vn 0.000000 0.000000 -1.000000
vn 0.000000 0.000000 -1.000000
vn 0.000000 0.000000 -1.000000
vn 0.000000 0.000000 -1.000000
vn 0.000000 0.000000 -1.000000
vn 0.000000 0.000000 -1.000000
vn 0.000000 0.000000 -1.000000
vn 0.000000 0.000000 -1.000000
vn 0.000000 0.000000 -1.000000
vn 0.000000 0.000000 -1.000000
vn 0.000000 0.000000 -1.000000
vn 0.000000 0.000000 -1.000000
vn 0.000000 0.000000 -1.000000
vn 0.000000 0.000000 -1.000000
vn 0.000000 0.000000 -1.000000
vn 0.000000 0.000000 -1.000000
vn 0.000000 0.000000 -1.000000
vn 0.000000 0.000000 -1.000000
vn 0.000000 0.000000 -1.000000
vn 0.000000 0.000000 -1.000000
vn 0.000000 0.000000 -1.000000
vn 0.000000 0.000000 -1.000000
vn 0.000000 0.000000 -1.000000
vn 0.000000 0.000000 -1.000000
vn 0.000000 0.000000 -1.000000
vn 0.000000 0.000000 -1.000000
vn 0.000000 0.000000 -1.000000
vn 0.000000 0.000000 -1.000000
vn 0.000000 0.000000 -1.000000
vn 0.000000 0.000000 -1.000000
vn 0.000000 0.000000 -1.000000
vn 0.000000 0.000000 -1.000000
vn 0.000000 0.000000 -1.000000
vn 0.000000 0.000000 -1.000000
vn 0.000000 0.000000 -1.000000
vn 0.000000 0.000000 -1.000000
vn 0.000000 0.000000 -1.000000
vn 0.000000 0.000000 -1.000000
vn 0.000000 0.000000 -1.000000
vn 0.000000 0.000000 -1.000000
vn 0.000000 0.000000 -1.000000
vn 0.000000 0.000000 -1.000000
vn 0.000000 0.000000 -1.000000
vn 0.000000 0.000000 -1.000000
vn 0.000000 0.000000 -1.000000
vn 0.000000 0.000000 -1.000000
vn 0.000000 0.000000 -1.000000
vn 0.000000 0.000000 -1.000000
vn 0.000000 0.000000 -1.000000
vn 0.000000 0.000000 -1.000000
vn 0.000000 0.000000 -1.000000
vn 0.000000 0.000000 -1.000000
vn 0.000000 0.000000 -1.000000
vn 0.000000 0.000000 -1.000000
vn 0.000000 0.000000 -1.000000
vn 0.000000 0.000000 -1.000000
vn 0.000000 0.000000 -1.000000
vn 0.000000 0.000000 -1.000000
vn 0.000000 0.000000 -1.000000
vn 0.000000 0.000000 -1.000000
vn 0.000000 0.000000 -1.000000
vn 0.000000 0.000000 -1.000000
vn 0.000000 0.000000 -1.000000
vn 0.000000 0.000000 -1.000000
vn 0.000000 0.000000 -1.000000
vn 0.000000 0.000000 -1.000000
vn 0.000000 0.000000 -1.000000
vn 0.000000 0.000000 -1.000000
vn 0.000000 0.000000 -1.000000
vn 0.000000 0.000000 -1.000000
vn 0.000000 0.000000 -1.000000
vn 0.000000 0.000000 -1.000000
vn 0.000000 0.000000 -1.000000
vn 0.000000 0.000000 -1.000000
vn 0.000000 0.000000 -1.000000
vn 0.000000 0.000000 -1.000000
vn 0.000000 0.000000 -1.000000
vn 0.000000 0.000000 -1.000000
vn 0.000000 0.000000 -1.000000
vn 0.000000 0.000000 -1.000000
vn 0.000000 0.000000 -1.000000
vn 0.000000 0.000000 -1.000000
vn 0.000000 0.000000 -1.000000
vn 0.000000 0.000000 -1.000000
vn 0.000000 0.000000 -1.000000
vn 0.000000 0.000000 -1.000000
vn 0.000000 0.000000 -1.000000
vn 0.000000 0.000000 -1.000000
vn 0.000000 0.000000 -1.000000
vn 0.000000 0.000000 -1.000000
vn 0.000000 0.000000 -1.000000
vn 0.000000 0.000000 -1.000000
vn 0.000000 0.000000 -1.000000
vn 0.000000 0.000000 -1.000000
vn 0.000000 0.000000 -1.000000
vn 0.000000 0.000000 -1.000000
vn 0.000000 0.000000 -1.000000
vn 0.000000 0.000000 -1.000000
vn 0.000000 0.000000 -1.000000
vn 0.000000 0.000000 -1.000000
vn 0.000000 0.000000 -1.000000
vn 0.000000 0.000000 -1.000000
vn 0.000000 0.000000 -1.000000
vn 0.000000 0.000000 -1.000000
vn 0.000000 0.000000 -1.000000
vn 0.000000 0.000000 -1.000000
vn 0.000000 0.000000 -1.000000
vn 0.000000 0.000000 -1.000000
vn 0.000000 0.000000 -1.000000
vn 0.000000 0.000000 -1.000000
vn 0.000000 0.000000 -1.000000
vn 0.000000 0.000000 -1.000000
vn 0.000000 0.000000 -1.000000
vn 0.000000 0.000000 -1.000000
vn 0.000000 0.000000 -1.000000
vn 0.000000 0.000000 -1.000000
vn 0.000000 0.000000 -1.000000
vn 0.000000 0.000000 -1.000000
vn 0.000000 0.000000 -1.000000
vn 0.000000 0.000000 -1.000000
vn 0.000000 0.000000 -1.000000
vn 0.000000 0.000000 -1.000000
vn 0.000000 0.000000 -1.000000
vn 0.000000 0.000000 -1.000000
vn 0.000000 0.000000 -1.000000
vn 0.000000 0.000000 -1.000000
vn 0.000000 0.000000 -1.000000
vn 0.000000 0.000000 -1.000000
vn 0.000000 0.000000 -1.000000
vn 0.000000 0.000000 -1.000000
vn 0.000000 0.000000 -1.000000
vn 0.000000 0.000000 -1.000000
vn 0.000000 0.000000 -1.000000
vn 0.000000 0.000000 -1.000000
vn 0.000000 0.000000 -1.000000
vn 0.000000 0.000000 -1.000000
vn 0.000000 0.000000 -1.000000
vn 0.000000 0.000000 -1.000000
vn 0.000000 0.000000 -1.000000
vn 0.000000 0.000000 -1.000000
vn 0.000000 0.000000 -1.000000
vn 0.000000 0.000000 -1.000000
vn 0.000000 0.000000 -1.000000
vn 0.000000 0.000000 -1.000000
vn 0.000000 0.000000 -1.000000
vn 0.000000 0.000000 -1.000000
vn 0.000000 0.000000 -1.000000
vn 0.000000 0.000000 -1.000000
vn 0.000000 0.000000 -1.000000
vn 0.000000 0.000000 -1.000000
vn 0.000000 0.000000 -1.000000
vn 0.000000 0.000000 -1.000000
vn 0.000000 0.000000 -1.000000
vn 0.000000 0.000000 -1.000000
vn 0.000000 0.000000 -1.000000
vn 0.000000 0.000000 -1.000000
vn 0.000000 0.000000 -1.000000
vn 0.000000 0.000000 -1.000000
vn 0.000000 0.000000 -1.000000
vn 0.000000 0.000000 -1.000000
vn 0.000000 0.000000 -1.000000
vn 0.000000 0.000000 -1.000000
vn 0.000000 0.000000 -1.000000
vn 0.000000 0.000000 -1.000000
vn 0.000000 0.000000 -1.000000
vn 0.000000 0.000000 -1.000000
vn 0.000000 0.000000 -1.000000
vn 0.000000 0.000000 -1.000000
vn 0.000000 0.000000 -1.000000
vn 0.000000 0.000000 -1.000000
vn 0.000000 0.000000 -1.000000
vn 0.000000 0.000000 -1.000000
vn 0.000000 0.000000 -1.000000
vn 0.000000 0.000000 -1.000000
vn 0.000000 0.000000 -1.000000
vn 0.000000 0.000000 -1.000000
vn 0.000000 0.000000 -1.000000
vn 0.000000 0.000000 -1.000000
vn 0.000000 0.000000 -1.000000
vn 0.000000 0.000000 -1.000000
vn 0.000000 0.000000 -1.000000
vn 0.000000 0.000000 -1.000000
vn 0.000000 0.000000 -1.000000
vn 0.000000 0.000000 -1.000000
vn 0.000000 0.000000 -1.000000
vn 0.000000 0.000000 -1.000000
vn 0.000000 0.000000 -1.000000
vn 0.000000 0.000000 -1.000000
vn 0.000000 0.000000 -1.000000
vn 0.000000 0.000000 -1.000000
vn 0.000000 0.000000 -1.000000
vn 0.000000 0.000000 -1.000000
vn 0.000000 0.000000 -1.000000
vn 0.000000 0.000000 -1.000000
vn 0.000000 0.000000 -1.000000
vn 0.000000 0.000000 -1.000000
vn 0.000000 0.000000 -1.000000
vn 0.000000 0.000000 -1.000000
vn 0.000000 0.000000 -1.000000
vn 0.000000 0.000000 -1.000000
vn 0.000000 0.000000 -1.000000
vn 0.000000 0.000000 -1.000000
vn 0.000000 0.000000 -1.000000
vn 0.000000 0.000000 -1.000000
vn 0.000000 0.000000 -1.000000
vn 0.000000 0.000000 -1.000000
vn 0.000000 0.000000 -1.000000
vn 0.000000 0.000000 -1.000000
vn 0.000000 0.000000 -1.000000
vn 0.000000 0.000000 -1.000000
vn 0.000000 0.000000 -1.000000
vn 0.000000 0.000000 -1.000000
vn 0.000000 0.000000 -1.000000
vn 0.000000 0.000000 -1.000000
vn 0.000000 0.000000 -1.000000
vn 0.000000 0.000000 -1.000000
vn 0.000000 0.000000 -1.000000
vn 0.000000 0.000000 -1.000000
vn 0.000000 0.000000 -1.000000
vn 0.000000 0.000000 -1.000000
vn 0.000000 0.000000 -1.000000
vn 0.000000 0.000000 -1.000000
vn 0.000000 0.000000 -1.000000
vn 0.000000 0.000000 -1.000000
vn 0.000000 0.000000 -1.000000
vn 0.000000 0.000000 -1.000000
vn 0.000000 0.000000 -1.000000
vn 0.000000 0.000000 -1.000000
vn 0.000000 0.000000 -1.000000
vn 0.000000 0.000000 -1.000000
vn 0.000000 0.000000 -1.000000
vn 0.000000 0.000000 -1.000000
vn 0.000000 0.000000 -1.000000
vn 0.000000 0.000000 -1.000000
vn 0.000000 0.000000 -1.000000
vn 0.000000 0.000000 -1.000000
vn 0.000000 0.000000 -1.000000
vn 0.000000 0.000000 -1.000000
vn 0.000000 0.000000 -1.000000
vn 0.000000 0.000000 -1.000000
vn 0.000000 0.000000 -1.000000
vn 0.000000 0.000000 -1.000000
vn 0.000000 0.000000 -1.000000
vn 0.000000 0.000000 -1.000000
vn 0.000000 0.000000 -1.000000
vn 0.000000 0.000000 -1.000000
vn 0.000000 0.000000 -1.000000
vn -0.050618 -0.998718 -0.000000
vn -0.159986 -0.987119 -0.000000
vn -0.277850 -0.960624 -0.000000
vn -0.399370 -0.916790 -0.000000
vn -0.516703 -0.856164 -0.000000
vn -0.629812 -0.776748 -0.000000
vn -0.735126 -0.677930 -0.000000
vn -0.825328 -0.564653 -0.000000
vn -0.897265 -0.441492 -0.000000
vn -0.950663 -0.310226 -0.000000
vn -0.983714 -0.179743 -0.000000
vn -0.998375 -0.056994 -0.000000
vn -1.000000 0.000000 -0.000000
vn -0.998374 0.057002 0.000000
vn -0.983715 0.179734 0.000000
vn -0.950663 0.310226 0.000000
vn -0.897258 0.441506 0.000000
vn -0.825003 0.565128 0.000000
vn -0.733672 0.679504 0.000000
vn -0.626704 0.779258 0.000000
vn -0.511574 0.859239 0.000000
vn -0.393701 0.919239 0.000000
vn -0.273463 0.961883 0.000000
vn -0.157356 0.987542 0.000000
vn -0.049781 0.998760 0.000000
vn 0.048648 0.998816 0.000000
vn 0.153459 0.988155 0.000000
vn 0.266135 0.963936 0.000000
vn 0.382833 0.923817 0.000000
vn 0.498074 0.867135 0.000000
vn 0.612663 0.790344 0.000000
vn 0.720795 0.693148 0.000000
vn 0.814719 0.579856 0.000000
vn 0.890186 0.455598 0.000000
vn 0.946800 0.321822 0.000000
vn 0.982321 0.187204 0.000000
vn 0.998228 0.059507 0.000000
vn 0.995891 -0.090557 -0.000000
vn 0.958908 -0.283716 -0.000000
vn 0.880503 -0.474041 -0.000000
vn 0.769259 -0.638937 -0.000000
vn 0.639035 -0.769178 -0.000000
vn 0.473853 -0.880604 -0.000000
vn 0.284066 -0.958805 -0.000000
vn 0.090479 -0.995898 -0.000000
vn 0.054271 -0.998526 -0.000000
vn -0.129918 -0.991525 -0.000000
vn -0.481859 -0.876249 -0.000000
vn -0.836735 -0.547608 -0.000000
vn -0.988078 -0.153956 -0.000000
vn -0.996712 -0.081023 -0.000000
vn -0.965014 -0.262199 -0.000000
vn -0.890402 -0.455175 -0.000000
vn -0.772677 -0.634800 -0.000000
vn -0.622883 -0.782315 -0.000000
vn -0.441793 -0.897117 -0.000000
vn -0.252160 -0.967685 -0.000000
vn -0.077444 -0.996997 -0.000000
vn 0.077361 -0.997003 -0.000000
vn 0.251308 -0.967907 -0.000000
vn 0.439372 -0.898305 -0.000000
vn 0.618694 -0.785632 -0.000000
vn 0.768421 -0.639945 -0.000000
vn 0.887868 -0.460099 -0.000000
vn 0.964100 -0.265541 -0.000000
vn 0.996622 -0.082129 -0.000000
vn 1.000000 0.000000 -0.000000
vn 0.996515 0.083420 0.000000
vn 0.963239 0.268647 0.000000
vn 0.886281 0.463148 0.000000
vn 0.767403 0.641165 0.000000
vn 0.618690 0.785635 0.000000
vn 0.439372 0.898305 0.000000
vn 0.251308 0.967907 0.000000
vn 0.077362 0.997003 0.000000
vn -0.076398 0.997077 0.000000
vn -0.248841 0.968544 0.000000
vn -0.436845 0.899537 0.000000
vn -0.617549 0.786532 0.000000
vn -0.769139 0.639081 0.000000
vn -0.889102 0.457709 0.000000
vn -0.964763 0.263121 0.000000
vn -0.996705 0.081111 0.000000
vn -0.988072 0.153994 0.000000
vn -0.836735 0.547608 0.000000
vn -0.481859 0.876249 0.000000
vn -0.129922 0.991524 0.000000
vn 0.043443 0.999056 0.000000
vn 0.077907 0.996961 0.000000
vn 0.245775 0.969327 0.000000
vn 0.418907 0.908029 0.000000
vn 0.579683 0.814842 0.000000
vn 0.714489 0.699647 0.000000
vn 0.838947 0.544213 0.000000
vn 0.940292 0.340370 0.000000
vn 0.993695 0.112114 0.000000
vn 0.998277 -0.058669 -0.000000
vn 0.982771 -0.184826 -0.000000
vn 0.947960 -0.318391 -0.000000
vn 0.892124 -0.451791 -0.000000
vn 0.817205 -0.576347 -0.000000
vn 0.723326 -0.690507 -0.000000
vn 0.614603 -0.788837 -0.000000
vn 0.498855 -0.866686 -0.000000
vn 0.382795 -0.923833 -0.000000
vn 0.266178 -0.963924 -0.000000
vn 0.153415 -0.988162 -0.000000
vn 0.048647 -0.998816 -0.000000
vn -0.052245 -0.998634 -0.000000
vn -0.164400 -0.986394 -0.000000
vn -0.283933 -0.958844 -0.000000
vn -0.405702 -0.914006 -0.000000
vn -0.524496 -0.851413 -0.000000
vn -0.640265 -0.768154 -0.000000
vn -0.746140 -0.665789 -0.000000
vn -0.834931 -0.550355 -0.000000
vn -0.903555 -0.428471 -0.000000
vn -0.953628 -0.300988 -0.000000
vn -0.984643 -0.174581 -0.000000
vn -0.998460 -0.055472 -0.000000
vn -1.000000 0.000000 -0.000000
vn -0.998368 0.057101 0.000000
vn -0.983780 0.179377 0.000000
vn -0.951255 0.308405 0.000000
vn -0.899251 0.437434 0.000000
vn -0.830067 0.557664 0.000000
vn -0.742881 0.669423 0.000000
vn -0.639514 0.768779 0.000000
vn -0.526389 0.850244 0.000000
vn -0.408181 0.912901 0.000000
vn -0.285205 0.958467 0.000000
vn -0.164839 0.986320 0.000000
vn -0.052289 0.998632 0.000000
vn 0.051670 0.998664 0.000000
vn 0.163387 0.986562 0.000000
vn 0.283679 0.958919 0.000000
vn 0.407470 0.913219 0.000000
vn 0.526387 0.850245 0.000000
vn 0.639516 0.768778 0.000000
vn 0.742883 0.669421 0.000000
vn 0.830067 0.557664 0.000000
vn 0.899252 0.437431 0.000000
vn 0.951255 0.308405 0.000000
vn 0.983780 0.179377 0.000000
vn 0.998368 0.057103 0.000000
vn 1.000000 0.000000 -0.000000
vn 0.998411 -0.056347 -0.000000
vn 0.984163 -0.177265 -0.000000
vn 0.952249 -0.305323 -0.000000
vn 0.900913 -0.434000 -0.000000
vn 0.832205 -0.554469 -0.000000
vn 0.745143 -0.666905 -0.000000
vn 0.641250 -0.767332 -0.000000
vn 0.527111 -0.849796 -0.000000
vn 0.407470 -0.913219 -0.000000
vn 0.283679 -0.958919 -0.000000
vn 0.163387 -0.986562 -0.000000
vn 0.051670 -0.998664 -0.000000
vn -0.081176 0.996700 0.000000
vn -0.263090 0.964771 0.000000
vn -0.457527 0.889196 0.000000
vn -0.638555 0.769576 0.000000
vn -0.784960 0.619547 0.000000
vn -0.897646 0.440717 0.000000
vn -0.967618 0.252418 0.000000
vn -0.996970 0.077792 0.000000
vn -1.000000 0.000000 -0.000000
vn -0.997055 -0.076697 -0.000000
vn -0.968311 -0.249747 -0.000000
vn -0.899000 -0.437949 -0.000000
vn -0.785832 -0.618440 -0.000000
vn -0.638553 -0.769578 -0.000000
vn -0.457527 -0.889196 -0.000000
vn -0.263090 -0.964771 -0.000000
vn -0.081176 -0.996700 -0.000000
vn 0.082372 -0.996602 -0.000000
vn 0.265974 -0.963980 -0.000000
vn 0.460407 -0.887708 -0.000000
vn 0.639704 -0.768622 -0.000000
vn 0.785832 -0.618440 -0.000000
vn 0.899000 -0.437949 -0.000000
vn 0.968311 -0.249747 -0.000000
vn 0.997055 -0.076697 -0.000000
vn 1.000000 0.000000 -0.000000
vn 0.996970 0.077792 0.000000
vn 0.967618 0.252418 0.000000
vn 0.897646 0.440717 0.000000
vn 0.784960 0.619547 0.000000
vn 0.639704 0.768622 0.000000
vn 0.460407 0.887708 0.000000
vn 0.265974 0.963980 0.000000
vn 0.082372 0.996602 0.000000
vn -0.090475 -0.995899 -0.000000
vn -0.283447 -0.958988 -0.000000
vn -0.474367 -0.880327 -0.000000
vn -0.639015 -0.769194 -0.000000
vn -0.769279 -0.638913 -0.000000
vn -0.880354 -0.474317 -0.000000
vn -0.958962 -0.283536 -0.000000
vn -0.995895 -0.090518 -0.000000
vn -1.000000 0.000000 -0.000000
vn -0.995891 0.090557 0.000000
vn -0.958962 0.283536 0.000000
vn -0.880503 0.474041 0.000000
vn -0.769299 0.638889 0.000000
vn -0.638638 0.769507 0.000000
vn -0.474367 0.880327 0.000000
vn -0.283447 0.958988 0.000000
vn -0.090475 0.995899 0.000000
vn 0.000000 1.000000 0.000000
vn 0.090475 0.995899 0.000000
vn 0.283453 0.958986 0.000000
vn 0.474367 0.880327 0.000000
vn 0.638648 0.769499 0.000000
vn 0.769269 0.638925 0.000000
vn 0.880503 0.474041 0.000000
vn 0.958962 0.283536 0.000000
vn 0.995893 0.090538 0.000000
vn 1.000000 0.000000 -0.000000
vn 0.989952 0.141406 0.000000
vn 0.857696 0.514157 0.000000
vn 0.514326 0.857595 0.000000
vn 0.141131 0.989991 0.000000
vn 0.000000 1.000000 0.000000
vn 0.090475 0.995899 0.000000
vn 0.284060 0.958807 0.000000
vn 0.473848 0.880606 0.000000
vn 0.639020 0.769190 0.000000
vn 0.769264 0.638931 0.000000
vn 0.880507 0.474033 0.000000
vn 0.958911 0.283706 0.000000
vn 0.995893 0.090538 0.000000
vn 1.000000 0.000000 -0.000000
vn 0.995893 -0.090538 -0.000000
vn 0.958964 -0.283526 -0.000000
vn 0.880358 -0.474309 -0.000000
vn 0.769264 -0.638931 -0.000000
vn 0.639020 -0.769190 -0.000000
vn 0.474362 -0.880330 -0.000000
vn 0.283453 -0.958986 -0.000000
vn 0.090475 -0.995899 -0.000000
vn 0.000000 -1.000000 -0.000000
vn -0.052245 -0.998634 -0.000000
vn -0.164401 -0.986394 -0.000000
vn -0.283932 -0.958844 -0.000000
vn -0.405701 -0.914006 -0.000000
vn -0.524496 -0.851413 -0.000000
vn -0.640266 -0.768154 -0.000000
vn -0.746140 -0.665789 -0.000000
vn -0.834929 -0.550357 -0.000000
vn -0.903556 -0.428471 -0.000000
vn -0.953628 -0.300988 -0.000000
vn -0.984643 -0.174581 -0.000000
vn -0.998460 -0.055469 -0.000000
vn -1.000000 0.000000 -0.000000
vn -0.998368 0.057101 0.000000
vn -0.983780 0.179377 0.000000
vn -0.951255 0.308406 0.000000
vn -0.899251 0.437432 0.000000
vn -0.830068 0.557662 0.000000
vn -0.742882 0.669422 0.000000
vn -0.639515 0.768778 0.000000
vn -0.526387 0.850245 0.000000
vn -0.408181 0.912901 0.000000
vn -0.285205 0.958467 0.000000
vn -0.164839 0.986321 0.000000
vn -0.052289 0.998632 0.000000
vn 0.051670 0.998664 0.000000
vn 0.163387 0.986562 0.000000
vn 0.283679 0.958919 0.000000
vn 0.407470 0.913219 0.000000
vn 0.526388 0.850245 0.000000
vn 0.639515 0.768778 0.000000
vn 0.742882 0.669422 0.000000
vn 0.830067 0.557663 0.000000
vn 0.899252 0.437432 0.000000
vn 0.951255 0.308406 0.000000
vn 0.983780 0.179378 0.000000
vn 0.998368 0.057101 0.000000
vn 1.000000 0.000000 -0.000000
vn 0.998411 -0.056347 -0.000000
vn 0.984163 -0.177266 -0.000000
vn 0.952249 -0.305323 -0.000000
vn 0.900913 -0.433999 -0.000000
vn 0.832204 -0.554470 -0.000000
vn 0.745143 -0.666905 -0.000000
vn 0.641249 -0.767333 -0.000000
vn 0.527113 -0.849795 -0.000000
vn 0.407469 -0.913219 -0.000000
vn 0.283679 -0.958919 -0.000000
vn 0.163387 -0.986562 -0.000000
vn 0.051670 -0.998664 -0.000000
vn -0.081176 0.996700 0.000000
vn -0.263090 0.964771 0.000000
vn -0.457528 0.889195 0.000000
vn -0.638553 0.769578 0.000000
vn -0.784960 0.619547 0.000000
vn -0.897646 0.440717 0.000000
vn -0.967619 0.252417 0.000000
vn -0.996970 0.077792 0.000000
vn -1.000000 0.000000 -0.000000
vn -0.997054 -0.076697 -0.000000
vn -0.968311 -0.249747 -0.000000
vn -0.899000 -0.437949 -0.000000
vn -0.785832 -0.618440 -0.000000
vn -0.638553 -0.769578 -0.000000
vn -0.457528 -0.889195 -0.000000
vn -0.263090 -0.964771 -0.000000
vn -0.081176 -0.996700 -0.000000
vn 0.082372 -0.996602 -0.000000
vn 0.265975 -0.963980 -0.000000
vn 0.460407 -0.887708 -0.000000
vn 0.639704 -0.768621 -0.000000
vn 0.785832 -0.618440 -0.000000
vn 0.899000 -0.437949 -0.000000
vn 0.968311 -0.249747 -0.000000
vn 0.997055 -0.076697 -0.000000
vn 1.000000 0.000000 -0.000000
vn 0.996970 0.077792 0.000000
vn 0.967618 0.252418 0.000000
vn 0.897646 0.440717 0.000000
vn 0.784960 0.619546 0.000000
vn 0.639704 0.768621 0.000000
vn 0.460407 0.887708 0.000000
vn 0.265975 0.963980 0.000000
vn 0.082372 0.996602 0.000000
vn -0.995893 0.090538 0.000000
vn -0.958962 0.283536 0.000000
vn -0.880503 0.474041 0.000000
vn -0.769259 0.638937 0.000000
vn -0.638657 0.769491 0.000000
vn -0.474367 0.880327 0.000000
vn -0.283453 0.958986 0.000000
vn -0.090473 0.995899 0.000000
vn 0.000000 1.000000 0.000000
vn 0.090475 0.995899 0.000000
vn 0.283447 0.958988 0.000000
vn 0.474367 0.880327 0.000000
vn 0.638638 0.769507 0.000000
vn 0.769279 0.638913 0.000000
vn 0.880503 0.474041 0.000000
vn 0.958962 0.283536 0.000000
vn 0.995895 0.090518 0.000000
vn 1.000000 0.000000 -0.000000
vn 0.995891 -0.090557 -0.000000
vn 0.958962 -0.283536 -0.000000
vn 0.880354 -0.474317 -0.000000
vn 0.769299 -0.638889 -0.000000
vn 0.639015 -0.769194 -0.000000
vn 0.474367 -0.880327 -0.000000
vn 0.283447 -0.958988 -0.000000
vn 0.090475 -0.995899 -0.000000
vn 0.000000 -1.000000 -0.000000
vn -0.107457 -0.994210 -0.000000
vn -0.360921 -0.932597 -0.000000
vn -0.624835 -0.780757 -0.000000
vn -0.827413 -0.561594 -0.000000
vn -0.853640 -0.520864 -0.000000
vn -0.788267 -0.615334 -0.000000
vn -0.644909 -0.764259 -0.000000
vn -0.375464 -0.926837 -0.000000
vn 0.030561 -0.999533 -0.000000
vn 0.472645 -0.881253 -0.000000
vn 0.822844 -0.568268 -0.000000
vn 0.963272 -0.268526 -0.000000
vn 0.997545 -0.070026 -0.000000
vn 0.999991 0.004292 0.000000
vn 0.995893 -0.090538 -0.000000
vn 0.958962 -0.283536 -0.000000
vn 0.880354 -0.474317 -0.000000
vn 0.769269 -0.638925 -0.000000
vn 0.639025 -0.769186 -0.000000
vn 0.474367 -0.880327 -0.000000
vn 0.283453 -0.958986 -0.000000
vn 0.090473 -0.995899 -0.000000
vn 0.000000 -1.000000 -0.000000
vn -0.090475 -0.995899 -0.000000
vn -0.283453 -0.958986 -0.000000
vn -0.474367 -0.880327 -0.000000
vn -0.639020 -0.769190 -0.000000
vn -0.769259 -0.638937 -0.000000
vn -0.880358 -0.474309 -0.000000
vn -0.958964 -0.283526 -0.000000
vn -0.995893 -0.090538 -0.000000
vn -1.000000 0.000000 -0.000000
vn -0.995893 0.090538 0.000000
vn -0.958964 0.283526 0.000000
vn -0.880507 0.474033 0.000000
vn -0.769259 0.638937 0.000000
vn -0.638648 0.769499 0.000000
vn -0.474367 0.880327 0.000000
vn -0.283453 0.958986 0.000000
vn -0.090474 0.995899 0.000000
vn 0.000000 1.000000 0.000000
vn 0.107457 0.994210 0.000000
vn 0.360921 0.932597 0.000000
vn 0.624602 0.780943 0.000000
vn 0.827527 0.561426 0.000000
vn 0.854443 0.519545 0.000000
vn 0.788267 0.615334 0.000000
vn 0.644909 0.764259 0.000000
vn 0.376680 0.926344 0.000000
vn -0.030561 0.999533 0.000000
vn -0.472665 0.881242 0.000000
vn -0.823292 0.567618 0.000000
vn -0.963193 0.268809 0.000000
vn -0.997543 0.070053 0.000000
vn -0.999998 -0.002146 -0.000000
vn 0.995891 -0.090557 -0.000000
vn 0.958908 -0.283716 -0.000000
vn 0.880503 -0.474041 -0.000000
vn 0.769299 -0.638889 -0.000000
vn 0.639015 -0.769194 -0.000000
vn 0.473853 -0.880604 -0.000000
vn 0.283447 -0.958988 -0.000000
vn 0.091099 -0.995842 -0.000000
vn 0.000000 -1.000000 -0.000000
vn 0.141131 -0.989991 -0.000000
vn 0.514326 -0.857595 -0.000000
vn 0.857474 -0.514527 -0.000000
vn 0.989955 -0.141385 -0.000000
vn 1.000000 0.000000 -0.000000
vn 0.989949 0.141427 0.000000
vn 0.857474 0.514527 0.000000
vn 0.514326 0.857595 0.000000
vn 0.141815 0.989893 0.000000
vn 0.000000 1.000000 0.000000
vn 0.090475 0.995899 0.000000
vn 0.283458 0.958985 0.000000
vn 0.473853 0.880604 0.000000
vn 0.639015 0.769194 0.000000
vn 0.769259 0.638937 0.000000
vn 0.880503 0.474041 0.000000
vn 0.958908 0.283716 0.000000
vn 0.995895 0.090518 0.000000
vn 1.000000 0.000000 -0.000000
vn 0.995891 -0.090557 -0.000000
vn 0.958962 -0.283536 -0.000000
vn 0.880503 -0.474041 -0.000000
vn 0.769279 -0.638913 -0.000000
vn 0.638638 -0.769507 -0.000000
vn 0.474367 -0.880327 -0.000000
vn 0.283458 -0.958985 -0.000000
vn 0.090475 -0.995899 -0.000000
vn 0.000000 -1.000000 -0.000000
vn 0.141809 -0.989894 -0.000000
vn 0.514326 -0.857595 -0.000000
vn 0.857474 -0.514527 -0.000000
vn 0.989955 -0.141385 -0.000000
vn 1.000000 0.000000 -0.000000
vn 0.989949 0.141427 0.000000
vn 0.857696 0.514157 0.000000
vn 0.514326 0.857595 0.000000
vn 0.141137 0.989990 0.000000
vn 0.000000 1.000000 0.000000
vn 0.090475 0.995899 0.000000
vn 0.284055 0.958808 0.000000
vn 0.473853 0.880604 0.000000
vn 0.638996 0.769210 0.000000
vn 0.769279 0.638913 0.000000
vn 0.880503 0.474041 0.000000
vn 0.958908 0.283716 0.000000
vn 0.995895 0.090518 0.000000
vn 1.000000 0.000000 -0.000000
vn 0.995891 -0.090557 -0.000000
vn 0.958962 -0.283536 -0.000000
vn 0.880354 -0.474317 -0.000000
vn 0.769299 -0.638889 -0.000000
vn 0.639015 -0.769194 -0.000000
vn 0.474367 -0.880327 -0.000000
vn 0.283447 -0.958988 -0.000000
vn 0.090472 -0.995899 -0.000000
vn 0.000000 -1.000000 -0.000000
vn -0.090475 -0.995899 -0.000000
vn -0.283458 -0.958985 -0.000000
vn -0.474367 -0.880327 -0.000000
vn -0.639015 -0.769194 -0.000000
vn -0.769259 -0.638937 -0.000000
vn -0.880354 -0.474317 -0.000000
vn -0.958962 -0.283536 -0.000000
vn -0.995895 -0.090518 -0.000000
vn -1.000000 0.000000 -0.000000
vn -0.995891 0.090557 0.000000
vn -0.958962 0.283536 0.000000
vn -0.880503 0.474041 0.000000
vn -0.769279 0.638913 0.000000
vn -0.638638 0.769507 0.000000
vn -0.474367 0.880327 0.000000
vn -0.283458 0.958985 0.000000
vn -0.090475 0.995899 0.000000
vn 0.000000 1.000000 0.000000
vn 0.090475 0.995899 0.000000
vn 0.283447 0.958988 0.000000
vn 0.474367 0.880327 0.000000
vn 0.638618 0.769524 0.000000
vn 0.769279 0.638913 0.000000
vn 0.880503 0.474041 0.000000
vn 0.958962 0.283536 0.000000
vn 0.995895 0.090518 0.000000
vn 1.000000 0.000000 -0.000000
vn -0.090479 -0.995898 -0.000000
vn -0.283458 -0.958985 -0.000000
vn -0.474367 -0.880327 -0.000000
vn -0.638976 -0.769227 -0.000000
vn -0.769279 -0.638913 -0.000000
vn -0.880354 -0.474317 -0.000000
vn -0.958973 -0.283498 -0.000000
vn -0.995891 -0.090557 -0.000000
vn -1.000000 0.000000 -0.000000
vn -0.995891 0.090557 0.000000
vn -0.958973 0.283498 0.000000
vn -0.880503 0.474041 0.000000
vn -0.769279 0.638913 0.000000
vn -0.638638 0.769507 0.000000
vn -0.474367 0.880327 0.000000
vn -0.283458 0.958985 0.000000
vn -0.090472 0.995899 0.000000
vn 0.000000 1.000000 0.000000
vn 0.090479 0.995898 0.000000
vn 0.283458 0.958985 0.000000
vn 0.474367 0.880327 0.000000
vn 0.638599 0.769540 0.000000
vn 0.769279 0.638913 0.000000
vn 0.880503 0.474041 0.000000
vn 0.958973 0.283498 0.000000
vn 0.995891 0.090557 0.000000
vn 1.000000 0.000000 -0.000000
vn 0.989955 0.141385 0.000000
vn 0.857696 0.514157 0.000000
vn 0.514326 0.857595 0.000000
vn 0.141131 0.989991 0.000000
vn 0.000000 1.000000 0.000000
vn 0.090472 0.995899 0.000000
vn 0.284066 0.958805 0.000000
vn 0.473853 0.880604 0.000000
vn 0.639015 0.769194 0.000000
vn 0.769279 0.638913 0.000000
vn 0.880503 0.474041 0.000000
vn 0.958920 0.283678 0.000000
vn 0.995891 0.090557 0.000000
vn 1.000000 0.000000 -0.000000
vn 0.995891 -0.090557 -0.000000
vn 0.958973 -0.283498 -0.000000
vn 0.880354 -0.474317 -0.000000
vn 0.769279 -0.638913 -0.000000
vn 0.639015 -0.769194 -0.000000
vn 0.474367 -0.880327 -0.000000
vn 0.283458 -0.958985 -0.000000
vn 0.090472 -0.995899 -0.000000
vn 0.000000 -1.000000 -0.000000
vn 0.000000 -0.000000 1.000000
vn 0.000000 0.000000 -1.000000
vn 0.000000 1.000000 0.000000
vn 0.928477 0.371391 0.000000
vn 0.485643 0.874157 0.000000
vn 0.406139 -0.913811 -0.000000
vn 0.961524 -0.274721 -0.000000
vn 0.351124 -0.936329 -0.000000
vn 1.000000 0.000000 -0.000000
vn 0.338719 0.940887 0.000000
vn 0.000000 -1.000000 -0.000000
vn -0.732794 0.680451 0.000000
vn -0.998752 -0.049938 -0.000000
vn -0.993884 0.110431 0.000000
vn 0.000000 -0.000000 1.000000
vn 0.000000 0.000000 -1.000000
vn -0.987106 0.160071 0.000000
vn 0.000000 1.000000 0.000000
vn 0.984784 0.173785 0.000000
vn 0.393919 0.919145 0.000000
vn -0.049938 -0.998752 -0.000000
vn 0.000000 0.000000 -1.000000
vn 0.000000 -0.000000 1.000000
vn 0.000000 1.000000 0.000000
vn -1.000000 0.000000 -0.000000
vn 0.000000 -1.000000 -0.000000
vn 1.000000 0.000000 -0.000000
vn 0.000000 0.000000 -1.000000
vn 0.000000 -0.000000 1.000000
vn 0.274721 0.961524 0.000000
vn -0.961524 0.274721 0.000000
vn -0.274721 -0.961524 -0.000000
vn 0.961524 -0.274721 -0.000000
vn 0.921350 0.388735 0.000000
vn 0.962631 0.270817 0.000000
vn 0.987705 0.156327 0.000000
vn 0.998769 0.049599 0.000000
vn 0.998467 -0.055351 -0.000000
vn 0.985115 -0.171899 -0.000000
vn 0.956264 -0.292504 -0.000000
vn 0.911370 -0.411588 -0.000000
vn 0.837798 -0.545981 -0.000000
vn 0.748454 -0.663187 -0.000000
vn 0.643848 -0.765153 -0.000000
vn 0.531618 -0.846984 -0.000000
vn 0.411996 -0.911186 -0.000000
vn 0.285023 -0.958521 -0.000000
vn 0.163093 -0.986611 -0.000000
vn 0.051263 -0.998685 -0.000000
vn -0.050798 -0.998709 -0.000000
vn -0.159833 -0.987144 -0.000000
vn -0.276235 -0.961090 -0.000000
vn -0.395334 -0.918538 -0.000000
vn -0.518520 -0.855065 -0.000000
vn -0.645284 -0.763943 -0.000000
vn -0.760058 -0.649855 -0.000000
vn -0.853639 -0.520865 -0.000000
vn -0.905766 -0.423778 -0.000000
vn -0.954275 -0.298930 -0.000000
vn -0.984716 -0.174168 -0.000000
vn -0.998454 -0.055588 -0.000000
vn -0.998546 0.053912 0.000000
vn -0.986394 0.164399 0.000000
vn -0.961434 0.275037 0.000000
vn -0.924334 0.381584 0.000000
vn -0.867028 0.498259 0.000000
vn -0.785708 0.618598 0.000000
vn -0.681253 0.732048 0.000000
vn -0.558809 0.829296 0.000000
vn -0.627756 0.778410 0.000000
vn -0.901004 0.433812 0.000000
vn -0.985460 -0.169905 -0.000000
vn -0.803085 -0.595864 -0.000000
vn -0.629542 -0.776966 -0.000000
vn -0.709010 -0.705199 -0.000000
vn -0.774118 -0.633041 -0.000000
vn -0.826228 -0.563336 -0.000000
vn -0.884473 -0.466591 -0.000000
vn -0.941448 -0.337158 -0.000000
vn -0.979680 -0.200565 -0.000000
vn -0.997884 -0.065025 -0.000000
vn -0.997173 0.075144 0.000000
vn -0.972671 0.232186 0.000000
vn -0.921517 0.388339 0.000000
vn -0.847191 0.531289 0.000000
vn -0.781645 0.623724 0.000000
vn -0.688958 0.724801 0.000000
vn -0.585300 0.810817 0.000000
vn -0.477176 0.878808 0.000000
vn -0.369065 0.929404 0.000000
vn -0.258938 0.965894 0.000000
vn -0.150741 0.988573 0.000000
vn -0.048256 0.998835 0.000000
vn 0.046943 0.998898 0.000000
vn 0.148848 0.988860 0.000000
vn 0.259843 0.965651 0.000000
vn 0.376344 0.926480 0.000000
vn 0.488485 0.872572 0.000000
vn 0.594689 0.803956 0.000000
vn 0.694953 0.719055 0.000000
vn 0.783587 0.621282 0.000000
vn 0.863255 0.504768 0.000000
vn 0.929491 0.368845 0.000000
vn 0.975236 0.221166 0.000000
vn 0.997406 0.071979 0.000000
vn 0.997998 -0.063254 -0.000000
vn 0.979912 -0.199430 -0.000000
vn 0.939422 -0.342762 -0.000000
vn 0.875241 -0.483687 -0.000000
vn 0.804489 -0.593968 -0.000000
vn 0.752095 -0.659054 -0.000000
vn 0.691041 -0.722815 -0.000000
vn 0.621738 -0.783226 -0.000000
vn 0.790722 -0.612175 -0.000000
vn 0.963993 -0.265928 -0.000000
vn 0.958799 0.284086 0.000000
vn 0.721380 0.692540 0.000000
vn 0.565919 0.824461 0.000000
vn 0.686708 0.726933 0.000000
vn 0.788747 0.614718 0.000000
vn 0.867747 0.497006 0.000000
vn 0.923348 -0.383965 -0.000000
vn 0.953583 -0.301131 -0.000000
vn 0.980155 -0.198234 -0.000000
vn 0.997397 -0.072101 -0.000000
vn 0.997949 0.064019 0.000000
vn 0.979975 0.199119 0.000000
vn 0.941292 0.337593 0.000000
vn 0.882244 0.470793 0.000000
vn 0.788315 0.615271 0.000000
vn 0.579900 0.814688 0.000000
vn 0.329873 0.944025 0.000000
vn 0.098082 0.995178 0.000000
vn -0.102900 0.994692 0.000000
vn -0.335325 0.942102 0.000000
vn -0.570905 0.821016 0.000000
vn -0.761811 0.647800 0.000000
vn -0.878416 0.477897 0.000000
vn -0.949517 0.313717 0.000000
vn -0.985460 0.169907 0.000000
vn -0.998710 0.050782 0.000000
vn -0.998096 -0.061680 -0.000000
vn -0.983956 -0.178410 -0.000000
vn -0.958954 -0.283562 -0.000000
vn -0.926785 -0.375593 -0.000000
vn -0.839376 -0.543551 -0.000000
vn -0.764784 -0.644287 -0.000000
vn -0.675501 -0.737359 -0.000000
vn -0.575432 -0.817850 -0.000000
vn -0.456855 -0.889541 -0.000000
vn -0.319780 -0.947492 -0.000000
vn -0.184289 -0.982872 -0.000000
vn -0.058093 -0.998311 -0.000000
vn 0.061810 -0.998088 -0.000000
vn 0.192909 -0.981217 -0.000000
vn 0.328616 -0.944464 -0.000000
vn 0.460815 -0.887496 -0.000000
vn 0.581005 -0.813900 -0.000000
vn 0.690829 -0.723018 -0.000000
vn 0.786573 -0.617497 -0.000000
vn 0.863521 -0.504314 -0.000000
vn -0.864645 0.502383 0.000000
vn -0.942103 0.335325 0.000000
vn -0.982971 0.183760 0.000000
vn -0.998469 0.055324 0.000000
vn -0.998945 -0.045929 -0.000000
vn -0.988073 -0.153985 -0.000000
vn -0.958219 -0.286035 -0.000000
vn -0.897555 -0.440903 -0.000000
vn -0.804176 -0.594391 -0.000000
vn -0.590918 -0.806732 -0.000000
vn -0.333579 -0.942722 -0.000000
vn -0.098235 -0.995163 -0.000000
vn 0.099503 -0.995037 -0.000000
vn 0.331244 -0.943545 -0.000000
vn 0.576272 -0.817258 -0.000000
vn 0.778891 -0.627159 -0.000000
vn 0.893672 -0.448721 -0.000000
vn 0.956591 -0.291434 -0.000000
vn 0.987613 -0.156910 -0.000000
vn 0.998905 -0.046782 -0.000000
vn 0.998688 0.051215 0.000000
vn 0.985799 0.167928 0.000000
vn 0.952970 0.303065 0.000000
vn 0.892267 0.451509 0.000000
vn 0.778891 0.627159 0.000000
vn 0.576272 0.817258 0.000000
vn 0.331244 0.943545 0.000000
vn 0.099504 0.995037 0.000000
vn -0.097618 0.995224 0.000000
vn -0.324932 0.945737 0.000000
vn -0.566763 0.823881 0.000000
vn -0.769758 0.638336 0.000000
vn -0.050618 -0.998718 -0.000000
vn -0.159986 -0.987119 -0.000000
vn -0.277850 -0.960624 -0.000000
vn -0.399370 -0.916790 -0.000000
vn -0.516703 -0.856164 -0.000000
vn -0.629812 -0.776748 -0.000000
vn -0.735126 -0.677930 -0.000000
vn -0.825328 -0.564653 -0.000000
vn -0.897265 -0.441492 -0.000000
vn -0.950663 -0.310226 -0.000000
vn -0.983714 -0.179743 -0.000000
vn -0.998375 -0.056994 -0.000000
vn -1.000000 0.000000 -0.000000
vn -0.998374 0.057002 0.000000
vn -0.983715 0.179734 0.000000
vn -0.950663 0.310226 0.000000
vn -0.897258 0.441506 0.000000
vn -0.825003 0.565128 0.000000
vn -0.733672 0.679504 0.000000
vn -0.626704 0.779258 0.000000
vn -0.511574 0.859239 0.000000
vn -0.393701 0.919239 0.000000
vn -0.273463 0.961883 0.000000
vn -0.157356 0.987542 0.000000
vn -0.049781 0.998760 0.000000
vn 0.048648 0.998816 0.000000
vn 0.153459 0.988155 0.000000
vn 0.266135 0.963936 0.000000
vn 0.382833 0.923817 0.000000
vn 0.498074 0.867135 0.000000
vn 0.612663 0.790344 0.000000
vn 0.720795 0.693148 0.000000
vn 0.814719 0.579856 0.000000
vn 0.890186 0.455598 0.000000
vn 0.946800 0.321822 0.000000
vn 0.982321 0.187204 0.000000
vn 0.998228 0.059507 0.000000
vn 0.995891 -0.090557 -0.000000
vn 0.958908 -0.283716 -0.000000
vn 0.880503 -0.474041 -0.000000
vn 0.769259 -0.638937 -0.000000
vn 0.639035 -0.769178 -0.000000
vn 0.473853 -0.880604 -0.000000
vn 0.284066 -0.958805 -0.000000
vn 0.090479 -0.995898 -0.000000
vn 0.054271 -0.998526 -0.000000
vn -0.129918 -0.991525 -0.000000
vn -0.481859 -0.876249 -0.000000
vn -0.836735 -0.547608 -0.000000
vn -0.988078 -0.153956 -0.000000
vn -0.996712 -0.081023 -0.000000
vn -0.965014 -0.262199 -0.000000
vn -0.890402 -0.455175 -0.000000
vn -0.772677 -0.634800 -0.000000
vn -0.622883 -0.782315 -0.000000
vn -0.441793 -0.897117 -0.000000
vn -0.252160 -0.967685 -0.000000
vn -0.077444 -0.996997 -0.000000
vn 0.077361 -0.997003 -0.000000
vn 0.251308 -0.967907 -0.000000
vn 0.439372 -0.898305 -0.000000
vn 0.618694 -0.785632 -0.000000
vn 0.768421 -0.639945 -0.000000
vn 0.887868 -0.460099 -0.000000
vn 0.964100 -0.265541 -0.000000
vn 0.996622 -0.082129 -0.000000
vn 1.000000 0.000000 -0.000000
vn 0.996515 0.083420 0.000000
vn 0.963239 0.268647 0.000000
vn 0.886281 0.463148 0.000000
vn 0.767403 0.641165 0.000000
vn 0.618690 0.785635 0.000000
vn 0.439372 0.898305 0.000000
vn 0.251308 0.967907 0.000000
vn 0.077362 0.997003 0.000000
vn -0.076398 0.997077 0.000000
vn -0.248841 0.968544 0.000000
vn -0.436845 0.899537 0.000000
vn -0.617549 0.786532 0.000000
vn -0.769139 0.639081 0.000000
vn -0.889102 0.457709 0.000000
vn -0.964763 0.263121 0.000000
vn -0.996705 0.081111 0.000000
vn -0.988072 0.153994 0.000000
vn -0.836735 0.547608 0.000000
vn -0.481859 0.876249 0.000000
vn -0.129922 0.991524 0.000000
vn 0.043443 0.999056 0.000000
vn 0.077907 0.996961 0.000000
vn 0.245775 0.969327 0.000000
vn 0.418907 0.908029 0.000000
vn 0.579683 0.814842 0.000000
vn 0.714489 0.699647 0.000000
vn 0.838947 0.544213 0.000000
vn 0.940292 0.340370 0.000000
vn 0.993695 0.112114 0.000000
vn 0.998277 -0.058669 -0.000000
vn 0.982771 -0.184826 -0.000000
vn 0.947960 -0.318391 -0.000000
vn 0.892124 -0.451791 -0.000000
vn 0.817205 -0.576347 -0.000000
vn 0.723326 -0.690507 -0.000000
vn 0.614603 -0.788837 -0.000000
vn 0.498855 -0.866686 -0.000000
vn 0.382795 -0.923833 -0.000000
vn 0.266178 -0.963924 -0.000000
vn 0.153415 -0.988162 -0.000000
vn 0.048647 -0.998816 -0.000000
vn -0.052245 -0.998634 -0.000000
vn -0.164400 -0.986394 -0.000000
vn -0.283933 -0.958844 -0.000000
vn -0.405702 -0.914006 -0.000000
vn -0.524496 -0.851413 -0.000000
vn -0.640265 -0.768154 -0.000000
vn -0.746140 -0.665789 -0.000000
vn -0.834931 -0.550355 -0.000000
vn -0.903555 -0.428471 -0.000000
vn -0.953628 -0.300988 -0.000000
vn -0.984643 -0.174581 -0.000000
vn -0.998460 -0.055472 -0.000000
vn -1.000000 0.000000 -0.000000
vn -0.998368 0.057101 0.000000
vn -0.983780 0.179377 0.000000
vn -0.951255 0.308405 0.000000
vn -0.899251 0.437434 0.000000
vn -0.830067 0.557664 0.000000
vn -0.742881 0.669423 0.000000
vn -0.639514 0.768779 0.000000
vn -0.526389 0.850244 0.000000
vn -0.408181 0.912901 0.000000
vn -0.285205 0.958467 0.000000
vn -0.164839 0.986320 0.000000
vn -0.052289 0.998632 0.000000
vn 0.051670 0.998664 0.000000
vn 0.163387 0.986562 0.000000
vn 0.283679 0.958919 0.000000
vn 0.407470 0.913219 0.000000
vn 0.526387 0.850245 0.000000
vn 0.639516 0.768778 0.000000
vn 0.742883 0.669421 0.000000
vn 0.830067 0.557664 0.000000
vn 0.899252 0.437431 0.000000
vn 0.951255 0.308405 0.000000
vn 0.983780 0.179377 0.000000
vn 0.998368 0.057103 0.000000
vn 1.000000 0.000000 -0.000000
vn 0.998411 -0.056347 -0.000000
vn 0.984163 -0.177265 -0.000000
vn 0.952249 -0.305323 -0.000000
vn 0.900913 -0.434000 -0.000000
vn 0.832205 -0.554469 -0.000000
vn 0.745143 -0.666905 -0.000000
vn 0.641250 -0.767332 -0.000000
vn 0.527111 -0.849796 -0.000000
vn 0.407470 -0.913219 -0.000000
vn 0.283679 -0.958919 -0.000000
vn 0.163387 -0.986562 -0.000000
vn 0.051670 -0.998664 -0.000000
vn -0.081176 0.996700 0.000000
vn -0.263090 0.964771 0.000000
vn -0.457527 0.889196 0.000000
vn -0.638555 0.769576 0.000000
vn -0.784960 0.619547 0.000000
vn -0.897646 0.440717 0.000000
vn -0.967618 0.252418 0.000000
vn -0.996970 0.077792 0.000000
vn -1.000000 0.000000 -0.000000
vn -0.997055 -0.076697 -0.000000
vn -0.968311 -0.249747 -0.000000
vn -0.899000 -0.437949 -0.000000
vn -0.785832 -0.618440 -0.000000
vn -0.638553 -0.769578 -0.000000
vn -0.457527 -0.889196 -0.000000
vn -0.263090 -0.964771 -0.000000
vn -0.081176 -0.996700 -0.000000
vn 0.082372 -0.996602 -0.000000
vn 0.265974 -0.963980 -0.000000
vn 0.460407 -0.887708 -0.000000
vn 0.639704 -0.768622 -0.000000
vn 0.785832 -0.618440 -0.000000
vn 0.899000 -0.437949 -0.000000
vn 0.968311 -0.249747 -0.000000
vn 0.997055 -0.076697 -0.000000
vn 1.000000 0.000000 -0.000000
vn 0.996970 0.077792 0.000000
vn 0.967618 0.252418 0.000000
vn 0.897646 0.440717 0.000000
vn 0.784960 0.619547 0.000000
vn 0.639704 0.768622 0.000000
vn 0.460407 0.887708 0.000000
vn 0.265974 0.963980 0.000000
vn 0.082372 0.996602 0.000000
vn -0.090475 -0.995899 -0.000000
vn -0.283447 -0.958988 -0.000000
vn -0.474367 -0.880327 -0.000000
vn -0.639015 -0.769194 -0.000000
vn -0.769279 -0.638913 -0.000000
vn -0.880354 -0.474317 -0.000000
vn -0.958962 -0.283536 -0.000000
vn -0.995895 -0.090518 -0.000000
vn -1.000000 0.000000 -0.000000
vn -0.995891 0.090557 0.000000
vn -0.958962 0.283536 0.000000
vn -0.880503 0.474041 0.000000
vn -0.769299 0.638889 0.000000
vn -0.638638 0.769507 0.000000
vn -0.474367 0.880327 0.000000
vn -0.283447 0.958988 0.000000
vn -0.090475 0.995899 0.000000
vn 0.000000 1.000000 0.000000
vn 0.090475 0.995899 0.000000
vn 0.283453 0.958986 0.000000
vn 0.474367 0.880327 0.000000
vn 0.638648 0.769499 0.000000
vn 0.769269 0.638925 0.000000
vn 0.880503 0.474041 0.000000
vn 0.958962 0.283536 0.000000
vn 0.995893 0.090538 0.000000
vn 1.000000 0.000000 -0.000000
vn 0.989952 0.141406 0.000000
vn 0.857696 0.514157 0.000000
vn 0.514326 0.857595 0.000000
vn 0.141131 0.989991 0.000000
vn 0.000000 1.000000 0.000000
vn 0.090475 0.995899 0.000000
vn 0.284060 0.958807 0.000000
vn 0.473848 0.880606 0.000000
vn 0.639020 0.769190 0.000000
vn 0.769264 0.638931 0.000000
vn 0.880507 0.474033 0.000000
vn 0.958911 0.283706 0.000000
vn 0.995893 0.090538 0.000000
vn 1.000000 0.000000 -0.000000
vn 0.995893 -0.090538 -0.000000
vn 0.958964 -0.283526 -0.000000
vn 0.880358 -0.474309 -0.000000
vn 0.769264 -0.638931 -0.000000
vn 0.639020 -0.769190 -0.000000
vn 0.474362 -0.880330 -0.000000
vn 0.283453 -0.958986 -0.000000
vn 0.090475 -0.995899 -0.000000
vn 0.000000 -1.000000 -0.000000
vn -0.052245 -0.998634 -0.000000
vn -0.164401 -0.986394 -0.000000
vn -0.283932 -0.958844 -0.000000
vn -0.405701 -0.914006 -0.000000
vn -0.524496 -0.851413 -0.000000
vn -0.640266 -0.768154 -0.000000
vn -0.746140 -0.665789 -0.000000
vn -0.834929 -0.550357 -0.000000
vn -0.903556 -0.428471 -0.000000
vn -0.953628 -0.300988 -0.000000
vn -0.984643 -0.174581 -0.000000
vn -0.998460 -0.055469 -0.000000
vn -1.000000 0.000000 -0.000000
vn -0.998368 0.057101 0.000000
vn -0.983780 0.179377 0.000000
vn -0.951255 0.308406 0.000000
vn -0.899251 0.437432 0.000000
vn -0.830068 0.557662 0.000000
vn -0.742882 0.669422 0.000000
vn -0.639515 0.768778 0.000000
vn -0.526387 0.850245 0.000000
vn -0.408181 0.912901 0.000000
vn -0.285205 0.958467 0.000000
vn -0.164839 0.986321 0.000000
vn -0.052289 0.998632 0.000000
vn 0.051670 0.998664 0.000000
vn 0.163387 0.986562 0.000000
vn 0.283679 0.958919 0.000000
vn 0.407470 0.913219 0.000000
vn 0.526388 0.850245 0.000000
vn 0.639515 0.768778 0.000000
vn 0.742882 0.669422 0.000000
vn 0.830067 0.557663 0.000000
vn 0.899252 0.437432 0.000000
vn 0.951255 0.308406 0.000000
vn 0.983780 0.179378 0.000000
vn 0.998368 0.057101 0.000000
vn 1.000000 0.000000 -0.000000
vn 0.998411 -0.056347 -0.000000
vn 0.984163 -0.177266 -0.000000
vn 0.952249 -0.305323 -0.000000
vn 0.900913 -0.433999 -0.000000
vn 0.832204 -0.554470 -0.000000
vn 0.745143 -0.666905 -0.000000
vn 0.641249 -0.767333 -0.000000
vn 0.527113 -0.849795 -0.000000
vn 0.407469 -0.913219 -0.000000
vn 0.283679 -0.958919 -0.000000
vn 0.163387 -0.986562 -0.000000
vn 0.051670 -0.998664 -0.000000
vn -0.081176 0.996700 0.000000
vn -0.263090 0.964771 0.000000
vn -0.457528 0.889195 0.000000
vn -0.638553 0.769578 0.000000
vn -0.784960 0.619547 0.000000
vn -0.897646 0.440717 0.000000
vn -0.967619 0.252417 0.000000
vn -0.996970 0.077792 0.000000
vn -1.000000 0.000000 -0.000000
vn -0.997054 -0.076697 -0.000000
vn -0.968311 -0.249747 -0.000000
vn -0.899000 -0.437949 -0.000000
vn -0.785832 -0.618440 -0.000000
vn -0.638553 -0.769578 -0.000000
vn -0.457528 -0.889195 -0.000000
vn -0.263090 -0.964771 -0.000000
vn -0.081176 -0.996700 -0.000000
vn 0.082372 -0.996602 -0.000000
vn 0.265975 -0.963980 -0.000000
vn 0.460407 -0.887708 -0.000000
vn 0.639704 -0.768621 -0.000000
vn 0.785832 -0.618440 -0.000000
vn 0.899000 -0.437949 -0.000000
vn 0.968311 -0.249747 -0.000000
vn 0.997055 -0.076697 -0.000000
vn 1.000000 0.000000 -0.000000
vn 0.996970 0.077792 0.000000
vn 0.967618 0.252418 0.000000
vn 0.897646 0.440717 0.000000
vn 0.784960 0.619546 0.000000
vn 0.639704 0.768621 0.000000
vn 0.460407 0.887708 0.000000
vn 0.265975 0.963980 0.000000
vn 0.082372 0.996602 0.000000
vn -0.995893 0.090538 0.000000
vn -0.958962 0.283536 0.000000
vn -0.880503 0.474041 0.000000
vn -0.769259 0.638937 0.000000
vn -0.638657 0.769491 0.000000
vn -0.474367 0.880327 0.000000
vn -0.283453 0.958986 0.000000
vn -0.090473 0.995899 0.000000
vn 0.000000 1.000000 0.000000
vn 0.090475 0.995899 0.000000
vn 0.283447 0.958988 0.000000
vn 0.474367 0.880327 0.000000
vn 0.638638 0.769507 0.000000
vn 0.769279 0.638913 0.000000
vn 0.880503 0.474041 0.000000
vn 0.958962 0.283536 0.000000
vn 0.995895 0.090518 0.000000
vn 1.000000 0.000000 -0.000000
vn 0.995891 -0.090557 -0.000000
vn 0.958962 -0.283536 -0.000000
vn 0.880354 -0.474317 -0.000000
vn 0.769299 -0.638889 -0.000000
vn 0.639015 -0.769194 -0.000000
vn 0.474367 -0.880327 -0.000000
vn 0.283447 -0.958988 -0.000000
vn 0.090475 -0.995899 -0.000000
vn 0.000000 -1.000000 -0.000000
vn -0.107457 -0.994210 -0.000000
vn -0.360921 -0.932597 -0.000000
vn -0.624835 -0.780757 -0.000000
vn -0.827413 -0.561594 -0.000000
vn -0.853640 -0.520864 -0.000000
vn -0.788267 -0.615334 -0.000000
vn -0.644909 -0.764259 -0.000000
vn -0.375464 -0.926837 -0.000000
vn 0.030561 -0.999533 -0.000000
vn 0.472645 -0.881253 -0.000000
vn 0.822844 -0.568268 -0.000000
vn 0.963272 -0.268526 -0.000000
vn 0.997545 -0.070026 -0.000000
vn 0.999991 0.004292 0.000000
vn 0.995893 -0.090538 -0.000000
vn 0.958962 -0.283536 -0.000000
vn 0.880354 -0.474317 -0.000000
vn 0.769269 -0.638925 -0.000000
vn 0.639025 -0.769186 -0.000000
vn 0.474367 -0.880327 -0.000000
vn 0.283453 -0.958986 -0.000000
vn 0.090473 -0.995899 -0.000000
vn 0.000000 -1.000000 -0.000000
vn -0.090475 -0.995899 -0.000000
vn -0.283453 -0.958986 -0.000000
vn -0.474367 -0.880327 -0.000000
vn -0.639020 -0.769190 -0.000000
vn -0.769259 -0.638937 -0.000000
vn -0.880358 -0.474309 -0.000000
vn -0.958964 -0.283526 -0.000000
vn -0.995893 -0.090538 -0.000000
vn -1.000000 0.000000 -0.000000
vn -0.995893 0.090538 0.000000
vn -0.958964 0.283526 0.000000
vn -0.880507 0.474033 0.000000
vn -0.769259 0.638937 0.000000
vn -0.638648 0.769499 0.000000
vn -0.474367 0.880327 0.000000
vn -0.283453 0.958986 0.000000
vn -0.090474 0.995899 0.000000
vn 0.000000 1.000000 0.000000
vn 0.107457 0.994210 0.000000
vn 0.360921 0.932597 0.000000
vn 0.624602 0.780943 0.000000
vn 0.827527 0.561426 0.000000
vn 0.854443 0.519545 0.000000
vn 0.788267 0.615334 0.000000
vn 0.644909 0.764259 0.000000
vn 0.376680 0.926344 0.000000
vn -0.030561 0.999533 0.000000
vn -0.472665 0.881242 0.000000
vn -0.823292 0.567618 0.000000
vn -0.963193 0.268809 0.000000
vn -0.997543 0.070053 0.000000
vn -0.999998 -0.002146 -0.000000
vn 0.995891 -0.090557 -0.000000
vn 0.958908 -0.283716 -0.000000
vn 0.880503 -0.474041 -0.000000
vn 0.769299 -0.638889 -0.000000
vn 0.639015 -0.769194 -0.000000
vn 0.473853 -0.880604 -0.000000
vn 0.283447 -0.958988 -0.000000
vn 0.091099 -0.995842 -0.000000
vn 0.000000 -1.000000 -0.000000
vn 0.141131 -0.989991 -0.000000
vn 0.514326 -0.857595 -0.000000
vn 0.857474 -0.514527 -0.000000
vn 0.989955 -0.141385 -0.000000
vn 1.000000 0.000000 -0.000000
vn 0.989949 0.141427 0.000000
vn 0.857474 0.514527 0.000000
vn 0.514326 0.857595 0.000000
vn 0.141815 0.989893 0.000000
vn 0.000000 1.000000 0.000000
vn 0.090475 0.995899 0.000000
vn 0.283458 0.958985 0.000000
vn 0.473853 0.880604 0.000000
vn 0.639015 0.769194 0.000000
vn 0.769259 0.638937 0.000000
vn 0.880503 0.474041 0.000000
vn 0.958908 0.283716 0.000000
vn 0.995895 0.090518 0.000000
vn 1.000000 0.000000 -0.000000
vn 0.995891 -0.090557 -0.000000
vn 0.958962 -0.283536 -0.000000
vn 0.880503 -0.474041 -0.000000
vn 0.769279 -0.638913 -0.000000
vn 0.638638 -0.769507 -0.000000
vn 0.474367 -0.880327 -0.000000
vn 0.283458 -0.958985 -0.000000
vn 0.090475 -0.995899 -0.000000
vn 0.000000 -1.000000 -0.000000
vn 0.141809 -0.989894 -0.000000
vn 0.514326 -0.857595 -0.000000
vn 0.857474 -0.514527 -0.000000
vn 0.989955 -0.141385 -0.000000
vn 1.000000 0.000000 -0.000000
vn 0.989949 0.141427 0.000000
vn 0.857696 0.514157 0.000000
vn 0.514326 0.857595 0.000000
vn 0.141137 0.989990 0.000000
vn 0.000000 1.000000 0.000000
vn 0.090475 0.995899 0.000000
vn 0.284055 0.958808 0.000000
vn 0.473853 0.880604 0.000000
vn 0.638996 0.769210 0.000000
vn 0.769279 0.638913 0.000000
vn 0.880503 0.474041 0.000000
vn 0.958908 0.283716 0.000000
vn 0.995895 0.090518 0.000000
vn 1.000000 0.000000 -0.000000
vn 0.995891 -0.090557 -0.000000
vn 0.958962 -0.283536 -0.000000
vn 0.880354 -0.474317 -0.000000
vn 0.769299 -0.638889 -0.000000
vn 0.639015 -0.769194 -0.000000
vn 0.474367 -0.880327 -0.000000
vn 0.283447 -0.958988 -0.000000
vn 0.090472 -0.995899 -0.000000
vn 0.000000 -1.000000 -0.000000
vn -0.090475 -0.995899 -0.000000
vn -0.283458 -0.958985 -0.000000
vn -0.474367 -0.880327 -0.000000
vn -0.639015 -0.769194 -0.000000
vn -0.769259 -0.638937 -0.000000
vn -0.880354 -0.474317 -0.000000
vn -0.958962 -0.283536 -0.000000
vn -0.995895 -0.090518 -0.000000
vn -1.000000 0.000000 -0.000000
vn -0.995891 0.090557 0.000000
vn -0.958962 0.283536 0.000000
vn -0.880503 0.474041 0.000000
vn -0.769279 0.638913 0.000000
vn -0.638638 0.769507 0.000000
vn -0.474367 0.880327 0.000000
vn -0.283458 0.958985 0.000000
vn -0.090475 0.995899 0.000000
vn 0.000000 1.000000 0.000000
vn 0.090475 0.995899 0.000000
vn 0.283447 0.958988 0.000000
vn 0.474367 0.880327 0.000000
vn 0.638618 0.769524 0.000000
vn 0.769279 0.638913 0.000000
vn 0.880503 0.474041 0.000000
vn 0.958962 0.283536 0.000000
vn 0.995895 0.090518 0.000000
vn 1.000000 0.000000 -0.000000
vn -0.090479 -0.995898 -0.000000
vn -0.283458 -0.958985 -0.000000
vn -0.474367 -0.880327 -0.000000
vn -0.638976 -0.769227 -0.000000
vn -0.769279 -0.638913 -0.000000
vn -0.880354 -0.474317 -0.000000
vn -0.958973 -0.283498 -0.000000
vn -0.995891 -0.090557 -0.000000
vn -1.000000 0.000000 -0.000000
vn -0.995891 0.090557 0.000000
vn -0.958973 0.283498 0.000000
vn -0.880503 0.474041 0.000000
vn -0.769279 0.638913 0.000000
vn -0.638638 0.769507 0.000000
vn -0.474367 0.880327 0.000000
vn -0.283458 0.958985 0.000000
vn -0.090472 0.995899 0.000000
vn 0.000000 1.000000 0.000000
vn 0.090479 0.995898 0.000000
vn 0.283458 0.958985 0.000000
vn 0.474367 0.880327 0.000000
vn 0.638599 0.769540 0.000000
vn 0.769279 0.638913 0.000000
vn 0.880503 0.474041 0.000000
vn 0.958973 0.283498 0.000000
vn 0.995891 0.090557 0.000000
vn 1.000000 0.000000 -0.000000
vn 0.989955 0.141385 0.000000
vn 0.857696 0.514157 0.000000
vn 0.514326 0.857595 0.000000
vn 0.141131 0.989991 0.000000
vn 0.000000 1.000000 0.000000
vn 0.090472 0.995899 0.000000
vn 0.284066 0.958805 0.000000
vn 0.473853 0.880604 0.000000
vn 0.639015 0.769194 0.000000
vn 0.769279 0.638913 0.000000
vn 0.880503 0.474041 0.000000
vn 0.958920 0.283678 0.000000
vn 0.995891 0.090557 0.000000
vn 1.000000 0.000000 -0.000000
vn 0.995891 -0.090557 -0.000000
vn 0.958973 -0.283498 -0.000000
vn 0.880354 -0.474317 -0.000000
vn 0.769279 -0.638913 -0.000000
vn 0.639015 -0.769194 -0.000000
vn 0.474367 -0.880327 -0.000000
vn 0.283458 -0.958985 -0.000000
vn 0.090472 -0.995899 -0.000000
vn 0.000000 -1.000000 -0.000000
vn 0.000000 0.000000 1.000000
vn 0.000000 -0.000000 1.000000
vn 0.000000 -0.000000 1.000000
vn 0.000000 -0.000000 1.000000
vn 0.000000 -0.000000 1.000000
vn 0.000000 0.000000 1.000000
vn -0.000000 0.000000 1.000000
vn 0.000000 -0.000000 1.000000
vn 0.000000 -0.000000 1.000000
vn 0.000000 -0.000000 -1.000000
vn 0.000000 -0.000000 -1.000000
vn -0.000000 0.000000 -1.000000
vn 0.000000 0.000000 -1.000000
vn 0.000000 0.000000 -1.000000
vn 0.000000 0.000000 -1.000000
vn -0.000000 -0.000000 -1.000000
vn 0.000000 0.000000 -1.000000
vn 0.000000 0.000000 -1.000000
vn 0.000000 1.000000 0.000000
vn 0.928477 0.371391 0.000000
vn 0.485643 0.874157 0.000000
vn 0.406139 -0.913811 -0.000000
vn 0.961524 -0.274721 -0.000000
vn 0.351124 -0.936329 -0.000000
vn 1.000000 0.000000 -0.000000
vn 0.338719 0.940887 0.000000
vn 0.000000 -1.000000 -0.000000
vn -0.732794 0.680451 0.000000
vn -0.998752 -0.049938 -0.000000
vn -0.993884 0.110431 0.000000
vn 0.000000 -0.000000 1.000000
vn 0.000000 -0.000000 1.000000
vn 0.000000 0.000000 -1.000000
vn 0.000000 0.000000 -1.000000
vn -0.987106 0.160071 0.000000
vn 0.000000 1.000000 0.000000
vn 0.984784 0.173785 0.000000
vn 0.393919 0.919145 0.000000
vn -0.049938 -0.998752 -0.000000
vn 0.000000 0.000000 -1.000000
vn 0.000000 -0.000000 1.000000
vn 0.000000 1.000000 0.000000
vn -1.000000 0.000000 -0.000000
vn 0.000000 -1.000000 -0.000000
vn 1.000000 0.000000 -0.000000
vn 0.000000 0.000000 -1.000000
vn 0.000000 -0.000000 1.000000
vn 0.274721 0.961524 0.000000
vn -0.961524 0.274721 0.000000
vn -0.274721 -0.961524 -0.000000
vn 0.961524 -0.274721 -0.000000
f 60//1 62//1 61//1
f 59//2 62//2 60//2
f 59//3 63//3 62//3
f 58//4 63//4 59//4
f 58//5 64//5 63//5
f 57//6 64//6 58//6
f 57//7 65//7 64//7
f 56//8 65//8 57//8
f 56//9 66//9 65//9
f 56//10 67//10 66//10
f 55//11 67//11 56//11
f 55//12 68//12 67//12
f 54//13 68//13 55//13
f 54//14 69//14 68//14
f 53//15 69//15 54//15
f 52//16 69//16 53//16
f 52//17 121//17 69//17
f 121//18 70//18 69//18
f 52//19 122//19 121//19
f 120//20 70//20 121//20
f 52//21 123//21 122//21
f 119//22 70//22 120//22
f 52//23 124//23 123//23
f 118//24 70//24 119//24
f 52//25 125//25 124//25
f 117//26 70//26 118//26
f 51//27 125//27 52//27
f 117//28 71//28 70//28
f 51//29 126//29 125//29
f 116//30 71//30 117//30
f 115//31 71//31 116//31
f 51//32 127//32 126//32
f 114//33 71//33 115//33
f 51//34 128//34 127//34
f 50//35 128//35 51//35
f 114//36 72//36 71//36
f 113//37 72//37 114//37
f 50//38 89//38 128//38
f 112//39 72//39 113//39
f 50//40 90//40 89//40
f 111//41 72//41 112//41
f 50//42 91//42 90//42
f 49//43 91//43 50//43
f 111//44 73//44 72//44
f 110//45 73//45 111//45
f 49//46 92//46 91//46
f 109//47 73//47 110//47
f 49//48 93//48 92//48
f 48//49 93//49 49//49
f 109//50 74//50 73//50
f 108//51 74//51 109//51
f 48//52 94//52 93//52
f 48//53 95//53 94//53
f 107//54 74//54 108//54
f 47//55 95//55 48//55
f 107//56 75//56 74//56
f 47//57 96//57 95//57
f 106//58 75//58 107//58
f 46//59 96//59 47//59
f 46//60 97//60 96//60
f 105//61 75//61 106//61
f 105//62 76//62 75//62
f 104//63 76//63 105//63
f 46//64 98//64 97//64
f 45//65 98//65 46//65
f 104//66 77//66 76//66
f 103//67 77//67 104//67
f 45//68 99//68 98//68
f 44//69 99//69 45//69
f 102//70 77//70 103//70
f 44//71 100//71 99//71
f 102//72 78//72 77//72
f 101//73 78//73 102//73
f 44//74 101//74 100//74
f 44//75 78//75 101//75
f 43//76 78//76 44//76
f 43//77 79//77 78//77
f 43//78 80//78 79//78
f 42//79 80//79 43//79
f 42//80 81//80 80//80
f 41//81 81//81 42//81
f 41//82 82//82 81//82
f 40//83 82//83 41//83
f 40//84 83//84 82//84
f 39//85 83//85 40//85
f 39//86 84//86 83//86
f 38//87 84//87 39//87
f 38//88 85//88 84//88
f 37//89 85//89 38//89
f 37//90 86//90 85//90
f 36//91 86//91 37//91
f 36//92 87//92 86//92
f 35//93 87//93 36//93
f 34//94 87//94 35//94
f 34//95 141//95 87//95
f 141//96 88//96 87//96
f 34//97 142//97 141//97
f 140//98 88//98 141//98
f 34//99 143//99 142//99
f 139//100 88//100 140//100
f 33//101 143//101 34//101
f 139//102 1//102 88//102
f 33//103 144//103 143//103
f 138//104 1//104 139//104
f 33//105 145//105 144//105
f 32//106 145//106 33//106
f 137//107 1//107 138//107
f 137//108 2//108 1//108
f 32//109 146//109 145//109
f 136//110 2//110 137//110
f 31//111 146//111 32//111
f 136//112 3//112 2//112
f 31//113 147//113 146//113
f 135//114 3//114 136//114
f 135//115 4//115 3//115
f 30//116 147//116 31//116
f 30//117 148//117 147//117
f 134//118 4//118 135//118
f 133//119 4//119 134//119
f 30//120 149//120 148//120
f 133//121 5//121 4//121
f 29//122 149//122 30//122
f 132//123 5//123 133//123
f 29//124 150//124 149//124
f 28//125 150//125 29//125
f 132//126 6//126 5//126
f 28//127 151//127 150//127
f 131//128 6//128 132//128
f 27//129 151//129 28//129
f 131//130 7//130 6//130
f 27//131 152//131 151//131
f 130//132 7//132 131//132
f 27//133 153//133 152//133
f 129//134 7//134 130//134
f 26//135 153//135 27//135
f 129//136 8//136 7//136
f 26//137 154//137 153//137
f 160//138 8//138 129//138
f 25//139 154//139 26//139
f 160//140 9//140 8//140
f 25//141 155//141 154//141
f 159//142 9//142 160//142
f 25//143 156//143 155//143
f 158//144 9//144 159//144
f 24//145 156//145 25//145
f 24//146 157//146 156//146
f 157//147 9//147 158//147
f 157//148 10//148 9//148
f 24//149 10//149 157//149
f 23//150 10//150 24//150
f 23//151 11//151 10//151
f 22//152 11//152 23//152
f 22//153 12//153 11//153
f 22//154 13//154 12//154
f 21//155 13//155 22//155
f 21//156 14//156 13//156
f 20//157 14//157 21//157
f 20//158 15//158 14//158
f 19//159 15//159 20//159
f 19//160 16//160 15//160
f 18//161 16//161 19//161
f 18//162 17//162 16//162
f 220//163 221//163 222//163
f 219//164 220//164 222//164
f 219//165 222//165 223//165
f 218//166 219//166 223//166
f 218//167 223//167 224//167
f 217//168 218//168 224//168
f 217//169 224//169 225//169
f 216//170 217//170 225//170
f 216//171 225//171 226//171
f 216//172 226//172 227//172
f 215//173 216//173 227//173
f 215//174 227//174 228//174
f 214//175 215//175 228//175
f 214//176 228//176 229//176
f 213//177 214//177 229//177
f 212//178 213//178 229//178
f 212//179 229//179 281//179
f 281//180 229//180 230//180
f 212//181 281//181 282//181
f 280//182 281//182 230//182
f 212//183 282//183 283//183
f 279//184 280//184 230//184
f 212//185 283//185 284//185
f 278//186 279//186 230//186
f 212//187 284//187 285//187
f 277//188 278//188 230//188
f 211//189 212//189 285//189
f 277//190 230//190 231//190
f 211//191 285//191 286//191
f 276//192 277//192 231//192
f 275//193 276//193 231//193
f 211//194 286//194 287//194
f 274//195 275//195 231//195
f 211//196 287//196 288//196
f 210//197 211//197 288//197
f 274//198 231//198 232//198
f 273//199 274//199 232//199
f 210//200 288//200 249//200
f 272//201 273//201 232//201
f 210//202 249//202 250//202
f 271//203 272//203 232//203
f 210//204 250//204 251//204
f 209//205 210//205 251//205
f 271//206 232//206 233//206
f 270//207 271//207 233//207
f 209//208 251//208 252//208
f 269//209 270//209 233//209
f 209//210 252//210 253//210
f 208//211 209//211 253//211
f 269//212 233//212 234//212
f 268//213 269//213 234//213
f 208//214 253//214 254//214
f 208//215 254//215 255//215
f 267//216 268//216 234//216
f 207//217 208//217 255//217
f 267//218 234//218 235//218
f 207//219 255//219 256//219
f 266//220 267//220 235//220
f 206//221 207//221 256//221
f 206//222 256//222 257//222
f 265//223 266//223 235//223
f 265//224 235//224 236//224
f 264//225 265//225 236//225
f 206//226 257//226 258//226
f 205//227 206//227 258//227
f 264//228 236//228 237//228
f 263//229 264//229 237//229
f 205//230 258//230 259//230
f 204//231 205//231 259//231
f 262//232 263//232 237//232
f 204//233 259//233 260//233
f 262//234 237//234 238//234
f 261//235 262//235 238//235
f 204//236 260//236 261//236
f 204//237 261//237 238//237
f 203//238 204//238 238//238
f 203//239 238//239 239//239
f 203//240 239//240 240//240
f 202//241 203//241 240//241
f 202//242 240//242 241//242
f 201//243 202//243 241//243
f 201//244 241//244 242//244
f 200//245 201//245 242//245
f 200//246 242//246 243//246
f 199//247 200//247 243//247
f 199//248 243//248 244//248
f 198//249 199//249 244//249
f 198//250 244//250 245//250
f 197//251 198//251 245//251
f 197//252 245//252 246//252
f 196//253 197//253 246//253
f 196//254 246//254 247//254
f 195//255 196//255 247//255
f 194//256 195//256 247//256
f 194//257 247//257 301//257
f 301//258 247//258 248//258
f 194//259 301//259 302//259
f 300//260 301//260 248//260
f 194//261 302//261 303//261
f 299//262 300//262 248//262
f 193//263 194//263 303//263
f 299//264 248//264 161//264
f 193//265 303//265 304//265
f 298//266 299//266 161//266
f 193//267 304//267 305//267
f 192//268 193//268 305//268
f 297//269 298//269 161//269
f 297//270 161//270 162//270
f 192//271 305//271 306//271
f 296//272 297//272 162//272
f 191//273 192//273 306//273
f 296//274 162//274 163//274
f 191//275 306//275 307//275
f 295//276 296//276 163//276
f 295//277 163//277 164//277
f 190//278 191//278 307//278
f 190//279 307//279 308//279
f 294//280 295//280 164//280
f 293//281 294//281 164//281
f 190//282 308//282 309//282
f 293//283 164//283 165//283
f 189//284 190//284 309//284
f 292//285 293//285 165//285
f 189//286 309//286 310//286
f 188//287 189//287 310//287
f 292//288 165//288 166//288
f 188//289 310//289 311//289
f 291//290 292//290 166//290
f 187//291 188//291 311//291
f 291//292 166//292 167//292
f 187//293 311//293 312//293
f 290//294 291//294 167//294
f 187//295 312//295 313//295
f 289//296 290//296 167//296
f 186//297 187//297 313//297
f 289//298 167//298 168//298
f 186//299 313//299 314//299
f 320//300 289//300 168//300
f 185//301 186//301 314//301
f 320//302 168//302 169//302
f 185//303 314//303 315//303
f 319//304 320//304 169//304
f 185//305 315//305 316//305
f 318//306 319//306 169//306
f 184//307 185//307 316//307
f 184//308 316//308 317//308
f 317//309 318//309 169//309
f 317//310 169//310 170//310
f 184//311 317//311 170//311
f 183//312 184//312 170//312
f 183//313 170//313 171//313
f 182//314 183//314 171//314
f 182//315 171//315 172//315
f 182//316 172//316 173//316
f 181//317 182//317 173//317
f 181//318 173//318 174//318
f 180//319 181//319 174//319
f 180//320 174//320 175//320
f 179//321 180//321 175//321
f 179//322 175//322 176//322
f 178//323 179//323 176//323
f 178//324 176//324 177//324
f 324//325 321//325 322//325
f 326//326 323//326 324//326
f 328//327 325//327 326//327
f 330//328 327//328 328//328
f 332//329 329//329 330//329
f 334//330 331//330 332//330
f 336//331 333//331 334//331
f 338//332 335//332 336//332
f 340//333 337//333 338//333
f 342//334 339//334 340//334
f 344//335 341//335 342//335
f 346//336 343//336 344//336
f 348//337 345//337 346//337
f 350//338 347//338 348//338
f 352//339 349//339 350//339
f 354//340 351//340 352//340
f 356//341 353//341 354//341
f 358//342 355//342 356//342
f 360//343 357//343 358//343
f 362//344 359//344 360//344
f 364//345 361//345 362//345
f 366//346 363//346 364//346
f 368//347 365//347 366//347
f 370//348 367//348 368//348
f 372//349 369//349 370//349
f 374//350 371//350 372//350
f 376//351 373//351 374//351
f 378//352 375//352 376//352
f 380//353 377//353 378//353
f 382//354 379//354 380//354
f 384//355 381//355 382//355
f 386//356 383//356 384//356
f 388//357 385//357 386//357
f 390//358 387//358 388//358
f 392//359 389//359 390//359
f 394//360 391//360 392//360
f 396//361 393//361 394//361
f 398//362 395//362 396//362
f 400//363 397//363 398//363
f 402//364 399//364 400//364
f 404//365 401//365 402//365
f 406//366 403//366 404//366
f 408//367 405//367 406//367
f 410//368 407//368 408//368
f 412//369 409//369 410//369
f 414//370 411//370 412//370
f 416//371 413//371 414//371
f 418//372 415//372 416//372
f 420//373 417//373 418//373
f 422//374 419//374 420//374
f 424//375 421//375 422//375
f 426//376 423//376 424//376
f 428//377 425//377 426//377
f 430//378 427//378 428//378
f 432//379 429//379 430//379
f 434//380 431//380 432//380
f 436//381 433//381 434//381
f 438//382 435//382 436//382
f 440//383 437//383 438//383
f 442//384 439//384 440//384
f 444//385 441//385 442//385
f 446//386 443//386 444//386
f 448//387 445//387 446//387
f 450//388 447//388 448//388
f 452//389 449//389 450//389
f 454//390 451//390 452//390
f 456//391 453//391 454//391
f 458//392 455//392 456//392
f 460//393 457//393 458//393
f 462//394 459//394 460//394
f 464//395 461//395 462//395
f 466//396 463//396 464//396
f 468//397 465//397 466//397
f 470//398 467//398 468//398
f 472//399 469//399 470//399
f 474//400 471//400 472//400
f 476//401 473//401 474//401
f 478//402 475//402 476//402
f 480//403 477//403 478//403
f 482//404 479//404 480//404
f 484//405 481//405 482//405
f 486//406 483//406 484//406
f 488//407 485//407 486//407
f 490//408 487//408 488//408
f 492//409 489//409 490//409
f 494//410 491//410 492//410
f 496//411 493//411 494//411
f 322//412 495//412 496//412
f 500//413 497//413 498//413
f 502//414 499//414 500//414
f 504//415 501//415 502//415
f 506//416 503//416 504//416
f 508//417 505//417 506//417
f 510//418 507//418 508//418
f 512//419 509//419 510//419
f 514//420 511//420 512//420
f 516//421 513//421 514//421
f 518//422 515//422 516//422
f 520//423 517//423 518//423
f 522//424 519//424 520//424
f 524//425 521//425 522//425
f 526//426 523//426 524//426
f 528//427 525//427 526//427
f 530//428 527//428 528//428
f 532//429 529//429 530//429
f 534//430 531//430 532//430
f 536//431 533//431 534//431
f 538//432 535//432 536//432
f 540//433 537//433 538//433
f 542//434 539//434 540//434
f 544//435 541//435 542//435
f 546//436 543//436 544//436
f 548//437 545//437 546//437
f 550//438 547//438 548//438
f 552//439 549//439 550//439
f 554//440 551//440 552//440
f 556//441 553//441 554//441
f 558//442 555//442 556//442
f 560//443 557//443 558//443
f 562//444 559//444 560//444
f 564//445 561//445 562//445
f 566//446 563//446 564//446
f 568//447 565//447 566//447
f 570//448 567//448 568//448
f 572//449 569//449 570//449
f 574//450 571//450 572//450
f 576//451 573//451 574//451
f 498//452 575//452 576//452
f 580//453 577//453 578//453
f 582//454 579//454 580//454
f 584//455 581//455 582//455
f 586//456 583//456 584//456
f 588//457 585//457 586//457
f 590//458 587//458 588//458
f 592//459 589//459 590//459
f 594//460 591//460 592//460
f 596//461 593//461 594//461
f 598//462 595//462 596//462
f 600//463 597//463 598//463
f 602//464 599//464 600//464
f 604//465 601//465 602//465
f 606//466 603//466 604//466
f 608//467 605//467 606//467
f 610//468 607//468 608//468
f 612//469 609//469 610//469
f 614//470 611//470 612//470
f 616//471 613//471 614//471
f 618//472 615//472 616//472
f 620//473 617//473 618//473
f 622//474 619//474 620//474
f 624//475 621//475 622//475
f 626//476 623//476 624//476
f 628//477 625//477 626//477
f 630//478 627//478 628//478
f 632//479 629//479 630//479
f 634//480 631//480 632//480
f 636//481 633//481 634//481
f 638//482 635//482 636//482
f 640//483 637//483 638//483
f 578//484 639//484 640//484
f 657//485 659//485 658//485
f 657//486 660//486 659//486
f 656//487 660//487 657//487
f 656//488 661//488 660//488
f 655//489 661//489 656//489
f 655//490 662//490 661//490
f 654//491 662//491 655//491
f 654//492 663//492 662//492
f 653//493 663//493 654//493
f 653//494 664//494 663//494
f 653//495 665//495 664//495
f 652//496 665//496 653//496
f 652//497 666//497 665//497
f 651//498 666//498 652//498
f 651//499 667//499 666//499
f 650//500 667//500 651//500
f 649//501 667//501 650//501
f 649//502 668//502 667//502
f 649//503 669//503 668//503
f 649//504 670//504 669//504
f 649//505 671//505 670//505
f 649//506 672//506 671//506
f 649//507 673//507 672//507
f 649//508 674//508 673//508
f 649//509 675//509 674//509
f 649//510 676//510 675//510
f 649//511 677//511 676//511
f 649//512 678//512 677//512
f 649//513 679//513 678//513
f 649//514 680//514 679//514
f 649//515 681//515 680//515
f 649//516 682//516 681//516
f 648//517 682//517 649//517
f 648//518 683//518 682//518
f 647//519 683//519 648//519
f 647//520 684//520 683//520
f 646//521 684//521 647//521
f 646//522 685//522 684//522
f 645//523 685//523 646//523
f 645//524 686//524 685//524
f 644//525 686//525 645//525
f 644//526 687//526 686//526
f 643//527 687//527 644//527
f 643//528 688//528 687//528
f 642//529 688//529 643//529
f 642//530 689//530 688//530
f 641//531 689//531 642//531
f 641//532 690//532 689//532
f 772//533 774//533 773//533
f 772//534 775//534 774//534
f 771//535 775//535 772//535
f 771//536 776//536 775//536
f 770//537 776//537 771//537
f 770//538 777//538 776//538
f 769//539 777//539 770//539
f 769//540 778//540 777//540
f 768//541 778//541 769//541
f 768//542 779//542 778//542
f 768//543 780//543 779//543
f 767//544 780//544 768//544
f 767//545 781//545 780//545
f 766//546 781//546 767//546
f 766//547 782//547 781//547
f 765//548 782//548 766//548
f 764//549 703//549 765//549
f 703//550 702//550 765//550
f 702//551 701//551 765//551
f 701//552 782//552 765//552
f 701//553 700//553 782//553
f 700//554 691//554 782//554
f 700//555 692//555 691//555
f 700//556 693//556 692//556
f 700//557 694//557 693//557
f 700//558 695//558 694//558
f 700//559 696//559 695//559
f 700//560 697//560 696//560
f 700//561 698//561 697//561
f 700//562 699//562 698//562
f 764//563 704//563 703//563
f 764//564 705//564 704//564
f 764//565 706//565 705//565
f 764//566 707//566 706//566
f 764//567 708//567 707//567
f 764//568 709//568 708//568
f 764//569 731//569 709//569
f 731//570 730//570 709//570
f 730//571 729//571 709//571
f 729//572 710//572 709//572
f 729//573 711//573 710//573
f 729//574 712//574 711//574
f 729//575 713//575 712//575
f 729//576 714//576 713//576
f 729//577 715//577 714//577
f 729//578 716//578 715//578
f 729//579 717//579 716//579
f 729//580 718//580 717//580
f 729//581 728//581 718//581
f 728//582 719//582 718//582
f 728//583 720//583 719//583
f 728//584 721//584 720//584
f 728//585 722//585 721//585
f 728//586 723//586 722//586
f 728//587 724//587 723//587
f 728//588 725//588 724//588
f 728//589 726//589 725//589
f 728//590 727//590 726//590
f 764//591 732//591 731//591
f 764//592 733//592 732//592
f 764//593 734//593 733//593
f 764//594 735//594 734//594
f 764//595 736//595 735//595
f 764//596 737//596 736//596
f 764//597 738//597 737//597
f 764//598 739//598 738//598
f 764//599 740//599 739//599
f 764//600 741//600 740//600
f 764//601 742//601 741//601
f 764//602 743//602 742//602
f 764//603 744//603 743//603
f 764//604 745//604 744//604
f 764//605 746//605 745//605
f 764//606 747//606 746//606
f 763//607 747//607 764//607
f 763//608 748//608 747//608
f 762//609 748//609 763//609
f 762//610 749//610 748//610
f 761//611 749//611 762//611
f 761//612 750//612 749//612
f 760//613 750//613 761//613
f 760//614 751//614 750//614
f 759//615 751//615 760//615
f 759//616 752//616 751//616
f 758//617 752//617 759//617
f 758//618 753//618 752//618
f 757//619 753//619 758//619
f 757//620 754//620 753//620
f 756//621 754//621 757//621
f 756//622 755//622 754//622
f 849//623 851//623 850//623
f 849//624 852//624 851//624
f 790//625 792//625 791//625
f 790//626 793//626 792//626
f 848//627 852//627 849//627
f 789//628 793//628 790//628
f 789//629 794//629 793//629
f 848//630 853//630 852//630
f 847//631 853//631 848//631
f 788//632 794//632 789//632
f 788//633 795//633 794//633
f 846//634 853//634 847//634
f 787//635 795//635 788//635
f 787//636 796//636 795//636
f 846//637 854//637 853//637
f 845//638 854//638 846//638
f 786//639 796//639 787//639
f 786//640 797//640 796//640
f 845//641 855//641 854//641
f 786//642 798//642 797//642
f 844//643 855//643 845//643
f 785//644 798//644 786//644
f 785//645 799//645 798//645
f 843//646 855//646 844//646
f 784//647 799//647 785//647
f 843//648 856//648 855//648
f 784//649 800//649 799//649
f 842//650 856//650 843//650
f 783//651 800//651 784//651
f 841//652 822//652 842//652
f 822//653 821//653 842//653
f 821//654 820//654 842//654
f 820//655 819//655 842//655
f 819//656 818//656 842//656
f 818//657 817//657 842//657
f 817//658 816//658 842//658
f 816//659 856//659 842//659
f 864//660 800//660 783//660
f 864//661 801//661 800//661
f 815//662 856//662 816//662
f 814//663 856//663 815//663
f 841//664 823//664 822//664
f 841//665 824//665 823//665
f 863//666 801//666 864//666
f 862//667 801//667 863//667
f 814//668 857//668 856//668
f 861//669 801//669 862//669
f 814//670 858//670 857//670
f 860//671 801//671 861//671
f 814//672 859//672 858//672
f 859//673 801//673 860//673
f 814//674 801//674 859//674
f 840//675 824//675 841//675
f 840//676 825//676 824//676
f 814//677 802//677 801//677
f 839//678 825//678 840//678
f 839//679 826//679 825//679
f 814//680 803//680 802//680
f 813//681 803//681 814//681
f 838//682 826//682 839//682
f 838//683 827//683 826//683
f 813//684 804//684 803//684
f 837//685 827//685 838//685
f 837//686 828//686 827//686
f 813//687 805//687 804//687
f 812//688 805//688 813//688
f 836//689 828//689 837//689
f 836//690 829//690 828//690
f 812//691 806//691 805//691
f 811//692 806//692 812//692
f 835//693 829//693 836//693
f 835//694 830//694 829//694
f 811//695 807//695 806//695
f 834//696 830//696 835//696
f 834//697 831//697 830//697
f 811//698 808//698 807//698
f 810//699 808//699 811//699
f 833//700 831//700 834//700
f 833//701 832//701 831//701
f 810//702 809//702 808//702
f 889//703 891//703 890//703
f 888//704 891//704 889//704
f 888//705 892//705 891//705
f 887//706 892//706 888//706
f 887//707 893//707 892//707
f 886//708 893//708 887//708
f 886//709 894//709 893//709
f 885//710 894//710 886//710
f 885//711 895//711 894//711
f 884//712 895//712 885//712
f 884//713 896//713 895//713
f 883//714 896//714 884//714
f 883//715 897//715 896//715
f 882//716 932//716 883//716
f 932//717 897//717 883//717
f 932//718 898//718 897//718
f 882//719 933//719 932//719
f 931//720 898//720 932//720
f 882//721 934//721 933//721
f 930//722 898//722 931//722
f 882//723 935//723 934//723
f 929//724 898//724 930//724
f 881//725 935//725 882//725
f 929//726 899//726 898//726
f 881//727 936//727 935//727
f 928//728 899//728 929//728
f 881//729 937//729 936//729
f 927//730 899//730 928//730
f 880//731 937//731 881//731
f 927//732 900//732 899//732
f 880//733 938//733 937//733
f 926//734 900//734 927//734
f 879//735 938//735 880//735
f 926//736 901//736 900//736
f 879//737 939//737 938//737
f 925//738 901//738 926//738
f 878//739 939//739 879//739
f 925//740 902//740 901//740
f 878//741 940//741 939//741
f 924//742 902//742 925//742
f 878//743 941//743 940//743
f 923//744 902//744 924//744
f 877//745 941//745 878//745
f 923//746 903//746 902//746
f 876//747 941//747 877//747
f 923//748 904//748 903//748
f 876//749 942//749 941//749
f 922//750 904//750 923//750
f 876//751 943//751 942//751
f 921//752 904//752 922//752
f 875//753 943//753 876//753
f 921//754 905//754 904//754
f 875//755 944//755 943//755
f 920//756 905//756 921//756
f 874//757 944//757 875//757
f 920//758 906//758 905//758
f 874//759 945//759 944//759
f 919//760 906//760 920//760
f 873//761 945//761 874//761
f 919//762 907//762 906//762
f 873//763 946//763 945//763
f 918//764 907//764 919//764
f 873//765 947//765 946//765
f 917//766 907//766 918//766
f 872//767 947//767 873//767
f 917//768 908//768 907//768
f 872//769 948//769 947//769
f 916//770 908//770 917//770
f 872//771 915//771 948//771
f 915//772 908//772 916//772
f 872//773 908//773 915//773
f 871//774 908//774 872//774
f 871//775 909//775 908//775
f 870//776 909//776 871//776
f 870//777 910//777 909//777
f 870//778 911//778 910//778
f 869//779 911//779 870//779
f 868//780 911//780 869//780
f 868//781 912//781 911//781
f 868//782 913//782 912//782
f 867//783 913//783 868//783
f 867//784 914//784 913//784
f 866//785 914//785 867//785
f 866//786 865//786 914//786
f 965//787 967//787 966//787
f 965//788 968//788 967//788
f 964//789 968//789 965//789
f 964//790 969//790 968//790
f 963//791 969//791 964//791
f 963//792 970//792 969//792
f 962//793 970//793 963//793
f 962//794 971//794 970//794
f 961//795 971//795 962//795
f 961//796 972//796 971//796
f 961//797 973//797 972//797
f 960//798 973//798 961//798
f 960//799 974//799 973//799
f 959//800 974//800 960//800
f 959//801 975//801 974//801
f 958//802 975//802 959//802
f 957//803 975//803 958//803
f 957//804 976//804 975//804
f 957//805 977//805 976//805
f 957//806 978//806 977//806
f 957//807 979//807 978//807
f 957//808 980//808 979//808
f 957//809 981//809 980//809
f 957//810 982//810 981//810
f 957//811 983//811 982//811
f 957//812 984//812 983//812
f 957//813 985//813 984//813
f 957//814 986//814 985//814
f 957//815 987//815 986//815
f 957//816 988//816 987//816
f 957//817 989//817 988//817
f 957//818 990//818 989//818
f 956//819 990//819 957//819
f 956//820 991//820 990//820
f 955//821 991//821 956//821
f 955//822 992//822 991//822
f 954//823 992//823 955//823
f 954//824 993//824 992//824
f 953//825 993//825 954//825
f 953//826 994//826 993//826
f 952//827 994//827 953//827
f 952//828 995//828 994//828
f 951//829 995//829 952//829
f 951//830 996//830 995//830
f 950//831 996//831 951//831
f 950//832 997//832 996//832
f 949//833 997//833 950//833
f 949//834 998//834 997//834
f 1023//835 1025//835 1024//835
f 1022//836 1025//836 1023//836
f 1022//837 1026//837 1025//837
f 1021//838 1026//838 1022//838
f 1021//839 1027//839 1026//839
f 1020//840 1027//840 1021//840
f 1020//841 1028//841 1027//841
f 1019//842 1028//842 1020//842
f 1019//843 1029//843 1028//843
f 1018//844 1029//844 1019//844
f 1018//845 1030//845 1029//845
f 1017//846 1030//846 1018//846
f 1017//847 1031//847 1030//847
f 1016//848 1066//848 1017//848
f 1066//849 1031//849 1017//849
f 1066//850 1032//850 1031//850
f 1016//851 1067//851 1066//851
f 1065//852 1032//852 1066//852
f 1016//853 1068//853 1067//853
f 1064//854 1032//854 1065//854
f 1016//855 1069//855 1068//855
f 1063//856 1032//856 1064//856
f 1015//857 1069//857 1016//857
f 1063//858 1033//858 1032//858
f 1015//859 1070//859 1069//859
f 1062//860 1033//860 1063//860
f 1015//861 1071//861 1070//861
f 1061//862 1033//862 1062//862
f 1014//863 1071//863 1015//863
f 1061//864 1034//864 1033//864
f 1014//865 1072//865 1071//865
f 1060//866 1034//866 1061//866
f 1013//867 1072//867 1014//867
f 1060//868 1035//868 1034//868
f 1013//869 1073//869 1072//869
f 1059//870 1035//870 1060//870
f 1012//871 1073//871 1013//871
f 1059//872 1036//872 1035//872
f 1012//873 1074//873 1073//873
f 1058//874 1036//874 1059//874
f 1012//875 1075//875 1074//875
f 1057//876 1036//876 1058//876
f 1011//877 1075//877 1012//877
f 1057//878 1037//878 1036//878
f 1010//879 1075//879 1011//879
f 1057//880 1038//880 1037//880
f 1010//881 1076//881 1075//881
f 1056//882 1038//882 1057//882
f 1010//883 1077//883 1076//883
f 1055//884 1038//884 1056//884
f 1009//885 1077//885 1010//885
f 1055//886 1039//886 1038//886
f 1009//887 1078//887 1077//887
f 1054//888 1039//888 1055//888
f 1008//889 1078//889 1009//889
f 1054//890 1040//890 1039//890
f 1008//891 1079//891 1078//891
f 1053//892 1040//892 1054//892
f 1007//893 1079//893 1008//893
f 1053//894 1041//894 1040//894
f 1007//895 1080//895 1079//895
f 1052//896 1041//896 1053//896
f 1007//897 1081//897 1080//897
f 1051//898 1041//898 1052//898
f 1006//899 1081//899 1007//899
f 1051//900 1042//900 1041//900
f 1006//901 1082//901 1081//901
f 1050//902 1042//902 1051//902
f 1006//903 1049//903 1082//903
f 1049//904 1042//904 1050//904
f 1006//905 1042//905 1049//905
f 1005//906 1042//906 1006//906
f 1005//907 1043//907 1042//907
f 1004//908 1043//908 1005//908
f 1004//909 1044//909 1043//909
f 1004//910 1045//910 1044//910
f 1003//911 1045//911 1004//911
f 1002//912 1045//912 1003//912
f 1002//913 1046//913 1045//913
f 1002//914 1047//914 1046//914
f 1001//915 1047//915 1002//915
f 1001//916 1048//916 1047//916
f 1000//917 1048//917 1001//917
f 1000//918 999//918 1048//918
f 1107//919 1109//919 1108//919
f 1107//920 1110//920 1109//920
f 1106//921 1110//921 1107//921
f 1106//922 1111//922 1110//922
f 1105//923 1111//923 1106//923
f 1105//924 1112//924 1111//924
f 1104//925 1112//925 1105//925
f 1104//926 1113//926 1112//926
f 1103//927 1113//927 1104//927
f 1103//928 1114//928 1113//928
f 1102//929 1114//929 1103//929
f 1102//930 1115//930 1114//930
f 1101//931 1115//931 1102//931
f 1101//932 1116//932 1115//932
f 1100//933 1141//933 1101//933
f 1141//934 1116//934 1101//934
f 1100//935 1142//935 1141//935
f 1140//936 1116//936 1141//936
f 1100//937 1143//937 1142//937
f 1139//938 1116//938 1140//938
f 1139//939 1117//939 1116//939
f 1100//940 1144//940 1143//940
f 1138//941 1117//941 1139//941
f 1099//942 1144//942 1100//942
f 1099//943 1145//943 1144//943
f 1137//944 1117//944 1138//944
f 1137//945 1118//945 1117//945
f 1099//946 1146//946 1145//946
f 1136//947 1118//947 1137//947
f 1098//948 1146//948 1099//948
f 1098//949 1147//949 1146//949
f 1135//950 1118//950 1136//950
f 1135//951 1119//951 1118//951
f 1097//952 1147//952 1098//952
f 1097//953 1148//953 1147//953
f 1134//954 1119//954 1135//954
f 1134//955 1120//955 1119//955
f 1096//956 1148//956 1097//956
f 1096//957 1149//957 1148//957
f 1133//958 1120//958 1134//958
f 1133//959 1121//959 1120//959
f 1133//960 1122//960 1121//960
f 1133//961 1123//961 1122//961
f 1096//962 1150//962 1149//962
f 1132//963 1123//963 1133//963
f 1132//964 1124//964 1123//964
f 1132//965 1125//965 1124//965
f 1095//966 1150//966 1096//966
f 1132//967 1126//967 1125//967
f 1131//968 1126//968 1132//968
f 1131//969 1127//969 1126//969
f 1131//970 1128//970 1127//970
f 1131//971 1129//971 1128//971
f 1130//972 1129//972 1131//972
f 1169//973 1171//973 1170//973
f 1168//974 1171//974 1169//974
f 1167//975 1171//975 1168//975
f 1167//976 1172//976 1171//976
f 1167//977 1173//977 1172//977
f 1167//978 1174//978 1173//978
f 1167//979 1175//979 1174//979
f 1094//980 1150//980 1095//980
f 1166//981 1175//981 1167//981
f 1166//982 1176//982 1175//982
f 1166//983 1177//983 1176//983
f 1166//984 1178//984 1177//984
f 1094//985 1151//985 1150//985
f 1165//986 1178//986 1166//986
f 1165//987 1179//987 1178//987
f 1165//988 1180//988 1179//988
f 1094//989 1152//989 1151//989
f 1164//990 1180//990 1165//990
f 1093//991 1152//991 1094//991
f 1164//992 1181//992 1180//992
f 1093//993 1153//993 1152//993
f 1163//994 1181//994 1164//994
f 1092//995 1153//995 1093//995
f 1163//996 1182//996 1181//996
f 1092//997 1154//997 1153//997
f 1162//998 1182//998 1163//998
f 1091//999 1154//999 1092//999
f 1091//1000 1155//1000 1154//1000
f 1161//1001 1182//1001 1162//1001
f 1161//1002 1183//1002 1182//1002
f 1091//1003 1156//1003 1155//1003
f 1160//1004 1183//1004 1161//1004
f 1090//1005 1156//1005 1091//1005
f 1090//1006 1157//1006 1156//1006
f 1159//1007 1183//1007 1160//1007
f 1159//1008 1184//1008 1183//1008
f 1090//1009 1158//1009 1157//1009
f 1158//1010 1184//1010 1159//1010
f 1090//1011 1184//1011 1158//1011
f 1089//1012 1184//1012 1090//1012
f 1089//1013 1185//1013 1184//1013
f 1088//1014 1185//1014 1089//1014
f 1088//1015 1186//1015 1185//1015
f 1087//1016 1186//1016 1088//1016
f 1087//1017 1187//1017 1186//1017
f 1086//1018 1187//1018 1087//1018
f 1086//1019 1188//1019 1187//1019
f 1085//1020 1188//1020 1086//1020
f 1085//1021 1189//1021 1188//1021
f 1084//1022 1189//1022 1085//1022
f 1084//1023 1190//1023 1189//1023
f 1083//1024 1190//1024 1084//1024
f 1207//1025 1208//1025 1209//1025
f 1207//1026 1209//1026 1210//1026
f 1206//1027 1207//1027 1210//1027
f 1206//1028 1210//1028 1211//1028
f 1205//1029 1206//1029 1211//1029
f 1205//1030 1211//1030 1212//1030
f 1204//1031 1205//1031 1212//1031
f 1204//1032 1212//1032 1213//1032
f 1203//1033 1204//1033 1213//1033
f 1203//1034 1213//1034 1214//1034
f 1203//1035 1214//1035 1215//1035
f 1202//1036 1203//1036 1215//1036
f 1202//1037 1215//1037 1216//1037
f 1201//1038 1202//1038 1216//1038
f 1201//1039 1216//1039 1217//1039
f 1200//1040 1201//1040 1217//1040
f 1199//1041 1200//1041 1217//1041
f 1199//1042 1217//1042 1218//1042
f 1199//1043 1218//1043 1219//1043
f 1199//1044 1219//1044 1220//1044
f 1199//1045 1220//1045 1221//1045
f 1199//1046 1221//1046 1222//1046
f 1199//1047 1222//1047 1223//1047
f 1199//1048 1223//1048 1224//1048
f 1199//1049 1224//1049 1225//1049
f 1199//1050 1225//1050 1226//1050
f 1199//1051 1226//1051 1227//1051
f 1199//1052 1227//1052 1228//1052
f 1199//1053 1228//1053 1229//1053
f 1199//1054 1229//1054 1230//1054
f 1199//1055 1230//1055 1231//1055
f 1199//1056 1231//1056 1232//1056
f 1198//1057 1199//1057 1232//1057
f 1198//1058 1232//1058 1233//1058
f 1197//1059 1198//1059 1233//1059
f 1197//1060 1233//1060 1234//1060
f 1196//1061 1197//1061 1234//1061
f 1196//1062 1234//1062 1235//1062
f 1195//1063 1196//1063 1235//1063
f 1195//1064 1235//1064 1236//1064
f 1194//1065 1195//1065 1236//1065
f 1194//1066 1236//1066 1237//1066
f 1193//1067 1194//1067 1237//1067
f 1193//1068 1237//1068 1238//1068
f 1192//1069 1193//1069 1238//1069
f 1192//1070 1238//1070 1239//1070
f 1191//1071 1192//1071 1239//1071
f 1191//1072 1239//1072 1240//1072
f 1322//1073 1323//1073 1324//1073
f 1322//1074 1324//1074 1325//1074
f 1321//1075 1322//1075 1325//1075
f 1321//1076 1325//1076 1326//1076
f 1320//1077 1321//1077 1326//1077
f 1320//1078 1326//1078 1327//1078
f 1319//1079 1320//1079 1327//1079
f 1319//1080 1327//1080 1328//1080
f 1318//1081 1319//1081 1328//1081
f 1318//1082 1328//1082 1329//1082
f 1318//1083 1329//1083 1330//1083
f 1317//1084 1318//1084 1330//1084
f 1317//1085 1330//1085 1331//1085
f 1316//1086 1317//1086 1331//1086
f 1316//1087 1331//1087 1332//1087
f 1315//1088 1316//1088 1332//1088
f 1314//1089 1315//1089 1253//1089
f 1253//1090 1315//1090 1252//1090
f 1252//1091 1315//1091 1251//1091
f 1251//1092 1315//1092 1332//1092
f 1251//1093 1332//1093 1250//1093
f 1250//1094 1332//1094 1241//1094
f 1250//1095 1241//1095 1242//1095
f 1250//1096 1242//1096 1243//1096
f 1250//1097 1243//1097 1244//1097
f 1250//1098 1244//1098 1245//1098
f 1250//1099 1245//1099 1246//1099
f 1250//1100 1246//1100 1247//1100
f 1250//1101 1247//1101 1248//1101
f 1250//1102 1248//1102 1249//1102
f 1314//1103 1253//1103 1254//1103
f 1314//1104 1254//1104 1255//1104
f 1314//1105 1255//1105 1256//1105
f 1314//1106 1256//1106 1257//1106
f 1314//1107 1257//1107 1258//1107
f 1314//1108 1258//1108 1259//1108
f 1314//1109 1259//1109 1281//1109
f 1281//1110 1259//1110 1280//1110
f 1280//1111 1259//1111 1279//1111
f 1279//1112 1259//1112 1260//1112
f 1279//1113 1260//1113 1261//1113
f 1279//1114 1261//1114 1262//1114
f 1279//1115 1262//1115 1263//1115
f 1279//1116 1263//1116 1264//1116
f 1279//1117 1264//1117 1265//1117
f 1279//1118 1265//1118 1266//1118
f 1279//1119 1266//1119 1267//1119
f 1279//1120 1267//1120 1268//1120
f 1279//1121 1268//1121 1278//1121
f 1278//1122 1268//1122 1269//1122
f 1278//1123 1269//1123 1270//1123
f 1278//1124 1270//1124 1271//1124
f 1278//1125 1271//1125 1272//1125
f 1278//1126 1272//1126 1273//1126
f 1278//1127 1273//1127 1274//1127
f 1278//1128 1274//1128 1275//1128
f 1278//1129 1275//1129 1276//1129
f 1278//1130 1276//1130 1277//1130
f 1314//1131 1281//1131 1282//1131
f 1314//1132 1282//1132 1283//1132
f 1314//1133 1283//1133 1284//1133
f 1314//1134 1284//1134 1285//1134
f 1314//1135 1285//1135 1286//1135
f 1314//1136 1286//1136 1287//1136
f 1314//1137 1287//1137 1288//1137
f 1314//1138 1288//1138 1289//1138
f 1314//1139 1289//1139 1290//1139
f 1314//1140 1290//1140 1291//1140
f 1314//1141 1291//1141 1292//1141
f 1314//1142 1292//1142 1293//1142
f 1314//1143 1293//1143 1294//1143
f 1314//1144 1294//1144 1295//1144
f 1314//1145 1295//1145 1296//1145
f 1314//1146 1296//1146 1297//1146
f 1313//1147 1314//1147 1297//1147
f 1313//1148 1297//1148 1298//1148
f 1312//1149 1313//1149 1298//1149
f 1312//1150 1298//1150 1299//1150
f 1311//1151 1312//1151 1299//1151
f 1311//1152 1299//1152 1300//1152
f 1310//1153 1311//1153 1300//1153
f 1310//1154 1300//1154 1301//1154
f 1309//1155 1310//1155 1301//1155
f 1309//1156 1301//1156 1302//1156
f 1308//1157 1309//1157 1302//1157
f 1308//1158 1302//1158 1303//1158
f 1307//1159 1308//1159 1303//1159
f 1307//1160 1303//1160 1304//1160
f 1306//1161 1307//1161 1304//1161
f 1306//1162 1304//1162 1305//1162
f 1399//1163 1400//1163 1401//1163
f 1399//1164 1401//1164 1402//1164
f 1340//1165 1341//1165 1342//1165
f 1340//1166 1342//1166 1343//1166
f 1398//1167 1399//1167 1402//1167
f 1339//1168 1340//1168 1343//1168
f 1339//1169 1343//1169 1344//1169
f 1398//1170 1402//1170 1403//1170
f 1397//1171 1398//1171 1403//1171
f 1338//1172 1339//1172 1344//1172
f 1338//1173 1344//1173 1345//1173
f 1396//1174 1397//1174 1403//1174
f 1337//1175 1338//1175 1345//1175
f 1337//1176 1345//1176 1346//1176
f 1396//1177 1403//1177 1404//1177
f 1395//1178 1396//1178 1404//1178
f 1336//1179 1337//1179 1346//1179
f 1336//1180 1346//1180 1347//1180
f 1395//1181 1404//1181 1405//1181
f 1336//1182 1347//1182 1348//1182
f 1394//1183 1395//1183 1405//1183
f 1335//1184 1336//1184 1348//1184
f 1335//1185 1348//1185 1349//1185
f 1393//1186 1394//1186 1405//1186
f 1334//1187 1335//1187 1349//1187
f 1393//1188 1405//1188 1406//1188
f 1334//1189 1349//1189 1350//1189
f 1392//1190 1393//1190 1406//1190
f 1333//1191 1334//1191 1350//1191
f 1391//1192 1392//1192 1372//1192
f 1372//1193 1392//1193 1371//1193
f 1371//1194 1392//1194 1370//1194
f 1370//1195 1392//1195 1369//1195
f 1369//1196 1392//1196 1368//1196
f 1368//1197 1392//1197 1367//1197
f 1367//1198 1392//1198 1366//1198
f 1366//1199 1392//1199 1406//1199
f 1414//1200 1333//1200 1350//1200
f 1414//1201 1350//1201 1351//1201
f 1365//1202 1366//1202 1406//1202
f 1364//1203 1365//1203 1406//1203
f 1391//1204 1372//1204 1373//1204
f 1391//1205 1373//1205 1374//1205
f 1413//1206 1414//1206 1351//1206
f 1412//1207 1413//1207 1351//1207
f 1364//1208 1406//1208 1407//1208
f 1411//1209 1412//1209 1351//1209
f 1364//1210 1407//1210 1408//1210
f 1410//1211 1411//1211 1351//1211
f 1364//1212 1408//1212 1409//1212
f 1409//1213 1410//1213 1351//1213
f 1364//1214 1409//1214 1351//1214
f 1390//1215 1391//1215 1374//1215
f 1390//1216 1374//1216 1375//1216
f 1364//1217 1351//1217 1352//1217
f 1389//1218 1390//1218 1375//1218
f 1389//1219 1375//1219 1376//1219
f 1364//1220 1352//1220 1353//1220
f 1363//1221 1364//1221 1353//1221
f 1388//1222 1389//1222 1376//1222
f 1388//1223 1376//1223 1377//1223
f 1363//1224 1353//1224 1354//1224
f 1387//1225 1388//1225 1377//1225
f 1387//1226 1377//1226 1378//1226
f 1363//1227 1354//1227 1355//1227
f 1362//1228 1363//1228 1355//1228
f 1386//1229 1387//1229 1378//1229
f 1386//1230 1378//1230 1379//1230
f 1362//1231 1355//1231 1356//1231
f 1361//1232 1362//1232 1356//1232
f 1385//1233 1386//1233 1379//1233
f 1385//1234 1379//1234 1380//1234
f 1361//1235 1356//1235 1357//1235
f 1384//1236 1385//1236 1380//1236
f 1384//1237 1380//1237 1381//1237
f 1361//1238 1357//1238 1358//1238
f 1360//1239 1361//1239 1358//1239
f 1383//1240 1384//1240 1381//1240
f 1383//1241 1381//1241 1382//1241
f 1360//1242 1358//1242 1359//1242
f 1439//1243 1440//1243 1441//1243
f 1438//1244 1439//1244 1441//1244
f 1438//1245 1441//1245 1442//1245
f 1437//1246 1438//1246 1442//1246
f 1437//1247 1442//1247 1443//1247
f 1436//1248 1437//1248 1443//1248
f 1436//1249 1443//1249 1444//1249
f 1435//1250 1436//1250 1444//1250
f 1435//1251 1444//1251 1445//1251
f 1434//1252 1435//1252 1445//1252
f 1434//1253 1445//1253 1446//1253
f 1433//1254 1434//1254 1446//1254
f 1433//1255 1446//1255 1447//1255
f 1432//1256 1433//1256 1482//1256
f 1482//1257 1433//1257 1447//1257
f 1482//1258 1447//1258 1448//1258
f 1432//1259 1482//1259 1483//1259
f 1481//1260 1482//1260 1448//1260
f 1432//1261 1483//1261 1484//1261
f 1480//1262 1481//1262 1448//1262
f 1432//1263 1484//1263 1485//1263
f 1479//1264 1480//1264 1448//1264
f 1431//1265 1432//1265 1485//1265
f 1479//1266 1448//1266 1449//1266
f 1431//1267 1485//1267 1486//1267
f 1478//1268 1479//1268 1449//1268
f 1431//1269 1486//1269 1487//1269
f 1477//1270 1478//1270 1449//1270
f 1430//1271 1431//1271 1487//1271
f 1477//1272 1449//1272 1450//1272
f 1430//1273 1487//1273 1488//1273
f 1476//1274 1477//1274 1450//1274
f 1429//1275 1430//1275 1488//1275
f 1476//1276 1450//1276 1451//1276
f 1429//1277 1488//1277 1489//1277
f 1475//1278 1476//1278 1451//1278
f 1428//1279 1429//1279 1489//1279
f 1475//1280 1451//1280 1452//1280
f 1428//1281 1489//1281 1490//1281
f 1474//1282 1475//1282 1452//1282
f 1428//1283 1490//1283 1491//1283
f 1473//1284 1474//1284 1452//1284
f 1427//1285 1428//1285 1491//1285
f 1473//1286 1452//1286 1453//1286
f 1426//1287 1427//1287 1491//1287
f 1473//1288 1453//1288 1454//1288
f 1426//1289 1491//1289 1492//1289
f 1472//1290 1473//1290 1454//1290
f 1426//1291 1492//1291 1493//1291
f 1471//1292 1472//1292 1454//1292
f 1425//1293 1426//1293 1493//1293
f 1471//1294 1454//1294 1455//1294
f 1425//1295 1493//1295 1494//1295
f 1470//1296 1471//1296 1455//1296
f 1424//1297 1425//1297 1494//1297
f 1470//1298 1455//1298 1456//1298
f 1424//1299 1494//1299 1495//1299
f 1469//1300 1470//1300 1456//1300
f 1423//1301 1424//1301 1495//1301
f 1469//1302 1456//1302 1457//1302
f 1423//1303 1495//1303 1496//1303
f 1468//1304 1469//1304 1457//1304
f 1423//1305 1496//1305 1497//1305
f 1467//1306 1468//1306 1457//1306
f 1422//1307 1423//1307 1497//1307
f 1467//1308 1457//1308 1458//1308
f 1422//1309 1497//1309 1498//1309
f 1466//1310 1467//1310 1458//1310
f 1422//1311 1498//1311 1465//1311
f 1465//1312 1466//1312 1458//1312
f 1422//1313 1465//1313 1458//1313
f 1421//1314 1422//1314 1458//1314
f 1421//1315 1458//1315 1459//1315
f 1420//1316 1421//1316 1459//1316
f 1420//1317 1459//1317 1460//1317
f 1420//1318 1460//1318 1461//1318
f 1419//1319 1420//1319 1461//1319
f 1418//1320 1419//1320 1461//1320
f 1418//1321 1461//1321 1462//1321
f 1418//1322 1462//1322 1463//1322
f 1417//1323 1418//1323 1463//1323
f 1417//1324 1463//1324 1464//1324
f 1416//1325 1417//1325 1464//1325
f 1416//1326 1464//1326 1415//1326
f 1515//1327 1516//1327 1517//1327
f 1515//1328 1517//1328 1518//1328
f 1514//1329 1515//1329 1518//1329
f 1514//1330 1518//1330 1519//1330
f 1513//1331 1514//1331 1519//1331
f 1513//1332 1519//1332 1520//1332
f 1512//1333 1513//1333 1520//1333
f 1512//1334 1520//1334 1521//1334
f 1511//1335 1512//1335 1521//1335
f 1511//1336 1521//1336 1522//1336
f 1511//1337 1522//1337 1523//1337
f 1510//1338 1511//1338 1523//1338
f 1510//1339 1523//1339 1524//1339
f 1509//1340 1510//1340 1524//1340
f 1509//1341 1524//1341 1525//1341
f 1508//1342 1509//1342 1525//1342
f 1507//1343 1508//1343 1525//1343
f 1507//1344 1525//1344 1526//1344
f 1507//1345 1526//1345 1527//1345
f 1507//1346 1527//1346 1528//1346
f 1507//1347 1528//1347 1529//1347
f 1507//1348 1529//1348 1530//1348
f 1507//1349 1530//1349 1531//1349
f 1507//1350 1531//1350 1532//1350
f 1507//1351 1532//1351 1533//1351
f 1507//1352 1533//1352 1534//1352
f 1507//1353 1534//1353 1535//1353
f 1507//1354 1535//1354 1536//1354
f 1507//1355 1536//1355 1537//1355
f 1507//1356 1537//1356 1538//1356
f 1507//1357 1538//1357 1539//1357
f 1507//1358 1539//1358 1540//1358
f 1506//1359 1507//1359 1540//1359
f 1506//1360 1540//1360 1541//1360
f 1505//1361 1506//1361 1541//1361
f 1505//1362 1541//1362 1542//1362
f 1504//1363 1505//1363 1542//1363
f 1504//1364 1542//1364 1543//1364
f 1503//1365 1504//1365 1543//1365
f 1503//1366 1543//1366 1544//1366
f 1502//1367 1503//1367 1544//1367
f 1502//1368 1544//1368 1545//1368
f 1501//1369 1502//1369 1545//1369
f 1501//1370 1545//1370 1546//1370
f 1500//1371 1501//1371 1546//1371
f 1500//1372 1546//1372 1547//1372
f 1499//1373 1500//1373 1547//1373
f 1499//1374 1547//1374 1548//1374
f 1573//1375 1574//1375 1575//1375
f 1572//1376 1573//1376 1575//1376
f 1572//1377 1575//1377 1576//1377
f 1571//1378 1572//1378 1576//1378
f 1571//1379 1576//1379 1577//1379
f 1570//1380 1571//1380 1577//1380
f 1570//1381 1577//1381 1578//1381
f 1569//1382 1570//1382 1578//1382
f 1569//1383 1578//1383 1579//1383
f 1568//1384 1569//1384 1579//1384
f 1568//1385 1579//1385 1580//1385
f 1567//1386 1568//1386 1580//1386
f 1567//1387 1580//1387 1581//1387
f 1566//1388 1567//1388 1616//1388
f 1616//1389 1567//1389 1581//1389
f 1616//1390 1581//1390 1582//1390
f 1566//1391 1616//1391 1617//1391
f 1615//1392 1616//1392 1582//1392
f 1566//1393 1617//1393 1618//1393
f 1614//1394 1615//1394 1582//1394
f 1566//1395 1618//1395 1619//1395
f 1613//1396 1614//1396 1582//1396
f 1565//1397 1566//1397 1619//1397
f 1613//1398 1582//1398 1583//1398
f 1565//1399 1619//1399 1620//1399
f 1612//1400 1613//1400 1583//1400
f 1565//1401 1620//1401 1621//1401
f 1611//1402 1612//1402 1583//1402
f 1564//1403 1565//1403 1621//1403
f 1611//1404 1583//1404 1584//1404
f 1564//1405 1621//1405 1622//1405
f 1610//1406 1611//1406 1584//1406
f 1563//1407 1564//1407 1622//1407
f 1610//1408 1584//1408 1585//1408
f 1563//1409 1622//1409 1623//1409
f 1609//1410 1610//1410 1585//1410
f 1562//1411 1563//1411 1623//1411
f 1609//1412 1585//1412 1586//1412
f 1562//1413 1623//1413 1624//1413
f 1608//1414 1609//1414 1586//1414
f 1562//1415 1624//1415 1625//1415
f 1607//1416 1608//1416 1586//1416
f 1561//1417 1562//1417 1625//1417
f 1607//1418 1586//1418 1587//1418
f 1560//1419 1561//1419 1625//1419
f 1607//1420 1587//1420 1588//1420
f 1560//1421 1625//1421 1626//1421
f 1606//1422 1607//1422 1588//1422
f 1560//1423 1626//1423 1627//1423
f 1605//1424 1606//1424 1588//1424
f 1559//1425 1560//1425 1627//1425
f 1605//1426 1588//1426 1589//1426
f 1559//1427 1627//1427 1628//1427
f 1604//1428 1605//1428 1589//1428
f 1558//1429 1559//1429 1628//1429
f 1604//1430 1589//1430 1590//1430
f 1558//1431 1628//1431 1629//1431
f 1603//1432 1604//1432 1590//1432
f 1557//1433 1558//1433 1629//1433
f 1603//1434 1590//1434 1591//1434
f 1557//1435 1629//1435 1630//1435
f 1602//1436 1603//1436 1591//1436
f 1557//1437 1630//1437 1631//1437
f 1601//1438 1602//1438 1591//1438
f 1556//1439 1557//1439 1631//1439
f 1601//1440 1591//1440 1592//1440
f 1556//1441 1631//1441 1632//1441
f 1600//1442 1601//1442 1592//1442
f 1556//1443 1632//1443 1599//1443
f 1599//1444 1600//1444 1592//1444
f 1556//1445 1599//1445 1592//1445
f 1555//1446 1556//1446 1592//1446
f 1555//1447 1592//1447 1593//1447
f 1554//1448 1555//1448 1593//1448
f 1554//1449 1593//1449 1594//1449
f 1554//1450 1594//1450 1595//1450
f 1553//1451 1554//1451 1595//1451
f 1552//1452 1553//1452 1595//1452
f 1552//1453 1595//1453 1596//1453
f 1552//1454 1596//1454 1597//1454
f 1551//1455 1552//1455 1597//1455
f 1551//1456 1597//1456 1598//1456
f 1550//1457 1551//1457 1598//1457
f 1550//1458 1598//1458 1549//1458
f 1657//1459 1658//1459 1659//1459
f 1657//1460 1659//1460 1660//1460
f 1656//1461 1657//1461 1660//1461
f 1656//1462 1660//1462 1661//1462
f 1655//1463 1656//1463 1661//1463
f 1655//1464 1661//1464 1662//1464
f 1654//1465 1655//1465 1662//1465
f 1654//1466 1662//1466 1663//1466
f 1653//1467 1654//1467 1663//1467
f 1653//1468 1663//1468 1664//1468
f 1652//1469 1653//1469 1664//1469
f 1652//1470 1664//1470 1665//1470
f 1651//1471 1652//1471 1665//1471
f 1651//1472 1665//1472 1666//1472
f 1650//1473 1651//1473 1691//1473
f 1691//1474 1651//1474 1666//1474
f 1650//1475 1691//1475 1692//1475
f 1690//1476 1691//1476 1666//1476
f 1650//1477 1692//1477 1693//1477
f 1689//1478 1690//1478 1666//1478
f 1689//1479 1666//1479 1667//1479
f 1650//1480 1693//1480 1694//1480
f 1688//1481 1689//1481 1667//1481
f 1649//1482 1650//1482 1694//1482
f 1649//1483 1694//1483 1695//1483
f 1687//1484 1688//1484 1667//1484
f 1687//1485 1667//1485 1668//1485
f 1649//1486 1695//1486 1696//1486
f 1686//1487 1687//1487 1668//1487
f 1648//1488 1649//1488 1696//1488
f 1648//1489 1696//1489 1697//1489
f 1685//1490 1686//1490 1668//1490
f 1685//1491 1668//1491 1669//1491
f 1647//1492 1648//1492 1697//1492
f 1647//1493 1697//1493 1698//1493
f 1684//1494 1685//1494 1669//1494
f 1684//1495 1669//1495 1670//1495
f 1646//1496 1647//1496 1698//1496
f 1646//1497 1698//1497 1699//1497
f 1683//1498 1684//1498 1670//1498
f 1683//1499 1670//1499 1671//1499
f 1683//1500 1671//1500 1672//1500
f 1683//1501 1672//1501 1673//1501
f 1646//1502 1699//1502 1700//1502
f 1682//1503 1683//1503 1673//1503
f 1682//1504 1673//1504 1674//1504
f 1682//1505 1674//1505 1675//1505
f 1645//1506 1646//1506 1700//1506
f 1682//1507 1675//1507 1676//1507
f 1681//1508 1682//1508 1676//1508
f 1681//1509 1676//1509 1677//1509
f 1681//1510 1677//1510 1678//1510
f 1681//1511 1678//1511 1679//1511
f 1680//1512 1681//1512 1679//1512
f 1719//1513 1720//1513 1721//1513
f 1718//1514 1719//1514 1721//1514
f 1717//1515 1718//1515 1721//1515
f 1717//1516 1721//1516 1722//1516
f 1717//1517 1722//1517 1723//1517
f 1717//1518 1723//1518 1724//1518
f 1717//1519 1724//1519 1725//1519
f 1644//1520 1645//1520 1700//1520
f 1716//1521 1717//1521 1725//1521
f 1716//1522 1725//1522 1726//1522
f 1716//1523 1726//1523 1727//1523
f 1716//1524 1727//1524 1728//1524
f 1644//1525 1700//1525 1701//1525
f 1715//1526 1716//1526 1728//1526
f 1715//1527 1728//1527 1729//1527
f 1715//1528 1729//1528 1730//1528
f 1644//1529 1701//1529 1702//1529
f 1714//1530 1715//1530 1730//1530
f 1643//1531 1644//1531 1702//1531
f 1714//1532 1730//1532 1731//1532
f 1643//1533 1702//1533 1703//1533
f 1713//1534 1714//1534 1731//1534
f 1642//1535 1643//1535 1703//1535
f 1713//1536 1731//1536 1732//1536
f 1642//1537 1703//1537 1704//1537
f 1712//1538 1713//1538 1732//1538
f 1641//1539 1642//1539 1704//1539
f 1641//1540 1704//1540 1705//1540
f 1711//1541 1712//1541 1732//1541
f 1711//1542 1732//1542 1733//1542
f 1641//1543 1705//1543 1706//1543
f 1710//1544 1711//1544 1733//1544
f 1640//1545 1641//1545 1706//1545
f 1640//1546 1706//1546 1707//1546
f 1709//1547 1710//1547 1733//1547
f 1709//1548 1733//1548 1734//1548
f 1640//1549 1707//1549 1708//1549
f 1708//1550 1709//1550 1734//1550
f 1640//1551 1708//1551 1734//1551
f 1639//1552 1640//1552 1734//1552
f 1639//1553 1734//1553 1735//1553
f 1638//1554 1639//1554 1735//1554
f 1638//1555 1735//1555 1736//1555
f 1637//1556 1638//1556 1736//1556
f 1637//1557 1736//1557 1737//1557
f 1636//1558 1637//1558 1737//1558
f 1636//1559 1737//1559 1738//1559
f 1635//1560 1636//1560 1738//1560
f 1635//1561 1738//1561 1739//1561
f 1634//1562 1635//1562 1739//1562
f 1634//1563 1739//1563 1740//1563
f 1633//1564 1634//1564 1740//1564
f 1744//1565 1741//1565 1742//1565
f 1746//1566 1743//1566 1744//1566
f 1748//1567 1745//1567 1746//1567
f 1750//1568 1747//1568 1748//1568
f 1752//1569 1749//1569 1750//1569
f 1754//1570 1751//1570 1752//1570
f 1756//1571 1753//1571 1754//1571
f 1758//1572 1755//1572 1756//1572
f 1760//1573 1757//1573 1758//1573
f 1762//1574 1759//1574 1760//1574
f 1764//1575 1761//1575 1762//1575
f 1766//1576 1763//1576 1764//1576
f 1768//1577 1765//1577 1766//1577
f 1770//1578 1767//1578 1768//1578
f 1772//1579 1769//1579 1770//1579
f 1774//1580 1771//1580 1772//1580
f 1776//1581 1773//1581 1774//1581
f 1778//1582 1775//1582 1776//1582
f 1780//1583 1777//1583 1778//1583
f 1782//1584 1779//1584 1780//1584
f 1784//1585 1781//1585 1782//1585
f 1786//1586 1783//1586 1784//1586
f 1788//1587 1785//1587 1786//1587
f 1790//1588 1787//1588 1788//1588
f 1792//1589 1789//1589 1790//1589
f 1794//1590 1791//1590 1792//1590
f 1796//1591 1793//1591 1794//1591
f 1798//1592 1795//1592 1796//1592
f 1800//1593 1797//1593 1798//1593
f 1802//1594 1799//1594 1800//1594
f 1804//1595 1801//1595 1802//1595
f 1806//1596 1803//1596 1804//1596
f 1808//1597 1805//1597 1806//1597
f 1810//1598 1807//1598 1808//1598
f 1812//1599 1809//1599 1810//1599
f 1814//1600 1811//1600 1812//1600
f 1816//1601 1813//1601 1814//1601
f 1818//1602 1815//1602 1816//1602
f 1820//1603 1817//1603 1818//1603
f 1822//1604 1819//1604 1820//1604
f 1824//1605 1821//1605 1822//1605
f 1826//1606 1823//1606 1824//1606
f 1828//1607 1825//1607 1826//1607
f 1830//1608 1827//1608 1828//1608
f 1832//1609 1829//1609 1830//1609
f 1834//1610 1831//1610 1832//1610
f 1836//1611 1833//1611 1834//1611
f 1838//1612 1835//1612 1836//1612
f 1840//1613 1837//1613 1838//1613
f 1842//1614 1839//1614 1840//1614
f 1844//1615 1841//1615 1842//1615
f 1846//1616 1843//1616 1844//1616
f 1848//1617 1845//1617 1846//1617
f 1850//1618 1847//1618 1848//1618
f 1852//1619 1849//1619 1850//1619
f 1854//1620 1851//1620 1852//1620
f 1856//1621 1853//1621 1854//1621
f 1858//1622 1855//1622 1856//1622
f 1860//1623 1857//1623 1858//1623
f 1862//1624 1859//1624 1860//1624
f 1864//1625 1861//1625 1862//1625
f 1866//1626 1863//1626 1864//1626
f 1868//1627 1865//1627 1866//1627
f 1870//1628 1867//1628 1868//1628
f 1872//1629 1869//1629 1870//1629
f 1874//1630 1871//1630 1872//1630
f 1876//1631 1873//1631 1874//1631
f 1878//1632 1875//1632 1876//1632
f 1880//1633 1877//1633 1878//1633
f 1882//1634 1879//1634 1880//1634
f 1884//1635 1881//1635 1882//1635
f 1886//1636 1883//1636 1884//1636
f 1888//1637 1885//1637 1886//1637
f 1890//1638 1887//1638 1888//1638
f 1892//1639 1889//1639 1890//1639
f 1894//1640 1891//1640 1892//1640
f 1896//1641 1893//1641 1894//1641
f 1898//1642 1895//1642 1896//1642
f 1900//1643 1897//1643 1898//1643
f 1902//1644 1899//1644 1900//1644
f 1904//1645 1901//1645 1902//1645
f 1906//1646 1903//1646 1904//1646
f 1908//1647 1905//1647 1906//1647
f 1910//1648 1907//1648 1908//1648
f 1912//1649 1909//1649 1910//1649
f 1914//1650 1911//1650 1912//1650
f 1916//1651 1913//1651 1914//1651
f 1918//1652 1915//1652 1916//1652
f 1920//1653 1917//1653 1918//1653
f 1922//1654 1919//1654 1920//1654
f 1924//1655 1921//1655 1922//1655
f 1926//1656 1923//1656 1924//1656
f 1928//1657 1925//1657 1926//1657
f 1930//1658 1927//1658 1928//1658
f 1932//1659 1929//1659 1930//1659
f 1934//1660 1931//1660 1932//1660
f 1936//1661 1933//1661 1934//1661
f 1938//1662 1935//1662 1936//1662
f 1940//1663 1937//1663 1938//1663
f 1942//1664 1939//1664 1940//1664
f 1944//1665 1941//1665 1942//1665
f 1946//1666 1943//1666 1944//1666
f 1948//1667 1945//1667 1946//1667
f 1950//1668 1947//1668 1948//1668
f 1952//1669 1949//1669 1950//1669
f 1954//1670 1951//1670 1952//1670
f 1956//1671 1953//1671 1954//1671
f 1742//1672 1955//1672 1956//1672
f 1960//1673 1957//1673 1958//1673
f 1962//1674 1959//1674 1960//1674
f 1964//1675 1961//1675 1962//1675
f 1966//1676 1963//1676 1964//1676
f 1968//1677 1965//1677 1966//1677
f 1970//1678 1967//1678 1968//1678
f 1972//1679 1969//1679 1970//1679
f 1974//1680 1971//1680 1972//1680
f 1976//1681 1973//1681 1974//1681
f 1978//1682 1975//1682 1976//1682
f 1980//1683 1977//1683 1978//1683
f 1982//1684 1979//1684 1980//1684
f 1984//1685 1981//1685 1982//1685
f 1986//1686 1983//1686 1984//1686
f 1988//1687 1985//1687 1986//1687
f 1990//1688 1987//1688 1988//1688
f 1992//1689 1989//1689 1990//1689
f 1994//1690 1991//1690 1992//1690
f 1996//1691 1993//1691 1994//1691
f 1998//1692 1995//1692 1996//1692
f 2000//1693 1997//1693 1998//1693
f 2002//1694 1999//1694 2000//1694
f 2004//1695 2001//1695 2002//1695
f 2006//1696 2003//1696 2004//1696
f 2008//1697 2005//1697 2006//1697
f 2010//1698 2007//1698 2008//1698
f 2012//1699 2009//1699 2010//1699
f 2014//1700 2011//1700 2012//1700
f 2016//1701 2013//1701 2014//1701
f 2018//1702 2015//1702 2016//1702
f 2020//1703 2017//1703 2018//1703
f 2022//1704 2019//1704 2020//1704
f 2024//1705 2021//1705 2022//1705
f 2026//1706 2023//1706 2024//1706
f 2028//1707 2025//1707 2026//1707
f 2030//1708 2027//1708 2028//1708
f 2032//1709 2029//1709 2030//1709
f 2034//1710 2031//1710 2032//1710
f 2036//1711 2033//1711 2034//1711
f 2038//1712 2035//1712 2036//1712
f 2040//1713 2037//1713 2038//1713
f 2042//1714 2039//1714 2040//1714
f 2044//1715 2041//1715 2042//1715
f 2046//1716 2043//1716 2044//1716
f 2048//1717 2045//1717 2046//1717
f 2050//1718 2047//1718 2048//1718
f 2052//1719 2049//1719 2050//1719
f 2054//1720 2051//1720 2052//1720
f 2056//1721 2053//1721 2054//1721
f 1958//1722 2055//1722 2056//1722
f 2060//1723 2057//1723 2058//1723
f 2062//1724 2059//1724 2060//1724
f 2064//1725 2061//1725 2062//1725
f 2066//1726 2063//1726 2064//1726
f 2068//1727 2065//1727 2066//1727
f 2070//1728 2067//1728 2068//1728
f 2072//1729 2069//1729 2070//1729
f 2074//1730 2071//1730 2072//1730
f 2076//1731 2073//1731 2074//1731
f 2078//1732 2075//1732 2076//1732
f 2080//1733 2077//1733 2078//1733
f 2082//1734 2079//1734 2080//1734
f 2084//1735 2081//1735 2082//1735
f 2086//1736 2083//1736 2084//1736
f 2088//1737 2085//1737 2086//1737
f 2090//1738 2087//1738 2088//1738
f 2092//1739 2089//1739 2090//1739
f 2094//1740 2091//1740 2092//1740
f 2096//1741 2093//1741 2094//1741
f 2098//1742 2095//1742 2096//1742
f 2100//1743 2097//1743 2098//1743
f 2102//1744 2099//1744 2100//1744
f 2104//1745 2101//1745 2102//1745
f 2106//1746 2103//1746 2104//1746
f 2108//1747 2105//1747 2106//1747
f 2110//1748 2107//1748 2108//1748
f 2112//1749 2109//1749 2110//1749
f 2114//1750 2111//1750 2112//1750
f 2116//1751 2113//1751 2114//1751
f 2118//1752 2115//1752 2116//1752
f 2120//1753 2117//1753 2118//1753
f 2122//1754 2119//1754 2120//1754
f 2124//1755 2121//1755 2122//1755
f 2058//1756 2123//1756 2124//1756
f 2128//1757 2125//1757 2126//1757
f 2130//1758 2127//1758 2128//1758
f 2132//1759 2129//1759 2130//1759
f 2134//1760 2131//1760 2132//1760
f 2136//1761 2133//1761 2134//1761
f 2138//1762 2135//1762 2136//1762
f 2140//1763 2137//1763 2138//1763
f 2142//1764 2139//1764 2140//1764
f 2144//1765 2141//1765 2142//1765
f 2146//1766 2143//1766 2144//1766
f 2148//1767 2145//1767 2146//1767
f 2150//1768 2147//1768 2148//1768
f 2152//1769 2149//1769 2150//1769
f 2154//1770 2151//1770 2152//1770
f 2156//1771 2153//1771 2154//1771
f 2158//1772 2155//1772 2156//1772
f 2160//1773 2157//1773 2158//1773
f 2162//1774 2159//1774 2160//1774
f 2164//1775 2161//1775 2162//1775
f 2166//1776 2163//1776 2164//1776
f 2168//1777 2165//1777 2166//1777
f 2170//1778 2167//1778 2168//1778
f 2172//1779 2169//1779 2170//1779
f 2174//1780 2171//1780 2172//1780
f 2176//1781 2173//1781 2174//1781
f 2178//1782 2175//1782 2176//1782
f 2180//1783 2177//1783 2178//1783
f 2182//1784 2179//1784 2180//1784
f 2184//1785 2181//1785 2182//1785
f 2186//1786 2183//1786 2184//1786
f 2188//1787 2185//1787 2186//1787
f 2190//1788 2187//1788 2188//1788
f 2192//1789 2189//1789 2190//1789
f 2194//1790 2191//1790 2192//1790
f 2196//1791 2193//1791 2194//1791
f 2198//1792 2195//1792 2196//1792
f 2200//1793 2197//1793 2198//1793
f 2202//1794 2199//1794 2200//1794
f 2204//1795 2201//1795 2202//1795
f 2206//1796 2203//1796 2204//1796
f 2208//1797 2205//1797 2206//1797
f 2210//1798 2207//1798 2208//1798
f 2212//1799 2209//1799 2210//1799
f 2214//1800 2211//1800 2212//1800
f 2216//1801 2213//1801 2214//1801
f 2218//1802 2215//1802 2216//1802
f 2220//1803 2217//1803 2218//1803
f 2222//1804 2219//1804 2220//1804
f 2224//1805 2221//1805 2222//1805
f 2126//1806 2223//1806 2224//1806
f 2228//1807 2225//1807 2226//1807
f 2230//1808 2227//1808 2228//1808
f 2232//1809 2229//1809 2230//1809
f 2234//1810 2231//1810 2232//1810
f 2236//1811 2233//1811 2234//1811
f 2238//1812 2235//1812 2236//1812
f 2240//1813 2237//1813 2238//1813
f 2242//1814 2239//1814 2240//1814
f 2244//1815 2241//1815 2242//1815
f 2246//1816 2243//1816 2244//1816
f 2248//1817 2245//1817 2246//1817
f 2250//1818 2247//1818 2248//1818
f 2252//1819 2249//1819 2250//1819
f 2254//1820 2251//1820 2252//1820
f 2256//1821 2253//1821 2254//1821
f 2258//1822 2255//1822 2256//1822
f 2260//1823 2257//1823 2258//1823
f 2262//1824 2259//1824 2260//1824
f 2264//1825 2261//1825 2262//1825
f 2266//1826 2263//1826 2264//1826
f 2268//1827 2265//1827 2266//1827
f 2270//1828 2267//1828 2268//1828
f 2272//1829 2269//1829 2270//1829
f 2274//1830 2271//1830 2272//1830
f 2276//1831 2273//1831 2274//1831
f 2278//1832 2275//1832 2276//1832
f 2280//1833 2277//1833 2278//1833
f 2282//1834 2279//1834 2280//1834
f 2284//1835 2281//1835 2282//1835
f 2286//1836 2283//1836 2284//1836
f 2288//1837 2285//1837 2286//1837
f 2290//1838 2287//1838 2288//1838
f 2292//1839 2289//1839 2290//1839
f 2294//1840 2291//1840 2292//1840
f 2296//1841 2293//1841 2294//1841
f 2298//1842 2295//1842 2296//1842
f 2300//1843 2297//1843 2298//1843
f 2302//1844 2299//1844 2300//1844
f 2304//1845 2301//1845 2302//1845
f 2306//1846 2303//1846 2304//1846
f 2308//1847 2305//1847 2306//1847
f 2310//1848 2307//1848 2308//1848
f 2312//1849 2309//1849 2310//1849
f 2314//1850 2311//1850 2312//1850
f 2316//1851 2313//1851 2314//1851
f 2318//1852 2315//1852 2316//1852
f 2320//1853 2317//1853 2318//1853
f 2322//1854 2319//1854 2320//1854
f 2324//1855 2321//1855 2322//1855
f 2226//1856 2323//1856 2324//1856
f 2328//1857 2325//1857 2326//1857
f 2330//1858 2327//1858 2328//1858
f 2332//1859 2329//1859 2330//1859
f 2334//1860 2331//1860 2332//1860
f 2336//1861 2333//1861 2334//1861
f 2338//1862 2335//1862 2336//1862
f 2340//1863 2337//1863 2338//1863
f 2342//1864 2339//1864 2340//1864
f 2344//1865 2341//1865 2342//1865
f 2346//1866 2343//1866 2344//1866
f 2348//1867 2345//1867 2346//1867
f 2350//1868 2347//1868 2348//1868
f 2352//1869 2349//1869 2350//1869
f 2354//1870 2351//1870 2352//1870
f 2356//1871 2353//1871 2354//1871
f 2358//1872 2355//1872 2356//1872
f 2360//1873 2357//1873 2358//1873
f 2362//1874 2359//1874 2360//1874
f 2364//1875 2361//1875 2362//1875
f 2366//1876 2363//1876 2364//1876
f 2368//1877 2365//1877 2366//1877
f 2370//1878 2367//1878 2368//1878
f 2372//1879 2369//1879 2370//1879
f 2374//1880 2371//1880 2372//1880
f 2376//1881 2373//1881 2374//1881
f 2378//1882 2375//1882 2376//1882
f 2380//1883 2377//1883 2378//1883
f 2382//1884 2379//1884 2380//1884
f 2384//1885 2381//1885 2382//1885
f 2386//1886 2383//1886 2384//1886
f 2388//1887 2385//1887 2386//1887
f 2390//1888 2387//1888 2388//1888
f 2392//1889 2389//1889 2390//1889
f 2326//1890 2391//1890 2392//1890
f 2396//1891 2393//1891 2394//1891
f 2398//1892 2395//1892 2396//1892
f 2400//1893 2397//1893 2398//1893
f 2402//1894 2399//1894 2400//1894
f 2404//1895 2401//1895 2402//1895
f 2406//1896 2403//1896 2404//1896
f 2408//1897 2405//1897 2406//1897
f 2410//1898 2407//1898 2408//1898
f 2412//1899 2409//1899 2410//1899
f 2414//1900 2411//1900 2412//1900
f 2416//1901 2413//1901 2414//1901
f 2418//1902 2415//1902 2416//1902
f 2420//1903 2417//1903 2418//1903
f 2422//1904 2419//1904 2420//1904
f 2424//1905 2421//1905 2422//1905
f 2426//1906 2423//1906 2424//1906
f 2428//1907 2425//1907 2426//1907
f 2430//1908 2427//1908 2428//1908
f 2432//1909 2429//1909 2430//1909
f 2434//1910 2431//1910 2432//1910
f 2436//1911 2433//1911 2434//1911
f 2438//1912 2435//1912 2436//1912
f 2440//1913 2437//1913 2438//1913
f 2442//1914 2439//1914 2440//1914
f 2444//1915 2441//1915 2442//1915
f 2446//1916 2443//1916 2444//1916
f 2448//1917 2445//1917 2446//1917
f 2450//1918 2447//1918 2448//1918
f 2452//1919 2449//1919 2450//1919
f 2454//1920 2451//1920 2452//1920
f 2456//1921 2453//1921 2454//1921
f 2458//1922 2455//1922 2456//1922
f 2460//1923 2457//1923 2458//1923
f 2462//1924 2459//1924 2460//1924
f 2464//1925 2461//1925 2462//1925
f 2466//1926 2463//1926 2464//1926
f 2468//1927 2465//1927 2466//1927
f 2470//1928 2467//1928 2468//1928
f 2472//1929 2469//1929 2470//1929
f 2474//1930 2471//1930 2472//1930
f 2476//1931 2473//1931 2474//1931
f 2478//1932 2475//1932 2476//1932
f 2480//1933 2477//1933 2478//1933
f 2482//1934 2479//1934 2480//1934
f 2484//1935 2481//1935 2482//1935
f 2486//1936 2483//1936 2484//1936
f 2488//1937 2485//1937 2486//1937
f 2490//1938 2487//1938 2488//1938
f 2492//1939 2489//1939 2490//1939
f 2494//1940 2491//1940 2492//1940
f 2496//1941 2493//1941 2494//1941
f 2498//1942 2495//1942 2496//1942
f 2500//1943 2497//1943 2498//1943
f 2502//1944 2499//1944 2500//1944
f 2504//1945 2501//1945 2502//1945
f 2506//1946 2503//1946 2504//1946
f 2508//1947 2505//1947 2506//1947
f 2510//1948 2507//1948 2508//1948
f 2512//1949 2509//1949 2510//1949
f 2514//1950 2511//1950 2512//1950
f 2516//1951 2513//1951 2514//1951
f 2518//1952 2515//1952 2516//1952
f 2520//1953 2517//1953 2518//1953
f 2522//1954 2519//1954 2520//1954
f 2524//1955 2521//1955 2522//1955
f 2526//1956 2523//1956 2524//1956
f 2528//1957 2525//1957 2526//1957
f 2530//1958 2527//1958 2528//1958
f 2532//1959 2529//1959 2530//1959
f 2534//1960 2531//1960 2532//1960
f 2536//1961 2533//1961 2534//1961
f 2538//1962 2535//1962 2536//1962
f 2540//1963 2537//1963 2538//1963
f 2542//1964 2539//1964 2540//1964
f 2544//1965 2541//1965 2542//1965
f 2546//1966 2543//1966 2544//1966
f 2548//1967 2545//1967 2546//1967
f 2550//1968 2547//1968 2548//1968
f 2552//1969 2549//1969 2550//1969
f 2554//1970 2551//1970 2552//1970
f 2556//1971 2553//1971 2554//1971
f 2394//1972 2555//1972 2556//1972
f 2560//1973 2557//1973 2558//1973
f 2562//1974 2559//1974 2560//1974
f 2564//1975 2561//1975 2562//1975
f 2566//1976 2563//1976 2564//1976
f 2568//1977 2565//1977 2566//1977
f 2570//1978 2567//1978 2568//1978
f 2572//1979 2569//1979 2570//1979
f 2574//1980 2571//1980 2572//1980
f 2576//1981 2573//1981 2574//1981
f 2578//1982 2575//1982 2576//1982
f 2580//1983 2577//1983 2578//1983
f 2582//1984 2579//1984 2580//1984
f 2584//1985 2581//1985 2582//1985
f 2586//1986 2583//1986 2584//1986
f 2588//1987 2585//1987 2586//1987
f 2590//1988 2587//1988 2588//1988
f 2592//1989 2589//1989 2590//1989
f 2594//1990 2591//1990 2592//1990
f 2596//1991 2593//1991 2594//1991
f 2598//1992 2595//1992 2596//1992
f 2600//1993 2597//1993 2598//1993
f 2602//1994 2599//1994 2600//1994
f 2604//1995 2601//1995 2602//1995
f 2606//1996 2603//1996 2604//1996
f 2608//1997 2605//1997 2606//1997
f 2610//1998 2607//1998 2608//1998
f 2612//1999 2609//1999 2610//1999
f 2614//2000 2611//2000 2612//2000
f 2616//2001 2613//2001 2614//2001
f 2618//2002 2615//2002 2616//2002
f 2620//2003 2617//2003 2618//2003
f 2622//2004 2619//2004 2620//2004
f 2624//2005 2621//2005 2622//2005
f 2626//2006 2623//2006 2624//2006
f 2628//2007 2625//2007 2626//2007
f 2630//2008 2627//2008 2628//2008
f 2632//2009 2629//2009 2630//2009
f 2634//2010 2631//2010 2632//2010
f 2636//2011 2633//2011 2634//2011
f 2638//2012 2635//2012 2636//2012
f 2640//2013 2637//2013 2638//2013
f 2642//2014 2639//2014 2640//2014
f 2644//2015 2641//2015 2642//2015
f 2646//2016 2643//2016 2644//2016
f 2648//2017 2645//2017 2646//2017
f 2650//2018 2647//2018 2648//2018
f 2652//2019 2649//2019 2650//2019
f 2654//2020 2651//2020 2652//2020
f 2656//2021 2653//2021 2654//2021
f 2658//2022 2655//2022 2656//2022
f 2660//2023 2657//2023 2658//2023
f 2662//2024 2659//2024 2660//2024
f 2664//2025 2661//2025 2662//2025
f 2666//2026 2663//2026 2664//2026
f 2668//2027 2665//2027 2666//2027
f 2670//2028 2667//2028 2668//2028
f 2672//2029 2669//2029 2670//2029
f 2674//2030 2671//2030 2672//2030
f 2676//2031 2673//2031 2674//2031
f 2678//2032 2675//2032 2676//2032
f 2680//2033 2677//2033 2678//2033
f 2682//2034 2679//2034 2680//2034
f 2684//2035 2681//2035 2682//2035
f 2686//2036 2683//2036 2684//2036
f 2688//2037 2685//2037 2686//2037
f 2690//2038 2687//2038 2688//2038
f 2692//2039 2689//2039 2690//2039
f 2694//2040 2691//2040 2692//2040
f 2696//2041 2693//2041 2694//2041
f 2698//2042 2695//2042 2696//2042
f 2700//2043 2697//2043 2698//2043
f 2702//2044 2699//2044 2700//2044
f 2704//2045 2701//2045 2702//2045
f 2706//2046 2703//2046 2704//2046
f 2708//2047 2705//2047 2706//2047
f 2710//2048 2707//2048 2708//2048
f 2712//2049 2709//2049 2710//2049
f 2714//2050 2711//2050 2712//2050
f 2716//2051 2713//2051 2714//2051
f 2718//2052 2715//2052 2716//2052
f 2720//2053 2717//2053 2718//2053
f 2722//2054 2719//2054 2720//2054
f 2724//2055 2721//2055 2722//2055
f 2726//2056 2723//2056 2724//2056
f 2728//2057 2725//2057 2726//2057
f 2730//2058 2727//2058 2728//2058
f 2732//2059 2729//2059 2730//2059
f 2734//2060 2731//2060 2732//2060
f 2736//2061 2733//2061 2734//2061
f 2738//2062 2735//2062 2736//2062
f 2740//2063 2737//2063 2738//2063
f 2558//2064 2739//2064 2740//2064
f 2744//2065 2741//2065 2742//2065
f 2746//2066 2743//2066 2744//2066
f 2748//2067 2745//2067 2746//2067
f 2750//2068 2747//2068 2748//2068
f 2752//2069 2749//2069 2750//2069
f 2754//2070 2751//2070 2752//2070
f 2756//2071 2753//2071 2754//2071
f 2758//2072 2755//2072 2756//2072
f 2760//2073 2757//2073 2758//2073
f 2762//2074 2759//2074 2760//2074
f 2764//2075 2761//2075 2762//2075
f 2766//2076 2763//2076 2764//2076
f 2768//2077 2765//2077 2766//2077
f 2770//2078 2767//2078 2768//2078
f 2772//2079 2769//2079 2770//2079
f 2774//2080 2771//2080 2772//2080
f 2776//2081 2773//2081 2774//2081
f 2778//2082 2775//2082 2776//2082
f 2780//2083 2777//2083 2778//2083
f 2782//2084 2779//2084 2780//2084
f 2784//2085 2781//2085 2782//2085
f 2786//2086 2783//2086 2784//2086
f 2788//2087 2785//2087 2786//2087
f 2790//2088 2787//2088 2788//2088
f 2792//2089 2789//2089 2790//2089
f 2794//2090 2791//2090 2792//2090
f 2796//2091 2793//2091 2794//2091
f 2798//2092 2795//2092 2796//2092
f 2800//2093 2797//2093 2798//2093
f 2802//2094 2799//2094 2800//2094
f 2804//2095 2801//2095 2802//2095
f 2806//2096 2803//2096 2804//2096
f 2808//2097 2805//2097 2806//2097
f 2810//2098 2807//2098 2808//2098
f 2812//2099 2809//2099 2810//2099
f 2814//2100 2811//2100 2812//2100
f 2816//2101 2813//2101 2814//2101
f 2818//2102 2815//2102 2816//2102
f 2820//2103 2817//2103 2818//2103
f 2822//2104 2819//2104 2820//2104
f 2824//2105 2821//2105 2822//2105
f 2826//2106 2823//2106 2824//2106
f 2828//2107 2825//2107 2826//2107
f 2830//2108 2827//2108 2828//2108
f 2832//2109 2829//2109 2830//2109
f 2834//2110 2831//2110 2832//2110
f 2836//2111 2833//2111 2834//2111
f 2838//2112 2835//2112 2836//2112
f 2840//2113 2837//2113 2838//2113
f 2742//2114 2839//2114 2840//2114
f 2847//2115 2846//2115 2845//2115
f 2859//2116 2860//2116 2863//2116
f 2842//2117 2853//2117 2841//2117
f 2843//2118 2854//2118 2842//2118
f 2843//2119 2856//2119 2855//2119
f 2845//2120 2856//2120 2844//2120
f 2846//2121 2857//2121 2845//2121
f 2847//2122 2858//2122 2846//2122
f 2848//2123 2859//2123 2847//2123
f 2849//2124 2860//2124 2848//2124
f 2850//2125 2861//2125 2849//2125
f 2851//2126 2862//2126 2850//2126
f 2852//2127 2863//2127 2851//2127
f 2841//2128 2864//2128 2852//2128
f 2868//2129 2866//2129 2865//2129
f 2873//2130 2874//2130 2870//2130
f 2866//2131 2870//2131 2865//2131
f 2867//2132 2871//2132 2866//2132
f 2868//2133 2872//2133 2867//2133
f 2869//2134 2873//2134 2868//2134
f 2865//2135 2874//2135 2869//2135
f 2877//2136 2875//2136 2878//2136
f 2880//2137 2882//2137 2879//2137
f 2876//2138 2879//2138 2875//2138
f 2877//2139 2880//2139 2876//2139
f 2878//2140 2881//2140 2877//2140
f 2875//2141 2882//2141 2878//2141
f 2885//2142 2883//2142 2886//2142
f 2887//2143 2889//2143 2890//2143
f 2884//2144 2887//2144 2883//2144
f 2885//2145 2888//2145 2884//2145
f 2886//2146 2889//2146 2885//2146
f 2883//2147 2890//2147 2886//2147
f 324//2148 323//2148 321//2148
f 326//2149 325//2149 323//2149
f 328//2150 327//2150 325//2150
f 330//2151 329//2151 327//2151
f 332//2152 331//2152 329//2152
f 334//2153 333//2153 331//2153
f 336//2154 335//2154 333//2154
f 338//2155 337//2155 335//2155
f 340//2156 339//2156 337//2156
f 342//2157 341//2157 339//2157
f 344//2158 343//2158 341//2158
f 346//2159 345//2159 343//2159
f 348//2160 347//2160 345//2160
f 350//2161 349//2161 347//2161
f 352//2162 351//2162 349//2162
f 354//2163 353//2163 351//2163
f 356//2164 355//2164 353//2164
f 358//2165 357//2165 355//2165
f 360//2166 359//2166 357//2166
f 362//2167 361//2167 359//2167
f 364//2168 363//2168 361//2168
f 366//2169 365//2169 363//2169
f 368//2170 367//2170 365//2170
f 370//2171 369//2171 367//2171
f 372//2172 371//2172 369//2172
f 374//2173 373//2173 371//2173
f 376//2174 375//2174 373//2174
f 378//2175 377//2175 375//2175
f 380//2176 379//2176 377//2176
f 382//2177 381//2177 379//2177
f 384//2178 383//2178 381//2178
f 386//2179 385//2179 383//2179
f 388//2180 387//2180 385//2180
f 390//2181 389//2181 387//2181
f 392//2182 391//2182 389//2182
f 394//2183 393//2183 391//2183
f 396//2184 395//2184 393//2184
f 398//2185 397//2185 395//2185
f 400//2186 399//2186 397//2186
f 402//2187 401//2187 399//2187
f 404//2188 403//2188 401//2188
f 406//2189 405//2189 403//2189
f 408//2190 407//2190 405//2190
f 410//2191 409//2191 407//2191
f 412//2192 411//2192 409//2192
f 414//2193 413//2193 411//2193
f 416//2194 415//2194 413//2194
f 418//2195 417//2195 415//2195
f 420//2196 419//2196 417//2196
f 422//2197 421//2197 419//2197
f 424//2198 423//2198 421//2198
f 426//2199 425//2199 423//2199
f 428//2200 427//2200 425//2200
f 430//2201 429//2201 427//2201
f 432//2202 431//2202 429//2202
f 434//2203 433//2203 431//2203
f 436//2204 435//2204 433//2204
f 438//2205 437//2205 435//2205
f 440//2206 439//2206 437//2206
f 442//2207 441//2207 439//2207
f 444//2208 443//2208 441//2208
f 446//2209 445//2209 443//2209
f 448//2210 447//2210 445//2210
f 450//2211 449//2211 447//2211
f 452//2212 451//2212 449//2212
f 454//2213 453//2213 451//2213
f 456//2214 455//2214 453//2214
f 458//2215 457//2215 455//2215
f 460//2216 459//2216 457//2216
f 462//2217 461//2217 459//2217
f 464//2218 463//2218 461//2218
f 466//2219 465//2219 463//2219
f 468//2220 467//2220 465//2220
f 470//2221 469//2221 467//2221
f 472//2222 471//2222 469//2222
f 474//2223 473//2223 471//2223
f 476//2224 475//2224 473//2224
f 478//2225 477//2225 475//2225
f 480//2226 479//2226 477//2226
f 482//2227 481//2227 479//2227
f 484//2228 483//2228 481//2228
f 486//2229 485//2229 483//2229
f 488//2230 487//2230 485//2230
f 490//2231 489//2231 487//2231
f 492//2232 491//2232 489//2232
f 494//2233 493//2233 491//2233
f 496//2234 495//2234 493//2234
f 322//2235 321//2235 495//2235
f 500//2236 499//2236 497//2236
f 502//2237 501//2237 499//2237
f 504//2238 503//2238 501//2238
f 506//2239 505//2239 503//2239
f 508//2240 507//2240 505//2240
f 510//2241 509//2241 507//2241
f 512//2242 511//2242 509//2242
f 514//2243 513//2243 511//2243
f 516//2244 515//2244 513//2244
f 518//2245 517//2245 515//2245
f 520//2246 519//2246 517//2246
f 522//2247 521//2247 519//2247
f 524//2248 523//2248 521//2248
f 526//2249 525//2249 523//2249
f 528//2250 527//2250 525//2250
f 530//2251 529//2251 527//2251
f 532//2252 531//2252 529//2252
f 534//2253 533//2253 531//2253
f 536//2254 535//2254 533//2254
f 538//2255 537//2255 535//2255
f 540//2256 539//2256 537//2256
f 542//2257 541//2257 539//2257
f 544//2258 543//2258 541//2258
f 546//2259 545//2259 543//2259
f 548//2260 547//2260 545//2260
f 550//2261 549//2261 547//2261
f 552//2262 551//2262 549//2262
f 554//2263 553//2263 551//2263
f 556//2264 555//2264 553//2264
f 558//2265 557//2265 555//2265
f 560//2266 559//2266 557//2266
f 562//2267 561//2267 559//2267
f 564//2268 563//2268 561//2268
f 566//2269 565//2269 563//2269
f 568//2270 567//2270 565//2270
f 570//2271 569//2271 567//2271
f 572//2272 571//2272 569//2272
f 574//2273 573//2273 571//2273
f 576//2274 575//2274 573//2274
f 498//2275 497//2275 575//2275
f 580//2276 579//2276 577//2276
f 582//2277 581//2277 579//2277
f 584//2278 583//2278 581//2278
f 586//2279 585//2279 583//2279
f 588//2280 587//2280 585//2280
f 590//2281 589//2281 587//2281
f 592//2282 591//2282 589//2282
f 594//2283 593//2283 591//2283
f 596//2284 595//2284 593//2284
f 598//2285 597//2285 595//2285
f 600//2286 599//2286 597//2286
f 602//2287 601//2287 599//2287
f 604//2288 603//2288 601//2288
f 606//2289 605//2289 603//2289
f 608//2290 607//2290 605//2290
f 610//2291 609//2291 607//2291
f 612//2292 611//2292 609//2292
f 614//2293 613//2293 611//2293
f 616//2294 615//2294 613//2294
f 618//2295 617//2295 615//2295
f 620//2296 619//2296 617//2296
f 622//2297 621//2297 619//2297
f 624//2298 623//2298 621//2298
f 626//2299 625//2299 623//2299
f 628//2300 627//2300 625//2300
f 630//2301 629//2301 627//2301
f 632//2302 631//2302 629//2302
f 634//2303 633//2303 631//2303
f 636//2304 635//2304 633//2304
f 638//2305 637//2305 635//2305
f 640//2306 639//2306 637//2306
f 578//2307 577//2307 639//2307
f 1744//2308 1743//2308 1741//2308
f 1746//2309 1745//2309 1743//2309
f 1748//2310 1747//2310 1745//2310
f 1750//2311 1749//2311 1747//2311
f 1752//2312 1751//2312 1749//2312
f 1754//2313 1753//2313 1751//2313
f 1756//2314 1755//2314 1753//2314
f 1758//2315 1757//2315 1755//2315
f 1760//2316 1759//2316 1757//2316
f 1762//2317 1761//2317 1759//2317
f 1764//2318 1763//2318 1761//2318
f 1766//2319 1765//2319 1763//2319
f 1768//2320 1767//2320 1765//2320
f 1770//2321 1769//2321 1767//2321
f 1772//2322 1771//2322 1769//2322
f 1774//2323 1773//2323 1771//2323
f 1776//2324 1775//2324 1773//2324
f 1778//2325 1777//2325 1775//2325
f 1780//2326 1779//2326 1777//2326
f 1782//2327 1781//2327 1779//2327
f 1784//2328 1783//2328 1781//2328
f 1786//2329 1785//2329 1783//2329
f 1788//2330 1787//2330 1785//2330
f 1790//2331 1789//2331 1787//2331
f 1792//2332 1791//2332 1789//2332
f 1794//2333 1793//2333 1791//2333
f 1796//2334 1795//2334 1793//2334
f 1798//2335 1797//2335 1795//2335
f 1800//2336 1799//2336 1797//2336
f 1802//2337 1801//2337 1799//2337
f 1804//2338 1803//2338 1801//2338
f 1806//2339 1805//2339 1803//2339
f 1808//2340 1807//2340 1805//2340
f 1810//2341 1809//2341 1807//2341
f 1812//2342 1811//2342 1809//2342
f 1814//2343 1813//2343 1811//2343
f 1816//2344 1815//2344 1813//2344
f 1818//2345 1817//2345 1815//2345
f 1820//2346 1819//2346 1817//2346
f 1822//2347 1821//2347 1819//2347
f 1824//2348 1823//2348 1821//2348
f 1826//2349 1825//2349 1823//2349
f 1828//2350 1827//2350 1825//2350
f 1830//2351 1829//2351 1827//2351
f 1832//2352 1831//2352 1829//2352
f 1834//2353 1833//2353 1831//2353
f 1836//2354 1835//2354 1833//2354
f 1838//2355 1837//2355 1835//2355
f 1840//2356 1839//2356 1837//2356
f 1842//2357 1841//2357 1839//2357
f 1844//2358 1843//2358 1841//2358
f 1846//2359 1845//2359 1843//2359
f 1848//2360 1847//2360 1845//2360
f 1850//2361 1849//2361 1847//2361
f 1852//2362 1851//2362 1849//2362
f 1854//2363 1853//2363 1851//2363
f 1856//2364 1855//2364 1853//2364
f 1858//2365 1857//2365 1855//2365
f 1860//2366 1859//2366 1857//2366
f 1862//2367 1861//2367 1859//2367
f 1864//2368 1863//2368 1861//2368
f 1866//2369 1865//2369 1863//2369
f 1868//2370 1867//2370 1865//2370
f 1870//2371 1869//2371 1867//2371
f 1872//2372 1871//2372 1869//2372
f 1874//2373 1873//2373 1871//2373
f 1876//2374 1875//2374 1873//2374
f 1878//2375 1877//2375 1875//2375
f 1880//2376 1879//2376 1877//2376
f 1882//2377 1881//2377 1879//2377
f 1884//2378 1883//2378 1881//2378
f 1886//2379 1885//2379 1883//2379
f 1888//2380 1887//2380 1885//2380
f 1890//2381 1889//2381 1887//2381
f 1892//2382 1891//2382 1889//2382
f 1894//2383 1893//2383 1891//2383
f 1896//2384 1895//2384 1893//2384
f 1898//2385 1897//2385 1895//2385
f 1900//2386 1899//2386 1897//2386
f 1902//2387 1901//2387 1899//2387
f 1904//2388 1903//2388 1901//2388
f 1906//2389 1905//2389 1903//2389
f 1908//2390 1907//2390 1905//2390
f 1910//2391 1909//2391 1907//2391
f 1912//2392 1911//2392 1909//2392
f 1914//2393 1913//2393 1911//2393
f 1916//2394 1915//2394 1913//2394
f 1918//2395 1917//2395 1915//2395
f 1920//2396 1919//2396 1917//2396
f 1922//2397 1921//2397 1919//2397
f 1924//2398 1923//2398 1921//2398
f 1926//2399 1925//2399 1923//2399
f 1928//2400 1927//2400 1925//2400
f 1930//2401 1929//2401 1927//2401
f 1932//2402 1931//2402 1929//2402
f 1934//2403 1933//2403 1931//2403
f 1936//2404 1935//2404 1933//2404
f 1938//2405 1937//2405 1935//2405
f 1940//2406 1939//2406 1937//2406
f 1942//2407 1941//2407 1939//2407
f 1944//2408 1943//2408 1941//2408
f 1946//2409 1945//2409 1943//2409
f 1948//2410 1947//2410 1945//2410
f 1950//2411 1949//2411 1947//2411
f 1952//2412 1951//2412 1949//2412
f 1954//2413 1953//2413 1951//2413
f 1956//2414 1955//2414 1953//2414
f 1742//2415 1741//2415 1955//2415
f 1960//2416 1959//2416 1957//2416
f 1962//2417 1961//2417 1959//2417
f 1964//2418 1963//2418 1961//2418
f 1966//2419 1965//2419 1963//2419
f 1968//2420 1967//2420 1965//2420
f 1970//2421 1969//2421 1967//2421
f 1972//2422 1971//2422 1969//2422
f 1974//2423 1973//2423 1971//2423
f 1976//2424 1975//2424 1973//2424
f 1978//2425 1977//2425 1975//2425
f 1980//2426 1979//2426 1977//2426
f 1982//2427 1981//2427 1979//2427
f 1984//2428 1983//2428 1981//2428
f 1986//2429 1985//2429 1983//2429
f 1988//2430 1987//2430 1985//2430
f 1990//2431 1989//2431 1987//2431
f 1992//2432 1991//2432 1989//2432
f 1994//2433 1993//2433 1991//2433
f 1996//2434 1995//2434 1993//2434
f 1998//2435 1997//2435 1995//2435
f 2000//2436 1999//2436 1997//2436
f 2002//2437 2001//2437 1999//2437
f 2004//2438 2003//2438 2001//2438
f 2006//2439 2005//2439 2003//2439
f 2008//2440 2007//2440 2005//2440
f 2010//2441 2009//2441 2007//2441
f 2012//2442 2011//2442 2009//2442
f 2014//2443 2013//2443 2011//2443
f 2016//2444 2015//2444 2013//2444
f 2018//2445 2017//2445 2015//2445
f 2020//2446 2019//2446 2017//2446
f 2022//2447 2021//2447 2019//2447
f 2024//2448 2023//2448 2021//2448
f 2026//2449 2025//2449 2023//2449
f 2028//2450 2027//2450 2025//2450
f 2030//2451 2029//2451 2027//2451
f 2032//2452 2031//2452 2029//2452
f 2034//2453 2033//2453 2031//2453
f 2036//2454 2035//2454 2033//2454
f 2038//2455 2037//2455 2035//2455
f 2040//2456 2039//2456 2037//2456
f 2042//2457 2041//2457 2039//2457
f 2044//2458 2043//2458 2041//2458
f 2046//2459 2045//2459 2043//2459
f 2048//2460 2047//2460 2045//2460
f 2050//2461 2049//2461 2047//2461
f 2052//2462 2051//2462 2049//2462
f 2054//2463 2053//2463 2051//2463
f 2056//2464 2055//2464 2053//2464
f 1958//2465 1957//2465 2055//2465
f 2060//2466 2059//2466 2057//2466
f 2062//2467 2061//2467 2059//2467
f 2064//2468 2063//2468 2061//2468
f 2066//2469 2065//2469 2063//2469
f 2068//2470 2067//2470 2065//2470
f 2070//2471 2069//2471 2067//2471
f 2072//2472 2071//2472 2069//2472
f 2074//2473 2073//2473 2071//2473
f 2076//2474 2075//2474 2073//2474
f 2078//2475 2077//2475 2075//2475
f 2080//2476 2079//2476 2077//2476
f 2082//2477 2081//2477 2079//2477
f 2084//2478 2083//2478 2081//2478
f 2086//2479 2085//2479 2083//2479
f 2088//2480 2087//2480 2085//2480
f 2090//2481 2089//2481 2087//2481
f 2092//2482 2091//2482 2089//2482
f 2094//2483 2093//2483 2091//2483
f 2096//2484 2095//2484 2093//2484
f 2098//2485 2097//2485 2095//2485
f 2100//2486 2099//2486 2097//2486
f 2102//2487 2101//2487 2099//2487
f 2104//2488 2103//2488 2101//2488
f 2106//2489 2105//2489 2103//2489
f 2108//2490 2107//2490 2105//2490
f 2110//2491 2109//2491 2107//2491
f 2112//2492 2111//2492 2109//2492
f 2114//2493 2113//2493 2111//2493
f 2116//2494 2115//2494 2113//2494
f 2118//2495 2117//2495 2115//2495
f 2120//2496 2119//2496 2117//2496
f 2122//2497 2121//2497 2119//2497
f 2124//2498 2123//2498 2121//2498
f 2058//2499 2057//2499 2123//2499
f 2128//2500 2127//2500 2125//2500
f 2130//2501 2129//2501 2127//2501
f 2132//2502 2131//2502 2129//2502
f 2134//2503 2133//2503 2131//2503
f 2136//2504 2135//2504 2133//2504
f 2138//2505 2137//2505 2135//2505
f 2140//2506 2139//2506 2137//2506
f 2142//2507 2141//2507 2139//2507
f 2144//2508 2143//2508 2141//2508
f 2146//2509 2145//2509 2143//2509
f 2148//2510 2147//2510 2145//2510
f 2150//2511 2149//2511 2147//2511
f 2152//2512 2151//2512 2149//2512
f 2154//2513 2153//2513 2151//2513
f 2156//2514 2155//2514 2153//2514
f 2158//2515 2157//2515 2155//2515
f 2160//2516 2159//2516 2157//2516
f 2162//2517 2161//2517 2159//2517
f 2164//2518 2163//2518 2161//2518
f 2166//2519 2165//2519 2163//2519
f 2168//2520 2167//2520 2165//2520
f 2170//2521 2169//2521 2167//2521
f 2172//2522 2171//2522 2169//2522
f 2174//2523 2173//2523 2171//2523
f 2176//2524 2175//2524 2173//2524
f 2178//2525 2177//2525 2175//2525
f 2180//2526 2179//2526 2177//2526
f 2182//2527 2181//2527 2179//2527
f 2184//2528 2183//2528 2181//2528
f 2186//2529 2185//2529 2183//2529
f 2188//2530 2187//2530 2185//2530
f 2190//2531 2189//2531 2187//2531
f 2192//2532 2191//2532 2189//2532
f 2194//2533 2193//2533 2191//2533
f 2196//2534 2195//2534 2193//2534
f 2198//2535 2197//2535 2195//2535
f 2200//2536 2199//2536 2197//2536
f 2202//2537 2201//2537 2199//2537
f 2204//2538 2203//2538 2201//2538
f 2206//2539 2205//2539 2203//2539
f 2208//2540 2207//2540 2205//2540
f 2210//2541 2209//2541 2207//2541
f 2212//2542 2211//2542 2209//2542
f 2214//2543 2213//2543 2211//2543
f 2216//2544 2215//2544 2213//2544
f 2218//2545 2217//2545 2215//2545
f 2220//2546 2219//2546 2217//2546
f 2222//2547 2221//2547 2219//2547
f 2224//2548 2223//2548 2221//2548
f 2126//2549 2125//2549 2223//2549
f 2228//2550 2227//2550 2225//2550
f 2230//2551 2229//2551 2227//2551
f 2232//2552 2231//2552 2229//2552
f 2234//2553 2233//2553 2231//2553
f 2236//2554 2235//2554 2233//2554
f 2238//2555 2237//2555 2235//2555
f 2240//2556 2239//2556 2237//2556
f 2242//2557 2241//2557 2239//2557
f 2244//2558 2243//2558 2241//2558
f 2246//2559 2245//2559 2243//2559
f 2248//2560 2247//2560 2245//2560
f 2250//2561 2249//2561 2247//2561
f 2252//2562 2251//2562 2249//2562
f 2254//2563 2253//2563 2251//2563
f 2256//2564 2255//2564 2253//2564
f 2258//2565 2257//2565 2255//2565
f 2260//2566 2259//2566 2257//2566
f 2262//2567 2261//2567 2259//2567
f 2264//2568 2263//2568 2261//2568
f 2266//2569 2265//2569 2263//2569
f 2268//2570 2267//2570 2265//2570
f 2270//2571 2269//2571 2267//2571
f 2272//2572 2271//2572 2269//2572
f 2274//2573 2273//2573 2271//2573
f 2276//2574 2275//2574 2273//2574
f 2278//2575 2277//2575 2275//2575
f 2280//2576 2279//2576 2277//2576
f 2282//2577 2281//2577 2279//2577
f 2284//2578 2283//2578 2281//2578
f 2286//2579 2285//2579 2283//2579
f 2288//2580 2287//2580 2285//2580
f 2290//2581 2289//2581 2287//2581
f 2292//2582 2291//2582 2289//2582
f 2294//2583 2293//2583 2291//2583
f 2296//2584 2295//2584 2293//2584
f 2298//2585 2297//2585 2295//2585
f 2300//2586 2299//2586 2297//2586
f 2302//2587 2301//2587 2299//2587
f 2304//2588 2303//2588 2301//2588
f 2306//2589 2305//2589 2303//2589
f 2308//2590 2307//2590 2305//2590
f 2310//2591 2309//2591 2307//2591
f 2312//2592 2311//2592 2309//2592
f 2314//2593 2313//2593 2311//2593
f 2316//2594 2315//2594 2313//2594
f 2318//2595 2317//2595 2315//2595
f 2320//2596 2319//2596 2317//2596
f 2322//2597 2321//2597 2319//2597
f 2324//2598 2323//2598 2321//2598
f 2226//2599 2225//2599 2323//2599
f 2328//2600 2327//2600 2325//2600
f 2330//2601 2329//2601 2327//2601
f 2332//2602 2331//2602 2329//2602
f 2334//2603 2333//2603 2331//2603
f 2336//2604 2335//2604 2333//2604
f 2338//2605 2337//2605 2335//2605
f 2340//2606 2339//2606 2337//2606
f 2342//2607 2341//2607 2339//2607
f 2344//2608 2343//2608 2341//2608
f 2346//2609 2345//2609 2343//2609
f 2348//2610 2347//2610 2345//2610
f 2350//2611 2349//2611 2347//2611
f 2352//2612 2351//2612 2349//2612
f 2354//2613 2353//2613 2351//2613
f 2356//2614 2355//2614 2353//2614
f 2358//2615 2357//2615 2355//2615
f 2360//2616 2359//2616 2357//2616
f 2362//2617 2361//2617 2359//2617
f 2364//2618 2363//2618 2361//2618
f 2366//2619 2365//2619 2363//2619
f 2368//2620 2367//2620 2365//2620
f 2370//2621 2369//2621 2367//2621
f 2372//2622 2371//2622 2369//2622
f 2374//2623 2373//2623 2371//2623
f 2376//2624 2375//2624 2373//2624
f 2378//2625 2377//2625 2375//2625
f 2380//2626 2379//2626 2377//2626
f 2382//2627 2381//2627 2379//2627
f 2384//2628 2383//2628 2381//2628
f 2386//2629 2385//2629 2383//2629
f 2388//2630 2387//2630 2385//2630
f 2390//2631 2389//2631 2387//2631
f 2392//2632 2391//2632 2389//2632
f 2326//2633 2325//2633 2391//2633
f 2396//2634 2395//2634 2393//2634
f 2398//2635 2397//2635 2395//2635
f 2400//2636 2399//2636 2397//2636
f 2402//2637 2401//2637 2399//2637
f 2404//2638 2403//2638 2401//2638
f 2406//2639 2405//2639 2403//2639
f 2408//2640 2407//2640 2405//2640
f 2410//2641 2409//2641 2407//2641
f 2412//2642 2411//2642 2409//2642
f 2414//2643 2413//2643 2411//2643
f 2416//2644 2415//2644 2413//2644
f 2418//2645 2417//2645 2415//2645
f 2420//2646 2419//2646 2417//2646
f 2422//2647 2421//2647 2419//2647
f 2424//2648 2423//2648 2421//2648
f 2426//2649 2425//2649 2423//2649
f 2428//2650 2427//2650 2425//2650
f 2430//2651 2429//2651 2427//2651
f 2432//2652 2431//2652 2429//2652
f 2434//2653 2433//2653 2431//2653
f 2436//2654 2435//2654 2433//2654
f 2438//2655 2437//2655 2435//2655
f 2440//2656 2439//2656 2437//2656
f 2442//2657 2441//2657 2439//2657
f 2444//2658 2443//2658 2441//2658
f 2446//2659 2445//2659 2443//2659
f 2448//2660 2447//2660 2445//2660
f 2450//2661 2449//2661 2447//2661
f 2452//2662 2451//2662 2449//2662
f 2454//2663 2453//2663 2451//2663
f 2456//2664 2455//2664 2453//2664
f 2458//2665 2457//2665 2455//2665
f 2460//2666 2459//2666 2457//2666
f 2462//2667 2461//2667 2459//2667
f 2464//2668 2463//2668 2461//2668
f 2466//2669 2465//2669 2463//2669
f 2468//2670 2467//2670 2465//2670
f 2470//2671 2469//2671 2467//2671
f 2472//2672 2471//2672 2469//2672
f 2474//2673 2473//2673 2471//2673
f 2476//2674 2475//2674 2473//2674
f 2478//2675 2477//2675 2475//2675
f 2480//2676 2479//2676 2477//2676
f 2482//2677 2481//2677 2479//2677
f 2484//2678 2483//2678 2481//2678
f 2486//2679 2485//2679 2483//2679
f 2488//2680 2487//2680 2485//2680
f 2490//2681 2489//2681 2487//2681
f 2492//2682 2491//2682 2489//2682
f 2494//2683 2493//2683 2491//2683
f 2496//2684 2495//2684 2493//2684
f 2498//2685 2497//2685 2495//2685
f 2500//2686 2499//2686 2497//2686
f 2502//2687 2501//2687 2499//2687
f 2504//2688 2503//2688 2501//2688
f 2506//2689 2505//2689 2503//2689
f 2508//2690 2507//2690 2505//2690
f 2510//2691 2509//2691 2507//2691
f 2512//2692 2511//2692 2509//2692
f 2514//2693 2513//2693 2511//2693
f 2516//2694 2515//2694 2513//2694
f 2518//2695 2517//2695 2515//2695
f 2520//2696 2519//2696 2517//2696
f 2522//2697 2521//2697 2519//2697
f 2524//2698 2523//2698 2521//2698
f 2526//2699 2525//2699 2523//2699
f 2528//2700 2527//2700 2525//2700
f 2530//2701 2529//2701 2527//2701
f 2532//2702 2531//2702 2529//2702
f 2534//2703 2533//2703 2531//2703
f 2536//2704 2535//2704 2533//2704
f 2538//2705 2537//2705 2535//2705
f 2540//2706 2539//2706 2537//2706
f 2542//2707 2541//2707 2539//2707
f 2544//2708 2543//2708 2541//2708
f 2546//2709 2545//2709 2543//2709
f 2548//2710 2547//2710 2545//2710
f 2550//2711 2549//2711 2547//2711
f 2552//2712 2551//2712 2549//2712
f 2554//2713 2553//2713 2551//2713
f 2556//2714 2555//2714 2553//2714
f 2394//2715 2393//2715 2555//2715
f 2560//2716 2559//2716 2557//2716
f 2562//2717 2561//2717 2559//2717
f 2564//2718 2563//2718 2561//2718
f 2566//2719 2565//2719 2563//2719
f 2568//2720 2567//2720 2565//2720
f 2570//2721 2569//2721 2567//2721
f 2572//2722 2571//2722 2569//2722
f 2574//2723 2573//2723 2571//2723
f 2576//2724 2575//2724 2573//2724
f 2578//2725 2577//2725 2575//2725
f 2580//2726 2579//2726 2577//2726
f 2582//2727 2581//2727 2579//2727
f 2584//2728 2583//2728 2581//2728
f 2586//2729 2585//2729 2583//2729
f 2588//2730 2587//2730 2585//2730
f 2590//2731 2589//2731 2587//2731
f 2592//2732 2591//2732 2589//2732
f 2594//2733 2593//2733 2591//2733
f 2596//2734 2595//2734 2593//2734
f 2598//2735 2597//2735 2595//2735
f 2600//2736 2599//2736 2597//2736
f 2602//2737 2601//2737 2599//2737
f 2604//2738 2603//2738 2601//2738
f 2606//2739 2605//2739 2603//2739
f 2608//2740 2607//2740 2605//2740
f 2610//2741 2609//2741 2607//2741
f 2612//2742 2611//2742 2609//2742
f 2614//2743 2613//2743 2611//2743
f 2616//2744 2615//2744 2613//2744
f 2618//2745 2617//2745 2615//2745
f 2620//2746 2619//2746 2617//2746
f 2622//2747 2621//2747 2619//2747
f 2624//2748 2623//2748 2621//2748
f 2626//2749 2625//2749 2623//2749
f 2628//2750 2627//2750 2625//2750
f 2630//2751 2629//2751 2627//2751
f 2632//2752 2631//2752 2629//2752
f 2634//2753 2633//2753 2631//2753
f 2636//2754 2635//2754 2633//2754
f 2638//2755 2637//2755 2635//2755
f 2640//2756 2639//2756 2637//2756
f 2642//2757 2641//2757 2639//2757
f 2644//2758 2643//2758 2641//2758
f 2646//2759 2645//2759 2643//2759
f 2648//2760 2647//2760 2645//2760
f 2650//2761 2649//2761 2647//2761
f 2652//2762 2651//2762 2649//2762
f 2654//2763 2653//2763 2651//2763
f 2656//2764 2655//2764 2653//2764
f 2658//2765 2657//2765 2655//2765
f 2660//2766 2659//2766 2657//2766
f 2662//2767 2661//2767 2659//2767
f 2664//2768 2663//2768 2661//2768
f 2666//2769 2665//2769 2663//2769
f 2668//2770 2667//2770 2665//2770
f 2670//2771 2669//2771 2667//2771
f 2672//2772 2671//2772 2669//2772
f 2674//2773 2673//2773 2671//2773
f 2676//2774 2675//2774 2673//2774
f 2678//2775 2677//2775 2675//2775
f 2680//2776 2679//2776 2677//2776
f 2682//2777 2681//2777 2679//2777
f 2684//2778 2683//2778 2681//2778
f 2686//2779 2685//2779 2683//2779
f 2688//2780 2687//2780 2685//2780
f 2690//2781 2689//2781 2687//2781
f 2692//2782 2691//2782 2689//2782
f 2694//2783 2693//2783 2691//2783
f 2696//2784 2695//2784 2693//2784
f 2698//2785 2697//2785 2695//2785
f 2700//2786 2699//2786 2697//2786
f 2702//2787 2701//2787 2699//2787
f 2704//2788 2703//2788 2701//2788
f 2706//2789 2705//2789 2703//2789
f 2708//2790 2707//2790 2705//2790
f 2710//2791 2709//2791 2707//2791
f 2712//2792 2711//2792 2709//2792
f 2714//2793 2713//2793 2711//2793
f 2716//2794 2715//2794 2713//2794
f 2718//2795 2717//2795 2715//2795
f 2720//2796 2719//2796 2717//2796
f 2722//2797 2721//2797 2719//2797
f 2724//2798 2723//2798 2721//2798
f 2726//2799 2725//2799 2723//2799
f 2728//2800 2727//2800 2725//2800
f 2730//2801 2729//2801 2727//2801
f 2732//2802 2731//2802 2729//2802
f 2734//2803 2733//2803 2731//2803
f 2736//2804 2735//2804 2733//2804
f 2738//2805 2737//2805 2735//2805
f 2740//2806 2739//2806 2737//2806
f 2558//2807 2557//2807 2739//2807
f 2744//2808 2743//2808 2741//2808
f 2746//2809 2745//2809 2743//2809
f 2748//2810 2747//2810 2745//2810
f 2750//2811 2749//2811 2747//2811
f 2752//2812 2751//2812 2749//2812
f 2754//2813 2753//2813 2751//2813
f 2756//2814 2755//2814 2753//2814
f 2758//2815 2757//2815 2755//2815
f 2760//2816 2759//2816 2757//2816
f 2762//2817 2761//2817 2759//2817
f 2764//2818 2763//2818 2761//2818
f 2766//2819 2765//2819 2763//2819
f 2768//2820 2767//2820 2765//2820
f 2770//2821 2769//2821 2767//2821
f 2772//2822 2771//2822 2769//2822
f 2774//2823 2773//2823 2771//2823
f 2776//2824 2775//2824 2773//2824
f 2778//2825 2777//2825 2775//2825
f 2780//2826 2779//2826 2777//2826
f 2782//2827 2781//2827 2779//2827
f 2784//2828 2783//2828 2781//2828
f 2786//2829 2785//2829 2783//2829
f 2788//2830 2787//2830 2785//2830
f 2790//2831 2789//2831 2787//2831
f 2792//2832 2791//2832 2789//2832
f 2794//2833 2793//2833 2791//2833
f 2796//2834 2795//2834 2793//2834
f 2798//2835 2797//2835 2795//2835
f 2800//2836 2799//2836 2797//2836
f 2802//2837 2801//2837 2799//2837
f 2804//2838 2803//2838 2801//2838
f 2806//2839 2805//2839 2803//2839
f 2808//2840 2807//2840 2805//2840
f 2810//2841 2809//2841 2807//2841
f 2812//2842 2811//2842 2809//2842
f 2814//2843 2813//2843 2811//2843
f 2816//2844 2815//2844 2813//2844
f 2818//2845 2817//2845 2815//2845
f 2820//2846 2819//2846 2817//2846
f 2822//2847 2821//2847 2819//2847
f 2824//2848 2823//2848 2821//2848
f 2826//2849 2825//2849 2823//2849
f 2828//2850 2827//2850 2825//2850
f 2830//2851 2829//2851 2827//2851
f 2832//2852 2831//2852 2829//2852
f 2834//2853 2833//2853 2831//2853
f 2836//2854 2835//2854 2833//2854
f 2838//2855 2837//2855 2835//2855
f 2840//2856 2839//2856 2837//2856
f 2742//2857 2741//2857 2839//2857
f 2841//2858 2852//2858 2842//2858
f 2852//2859 2851//2859 2847//2859
f 2842//2860 2852//2860 2843//2860
f 2851//2861 2850//2861 2848//2861
f 2850//2862 2849//2862 2848//2862
f 2843//2863 2852//2863 2845//2863
f 2845//2864 2844//2864 2843//2864
f 2845//2865 2852//2865 2847//2865
f 2851//2866 2848//2866 2847//2866
f 2864//2867 2853//2867 2854//2867
f 2855//2868 2856//2868 2857//2868
f 2864//2869 2854//2869 2855//2869
f 2861//2870 2862//2870 2860//2870
f 2862//2871 2863//2871 2860//2871
f 2863//2872 2864//2872 2859//2872
f 2864//2873 2855//2873 2857//2873
f 2859//2874 2864//2874 2857//2874
f 2857//2875 2858//2875 2859//2875
f 2842//2876 2854//2876 2853//2876
f 2843//2877 2855//2877 2854//2877
f 2843//2878 2844//2878 2856//2878
f 2845//2879 2857//2879 2856//2879
f 2846//2880 2858//2880 2857//2880
f 2847//2881 2859//2881 2858//2881
f 2848//2882 2860//2882 2859//2882
f 2849//2883 2861//2883 2860//2883
f 2850//2884 2862//2884 2861//2884
f 2851//2885 2863//2885 2862//2885
f 2852//2886 2864//2886 2863//2886
f 2841//2887 2853//2887 2864//2887
f 2865//2888 2869//2888 2868//2888
f 2868//2889 2867//2889 2866//2889
f 2870//2890 2871//2890 2873//2890
f 2871//2891 2872//2891 2873//2891
f 2866//2892 2871//2892 2870//2892
f 2867//2893 2872//2893 2871//2893
f 2868//2894 2873//2894 2872//2894
f 2869//2895 2874//2895 2873//2895
f 2865//2896 2870//2896 2874//2896
f 2877//2897 2876//2897 2875//2897
f 2880//2898 2881//2898 2882//2898
f 2876//2899 2880//2899 2879//2899
f 2877//2900 2881//2900 2880//2900
f 2878//2901 2882//2901 2881//2901
f 2875//2902 2879//2902 2882//2902
f 2885//2903 2884//2903 2883//2903
f 2887//2904 2888//2904 2889//2904
f 2884//2905 2888//2905 2887//2905
f 2885//2906 2889//2906 2888//2906
f 2886//2907 2890//2907 2889//2907
f 2883//2908 2887//2908 2890//2908
