# Original asset generated in Blender
v 0.037454 0.820214 0.156000
v 0.038454 0.816225 0.156000
v 0.039169 0.812169 0.156000
v 0.039597 0.808048 0.156000
v 0.039740 0.803861 0.156000
v 0.039597 0.799784 0.156000
v 0.039169 0.795816 0.156000
v 0.038454 0.791959 0.156000
v 0.037454 0.788211 0.156000
v 0.035223 0.782875 0.156000
v 0.032223 0.778122 0.156000
v 0.028453 0.773951 0.156000
v 0.023914 0.770363 0.156000
v 0.018782 0.767478 0.156000
v 0.013232 0.765418 0.156000
v 0.007264 0.764181 0.156000
v 0.000879 0.763769 0.156000
v -0.005418 0.764170 0.156000
v -0.011298 0.765374 0.156000
v -0.016760 0.767379 0.156000
v -0.021804 0.770187 0.156000
v -0.026277 0.773677 0.156000
v -0.030025 0.777726 0.156000
v -0.033047 0.782337 0.156000
v -0.035344 0.787508 0.156000
v -0.036014 0.789508 0.156000
v -0.036619 0.791640 0.156000
v -0.037157 0.793904 0.156000
v -0.037630 0.796300 0.156000
v -0.037630 0.796651 0.156000
v -0.037498 0.797498 0.156000
v -0.037102 0.798102 0.156000
v -0.036443 0.798465 0.156000
v -0.035520 0.798586 0.156000
v -0.018815 0.798586 0.156000
v -0.018013 0.798465 0.156000
v -0.017364 0.798102 0.156000
v -0.016870 0.797498 0.156000
v -0.016529 0.796651 0.156000
v -0.016408 0.796058 0.156000
v -0.016221 0.795333 0.156000
v -0.015969 0.794475 0.156000
v -0.015650 0.793486 0.156000
v -0.014540 0.790750 0.156000
v -0.013144 0.788343 0.156000
v -0.011463 0.786266 0.156000
v -0.009495 0.784518 0.156000
v -0.007275 0.783134 0.156000
v -0.004836 0.782144 0.156000
v -0.002176 0.781551 0.156000
v 0.000703 0.781353 0.156000
v 0.003671 0.781568 0.156000
v 0.006418 0.782210 0.156000
v 0.008946 0.783282 0.156000
v 0.011254 0.784782 0.156000
v 0.013287 0.786656 0.156000
v 0.014990 0.788848 0.156000
v 0.016364 0.791360 0.156000
v 0.017408 0.794190 0.156000
v 0.018101 0.796377 0.156000
v 0.018595 0.798717 0.156000
v 0.018892 0.801212 0.156000
v 0.018991 0.803861 0.156000
v 0.018903 0.806400 0.156000
v 0.018639 0.808916 0.156000
v 0.018200 0.811411 0.156000
v 0.017584 0.813884 0.156000
v 0.016771 0.816615 0.156000
v 0.015562 0.819005 0.156000
v 0.013957 0.821055 0.156000
v 0.011957 0.822764 0.156000
v 0.009638 0.824110 0.156000
v 0.007078 0.825072 0.156000
v 0.004275 0.825649 0.156000
v 0.001231 0.825841 0.156000
v -0.001687 0.825671 0.156000
v -0.004462 0.825160 0.156000
v -0.007094 0.824308 0.156000
v -0.009583 0.823115 0.156000
v -0.011787 0.821648 0.156000
v -0.013562 0.819972 0.156000
v -0.014908 0.818087 0.156000
v -0.015826 0.815994 0.156000
v -0.016243 0.815225 0.156000
v -0.016793 0.814675 0.156000
v -0.017474 0.814345 0.156000
v -0.018287 0.814235 0.156000
v -0.035344 0.814235 0.156000
v -0.035767 0.814274 0.156000
v -0.036157 0.814389 0.156000
v -0.036514 0.814582 0.156000
v -0.036839 0.814851 0.156000
v -0.037108 0.815175 0.156000
v -0.037300 0.815532 0.156000
v -0.037416 0.815922 0.156000
v -0.037454 0.816346 0.156000
v -0.037454 0.885979 0.156000
v -0.037416 0.886402 0.156000
v -0.037300 0.886792 0.156000
v -0.037108 0.887149 0.156000
v -0.036839 0.887473 0.156000
v -0.036514 0.887743 0.156000
v -0.036157 0.887935 0.156000
v -0.035767 0.888050 0.156000
v -0.035344 0.888089 0.156000
v 0.033058 0.888089 0.156000
v 0.033481 0.888050 0.156000
v 0.033871 0.887935 0.156000
v 0.034229 0.887743 0.156000
v 0.034553 0.887473 0.156000
v 0.034822 0.887149 0.156000
v 0.035014 0.886792 0.156000
v 0.035130 0.886402 0.156000
v 0.035168 0.885979 0.156000
v 0.035168 0.872615 0.156000
v 0.035130 0.872192 0.156000
v 0.035014 0.871801 0.156000
v 0.034822 0.871444 0.156000
v 0.034553 0.871120 0.156000
v 0.034229 0.870851 0.156000
v 0.033871 0.870658 0.156000
v 0.033481 0.870543 0.156000
v 0.033058 0.870505 0.156000
v -0.016177 0.870505 0.156000
v -0.016562 0.870450 0.156000
v -0.016837 0.870285 0.156000
v -0.017002 0.870010 0.156000
v -0.017057 0.869625 0.156000
v -0.017232 0.837974 0.156000
v -0.017210 0.837661 0.156000
v -0.017144 0.837425 0.156000
v -0.017035 0.837265 0.156000
v -0.016881 0.837183 0.156000
v -0.016705 0.837166 0.156000
v -0.016529 0.837205 0.156000
v -0.016353 0.837298 0.156000
v -0.016177 0.837446 0.156000
v -0.011836 0.840139 0.156000
v -0.007078 0.842062 0.156000
v -0.001901 0.843216 0.156000
v 0.003693 0.843601 0.156000
v 0.009644 0.843211 0.156000
v 0.015188 0.842040 0.156000
v 0.020326 0.840090 0.156000
v 0.025057 0.837359 0.156000
v 0.029228 0.833946 0.156000
v 0.032684 0.829951 0.156000
v 0.035426 0.825374 0.156000
v 0.037454 0.820214 0.154000
v 0.038454 0.816225 0.154000
v 0.039169 0.812169 0.154000
v 0.039597 0.808048 0.154000
v 0.039740 0.803861 0.154000
v 0.039597 0.799784 0.154000
v 0.039169 0.795816 0.154000
v 0.038454 0.791959 0.154000
v 0.037454 0.788211 0.154000
v 0.035223 0.782875 0.154000
v 0.032223 0.778122 0.154000
v 0.028453 0.773951 0.154000
v 0.023914 0.770363 0.154000
v 0.018782 0.767478 0.154000
v 0.013232 0.765418 0.154000
v 0.007264 0.764181 0.154000
v 0.000879 0.763769 0.154000
v -0.005418 0.764170 0.154000
v -0.011298 0.765374 0.154000
v -0.016760 0.767379 0.154000
v -0.021804 0.770187 0.154000
v -0.026277 0.773677 0.154000
v -0.030025 0.777726 0.154000
v -0.033047 0.782337 0.154000
v -0.035344 0.787508 0.154000
v -0.036014 0.789508 0.154000
v -0.036619 0.791640 0.154000
v -0.037157 0.793904 0.154000
v -0.037630 0.796300 0.154000
v -0.037630 0.796651 0.154000
v -0.037498 0.797498 0.154000
v -0.037102 0.798102 0.154000
v -0.036443 0.798465 0.154000
v -0.035520 0.798586 0.154000
v -0.018815 0.798586 0.154000
v -0.018013 0.798465 0.154000
v -0.017364 0.798102 0.154000
v -0.016870 0.797498 0.154000
v -0.016529 0.796651 0.154000
v -0.016408 0.796058 0.154000
v -0.016221 0.795333 0.154000
v -0.015969 0.794475 0.154000
v -0.015650 0.793486 0.154000
v -0.014540 0.790750 0.154000
v -0.013144 0.788343 0.154000
v -0.011463 0.786266 0.154000
v -0.009495 0.784518 0.154000
v -0.007275 0.783134 0.154000
v -0.004836 0.782144 0.154000
v -0.002176 0.781551 0.154000
v 0.000703 0.781353 0.154000
v 0.003671 0.781568 0.154000
v 0.006418 0.782210 0.154000
v 0.008946 0.783282 0.154000
v 0.011254 0.784782 0.154000
v 0.013287 0.786656 0.154000
v 0.014990 0.788848 0.154000
v 0.016364 0.791360 0.154000
v 0.017408 0.794190 0.154000
v 0.018101 0.796377 0.154000
v 0.018595 0.798717 0.154000
v 0.018892 0.801212 0.154000
v 0.018991 0.803861 0.154000
v 0.018903 0.806400 0.154000
v 0.018639 0.808916 0.154000
v 0.018200 0.811411 0.154000
v 0.017584 0.813884 0.154000
v 0.016771 0.816615 0.154000
v 0.015562 0.819005 0.154000
v 0.013957 0.821055 0.154000
v 0.011957 0.822764 0.154000
v 0.009638 0.824110 0.154000
v 0.007078 0.825072 0.154000
v 0.004275 0.825649 0.154000
v 0.001231 0.825841 0.154000
v -0.001687 0.825671 0.154000
v -0.004462 0.825160 0.154000
v -0.007094 0.824308 0.154000
v -0.009583 0.823115 0.154000
v -0.011787 0.821648 0.154000
v -0.013562 0.819972 0.154000
v -0.014908 0.818087 0.154000
v -0.015826 0.815994 0.154000
v -0.016243 0.815225 0.154000
v -0.016793 0.814675 0.154000
v -0.017474 0.814345 0.154000
v -0.018287 0.814235 0.154000
v -0.035344 0.814235 0.154000
v -0.035767 0.814274 0.154000
v -0.036157 0.814389 0.154000
v -0.036514 0.814582 0.154000
v -0.036839 0.814851 0.154000
v -0.037108 0.815175 0.154000
v -0.037300 0.815532 0.154000
v -0.037416 0.815922 0.154000
v -0.037454 0.816346 0.154000
v -0.037454 0.885979 0.154000
v -0.037416 0.886402 0.154000
v -0.037300 0.886792 0.154000
v -0.037108 0.887149 0.154000
v -0.036839 0.887473 0.154000
v -0.036514 0.887743 0.154000
v -0.036157 0.887935 0.154000
v -0.035767 0.888050 0.154000
v -0.035344 0.888089 0.154000
v 0.033058 0.888089 0.154000
v 0.033481 0.888050 0.154000
v 0.033871 0.887935 0.154000
v 0.034229 0.887743 0.154000
v 0.034553 0.887473 0.154000
v 0.034822 0.887149 0.154000
v 0.035014 0.886792 0.154000
v 0.035130 0.886402 0.154000
v 0.035168 0.885979 0.154000
v 0.035168 0.872615 0.154000
v 0.035130 0.872192 0.154000
v 0.035014 0.871801 0.154000
v 0.034822 0.871444 0.154000
v 0.034553 0.871120 0.154000
v 0.034229 0.870851 0.154000
v 0.033871 0.870658 0.154000
v 0.033481 0.870543 0.154000
v 0.033058 0.870505 0.154000
v -0.016177 0.870505 0.154000
v -0.016562 0.870450 0.154000
v -0.016837 0.870285 0.154000
v -0.017002 0.870010 0.154000
v -0.017057 0.869625 0.154000
v -0.017232 0.837974 0.154000
v -0.017210 0.837661 0.154000
v -0.017144 0.837425 0.154000
v -0.017035 0.837265 0.154000
v -0.016881 0.837183 0.154000
v -0.016705 0.837166 0.154000
v -0.016529 0.837205 0.154000
v -0.016353 0.837298 0.154000
v -0.016177 0.837446 0.154000
v -0.011836 0.840139 0.154000
v -0.007078 0.842062 0.154000
v -0.001901 0.843216 0.154000
v 0.003693 0.843601 0.154000
v 0.009644 0.843211 0.154000
v 0.015188 0.842040 0.154000
v 0.020326 0.840090 0.154000
v 0.025057 0.837359 0.154000
v 0.029228 0.833946 0.154000
v 0.032684 0.829951 0.154000
v 0.035426 0.825374 0.154000
v 0.037454 0.820214 0.154000
v 0.037454 0.820214 0.156000
v 0.038454 0.816225 0.154000
v 0.038454 0.816225 0.156000
v 0.039169 0.812169 0.154000
v 0.039169 0.812169 0.156000
v 0.039597 0.808048 0.154000
v 0.039597 0.808048 0.156000
v 0.039740 0.803861 0.154000
v 0.039740 0.803861 0.156000
v 0.039597 0.799784 0.154000
v 0.039597 0.799784 0.156000
v 0.039169 0.795816 0.154000
v 0.039169 0.795816 0.156000
v 0.038454 0.791959 0.154000
v 0.038454 0.791959 0.156000
v 0.037454 0.788211 0.154000
v 0.037454 0.788211 0.156000
v 0.035223 0.782875 0.154000
v 0.035223 0.782875 0.156000
v 0.032223 0.778122 0.154000
v 0.032223 0.778122 0.156000
v 0.028453 0.773951 0.154000
v 0.028453 0.773951 0.156000
v 0.023914 0.770363 0.154000
v 0.023914 0.770363 0.156000
v 0.018782 0.767478 0.154000
v 0.018782 0.767478 0.156000
v 0.013232 0.765418 0.154000
v 0.013232 0.765418 0.156000
v 0.007264 0.764181 0.154000
v 0.007264 0.764181 0.156000
v 0.000879 0.763769 0.154000
v 0.000879 0.763769 0.156000
v -0.005418 0.764170 0.154000
v -0.005418 0.764170 0.156000
v -0.011298 0.765374 0.154000
v -0.011298 0.765374 0.156000
v -0.016760 0.767379 0.154000
v -0.016760 0.767379 0.156000
v -0.021804 0.770187 0.154000
v -0.021804 0.770187 0.156000
v -0.026277 0.773677 0.154000
v -0.026277 0.773677 0.156000
v -0.030025 0.777726 0.154000
v -0.030025 0.777726 0.156000
v -0.033047 0.782337 0.154000
v -0.033047 0.782337 0.156000
v -0.035344 0.787508 0.154000
v -0.035344 0.787508 0.156000
v -0.036014 0.789508 0.154000
v -0.036014 0.789508 0.156000
v -0.036619 0.791640 0.154000
v -0.036619 0.791640 0.156000
v -0.037157 0.793904 0.154000
v -0.037157 0.793904 0.156000
v -0.037630 0.796300 0.154000
v -0.037630 0.796300 0.156000
v -0.037630 0.796651 0.154000
v -0.037630 0.796651 0.156000
v -0.037498 0.797498 0.154000
v -0.037498 0.797498 0.156000
v -0.037102 0.798102 0.154000
v -0.037102 0.798102 0.156000
v -0.036443 0.798465 0.154000
v -0.036443 0.798465 0.156000
v -0.035520 0.798586 0.154000
v -0.035520 0.798586 0.156000
v -0.018815 0.798586 0.154000
v -0.018815 0.798586 0.156000
v -0.018013 0.798465 0.154000
v -0.018013 0.798465 0.156000
v -0.017364 0.798102 0.154000
v -0.017364 0.798102 0.156000
v -0.016870 0.797498 0.154000
v -0.016870 0.797498 0.156000
v -0.016529 0.796651 0.154000
v -0.016529 0.796651 0.156000
v -0.016408 0.796058 0.154000
v -0.016408 0.796058 0.156000
v -0.016221 0.795333 0.154000
v -0.016221 0.795333 0.156000
v -0.015969 0.794475 0.154000
v -0.015969 0.794475 0.156000
v -0.015650 0.793486 0.154000
v -0.015650 0.793486 0.156000
v -0.014540 0.790750 0.154000
v -0.014540 0.790750 0.156000
v -0.013144 0.788343 0.154000
v -0.013144 0.788343 0.156000
v -0.011463 0.786266 0.154000
v -0.011463 0.786266 0.156000
v -0.009495 0.784518 0.154000
v -0.009495 0.784518 0.156000
v -0.007275 0.783134 0.154000
v -0.007275 0.783134 0.156000
v -0.004836 0.782144 0.154000
v -0.004836 0.782144 0.156000
v -0.002176 0.781551 0.154000
v -0.002176 0.781551 0.156000
v 0.000703 0.781353 0.154000
v 0.000703 0.781353 0.156000
v 0.003671 0.781568 0.154000
v 0.003671 0.781568 0.156000
v 0.006418 0.782210 0.154000
v 0.006418 0.782210 0.156000
v 0.008946 0.783282 0.154000
v 0.008946 0.783282 0.156000
v 0.011254 0.784782 0.154000
v 0.011254 0.784782 0.156000
v 0.013287 0.786656 0.154000
v 0.013287 0.786656 0.156000
v 0.014990 0.788848 0.154000
v 0.014990 0.788848 0.156000
v 0.016364 0.791360 0.154000
v 0.016364 0.791360 0.156000
v 0.017408 0.794190 0.154000
v 0.017408 0.794190 0.156000
v 0.018101 0.796377 0.154000
v 0.018101 0.796377 0.156000
v 0.018595 0.798717 0.154000
v 0.018595 0.798717 0.156000
v 0.018892 0.801212 0.154000
v 0.018892 0.801212 0.156000
v 0.018991 0.803861 0.154000
v 0.018991 0.803861 0.156000
v 0.018903 0.806400 0.154000
v 0.018903 0.806400 0.156000
v 0.018639 0.808916 0.154000
v 0.018639 0.808916 0.156000
v 0.018200 0.811411 0.154000
v 0.018200 0.811411 0.156000
v 0.017584 0.813884 0.154000
v 0.017584 0.813884 0.156000
v 0.016771 0.816615 0.154000
v 0.016771 0.816615 0.156000
v 0.015562 0.819005 0.154000
v 0.015562 0.819005 0.156000
v 0.013957 0.821055 0.154000
v 0.013957 0.821055 0.156000
v 0.011957 0.822764 0.154000
v 0.011957 0.822764 0.156000
v 0.009638 0.824110 0.154000
v 0.009638 0.824110 0.156000
v 0.007078 0.825072 0.154000
v 0.007078 0.825072 0.156000
v 0.004275 0.825649 0.154000
v 0.004275 0.825649 0.156000
v 0.001231 0.825841 0.154000
v 0.001231 0.825841 0.156000
v -0.001687 0.825671 0.154000
v -0.001687 0.825671 0.156000
v -0.004462 0.825160 0.154000
v -0.004462 0.825160 0.156000
v -0.007094 0.824308 0.154000
v -0.007094 0.824308 0.156000
v -0.009583 0.823115 0.154000
v -0.009583 0.823115 0.156000
v -0.011787 0.821648 0.154000
v -0.011787 0.821648 0.156000
v -0.013562 0.819972 0.154000
v -0.013562 0.819972 0.156000
v -0.014908 0.818087 0.154000
v -0.014908 0.818087 0.156000
v -0.015826 0.815994 0.154000
v -0.015826 0.815994 0.156000
v -0.016243 0.815225 0.154000
v -0.016243 0.815225 0.156000
v -0.016793 0.814675 0.154000
v -0.016793 0.814675 0.156000
v -0.017474 0.814345 0.154000
v -0.017474 0.814345 0.156000
v -0.018287 0.814235 0.154000
v -0.018287 0.814235 0.156000
v -0.035344 0.814235 0.154000
v -0.035344 0.814235 0.156000
v -0.035767 0.814274 0.154000
v -0.035767 0.814274 0.156000
v -0.036157 0.814389 0.154000
v -0.036157 0.814389 0.156000
v -0.036514 0.814582 0.154000
v -0.036514 0.814582 0.156000
v -0.036839 0.814851 0.154000
v -0.036839 0.814851 0.156000
v -0.037108 0.815175 0.154000
v -0.037108 0.815175 0.156000
v -0.037300 0.815532 0.154000
v -0.037300 0.815532 0.156000
v -0.037416 0.815922 0.154000
v -0.037416 0.815922 0.156000
v -0.037454 0.816346 0.154000
v -0.037454 0.816346 0.156000
v -0.037454 0.885979 0.154000
v -0.037454 0.885979 0.156000
v -0.037416 0.886402 0.154000
v -0.037416 0.886402 0.156000
v -0.037300 0.886792 0.154000
v -0.037300 0.886792 0.156000
v -0.037108 0.887149 0.154000
v -0.037108 0.887149 0.156000
v -0.036839 0.887473 0.154000
v -0.036839 0.887473 0.156000
v -0.036514 0.887743 0.154000
v -0.036514 0.887743 0.156000
v -0.036157 0.887935 0.154000
v -0.036157 0.887935 0.156000
v -0.035767 0.888050 0.154000
v -0.035767 0.888050 0.156000
v -0.035344 0.888089 0.154000
v -0.035344 0.888089 0.156000
v 0.033058 0.888089 0.154000
v 0.033058 0.888089 0.156000
v 0.033481 0.888050 0.154000
v 0.033481 0.888050 0.156000
v 0.033871 0.887935 0.154000
v 0.033871 0.887935 0.156000
v 0.034229 0.887743 0.154000
v 0.034229 0.887743 0.156000
v 0.034553 0.887473 0.154000
v 0.034553 0.887473 0.156000
v 0.034822 0.887149 0.154000
v 0.034822 0.887149 0.156000
v 0.035014 0.886792 0.154000
v 0.035014 0.886792 0.156000
v 0.035130 0.886402 0.154000
v 0.035130 0.886402 0.156000
v 0.035168 0.885979 0.154000
v 0.035168 0.885979 0.156000
v 0.035168 0.872615 0.154000
v 0.035168 0.872615 0.156000
v 0.035130 0.872192 0.154000
v 0.035130 0.872192 0.156000
v 0.035014 0.871801 0.154000
v 0.035014 0.871801 0.156000
v 0.034822 0.871444 0.154000
v 0.034822 0.871444 0.156000
v 0.034553 0.871120 0.154000
v 0.034553 0.871120 0.156000
v 0.034229 0.870851 0.154000
v 0.034229 0.870851 0.156000
v 0.033871 0.870658 0.154000
v 0.033871 0.870658 0.156000
v 0.033481 0.870543 0.154000
v 0.033481 0.870543 0.156000
v 0.033058 0.870505 0.154000
v 0.033058 0.870505 0.156000
v -0.016177 0.870505 0.154000
v -0.016177 0.870505 0.156000
v -0.016562 0.870450 0.154000
v -0.016562 0.870450 0.156000
v -0.016837 0.870285 0.154000
v -0.016837 0.870285 0.156000
v -0.017002 0.870010 0.154000
v -0.017002 0.870010 0.156000
v -0.017057 0.869625 0.154000
v -0.017057 0.869625 0.156000
v -0.017232 0.837974 0.154000
v -0.017232 0.837974 0.156000
v -0.017210 0.837661 0.154000
v -0.017210 0.837661 0.156000
v -0.017144 0.837425 0.154000
v -0.017144 0.837425 0.156000
v -0.017035 0.837265 0.154000
v -0.017035 0.837265 0.156000
v -0.016881 0.837183 0.154000
v -0.016881 0.837183 0.156000
v -0.016705 0.837166 0.154000
v -0.016705 0.837166 0.156000
v -0.016529 0.837205 0.154000
v -0.016529 0.837205 0.156000
v -0.016353 0.837298 0.154000
v -0.016353 0.837298 0.156000
v -0.016177 0.837446 0.154000
v -0.016177 0.837446 0.156000
v -0.011836 0.840139 0.154000
v -0.011836 0.840139 0.156000
v -0.007078 0.842062 0.154000
v -0.007078 0.842062 0.156000
v -0.001901 0.843216 0.154000
v -0.001901 0.843216 0.156000
v 0.003693 0.843601 0.154000
v 0.003693 0.843601 0.156000
v 0.009644 0.843211 0.154000
v 0.009644 0.843211 0.156000
v 0.015188 0.842040 0.154000
v 0.015188 0.842040 0.156000
v 0.020326 0.840090 0.154000
v 0.020326 0.840090 0.156000
v 0.025057 0.837359 0.154000
v 0.025057 0.837359 0.156000
v 0.029228 0.833946 0.154000
v 0.029228 0.833946 0.156000
v 0.032684 0.829951 0.154000
v 0.032684 0.829951 0.156000
v 0.035426 0.825374 0.154000
v 0.035426 0.825374 0.156000
v 0.111221 0.264294 0.156000
v 0.111315 0.264285 0.156000
v 0.111402 0.264259 0.156000
v 0.111481 0.264217 0.156000
v 0.111553 0.264157 0.156000
v 0.111612 0.264085 0.156000
v 0.111655 0.264006 0.156000
v 0.111681 0.263919 0.156000
v 0.111689 0.263826 0.156000
v 0.111689 0.260823 0.156000
v 0.111681 0.260730 0.156000
v 0.111655 0.260643 0.156000
v 0.111612 0.260564 0.156000
v 0.111553 0.260492 0.156000
v 0.111481 0.260432 0.156000
v 0.111402 0.260390 0.156000
v 0.111315 0.260364 0.156000
v 0.111221 0.260355 0.156000
v 0.104047 0.260355 0.156000
v 0.103962 0.260343 0.156000
v 0.103901 0.260307 0.156000
v 0.103864 0.260246 0.156000
v 0.103852 0.260161 0.156000
v 0.103852 0.237468 0.156000
v 0.103844 0.237374 0.156000
v 0.103818 0.237288 0.156000
v 0.103775 0.237208 0.156000
v 0.103716 0.237136 0.156000
v 0.103644 0.237077 0.156000
v 0.103565 0.237034 0.156000
v 0.103478 0.237009 0.156000
v 0.103384 0.237000 0.156000
v 0.099797 0.237000 0.156000
v 0.099703 0.237009 0.156000
v 0.099617 0.237034 0.156000
v 0.099537 0.237077 0.156000
v 0.099466 0.237136 0.156000
v 0.099406 0.237208 0.156000
v 0.099363 0.237288 0.156000
v 0.099338 0.237374 0.156000
v 0.099329 0.237468 0.156000
v 0.099329 0.260161 0.156000
v 0.099317 0.260246 0.156000
v 0.099280 0.260307 0.156000
v 0.099219 0.260343 0.156000
v 0.099134 0.260355 0.156000
v 0.092233 0.260355 0.156000
v 0.092139 0.260364 0.156000
v 0.092052 0.260390 0.156000
v 0.091973 0.260432 0.156000
v 0.091901 0.260492 0.156000
v 0.091842 0.260564 0.156000
v 0.091799 0.260643 0.156000
v 0.091773 0.260730 0.156000
v 0.091765 0.260823 0.156000
v 0.091765 0.263826 0.156000
v 0.091773 0.263919 0.156000
v 0.091799 0.264006 0.156000
v 0.091842 0.264085 0.156000
v 0.091901 0.264157 0.156000
v 0.091973 0.264217 0.156000
v 0.092052 0.264259 0.156000
v 0.092139 0.264285 0.156000
v 0.092233 0.264294 0.156000
v 0.083070 0.263826 0.156000
v 0.083078 0.263919 0.156000
v 0.083104 0.264006 0.156000
v 0.083147 0.264085 0.156000
v 0.083206 0.264157 0.156000
v 0.083278 0.264217 0.156000
v 0.083358 0.264259 0.156000
v 0.083444 0.264285 0.156000
v 0.083538 0.264294 0.156000
v 0.087125 0.264294 0.156000
v 0.087219 0.264285 0.156000
v 0.087305 0.264259 0.156000
v 0.087385 0.264217 0.156000
v 0.087456 0.264157 0.156000
v 0.087516 0.264085 0.156000
v 0.087559 0.264006 0.156000
v 0.087584 0.263919 0.156000
v 0.087593 0.263826 0.156000
v 0.087593 0.237468 0.156000
v 0.087584 0.237374 0.156000
v 0.087559 0.237288 0.156000
v 0.087516 0.237208 0.156000
v 0.087456 0.237136 0.156000
v 0.087385 0.237077 0.156000
v 0.087305 0.237034 0.156000
v 0.087219 0.237009 0.156000
v 0.087125 0.237000 0.156000
v 0.083655 0.237000 0.156000
v 0.083474 0.237019 0.156000
v 0.083323 0.237078 0.156000
v 0.083202 0.237175 0.156000
v 0.083109 0.237312 0.156000
v 0.071880 0.255716 0.156000
v 0.071841 0.255766 0.156000
v 0.071802 0.255798 0.156000
v 0.071763 0.255814 0.156000
v 0.071724 0.255813 0.156000
v 0.071690 0.255795 0.156000
v 0.071665 0.255759 0.156000
v 0.071651 0.255707 0.156000
v 0.071646 0.255638 0.156000
v 0.071724 0.237468 0.156000
v 0.071715 0.237374 0.156000
v 0.071690 0.237288 0.156000
v 0.071647 0.237208 0.156000
v 0.071587 0.237136 0.156000
v 0.071515 0.237077 0.156000
v 0.071436 0.237034 0.156000
v 0.071350 0.237009 0.156000
v 0.071256 0.237000 0.156000
v 0.067669 0.237000 0.156000
v 0.067575 0.237009 0.156000
v 0.067488 0.237034 0.156000
v 0.067409 0.237077 0.156000
v 0.067337 0.237136 0.156000
v 0.067277 0.237208 0.156000
v 0.067235 0.237288 0.156000
v 0.067209 0.237374 0.156000
v 0.067201 0.237468 0.156000
v 0.067201 0.263826 0.156000
v 0.067209 0.263919 0.156000
v 0.067235 0.264006 0.156000
v 0.067277 0.264085 0.156000
v 0.067337 0.264157 0.156000
v 0.067409 0.264217 0.156000
v 0.067488 0.264259 0.156000
v 0.067575 0.264285 0.156000
v 0.067669 0.264294 0.156000
v 0.071139 0.264294 0.156000
v 0.071319 0.264274 0.156000
v 0.071470 0.264216 0.156000
v 0.071592 0.264118 0.156000
v 0.071685 0.263982 0.156000
v 0.082875 0.245578 0.156000
v 0.082914 0.245528 0.156000
v 0.082953 0.245495 0.156000
v 0.082992 0.245479 0.156000
v 0.083031 0.245480 0.156000
v 0.083065 0.245499 0.156000
v 0.083089 0.245534 0.156000
v 0.083104 0.245587 0.156000
v 0.083109 0.245656 0.156000
v 0.058857 0.237000 0.156000
v 0.058679 0.237024 0.156000
v 0.058535 0.237097 0.156000
v 0.058425 0.237219 0.156000
v 0.058350 0.237390 0.156000
v 0.057063 0.241562 0.156000
v 0.057022 0.241630 0.156000
v 0.056975 0.241679 0.156000
v 0.056924 0.241708 0.156000
v 0.056868 0.241718 0.156000
v 0.046575 0.241718 0.156000
v 0.046519 0.241708 0.156000
v 0.046467 0.241679 0.156000
v 0.046421 0.241630 0.156000
v 0.046380 0.241562 0.156000
v 0.045093 0.237390 0.156000
v 0.045017 0.237219 0.156000
v 0.044908 0.237097 0.156000
v 0.044764 0.237024 0.156000
v 0.044586 0.237000 0.156000
v 0.040687 0.237000 0.156000
v 0.040577 0.237009 0.156000
v 0.040482 0.237034 0.156000
v 0.040402 0.237077 0.156000
v 0.040336 0.237136 0.156000
v 0.040290 0.237213 0.156000
v 0.040268 0.237307 0.156000
v 0.040270 0.237418 0.156000
v 0.040297 0.237546 0.156000
v 0.048758 0.263904 0.156000
v 0.048834 0.264074 0.156000
v 0.048943 0.264196 0.156000
v 0.049087 0.264269 0.156000
v 0.049265 0.264294 0.156000
v 0.054139 0.264294 0.156000
v 0.054317 0.264269 0.156000
v 0.054460 0.264196 0.156000
v 0.054570 0.264074 0.156000
v 0.054646 0.263904 0.156000
v 0.063146 0.237546 0.156000
v 0.063163 0.237504 0.156000
v 0.063175 0.237458 0.156000
v 0.063182 0.237407 0.156000
v 0.063185 0.237351 0.156000
v 0.063158 0.237197 0.156000
v 0.063077 0.237088 0.156000
v 0.062943 0.237022 0.156000
v 0.062756 0.237000 0.156000
v 0.047588 0.245500 0.156000
v 0.047583 0.245398 0.156000
v 0.047608 0.245325 0.156000
v 0.047661 0.245281 0.156000
v 0.047744 0.245266 0.156000
v 0.055659 0.245266 0.156000
v 0.055757 0.245281 0.156000
v 0.055815 0.245325 0.156000
v 0.055835 0.245398 0.156000
v 0.055815 0.245500 0.156000
v 0.051799 0.258562 0.156000
v 0.051777 0.258630 0.156000
v 0.051751 0.258679 0.156000
v 0.051719 0.258708 0.156000
v 0.051682 0.258718 0.156000
v 0.051646 0.258708 0.156000
v 0.051614 0.258679 0.156000
v 0.051587 0.258630 0.156000
v 0.051565 0.258562 0.156000
v 0.031719 0.263826 0.156000
v 0.031728 0.263919 0.156000
v 0.031753 0.264006 0.156000
v 0.031796 0.264085 0.156000
v 0.031856 0.264157 0.156000
v 0.031927 0.264217 0.156000
v 0.032007 0.264259 0.156000
v 0.032093 0.264285 0.156000
v 0.032187 0.264294 0.156000
v 0.035774 0.264294 0.156000
v 0.035868 0.264285 0.156000
v 0.035954 0.264259 0.156000
v 0.036034 0.264217 0.156000
v 0.036106 0.264157 0.156000
v 0.036165 0.264085 0.156000
v 0.036208 0.264006 0.156000
v 0.036233 0.263919 0.156000
v 0.036242 0.263826 0.156000
v 0.036242 0.237468 0.156000
v 0.036233 0.237374 0.156000
v 0.036208 0.237288 0.156000
v 0.036165 0.237208 0.156000
v 0.036106 0.237136 0.156000
v 0.036034 0.237077 0.156000
v 0.035954 0.237034 0.156000
v 0.035868 0.237009 0.156000
v 0.035774 0.237000 0.156000
v 0.032304 0.237000 0.156000
v 0.032124 0.237019 0.156000
v 0.031972 0.237078 0.156000
v 0.031851 0.237175 0.156000
v 0.031758 0.237312 0.156000
v 0.020529 0.255716 0.156000
v 0.020490 0.255766 0.156000
v 0.020451 0.255798 0.156000
v 0.020412 0.255814 0.156000
v 0.020373 0.255813 0.156000
v 0.020339 0.255795 0.156000
v 0.020314 0.255759 0.156000
v 0.020300 0.255707 0.156000
v 0.020295 0.255638 0.156000
v 0.020373 0.237468 0.156000
v 0.020364 0.237374 0.156000
v 0.020339 0.237288 0.156000
v 0.020296 0.237208 0.156000
v 0.020236 0.237136 0.156000
v 0.020164 0.237077 0.156000
v 0.020085 0.237034 0.156000
v 0.019999 0.237009 0.156000
v 0.019905 0.237000 0.156000
v 0.016318 0.237000 0.156000
v 0.016224 0.237009 0.156000
v 0.016137 0.237034 0.156000
v 0.016058 0.237077 0.156000
v 0.015986 0.237136 0.156000
v 0.015927 0.237208 0.156000
v 0.015884 0.237288 0.156000
v 0.015858 0.237374 0.156000
v 0.015850 0.237468 0.156000
v 0.015850 0.263826 0.156000
v 0.015858 0.263919 0.156000
v 0.015884 0.264006 0.156000
v 0.015927 0.264085 0.156000
v 0.015986 0.264157 0.156000
v 0.016058 0.264217 0.156000
v 0.016137 0.264259 0.156000
v 0.016224 0.264285 0.156000
v 0.016318 0.264294 0.156000
v 0.019788 0.264294 0.156000
v 0.019968 0.264274 0.156000
v 0.020119 0.264216 0.156000
v 0.020241 0.264118 0.156000
v 0.020334 0.263982 0.156000
v 0.031524 0.245578 0.156000
v 0.031563 0.245528 0.156000
v 0.031602 0.245495 0.156000
v 0.031641 0.245479 0.156000
v 0.031680 0.245480 0.156000
v 0.031714 0.245499 0.156000
v 0.031739 0.245534 0.156000
v 0.031753 0.245587 0.156000
v 0.031758 0.245656 0.156000
v 0.011249 0.260862 0.156000
v 0.011240 0.260769 0.156000
v 0.011215 0.260682 0.156000
v 0.011172 0.260603 0.156000
v 0.011112 0.260531 0.156000
v 0.011040 0.260471 0.156000
v 0.010961 0.260429 0.156000
v 0.010875 0.260403 0.156000
v 0.010781 0.260394 0.156000
v -0.002515 0.260394 0.156000
v -0.002600 0.260382 0.156000
v -0.002661 0.260346 0.156000
v -0.002698 0.260285 0.156000
v -0.002710 0.260200 0.156000
v -0.002710 0.252908 0.156000
v -0.002698 0.252823 0.156000
v -0.002661 0.252762 0.156000
v -0.002600 0.252725 0.156000
v -0.002515 0.252713 0.156000
v 0.006414 0.252713 0.156000
v 0.006508 0.252705 0.156000
v 0.006594 0.252679 0.156000
v 0.006674 0.252637 0.156000
v 0.006745 0.252577 0.156000
v 0.006805 0.252505 0.156000
v 0.006848 0.252426 0.156000
v 0.006873 0.252339 0.156000
v 0.006882 0.252245 0.156000
v 0.006882 0.249282 0.156000
v 0.006873 0.249188 0.156000
v 0.006848 0.249102 0.156000
v 0.006805 0.249023 0.156000
v 0.006745 0.248951 0.156000
v 0.006674 0.248891 0.156000
v 0.006594 0.248848 0.156000
v 0.006508 0.248823 0.156000
v 0.006414 0.248814 0.156000
v -0.002515 0.248814 0.156000
v -0.002600 0.248802 0.156000
v -0.002661 0.248765 0.156000
v -0.002698 0.248705 0.156000
v -0.002710 0.248619 0.156000
v -0.002710 0.241094 0.156000
v -0.002698 0.241009 0.156000
v -0.002661 0.240948 0.156000
v -0.002600 0.240911 0.156000
v -0.002515 0.240899 0.156000
v 0.010781 0.240899 0.156000
v 0.010875 0.240891 0.156000
v 0.010961 0.240865 0.156000
v 0.011040 0.240822 0.156000
v 0.011112 0.240763 0.156000
v 0.011172 0.240691 0.156000
v 0.011215 0.240611 0.156000
v 0.011240 0.240525 0.156000
v 0.011249 0.240431 0.156000
v 0.011249 0.237468 0.156000
v 0.011240 0.237374 0.156000
v 0.011215 0.237288 0.156000
v 0.011172 0.237208 0.156000
v 0.011112 0.237136 0.156000
v 0.011040 0.237077 0.156000
v 0.010961 0.237034 0.156000
v 0.010875 0.237009 0.156000
v 0.010781 0.237000 0.156000
v -0.006765 0.237000 0.156000
v -0.006859 0.237009 0.156000
v -0.006945 0.237034 0.156000
v -0.007024 0.237077 0.156000
v -0.007096 0.237136 0.156000
v -0.007156 0.237208 0.156000
v -0.007199 0.237288 0.156000
v -0.007224 0.237374 0.156000
v -0.007233 0.237468 0.156000
v -0.007233 0.263826 0.156000
v -0.007224 0.263919 0.156000
v -0.007199 0.264006 0.156000
v -0.007156 0.264085 0.156000
v -0.007096 0.264157 0.156000
v -0.007024 0.264217 0.156000
v -0.006945 0.264259 0.156000
v -0.006859 0.264285 0.156000
v -0.006765 0.264294 0.156000
v 0.010781 0.264294 0.156000
v 0.010875 0.264285 0.156000
v 0.010961 0.264259 0.156000
v 0.011040 0.264217 0.156000
v 0.011112 0.264157 0.156000
v 0.011172 0.264085 0.156000
v 0.011215 0.264006 0.156000
v 0.011240 0.263919 0.156000
v 0.011249 0.263826 0.156000
v -0.011873 0.264294 0.156000
v -0.011779 0.264285 0.156000
v -0.011692 0.264259 0.156000
v -0.011613 0.264217 0.156000
v -0.011541 0.264157 0.156000
v -0.011482 0.264085 0.156000
v -0.011439 0.264006 0.156000
v -0.011413 0.263919 0.156000
v -0.011405 0.263826 0.156000
v -0.011405 0.260823 0.156000
v -0.011413 0.260730 0.156000
v -0.011439 0.260643 0.156000
v -0.011482 0.260564 0.156000
v -0.011541 0.260492 0.156000
v -0.011613 0.260432 0.156000
v -0.011692 0.260390 0.156000
v -0.011779 0.260364 0.156000
v -0.011873 0.260355 0.156000
v -0.019047 0.260355 0.156000
v -0.019132 0.260343 0.156000
v -0.019193 0.260307 0.156000
v -0.019230 0.260246 0.156000
v -0.019242 0.260161 0.156000
v -0.019242 0.237468 0.156000
v -0.019251 0.237374 0.156000
v -0.019276 0.237288 0.156000
v -0.019319 0.237208 0.156000
v -0.019378 0.237136 0.156000
v -0.019450 0.237077 0.156000
v -0.019530 0.237034 0.156000
v -0.019616 0.237009 0.156000
v -0.019710 0.237000 0.156000
v -0.023297 0.237000 0.156000
v -0.023391 0.237009 0.156000
v -0.023477 0.237034 0.156000
v -0.023557 0.237077 0.156000
v -0.023628 0.237136 0.156000
v -0.023688 0.237208 0.156000
v -0.023731 0.237288 0.156000
v -0.023756 0.237374 0.156000
v -0.023765 0.237468 0.156000
v -0.023765 0.260161 0.156000
v -0.023777 0.260246 0.156000
v -0.023814 0.260307 0.156000
v -0.023875 0.260343 0.156000
v -0.023960 0.260355 0.156000
v -0.030861 0.260355 0.156000
v -0.030955 0.260364 0.156000
v -0.031042 0.260390 0.156000
v -0.031121 0.260432 0.156000
v -0.031193 0.260492 0.156000
v -0.031252 0.260564 0.156000
v -0.031295 0.260643 0.156000
v -0.031321 0.260730 0.156000
v -0.031329 0.260823 0.156000
v -0.031329 0.263826 0.156000
v -0.031321 0.263919 0.156000
v -0.031295 0.264006 0.156000
v -0.031252 0.264085 0.156000
v -0.031193 0.264157 0.156000
v -0.031121 0.264217 0.156000
v -0.031042 0.264259 0.156000
v -0.030955 0.264285 0.156000
v -0.030861 0.264294 0.156000
v -0.045054 0.236688 0.156000
v -0.046455 0.236759 0.156000
v -0.047774 0.236971 0.156000
v -0.049009 0.237324 0.156000
v -0.050162 0.237819 0.156000
v -0.051211 0.238444 0.156000
v -0.052136 0.239188 0.156000
v -0.052936 0.240052 0.156000
v -0.053612 0.241036 0.156000
v -0.054150 0.242119 0.156000
v -0.054534 0.243282 0.156000
v -0.054764 0.244526 0.156000
v -0.054841 0.245851 0.156000
v -0.054841 0.263826 0.156000
v -0.054832 0.263919 0.156000
v -0.054806 0.264006 0.156000
v -0.054764 0.264085 0.156000
v -0.054704 0.264157 0.156000
v -0.054632 0.264217 0.156000
v -0.054553 0.264259 0.156000
v -0.054467 0.264285 0.156000
v -0.054373 0.264294 0.156000
v -0.050786 0.264294 0.156000
v -0.050692 0.264285 0.156000
v -0.050605 0.264259 0.156000
v -0.050526 0.264217 0.156000
v -0.050454 0.264157 0.156000
v -0.050394 0.264085 0.156000
v -0.050352 0.264006 0.156000
v -0.050326 0.263919 0.156000
v -0.050318 0.263826 0.156000
v -0.050318 0.245773 0.156000
v -0.050227 0.244676 0.156000
v -0.049957 0.243687 0.156000
v -0.049506 0.242805 0.156000
v -0.048875 0.242030 0.156000
v -0.048095 0.241399 0.156000
v -0.047198 0.240948 0.156000
v -0.046185 0.240677 0.156000
v -0.045054 0.240587 0.156000
v -0.043923 0.240677 0.156000
v -0.042909 0.240948 0.156000
v -0.042013 0.241399 0.156000
v -0.041233 0.242030 0.156000
v -0.040602 0.242805 0.156000
v -0.040151 0.243687 0.156000
v -0.039880 0.244676 0.156000
v -0.039790 0.245773 0.156000
v -0.039790 0.263826 0.156000
v -0.039782 0.263919 0.156000
v -0.039756 0.264006 0.156000
v -0.039713 0.264085 0.156000
v -0.039654 0.264157 0.156000
v -0.039582 0.264217 0.156000
v -0.039503 0.264259 0.156000
v -0.039416 0.264285 0.156000
v -0.039322 0.264294 0.156000
v -0.035735 0.264294 0.156000
v -0.035641 0.264285 0.156000
v -0.035555 0.264259 0.156000
v -0.035476 0.264217 0.156000
v -0.035404 0.264157 0.156000
v -0.035344 0.264085 0.156000
v -0.035301 0.264006 0.156000
v -0.035276 0.263919 0.156000
v -0.035267 0.263826 0.156000
v -0.035267 0.245851 0.156000
v -0.035343 0.244526 0.156000
v -0.035569 0.243282 0.156000
v -0.035947 0.242119 0.156000
v -0.036476 0.241036 0.156000
v -0.037144 0.240052 0.156000
v -0.037938 0.239188 0.156000
v -0.038859 0.238444 0.156000
v -0.039907 0.237819 0.156000
v -0.041062 0.237324 0.156000
v -0.042305 0.236971 0.156000
v -0.043636 0.236759 0.156000
v -0.059208 0.260862 0.156000
v -0.059216 0.260769 0.156000
v -0.059242 0.260682 0.156000
v -0.059284 0.260603 0.156000
v -0.059344 0.260531 0.156000
v -0.059416 0.260471 0.156000
v -0.059495 0.260429 0.156000
v -0.059582 0.260403 0.156000
v -0.059675 0.260394 0.156000
v -0.072971 0.260394 0.156000
v -0.073057 0.260382 0.156000
v -0.073118 0.260346 0.156000
v -0.073154 0.260285 0.156000
v -0.073166 0.260200 0.156000
v -0.073166 0.252908 0.156000
v -0.073154 0.252823 0.156000
v -0.073118 0.252762 0.156000
v -0.073057 0.252725 0.156000
v -0.072971 0.252713 0.156000
v -0.064042 0.252713 0.156000
v -0.063949 0.252705 0.156000
v -0.063862 0.252679 0.156000
v -0.063783 0.252637 0.156000
v -0.063711 0.252577 0.156000
v -0.063651 0.252505 0.156000
v -0.063609 0.252426 0.156000
v -0.063583 0.252339 0.156000
v -0.063575 0.252245 0.156000
v -0.063575 0.249282 0.156000
v -0.063583 0.249188 0.156000
v -0.063609 0.249102 0.156000
v -0.063651 0.249023 0.156000
v -0.063711 0.248951 0.156000
v -0.063783 0.248891 0.156000
v -0.063862 0.248848 0.156000
v -0.063949 0.248823 0.156000
v -0.064042 0.248814 0.156000
v -0.072971 0.248814 0.156000
v -0.073057 0.248802 0.156000
v -0.073118 0.248765 0.156000
v -0.073154 0.248705 0.156000
v -0.073166 0.248619 0.156000
v -0.073166 0.241094 0.156000
v -0.073154 0.241009 0.156000
v -0.073118 0.240948 0.156000
v -0.073057 0.240911 0.156000
v -0.072971 0.240899 0.156000
v -0.059675 0.240899 0.156000
v -0.059582 0.240891 0.156000
v -0.059495 0.240865 0.156000
v -0.059416 0.240822 0.156000
v -0.059344 0.240763 0.156000
v -0.059284 0.240691 0.156000
v -0.059242 0.240611 0.156000
v -0.059216 0.240525 0.156000
v -0.059208 0.240431 0.156000
v -0.059208 0.237468 0.156000
v -0.059216 0.237374 0.156000
v -0.059242 0.237288 0.156000
v -0.059284 0.237208 0.156000
v -0.059344 0.237136 0.156000
v -0.059416 0.237077 0.156000
v -0.059495 0.237034 0.156000
v -0.059582 0.237009 0.156000
v -0.059675 0.237000 0.156000
v -0.077221 0.237000 0.156000
v -0.077315 0.237009 0.156000
v -0.077402 0.237034 0.156000
v -0.077481 0.237077 0.156000
v -0.077553 0.237136 0.156000
v -0.077612 0.237208 0.156000
v -0.077655 0.237288 0.156000
v -0.077681 0.237374 0.156000
v -0.077689 0.237468 0.156000
v -0.077689 0.263826 0.156000
v -0.077681 0.263919 0.156000
v -0.077655 0.264006 0.156000
v -0.077612 0.264085 0.156000
v -0.077553 0.264157 0.156000
v -0.077481 0.264217 0.156000
v -0.077402 0.264259 0.156000
v -0.077315 0.264285 0.156000
v -0.077221 0.264294 0.156000
v -0.059675 0.264294 0.156000
v -0.059582 0.264285 0.156000
v -0.059495 0.264259 0.156000
v -0.059416 0.264217 0.156000
v -0.059344 0.264157 0.156000
v -0.059284 0.264085 0.156000
v -0.059242 0.264006 0.156000
v -0.059216 0.263919 0.156000
v -0.059208 0.263826 0.156000
v -0.087437 0.237000 0.156000
v -0.087531 0.237009 0.156000
v -0.087617 0.237034 0.156000
v -0.087696 0.237077 0.156000
v -0.087768 0.237136 0.156000
v -0.087828 0.237208 0.156000
v -0.087871 0.237288 0.156000
v -0.087896 0.237374 0.156000
v -0.087905 0.237468 0.156000
v -0.087905 0.263826 0.156000
v -0.087896 0.263919 0.156000
v -0.087871 0.264006 0.156000
v -0.087828 0.264085 0.156000
v -0.087768 0.264157 0.156000
v -0.087696 0.264217 0.156000
v -0.087617 0.264259 0.156000
v -0.087531 0.264285 0.156000
v -0.087437 0.264294 0.156000
v -0.083850 0.264294 0.156000
v -0.083756 0.264285 0.156000
v -0.083669 0.264259 0.156000
v -0.083590 0.264217 0.156000
v -0.083518 0.264157 0.156000
v -0.083459 0.264085 0.156000
v -0.083416 0.264006 0.156000
v -0.083390 0.263919 0.156000
v -0.083382 0.263826 0.156000
v -0.083382 0.237468 0.156000
v -0.083390 0.237374 0.156000
v -0.083416 0.237288 0.156000
v -0.083459 0.237208 0.156000
v -0.083518 0.237136 0.156000
v -0.083590 0.237077 0.156000
v -0.083669 0.237034 0.156000
v -0.083756 0.237009 0.156000
v -0.083850 0.237000 0.156000
v -0.109701 0.237000 0.156000
v -0.109795 0.237009 0.156000
v -0.109881 0.237034 0.156000
v -0.109960 0.237077 0.156000
v -0.110032 0.237136 0.156000
v -0.110092 0.237208 0.156000
v -0.110134 0.237288 0.156000
v -0.110160 0.237374 0.156000
v -0.110169 0.237468 0.156000
v -0.110169 0.263826 0.156000
v -0.110160 0.263919 0.156000
v -0.110134 0.264006 0.156000
v -0.110092 0.264085 0.156000
v -0.110032 0.264157 0.156000
v -0.109960 0.264217 0.156000
v -0.109881 0.264259 0.156000
v -0.109795 0.264285 0.156000
v -0.109701 0.264294 0.156000
v -0.106114 0.264294 0.156000
v -0.106020 0.264285 0.156000
v -0.105933 0.264259 0.156000
v -0.105854 0.264217 0.156000
v -0.105782 0.264157 0.156000
v -0.105722 0.264085 0.156000
v -0.105680 0.264006 0.156000
v -0.105654 0.263919 0.156000
v -0.105646 0.263826 0.156000
v -0.105646 0.241094 0.156000
v -0.105633 0.241009 0.156000
v -0.105597 0.240948 0.156000
v -0.105536 0.240911 0.156000
v -0.105451 0.240899 0.156000
v -0.092389 0.240899 0.156000
v -0.092295 0.240891 0.156000
v -0.092208 0.240865 0.156000
v -0.092129 0.240822 0.156000
v -0.092057 0.240763 0.156000
v -0.091998 0.240691 0.156000
v -0.091955 0.240611 0.156000
v -0.091929 0.240525 0.156000
v -0.091921 0.240431 0.156000
v -0.091921 0.237468 0.156000
v -0.091929 0.237374 0.156000
v -0.091955 0.237288 0.156000
v -0.091998 0.237208 0.156000
v -0.092057 0.237136 0.156000
v -0.092129 0.237077 0.156000
v -0.092208 0.237034 0.156000
v -0.092295 0.237009 0.156000
v -0.092389 0.237000 0.156000
v 0.111221 0.264294 0.154000
v 0.111315 0.264285 0.154000
v 0.111402 0.264259 0.154000
v 0.111481 0.264217 0.154000
v 0.111553 0.264157 0.154000
v 0.111612 0.264085 0.154000
v 0.111655 0.264006 0.154000
v 0.111681 0.263919 0.154000
v 0.111689 0.263826 0.154000
v 0.111689 0.260823 0.154000
v 0.111681 0.260730 0.154000
v 0.111655 0.260643 0.154000
v 0.111612 0.260564 0.154000
v 0.111553 0.260492 0.154000
v 0.111481 0.260432 0.154000
v 0.111402 0.260390 0.154000
v 0.111315 0.260364 0.154000
v 0.111221 0.260355 0.154000
v 0.104047 0.260355 0.154000
v 0.103962 0.260343 0.154000
v 0.103901 0.260307 0.154000
v 0.103864 0.260246 0.154000
v 0.103852 0.260161 0.154000
v 0.103852 0.237468 0.154000
v 0.103844 0.237374 0.154000
v 0.103818 0.237288 0.154000
v 0.103775 0.237208 0.154000
v 0.103716 0.237136 0.154000
v 0.103644 0.237077 0.154000
v 0.103565 0.237034 0.154000
v 0.103478 0.237009 0.154000
v 0.103384 0.237000 0.154000
v 0.099797 0.237000 0.154000
v 0.099703 0.237009 0.154000
v 0.099617 0.237034 0.154000
v 0.099537 0.237077 0.154000
v 0.099466 0.237136 0.154000
v 0.099406 0.237208 0.154000
v 0.099363 0.237288 0.154000
v 0.099338 0.237374 0.154000
v 0.099329 0.237468 0.154000
v 0.099329 0.260161 0.154000
v 0.099317 0.260246 0.154000
v 0.099280 0.260307 0.154000
v 0.099219 0.260343 0.154000
v 0.099134 0.260355 0.154000
v 0.092233 0.260355 0.154000
v 0.092139 0.260364 0.154000
v 0.092052 0.260390 0.154000
v 0.091973 0.260432 0.154000
v 0.091901 0.260492 0.154000
v 0.091842 0.260564 0.154000
v 0.091799 0.260643 0.154000
v 0.091773 0.260730 0.154000
v 0.091765 0.260823 0.154000
v 0.091765 0.263826 0.154000
v 0.091773 0.263919 0.154000
v 0.091799 0.264006 0.154000
v 0.091842 0.264085 0.154000
v 0.091901 0.264157 0.154000
v 0.091973 0.264217 0.154000
v 0.092052 0.264259 0.154000
v 0.092139 0.264285 0.154000
v 0.092233 0.264294 0.154000
v 0.083070 0.263826 0.154000
v 0.083078 0.263919 0.154000
v 0.083104 0.264006 0.154000
v 0.083147 0.264085 0.154000
v 0.083206 0.264157 0.154000
v 0.083278 0.264217 0.154000
v 0.083358 0.264259 0.154000
v 0.083444 0.264285 0.154000
v 0.083538 0.264294 0.154000
v 0.087125 0.264294 0.154000
v 0.087219 0.264285 0.154000
v 0.087305 0.264259 0.154000
v 0.087385 0.264217 0.154000
v 0.087456 0.264157 0.154000
v 0.087516 0.264085 0.154000
v 0.087559 0.264006 0.154000
v 0.087584 0.263919 0.154000
v 0.087593 0.263826 0.154000
v 0.087593 0.237468 0.154000
v 0.087584 0.237374 0.154000
v 0.087559 0.237288 0.154000
v 0.087516 0.237208 0.154000
v 0.087456 0.237136 0.154000
v 0.087385 0.237077 0.154000
v 0.087305 0.237034 0.154000
v 0.087219 0.237009 0.154000
v 0.087125 0.237000 0.154000
v 0.083655 0.237000 0.154000
v 0.083474 0.237019 0.154000
v 0.083323 0.237078 0.154000
v 0.083202 0.237175 0.154000
v 0.083109 0.237312 0.154000
v 0.071880 0.255716 0.154000
v 0.071841 0.255766 0.154000
v 0.071802 0.255798 0.154000
v 0.071763 0.255814 0.154000
v 0.071724 0.255813 0.154000
v 0.071690 0.255795 0.154000
v 0.071665 0.255759 0.154000
v 0.071651 0.255707 0.154000
v 0.071646 0.255638 0.154000
v 0.071724 0.237468 0.154000
v 0.071715 0.237374 0.154000
v 0.071690 0.237288 0.154000
v 0.071647 0.237208 0.154000
v 0.071587 0.237136 0.154000
v 0.071515 0.237077 0.154000
v 0.071436 0.237034 0.154000
v 0.071350 0.237009 0.154000
v 0.071256 0.237000 0.154000
v 0.067669 0.237000 0.154000
v 0.067575 0.237009 0.154000
v 0.067488 0.237034 0.154000
v 0.067409 0.237077 0.154000
v 0.067337 0.237136 0.154000
v 0.067277 0.237208 0.154000
v 0.067235 0.237288 0.154000
v 0.067209 0.237374 0.154000
v 0.067201 0.237468 0.154000
v 0.067201 0.263826 0.154000
v 0.067209 0.263919 0.154000
v 0.067235 0.264006 0.154000
v 0.067277 0.264085 0.154000
v 0.067337 0.264157 0.154000
v 0.067409 0.264217 0.154000
v 0.067488 0.264259 0.154000
v 0.067575 0.264285 0.154000
v 0.067669 0.264294 0.154000
v 0.071139 0.264294 0.154000
v 0.071319 0.264274 0.154000
v 0.071470 0.264216 0.154000
v 0.071592 0.264118 0.154000
v 0.071685 0.263982 0.154000
v 0.082875 0.245578 0.154000
v 0.082914 0.245528 0.154000
v 0.082953 0.245495 0.154000
v 0.082992 0.245479 0.154000
v 0.083031 0.245480 0.154000
v 0.083065 0.245499 0.154000
v 0.083089 0.245534 0.154000
v 0.083104 0.245587 0.154000
v 0.083109 0.245656 0.154000
v 0.058857 0.237000 0.154000
v 0.058679 0.237024 0.154000
v 0.058535 0.237097 0.154000
v 0.058425 0.237219 0.154000
v 0.058350 0.237390 0.154000
v 0.057063 0.241562 0.154000
v 0.057022 0.241630 0.154000
v 0.056975 0.241679 0.154000
v 0.056924 0.241708 0.154000
v 0.056868 0.241718 0.154000
v 0.046575 0.241718 0.154000
v 0.046519 0.241708 0.154000
v 0.046467 0.241679 0.154000
v 0.046421 0.241630 0.154000
v 0.046380 0.241562 0.154000
v 0.045093 0.237390 0.154000
v 0.045017 0.237219 0.154000
v 0.044908 0.237097 0.154000
v 0.044764 0.237024 0.154000
v 0.044586 0.237000 0.154000
v 0.040687 0.237000 0.154000
v 0.040577 0.237009 0.154000
v 0.040482 0.237034 0.154000
v 0.040402 0.237077 0.154000
v 0.040336 0.237136 0.154000
v 0.040290 0.237213 0.154000
v 0.040268 0.237307 0.154000
v 0.040270 0.237418 0.154000
v 0.040297 0.237546 0.154000
v 0.048758 0.263904 0.154000
v 0.048834 0.264074 0.154000
v 0.048943 0.264196 0.154000
v 0.049087 0.264269 0.154000
v 0.049265 0.264294 0.154000
v 0.054139 0.264294 0.154000
v 0.054317 0.264269 0.154000
v 0.054460 0.264196 0.154000
v 0.054570 0.264074 0.154000
v 0.054646 0.263904 0.154000
v 0.063146 0.237546 0.154000
v 0.063163 0.237504 0.154000
v 0.063175 0.237458 0.154000
v 0.063182 0.237407 0.154000
v 0.063185 0.237351 0.154000
v 0.063158 0.237197 0.154000
v 0.063077 0.237088 0.154000
v 0.062943 0.237022 0.154000
v 0.062756 0.237000 0.154000
v 0.047588 0.245500 0.154000
v 0.047583 0.245398 0.154000
v 0.047608 0.245325 0.154000
v 0.047661 0.245281 0.154000
v 0.047744 0.245266 0.154000
v 0.055659 0.245266 0.154000
v 0.055757 0.245281 0.154000
v 0.055815 0.245325 0.154000
v 0.055835 0.245398 0.154000
v 0.055815 0.245500 0.154000
v 0.051799 0.258562 0.154000
v 0.051777 0.258630 0.154000
v 0.051751 0.258679 0.154000
v 0.051719 0.258708 0.154000
v 0.051682 0.258718 0.154000
v 0.051646 0.258708 0.154000
v 0.051614 0.258679 0.154000
v 0.051587 0.258630 0.154000
v 0.051565 0.258562 0.154000
v 0.031719 0.263826 0.154000
v 0.031728 0.263919 0.154000
v 0.031753 0.264006 0.154000
v 0.031796 0.264085 0.154000
v 0.031856 0.264157 0.154000
v 0.031927 0.264217 0.154000
v 0.032007 0.264259 0.154000
v 0.032093 0.264285 0.154000
v 0.032187 0.264294 0.154000
v 0.035774 0.264294 0.154000
v 0.035868 0.264285 0.154000
v 0.035954 0.264259 0.154000
v 0.036034 0.264217 0.154000
v 0.036106 0.264157 0.154000
v 0.036165 0.264085 0.154000
v 0.036208 0.264006 0.154000
v 0.036233 0.263919 0.154000
v 0.036242 0.263826 0.154000
v 0.036242 0.237468 0.154000
v 0.036233 0.237374 0.154000
v 0.036208 0.237288 0.154000
v 0.036165 0.237208 0.154000
v 0.036106 0.237136 0.154000
v 0.036034 0.237077 0.154000
v 0.035954 0.237034 0.154000
v 0.035868 0.237009 0.154000
v 0.035774 0.237000 0.154000
v 0.032304 0.237000 0.154000
v 0.032124 0.237019 0.154000
v 0.031972 0.237078 0.154000
v 0.031851 0.237175 0.154000
v 0.031758 0.237312 0.154000
v 0.020529 0.255716 0.154000
v 0.020490 0.255766 0.154000
v 0.020451 0.255798 0.154000
v 0.020412 0.255814 0.154000
v 0.020373 0.255813 0.154000
v 0.020339 0.255795 0.154000
v 0.020314 0.255759 0.154000
v 0.020300 0.255707 0.154000
v 0.020295 0.255638 0.154000
v 0.020373 0.237468 0.154000
v 0.020364 0.237374 0.154000
v 0.020339 0.237288 0.154000
v 0.020296 0.237208 0.154000
v 0.020236 0.237136 0.154000
v 0.020164 0.237077 0.154000
v 0.020085 0.237034 0.154000
v 0.019999 0.237009 0.154000
v 0.019905 0.237000 0.154000
v 0.016318 0.237000 0.154000
v 0.016224 0.237009 0.154000
v 0.016137 0.237034 0.154000
v 0.016058 0.237077 0.154000
v 0.015986 0.237136 0.154000
v 0.015927 0.237208 0.154000
v 0.015884 0.237288 0.154000
v 0.015858 0.237374 0.154000
v 0.015850 0.237468 0.154000
v 0.015850 0.263826 0.154000
v 0.015858 0.263919 0.154000
v 0.015884 0.264006 0.154000
v 0.015927 0.264085 0.154000
v 0.015986 0.264157 0.154000
v 0.016058 0.264217 0.154000
v 0.016137 0.264259 0.154000
v 0.016224 0.264285 0.154000
v 0.016318 0.264294 0.154000
v 0.019788 0.264294 0.154000
v 0.019968 0.264274 0.154000
v 0.020119 0.264216 0.154000
v 0.020241 0.264118 0.154000
v 0.020334 0.263982 0.154000
v 0.031524 0.245578 0.154000
v 0.031563 0.245528 0.154000
v 0.031602 0.245495 0.154000
v 0.031641 0.245479 0.154000
v 0.031680 0.245480 0.154000
v 0.031714 0.245499 0.154000
v 0.031739 0.245534 0.154000
v 0.031753 0.245587 0.154000
v 0.031758 0.245656 0.154000
v 0.011249 0.260862 0.154000
v 0.011240 0.260769 0.154000
v 0.011215 0.260682 0.154000
v 0.011172 0.260603 0.154000
v 0.011112 0.260531 0.154000
v 0.011040 0.260471 0.154000
v 0.010961 0.260429 0.154000
v 0.010875 0.260403 0.154000
v 0.010781 0.260394 0.154000
v -0.002515 0.260394 0.154000
v -0.002600 0.260382 0.154000
v -0.002661 0.260346 0.154000
v -0.002698 0.260285 0.154000
v -0.002710 0.260200 0.154000
v -0.002710 0.252908 0.154000
v -0.002698 0.252823 0.154000
v -0.002661 0.252762 0.154000
v -0.002600 0.252725 0.154000
v -0.002515 0.252713 0.154000
v 0.006414 0.252713 0.154000
v 0.006508 0.252705 0.154000
v 0.006594 0.252679 0.154000
v 0.006674 0.252637 0.154000
v 0.006745 0.252577 0.154000
v 0.006805 0.252505 0.154000
v 0.006848 0.252426 0.154000
v 0.006873 0.252339 0.154000
v 0.006882 0.252245 0.154000
v 0.006882 0.249282 0.154000
v 0.006873 0.249188 0.154000
v 0.006848 0.249102 0.154000
v 0.006805 0.249023 0.154000
v 0.006745 0.248951 0.154000
v 0.006674 0.248891 0.154000
v 0.006594 0.248848 0.154000
v 0.006508 0.248823 0.154000
v 0.006414 0.248814 0.154000
v -0.002515 0.248814 0.154000
v -0.002600 0.248802 0.154000
v -0.002661 0.248765 0.154000
v -0.002698 0.248705 0.154000
v -0.002710 0.248619 0.154000
v -0.002710 0.241094 0.154000
v -0.002698 0.241009 0.154000
v -0.002661 0.240948 0.154000
v -0.002600 0.240911 0.154000
v -0.002515 0.240899 0.154000
v 0.010781 0.240899 0.154000
v 0.010875 0.240891 0.154000
v 0.010961 0.240865 0.154000
v 0.011040 0.240822 0.154000
v 0.011112 0.240763 0.154000
v 0.011172 0.240691 0.154000
v 0.011215 0.240611 0.154000
v 0.011240 0.240525 0.154000
v 0.011249 0.240431 0.154000
v 0.011249 0.237468 0.154000
v 0.011240 0.237374 0.154000
v 0.011215 0.237288 0.154000
v 0.011172 0.237208 0.154000
v 0.011112 0.237136 0.154000
v 0.011040 0.237077 0.154000
v 0.010961 0.237034 0.154000
v 0.010875 0.237009 0.154000
v 0.010781 0.237000 0.154000
v -0.006765 0.237000 0.154000
v -0.006859 0.237009 0.154000
v -0.006945 0.237034 0.154000
v -0.007024 0.237077 0.154000
v -0.007096 0.237136 0.154000
v -0.007156 0.237208 0.154000
v -0.007199 0.237288 0.154000
v -0.007224 0.237374 0.154000
v -0.007233 0.237468 0.154000
v -0.007233 0.263826 0.154000
v -0.007224 0.263919 0.154000
v -0.007199 0.264006 0.154000
v -0.007156 0.264085 0.154000
v -0.007096 0.264157 0.154000
v -0.007024 0.264217 0.154000
v -0.006945 0.264259 0.154000
v -0.006859 0.264285 0.154000
v -0.006765 0.264294 0.154000
v 0.010781 0.264294 0.154000
v 0.010875 0.264285 0.154000
v 0.010961 0.264259 0.154000
v 0.011040 0.264217 0.154000
v 0.011112 0.264157 0.154000
v 0.011172 0.264085 0.154000
v 0.011215 0.264006 0.154000
v 0.011240 0.263919 0.154000
v 0.011249 0.263826 0.154000
v -0.011873 0.264294 0.154000
v -0.011779 0.264285 0.154000
v -0.011692 0.264259 0.154000
v -0.011613 0.264217 0.154000
v -0.011541 0.264157 0.154000
v -0.011482 0.264085 0.154000
v -0.011439 0.264006 0.154000
v -0.011413 0.263919 0.154000
v -0.011405 0.263826 0.154000
v -0.011405 0.260823 0.154000
v -0.011413 0.260730 0.154000
v -0.011439 0.260643 0.154000
v -0.011482 0.260564 0.154000
v -0.011541 0.260492 0.154000
v -0.011613 0.260432 0.154000
v -0.011692 0.260390 0.154000
v -0.011779 0.260364 0.154000
v -0.011873 0.260355 0.154000
v -0.019047 0.260355 0.154000
v -0.019132 0.260343 0.154000
v -0.019193 0.260307 0.154000
v -0.019230 0.260246 0.154000
v -0.019242 0.260161 0.154000
v -0.019242 0.237468 0.154000
v -0.019251 0.237374 0.154000
v -0.019276 0.237288 0.154000
v -0.019319 0.237208 0.154000
v -0.019378 0.237136 0.154000
v -0.019450 0.237077 0.154000
v -0.019530 0.237034 0.154000
v -0.019616 0.237009 0.154000
v -0.019710 0.237000 0.154000
v -0.023297 0.237000 0.154000
v -0.023391 0.237009 0.154000
v -0.023477 0.237034 0.154000
v -0.023557 0.237077 0.154000
v -0.023628 0.237136 0.154000
v -0.023688 0.237208 0.154000
v -0.023731 0.237288 0.154000
v -0.023756 0.237374 0.154000
v -0.023765 0.237468 0.154000
v -0.023765 0.260161 0.154000
v -0.023777 0.260246 0.154000
v -0.023814 0.260307 0.154000
v -0.023875 0.260343 0.154000
v -0.023960 0.260355 0.154000
v -0.030861 0.260355 0.154000
v -0.030955 0.260364 0.154000
v -0.031042 0.260390 0.154000
v -0.031121 0.260432 0.154000
v -0.031193 0.260492 0.154000
v -0.031252 0.260564 0.154000
v -0.031295 0.260643 0.154000
v -0.031321 0.260730 0.154000
v -0.031329 0.260823 0.154000
v -0.031329 0.263826 0.154000
v -0.031321 0.263919 0.154000
v -0.031295 0.264006 0.154000
v -0.031252 0.264085 0.154000
v -0.031193 0.264157 0.154000
v -0.031121 0.264217 0.154000
v -0.031042 0.264259 0.154000
v -0.030955 0.264285 0.154000
v -0.030861 0.264294 0.154000
v -0.045054 0.236688 0.154000
v -0.046455 0.236759 0.154000
v -0.047774 0.236971 0.154000
v -0.049009 0.237324 0.154000
v -0.050162 0.237819 0.154000
v -0.051211 0.238444 0.154000
v -0.052136 0.239188 0.154000
v -0.052936 0.240052 0.154000
v -0.053612 0.241036 0.154000
v -0.054150 0.242119 0.154000
v -0.054534 0.243282 0.154000
v -0.054764 0.244526 0.154000
v -0.054841 0.245851 0.154000
v -0.054841 0.263826 0.154000
v -0.054832 0.263919 0.154000
v -0.054806 0.264006 0.154000
v -0.054764 0.264085 0.154000
v -0.054704 0.264157 0.154000
v -0.054632 0.264217 0.154000
v -0.054553 0.264259 0.154000
v -0.054467 0.264285 0.154000
v -0.054373 0.264294 0.154000
v -0.050786 0.264294 0.154000
v -0.050692 0.264285 0.154000
v -0.050605 0.264259 0.154000
v -0.050526 0.264217 0.154000
v -0.050454 0.264157 0.154000
v -0.050394 0.264085 0.154000
v -0.050352 0.264006 0.154000
v -0.050326 0.263919 0.154000
v -0.050318 0.263826 0.154000
v -0.050318 0.245773 0.154000
v -0.050227 0.244676 0.154000
v -0.049957 0.243687 0.154000
v -0.049506 0.242805 0.154000
v -0.048875 0.242030 0.154000
v -0.048095 0.241399 0.154000
v -0.047198 0.240948 0.154000
v -0.046185 0.240677 0.154000
v -0.045054 0.240587 0.154000
v -0.043923 0.240677 0.154000
v -0.042909 0.240948 0.154000
v -0.042013 0.241399 0.154000
v -0.041233 0.242030 0.154000
v -0.040602 0.242805 0.154000
v -0.040151 0.243687 0.154000
v -0.039880 0.244676 0.154000
v -0.039790 0.245773 0.154000
v -0.039790 0.263826 0.154000
v -0.039782 0.263919 0.154000
v -0.039756 0.264006 0.154000
v -0.039713 0.264085 0.154000
v -0.039654 0.264157 0.154000
v -0.039582 0.264217 0.154000
v -0.039503 0.264259 0.154000
v -0.039416 0.264285 0.154000
v -0.039322 0.264294 0.154000
v -0.035735 0.264294 0.154000
v -0.035641 0.264285 0.154000
v -0.035555 0.264259 0.154000
v -0.035476 0.264217 0.154000
v -0.035404 0.264157 0.154000
v -0.035344 0.264085 0.154000
v -0.035301 0.264006 0.154000
v -0.035276 0.263919 0.154000
v -0.035267 0.263826 0.154000
v -0.035267 0.245851 0.154000
v -0.035343 0.244526 0.154000
v -0.035569 0.243282 0.154000
v -0.035947 0.242119 0.154000
v -0.036476 0.241036 0.154000
v -0.037144 0.240052 0.154000
v -0.037938 0.239188 0.154000
v -0.038859 0.238444 0.154000
v -0.039907 0.237819 0.154000
v -0.041062 0.237324 0.154000
v -0.042305 0.236971 0.154000
v -0.043636 0.236759 0.154000
v -0.059208 0.260862 0.154000
v -0.059216 0.260769 0.154000
v -0.059242 0.260682 0.154000
v -0.059284 0.260603 0.154000
v -0.059344 0.260531 0.154000
v -0.059416 0.260471 0.154000
v -0.059495 0.260429 0.154000
v -0.059582 0.260403 0.154000
v -0.059675 0.260394 0.154000
v -0.072971 0.260394 0.154000
v -0.073057 0.260382 0.154000
v -0.073118 0.260346 0.154000
v -0.073154 0.260285 0.154000
v -0.073166 0.260200 0.154000
v -0.073166 0.252908 0.154000
v -0.073154 0.252823 0.154000
v -0.073118 0.252762 0.154000
v -0.073057 0.252725 0.154000
v -0.072971 0.252713 0.154000
v -0.064042 0.252713 0.154000
v -0.063949 0.252705 0.154000
v -0.063862 0.252679 0.154000
v -0.063783 0.252637 0.154000
v -0.063711 0.252577 0.154000
v -0.063651 0.252505 0.154000
v -0.063609 0.252426 0.154000
v -0.063583 0.252339 0.154000
v -0.063575 0.252245 0.154000
v -0.063575 0.249282 0.154000
v -0.063583 0.249188 0.154000
v -0.063609 0.249102 0.154000
v -0.063651 0.249023 0.154000
v -0.063711 0.248951 0.154000
v -0.063783 0.248891 0.154000
v -0.063862 0.248848 0.154000
v -0.063949 0.248823 0.154000
v -0.064042 0.248814 0.154000
v -0.072971 0.248814 0.154000
v -0.073057 0.248802 0.154000
v -0.073118 0.248765 0.154000
v -0.073154 0.248705 0.154000
v -0.073166 0.248619 0.154000
v -0.073166 0.241094 0.154000
v -0.073154 0.241009 0.154000
v -0.073118 0.240948 0.154000
v -0.073057 0.240911 0.154000
v -0.072971 0.240899 0.154000
v -0.059675 0.240899 0.154000
v -0.059582 0.240891 0.154000
v -0.059495 0.240865 0.154000
v -0.059416 0.240822 0.154000
v -0.059344 0.240763 0.154000
v -0.059284 0.240691 0.154000
v -0.059242 0.240611 0.154000
v -0.059216 0.240525 0.154000
v -0.059208 0.240431 0.154000
v -0.059208 0.237468 0.154000
v -0.059216 0.237374 0.154000
v -0.059242 0.237288 0.154000
v -0.059284 0.237208 0.154000
v -0.059344 0.237136 0.154000
v -0.059416 0.237077 0.154000
v -0.059495 0.237034 0.154000
v -0.059582 0.237009 0.154000
v -0.059675 0.237000 0.154000
v -0.077221 0.237000 0.154000
v -0.077315 0.237009 0.154000
v -0.077402 0.237034 0.154000
v -0.077481 0.237077 0.154000
v -0.077553 0.237136 0.154000
v -0.077612 0.237208 0.154000
v -0.077655 0.237288 0.154000
v -0.077681 0.237374 0.154000
v -0.077689 0.237468 0.154000
v -0.077689 0.263826 0.154000
v -0.077681 0.263919 0.154000
v -0.077655 0.264006 0.154000
v -0.077612 0.264085 0.154000
v -0.077553 0.264157 0.154000
v -0.077481 0.264217 0.154000
v -0.077402 0.264259 0.154000
v -0.077315 0.264285 0.154000
v -0.077221 0.264294 0.154000
v -0.059675 0.264294 0.154000
v -0.059582 0.264285 0.154000
v -0.059495 0.264259 0.154000
v -0.059416 0.264217 0.154000
v -0.059344 0.264157 0.154000
v -0.059284 0.264085 0.154000
v -0.059242 0.264006 0.154000
v -0.059216 0.263919 0.154000
v -0.059208 0.263826 0.154000
v -0.087437 0.237000 0.154000
v -0.087531 0.237009 0.154000
v -0.087617 0.237034 0.154000
v -0.087696 0.237077 0.154000
v -0.087768 0.237136 0.154000
v -0.087828 0.237208 0.154000
v -0.087871 0.237288 0.154000
v -0.087896 0.237374 0.154000
v -0.087905 0.237468 0.154000
v -0.087905 0.263826 0.154000
v -0.087896 0.263919 0.154000
v -0.087871 0.264006 0.154000
v -0.087828 0.264085 0.154000
v -0.087768 0.264157 0.154000
v -0.087696 0.264217 0.154000
v -0.087617 0.264259 0.154000
v -0.087531 0.264285 0.154000
v -0.087437 0.264294 0.154000
v -0.083850 0.264294 0.154000
v -0.083756 0.264285 0.154000
v -0.083669 0.264259 0.154000
v -0.083590 0.264217 0.154000
v -0.083518 0.264157 0.154000
v -0.083459 0.264085 0.154000
v -0.083416 0.264006 0.154000
v -0.083390 0.263919 0.154000
v -0.083382 0.263826 0.154000
v -0.083382 0.237468 0.154000
v -0.083390 0.237374 0.154000
v -0.083416 0.237288 0.154000
v -0.083459 0.237208 0.154000
v -0.083518 0.237136 0.154000
v -0.083590 0.237077 0.154000
v -0.083669 0.237034 0.154000
v -0.083756 0.237009 0.154000
v -0.083850 0.237000 0.154000
v -0.109701 0.237000 0.154000
v -0.109795 0.237009 0.154000
v -0.109881 0.237034 0.154000
v -0.109960 0.237077 0.154000
v -0.110032 0.237136 0.154000
v -0.110092 0.237208 0.154000
v -0.110134 0.237288 0.154000
v -0.110160 0.237374 0.154000
v -0.110169 0.237468 0.154000
v -0.110169 0.263826 0.154000
v -0.110160 0.263919 0.154000
v -0.110134 0.264006 0.154000
v -0.110092 0.264085 0.154000
v -0.110032 0.264157 0.154000
v -0.109960 0.264217 0.154000
v -0.109881 0.264259 0.154000
v -0.109795 0.264285 0.154000
v -0.109701 0.264294 0.154000
v -0.106114 0.264294 0.154000
v -0.106020 0.264285 0.154000
v -0.105933 0.264259 0.154000
v -0.105854 0.264217 0.154000
v -0.105782 0.264157 0.154000
v -0.105722 0.264085 0.154000
v -0.105680 0.264006 0.154000
v -0.105654 0.263919 0.154000
v -0.105646 0.263826 0.154000
v -0.105646 0.241094 0.154000
v -0.105633 0.241009 0.154000
v -0.105597 0.240948 0.154000
v -0.105536 0.240911 0.154000
v -0.105451 0.240899 0.154000
v -0.092389 0.240899 0.154000
v -0.092295 0.240891 0.154000
v -0.092208 0.240865 0.154000
v -0.092129 0.240822 0.154000
v -0.092057 0.240763 0.154000
v -0.091998 0.240691 0.154000
v -0.091955 0.240611 0.154000
v -0.091929 0.240525 0.154000
v -0.091921 0.240431 0.154000
v -0.091921 0.237468 0.154000
v -0.091929 0.237374 0.154000
v -0.091955 0.237288 0.154000
v -0.091998 0.237208 0.154000
v -0.092057 0.237136 0.154000
v -0.092129 0.237077 0.154000
v -0.092208 0.237034 0.154000
v -0.092295 0.237009 0.154000
v -0.092389 0.237000 0.154000
v -0.109701 0.237000 0.154000
v -0.109701 0.237000 0.156000
v -0.109795 0.237009 0.154000
v -0.109795 0.237009 0.156000
v -0.109881 0.237034 0.154000
v -0.109881 0.237034 0.156000
v -0.109960 0.237077 0.154000
v -0.109960 0.237077 0.156000
v -0.110032 0.237136 0.154000
v -0.110032 0.237136 0.156000
v -0.110092 0.237208 0.154000
v -0.110092 0.237208 0.156000
v -0.110134 0.237288 0.154000
v -0.110134 0.237288 0.156000
v -0.110160 0.237374 0.154000
v -0.110160 0.237374 0.156000
v -0.110169 0.237468 0.154000
v -0.110169 0.237468 0.156000
v -0.110169 0.263826 0.154000
v -0.110169 0.263826 0.156000
v -0.110160 0.263919 0.154000
v -0.110160 0.263919 0.156000
v -0.110134 0.264006 0.154000
v -0.110134 0.264006 0.156000
v -0.110092 0.264085 0.154000
v -0.110092 0.264085 0.156000
v -0.110032 0.264157 0.154000
v -0.110032 0.264157 0.156000
v -0.109960 0.264217 0.154000
v -0.109960 0.264217 0.156000
v -0.109881 0.264259 0.154000
v -0.109881 0.264259 0.156000
v -0.109795 0.264285 0.154000
v -0.109795 0.264285 0.156000
v -0.109701 0.264294 0.154000
v -0.109701 0.264294 0.156000
v -0.106114 0.264294 0.154000
v -0.106114 0.264294 0.156000
v -0.106020 0.264285 0.154000
v -0.106020 0.264285 0.156000
v -0.105933 0.264259 0.154000
v -0.105933 0.264259 0.156000
v -0.105854 0.264217 0.154000
v -0.105854 0.264217 0.156000
v -0.105782 0.264157 0.154000
v -0.105782 0.264157 0.156000
v -0.105722 0.264085 0.154000
v -0.105722 0.264085 0.156000
v -0.105680 0.264006 0.154000
v -0.105680 0.264006 0.156000
v -0.105654 0.263919 0.154000
v -0.105654 0.263919 0.156000
v -0.105646 0.263826 0.154000
v -0.105646 0.263826 0.156000
v -0.105646 0.241094 0.154000
v -0.105646 0.241094 0.156000
v -0.105633 0.241009 0.154000
v -0.105633 0.241009 0.156000
v -0.105597 0.240948 0.154000
v -0.105597 0.240948 0.156000
v -0.105536 0.240911 0.154000
v -0.105536 0.240911 0.156000
v -0.105451 0.240899 0.154000
v -0.105451 0.240899 0.156000
v -0.092389 0.240899 0.154000
v -0.092389 0.240899 0.156000
v -0.092295 0.240891 0.154000
v -0.092295 0.240891 0.156000
v -0.092208 0.240865 0.154000
v -0.092208 0.240865 0.156000
v -0.092129 0.240822 0.154000
v -0.092129 0.240822 0.156000
v -0.092057 0.240763 0.154000
v -0.092057 0.240763 0.156000
v -0.091998 0.240691 0.154000
v -0.091998 0.240691 0.156000
v -0.091955 0.240611 0.154000
v -0.091955 0.240611 0.156000
v -0.091929 0.240525 0.154000
v -0.091929 0.240525 0.156000
v -0.091921 0.240431 0.154000
v -0.091921 0.240431 0.156000
v -0.091921 0.237468 0.154000
v -0.091921 0.237468 0.156000
v -0.091929 0.237374 0.154000
v -0.091929 0.237374 0.156000
v -0.091955 0.237288 0.154000
v -0.091955 0.237288 0.156000
v -0.091998 0.237208 0.154000
v -0.091998 0.237208 0.156000
v -0.092057 0.237136 0.154000
v -0.092057 0.237136 0.156000
v -0.092129 0.237077 0.154000
v -0.092129 0.237077 0.156000
v -0.092208 0.237034 0.154000
v -0.092208 0.237034 0.156000
v -0.092295 0.237009 0.154000
v -0.092295 0.237009 0.156000
v -0.092389 0.237000 0.154000
v -0.092389 0.237000 0.156000
v -0.087437 0.237000 0.154000
v -0.087437 0.237000 0.156000
v -0.087531 0.237009 0.154000
v -0.087531 0.237009 0.156000
v -0.087617 0.237034 0.154000
v -0.087617 0.237034 0.156000
v -0.087696 0.237077 0.154000
v -0.087696 0.237077 0.156000
v -0.087768 0.237136 0.154000
v -0.087768 0.237136 0.156000
v -0.087828 0.237208 0.154000
v -0.087828 0.237208 0.156000
v -0.087871 0.237288 0.154000
v -0.087871 0.237288 0.156000
v -0.087896 0.237374 0.154000
v -0.087896 0.237374 0.156000
v -0.087905 0.237468 0.154000
v -0.087905 0.237468 0.156000
v -0.087905 0.263826 0.154000
v -0.087905 0.263826 0.156000
v -0.087896 0.263919 0.154000
v -0.087896 0.263919 0.156000
v -0.087871 0.264006 0.154000
v -0.087871 0.264006 0.156000
v -0.087828 0.264085 0.154000
v -0.087828 0.264085 0.156000
v -0.087768 0.264157 0.154000
v -0.087768 0.264157 0.156000
v -0.087696 0.264217 0.154000
v -0.087696 0.264217 0.156000
v -0.087617 0.264259 0.154000
v -0.087617 0.264259 0.156000
v -0.087531 0.264285 0.154000
v -0.087531 0.264285 0.156000
v -0.087437 0.264294 0.154000
v -0.087437 0.264294 0.156000
v -0.083850 0.264294 0.154000
v -0.083850 0.264294 0.156000
v -0.083756 0.264285 0.154000
v -0.083756 0.264285 0.156000
v -0.083669 0.264259 0.154000
v -0.083669 0.264259 0.156000
v -0.083590 0.264217 0.154000
v -0.083590 0.264217 0.156000
v -0.083518 0.264157 0.154000
v -0.083518 0.264157 0.156000
v -0.083459 0.264085 0.154000
v -0.083459 0.264085 0.156000
v -0.083416 0.264006 0.154000
v -0.083416 0.264006 0.156000
v -0.083390 0.263919 0.154000
v -0.083390 0.263919 0.156000
v -0.083382 0.263826 0.154000
v -0.083382 0.263826 0.156000
v -0.083382 0.237468 0.154000
v -0.083382 0.237468 0.156000
v -0.083390 0.237374 0.154000
v -0.083390 0.237374 0.156000
v -0.083416 0.237288 0.154000
v -0.083416 0.237288 0.156000
v -0.083459 0.237208 0.154000
v -0.083459 0.237208 0.156000
v -0.083518 0.237136 0.154000
v -0.083518 0.237136 0.156000
v -0.083590 0.237077 0.154000
v -0.083590 0.237077 0.156000
v -0.083669 0.237034 0.154000
v -0.083669 0.237034 0.156000
v -0.083756 0.237009 0.154000
v -0.083756 0.237009 0.156000
v -0.083850 0.237000 0.154000
v -0.083850 0.237000 0.156000
v -0.059208 0.260862 0.154000
v -0.059208 0.260862 0.156000
v -0.059216 0.260769 0.154000
v -0.059216 0.260769 0.156000
v -0.059242 0.260682 0.154000
v -0.059242 0.260682 0.156000
v -0.059284 0.260603 0.154000
v -0.059284 0.260603 0.156000
v -0.059344 0.260531 0.154000
v -0.059344 0.260531 0.156000
v -0.059416 0.260471 0.154000
v -0.059416 0.260471 0.156000
v -0.059495 0.260429 0.154000
v -0.059495 0.260429 0.156000
v -0.059582 0.260403 0.154000
v -0.059582 0.260403 0.156000
v -0.059675 0.260394 0.154000
v -0.059675 0.260394 0.156000
v -0.072971 0.260394 0.154000
v -0.072971 0.260394 0.156000
v -0.073057 0.260382 0.154000
v -0.073057 0.260382 0.156000
v -0.073118 0.260346 0.154000
v -0.073118 0.260346 0.156000
v -0.073154 0.260285 0.154000
v -0.073154 0.260285 0.156000
v -0.073166 0.260200 0.154000
v -0.073166 0.260200 0.156000
v -0.073166 0.252908 0.154000
v -0.073166 0.252908 0.156000
v -0.073154 0.252823 0.154000
v -0.073154 0.252823 0.156000
v -0.073118 0.252762 0.154000
v -0.073118 0.252762 0.156000
v -0.073057 0.252725 0.154000
v -0.073057 0.252725 0.156000
v -0.072971 0.252713 0.154000
v -0.072971 0.252713 0.156000
v -0.064042 0.252713 0.154000
v -0.064042 0.252713 0.156000
v -0.063949 0.252705 0.154000
v -0.063949 0.252705 0.156000
v -0.063862 0.252679 0.154000
v -0.063862 0.252679 0.156000
v -0.063783 0.252637 0.154000
v -0.063783 0.252637 0.156000
v -0.063711 0.252577 0.154000
v -0.063711 0.252577 0.156000
v -0.063651 0.252505 0.154000
v -0.063651 0.252505 0.156000
v -0.063609 0.252426 0.154000
v -0.063609 0.252426 0.156000
v -0.063583 0.252339 0.154000
v -0.063583 0.252339 0.156000
v -0.063575 0.252245 0.154000
v -0.063575 0.252245 0.156000
v -0.063575 0.249282 0.154000
v -0.063575 0.249282 0.156000
v -0.063583 0.249188 0.154000
v -0.063583 0.249188 0.156000
v -0.063609 0.249102 0.154000
v -0.063609 0.249102 0.156000
v -0.063651 0.249023 0.154000
v -0.063651 0.249023 0.156000
v -0.063711 0.248951 0.154000
v -0.063711 0.248951 0.156000
v -0.063783 0.248891 0.154000
v -0.063783 0.248891 0.156000
v -0.063862 0.248848 0.154000
v -0.063862 0.248848 0.156000
v -0.063949 0.248823 0.154000
v -0.063949 0.248823 0.156000
v -0.064042 0.248814 0.154000
v -0.064042 0.248814 0.156000
v -0.072971 0.248814 0.154000
v -0.072971 0.248814 0.156000
v -0.073057 0.248802 0.154000
v -0.073057 0.248802 0.156000
v -0.073118 0.248765 0.154000
v -0.073118 0.248765 0.156000
v -0.073154 0.248705 0.154000
v -0.073154 0.248705 0.156000
v -0.073166 0.248619 0.154000
v -0.073166 0.248619 0.156000
v -0.073166 0.241094 0.154000
v -0.073166 0.241094 0.156000
v -0.073154 0.241009 0.154000
v -0.073154 0.241009 0.156000
v -0.073118 0.240948 0.154000
v -0.073118 0.240948 0.156000
v -0.073057 0.240911 0.154000
v -0.073057 0.240911 0.156000
v -0.072971 0.240899 0.154000
v -0.072971 0.240899 0.156000
v -0.059675 0.240899 0.154000
v -0.059675 0.240899 0.156000
v -0.059582 0.240891 0.154000
v -0.059582 0.240891 0.156000
v -0.059495 0.240865 0.154000
v -0.059495 0.240865 0.156000
v -0.059416 0.240822 0.154000
v -0.059416 0.240822 0.156000
v -0.059344 0.240763 0.154000
v -0.059344 0.240763 0.156000
v -0.059284 0.240691 0.154000
v -0.059284 0.240691 0.156000
v -0.059242 0.240611 0.154000
v -0.059242 0.240611 0.156000
v -0.059216 0.240525 0.154000
v -0.059216 0.240525 0.156000
v -0.059208 0.240431 0.154000
v -0.059208 0.240431 0.156000
v -0.059208 0.237468 0.154000
v -0.059208 0.237468 0.156000
v -0.059216 0.237374 0.154000
v -0.059216 0.237374 0.156000
v -0.059242 0.237288 0.154000
v -0.059242 0.237288 0.156000
v -0.059284 0.237208 0.154000
v -0.059284 0.237208 0.156000
v -0.059344 0.237136 0.154000
v -0.059344 0.237136 0.156000
v -0.059416 0.237077 0.154000
v -0.059416 0.237077 0.156000
v -0.059495 0.237034 0.154000
v -0.059495 0.237034 0.156000
v -0.059582 0.237009 0.154000
v -0.059582 0.237009 0.156000
v -0.059675 0.237000 0.154000
v -0.059675 0.237000 0.156000
v -0.077221 0.237000 0.154000
v -0.077221 0.237000 0.156000
v -0.077315 0.237009 0.154000
v -0.077315 0.237009 0.156000
v -0.077402 0.237034 0.154000
v -0.077402 0.237034 0.156000
v -0.077481 0.237077 0.154000
v -0.077481 0.237077 0.156000
v -0.077553 0.237136 0.154000
v -0.077553 0.237136 0.156000
v -0.077612 0.237208 0.154000
v -0.077612 0.237208 0.156000
v -0.077655 0.237288 0.154000
v -0.077655 0.237288 0.156000
v -0.077681 0.237374 0.154000
v -0.077681 0.237374 0.156000
v -0.077689 0.237468 0.154000
v -0.077689 0.237468 0.156000
v -0.077689 0.263826 0.154000
v -0.077689 0.263826 0.156000
v -0.077681 0.263919 0.154000
v -0.077681 0.263919 0.156000
v -0.077655 0.264006 0.154000
v -0.077655 0.264006 0.156000
v -0.077612 0.264085 0.154000
v -0.077612 0.264085 0.156000
v -0.077553 0.264157 0.154000
v -0.077553 0.264157 0.156000
v -0.077481 0.264217 0.154000
v -0.077481 0.264217 0.156000
v -0.077402 0.264259 0.154000
v -0.077402 0.264259 0.156000
v -0.077315 0.264285 0.154000
v -0.077315 0.264285 0.156000
v -0.077221 0.264294 0.154000
v -0.077221 0.264294 0.156000
v -0.059675 0.264294 0.154000
v -0.059675 0.264294 0.156000
v -0.059582 0.264285 0.154000
v -0.059582 0.264285 0.156000
v -0.059495 0.264259 0.154000
v -0.059495 0.264259 0.156000
v -0.059416 0.264217 0.154000
v -0.059416 0.264217 0.156000
v -0.059344 0.264157 0.154000
v -0.059344 0.264157 0.156000
v -0.059284 0.264085 0.154000
v -0.059284 0.264085 0.156000
v -0.059242 0.264006 0.154000
v -0.059242 0.264006 0.156000
v -0.059216 0.263919 0.154000
v -0.059216 0.263919 0.156000
v -0.059208 0.263826 0.154000
v -0.059208 0.263826 0.156000
v -0.045054 0.236688 0.154000
v -0.045054 0.236688 0.156000
v -0.046455 0.236759 0.154000
v -0.046455 0.236759 0.156000
v -0.047774 0.236971 0.154000
v -0.047774 0.236971 0.156000
v -0.049009 0.237324 0.154000
v -0.049009 0.237324 0.156000
v -0.050162 0.237819 0.154000
v -0.050162 0.237819 0.156000
v -0.051211 0.238444 0.154000
v -0.051211 0.238444 0.156000
v -0.052136 0.239188 0.154000
v -0.052136 0.239188 0.156000
v -0.052936 0.240052 0.154000
v -0.052936 0.240052 0.156000
v -0.053612 0.241036 0.154000
v -0.053612 0.241036 0.156000
v -0.054150 0.242119 0.154000
v -0.054150 0.242119 0.156000
v -0.054534 0.243282 0.154000
v -0.054534 0.243282 0.156000
v -0.054764 0.244526 0.154000
v -0.054764 0.244526 0.156000
v -0.054841 0.245851 0.154000
v -0.054841 0.245851 0.156000
v -0.054841 0.263826 0.154000
v -0.054841 0.263826 0.156000
v -0.054832 0.263919 0.154000
v -0.054832 0.263919 0.156000
v -0.054806 0.264006 0.154000
v -0.054806 0.264006 0.156000
v -0.054764 0.264085 0.154000
v -0.054764 0.264085 0.156000
v -0.054704 0.264157 0.154000
v -0.054704 0.264157 0.156000
v -0.054632 0.264217 0.154000
v -0.054632 0.264217 0.156000
v -0.054553 0.264259 0.154000
v -0.054553 0.264259 0.156000
v -0.054467 0.264285 0.154000
v -0.054467 0.264285 0.156000
v -0.054373 0.264294 0.154000
v -0.054373 0.264294 0.156000
v -0.050786 0.264294 0.154000
v -0.050786 0.264294 0.156000
v -0.050692 0.264285 0.154000
v -0.050692 0.264285 0.156000
v -0.050605 0.264259 0.154000
v -0.050605 0.264259 0.156000
v -0.050526 0.264217 0.154000
v -0.050526 0.264217 0.156000
v -0.050454 0.264157 0.154000
v -0.050454 0.264157 0.156000
v -0.050394 0.264085 0.154000
v -0.050394 0.264085 0.156000
v -0.050352 0.264006 0.154000
v -0.050352 0.264006 0.156000
v -0.050326 0.263919 0.154000
v -0.050326 0.263919 0.156000
v -0.050318 0.263826 0.154000
v -0.050318 0.263826 0.156000
v -0.050318 0.245773 0.154000
v -0.050318 0.245773 0.156000
v -0.050227 0.244676 0.154000
v -0.050227 0.244676 0.156000
v -0.049957 0.243687 0.154000
v -0.049957 0.243687 0.156000
v -0.049506 0.242805 0.154000
v -0.049506 0.242805 0.156000
v -0.048875 0.242030 0.154000
v -0.048875 0.242030 0.156000
v -0.048095 0.241399 0.154000
v -0.048095 0.241399 0.156000
v -0.047198 0.240948 0.154000
v -0.047198 0.240948 0.156000
v -0.046185 0.240677 0.154000
v -0.046185 0.240677 0.156000
v -0.045054 0.240587 0.154000
v -0.045054 0.240587 0.156000
v -0.043923 0.240677 0.154000
v -0.043923 0.240677 0.156000
v -0.042909 0.240948 0.154000
v -0.042909 0.240948 0.156000
v -0.042013 0.241399 0.154000
v -0.042013 0.241399 0.156000
v -0.041233 0.242030 0.154000
v -0.041233 0.242030 0.156000
v -0.040602 0.242805 0.154000
v -0.040602 0.242805 0.156000
v -0.040151 0.243687 0.154000
v -0.040151 0.243687 0.156000
v -0.039880 0.244676 0.154000
v -0.039880 0.244676 0.156000
v -0.039790 0.245773 0.154000
v -0.039790 0.245773 0.156000
v -0.039790 0.263826 0.154000
v -0.039790 0.263826 0.156000
v -0.039782 0.263919 0.154000
v -0.039782 0.263919 0.156000
v -0.039756 0.264006 0.154000
v -0.039756 0.264006 0.156000
v -0.039713 0.264085 0.154000
v -0.039713 0.264085 0.156000
v -0.039654 0.264157 0.154000
v -0.039654 0.264157 0.156000
v -0.039582 0.264217 0.154000
v -0.039582 0.264217 0.156000
v -0.039503 0.264259 0.154000
v -0.039503 0.264259 0.156000
v -0.039416 0.264285 0.154000
v -0.039416 0.264285 0.156000
v -0.039322 0.264294 0.154000
v -0.039322 0.264294 0.156000
v -0.035735 0.264294 0.154000
v -0.035735 0.264294 0.156000
v -0.035641 0.264285 0.154000
v -0.035641 0.264285 0.156000
v -0.035555 0.264259 0.154000
v -0.035555 0.264259 0.156000
v -0.035476 0.264217 0.154000
v -0.035476 0.264217 0.156000
v -0.035404 0.264157 0.154000
v -0.035404 0.264157 0.156000
v -0.035344 0.264085 0.154000
v -0.035344 0.264085 0.156000
v -0.035301 0.264006 0.154000
v -0.035301 0.264006 0.156000
v -0.035276 0.263919 0.154000
v -0.035276 0.263919 0.156000
v -0.035267 0.263826 0.154000
v -0.035267 0.263826 0.156000
v -0.035267 0.245851 0.154000
v -0.035267 0.245851 0.156000
v -0.035343 0.244526 0.154000
v -0.035343 0.244526 0.156000
v -0.035569 0.243282 0.154000
v -0.035569 0.243282 0.156000
v -0.035947 0.242119 0.154000
v -0.035947 0.242119 0.156000
v -0.036476 0.241036 0.154000
v -0.036476 0.241036 0.156000
v -0.037144 0.240052 0.154000
v -0.037144 0.240052 0.156000
v -0.037938 0.239188 0.154000
v -0.037938 0.239188 0.156000
v -0.038859 0.238444 0.154000
v -0.038859 0.238444 0.156000
v -0.039907 0.237819 0.154000
v -0.039907 0.237819 0.156000
v -0.041062 0.237324 0.154000
v -0.041062 0.237324 0.156000
v -0.042305 0.236971 0.154000
v -0.042305 0.236971 0.156000
v -0.043636 0.236759 0.154000
v -0.043636 0.236759 0.156000
v -0.011873 0.264294 0.154000
v -0.011873 0.264294 0.156000
v -0.011779 0.264285 0.154000
v -0.011779 0.264285 0.156000
v -0.011692 0.264259 0.154000
v -0.011692 0.264259 0.156000
v -0.011613 0.264217 0.154000
v -0.011613 0.264217 0.156000
v -0.011541 0.264157 0.154000
v -0.011541 0.264157 0.156000
v -0.011482 0.264085 0.154000
v -0.011482 0.264085 0.156000
v -0.011439 0.264006 0.154000
v -0.011439 0.264006 0.156000
v -0.011413 0.263919 0.154000
v -0.011413 0.263919 0.156000
v -0.011405 0.263826 0.154000
v -0.011405 0.263826 0.156000
v -0.011405 0.260823 0.154000
v -0.011405 0.260823 0.156000
v -0.011413 0.260730 0.154000
v -0.011413 0.260730 0.156000
v -0.011439 0.260643 0.154000
v -0.011439 0.260643 0.156000
v -0.011482 0.260564 0.154000
v -0.011482 0.260564 0.156000
v -0.011541 0.260492 0.154000
v -0.011541 0.260492 0.156000
v -0.011613 0.260432 0.154000
v -0.011613 0.260432 0.156000
v -0.011692 0.260390 0.154000
v -0.011692 0.260390 0.156000
v -0.011779 0.260364 0.154000
v -0.011779 0.260364 0.156000
v -0.011873 0.260355 0.154000
v -0.011873 0.260355 0.156000
v -0.019047 0.260355 0.154000
v -0.019047 0.260355 0.156000
v -0.019132 0.260343 0.154000
v -0.019132 0.260343 0.156000
v -0.019193 0.260307 0.154000
v -0.019193 0.260307 0.156000
v -0.019230 0.260246 0.154000
v -0.019230 0.260246 0.156000
v -0.019242 0.260161 0.154000
v -0.019242 0.260161 0.156000
v -0.019242 0.237468 0.154000
v -0.019242 0.237468 0.156000
v -0.019251 0.237374 0.154000
v -0.019251 0.237374 0.156000
v -0.019276 0.237288 0.154000
v -0.019276 0.237288 0.156000
v -0.019319 0.237208 0.154000
v -0.019319 0.237208 0.156000
v -0.019378 0.237136 0.154000
v -0.019378 0.237136 0.156000
v -0.019450 0.237077 0.154000
v -0.019450 0.237077 0.156000
v -0.019530 0.237034 0.154000
v -0.019530 0.237034 0.156000
v -0.019616 0.237009 0.154000
v -0.019616 0.237009 0.156000
v -0.019710 0.237000 0.154000
v -0.019710 0.237000 0.156000
v -0.023297 0.237000 0.154000
v -0.023297 0.237000 0.156000
v -0.023391 0.237009 0.154000
v -0.023391 0.237009 0.156000
v -0.023477 0.237034 0.154000
v -0.023477 0.237034 0.156000
v -0.023557 0.237077 0.154000
v -0.023557 0.237077 0.156000
v -0.023628 0.237136 0.154000
v -0.023628 0.237136 0.156000
v -0.023688 0.237208 0.154000
v -0.023688 0.237208 0.156000
v -0.023731 0.237288 0.154000
v -0.023731 0.237288 0.156000
v -0.023756 0.237374 0.154000
v -0.023756 0.237374 0.156000
v -0.023765 0.237468 0.154000
v -0.023765 0.237468 0.156000
v -0.023765 0.260161 0.154000
v -0.023765 0.260161 0.156000
v -0.023777 0.260246 0.154000
v -0.023777 0.260246 0.156000
v -0.023814 0.260307 0.154000
v -0.023814 0.260307 0.156000
v -0.023875 0.260343 0.154000
v -0.023875 0.260343 0.156000
v -0.023960 0.260355 0.154000
v -0.023960 0.260355 0.156000
v -0.030861 0.260355 0.154000
v -0.030861 0.260355 0.156000
v -0.030955 0.260364 0.154000
v -0.030955 0.260364 0.156000
v -0.031042 0.260390 0.154000
v -0.031042 0.260390 0.156000
v -0.031121 0.260432 0.154000
v -0.031121 0.260432 0.156000
v -0.031193 0.260492 0.154000
v -0.031193 0.260492 0.156000
v -0.031252 0.260564 0.154000
v -0.031252 0.260564 0.156000
v -0.031295 0.260643 0.154000
v -0.031295 0.260643 0.156000
v -0.031321 0.260730 0.154000
v -0.031321 0.260730 0.156000
v -0.031329 0.260823 0.154000
v -0.031329 0.260823 0.156000
v -0.031329 0.263826 0.154000
v -0.031329 0.263826 0.156000
v -0.031321 0.263919 0.154000
v -0.031321 0.263919 0.156000
v -0.031295 0.264006 0.154000
v -0.031295 0.264006 0.156000
v -0.031252 0.264085 0.154000
v -0.031252 0.264085 0.156000
v -0.031193 0.264157 0.154000
v -0.031193 0.264157 0.156000
v -0.031121 0.264217 0.154000
v -0.031121 0.264217 0.156000
v -0.031042 0.264259 0.154000
v -0.031042 0.264259 0.156000
v -0.030955 0.264285 0.154000
v -0.030955 0.264285 0.156000
v -0.030861 0.264294 0.154000
v -0.030861 0.264294 0.156000
v 0.011249 0.260862 0.154000
v 0.011249 0.260862 0.156000
v 0.011240 0.260769 0.154000
v 0.011240 0.260769 0.156000
v 0.011215 0.260682 0.154000
v 0.011215 0.260682 0.156000
v 0.011172 0.260603 0.154000
v 0.011172 0.260603 0.156000
v 0.011112 0.260531 0.154000
v 0.011112 0.260531 0.156000
v 0.011040 0.260471 0.154000
v 0.011040 0.260471 0.156000
v 0.010961 0.260429 0.154000
v 0.010961 0.260429 0.156000
v 0.010875 0.260403 0.154000
v 0.010875 0.260403 0.156000
v 0.010781 0.260394 0.154000
v 0.010781 0.260394 0.156000
v -0.002515 0.260394 0.154000
v -0.002515 0.260394 0.156000
v -0.002600 0.260382 0.154000
v -0.002600 0.260382 0.156000
v -0.002661 0.260346 0.154000
v -0.002661 0.260346 0.156000
v -0.002698 0.260285 0.154000
v -0.002698 0.260285 0.156000
v -0.002710 0.260200 0.154000
v -0.002710 0.260200 0.156000
v -0.002710 0.252908 0.154000
v -0.002710 0.252908 0.156000
v -0.002698 0.252823 0.154000
v -0.002698 0.252823 0.156000
v -0.002661 0.252762 0.154000
v -0.002661 0.252762 0.156000
v -0.002600 0.252725 0.154000
v -0.002600 0.252725 0.156000
v -0.002515 0.252713 0.154000
v -0.002515 0.252713 0.156000
v 0.006414 0.252713 0.154000
v 0.006414 0.252713 0.156000
v 0.006508 0.252705 0.154000
v 0.006508 0.252705 0.156000
v 0.006594 0.252679 0.154000
v 0.006594 0.252679 0.156000
v 0.006674 0.252637 0.154000
v 0.006674 0.252637 0.156000
v 0.006745 0.252577 0.154000
v 0.006745 0.252577 0.156000
v 0.006805 0.252505 0.154000
v 0.006805 0.252505 0.156000
v 0.006848 0.252426 0.154000
v 0.006848 0.252426 0.156000
v 0.006873 0.252339 0.154000
v 0.006873 0.252339 0.156000
v 0.006882 0.252245 0.154000
v 0.006882 0.252245 0.156000
v 0.006882 0.249282 0.154000
v 0.006882 0.249282 0.156000
v 0.006873 0.249188 0.154000
v 0.006873 0.249188 0.156000
v 0.006848 0.249102 0.154000
v 0.006848 0.249102 0.156000
v 0.006805 0.249023 0.154000
v 0.006805 0.249023 0.156000
v 0.006745 0.248951 0.154000
v 0.006745 0.248951 0.156000
v 0.006674 0.248891 0.154000
v 0.006674 0.248891 0.156000
v 0.006594 0.248848 0.154000
v 0.006594 0.248848 0.156000
v 0.006508 0.248823 0.154000
v 0.006508 0.248823 0.156000
v 0.006414 0.248814 0.154000
v 0.006414 0.248814 0.156000
v -0.002515 0.248814 0.154000
v -0.002515 0.248814 0.156000
v -0.002600 0.248802 0.154000
v -0.002600 0.248802 0.156000
v -0.002661 0.248765 0.154000
v -0.002661 0.248765 0.156000
v -0.002698 0.248705 0.154000
v -0.002698 0.248705 0.156000
v -0.002710 0.248619 0.154000
v -0.002710 0.248619 0.156000
v -0.002710 0.241094 0.154000
v -0.002710 0.241094 0.156000
v -0.002698 0.241009 0.154000
v -0.002698 0.241009 0.156000
v -0.002661 0.240948 0.154000
v -0.002661 0.240948 0.156000
v -0.002600 0.240911 0.154000
v -0.002600 0.240911 0.156000
v -0.002515 0.240899 0.154000
v -0.002515 0.240899 0.156000
v 0.010781 0.240899 0.154000
v 0.010781 0.240899 0.156000
v 0.010875 0.240891 0.154000
v 0.010875 0.240891 0.156000
v 0.010961 0.240865 0.154000
v 0.010961 0.240865 0.156000
v 0.011040 0.240822 0.154000
v 0.011040 0.240822 0.156000
v 0.011112 0.240763 0.154000
v 0.011112 0.240763 0.156000
v 0.011172 0.240691 0.154000
v 0.011172 0.240691 0.156000
v 0.011215 0.240611 0.154000
v 0.011215 0.240611 0.156000
v 0.011240 0.240525 0.154000
v 0.011240 0.240525 0.156000
v 0.011249 0.240431 0.154000
v 0.011249 0.240431 0.156000
v 0.011249 0.237468 0.154000
v 0.011249 0.237468 0.156000
v 0.011240 0.237374 0.154000
v 0.011240 0.237374 0.156000
v 0.011215 0.237288 0.154000
v 0.011215 0.237288 0.156000
v 0.011172 0.237208 0.154000
v 0.011172 0.237208 0.156000
v 0.011112 0.237136 0.154000
v 0.011112 0.237136 0.156000
v 0.011040 0.237077 0.154000
v 0.011040 0.237077 0.156000
v 0.010961 0.237034 0.154000
v 0.010961 0.237034 0.156000
v 0.010875 0.237009 0.154000
v 0.010875 0.237009 0.156000
v 0.010781 0.237000 0.154000
v 0.010781 0.237000 0.156000
v -0.006765 0.237000 0.154000
v -0.006765 0.237000 0.156000
v -0.006859 0.237009 0.154000
v -0.006859 0.237009 0.156000
v -0.006945 0.237034 0.154000
v -0.006945 0.237034 0.156000
v -0.007024 0.237077 0.154000
v -0.007024 0.237077 0.156000
v -0.007096 0.237136 0.154000
v -0.007096 0.237136 0.156000
v -0.007156 0.237208 0.154000
v -0.007156 0.237208 0.156000
v -0.007199 0.237288 0.154000
v -0.007199 0.237288 0.156000
v -0.007224 0.237374 0.154000
v -0.007224 0.237374 0.156000
v -0.007233 0.237468 0.154000
v -0.007233 0.237468 0.156000
v -0.007233 0.263826 0.154000
v -0.007233 0.263826 0.156000
v -0.007224 0.263919 0.154000
v -0.007224 0.263919 0.156000
v -0.007199 0.264006 0.154000
v -0.007199 0.264006 0.156000
v -0.007156 0.264085 0.154000
v -0.007156 0.264085 0.156000
v -0.007096 0.264157 0.154000
v -0.007096 0.264157 0.156000
v -0.007024 0.264217 0.154000
v -0.007024 0.264217 0.156000
v -0.006945 0.264259 0.154000
v -0.006945 0.264259 0.156000
v -0.006859 0.264285 0.154000
v -0.006859 0.264285 0.156000
v -0.006765 0.264294 0.154000
v -0.006765 0.264294 0.156000
v 0.010781 0.264294 0.154000
v 0.010781 0.264294 0.156000
v 0.010875 0.264285 0.154000
v 0.010875 0.264285 0.156000
v 0.010961 0.264259 0.154000
v 0.010961 0.264259 0.156000
v 0.011040 0.264217 0.154000
v 0.011040 0.264217 0.156000
v 0.011112 0.264157 0.154000
v 0.011112 0.264157 0.156000
v 0.011172 0.264085 0.154000
v 0.011172 0.264085 0.156000
v 0.011215 0.264006 0.154000
v 0.011215 0.264006 0.156000
v 0.011240 0.263919 0.154000
v 0.011240 0.263919 0.156000
v 0.011249 0.263826 0.154000
v 0.011249 0.263826 0.156000
v 0.031719 0.263826 0.154000
v 0.031719 0.263826 0.156000
v 0.031728 0.263919 0.154000
v 0.031728 0.263919 0.156000
v 0.031753 0.264006 0.154000
v 0.031753 0.264006 0.156000
v 0.031796 0.264085 0.154000
v 0.031796 0.264085 0.156000
v 0.031856 0.264157 0.154000
v 0.031856 0.264157 0.156000
v 0.031927 0.264217 0.154000
v 0.031927 0.264217 0.156000
v 0.032007 0.264259 0.154000
v 0.032007 0.264259 0.156000
v 0.032093 0.264285 0.154000
v 0.032093 0.264285 0.156000
v 0.032187 0.264294 0.154000
v 0.032187 0.264294 0.156000
v 0.035774 0.264294 0.154000
v 0.035774 0.264294 0.156000
v 0.035868 0.264285 0.154000
v 0.035868 0.264285 0.156000
v 0.035954 0.264259 0.154000
v 0.035954 0.264259 0.156000
v 0.036034 0.264217 0.154000
v 0.036034 0.264217 0.156000
v 0.036106 0.264157 0.154000
v 0.036106 0.264157 0.156000
v 0.036165 0.264085 0.154000
v 0.036165 0.264085 0.156000
v 0.036208 0.264006 0.154000
v 0.036208 0.264006 0.156000
v 0.036233 0.263919 0.154000
v 0.036233 0.263919 0.156000
v 0.036242 0.263826 0.154000
v 0.036242 0.263826 0.156000
v 0.036242 0.237468 0.154000
v 0.036242 0.237468 0.156000
v 0.036233 0.237374 0.154000
v 0.036233 0.237374 0.156000
v 0.036208 0.237288 0.154000
v 0.036208 0.237288 0.156000
v 0.036165 0.237208 0.154000
v 0.036165 0.237208 0.156000
v 0.036106 0.237136 0.154000
v 0.036106 0.237136 0.156000
v 0.036034 0.237077 0.154000
v 0.036034 0.237077 0.156000
v 0.035954 0.237034 0.154000
v 0.035954 0.237034 0.156000
v 0.035868 0.237009 0.154000
v 0.035868 0.237009 0.156000
v 0.035774 0.237000 0.154000
v 0.035774 0.237000 0.156000
v 0.032304 0.237000 0.154000
v 0.032304 0.237000 0.156000
v 0.032124 0.237019 0.154000
v 0.032124 0.237019 0.156000
v 0.031972 0.237078 0.154000
v 0.031972 0.237078 0.156000
v 0.031851 0.237175 0.154000
v 0.031851 0.237175 0.156000
v 0.031758 0.237312 0.154000
v 0.031758 0.237312 0.156000
v 0.020529 0.255716 0.154000
v 0.020529 0.255716 0.156000
v 0.020490 0.255766 0.154000
v 0.020490 0.255766 0.156000
v 0.020451 0.255798 0.154000
v 0.020451 0.255798 0.156000
v 0.020412 0.255814 0.154000
v 0.020412 0.255814 0.156000
v 0.020373 0.255813 0.154000
v 0.020373 0.255813 0.156000
v 0.020339 0.255795 0.154000
v 0.020339 0.255795 0.156000
v 0.020314 0.255759 0.154000
v 0.020314 0.255759 0.156000
v 0.020300 0.255707 0.154000
v 0.020300 0.255707 0.156000
v 0.020295 0.255638 0.154000
v 0.020295 0.255638 0.156000
v 0.020373 0.237468 0.154000
v 0.020373 0.237468 0.156000
v 0.020364 0.237374 0.154000
v 0.020364 0.237374 0.156000
v 0.020339 0.237288 0.154000
v 0.020339 0.237288 0.156000
v 0.020296 0.237208 0.154000
v 0.020296 0.237208 0.156000
v 0.020236 0.237136 0.154000
v 0.020236 0.237136 0.156000
v 0.020164 0.237077 0.154000
v 0.020164 0.237077 0.156000
v 0.020085 0.237034 0.154000
v 0.020085 0.237034 0.156000
v 0.019999 0.237009 0.154000
v 0.019999 0.237009 0.156000
v 0.019905 0.237000 0.154000
v 0.019905 0.237000 0.156000
v 0.016318 0.237000 0.154000
v 0.016318 0.237000 0.156000
v 0.016224 0.237009 0.154000
v 0.016224 0.237009 0.156000
v 0.016137 0.237034 0.154000
v 0.016137 0.237034 0.156000
v 0.016058 0.237077 0.154000
v 0.016058 0.237077 0.156000
v 0.015986 0.237136 0.154000
v 0.015986 0.237136 0.156000
v 0.015927 0.237208 0.154000
v 0.015927 0.237208 0.156000
v 0.015884 0.237288 0.154000
v 0.015884 0.237288 0.156000
v 0.015858 0.237374 0.154000
v 0.015858 0.237374 0.156000
v 0.015850 0.237468 0.154000
v 0.015850 0.237468 0.156000
v 0.015850 0.263826 0.154000
v 0.015850 0.263826 0.156000
v 0.015858 0.263919 0.154000
v 0.015858 0.263919 0.156000
v 0.015884 0.264006 0.154000
v 0.015884 0.264006 0.156000
v 0.015927 0.264085 0.154000
v 0.015927 0.264085 0.156000
v 0.015986 0.264157 0.154000
v 0.015986 0.264157 0.156000
v 0.016058 0.264217 0.154000
v 0.016058 0.264217 0.156000
v 0.016137 0.264259 0.154000
v 0.016137 0.264259 0.156000
v 0.016224 0.264285 0.154000
v 0.016224 0.264285 0.156000
v 0.016318 0.264294 0.154000
v 0.016318 0.264294 0.156000
v 0.019788 0.264294 0.154000
v 0.019788 0.264294 0.156000
v 0.019968 0.264274 0.154000
v 0.019968 0.264274 0.156000
v 0.020119 0.264216 0.154000
v 0.020119 0.264216 0.156000
v 0.020241 0.264118 0.154000
v 0.020241 0.264118 0.156000
v 0.020334 0.263982 0.154000
v 0.020334 0.263982 0.156000
v 0.031524 0.245578 0.154000
v 0.031524 0.245578 0.156000
v 0.031563 0.245528 0.154000
v 0.031563 0.245528 0.156000
v 0.031602 0.245495 0.154000
v 0.031602 0.245495 0.156000
v 0.031641 0.245479 0.154000
v 0.031641 0.245479 0.156000
v 0.031680 0.245480 0.154000
v 0.031680 0.245480 0.156000
v 0.031714 0.245499 0.154000
v 0.031714 0.245499 0.156000
v 0.031739 0.245534 0.154000
v 0.031739 0.245534 0.156000
v 0.031753 0.245587 0.154000
v 0.031753 0.245587 0.156000
v 0.031758 0.245656 0.154000
v 0.031758 0.245656 0.156000
v 0.058857 0.237000 0.154000
v 0.058857 0.237000 0.156000
v 0.058679 0.237024 0.154000
v 0.058679 0.237024 0.156000
v 0.058535 0.237097 0.154000
v 0.058535 0.237097 0.156000
v 0.058425 0.237219 0.154000
v 0.058425 0.237219 0.156000
v 0.058350 0.237390 0.154000
v 0.058350 0.237390 0.156000
v 0.057063 0.241562 0.154000
v 0.057063 0.241562 0.156000
v 0.057022 0.241630 0.154000
v 0.057022 0.241630 0.156000
v 0.056975 0.241679 0.154000
v 0.056975 0.241679 0.156000
v 0.056924 0.241708 0.154000
v 0.056924 0.241708 0.156000
v 0.056868 0.241718 0.154000
v 0.056868 0.241718 0.156000
v 0.046575 0.241718 0.154000
v 0.046575 0.241718 0.156000
v 0.046519 0.241708 0.154000
v 0.046519 0.241708 0.156000
v 0.046467 0.241679 0.154000
v 0.046467 0.241679 0.156000
v 0.046421 0.241630 0.154000
v 0.046421 0.241630 0.156000
v 0.046380 0.241562 0.154000
v 0.046380 0.241562 0.156000
v 0.045093 0.237390 0.154000
v 0.045093 0.237390 0.156000
v 0.045017 0.237219 0.154000
v 0.045017 0.237219 0.156000
v 0.044908 0.237097 0.154000
v 0.044908 0.237097 0.156000
v 0.044764 0.237024 0.154000
v 0.044764 0.237024 0.156000
v 0.044586 0.237000 0.154000
v 0.044586 0.237000 0.156000
v 0.040687 0.237000 0.154000
v 0.040687 0.237000 0.156000
v 0.040577 0.237009 0.154000
v 0.040577 0.237009 0.156000
v 0.040482 0.237034 0.154000
v 0.040482 0.237034 0.156000
v 0.040402 0.237077 0.154000
v 0.040402 0.237077 0.156000
v 0.040336 0.237136 0.154000
v 0.040336 0.237136 0.156000
v 0.040290 0.237213 0.154000
v 0.040290 0.237213 0.156000
v 0.040268 0.237307 0.154000
v 0.040268 0.237307 0.156000
v 0.040270 0.237418 0.154000
v 0.040270 0.237418 0.156000
v 0.040297 0.237546 0.154000
v 0.040297 0.237546 0.156000
v 0.048758 0.263904 0.154000
v 0.048758 0.263904 0.156000
v 0.048834 0.264074 0.154000
v 0.048834 0.264074 0.156000
v 0.048943 0.264196 0.154000
v 0.048943 0.264196 0.156000
v 0.049087 0.264269 0.154000
v 0.049087 0.264269 0.156000
v 0.049265 0.264294 0.154000
v 0.049265 0.264294 0.156000
v 0.054139 0.264294 0.154000
v 0.054139 0.264294 0.156000
v 0.054317 0.264269 0.154000
v 0.054317 0.264269 0.156000
v 0.054460 0.264196 0.154000
v 0.054460 0.264196 0.156000
v 0.054570 0.264074 0.154000
v 0.054570 0.264074 0.156000
v 0.054646 0.263904 0.154000
v 0.054646 0.263904 0.156000
v 0.063146 0.237546 0.154000
v 0.063146 0.237546 0.156000
v 0.063163 0.237504 0.154000
v 0.063163 0.237504 0.156000
v 0.063175 0.237458 0.154000
v 0.063175 0.237458 0.156000
v 0.063182 0.237407 0.154000
v 0.063182 0.237407 0.156000
v 0.063185 0.237351 0.154000
v 0.063185 0.237351 0.156000
v 0.063158 0.237197 0.154000
v 0.063158 0.237197 0.156000
v 0.063077 0.237088 0.154000
v 0.063077 0.237088 0.156000
v 0.062943 0.237022 0.154000
v 0.062943 0.237022 0.156000
v 0.062756 0.237000 0.154000
v 0.062756 0.237000 0.156000
v 0.047588 0.245500 0.154000
v 0.047588 0.245500 0.156000
v 0.047583 0.245398 0.154000
v 0.047583 0.245398 0.156000
v 0.047608 0.245325 0.154000
v 0.047608 0.245325 0.156000
v 0.047661 0.245281 0.154000
v 0.047661 0.245281 0.156000
v 0.047744 0.245266 0.154000
v 0.047744 0.245266 0.156000
v 0.055659 0.245266 0.154000
v 0.055659 0.245266 0.156000
v 0.055757 0.245281 0.154000
v 0.055757 0.245281 0.156000
v 0.055815 0.245325 0.154000
v 0.055815 0.245325 0.156000
v 0.055835 0.245398 0.154000
v 0.055835 0.245398 0.156000
v 0.055815 0.245500 0.154000
v 0.055815 0.245500 0.156000
v 0.051799 0.258562 0.154000
v 0.051799 0.258562 0.156000
v 0.051777 0.258630 0.154000
v 0.051777 0.258630 0.156000
v 0.051751 0.258679 0.154000
v 0.051751 0.258679 0.156000
v 0.051719 0.258708 0.154000
v 0.051719 0.258708 0.156000
v 0.051682 0.258718 0.154000
v 0.051682 0.258718 0.156000
v 0.051646 0.258708 0.154000
v 0.051646 0.258708 0.156000
v 0.051614 0.258679 0.154000
v 0.051614 0.258679 0.156000
v 0.051587 0.258630 0.154000
v 0.051587 0.258630 0.156000
v 0.051565 0.258562 0.154000
v 0.051565 0.258562 0.156000
v 0.083070 0.263826 0.154000
v 0.083070 0.263826 0.156000
v 0.083078 0.263919 0.154000
v 0.083078 0.263919 0.156000
v 0.083104 0.264006 0.154000
v 0.083104 0.264006 0.156000
v 0.083147 0.264085 0.154000
v 0.083147 0.264085 0.156000
v 0.083206 0.264157 0.154000
v 0.083206 0.264157 0.156000
v 0.083278 0.264217 0.154000
v 0.083278 0.264217 0.156000
v 0.083358 0.264259 0.154000
v 0.083358 0.264259 0.156000
v 0.083444 0.264285 0.154000
v 0.083444 0.264285 0.156000
v 0.083538 0.264294 0.154000
v 0.083538 0.264294 0.156000
v 0.087125 0.264294 0.154000
v 0.087125 0.264294 0.156000
v 0.087219 0.264285 0.154000
v 0.087219 0.264285 0.156000
v 0.087305 0.264259 0.154000
v 0.087305 0.264259 0.156000
v 0.087385 0.264217 0.154000
v 0.087385 0.264217 0.156000
v 0.087456 0.264157 0.154000
v 0.087456 0.264157 0.156000
v 0.087516 0.264085 0.154000
v 0.087516 0.264085 0.156000
v 0.087559 0.264006 0.154000
v 0.087559 0.264006 0.156000
v 0.087584 0.263919 0.154000
v 0.087584 0.263919 0.156000
v 0.087593 0.263826 0.154000
v 0.087593 0.263826 0.156000
v 0.087593 0.237468 0.154000
v 0.087593 0.237468 0.156000
v 0.087584 0.237374 0.154000
v 0.087584 0.237374 0.156000
v 0.087559 0.237288 0.154000
v 0.087559 0.237288 0.156000
v 0.087516 0.237208 0.154000
v 0.087516 0.237208 0.156000
v 0.087456 0.237136 0.154000
v 0.087456 0.237136 0.156000
v 0.087385 0.237077 0.154000
v 0.087385 0.237077 0.156000
v 0.087305 0.237034 0.154000
v 0.087305 0.237034 0.156000
v 0.087219 0.237009 0.154000
v 0.087219 0.237009 0.156000
v 0.087125 0.237000 0.154000
v 0.087125 0.237000 0.156000
v 0.083655 0.237000 0.154000
v 0.083655 0.237000 0.156000
v 0.083474 0.237019 0.154000
v 0.083474 0.237019 0.156000
v 0.083323 0.237078 0.154000
v 0.083323 0.237078 0.156000
v 0.083202 0.237175 0.154000
v 0.083202 0.237175 0.156000
v 0.083109 0.237312 0.154000
v 0.083109 0.237312 0.156000
v 0.071880 0.255716 0.154000
v 0.071880 0.255716 0.156000
v 0.071841 0.255766 0.154000
v 0.071841 0.255766 0.156000
v 0.071802 0.255798 0.154000
v 0.071802 0.255798 0.156000
v 0.071763 0.255814 0.154000
v 0.071763 0.255814 0.156000
v 0.071724 0.255813 0.154000
v 0.071724 0.255813 0.156000
v 0.071690 0.255795 0.154000
v 0.071690 0.255795 0.156000
v 0.071665 0.255759 0.154000
v 0.071665 0.255759 0.156000
v 0.071651 0.255707 0.154000
v 0.071651 0.255707 0.156000
v 0.071646 0.255638 0.154000
v 0.071646 0.255638 0.156000
v 0.071724 0.237468 0.154000
v 0.071724 0.237468 0.156000
v 0.071715 0.237374 0.154000
v 0.071715 0.237374 0.156000
v 0.071690 0.237288 0.154000
v 0.071690 0.237288 0.156000
v 0.071647 0.237208 0.154000
v 0.071647 0.237208 0.156000
v 0.071587 0.237136 0.154000
v 0.071587 0.237136 0.156000
v 0.071515 0.237077 0.154000
v 0.071515 0.237077 0.156000
v 0.071436 0.237034 0.154000
v 0.071436 0.237034 0.156000
v 0.071350 0.237009 0.154000
v 0.071350 0.237009 0.156000
v 0.071256 0.237000 0.154000
v 0.071256 0.237000 0.156000
v 0.067669 0.237000 0.154000
v 0.067669 0.237000 0.156000
v 0.067575 0.237009 0.154000
v 0.067575 0.237009 0.156000
v 0.067488 0.237034 0.154000
v 0.067488 0.237034 0.156000
v 0.067409 0.237077 0.154000
v 0.067409 0.237077 0.156000
v 0.067337 0.237136 0.154000
v 0.067337 0.237136 0.156000
v 0.067277 0.237208 0.154000
v 0.067277 0.237208 0.156000
v 0.067235 0.237288 0.154000
v 0.067235 0.237288 0.156000
v 0.067209 0.237374 0.154000
v 0.067209 0.237374 0.156000
v 0.067201 0.237468 0.154000
v 0.067201 0.237468 0.156000
v 0.067201 0.263826 0.154000
v 0.067201 0.263826 0.156000
v 0.067209 0.263919 0.154000
v 0.067209 0.263919 0.156000
v 0.067235 0.264006 0.154000
v 0.067235 0.264006 0.156000
v 0.067277 0.264085 0.154000
v 0.067277 0.264085 0.156000
v 0.067337 0.264157 0.154000
v 0.067337 0.264157 0.156000
v 0.067409 0.264217 0.154000
v 0.067409 0.264217 0.156000
v 0.067488 0.264259 0.154000
v 0.067488 0.264259 0.156000
v 0.067575 0.264285 0.154000
v 0.067575 0.264285 0.156000
v 0.067669 0.264294 0.154000
v 0.067669 0.264294 0.156000
v 0.071139 0.264294 0.154000
v 0.071139 0.264294 0.156000
v 0.071319 0.264274 0.154000
v 0.071319 0.264274 0.156000
v 0.071470 0.264216 0.154000
v 0.071470 0.264216 0.156000
v 0.071592 0.264118 0.154000
v 0.071592 0.264118 0.156000
v 0.071685 0.263982 0.154000
v 0.071685 0.263982 0.156000
v 0.082875 0.245578 0.154000
v 0.082875 0.245578 0.156000
v 0.082914 0.245528 0.154000
v 0.082914 0.245528 0.156000
v 0.082953 0.245495 0.154000
v 0.082953 0.245495 0.156000
v 0.082992 0.245479 0.154000
v 0.082992 0.245479 0.156000
v 0.083031 0.245480 0.154000
v 0.083031 0.245480 0.156000
v 0.083065 0.245499 0.154000
v 0.083065 0.245499 0.156000
v 0.083089 0.245534 0.154000
v 0.083089 0.245534 0.156000
v 0.083104 0.245587 0.154000
v 0.083104 0.245587 0.156000
v 0.083109 0.245656 0.154000
v 0.083109 0.245656 0.156000
v 0.111221 0.264294 0.154000
v 0.111221 0.264294 0.156000
v 0.111315 0.264285 0.154000
v 0.111315 0.264285 0.156000
v 0.111402 0.264259 0.154000
v 0.111402 0.264259 0.156000
v 0.111481 0.264217 0.154000
v 0.111481 0.264217 0.156000
v 0.111553 0.264157 0.154000
v 0.111553 0.264157 0.156000
v 0.111612 0.264085 0.154000
v 0.111612 0.264085 0.156000
v 0.111655 0.264006 0.154000
v 0.111655 0.264006 0.156000
v 0.111681 0.263919 0.154000
v 0.111681 0.263919 0.156000
v 0.111689 0.263826 0.154000
v 0.111689 0.263826 0.156000
v 0.111689 0.260823 0.154000
v 0.111689 0.260823 0.156000
v 0.111681 0.260730 0.154000
v 0.111681 0.260730 0.156000
v 0.111655 0.260643 0.154000
v 0.111655 0.260643 0.156000
v 0.111612 0.260564 0.154000
v 0.111612 0.260564 0.156000
v 0.111553 0.260492 0.154000
v 0.111553 0.260492 0.156000
v 0.111481 0.260432 0.154000
v 0.111481 0.260432 0.156000
v 0.111402 0.260390 0.154000
v 0.111402 0.260390 0.156000
v 0.111315 0.260364 0.154000
v 0.111315 0.260364 0.156000
v 0.111221 0.260355 0.154000
v 0.111221 0.260355 0.156000
v 0.104047 0.260355 0.154000
v 0.104047 0.260355 0.156000
v 0.103962 0.260343 0.154000
v 0.103962 0.260343 0.156000
v 0.103901 0.260307 0.154000
v 0.103901 0.260307 0.156000
v 0.103864 0.260246 0.154000
v 0.103864 0.260246 0.156000
v 0.103852 0.260161 0.154000
v 0.103852 0.260161 0.156000
v 0.103852 0.237468 0.154000
v 0.103852 0.237468 0.156000
v 0.103844 0.237374 0.154000
v 0.103844 0.237374 0.156000
v 0.103818 0.237288 0.154000
v 0.103818 0.237288 0.156000
v 0.103775 0.237208 0.154000
v 0.103775 0.237208 0.156000
v 0.103716 0.237136 0.154000
v 0.103716 0.237136 0.156000
v 0.103644 0.237077 0.154000
v 0.103644 0.237077 0.156000
v 0.103565 0.237034 0.154000
v 0.103565 0.237034 0.156000
v 0.103478 0.237009 0.154000
v 0.103478 0.237009 0.156000
v 0.103384 0.237000 0.154000
v 0.103384 0.237000 0.156000
v 0.099797 0.237000 0.154000
v 0.099797 0.237000 0.156000
v 0.099703 0.237009 0.154000
v 0.099703 0.237009 0.156000
v 0.099617 0.237034 0.154000
v 0.099617 0.237034 0.156000
v 0.099537 0.237077 0.154000
v 0.099537 0.237077 0.156000
v 0.099466 0.237136 0.154000
v 0.099466 0.237136 0.156000
v 0.099406 0.237208 0.154000
v 0.099406 0.237208 0.156000
v 0.099363 0.237288 0.154000
v 0.099363 0.237288 0.156000
v 0.099338 0.237374 0.154000
v 0.099338 0.237374 0.156000
v 0.099329 0.237468 0.154000
v 0.099329 0.237468 0.156000
v 0.099329 0.260161 0.154000
v 0.099329 0.260161 0.156000
v 0.099317 0.260246 0.154000
v 0.099317 0.260246 0.156000
v 0.099280 0.260307 0.154000
v 0.099280 0.260307 0.156000
v 0.099219 0.260343 0.154000
v 0.099219 0.260343 0.156000
v 0.099134 0.260355 0.154000
v 0.099134 0.260355 0.156000
v 0.092233 0.260355 0.154000
v 0.092233 0.260355 0.156000
v 0.092139 0.260364 0.154000
v 0.092139 0.260364 0.156000
v 0.092052 0.260390 0.154000
v 0.092052 0.260390 0.156000
v 0.091973 0.260432 0.154000
v 0.091973 0.260432 0.156000
v 0.091901 0.260492 0.154000
v 0.091901 0.260492 0.156000
v 0.091842 0.260564 0.154000
v 0.091842 0.260564 0.156000
v 0.091799 0.260643 0.154000
v 0.091799 0.260643 0.156000
v 0.091773 0.260730 0.154000
v 0.091773 0.260730 0.156000
v 0.091765 0.260823 0.154000
v 0.091765 0.260823 0.156000
v 0.091765 0.263826 0.154000
v 0.091765 0.263826 0.156000
v 0.091773 0.263919 0.154000
v 0.091773 0.263919 0.156000
v 0.091799 0.264006 0.154000
v 0.091799 0.264006 0.156000
v 0.091842 0.264085 0.154000
v 0.091842 0.264085 0.156000
v 0.091901 0.264157 0.154000
v 0.091901 0.264157 0.156000
v 0.091973 0.264217 0.154000
v 0.091973 0.264217 0.156000
v 0.092052 0.264259 0.154000
v 0.092052 0.264259 0.156000
v 0.092139 0.264285 0.154000
v 0.092139 0.264285 0.156000
v 0.092233 0.264294 0.154000
v 0.092233 0.264294 0.156000
v -0.090000 0.570000 0.151000
v 0.065000 0.570000 0.151000
v 0.085000 0.520000 0.151000
v 0.130000 0.495000 0.151000
v 0.085000 0.475000 0.151000
v 0.065000 0.405000 0.151000
v 0.025000 0.390000 0.151000
v 0.025000 0.355000 0.151000
v 0.150000 0.310000 0.151000
v -0.160000 0.310000 0.151000
v -0.095000 0.380000 0.151000
v -0.100000 0.480000 0.151000
v -0.090000 0.570000 0.145000
v 0.065000 0.570000 0.145000
v 0.085000 0.520000 0.145000
v 0.130000 0.495000 0.145000
v 0.085000 0.475000 0.145000
v 0.065000 0.405000 0.145000
v 0.025000 0.390000 0.145000
v 0.025000 0.355000 0.145000
v 0.150000 0.310000 0.145000
v -0.160000 0.310000 0.145000
v -0.095000 0.380000 0.145000
v -0.100000 0.480000 0.145000
v -0.130000 0.575000 0.151000
v -0.100000 0.655000 0.151000
v 0.070000 0.655000 0.151000
v 0.100000 0.590000 0.151000
v 0.170000 0.560000 0.151000
v -0.130000 0.575000 0.145000
v -0.100000 0.655000 0.145000
v 0.070000 0.655000 0.145000
v 0.100000 0.590000 0.145000
v 0.170000 0.560000 0.145000
v -0.130000 0.544000 0.151000
v 0.130000 0.544000 0.151000
v 0.130000 0.560000 0.151000
v -0.130000 0.560000 0.151000
v -0.130000 0.544000 0.145000
v 0.130000 0.544000 0.145000
v 0.130000 0.560000 0.145000
v -0.130000 0.560000 0.145000
v -0.122198 0.337308 0.151000
v 0.017802 0.297308 0.151000
v 0.022198 0.312692 0.151000
v -0.117802 0.352692 0.151000
v -0.122198 0.337308 0.145000
v 0.017802 0.297308 0.145000
v 0.022198 0.312692 0.145000
v -0.117802 0.352692 0.145000
vn 0.000000 -0.000000 1.000000
vn 0.000000 -0.000000 1.000000
vn 0.000000 -0.000000 1.000000
vn 0.000000 -0.000000 1.000000
vn 0.000000 -0.000000 1.000000
vn 0.000000 -0.000000 1.000000
vn 0.000000 -0.000000 1.000000
vn 0.000000 -0.000000 1.000000
vn 0.000000 -0.000000 1.000000
vn 0.000000 -0.000000 1.000000
vn 0.000000 -0.000000 1.000000
vn 0.000000 -0.000000 1.000000
vn 0.000000 -0.000000 1.000000
vn 0.000000 -0.000000 1.000000
vn 0.000000 -0.000000 1.000000
vn 0.000000 -0.000000 1.000000
vn 0.000000 -0.000000 1.000000
vn 0.000000 -0.000000 1.000000
vn 0.000000 -0.000000 1.000000
vn 0.000000 -0.000000 1.000000
vn 0.000000 -0.000000 1.000000
vn 0.000000 -0.000000 1.000000
vn 0.000000 -0.000000 1.000000
vn 0.000000 -0.000000 1.000000
vn 0.000000 -0.000000 1.000000
vn 0.000000 -0.000000 1.000000
vn 0.000000 -0.000000 1.000000
vn 0.000000 -0.000000 1.000000
vn 0.000000 -0.000000 1.000000
vn 0.000000 -0.000000 1.000000
vn 0.000000 -0.000000 1.000000
vn 0.000000 -0.000000 1.000000
vn 0.000000 -0.000000 1.000000
vn 0.000000 -0.000000 1.000000
vn 0.000000 -0.000000 1.000000
vn 0.000000 -0.000000 1.000000
vn 0.000000 -0.000000 1.000000
vn 0.000000 -0.000000 1.000000
vn 0.000000 -0.000000 1.000000
vn 0.000000 -0.000000 1.000000
vn 0.000000 -0.000000 1.000000
vn 0.000000 -0.000000 1.000000
vn 0.000000 -0.000000 1.000000
vn 0.000000 -0.000000 1.000000
vn 0.000000 -0.000000 1.000000
vn 0.000000 -0.000000 1.000000
vn 0.000000 -0.000000 1.000000
vn 0.000000 -0.000000 1.000000
vn 0.000000 -0.000000 1.000000
vn 0.000000 -0.000000 1.000000
vn 0.000000 -0.000000 1.000000
vn 0.000000 -0.000000 1.000000
vn 0.000000 -0.000000 1.000000
vn 0.000000 -0.000000 1.000000
vn 0.000000 -0.000000 1.000000
vn 0.000000 -0.000000 1.000000
vn 0.000000 -0.000000 1.000000
vn 0.000000 -0.000000 1.000000
vn 0.000000 -0.000000 1.000000
vn 0.000000 -0.000000 1.000000
vn 0.000000 -0.000000 1.000000
vn 0.000000 -0.000000 1.000000
vn 0.000000 -0.000000 1.000000
vn 0.000000 -0.000000 1.000000
vn 0.000000 -0.000000 1.000000
vn 0.000000 -0.000000 1.000000
vn 0.000000 -0.000000 1.000000
vn 0.000000 -0.000000 1.000000
vn 0.000000 -0.000000 1.000000
vn 0.000000 -0.000000 1.000000
vn 0.000000 -0.000000 1.000000
vn 0.000000 -0.000000 1.000000
vn 0.000000 -0.000000 1.000000
vn 0.000000 -0.000000 1.000000
vn 0.000000 -0.000000 1.000000
vn 0.000000 -0.000000 1.000000
vn 0.000000 -0.000000 1.000000
vn 0.000000 -0.000000 1.000000
vn 0.000000 -0.000000 1.000000
vn 0.000000 -0.000000 1.000000
vn 0.000000 -0.000000 1.000000
vn 0.000000 -0.000000 1.000000
vn 0.000000 -0.000000 1.000000
vn 0.000000 -0.000000 1.000000
vn 0.000000 -0.000000 1.000000
vn 0.000000 -0.000000 1.000000
vn 0.000000 -0.000000 1.000000
vn 0.000000 -0.000000 1.000000
vn 0.000000 -0.000000 1.000000
vn 0.000000 -0.000000 1.000000
vn 0.000000 -0.000000 1.000000
vn 0.000000 -0.000000 1.000000
vn 0.000000 -0.000000 1.000000
vn 0.000000 -0.000000 1.000000
vn 0.000000 -0.000000 1.000000
vn 0.000000 -0.000000 1.000000
vn 0.000000 -0.000000 1.000000
vn 0.000000 -0.000000 1.000000
vn 0.000000 -0.000000 1.000000
vn 0.000000 -0.000000 1.000000
vn 0.000000 -0.000000 1.000000
vn 0.000000 -0.000000 1.000000
vn 0.000000 -0.000000 1.000000
vn 0.000000 -0.000000 1.000000
vn 0.000000 -0.000000 1.000000
vn 0.000000 -0.000000 1.000000
vn 0.000000 -0.000000 1.000000
vn 0.000000 -0.000000 1.000000
vn 0.000000 -0.000000 1.000000
vn 0.000000 -0.000000 1.000000
vn 0.000000 -0.000000 1.000000
vn 0.000000 -0.000000 1.000000
vn 0.000000 -0.000000 1.000000
vn 0.000000 -0.000000 1.000000
vn 0.000000 -0.000000 1.000000
vn 0.000000 -0.000000 1.000000
vn 0.000000 -0.000000 1.000000
vn 0.000000 -0.000000 1.000000
vn 0.000000 -0.000000 1.000000
vn 0.000000 -0.000000 1.000000
vn 0.000000 -0.000000 1.000000
vn 0.000000 -0.000000 1.000000
vn 0.000000 -0.000000 1.000000
vn 0.000000 -0.000000 1.000000
vn 0.000000 -0.000000 1.000000
vn 0.000000 -0.000000 1.000000
vn 0.000000 -0.000000 1.000000
vn 0.000000 -0.000000 1.000000
vn 0.000000 -0.000000 1.000000
vn 0.000000 -0.000000 1.000000
vn 0.000000 -0.000000 1.000000
vn 0.000000 -0.000000 1.000000
vn 0.000000 -0.000000 1.000000
vn 0.000000 -0.000000 1.000000
vn 0.000000 -0.000000 1.000000
vn 0.000000 -0.000000 1.000000
vn 0.000000 -0.000000 1.000000
vn 0.000000 -0.000000 1.000000
vn 0.000000 -0.000000 1.000000
vn 0.000000 -0.000000 1.000000
vn 0.000000 -0.000000 1.000000
vn 0.000000 -0.000000 1.000000
vn 0.000000 -0.000000 1.000000
vn 0.000000 -0.000000 1.000000
vn 0.000000 -0.000000 1.000000
vn 0.000000 -0.000000 1.000000
vn 0.000000 0.000000 -1.000000
vn 0.000000 0.000000 -1.000000
vn 0.000000 0.000000 -1.000000
vn 0.000000 0.000000 -1.000000
vn 0.000000 0.000000 -1.000000
vn 0.000000 0.000000 -1.000000
vn 0.000000 0.000000 -1.000000
vn 0.000000 0.000000 -1.000000
vn 0.000000 0.000000 -1.000000
vn 0.000000 0.000000 -1.000000
vn 0.000000 0.000000 -1.000000
vn 0.000000 0.000000 -1.000000
vn 0.000000 0.000000 -1.000000
vn 0.000000 0.000000 -1.000000
vn 0.000000 0.000000 -1.000000
vn 0.000000 0.000000 -1.000000
vn 0.000000 0.000000 -1.000000
vn 0.000000 0.000000 -1.000000
vn 0.000000 0.000000 -1.000000
vn 0.000000 0.000000 -1.000000
vn 0.000000 0.000000 -1.000000
vn 0.000000 0.000000 -1.000000
vn 0.000000 0.000000 -1.000000
vn 0.000000 0.000000 -1.000000
vn 0.000000 0.000000 -1.000000
vn 0.000000 0.000000 -1.000000
vn 0.000000 0.000000 -1.000000
vn 0.000000 0.000000 -1.000000
vn 0.000000 0.000000 -1.000000
vn 0.000000 0.000000 -1.000000
vn 0.000000 0.000000 -1.000000
vn 0.000000 0.000000 -1.000000
vn 0.000000 0.000000 -1.000000
vn 0.000000 0.000000 -1.000000
vn 0.000000 0.000000 -1.000000
vn 0.000000 0.000000 -1.000000
vn 0.000000 0.000000 -1.000000
vn 0.000000 0.000000 -1.000000
vn 0.000000 0.000000 -1.000000
vn 0.000000 0.000000 -1.000000
vn 0.000000 0.000000 -1.000000
vn 0.000000 0.000000 -1.000000
vn 0.000000 0.000000 -1.000000
vn 0.000000 0.000000 -1.000000
vn 0.000000 0.000000 -1.000000
vn 0.000000 0.000000 -1.000000
vn 0.000000 0.000000 -1.000000
vn 0.000000 0.000000 -1.000000
vn 0.000000 0.000000 -1.000000
vn 0.000000 0.000000 -1.000000
vn 0.000000 0.000000 -1.000000
vn 0.000000 0.000000 -1.000000
vn 0.000000 0.000000 -1.000000
vn 0.000000 0.000000 -1.000000
vn 0.000000 0.000000 -1.000000
vn 0.000000 0.000000 -1.000000
vn 0.000000 0.000000 -1.000000
vn 0.000000 0.000000 -1.000000
vn 0.000000 0.000000 -1.000000
vn 0.000000 0.000000 -1.000000
vn 0.000000 0.000000 -1.000000
vn 0.000000 0.000000 -1.000000
vn 0.000000 0.000000 -1.000000
vn 0.000000 0.000000 -1.000000
vn 0.000000 0.000000 -1.000000
vn 0.000000 0.000000 -1.000000
vn 0.000000 0.000000 -1.000000
vn 0.000000 0.000000 -1.000000
vn 0.000000 0.000000 -1.000000
vn 0.000000 0.000000 -1.000000
vn 0.000000 0.000000 -1.000000
vn 0.000000 0.000000 -1.000000
vn 0.000000 0.000000 -1.000000
vn 0.000000 0.000000 -1.000000
vn 0.000000 0.000000 -1.000000
vn 0.000000 0.000000 -1.000000
vn 0.000000 0.000000 -1.000000
vn 0.000000 0.000000 -1.000000
vn 0.000000 0.000000 -1.000000
vn 0.000000 0.000000 -1.000000
vn 0.000000 0.000000 -1.000000
vn 0.000000 0.000000 -1.000000
vn 0.000000 0.000000 -1.000000
vn 0.000000 0.000000 -1.000000
vn 0.000000 0.000000 -1.000000
vn 0.000000 0.000000 -1.000000
vn 0.000000 0.000000 -1.000000
vn 0.000000 0.000000 -1.000000
vn 0.000000 0.000000 -1.000000
vn 0.000000 0.000000 -1.000000
vn 0.000000 0.000000 -1.000000
vn 0.000000 0.000000 -1.000000
vn 0.000000 0.000000 -1.000000
vn 0.000000 0.000000 -1.000000
vn 0.000000 0.000000 -1.000000
vn 0.000000 0.000000 -1.000000
vn 0.000000 0.000000 -1.000000
vn 0.000000 0.000000 -1.000000
vn 0.000000 0.000000 -1.000000
vn 0.000000 0.000000 -1.000000
vn 0.000000 0.000000 -1.000000
vn 0.000000 0.000000 -1.000000
vn 0.000000 0.000000 -1.000000
vn 0.000000 0.000000 -1.000000
vn 0.000000 0.000000 -1.000000
vn 0.000000 0.000000 -1.000000
vn 0.000000 0.000000 -1.000000
vn 0.000000 0.000000 -1.000000
vn 0.000000 0.000000 -1.000000
vn 0.000000 0.000000 -1.000000
vn 0.000000 0.000000 -1.000000
vn 0.000000 0.000000 -1.000000
vn 0.000000 0.000000 -1.000000
vn 0.000000 0.000000 -1.000000
vn 0.000000 0.000000 -1.000000
vn 0.000000 0.000000 -1.000000
vn 0.000000 0.000000 -1.000000
vn 0.000000 0.000000 -1.000000
vn 0.000000 0.000000 -1.000000
vn 0.000000 0.000000 -1.000000
vn 0.000000 0.000000 -1.000000
vn 0.000000 0.000000 -1.000000
vn 0.000000 0.000000 -1.000000
vn 0.000000 0.000000 -1.000000
vn 0.000000 0.000000 -1.000000
vn 0.000000 0.000000 -1.000000
vn 0.000000 0.000000 -1.000000
vn 0.000000 0.000000 -1.000000
vn 0.000000 0.000000 -1.000000
vn 0.000000 0.000000 -1.000000
vn 0.000000 0.000000 -1.000000
vn 0.000000 0.000000 -1.000000
vn 0.000000 0.000000 -1.000000
vn 0.000000 0.000000 -1.000000
vn 0.000000 0.000000 -1.000000
vn 0.000000 0.000000 -1.000000
vn 0.000000 0.000000 -1.000000
vn 0.000000 0.000000 -1.000000
vn 0.000000 0.000000 -1.000000
vn 0.000000 0.000000 -1.000000
vn 0.000000 0.000000 -1.000000
vn 0.000000 0.000000 -1.000000
vn 0.000000 0.000000 -1.000000
vn 0.000000 0.000000 -1.000000
vn 0.000000 0.000000 -1.000000
vn 0.000000 0.000000 -1.000000
vn 0.969985 0.243164 0.000000
vn 0.984837 0.173481 0.000000
vn 0.994635 0.103442 0.000000
vn 0.999418 0.034100 0.000000
vn 0.999387 -0.035019 -0.000000
vn 0.994215 -0.107409 -0.000000
vn 0.983282 -0.182089 -0.000000
vn 0.966188 -0.257838 -0.000000
vn 0.922598 -0.385762 -0.000000
vn 0.845628 -0.533772 -0.000000
vn 0.741883 -0.670529 -0.000000
vn 0.620167 -0.784470 -0.000000
vn 0.489995 -0.871725 -0.000000
vn 0.348070 -0.937469 -0.000000
vn 0.202874 -0.979205 -0.000000
vn 0.064410 -0.997924 -0.000000
vn -0.063571 -0.997977 -0.000000
vn -0.200516 -0.979690 -0.000000
vn -0.344699 -0.938713 -0.000000
vn -0.486370 -0.873753 -0.000000
vn -0.615080 -0.788465 -0.000000
vn -0.733963 -0.679190 -0.000000
vn -0.836319 -0.548243 -0.000000
vn -0.913892 -0.405958 -0.000000
vn -0.948161 -0.317790 -0.000000
vn -0.962083 -0.272756 -0.000000
vn -0.972857 -0.231408 -0.000000
vn -0.981097 -0.193519 -0.000000
vn -1.000000 0.000000 -0.000000
vn -0.988073 0.153984 0.000000
vn -0.836703 0.547657 0.000000
vn -0.481919 0.876216 0.000000
vn -0.129842 0.991535 0.000000
vn 0.000000 1.000000 0.000000
vn 0.149001 0.988837 0.000000
vn 0.488153 0.872758 0.000000
vn 0.773958 0.633237 0.000000
vn 0.927643 0.373468 0.000000
vn 0.979877 0.199603 0.000000
vn 0.968392 0.249434 0.000000
vn 0.959169 0.282833 0.000000
vn 0.951808 0.306694 0.000000
vn 0.926669 0.375878 0.000000
vn 0.865065 0.501659 0.000000
vn 0.777245 0.629198 0.000000
vn 0.664105 0.747640 0.000000
vn 0.529244 0.848470 0.000000
vn 0.375705 0.926739 0.000000
vn 0.217784 0.975997 0.000000
vn 0.068540 0.997648 0.000000
vn -0.072035 0.997402 0.000000
vn -0.227845 0.973697 0.000000
vn -0.390293 0.920691 0.000000
vn -0.544988 0.838444 0.000000
vn -0.677702 0.735337 0.000000
vn -0.789672 0.613530 0.000000
vn -0.877308 0.479928 0.000000
vn -0.938188 0.346128 0.000000
vn -0.953365 0.301819 0.000000
vn -0.978403 0.206705 0.000000
vn -0.993000 0.118110 0.000000
vn -0.999304 0.037318 0.000000
vn -0.999401 -0.034611 -0.000000
vn -0.994553 -0.104232 -0.000000
vn -0.984827 -0.173538 -0.000000
vn -0.970396 -0.241521 -0.000000
vn -0.958408 -0.285401 -0.000000
vn -0.892367 -0.451311 -0.000000
vn -0.787416 -0.616422 -0.000000
vn -0.649586 -0.760288 -0.000000
vn -0.502086 -0.864818 -0.000000
vn -0.351564 -0.936164 -0.000000
vn -0.201654 -0.979457 -0.000000
vn -0.063051 -0.998010 -0.000000
vn 0.058281 -0.998300 -0.000000
vn 0.181112 -0.983463 -0.000000
vn 0.307873 -0.951428 -0.000000
vn 0.432020 -0.901864 -0.000000
vn 0.554222 -0.832369 -0.000000
vn 0.686558 -0.727075 -0.000000
vn 0.813734 -0.581238 -0.000000
vn 0.915881 -0.401450 -0.000000
vn 0.878853 -0.477092 -0.000000
vn 0.707107 -0.707107 -0.000000
vn 0.435562 -0.900159 -0.000000
vn 0.133917 -0.990993 -0.000000
vn 0.000000 -1.000000 -0.000000
vn -0.090533 -0.995894 -0.000000
vn -0.283627 -0.958935 -0.000000
vn -0.474099 -0.880472 -0.000000
vn -0.638900 -0.769290 -0.000000
vn -0.769290 -0.638899 -0.000000
vn -0.880472 -0.474099 -0.000000
vn -0.958935 -0.283627 -0.000000
vn -0.995894 -0.090532 -0.000000
vn -1.000000 0.000000 -0.000000
vn -0.995894 0.090530 0.000000
vn -0.958935 0.283624 0.000000
vn -0.880474 0.474095 0.000000
vn -0.769287 0.638904 0.000000
vn -0.638899 0.769290 0.000000
vn -0.474092 0.880476 0.000000
vn -0.283627 0.958935 0.000000
vn -0.090540 0.995893 0.000000
vn 0.000000 1.000000 0.000000
vn 0.090540 0.995893 0.000000
vn 0.283627 0.958935 0.000000
vn 0.474092 0.880476 0.000000
vn 0.638899 0.769290 0.000000
vn 0.769287 0.638904 0.000000
vn 0.880474 0.474095 0.000000
vn 0.958935 0.283624 0.000000
vn 0.995893 0.090539 0.000000
vn 1.000000 0.000000 -0.000000
vn 0.995894 -0.090530 -0.000000
vn 0.958935 -0.283624 -0.000000
vn 0.880474 -0.474095 -0.000000
vn 0.769275 -0.638918 -0.000000
vn 0.638899 -0.769290 -0.000000
vn 0.474106 -0.880468 -0.000000
vn 0.283627 -0.958935 -0.000000
vn 0.090523 -0.995894 -0.000000
vn 0.000000 -1.000000 -0.000000
vn 0.141434 -0.989948 -0.000000
vn 0.514495 -0.857494 -0.000000
vn 0.857489 -0.514503 -0.000000
vn 0.989950 -0.141421 -0.000000
vn 0.999985 -0.005555 -0.000000
vn 0.997547 0.070007 0.000000
vn 0.963196 0.268801 0.000000
vn 0.823210 0.567737 0.000000
vn 0.472225 0.881478 0.000000
vn 0.093358 0.995633 0.000000
vn -0.213708 0.976898 0.000000
vn -0.469154 0.883116 0.000000
vn -0.644864 0.764297 0.000000
vn -0.527095 0.849806 0.000000
vn -0.374711 0.927142 0.000000
vn -0.217588 0.976041 0.000000
vn -0.068600 0.997644 0.000000
vn 0.065419 0.997858 0.000000
vn 0.206548 0.978437 0.000000
vn 0.354955 0.934883 0.000000
vn 0.499925 0.866069 0.000000
vn 0.633239 0.773957 0.000000
vn 0.756238 0.654296 0.000000
vn 0.857856 0.513890 0.000000
vn 0.930715 0.365745 0.000000
vn 0.000000 -0.000000 1.000000
vn 0.000000 -0.000000 1.000000
vn 0.000000 -0.000000 1.000000
vn 0.000000 -0.000000 1.000000
vn 0.000000 -0.000000 1.000000
vn 0.000000 -0.000000 1.000000
vn 0.000000 -0.000000 1.000000
vn 0.000000 -0.000000 1.000000
vn 0.000000 -0.000000 1.000000
vn 0.000000 -0.000000 1.000000
vn 0.000000 -0.000000 1.000000
vn 0.000000 -0.000000 1.000000
vn 0.000000 -0.000000 1.000000
vn 0.000000 -0.000000 1.000000
vn 0.000000 -0.000000 1.000000
vn 0.000000 -0.000000 1.000000
vn 0.000000 -0.000000 1.000000
vn 0.000000 -0.000000 1.000000
vn 0.000000 -0.000000 1.000000
vn 0.000000 -0.000000 1.000000
vn 0.000000 -0.000000 1.000000
vn 0.000000 -0.000000 1.000000
vn 0.000000 -0.000000 1.000000
vn 0.000000 -0.000000 1.000000
vn 0.000000 -0.000000 1.000000
vn 0.000000 -0.000000 1.000000
vn 0.000000 -0.000000 1.000000
vn 0.000000 -0.000000 1.000000
vn 0.000000 -0.000000 1.000000
vn 0.000000 -0.000000 1.000000
vn 0.000000 -0.000000 1.000000
vn 0.000000 -0.000000 1.000000
vn 0.000000 -0.000000 1.000000
vn 0.000000 -0.000000 1.000000
vn 0.000000 0.000000 -0.000000
vn 0.000000 -0.000000 1.000000
vn 0.000000 0.000000 -0.000000
vn 0.000000 -0.000000 1.000000
vn 0.000000 -0.000000 1.000000
vn 0.000000 -0.000000 1.000000
vn 0.000000 -0.000000 1.000000
vn 0.000000 -0.000000 1.000000
vn 0.000000 -0.000000 1.000000
vn 0.000000 -0.000000 1.000000
vn 0.000000 -0.000000 1.000000
vn 0.000000 -0.000000 1.000000
vn 0.000000 -0.000000 1.000000
vn 0.000000 -0.000000 1.000000
vn 0.000000 -0.000000 1.000000
vn 0.000000 -0.000000 1.000000
vn 0.000000 -0.000000 1.000000
vn 0.000000 -0.000000 1.000000
vn 0.000000 -0.000000 1.000000
vn 0.000000 -0.000000 1.000000
vn 0.000000 -0.000000 1.000000
vn 0.000000 -0.000000 1.000000
vn 0.000000 -0.000000 1.000000
vn 0.000000 -0.000000 1.000000
vn 0.000000 -0.000000 1.000000
vn 0.000000 -0.000000 1.000000
vn 0.000000 -0.000000 1.000000
vn 0.000000 -0.000000 1.000000
vn 0.000000 -0.000000 1.000000
vn 0.000000 -0.000000 1.000000
vn 0.000000 -0.000000 1.000000
vn 0.000000 -0.000000 1.000000
vn 0.000000 -0.000000 1.000000
vn 0.000000 -0.000000 1.000000
vn 0.000000 -0.000000 1.000000
vn 0.000000 -0.000000 1.000000
vn 0.000000 -0.000000 1.000000
vn 0.000000 -0.000000 1.000000
vn 0.000000 -0.000000 1.000000
vn 0.000000 -0.000000 1.000000
vn 0.000000 -0.000000 1.000000
vn 0.000000 -0.000000 1.000000
vn 0.000000 -0.000000 1.000000
vn 0.000000 -0.000000 1.000000
vn 0.000000 -0.000000 1.000000
vn 0.000000 -0.000000 1.000000
vn 0.000000 -0.000000 1.000000
vn 0.000000 -0.000000 1.000000
vn 0.000000 -0.000000 1.000000
vn 0.000000 -0.000000 1.000000
vn 0.000000 -0.000000 1.000000
vn 0.000000 -0.000000 1.000000
vn 0.000000 -0.000000 1.000000
vn 0.000000 -0.000000 1.000000
vn 0.000000 -0.000000 1.000000
vn 0.000000 -0.000000 1.000000
vn 0.000000 -0.000000 1.000000
vn 0.000000 -0.000000 1.000000
vn 0.000000 -0.000000 1.000000
vn 0.000000 -0.000000 1.000000
vn 0.000000 -0.000000 1.000000
vn 0.000000 -0.000000 1.000000
vn 0.000000 -0.000000 1.000000
vn 0.000000 -0.000000 1.000000
vn 0.000000 -0.000000 1.000000
vn 0.000000 -0.000000 1.000000
vn 0.000000 -0.000000 1.000000
vn 0.000000 -0.000000 1.000000
vn 0.000000 -0.000000 1.000000
vn 0.000000 -0.000000 1.000000
vn 0.000000 -0.000000 1.000000
vn 0.000000 -0.000000 1.000000
vn 0.000000 -0.000000 1.000000
vn 0.000000 -0.000000 1.000000
vn 0.000000 -0.000000 1.000000
vn 0.000000 -0.000000 1.000000
vn 0.000000 -0.000000 1.000000
vn 0.000000 -0.000000 1.000000
vn 0.000000 -0.000000 1.000000
vn 0.000000 -0.000000 1.000000
vn 0.000000 -0.000000 1.000000
vn 0.000000 -0.000000 1.000000
vn 0.000000 -0.000000 1.000000
vn 0.000000 -0.000000 1.000000
vn 0.000000 -0.000000 1.000000
vn 0.000000 -0.000000 1.000000
vn 0.000000 -0.000000 1.000000
vn 0.000000 -0.000000 1.000000
vn 0.000000 -0.000000 1.000000
vn 0.000000 -0.000000 1.000000
vn 0.000000 -0.000000 1.000000
vn 0.000000 -0.000000 1.000000
vn 0.000000 -0.000000 1.000000
vn 0.000000 -0.000000 1.000000
vn 0.000000 -0.000000 1.000000
vn 0.000000 -0.000000 1.000000
vn 0.000000 -0.000000 1.000000
vn 0.000000 -0.000000 1.000000
vn 0.000000 -0.000000 1.000000
vn 0.000000 -0.000000 1.000000
vn 0.000000 -0.000000 1.000000
vn 0.000000 -0.000000 1.000000
vn 0.000000 -0.000000 1.000000
vn 0.000000 -0.000000 1.000000
vn 0.000000 -0.000000 1.000000
vn 0.000000 -0.000000 1.000000
vn 0.000000 -0.000000 1.000000
vn 0.000000 -0.000000 1.000000
vn 0.000000 -0.000000 1.000000
vn 0.000000 -0.000000 1.000000
vn 0.000000 -0.000000 1.000000
vn 0.000000 -0.000000 1.000000
vn 0.000000 -0.000000 1.000000
vn 0.000000 -0.000000 1.000000
vn 0.000000 -0.000000 1.000000
vn 0.000000 -0.000000 1.000000
vn 0.000000 -0.000000 1.000000
vn 0.000000 -0.000000 1.000000
vn 0.000000 -0.000000 1.000000
vn 0.000000 -0.000000 1.000000
vn 0.000000 -0.000000 1.000000
vn 0.000000 -0.000000 1.000000
vn 0.000000 -0.000000 1.000000
vn 0.000000 -0.000000 1.000000
vn 0.000000 -0.000000 1.000000
vn 0.000000 -0.000000 1.000000
vn 0.000000 -0.000000 1.000000
vn 0.000000 -0.000000 1.000000
vn 0.000000 -0.000000 1.000000
vn 0.000000 -0.000000 1.000000
vn 0.000000 -0.000000 1.000000
vn 0.000000 -0.000000 1.000000
vn 0.000000 -0.000000 1.000000
vn 0.000000 -0.000000 1.000000
vn 0.000000 -0.000000 1.000000
vn 0.000000 -0.000000 1.000000
vn 0.000000 -0.000000 1.000000
vn 0.000000 -0.000000 1.000000
vn 0.000000 -0.000000 1.000000
vn 0.000000 -0.000000 1.000000
vn 0.000000 -0.000000 1.000000
vn 0.000000 -0.000000 1.000000
vn 0.000000 -0.000000 1.000000
vn 0.000000 -0.000000 1.000000
vn 0.000000 -0.000000 1.000000
vn 0.000000 -0.000000 1.000000
vn 0.000000 -0.000000 1.000000
vn 0.000000 -0.000000 1.000000
vn 0.000000 -0.000000 1.000000
vn 0.000000 -0.000000 1.000000
vn 0.000000 -0.000000 1.000000
vn 0.000000 -0.000000 1.000000
vn 0.000000 -0.000000 1.000000
vn 0.000000 -0.000000 1.000000
vn 0.000000 -0.000000 1.000000
vn 0.000000 -0.000000 1.000000
vn 0.000000 -0.000000 1.000000
vn 0.000000 -0.000000 1.000000
vn 0.000000 -0.000000 1.000000
vn 0.000000 -0.000000 1.000000
vn 0.000000 -0.000000 1.000000
vn 0.000000 -0.000000 1.000000
vn 0.000000 -0.000000 1.000000
vn 0.000000 -0.000000 1.000000
vn 0.000000 -0.000000 1.000000
vn 0.000000 -0.000000 1.000000
vn 0.000000 -0.000000 1.000000
vn 0.000000 -0.000000 1.000000
vn 0.000000 -0.000000 1.000000
vn 0.000000 -0.000000 1.000000
vn 0.000000 -0.000000 1.000000
vn 0.000000 -0.000000 1.000000
vn 0.000000 -0.000000 1.000000
vn 0.000000 -0.000000 1.000000
vn 0.000000 -0.000000 1.000000
vn 0.000000 -0.000000 1.000000
vn 0.000000 -0.000000 1.000000
vn 0.000000 -0.000000 1.000000
vn 0.000000 -0.000000 1.000000
vn 0.000000 -0.000000 1.000000
vn 0.000000 -0.000000 1.000000
vn 0.000000 -0.000000 1.000000
vn 0.000000 -0.000000 1.000000
vn 0.000000 -0.000000 1.000000
vn 0.000000 -0.000000 1.000000
vn 0.000000 -0.000000 1.000000
vn 0.000000 -0.000000 1.000000
vn 0.000000 -0.000000 1.000000
vn 0.000000 -0.000000 1.000000
vn 0.000000 -0.000000 1.000000
vn 0.000000 -0.000000 1.000000
vn 0.000000 -0.000000 1.000000
vn 0.000000 -0.000000 1.000000
vn 0.000000 -0.000000 1.000000
vn 0.000000 -0.000000 1.000000
vn 0.000000 -0.000000 1.000000
vn 0.000000 -0.000000 1.000000
vn 0.000000 -0.000000 1.000000
vn 0.000000 -0.000000 1.000000
vn 0.000000 -0.000000 1.000000
vn 0.000000 -0.000000 1.000000
vn 0.000000 -0.000000 1.000000
vn 0.000000 -0.000000 1.000000
vn 0.000000 -0.000000 1.000000
vn 0.000000 -0.000000 1.000000
vn 0.000000 -0.000000 1.000000
vn 0.000000 -0.000000 1.000000
vn 0.000000 -0.000000 1.000000
vn 0.000000 -0.000000 1.000000
vn 0.000000 -0.000000 1.000000
vn 0.000000 -0.000000 1.000000
vn 0.000000 -0.000000 1.000000
vn 0.000000 -0.000000 1.000000
vn 0.000000 -0.000000 1.000000
vn 0.000000 -0.000000 1.000000
vn 0.000000 -0.000000 1.000000
vn 0.000000 -0.000000 1.000000
vn 0.000000 -0.000000 1.000000
vn 0.000000 -0.000000 1.000000
vn 0.000000 -0.000000 1.000000
vn 0.000000 -0.000000 1.000000
vn 0.000000 -0.000000 1.000000
vn 0.000000 -0.000000 1.000000
vn 0.000000 -0.000000 1.000000
vn 0.000000 -0.000000 1.000000
vn 0.000000 -0.000000 1.000000
vn 0.000000 -0.000000 1.000000
vn 0.000000 -0.000000 1.000000
vn 0.000000 -0.000000 1.000000
vn 0.000000 -0.000000 1.000000
vn 0.000000 -0.000000 1.000000
vn 0.000000 -0.000000 1.000000
vn 0.000000 -0.000000 1.000000
vn 0.000000 -0.000000 1.000000
vn 0.000000 -0.000000 1.000000
vn 0.000000 -0.000000 1.000000
vn 0.000000 -0.000000 1.000000
vn 0.000000 -0.000000 1.000000
vn 0.000000 -0.000000 1.000000
vn 0.000000 -0.000000 1.000000
vn 0.000000 -0.000000 1.000000
vn 0.000000 -0.000000 1.000000
vn 0.000000 -0.000000 1.000000
vn 0.000000 -0.000000 1.000000
vn 0.000000 -0.000000 1.000000
vn 0.000000 -0.000000 1.000000
vn 0.000000 -0.000000 1.000000
vn 0.000000 -0.000000 1.000000
vn 0.000000 -0.000000 1.000000
vn 0.000000 -0.000000 1.000000
vn 0.000000 -0.000000 1.000000
vn 0.000000 -0.000000 1.000000
vn 0.000000 -0.000000 1.000000
vn 0.000000 -0.000000 1.000000
vn 0.000000 -0.000000 1.000000
vn 0.000000 -0.000000 1.000000
vn 0.000000 -0.000000 1.000000
vn 0.000000 -0.000000 1.000000
vn 0.000000 -0.000000 1.000000
vn 0.000000 -0.000000 1.000000
vn 0.000000 -0.000000 1.000000
vn 0.000000 -0.000000 1.000000
vn 0.000000 -0.000000 1.000000
vn 0.000000 -0.000000 1.000000
vn 0.000000 -0.000000 1.000000
vn 0.000000 -0.000000 1.000000
vn 0.000000 -0.000000 1.000000
vn 0.000000 -0.000000 1.000000
vn 0.000000 -0.000000 1.000000
vn 0.000000 -0.000000 1.000000
vn 0.000000 -0.000000 1.000000
vn 0.000000 -0.000000 1.000000
vn 0.000000 -0.000000 1.000000
vn 0.000000 -0.000000 1.000000
vn 0.000000 -0.000000 1.000000
vn 0.000000 -0.000000 1.000000
vn 0.000000 -0.000000 1.000000
vn 0.000000 -0.000000 1.000000
vn 0.000000 -0.000000 1.000000
vn 0.000000 -0.000000 1.000000
vn 0.000000 -0.000000 1.000000
vn 0.000000 -0.000000 1.000000
vn 0.000000 -0.000000 1.000000
vn 0.000000 -0.000000 1.000000
vn 0.000000 -0.000000 1.000000
vn 0.000000 -0.000000 1.000000
vn 0.000000 -0.000000 1.000000
vn 0.000000 -0.000000 1.000000
vn 0.000000 -0.000000 1.000000
vn 0.000000 -0.000000 1.000000
vn 0.000000 -0.000000 1.000000
vn 0.000000 -0.000000 1.000000
vn 0.000000 -0.000000 1.000000
vn 0.000000 -0.000000 1.000000
vn 0.000000 -0.000000 1.000000
vn 0.000000 -0.000000 1.000000
vn 0.000000 -0.000000 1.000000
vn 0.000000 -0.000000 1.000000
vn 0.000000 -0.000000 1.000000
vn 0.000000 -0.000000 1.000000
vn 0.000000 -0.000000 1.000000
vn 0.000000 -0.000000 1.000000
vn 0.000000 -0.000000 1.000000
vn 0.000000 -0.000000 1.000000
vn 0.000000 -0.000000 1.000000
vn 0.000000 -0.000000 1.000000
vn 0.000000 -0.000000 1.000000
vn 0.000000 -0.000000 1.000000
vn 0.000000 -0.000000 1.000000
vn 0.000000 -0.000000 1.000000
vn 0.000000 -0.000000 1.000000
vn 0.000000 -0.000000 1.000000
vn 0.000000 -0.000000 1.000000
vn 0.000000 -0.000000 1.000000
vn 0.000000 -0.000000 1.000000
vn 0.000000 -0.000000 1.000000
vn 0.000000 -0.000000 1.000000
vn 0.000000 -0.000000 1.000000
vn 0.000000 -0.000000 1.000000
vn 0.000000 -0.000000 1.000000
vn 0.000000 -0.000000 1.000000
vn 0.000000 -0.000000 1.000000
vn 0.000000 -0.000000 1.000000
vn 0.000000 -0.000000 1.000000
vn 0.000000 -0.000000 1.000000
vn 0.000000 -0.000000 1.000000
vn 0.000000 -0.000000 1.000000
vn 0.000000 -0.000000 1.000000
vn 0.000000 -0.000000 1.000000
vn 0.000000 -0.000000 1.000000
vn 0.000000 -0.000000 1.000000
vn 0.000000 -0.000000 1.000000
vn 0.000000 -0.000000 1.000000
vn 0.000000 -0.000000 1.000000
vn 0.000000 -0.000000 1.000000
vn 0.000000 -0.000000 1.000000
vn 0.000000 -0.000000 1.000000
vn 0.000000 -0.000000 1.000000
vn 0.000000 -0.000000 1.000000
vn 0.000000 -0.000000 1.000000
vn 0.000000 -0.000000 1.000000
vn 0.000000 -0.000000 1.000000
vn 0.000000 -0.000000 1.000000
vn 0.000000 -0.000000 1.000000
vn 0.000000 -0.000000 1.000000
vn 0.000000 -0.000000 1.000000
vn 0.000000 -0.000000 1.000000
vn 0.000000 -0.000000 1.000000
vn 0.000000 -0.000000 1.000000
vn 0.000000 -0.000000 1.000000
vn 0.000000 -0.000000 1.000000
vn 0.000000 -0.000000 1.000000
vn 0.000000 -0.000000 1.000000
vn 0.000000 -0.000000 1.000000
vn 0.000000 -0.000000 1.000000
vn 0.000000 -0.000000 1.000000
vn 0.000000 -0.000000 1.000000
vn 0.000000 -0.000000 1.000000
vn 0.000000 -0.000000 1.000000
vn 0.000000 -0.000000 1.000000
vn 0.000000 -0.000000 1.000000
vn 0.000000 -0.000000 1.000000
vn 0.000000 -0.000000 1.000000
vn 0.000000 -0.000000 1.000000
vn 0.000000 -0.000000 1.000000
vn 0.000000 -0.000000 1.000000
vn 0.000000 -0.000000 1.000000
vn 0.000000 -0.000000 1.000000
vn 0.000000 -0.000000 1.000000
vn 0.000000 -0.000000 1.000000
vn 0.000000 -0.000000 1.000000
vn 0.000000 -0.000000 1.000000
vn 0.000000 -0.000000 1.000000
vn 0.000000 -0.000000 1.000000
vn 0.000000 -0.000000 1.000000
vn 0.000000 -0.000000 1.000000
vn 0.000000 -0.000000 1.000000
vn 0.000000 -0.000000 1.000000
vn 0.000000 -0.000000 1.000000
vn 0.000000 0.000000 -0.000000
vn 0.000000 -0.000000 1.000000
vn 0.000000 0.000000 -0.000000
vn 0.000000 -0.000000 1.000000
vn 0.000000 -0.000000 1.000000
vn 0.000000 -0.000000 1.000000
vn 0.000000 -0.000000 1.000000
vn 0.000000 -0.000000 1.000000
vn 0.000000 -0.000000 1.000000
vn 0.000000 -0.000000 1.000000
vn 0.000000 -0.000000 1.000000
vn 0.000000 -0.000000 1.000000
vn 0.000000 -0.000000 1.000000
vn 0.000000 -0.000000 1.000000
vn 0.000000 -0.000000 1.000000
vn 0.000000 -0.000000 1.000000
vn 0.000000 -0.000000 1.000000
vn 0.000000 -0.000000 1.000000
vn 0.000000 -0.000000 1.000000
vn 0.000000 -0.000000 1.000000
vn 0.000000 -0.000000 1.000000
vn 0.000000 -0.000000 1.000000
vn 0.000000 -0.000000 1.000000
vn 0.000000 -0.000000 1.000000
vn 0.000000 -0.000000 1.000000
vn 0.000000 -0.000000 1.000000
vn 0.000000 -0.000000 1.000000
vn 0.000000 -0.000000 1.000000
vn 0.000000 -0.000000 1.000000
vn 0.000000 -0.000000 1.000000
vn 0.000000 -0.000000 1.000000
vn 0.000000 -0.000000 1.000000
vn 0.000000 -0.000000 1.000000
vn 0.000000 -0.000000 1.000000
vn 0.000000 -0.000000 1.000000
vn 0.000000 -0.000000 1.000000
vn 0.000000 -0.000000 1.000000
vn 0.000000 -0.000000 1.000000
vn 0.000000 -0.000000 1.000000
vn 0.000000 -0.000000 1.000000
vn 0.000000 -0.000000 1.000000
vn 0.000000 -0.000000 1.000000
vn 0.000000 -0.000000 1.000000
vn 0.000000 -0.000000 1.000000
vn 0.000000 -0.000000 1.000000
vn 0.000000 -0.000000 1.000000
vn 0.000000 -0.000000 1.000000
vn 0.000000 -0.000000 1.000000
vn 0.000000 -0.000000 1.000000
vn 0.000000 -0.000000 1.000000
vn 0.000000 -0.000000 1.000000
vn 0.000000 -0.000000 1.000000
vn 0.000000 -0.000000 1.000000
vn 0.000000 -0.000000 1.000000
vn 0.000000 -0.000000 1.000000
vn 0.000000 -0.000000 1.000000
vn 0.000000 -0.000000 1.000000
vn 0.000000 -0.000000 1.000000
vn 0.000000 -0.000000 1.000000
vn 0.000000 -0.000000 1.000000
vn 0.000000 -0.000000 1.000000
vn 0.000000 -0.000000 1.000000
vn 0.000000 -0.000000 1.000000
vn 0.000000 -0.000000 1.000000
vn 0.000000 -0.000000 1.000000
vn 0.000000 -0.000000 1.000000
vn 0.000000 -0.000000 1.000000
vn 0.000000 -0.000000 1.000000
vn 0.000000 -0.000000 1.000000
vn 0.000000 -0.000000 1.000000
vn 0.000000 -0.000000 1.000000
vn 0.000000 -0.000000 1.000000
vn 0.000000 -0.000000 1.000000
vn 0.000000 -0.000000 1.000000
vn 0.000000 -0.000000 1.000000
vn 0.000000 -0.000000 1.000000
vn 0.000000 -0.000000 1.000000
vn 0.000000 -0.000000 1.000000
vn 0.000000 -0.000000 1.000000
vn 0.000000 -0.000000 1.000000
vn 0.000000 -0.000000 1.000000
vn 0.000000 -0.000000 1.000000
vn 0.000000 -0.000000 1.000000
vn 0.000000 -0.000000 1.000000
vn 0.000000 -0.000000 1.000000
vn 0.000000 -0.000000 1.000000
vn 0.000000 -0.000000 1.000000
vn 0.000000 -0.000000 1.000000
vn 0.000000 -0.000000 1.000000
vn 0.000000 -0.000000 1.000000
vn 0.000000 -0.000000 1.000000
vn 0.000000 -0.000000 1.000000
vn 0.000000 -0.000000 1.000000
vn 0.000000 -0.000000 1.000000
vn 0.000000 -0.000000 1.000000
vn 0.000000 -0.000000 1.000000
vn 0.000000 -0.000000 1.000000
vn 0.000000 -0.000000 1.000000
vn 0.000000 -0.000000 1.000000
vn 0.000000 -0.000000 1.000000
vn 0.000000 -0.000000 1.000000
vn 0.000000 -0.000000 1.000000
vn 0.000000 -0.000000 1.000000
vn 0.000000 -0.000000 1.000000
vn 0.000000 -0.000000 1.000000
vn 0.000000 -0.000000 1.000000
vn 0.000000 -0.000000 1.000000
vn 0.000000 -0.000000 1.000000
vn 0.000000 -0.000000 1.000000
vn 0.000000 -0.000000 1.000000
vn 0.000000 -0.000000 1.000000
vn 0.000000 -0.000000 1.000000
vn 0.000000 -0.000000 1.000000
vn 0.000000 -0.000000 1.000000
vn 0.000000 -0.000000 1.000000
vn 0.000000 -0.000000 1.000000
vn 0.000000 -0.000000 1.000000
vn 0.000000 -0.000000 1.000000
vn 0.000000 -0.000000 1.000000
vn 0.000000 -0.000000 1.000000
vn 0.000000 -0.000000 1.000000
vn 0.000000 -0.000000 1.000000
vn 0.000000 -0.000000 1.000000
vn 0.000000 -0.000000 1.000000
vn 0.000000 -0.000000 1.000000
vn 0.000000 -0.000000 1.000000
vn 0.000000 -0.000000 1.000000
vn 0.000000 -0.000000 1.000000
vn 0.000000 -0.000000 1.000000
vn 0.000000 -0.000000 1.000000
vn 0.000000 -0.000000 1.000000
vn 0.000000 -0.000000 1.000000
vn 0.000000 -0.000000 1.000000
vn 0.000000 -0.000000 1.000000
vn 0.000000 -0.000000 1.000000
vn 0.000000 -0.000000 1.000000
vn 0.000000 -0.000000 1.000000
vn 0.000000 -0.000000 1.000000
vn 0.000000 -0.000000 1.000000
vn 0.000000 -0.000000 1.000000
vn 0.000000 -0.000000 1.000000
vn 0.000000 -0.000000 1.000000
vn 0.000000 -0.000000 1.000000
vn 0.000000 -0.000000 1.000000
vn 0.000000 -0.000000 1.000000
vn 0.000000 -0.000000 1.000000
vn 0.000000 -0.000000 1.000000
vn 0.000000 -0.000000 1.000000
vn 0.000000 -0.000000 1.000000
vn 0.000000 -0.000000 1.000000
vn 0.000000 -0.000000 1.000000
vn 0.000000 -0.000000 1.000000
vn 0.000000 -0.000000 1.000000
vn 0.000000 -0.000000 1.000000
vn 0.000000 -0.000000 1.000000
vn 0.000000 -0.000000 1.000000
vn 0.000000 -0.000000 1.000000
vn 0.000000 -0.000000 1.000000
vn 0.000000 -0.000000 1.000000
vn 0.000000 -0.000000 1.000000
vn 0.000000 -0.000000 1.000000
vn 0.000000 -0.000000 1.000000
vn 0.000000 -0.000000 1.000000
vn 0.000000 -0.000000 1.000000
vn 0.000000 -0.000000 1.000000
vn 0.000000 -0.000000 1.000000
vn 0.000000 -0.000000 1.000000
vn 0.000000 -0.000000 1.000000
vn 0.000000 -0.000000 1.000000
vn 0.000000 -0.000000 1.000000
vn 0.000000 -0.000000 1.000000
vn 0.000000 -0.000000 1.000000
vn 0.000000 -0.000000 1.000000
vn 0.000000 -0.000000 1.000000
vn 0.000000 -0.000000 1.000000
vn 0.000000 -0.000000 1.000000
vn 0.000000 -0.000000 1.000000
vn 0.000000 -0.000000 1.000000
vn 0.000000 -0.000000 1.000000
vn 0.000000 -0.000000 1.000000
vn 0.000000 -0.000000 1.000000
vn 0.000000 -0.000000 1.000000
vn 0.000000 -0.000000 1.000000
vn 0.000000 -0.000000 1.000000
vn 0.000000 -0.000000 1.000000
vn 0.000000 -0.000000 1.000000
vn 0.000000 -0.000000 1.000000
vn 0.000000 -0.000000 1.000000
vn 0.000000 -0.000000 1.000000
vn 0.000000 -0.000000 1.000000
vn 0.000000 -0.000000 1.000000
vn 0.000000 -0.000000 1.000000
vn 0.000000 -0.000000 1.000000
vn 0.000000 -0.000000 1.000000
vn 0.000000 -0.000000 1.000000
vn 0.000000 -0.000000 1.000000
vn 0.000000 -0.000000 1.000000
vn 0.000000 -0.000000 1.000000
vn 0.000000 -0.000000 1.000000
vn 0.000000 -0.000000 1.000000
vn 0.000000 -0.000000 1.000000
vn 0.000000 -0.000000 1.000000
vn 0.000000 -0.000000 1.000000
vn 0.000000 -0.000000 1.000000
vn 0.000000 -0.000000 1.000000
vn 0.000000 -0.000000 1.000000
vn 0.000000 -0.000000 1.000000
vn 0.000000 -0.000000 1.000000
vn 0.000000 -0.000000 1.000000
vn 0.000000 -0.000000 1.000000
vn 0.000000 -0.000000 1.000000
vn 0.000000 -0.000000 1.000000
vn 0.000000 -0.000000 1.000000
vn 0.000000 -0.000000 1.000000
vn 0.000000 -0.000000 1.000000
vn 0.000000 -0.000000 1.000000
vn 0.000000 -0.000000 1.000000
vn 0.000000 -0.000000 1.000000
vn 0.000000 -0.000000 1.000000
vn 0.000000 -0.000000 1.000000
vn 0.000000 -0.000000 1.000000
vn 0.000000 -0.000000 1.000000
vn 0.000000 -0.000000 1.000000
vn 0.000000 -0.000000 1.000000
vn 0.000000 -0.000000 1.000000
vn 0.000000 -0.000000 1.000000
vn 0.000000 -0.000000 1.000000
vn 0.000000 -0.000000 1.000000
vn 0.000000 -0.000000 1.000000
vn 0.000000 -0.000000 1.000000
vn 0.000000 -0.000000 1.000000
vn 0.000000 -0.000000 1.000000
vn 0.000000 -0.000000 1.000000
vn 0.000000 -0.000000 1.000000
vn 0.000000 -0.000000 1.000000
vn 0.000000 -0.000000 1.000000
vn 0.000000 -0.000000 1.000000
vn 0.000000 -0.000000 1.000000
vn 0.000000 -0.000000 1.000000
vn 0.000000 -0.000000 1.000000
vn 0.000000 -0.000000 1.000000
vn 0.000000 -0.000000 1.000000
vn 0.000000 -0.000000 1.000000
vn 0.000000 -0.000000 1.000000
vn 0.000000 -0.000000 1.000000
vn 0.000000 -0.000000 1.000000
vn 0.000000 -0.000000 1.000000
vn 0.000000 -0.000000 1.000000
vn 0.000000 -0.000000 1.000000
vn 0.000000 -0.000000 1.000000
vn 0.000000 -0.000000 1.000000
vn 0.000000 -0.000000 1.000000
vn 0.000000 -0.000000 1.000000
vn 0.000000 -0.000000 1.000000
vn 0.000000 -0.000000 1.000000
vn 0.000000 -0.000000 1.000000
vn 0.000000 -0.000000 1.000000
vn 0.000000 -0.000000 1.000000
vn 0.000000 -0.000000 1.000000
vn 0.000000 -0.000000 1.000000
vn 0.000000 -0.000000 1.000000
vn 0.000000 -0.000000 1.000000
vn 0.000000 -0.000000 1.000000
vn 0.000000 -0.000000 1.000000
vn 0.000000 -0.000000 1.000000
vn 0.000000 -0.000000 1.000000
vn 0.000000 -0.000000 1.000000
vn 0.000000 -0.000000 1.000000
vn 0.000000 -0.000000 1.000000
vn 0.000000 -0.000000 1.000000
vn 0.000000 -0.000000 1.000000
vn 0.000000 -0.000000 1.000000
vn 0.000000 -0.000000 1.000000
vn 0.000000 -0.000000 1.000000
vn 0.000000 -0.000000 1.000000
vn 0.000000 -0.000000 1.000000
vn 0.000000 0.000000 -1.000000
vn 0.000000 0.000000 -1.000000
vn 0.000000 0.000000 -1.000000
vn 0.000000 0.000000 -1.000000
vn 0.000000 0.000000 -1.000000
vn 0.000000 0.000000 -1.000000
vn 0.000000 0.000000 -1.000000
vn 0.000000 0.000000 -1.000000
vn 0.000000 0.000000 -1.000000
vn 0.000000 0.000000 -1.000000
vn 0.000000 0.000000 -1.000000
vn 0.000000 0.000000 -1.000000
vn 0.000000 0.000000 -1.000000
vn 0.000000 0.000000 -1.000000
vn 0.000000 0.000000 -1.000000
vn 0.000000 0.000000 -1.000000
vn 0.000000 0.000000 -1.000000
vn 0.000000 0.000000 -1.000000
vn 0.000000 0.000000 -1.000000
vn 0.000000 0.000000 -1.000000
vn 0.000000 0.000000 -1.000000
vn 0.000000 0.000000 -1.000000
vn 0.000000 0.000000 -1.000000
vn 0.000000 0.000000 -1.000000
vn 0.000000 0.000000 -1.000000
vn 0.000000 0.000000 -1.000000
vn 0.000000 0.000000 -1.000000
vn 0.000000 0.000000 -1.000000
vn 0.000000 0.000000 -1.000000
vn 0.000000 0.000000 -1.000000
vn 0.000000 0.000000 -1.000000
vn 0.000000 0.000000 -1.000000
vn 0.000000 0.000000 -1.000000
vn 0.000000 0.000000 -1.000000
vn 0.000000 0.000000 -0.000000
vn 0.000000 0.000000 -1.000000
vn 0.000000 0.000000 -0.000000
vn 0.000000 0.000000 -1.000000
vn 0.000000 0.000000 -1.000000
vn 0.000000 0.000000 -1.000000
vn 0.000000 0.000000 -1.000000
vn 0.000000 0.000000 -1.000000
vn 0.000000 0.000000 -1.000000
vn 0.000000 0.000000 -1.000000
vn 0.000000 0.000000 -1.000000
vn 0.000000 0.000000 -1.000000
vn 0.000000 0.000000 -1.000000
vn 0.000000 0.000000 -1.000000
vn 0.000000 0.000000 -1.000000
vn 0.000000 0.000000 -1.000000
vn 0.000000 0.000000 -1.000000
vn 0.000000 0.000000 -1.000000
vn 0.000000 0.000000 -1.000000
vn 0.000000 0.000000 -1.000000
vn 0.000000 0.000000 -1.000000
vn 0.000000 0.000000 -1.000000
vn 0.000000 0.000000 -1.000000
vn 0.000000 0.000000 -1.000000
vn 0.000000 0.000000 -1.000000
vn 0.000000 0.000000 -1.000000
vn 0.000000 0.000000 -1.000000
vn 0.000000 0.000000 -1.000000
vn 0.000000 0.000000 -1.000000
vn 0.000000 0.000000 -1.000000
vn 0.000000 0.000000 -1.000000
vn 0.000000 0.000000 -1.000000
vn 0.000000 0.000000 -1.000000
vn 0.000000 0.000000 -1.000000
vn 0.000000 0.000000 -1.000000
vn 0.000000 0.000000 -1.000000
vn 0.000000 0.000000 -1.000000
vn 0.000000 0.000000 -1.000000
vn 0.000000 0.000000 -1.000000
vn 0.000000 0.000000 -1.000000
vn 0.000000 0.000000 -1.000000
vn 0.000000 0.000000 -1.000000
vn 0.000000 0.000000 -1.000000
vn 0.000000 0.000000 -1.000000
vn 0.000000 0.000000 -1.000000
vn 0.000000 0.000000 -1.000000
vn 0.000000 0.000000 -1.000000
vn 0.000000 0.000000 -1.000000
vn 0.000000 0.000000 -1.000000
vn 0.000000 0.000000 -1.000000
vn 0.000000 0.000000 -1.000000
vn 0.000000 0.000000 -1.000000
vn 0.000000 0.000000 -1.000000
vn 0.000000 0.000000 -1.000000
vn 0.000000 0.000000 -1.000000
vn 0.000000 0.000000 -1.000000
vn 0.000000 0.000000 -1.000000
vn 0.000000 0.000000 -1.000000
vn 0.000000 0.000000 -1.000000
vn 0.000000 0.000000 -1.000000
vn 0.000000 0.000000 -1.000000
vn 0.000000 0.000000 -1.000000
vn 0.000000 0.000000 -1.000000
vn 0.000000 0.000000 -1.000000
vn 0.000000 0.000000 -1.000000
vn 0.000000 0.000000 -1.000000
vn 0.000000 0.000000 -1.000000
vn 0.000000 0.000000 -1.000000
vn 0.000000 0.000000 -1.000000
vn 0.000000 0.000000 -1.000000
vn 0.000000 0.000000 -1.000000
vn 0.000000 0.000000 -1.000000
vn 0.000000 0.000000 -1.000000
vn 0.000000 0.000000 -1.000000
vn 0.000000 0.000000 -1.000000
vn 0.000000 0.000000 -1.000000
vn 0.000000 0.000000 -1.000000
vn 0.000000 0.000000 -1.000000
vn 0.000000 0.000000 -1.000000
vn 0.000000 0.000000 -1.000000
vn 0.000000 0.000000 -1.000000
vn 0.000000 0.000000 -1.000000
vn 0.000000 0.000000 -1.000000
vn 0.000000 0.000000 -1.000000
vn 0.000000 0.000000 -1.000000
vn 0.000000 0.000000 -1.000000
vn 0.000000 0.000000 -1.000000
vn 0.000000 0.000000 -1.000000
vn 0.000000 0.000000 -1.000000
vn 0.000000 0.000000 -1.000000
vn 0.000000 0.000000 -1.000000
vn 0.000000 0.000000 -1.000000
vn 0.000000 0.000000 -1.000000
vn 0.000000 0.000000 -1.000000
vn 0.000000 0.000000 -1.000000
vn 0.000000 0.000000 -1.000000
vn 0.000000 0.000000 -1.000000
vn 0.000000 0.000000 -1.000000
vn 0.000000 0.000000 -1.000000
vn 0.000000 0.000000 -1.000000
vn 0.000000 0.000000 -1.000000
vn 0.000000 0.000000 -1.000000
vn 0.000000 0.000000 -1.000000
vn 0.000000 0.000000 -1.000000
vn 0.000000 0.000000 -1.000000
vn 0.000000 0.000000 -1.000000
vn 0.000000 0.000000 -1.000000
vn 0.000000 0.000000 -1.000000
vn 0.000000 0.000000 -1.000000
vn 0.000000 0.000000 -1.000000
vn 0.000000 0.000000 -1.000000
vn 0.000000 0.000000 -1.000000
vn 0.000000 0.000000 -1.000000
vn 0.000000 0.000000 -1.000000
vn 0.000000 0.000000 -1.000000
vn 0.000000 0.000000 -1.000000
vn 0.000000 0.000000 -1.000000
vn 0.000000 0.000000 -1.000000
vn 0.000000 0.000000 -1.000000
vn 0.000000 0.000000 -1.000000
vn 0.000000 0.000000 -1.000000
vn 0.000000 0.000000 -1.000000
vn 0.000000 0.000000 -1.000000
vn 0.000000 0.000000 -1.000000
vn 0.000000 0.000000 -1.000000
vn 0.000000 0.000000 -1.000000
vn 0.000000 0.000000 -1.000000
vn 0.000000 0.000000 -1.000000
vn 0.000000 0.000000 -1.000000
vn 0.000000 0.000000 -1.000000
vn 0.000000 0.000000 -1.000000
vn 0.000000 0.000000 -1.000000
vn 0.000000 0.000000 -1.000000
vn 0.000000 0.000000 -1.000000
vn 0.000000 0.000000 -1.000000
vn 0.000000 0.000000 -1.000000
vn 0.000000 0.000000 -1.000000
vn 0.000000 0.000000 -1.000000
vn 0.000000 0.000000 -1.000000
vn 0.000000 0.000000 -1.000000
vn 0.000000 0.000000 -1.000000
vn 0.000000 0.000000 -1.000000
vn 0.000000 0.000000 -1.000000
vn 0.000000 0.000000 -1.000000
vn 0.000000 0.000000 -1.000000
vn 0.000000 0.000000 -1.000000
vn 0.000000 0.000000 -1.000000
vn 0.000000 0.000000 -1.000000
vn 0.000000 0.000000 -1.000000
vn 0.000000 0.000000 -1.000000
vn 0.000000 0.000000 -1.000000
vn 0.000000 0.000000 -1.000000
vn 0.000000 0.000000 -1.000000
vn 0.000000 0.000000 -1.000000
vn 0.000000 0.000000 -1.000000
vn 0.000000 0.000000 -1.000000
vn 0.000000 0.000000 -1.000000
vn 0.000000 0.000000 -1.000000
vn 0.000000 0.000000 -1.000000
vn 0.000000 0.000000 -1.000000
vn 0.000000 0.000000 -1.000000
vn 0.000000 0.000000 -1.000000
vn 0.000000 0.000000 -1.000000
vn 0.000000 0.000000 -1.000000
vn 0.000000 0.000000 -1.000000
vn 0.000000 0.000000 -1.000000
vn 0.000000 0.000000 -1.000000
vn 0.000000 0.000000 -1.000000
vn 0.000000 0.000000 -1.000000
vn 0.000000 0.000000 -1.000000
vn 0.000000 0.000000 -1.000000
vn 0.000000 0.000000 -1.000000
vn 0.000000 0.000000 -1.000000
vn 0.000000 0.000000 -1.000000
vn 0.000000 0.000000 -1.000000
vn 0.000000 0.000000 -1.000000
vn 0.000000 0.000000 -1.000000
vn 0.000000 0.000000 -1.000000
vn 0.000000 0.000000 -1.000000
vn 0.000000 0.000000 -1.000000
vn 0.000000 0.000000 -1.000000
vn 0.000000 0.000000 -1.000000
vn 0.000000 0.000000 -1.000000
vn 0.000000 0.000000 -1.000000
vn 0.000000 0.000000 -1.000000
vn 0.000000 0.000000 -1.000000
vn 0.000000 0.000000 -1.000000
vn 0.000000 0.000000 -1.000000
vn 0.000000 0.000000 -1.000000
vn 0.000000 0.000000 -1.000000
vn 0.000000 0.000000 -1.000000
vn 0.000000 0.000000 -1.000000
vn 0.000000 0.000000 -1.000000
vn 0.000000 0.000000 -1.000000
vn 0.000000 0.000000 -1.000000
vn 0.000000 0.000000 -1.000000
vn 0.000000 0.000000 -1.000000
vn 0.000000 0.000000 -1.000000
vn 0.000000 0.000000 -1.000000
vn 0.000000 0.000000 -1.000000
vn 0.000000 0.000000 -1.000000
vn 0.000000 0.000000 -1.000000
vn 0.000000 0.000000 -1.000000
vn 0.000000 0.000000 -1.000000
vn 0.000000 0.000000 -1.000000
vn 0.000000 0.000000 -1.000000
vn 0.000000 0.000000 -1.000000
vn 0.000000 0.000000 -1.000000
vn 0.000000 0.000000 -1.000000
vn 0.000000 0.000000 -1.000000
vn 0.000000 0.000000 -1.000000
vn 0.000000 0.000000 -1.000000
vn 0.000000 0.000000 -1.000000
vn 0.000000 0.000000 -1.000000
vn 0.000000 0.000000 -1.000000
vn 0.000000 0.000000 -1.000000
vn 0.000000 0.000000 -1.000000
vn 0.000000 0.000000 -1.000000
vn 0.000000 0.000000 -1.000000
vn 0.000000 0.000000 -1.000000
vn 0.000000 0.000000 -1.000000
vn 0.000000 0.000000 -1.000000
vn 0.000000 0.000000 -1.000000
vn 0.000000 0.000000 -1.000000
vn 0.000000 0.000000 -1.000000
vn 0.000000 0.000000 -1.000000
vn 0.000000 0.000000 -1.000000
vn 0.000000 0.000000 -1.000000
vn 0.000000 0.000000 -1.000000
vn 0.000000 0.000000 -1.000000
vn 0.000000 0.000000 -1.000000
vn 0.000000 0.000000 -1.000000
vn 0.000000 0.000000 -1.000000
vn 0.000000 0.000000 -1.000000
vn 0.000000 0.000000 -1.000000
vn 0.000000 0.000000 -1.000000
vn 0.000000 0.000000 -1.000000
vn 0.000000 0.000000 -1.000000
vn 0.000000 0.000000 -1.000000
vn 0.000000 0.000000 -1.000000
vn 0.000000 0.000000 -1.000000
vn 0.000000 0.000000 -1.000000
vn 0.000000 0.000000 -1.000000
vn 0.000000 0.000000 -1.000000
vn 0.000000 0.000000 -1.000000
vn 0.000000 0.000000 -1.000000
vn 0.000000 0.000000 -1.000000
vn 0.000000 0.000000 -1.000000
vn 0.000000 0.000000 -1.000000
vn 0.000000 0.000000 -1.000000
vn 0.000000 0.000000 -1.000000
vn 0.000000 0.000000 -1.000000
vn 0.000000 0.000000 -1.000000
vn 0.000000 0.000000 -1.000000
vn 0.000000 0.000000 -1.000000
vn 0.000000 0.000000 -1.000000
vn 0.000000 0.000000 -1.000000
vn 0.000000 0.000000 -1.000000
vn 0.000000 0.000000 -1.000000
vn 0.000000 0.000000 -1.000000
vn 0.000000 0.000000 -1.000000
vn 0.000000 0.000000 -1.000000
vn 0.000000 0.000000 -1.000000
vn 0.000000 0.000000 -1.000000
vn 0.000000 0.000000 -1.000000
vn 0.000000 0.000000 -1.000000
vn 0.000000 0.000000 -1.000000
vn 0.000000 0.000000 -1.000000
vn 0.000000 0.000000 -1.000000
vn 0.000000 0.000000 -1.000000
vn 0.000000 0.000000 -1.000000
vn 0.000000 0.000000 -1.000000
vn 0.000000 0.000000 -1.000000
vn 0.000000 0.000000 -1.000000
vn 0.000000 0.000000 -1.000000
vn 0.000000 0.000000 -1.000000
vn 0.000000 0.000000 -1.000000
vn 0.000000 0.000000 -1.000000
vn 0.000000 0.000000 -1.000000
vn 0.000000 0.000000 -1.000000
vn 0.000000 0.000000 -1.000000
vn 0.000000 0.000000 -1.000000
vn 0.000000 0.000000 -1.000000
vn 0.000000 0.000000 -1.000000
vn 0.000000 0.000000 -1.000000
vn 0.000000 0.000000 -1.000000
vn 0.000000 0.000000 -1.000000
vn 0.000000 0.000000 -1.000000
vn 0.000000 0.000000 -1.000000
vn 0.000000 0.000000 -1.000000
vn 0.000000 0.000000 -1.000000
vn 0.000000 0.000000 -1.000000
vn 0.000000 0.000000 -1.000000
vn 0.000000 0.000000 -1.000000
vn 0.000000 0.000000 -1.000000
vn 0.000000 0.000000 -1.000000
vn 0.000000 0.000000 -1.000000
vn 0.000000 0.000000 -1.000000
vn 0.000000 0.000000 -1.000000
vn 0.000000 0.000000 -1.000000
vn 0.000000 0.000000 -1.000000
vn 0.000000 0.000000 -1.000000
vn 0.000000 0.000000 -1.000000
vn 0.000000 0.000000 -1.000000
vn 0.000000 0.000000 -1.000000
vn 0.000000 0.000000 -1.000000
vn 0.000000 0.000000 -1.000000
vn 0.000000 0.000000 -1.000000
vn 0.000000 0.000000 -1.000000
vn 0.000000 0.000000 -1.000000
vn 0.000000 0.000000 -1.000000
vn 0.000000 0.000000 -1.000000
vn 0.000000 0.000000 -1.000000
vn 0.000000 0.000000 -1.000000
vn 0.000000 0.000000 -1.000000
vn 0.000000 0.000000 -1.000000
vn 0.000000 0.000000 -1.000000
vn 0.000000 0.000000 -1.000000
vn 0.000000 0.000000 -1.000000
vn 0.000000 0.000000 -1.000000
vn 0.000000 0.000000 -1.000000
vn 0.000000 0.000000 -1.000000
vn 0.000000 0.000000 -1.000000
vn 0.000000 0.000000 -1.000000
vn 0.000000 0.000000 -1.000000
vn 0.000000 0.000000 -1.000000
vn 0.000000 0.000000 -1.000000
vn 0.000000 0.000000 -1.000000
vn 0.000000 0.000000 -1.000000
vn 0.000000 0.000000 -1.000000
vn 0.000000 0.000000 -1.000000
vn 0.000000 0.000000 -1.000000
vn 0.000000 0.000000 -1.000000
vn 0.000000 0.000000 -1.000000
vn 0.000000 0.000000 -1.000000
vn 0.000000 0.000000 -1.000000
vn 0.000000 0.000000 -1.000000
vn 0.000000 0.000000 -1.000000
vn 0.000000 0.000000 -1.000000
vn 0.000000 0.000000 -1.000000
vn 0.000000 0.000000 -1.000000
vn 0.000000 0.000000 -1.000000
vn 0.000000 0.000000 -1.000000
vn 0.000000 0.000000 -1.000000
vn 0.000000 0.000000 -1.000000
vn 0.000000 0.000000 -1.000000
vn 0.000000 0.000000 -1.000000
vn 0.000000 0.000000 -1.000000
vn 0.000000 0.000000 -1.000000
vn 0.000000 0.000000 -1.000000
vn 0.000000 0.000000 -1.000000
vn 0.000000 0.000000 -1.000000
vn 0.000000 0.000000 -1.000000
vn 0.000000 0.000000 -1.000000
vn 0.000000 0.000000 -1.000000
vn 0.000000 0.000000 -1.000000
vn 0.000000 0.000000 -1.000000
vn 0.000000 0.000000 -1.000000
vn 0.000000 0.000000 -1.000000
vn 0.000000 0.000000 -1.000000
vn 0.000000 0.000000 -1.000000
vn 0.000000 0.000000 -1.000000
vn 0.000000 0.000000 -1.000000
vn 0.000000 0.000000 -1.000000
vn 0.000000 0.000000 -1.000000
vn 0.000000 0.000000 -1.000000
vn 0.000000 0.000000 -1.000000
vn 0.000000 0.000000 -1.000000
vn 0.000000 0.000000 -1.000000
vn 0.000000 0.000000 -1.000000
vn 0.000000 0.000000 -1.000000
vn 0.000000 0.000000 -1.000000
vn 0.000000 0.000000 -1.000000
vn 0.000000 0.000000 -1.000000
vn 0.000000 0.000000 -1.000000
vn 0.000000 0.000000 -1.000000
vn 0.000000 0.000000 -1.000000
vn 0.000000 0.000000 -1.000000
vn 0.000000 0.000000 -1.000000
vn 0.000000 0.000000 -0.000000
vn 0.000000 0.000000 -1.000000
vn 0.000000 0.000000 -0.000000
vn 0.000000 0.000000 -1.000000
vn 0.000000 0.000000 -1.000000
vn 0.000000 0.000000 -1.000000
vn 0.000000 0.000000 -1.000000
vn 0.000000 0.000000 -1.000000
vn 0.000000 0.000000 -1.000000
vn 0.000000 0.000000 -1.000000
vn 0.000000 0.000000 -1.000000
vn 0.000000 0.000000 -1.000000
vn 0.000000 0.000000 -1.000000
vn 0.000000 0.000000 -1.000000
vn 0.000000 0.000000 -1.000000
vn 0.000000 0.000000 -1.000000
vn 0.000000 0.000000 -1.000000
vn 0.000000 0.000000 -1.000000
vn 0.000000 0.000000 -1.000000
vn 0.000000 0.000000 -1.000000
vn 0.000000 0.000000 -1.000000
vn 0.000000 0.000000 -1.000000
vn 0.000000 0.000000 -1.000000
vn 0.000000 0.000000 -1.000000
vn 0.000000 0.000000 -1.000000
vn 0.000000 0.000000 -1.000000
vn 0.000000 0.000000 -1.000000
vn 0.000000 0.000000 -1.000000
vn 0.000000 0.000000 -1.000000
vn 0.000000 0.000000 -1.000000
vn 0.000000 0.000000 -1.000000
vn 0.000000 0.000000 -1.000000
vn 0.000000 0.000000 -1.000000
vn 0.000000 0.000000 -1.000000
vn 0.000000 0.000000 -1.000000
vn 0.000000 0.000000 -1.000000
vn 0.000000 0.000000 -1.000000
vn 0.000000 0.000000 -1.000000
vn 0.000000 0.000000 -1.000000
vn 0.000000 0.000000 -1.000000
vn 0.000000 0.000000 -1.000000
vn 0.000000 0.000000 -1.000000
vn 0.000000 0.000000 -1.000000
vn 0.000000 0.000000 -1.000000
vn 0.000000 0.000000 -1.000000
vn 0.000000 0.000000 -1.000000
vn 0.000000 0.000000 -1.000000
vn 0.000000 0.000000 -1.000000
vn 0.000000 0.000000 -1.000000
vn 0.000000 0.000000 -1.000000
vn 0.000000 0.000000 -1.000000
vn 0.000000 0.000000 -1.000000
vn 0.000000 0.000000 -1.000000
vn 0.000000 0.000000 -1.000000
vn 0.000000 0.000000 -1.000000
vn 0.000000 0.000000 -1.000000
vn 0.000000 0.000000 -1.000000
vn 0.000000 0.000000 -1.000000
vn 0.000000 0.000000 -1.000000
vn 0.000000 0.000000 -1.000000
vn 0.000000 0.000000 -1.000000
vn 0.000000 0.000000 -1.000000
vn 0.000000 0.000000 -1.000000
vn 0.000000 0.000000 -1.000000
vn 0.000000 0.000000 -1.000000
vn 0.000000 0.000000 -1.000000
vn 0.000000 0.000000 -1.000000
vn 0.000000 0.000000 -1.000000
vn 0.000000 0.000000 -1.000000
vn 0.000000 0.000000 -1.000000
vn 0.000000 0.000000 -1.000000
vn 0.000000 0.000000 -1.000000
vn 0.000000 0.000000 -1.000000
vn 0.000000 0.000000 -1.000000
vn 0.000000 0.000000 -1.000000
vn 0.000000 0.000000 -1.000000
vn 0.000000 0.000000 -1.000000
vn 0.000000 0.000000 -1.000000
vn 0.000000 0.000000 -1.000000
vn 0.000000 0.000000 -1.000000
vn 0.000000 0.000000 -1.000000
vn 0.000000 0.000000 -1.000000
vn 0.000000 0.000000 -1.000000
vn 0.000000 0.000000 -1.000000
vn 0.000000 0.000000 -1.000000
vn 0.000000 0.000000 -1.000000
vn 0.000000 0.000000 -1.000000
vn 0.000000 0.000000 -1.000000
vn 0.000000 0.000000 -1.000000
vn 0.000000 0.000000 -1.000000
vn 0.000000 0.000000 -1.000000
vn 0.000000 0.000000 -1.000000
vn 0.000000 0.000000 -1.000000
vn 0.000000 0.000000 -1.000000
vn 0.000000 0.000000 -1.000000
vn 0.000000 0.000000 -1.000000
vn 0.000000 0.000000 -1.000000
vn 0.000000 0.000000 -1.000000
vn 0.000000 0.000000 -1.000000
vn 0.000000 0.000000 -1.000000
vn 0.000000 0.000000 -1.000000
vn 0.000000 0.000000 -1.000000
vn 0.000000 0.000000 -1.000000
vn 0.000000 0.000000 -1.000000
vn 0.000000 0.000000 -1.000000
vn 0.000000 0.000000 -1.000000
vn 0.000000 0.000000 -1.000000
vn 0.000000 0.000000 -1.000000
vn 0.000000 0.000000 -1.000000
vn 0.000000 0.000000 -1.000000
vn 0.000000 0.000000 -1.000000
vn 0.000000 0.000000 -1.000000
vn 0.000000 0.000000 -1.000000
vn 0.000000 0.000000 -1.000000
vn 0.000000 0.000000 -1.000000
vn 0.000000 0.000000 -1.000000
vn 0.000000 0.000000 -1.000000
vn 0.000000 0.000000 -1.000000
vn 0.000000 0.000000 -1.000000
vn 0.000000 0.000000 -1.000000
vn 0.000000 0.000000 -1.000000
vn 0.000000 0.000000 -1.000000
vn 0.000000 0.000000 -1.000000
vn 0.000000 0.000000 -1.000000
vn 0.000000 0.000000 -1.000000
vn 0.000000 0.000000 -1.000000
vn 0.000000 0.000000 -1.000000
vn 0.000000 0.000000 -1.000000
vn 0.000000 0.000000 -1.000000
vn 0.000000 0.000000 -1.000000
vn 0.000000 0.000000 -1.000000
vn 0.000000 0.000000 -1.000000
vn 0.000000 0.000000 -1.000000
vn 0.000000 0.000000 -1.000000
vn 0.000000 0.000000 -1.000000
vn 0.000000 0.000000 -1.000000
vn 0.000000 0.000000 -1.000000
vn 0.000000 0.000000 -1.000000
vn 0.000000 0.000000 -1.000000
vn 0.000000 0.000000 -1.000000
vn 0.000000 0.000000 -1.000000
vn 0.000000 0.000000 -1.000000
vn 0.000000 0.000000 -1.000000
vn 0.000000 0.000000 -1.000000
vn 0.000000 0.000000 -1.000000
vn 0.000000 0.000000 -1.000000
vn 0.000000 0.000000 -1.000000
vn 0.000000 0.000000 -1.000000
vn 0.000000 0.000000 -1.000000
vn 0.000000 0.000000 -1.000000
vn 0.000000 0.000000 -1.000000
vn 0.000000 0.000000 -1.000000
vn 0.000000 0.000000 -1.000000
vn 0.000000 0.000000 -1.000000
vn 0.000000 0.000000 -1.000000
vn 0.000000 0.000000 -1.000000
vn 0.000000 0.000000 -1.000000
vn 0.000000 0.000000 -1.000000
vn 0.000000 0.000000 -1.000000
vn 0.000000 0.000000 -1.000000
vn 0.000000 0.000000 -1.000000
vn 0.000000 0.000000 -1.000000
vn 0.000000 0.000000 -1.000000
vn 0.000000 0.000000 -1.000000
vn 0.000000 0.000000 -1.000000
vn 0.000000 0.000000 -1.000000
vn 0.000000 0.000000 -1.000000
vn 0.000000 0.000000 -1.000000
vn 0.000000 0.000000 -1.000000
vn 0.000000 0.000000 -1.000000
vn 0.000000 0.000000 -1.000000
vn 0.000000 0.000000 -1.000000
vn 0.000000 0.000000 -1.000000
vn 0.000000 0.000000 -1.000000
vn 0.000000 0.000000 -1.000000
vn 0.000000 0.000000 -1.000000
vn 0.000000 0.000000 -1.000000
vn 0.000000 0.000000 -1.000000
vn 0.000000 0.000000 -1.000000
vn 0.000000 0.000000 -1.000000
vn 0.000000 0.000000 -1.000000
vn 0.000000 0.000000 -1.000000
vn 0.000000 0.000000 -1.000000
vn 0.000000 0.000000 -1.000000
vn 0.000000 0.000000 -1.000000
vn 0.000000 0.000000 -1.000000
vn 0.000000 0.000000 -1.000000
vn 0.000000 0.000000 -1.000000
vn 0.000000 0.000000 -1.000000
vn 0.000000 0.000000 -1.000000
vn 0.000000 0.000000 -1.000000
vn 0.000000 0.000000 -1.000000
vn 0.000000 0.000000 -1.000000
vn 0.000000 0.000000 -1.000000
vn 0.000000 0.000000 -1.000000
vn 0.000000 0.000000 -1.000000
vn 0.000000 0.000000 -1.000000
vn 0.000000 0.000000 -1.000000
vn 0.000000 0.000000 -1.000000
vn 0.000000 0.000000 -1.000000
vn 0.000000 0.000000 -1.000000
vn 0.000000 0.000000 -1.000000
vn 0.000000 0.000000 -1.000000
vn 0.000000 0.000000 -1.000000
vn 0.000000 0.000000 -1.000000
vn 0.000000 0.000000 -1.000000
vn 0.000000 0.000000 -1.000000
vn 0.000000 0.000000 -1.000000
vn 0.000000 0.000000 -1.000000
vn 0.000000 0.000000 -1.000000
vn 0.000000 0.000000 -1.000000
vn 0.000000 0.000000 -1.000000
vn 0.000000 0.000000 -1.000000
vn 0.000000 0.000000 -1.000000
vn 0.000000 0.000000 -1.000000
vn 0.000000 0.000000 -1.000000
vn 0.000000 0.000000 -1.000000
vn 0.000000 0.000000 -1.000000
vn 0.000000 0.000000 -1.000000
vn 0.000000 0.000000 -1.000000
vn 0.000000 0.000000 -1.000000
vn 0.000000 0.000000 -1.000000
vn 0.000000 0.000000 -1.000000
vn 0.000000 0.000000 -1.000000
vn 0.000000 0.000000 -1.000000
vn 0.000000 0.000000 -1.000000
vn 0.000000 0.000000 -1.000000
vn 0.000000 0.000000 -1.000000
vn 0.000000 0.000000 -1.000000
vn 0.000000 0.000000 -1.000000
vn 0.000000 0.000000 -1.000000
vn 0.000000 0.000000 -1.000000
vn 0.000000 0.000000 -1.000000
vn 0.000000 0.000000 -1.000000
vn 0.000000 0.000000 -1.000000
vn 0.000000 0.000000 -1.000000
vn 0.000000 0.000000 -1.000000
vn 0.000000 0.000000 -1.000000
vn 0.000000 0.000000 -1.000000
vn 0.000000 0.000000 -1.000000
vn 0.000000 0.000000 -1.000000
vn 0.000000 0.000000 -1.000000
vn 0.000000 0.000000 -1.000000
vn 0.000000 0.000000 -1.000000
vn 0.000000 0.000000 -1.000000
vn 0.000000 0.000000 -1.000000
vn 0.000000 0.000000 -1.000000
vn 0.000000 0.000000 -1.000000
vn 0.000000 0.000000 -1.000000
vn 0.000000 0.000000 -1.000000
vn 0.000000 0.000000 -1.000000
vn 0.000000 0.000000 -1.000000
vn 0.000000 0.000000 -1.000000
vn 0.000000 0.000000 -1.000000
vn 0.000000 0.000000 -1.000000
vn 0.000000 0.000000 -1.000000
vn 0.000000 0.000000 -1.000000
vn 0.000000 0.000000 -1.000000
vn 0.000000 0.000000 -1.000000
vn 0.000000 0.000000 -1.000000
vn 0.000000 0.000000 -1.000000
vn 0.000000 0.000000 -1.000000
vn 0.000000 0.000000 -1.000000
vn 0.000000 0.000000 -1.000000
vn 0.000000 0.000000 -1.000000
vn 0.000000 0.000000 -1.000000
vn 0.000000 0.000000 -1.000000
vn 0.000000 0.000000 -1.000000
vn 0.000000 0.000000 -1.000000
vn 0.000000 0.000000 -1.000000
vn 0.000000 0.000000 -1.000000
vn 0.000000 0.000000 -1.000000
vn 0.000000 0.000000 -1.000000
vn 0.000000 0.000000 -1.000000
vn 0.000000 0.000000 -1.000000
vn 0.000000 0.000000 -1.000000
vn -0.090472 -0.995899 -0.000000
vn -0.283436 -0.958991 -0.000000
vn -0.474367 -0.880327 -0.000000
vn -0.639015 -0.769194 -0.000000
vn -0.769279 -0.638913 -0.000000
vn -0.880354 -0.474317 -0.000000
vn -0.958973 -0.283498 -0.000000
vn -0.995891 -0.090557 -0.000000
vn -1.000000 0.000000 -0.000000
vn -0.995891 0.090557 0.000000
vn -0.958973 0.283498 0.000000
vn -0.880503 0.474041 0.000000
vn -0.769279 0.638913 0.000000
vn -0.638638 0.769507 0.000000
vn -0.474367 0.880327 0.000000
vn -0.283436 0.958991 0.000000
vn -0.090472 0.995899 0.000000
vn 0.000000 1.000000 0.000000
vn 0.090472 0.995899 0.000000
vn 0.283458 0.958985 0.000000
vn 0.474367 0.880327 0.000000
vn 0.638677 0.769475 0.000000
vn 0.769240 0.638960 0.000000
vn 0.880503 0.474041 0.000000
vn 0.958950 0.283574 0.000000
vn 0.995891 0.090557 0.000000
vn 1.000000 0.000000 -0.000000
vn 0.989955 0.141385 0.000000
vn 0.857696 0.514157 0.000000
vn 0.514326 0.857595 0.000000
vn 0.141143 0.989989 0.000000
vn 0.000000 1.000000 0.000000
vn 0.090472 0.995899 0.000000
vn 0.284066 0.958805 0.000000
vn 0.473853 0.880604 0.000000
vn 0.639015 0.769194 0.000000
vn 0.769279 0.638913 0.000000
vn 0.880503 0.474041 0.000000
vn 0.958920 0.283678 0.000000
vn 0.995891 0.090557 0.000000
vn 1.000000 0.000000 -0.000000
vn 0.995891 -0.090557 -0.000000
vn 0.958973 -0.283498 -0.000000
vn 0.880354 -0.474317 -0.000000
vn 0.769279 -0.638913 -0.000000
vn 0.639015 -0.769194 -0.000000
vn 0.474367 -0.880327 -0.000000
vn 0.283458 -0.958985 -0.000000
vn 0.090472 -0.995899 -0.000000
vn 0.000000 -1.000000 -0.000000
vn -0.090479 -0.995898 -0.000000
vn -0.283458 -0.958985 -0.000000
vn -0.474367 -0.880327 -0.000000
vn -0.638976 -0.769227 -0.000000
vn -0.769279 -0.638913 -0.000000
vn -0.880354 -0.474317 -0.000000
vn -0.958973 -0.283498 -0.000000
vn -0.995891 -0.090557 -0.000000
vn -1.000000 0.000000 -0.000000
vn -0.995891 0.090557 0.000000
vn -0.958973 0.283498 0.000000
vn -0.880503 0.474041 0.000000
vn -0.769279 0.638913 0.000000
vn -0.638638 0.769507 0.000000
vn -0.474367 0.880327 0.000000
vn -0.283458 0.958985 0.000000
vn -0.090472 0.995899 0.000000
vn 0.000000 1.000000 0.000000
vn 0.090479 0.995898 0.000000
vn 0.283458 0.958985 0.000000
vn 0.474367 0.880327 0.000000
vn 0.638599 0.769540 0.000000
vn 0.769279 0.638913 0.000000
vn 0.880503 0.474041 0.000000
vn 0.958973 0.283498 0.000000
vn 0.995891 0.090557 0.000000
vn 1.000000 0.000000 -0.000000
vn 0.995891 -0.090557 -0.000000
vn 0.958973 -0.283498 -0.000000
vn 0.880354 -0.474317 -0.000000
vn 0.769279 -0.638913 -0.000000
vn 0.639015 -0.769194 -0.000000
vn 0.474367 -0.880327 -0.000000
vn 0.283458 -0.958985 -0.000000
vn 0.090472 -0.995899 -0.000000
vn 0.000000 -1.000000 -0.000000
vn 0.995891 -0.090557 -0.000000
vn 0.958908 -0.283716 -0.000000
vn 0.880503 -0.474041 -0.000000
vn 0.769299 -0.638889 -0.000000
vn 0.639015 -0.769194 -0.000000
vn 0.473853 -0.880604 -0.000000
vn 0.283447 -0.958988 -0.000000
vn 0.091099 -0.995842 -0.000000
vn 0.000000 -1.000000 -0.000000
vn 0.141131 -0.989991 -0.000000
vn 0.514326 -0.857595 -0.000000
vn 0.857474 -0.514527 -0.000000
vn 0.989943 -0.141470 -0.000000
vn 1.000000 0.000000 -0.000000
vn 0.989955 0.141385 0.000000
vn 0.857474 0.514527 0.000000
vn 0.514326 0.857595 0.000000
vn 0.141797 0.989896 0.000000
vn 0.000000 1.000000 0.000000
vn 0.090472 0.995899 0.000000
vn 0.283458 0.958985 0.000000
vn 0.473853 0.880604 0.000000
vn 0.639015 0.769194 0.000000
vn 0.769240 0.638960 0.000000
vn 0.880503 0.474041 0.000000
vn 0.958897 0.283754 0.000000
vn 0.995898 0.090479 0.000000
vn 1.000000 0.000000 -0.000000
vn 0.995891 -0.090557 -0.000000
vn 0.958950 -0.283574 -0.000000
vn 0.880503 -0.474041 -0.000000
vn 0.769279 -0.638913 -0.000000
vn 0.638638 -0.769507 -0.000000
vn 0.474367 -0.880327 -0.000000
vn 0.283458 -0.958985 -0.000000
vn 0.090472 -0.995899 -0.000000
vn 0.000000 -1.000000 -0.000000
vn 0.141809 -0.989894 -0.000000
vn 0.514326 -0.857595 -0.000000
vn 0.857474 -0.514527 -0.000000
vn 0.989943 -0.141470 -0.000000
vn 1.000000 0.000000 -0.000000
vn 0.989955 0.141385 0.000000
vn 0.857696 0.514157 0.000000
vn 0.514326 0.857595 0.000000
vn 0.141119 0.989993 0.000000
vn 0.000000 1.000000 0.000000
vn 0.090475 0.995899 0.000000
vn 0.284055 0.958808 0.000000
vn 0.473853 0.880604 0.000000
vn 0.638996 0.769210 0.000000
vn 0.769279 0.638913 0.000000
vn 0.880503 0.474041 0.000000
vn 0.958908 0.283716 0.000000
vn 0.995895 0.090518 0.000000
vn 1.000000 0.000000 -0.000000
vn 0.995891 -0.090557 -0.000000
vn 0.958962 -0.283536 -0.000000
vn 0.880354 -0.474317 -0.000000
vn 0.769299 -0.638889 -0.000000
vn 0.639015 -0.769194 -0.000000
vn 0.474367 -0.880327 -0.000000
vn 0.283447 -0.958988 -0.000000
vn 0.090472 -0.995899 -0.000000
vn 0.000000 -1.000000 -0.000000
vn -0.090479 -0.995898 -0.000000
vn -0.283458 -0.958985 -0.000000
vn -0.474367 -0.880327 -0.000000
vn -0.638976 -0.769227 -0.000000
vn -0.769279 -0.638913 -0.000000
vn -0.880389 -0.474253 -0.000000
vn -0.958973 -0.283498 -0.000000
vn -0.995891 -0.090557 -0.000000
vn -1.000000 0.000000 -0.000000
vn -0.995891 0.090557 0.000000
vn -0.958973 0.283498 0.000000
vn -0.880538 0.473976 0.000000
vn -0.769279 0.638913 0.000000
vn -0.638638 0.769507 0.000000
vn -0.474367 0.880327 0.000000
vn -0.283458 0.958985 0.000000
vn -0.090472 0.995899 0.000000
vn 0.000000 1.000000 0.000000
vn 0.090475 0.995899 0.000000
vn 0.283447 0.958988 0.000000
vn 0.474367 0.880327 0.000000
vn 0.638618 0.769524 0.000000
vn 0.769279 0.638913 0.000000
vn 0.880503 0.474041 0.000000
vn 0.958962 0.283536 0.000000
vn 0.995895 0.090518 0.000000
vn 1.000000 0.000000 -0.000000
vn -0.050343 -0.998732 -0.000000
vn -0.158774 -0.987315 -0.000000
vn -0.275001 -0.961444 -0.000000
vn -0.394364 -0.918954 -0.000000
vn -0.511852 -0.859074 -0.000000
vn -0.627091 -0.778946 -0.000000
vn -0.733477 -0.679714 -0.000000
vn -0.823953 -0.566658 -0.000000
vn -0.895840 -0.444377 -0.000000
vn -0.949670 -0.313251 -0.000000
vn -0.983295 -0.182018 -0.000000
vn -0.998325 -0.057858 -0.000000
vn -1.000000 0.000000 -0.000000
vn -0.995891 0.090557 0.000000
vn -0.958962 0.283536 0.000000
vn -0.880503 0.474041 0.000000
vn -0.769299 0.638889 0.000000
vn -0.638638 0.769507 0.000000
vn -0.474367 0.880327 0.000000
vn -0.283458 0.958985 0.000000
vn -0.090475 0.995899 0.000000
vn 0.000000 1.000000 0.000000
vn 0.090475 0.995899 0.000000
vn 0.283458 0.958985 0.000000
vn 0.474367 0.880327 0.000000
vn 0.638638 0.769507 0.000000
vn 0.769259 0.638937 0.000000
vn 0.880503 0.474041 0.000000
vn 0.958962 0.283536 0.000000
vn 0.995895 0.090518 0.000000
vn 1.000000 0.000000 -0.000000
vn 0.996637 0.081947 0.000000
vn 0.964599 0.263722 0.000000
vn 0.890453 0.455075 0.000000
vn 0.775382 0.631492 0.000000
vn 0.629121 0.777307 0.000000
vn 0.449169 0.893447 0.000000
vn 0.257796 0.966199 0.000000
vn 0.079503 0.996835 0.000000
vn -0.079503 0.996835 0.000000
vn -0.257795 0.966200 0.000000
vn -0.449169 0.893447 0.000000
vn -0.629123 0.777306 0.000000
vn -0.775382 0.631492 0.000000
vn -0.890453 0.455075 0.000000
vn -0.964598 0.263726 0.000000
vn -0.996637 0.081947 0.000000
vn -1.000000 0.000000 -0.000000
vn -0.995895 0.090518 0.000000
vn -0.958973 0.283498 0.000000
vn -0.880520 0.474008 0.000000
vn -0.769240 0.638960 0.000000
vn -0.638638 0.769507 0.000000
vn -0.474367 0.880327 0.000000
vn -0.283447 0.958988 0.000000
vn -0.090475 0.995899 0.000000
vn 0.000000 1.000000 0.000000
vn 0.090475 0.995899 0.000000
vn 0.283447 0.958988 0.000000
vn 0.474367 0.880327 0.000000
vn 0.638638 0.769507 0.000000
vn 0.769259 0.638937 0.000000
vn 0.880503 0.474041 0.000000
vn 0.958973 0.283498 0.000000
vn 0.995891 0.090557 0.000000
vn 1.000000 0.000000 -0.000000
vn 0.998377 -0.056945 -0.000000
vn 0.983808 -0.179223 -0.000000
vn 0.951141 -0.308757 -0.000000
vn 0.898639 -0.438689 -0.000000
vn 0.827288 -0.561778 -0.000000
vn 0.736061 -0.676916 -0.000000
vn 0.628596 -0.777732 -0.000000
vn 0.512294 -0.858810 -0.000000
vn 0.393660 -0.919256 -0.000000
vn 0.273505 -0.961870 -0.000000
vn 0.157356 -0.987542 -0.000000
vn 0.049739 -0.998762 -0.000000
vn 0.090476 0.995899 0.000000
vn 0.283453 0.958986 0.000000
vn 0.474362 0.880330 0.000000
vn 0.638643 0.769503 0.000000
vn 0.769264 0.638931 0.000000
vn 0.880507 0.474033 0.000000
vn 0.958964 0.283526 0.000000
vn 0.995892 0.090547 0.000000
vn 1.000000 0.000000 -0.000000
vn 0.995892 -0.090547 -0.000000
vn 0.958911 -0.283706 -0.000000
vn 0.880507 -0.474033 -0.000000
vn 0.769264 -0.638931 -0.000000
vn 0.639020 -0.769190 -0.000000
vn 0.473848 -0.880606 -0.000000
vn 0.284060 -0.958807 -0.000000
vn 0.090476 -0.995899 -0.000000
vn 0.000000 -1.000000 -0.000000
vn 0.141134 -0.989991 -0.000000
vn 0.514326 -0.857595 -0.000000
vn 0.857463 -0.514546 -0.000000
vn 0.989949 -0.141427 -0.000000
vn 1.000000 0.000000 -0.000000
vn 0.995893 -0.090538 -0.000000
vn 0.958967 -0.283517 -0.000000
vn 0.880363 -0.474301 -0.000000
vn 0.769259 -0.638937 -0.000000
vn 0.639025 -0.769186 -0.000000
vn 0.474367 -0.880327 -0.000000
vn 0.283453 -0.958986 -0.000000
vn 0.090473 -0.995899 -0.000000
vn 0.000000 -1.000000 -0.000000
vn -0.090475 -0.995899 -0.000000
vn -0.283453 -0.958986 -0.000000
vn -0.474367 -0.880327 -0.000000
vn -0.639015 -0.769194 -0.000000
vn -0.769259 -0.638937 -0.000000
vn -0.880363 -0.474301 -0.000000
vn -0.958967 -0.283517 -0.000000
vn -0.995893 -0.090538 -0.000000
vn -1.000000 0.000000 -0.000000
vn -0.989949 -0.141427 -0.000000
vn -0.857463 -0.514546 -0.000000
vn -0.514326 -0.857595 -0.000000
vn -0.141137 -0.989990 -0.000000
vn 0.000000 -1.000000 -0.000000
vn -0.090475 -0.995899 -0.000000
vn -0.284060 -0.958807 -0.000000
vn -0.473853 -0.880604 -0.000000
vn -0.639025 -0.769186 -0.000000
vn -0.769250 -0.638948 -0.000000
vn -0.880503 -0.474041 -0.000000
vn -0.958908 -0.283716 -0.000000
vn -0.995898 -0.090479 -0.000000
vn -1.000000 0.000000 -0.000000
vn -0.995895 0.090518 0.000000
vn -0.958973 0.283498 0.000000
vn -0.880503 0.474041 0.000000
vn -0.769250 0.638948 0.000000
vn -0.638648 0.769499 0.000000
vn -0.474367 0.880327 0.000000
vn -0.283453 0.958986 0.000000
vn -0.090475 0.995899 0.000000
vn 0.000000 1.000000 0.000000
vn 0.995893 -0.090538 -0.000000
vn 0.958914 -0.283697 -0.000000
vn 0.880507 -0.474033 -0.000000
vn 0.769264 -0.638931 -0.000000
vn 0.639020 -0.769190 -0.000000
vn 0.473848 -0.880606 -0.000000
vn 0.283450 -0.958987 -0.000000
vn 0.091103 -0.995842 -0.000000
vn 0.000000 -1.000000 -0.000000
vn 0.141133 -0.989991 -0.000000
vn 0.514326 -0.857595 -0.000000
vn 0.857466 -0.514541 -0.000000
vn 0.989950 -0.141419 -0.000000
vn 1.000000 0.000000 -0.000000
vn 0.989950 0.141419 0.000000
vn 0.857466 0.514541 0.000000
vn 0.514326 0.857595 0.000000
vn 0.141811 0.989894 0.000000
vn 0.000000 1.000000 0.000000
vn 0.090475 0.995899 0.000000
vn 0.283453 0.958986 0.000000
vn 0.473853 0.880604 0.000000
vn 0.639020 0.769190 0.000000
vn 0.769259 0.638937 0.000000
vn 0.880507 0.474033 0.000000
vn 0.958911 0.283706 0.000000
vn 0.995893 0.090538 0.000000
vn 1.000000 0.000000 -0.000000
vn 0.995893 -0.090538 -0.000000
vn 0.958964 -0.283526 -0.000000
vn 0.880507 -0.474033 -0.000000
vn 0.769259 -0.638937 -0.000000
vn 0.638643 -0.769503 -0.000000
vn 0.474367 -0.880327 -0.000000
vn 0.283453 -0.958986 -0.000000
vn 0.090475 -0.995899 -0.000000
vn 0.000000 -1.000000 -0.000000
vn 0.141811 -0.989894 -0.000000
vn 0.514326 -0.857595 -0.000000
vn 0.857466 -0.514541 -0.000000
vn 0.989950 -0.141419 -0.000000
vn 1.000000 0.000000 -0.000000
vn 0.989950 0.141419 0.000000
vn 0.857688 0.514171 0.000000
vn 0.514326 0.857595 0.000000
vn 0.141133 0.989991 0.000000
vn 0.000000 1.000000 0.000000
vn 0.090474 0.995899 0.000000
vn 0.284057 0.958807 0.000000
vn 0.473848 0.880606 0.000000
vn 0.639025 0.769186 0.000000
vn 0.769264 0.638931 0.000000
vn 0.880507 0.474033 0.000000
vn 0.958914 0.283697 0.000000
vn 0.995893 0.090538 0.000000
vn 1.000000 0.000000 -0.000000
vn 0.995893 -0.090538 -0.000000
vn 0.958967 -0.283517 -0.000000
vn 0.880358 -0.474309 -0.000000
vn 0.769264 -0.638931 -0.000000
vn 0.639020 -0.769190 -0.000000
vn 0.474362 -0.880330 -0.000000
vn 0.283450 -0.958987 -0.000000
vn 0.090475 -0.995899 -0.000000
vn 0.000000 -1.000000 -0.000000
vn -0.090475 -0.995899 -0.000000
vn -0.283451 -0.958987 -0.000000
vn -0.474364 -0.880329 -0.000000
vn -0.639020 -0.769190 -0.000000
vn -0.769264 -0.638931 -0.000000
vn -0.880358 -0.474309 -0.000000
vn -0.958964 -0.283526 -0.000000
vn -0.995893 -0.090542 -0.000000
vn -1.000000 0.000000 -0.000000
vn -0.995893 0.090542 0.000000
vn -0.958964 0.283526 0.000000
vn -0.880507 0.474033 0.000000
vn -0.769264 0.638931 0.000000
vn -0.638645 0.769501 0.000000
vn -0.474364 0.880329 0.000000
vn -0.283451 0.958987 0.000000
vn -0.090475 0.995899 0.000000
vn 0.000000 1.000000 0.000000
vn 0.090474 0.995899 0.000000
vn 0.283450 0.958987 0.000000
vn 0.474362 0.880330 0.000000
vn 0.638648 0.769499 0.000000
vn 0.769264 0.638931 0.000000
vn 0.880507 0.474033 0.000000
vn 0.958967 0.283517 0.000000
vn 0.995893 0.090538 0.000000
vn 1.000000 0.000000 -0.000000
vn -0.995891 0.090557 0.000000
vn -0.958962 0.283536 0.000000
vn -0.880503 0.474041 0.000000
vn -0.769279 0.638913 0.000000
vn -0.638638 0.769507 0.000000
vn -0.474367 0.880327 0.000000
vn -0.283447 0.958988 0.000000
vn -0.090475 0.995899 0.000000
vn 0.000000 1.000000 0.000000
vn 0.090475 0.995899 0.000000
vn 0.283447 0.958988 0.000000
vn 0.474367 0.880327 0.000000
vn 0.638638 0.769507 0.000000
vn 0.769279 0.638913 0.000000
vn 0.880503 0.474041 0.000000
vn 0.958962 0.283536 0.000000
vn 0.995895 0.090518 0.000000
vn 1.000000 0.000000 -0.000000
vn 0.995891 -0.090557 -0.000000
vn 0.958962 -0.283536 -0.000000
vn 0.880354 -0.474317 -0.000000
vn 0.769299 -0.638889 -0.000000
vn 0.639015 -0.769194 -0.000000
vn 0.474367 -0.880327 -0.000000
vn 0.283447 -0.958988 -0.000000
vn 0.090475 -0.995899 -0.000000
vn 0.000000 -1.000000 -0.000000
vn -0.107458 -0.994210 -0.000000
vn -0.360917 -0.932598 -0.000000
vn -0.624835 -0.780757 -0.000000
vn -0.827423 -0.561579 -0.000000
vn -0.853640 -0.520864 -0.000000
vn -0.788267 -0.615334 -0.000000
vn -0.644909 -0.764259 -0.000000
vn -0.375464 -0.926837 -0.000000
vn 0.030561 -0.999533 -0.000000
vn 0.472645 -0.881253 -0.000000
vn 0.822844 -0.568268 -0.000000
vn 0.963272 -0.268526 -0.000000
vn 0.997545 -0.070026 -0.000000
vn 0.999991 0.004292 0.000000
vn 0.995893 -0.090538 -0.000000
vn 0.958962 -0.283536 -0.000000
vn 0.880354 -0.474317 -0.000000
vn 0.769269 -0.638925 -0.000000
vn 0.639025 -0.769186 -0.000000
vn 0.474367 -0.880327 -0.000000
vn 0.283453 -0.958986 -0.000000
vn 0.090473 -0.995899 -0.000000
vn 0.000000 -1.000000 -0.000000
vn -0.090475 -0.995899 -0.000000
vn -0.283453 -0.958986 -0.000000
vn -0.474367 -0.880327 -0.000000
vn -0.639025 -0.769186 -0.000000
vn -0.769259 -0.638937 -0.000000
vn -0.880354 -0.474317 -0.000000
vn -0.958967 -0.283517 -0.000000
vn -0.995891 -0.090557 -0.000000
vn -1.000000 0.000000 -0.000000
vn -0.995893 0.090538 0.000000
vn -0.958967 0.283517 0.000000
vn -0.880503 0.474041 0.000000
vn -0.769250 0.638948 0.000000
vn -0.638648 0.769499 0.000000
vn -0.474367 0.880327 0.000000
vn -0.283453 0.958986 0.000000
vn -0.090475 0.995899 0.000000
vn 0.000000 1.000000 0.000000
vn 0.107457 0.994210 0.000000
vn 0.360921 0.932597 0.000000
vn 0.624602 0.780943 0.000000
vn 0.827527 0.561426 0.000000
vn 0.854443 0.519545 0.000000
vn 0.788281 0.615315 0.000000
vn 0.644891 0.764275 0.000000
vn 0.376664 0.926350 0.000000
vn -0.030561 0.999533 0.000000
vn -0.472665 0.881242 0.000000
vn -0.823271 0.567648 0.000000
vn -0.963193 0.268809 0.000000
vn -0.997543 0.070053 0.000000
vn -0.999998 -0.002146 -0.000000
vn -0.135767 -0.990741 -0.000000
vn -0.453089 -0.891465 -0.000000
vn -0.743418 -0.668827 -0.000000
vn -0.914359 -0.404904 -0.000000
vn -0.955585 -0.294717 -0.000000
vn -0.854826 -0.518915 -0.000000
vn -0.725127 -0.688616 -0.000000
vn -0.496438 -0.868072 -0.000000
vn -0.170788 -0.985308 -0.000000
vn 0.000000 -1.000000 -0.000000
vn 0.170799 -0.985306 -0.000000
vn 0.496438 -0.868072 -0.000000
vn 0.725127 -0.688616 -0.000000
vn 0.854826 -0.518915 -0.000000
vn 0.955584 -0.294717 -0.000000
vn 0.914352 -0.404921 -0.000000
vn 0.743418 -0.668827 -0.000000
vn 0.453089 -0.891465 -0.000000
vn 0.135767 -0.990741 -0.000000
vn 0.000000 -1.000000 -0.000000
vn -0.077492 -0.996993 -0.000000
vn -0.259811 -0.965660 -0.000000
vn -0.468769 -0.883321 -0.000000
vn -0.672113 -0.740448 -0.000000
vn -0.856136 -0.516750 -0.000000
vn -0.973749 -0.227623 -0.000000
vn -0.999759 0.021959 0.000000
vn -0.978743 0.205092 0.000000
vn -0.952146 0.305644 0.000000
vn -0.914352 0.404921 0.000000
vn -0.743256 0.669007 0.000000
vn -0.453089 0.891465 0.000000
vn -0.135767 0.990741 0.000000
vn 0.000000 1.000000 0.000000
vn 0.135767 0.990741 0.000000
vn 0.453089 0.891465 0.000000
vn 0.743256 0.669007 0.000000
vn 0.914359 0.404904 0.000000
vn 0.951735 0.306920 0.000000
vn 0.924644 0.380833 0.000000
vn 0.967105 0.254378 0.000000
vn 0.989941 0.141482 0.000000
vn 0.999058 0.043397 0.000000
vn 0.985087 -0.172056 -0.000000
vn 0.806449 -0.591304 -0.000000
vn 0.440715 -0.897647 -0.000000
vn 0.116100 -0.993237 -0.000000
vn 0.000000 -1.000000 -0.000000
vn 0.998867 -0.047595 -0.000000
vn 0.948649 0.316329 0.000000
vn 0.633288 0.773917 0.000000
vn 0.174247 0.984702 0.000000
vn 0.000000 1.000000 0.000000
vn -0.148745 0.988876 0.000000
vn -0.600033 0.799976 0.000000
vn -0.966210 0.257758 0.000000
vn -0.982337 -0.187120 -0.000000
vn -0.955841 -0.293885 -0.000000
vn -0.952037 -0.305982 -0.000000
vn -0.876284 -0.481795 -0.000000
vn -0.677820 -0.735228 -0.000000
vn -0.258373 -0.966045 -0.000000
vn 0.258324 -0.966058 -0.000000
vn 0.677820 -0.735228 -0.000000
vn 0.876284 -0.481795 -0.000000
vn 0.952052 -0.305935 -0.000000
vn 0.956639 -0.291275 -0.000000
vn -0.995891 0.090557 0.000000
vn -0.958950 0.283574 0.000000
vn -0.880503 0.474041 0.000000
vn -0.769279 0.638913 0.000000
vn -0.638638 0.769507 0.000000
vn -0.474367 0.880327 0.000000
vn -0.283458 0.958985 0.000000
vn -0.090472 0.995899 0.000000
vn 0.000000 1.000000 0.000000
vn 0.090472 0.995899 0.000000
vn 0.283458 0.958985 0.000000
vn 0.474367 0.880327 0.000000
vn 0.638599 0.769540 0.000000
vn 0.769279 0.638913 0.000000
vn 0.880503 0.474041 0.000000
vn 0.958973 0.283498 0.000000
vn 0.995891 0.090557 0.000000
vn 1.000000 0.000000 -0.000000
vn 0.995891 -0.090557 -0.000000
vn 0.958973 -0.283498 -0.000000
vn 0.880354 -0.474317 -0.000000
vn 0.769279 -0.638913 -0.000000
vn 0.639015 -0.769194 -0.000000
vn 0.474367 -0.880327 -0.000000
vn 0.283458 -0.958985 -0.000000
vn 0.090464 -0.995900 -0.000000
vn 0.000000 -1.000000 -0.000000
vn -0.107456 -0.994210 -0.000000
vn -0.360917 -0.932598 -0.000000
vn -0.624835 -0.780757 -0.000000
vn -0.827413 -0.561594 -0.000000
vn -0.853640 -0.520864 -0.000000
vn -0.788281 -0.615315 -0.000000
vn -0.644927 -0.764244 -0.000000
vn -0.375479 -0.926831 -0.000000
vn 0.030555 -0.999533 -0.000000
vn 0.472665 -0.881242 -0.000000
vn 0.822823 -0.568297 -0.000000
vn 0.963290 -0.268462 -0.000000
vn 0.997547 -0.070000 -0.000000
vn 0.999991 0.004292 0.000000
vn 0.995891 -0.090557 -0.000000
vn 0.958973 -0.283498 -0.000000
vn 0.880354 -0.474317 -0.000000
vn 0.769279 -0.638913 -0.000000
vn 0.639015 -0.769194 -0.000000
vn 0.474367 -0.880327 -0.000000
vn 0.283458 -0.958985 -0.000000
vn 0.090472 -0.995899 -0.000000
vn 0.000000 -1.000000 -0.000000
vn -0.090479 -0.995898 -0.000000
vn -0.283458 -0.958985 -0.000000
vn -0.474367 -0.880327 -0.000000
vn -0.638976 -0.769227 -0.000000
vn -0.769279 -0.638913 -0.000000
vn -0.880354 -0.474317 -0.000000
vn -0.958973 -0.283498 -0.000000
vn -0.995891 -0.090557 -0.000000
vn -1.000000 0.000000 -0.000000
vn -0.995891 0.090557 0.000000
vn -0.958973 0.283498 0.000000
vn -0.880503 0.474041 0.000000
vn -0.769279 0.638913 0.000000
vn -0.638638 0.769507 0.000000
vn -0.474367 0.880327 0.000000
vn -0.283458 0.958985 0.000000
vn -0.090472 0.995899 0.000000
vn 0.000000 1.000000 0.000000
vn 0.107456 0.994210 0.000000
vn 0.360917 0.932598 0.000000
vn 0.624602 0.780943 0.000000
vn 0.827527 0.561426 0.000000
vn 0.854443 0.519545 0.000000
vn 0.788281 0.615315 0.000000
vn 0.644927 0.764244 0.000000
vn 0.376695 0.926337 0.000000
vn -0.030561 0.999533 0.000000
vn -0.472665 0.881242 0.000000
vn -0.823271 0.567648 0.000000
vn -0.963176 0.268873 0.000000
vn -0.997547 0.070000 0.000000
vn -0.999998 -0.002146 -0.000000
vn 0.090479 0.995898 0.000000
vn 0.283458 0.958985 0.000000
vn 0.474367 0.880327 0.000000
vn 0.638638 0.769507 0.000000
vn 0.769240 0.638960 0.000000
vn 0.880503 0.474041 0.000000
vn 0.958973 0.283498 0.000000
vn 0.995891 0.090557 0.000000
vn 1.000000 0.000000 -0.000000
vn 0.995891 -0.090557 -0.000000
vn 0.958920 -0.283678 -0.000000
vn 0.880503 -0.474041 -0.000000
vn 0.769240 -0.638960 -0.000000
vn 0.639015 -0.769194 -0.000000
vn 0.473853 -0.880604 -0.000000
vn 0.284066 -0.958805 -0.000000
vn 0.090479 -0.995898 -0.000000
vn 0.000000 -1.000000 -0.000000
vn 0.141143 -0.989989 -0.000000
vn 0.514326 -0.857595 -0.000000
vn 0.857474 -0.514527 -0.000000
vn 0.989943 -0.141470 -0.000000
vn 1.000000 0.000000 -0.000000
vn 0.995891 -0.090557 -0.000000
vn 0.958973 -0.283498 -0.000000
vn 0.880354 -0.474317 -0.000000
vn 0.769279 -0.638913 -0.000000
vn 0.639015 -0.769194 -0.000000
vn 0.474367 -0.880327 -0.000000
vn 0.283436 -0.958991 -0.000000
vn 0.090479 -0.995898 -0.000000
vn 0.000000 -1.000000 -0.000000
vn -0.090479 -0.995898 -0.000000
vn -0.283458 -0.958985 -0.000000
vn -0.474367 -0.880327 -0.000000
vn -0.639015 -0.769194 -0.000000
vn -0.769240 -0.638960 -0.000000
vn -0.880354 -0.474317 -0.000000
vn -0.958950 -0.283574 -0.000000
vn -0.995898 -0.090479 -0.000000
vn -1.000000 0.000000 -0.000000
vn -0.989955 -0.141385 -0.000000
vn -0.857474 -0.514527 -0.000000
vn -0.514326 -0.857595 -0.000000
vn -0.141131 -0.989991 -0.000000
vn 0.000000 -1.000000 -0.000000
vn -0.090479 -0.995898 -0.000000
vn -0.284066 -0.958805 -0.000000
vn -0.473853 -0.880604 -0.000000
vn -0.638976 -0.769227 -0.000000
vn -0.769279 -0.638913 -0.000000
vn -0.880503 -0.474041 -0.000000
vn -0.958920 -0.283678 -0.000000
vn -0.995891 -0.090557 -0.000000
vn -1.000000 0.000000 -0.000000
vn -0.995891 0.090557 0.000000
vn -0.958973 0.283498 0.000000
vn -0.880503 0.474041 0.000000
vn -0.769279 0.638913 0.000000
vn -0.638638 0.769507 0.000000
vn -0.474367 0.880327 0.000000
vn -0.283458 0.958985 0.000000
vn -0.090472 0.995899 0.000000
vn 0.000000 1.000000 0.000000
vn 0.000000 -0.000000 1.000000
vn 0.000000 0.000000 -1.000000
vn 0.000000 1.000000 0.000000
vn 0.928477 0.371391 0.000000
vn 0.485643 0.874157 0.000000
vn 0.406139 -0.913811 -0.000000
vn 0.961524 -0.274721 -0.000000
vn 0.351124 -0.936329 -0.000000
vn 1.000000 0.000000 -0.000000
vn 0.338719 0.940887 0.000000
vn 0.000000 -1.000000 -0.000000
vn -0.732794 0.680451 0.000000
vn -0.998752 -0.049938 -0.000000
vn -0.993884 0.110431 0.000000
vn 0.000000 -0.000000 1.000000
vn 0.000000 0.000000 -1.000000
vn -0.936329 0.351123 0.000000
vn 0.000000 1.000000 0.000000
vn 0.907959 0.419058 0.000000
vn 0.393919 0.919145 0.000000
vn -0.049938 -0.998752 -0.000000
vn 0.000000 0.000000 -1.000000
vn 0.000000 -0.000000 1.000000
vn 0.000000 1.000000 0.000000
vn -1.000000 0.000000 -0.000000
vn 0.000000 -1.000000 -0.000000
vn 1.000000 0.000000 -0.000000
vn 0.000000 0.000000 -1.000000
vn 0.000000 -0.000000 1.000000
vn 0.274721 0.961524 0.000000
vn -0.961524 0.274721 0.000000
vn -0.274721 -0.961524 -0.000000
vn 0.961524 -0.274721 -0.000000
vn 0.969985 0.243164 0.000000
vn 0.984837 0.173481 0.000000
vn 0.994635 0.103442 0.000000
vn 0.999418 0.034100 0.000000
vn 0.999387 -0.035019 -0.000000
vn 0.994215 -0.107409 -0.000000
vn 0.983282 -0.182089 -0.000000
vn 0.966188 -0.257838 -0.000000
vn 0.922598 -0.385762 -0.000000
vn 0.845628 -0.533772 -0.000000
vn 0.741883 -0.670529 -0.000000
vn 0.620167 -0.784470 -0.000000
vn 0.489995 -0.871725 -0.000000
vn 0.348070 -0.937469 -0.000000
vn 0.202874 -0.979205 -0.000000
vn 0.064410 -0.997924 -0.000000
vn -0.063571 -0.997977 -0.000000
vn -0.200516 -0.979690 -0.000000
vn -0.344699 -0.938713 -0.000000
vn -0.486370 -0.873753 -0.000000
vn -0.615080 -0.788465 -0.000000
vn -0.733963 -0.679190 -0.000000
vn -0.836319 -0.548243 -0.000000
vn -0.913892 -0.405958 -0.000000
vn -0.948161 -0.317790 -0.000000
vn -0.962083 -0.272756 -0.000000
vn -0.972857 -0.231408 -0.000000
vn -0.981097 -0.193519 -0.000000
vn -1.000000 0.000000 -0.000000
vn -0.988073 0.153984 0.000000
vn -0.836703 0.547657 0.000000
vn -0.481919 0.876216 0.000000
vn -0.129842 0.991535 0.000000
vn 0.000000 1.000000 0.000000
vn 0.149001 0.988837 0.000000
vn 0.488153 0.872758 0.000000
vn 0.773958 0.633237 0.000000
vn 0.927643 0.373468 0.000000
vn 0.979877 0.199603 0.000000
vn 0.968392 0.249434 0.000000
vn 0.959169 0.282833 0.000000
vn 0.951808 0.306694 0.000000
vn 0.926669 0.375878 0.000000
vn 0.865065 0.501659 0.000000
vn 0.777245 0.629198 0.000000
vn 0.664105 0.747640 0.000000
vn 0.529244 0.848470 0.000000
vn 0.375705 0.926739 0.000000
vn 0.217784 0.975997 0.000000
vn 0.068540 0.997648 0.000000
vn -0.072035 0.997402 0.000000
vn -0.227845 0.973697 0.000000
vn -0.390293 0.920691 0.000000
vn -0.544988 0.838444 0.000000
vn -0.677702 0.735337 0.000000
vn -0.789672 0.613530 0.000000
vn -0.877308 0.479928 0.000000
vn -0.938188 0.346128 0.000000
vn -0.953365 0.301819 0.000000
vn -0.978403 0.206705 0.000000
vn -0.993000 0.118110 0.000000
vn -0.999304 0.037318 0.000000
vn -0.999401 -0.034611 -0.000000
vn -0.994553 -0.104232 -0.000000
vn -0.984827 -0.173538 -0.000000
vn -0.970396 -0.241521 -0.000000
vn -0.958408 -0.285401 -0.000000
vn -0.892367 -0.451311 -0.000000
vn -0.787416 -0.616422 -0.000000
vn -0.649586 -0.760288 -0.000000
vn -0.502086 -0.864818 -0.000000
vn -0.351564 -0.936164 -0.000000
vn -0.201654 -0.979457 -0.000000
vn -0.063051 -0.998010 -0.000000
vn 0.058281 -0.998300 -0.000000
vn 0.181112 -0.983463 -0.000000
vn 0.307873 -0.951428 -0.000000
vn 0.432020 -0.901864 -0.000000
vn 0.554222 -0.832369 -0.000000
vn 0.686558 -0.727075 -0.000000
vn 0.813734 -0.581238 -0.000000
vn 0.915881 -0.401450 -0.000000
vn 0.878853 -0.477092 -0.000000
vn 0.707107 -0.707107 -0.000000
vn 0.435562 -0.900159 -0.000000
vn 0.133917 -0.990993 -0.000000
vn 0.000000 -1.000000 -0.000000
vn -0.090533 -0.995894 -0.000000
vn -0.283627 -0.958935 -0.000000
vn -0.474099 -0.880472 -0.000000
vn -0.638900 -0.769290 -0.000000
vn -0.769290 -0.638899 -0.000000
vn -0.880472 -0.474099 -0.000000
vn -0.958935 -0.283627 -0.000000
vn -0.995894 -0.090532 -0.000000
vn -1.000000 0.000000 -0.000000
vn -0.995894 0.090530 0.000000
vn -0.958935 0.283624 0.000000
vn -0.880474 0.474095 0.000000
vn -0.769287 0.638904 0.000000
vn -0.638899 0.769290 0.000000
vn -0.474092 0.880476 0.000000
vn -0.283627 0.958935 0.000000
vn -0.090540 0.995893 0.000000
vn 0.000000 1.000000 0.000000
vn 0.090540 0.995893 0.000000
vn 0.283627 0.958935 0.000000
vn 0.474092 0.880476 0.000000
vn 0.638899 0.769290 0.000000
vn 0.769287 0.638904 0.000000
vn 0.880474 0.474095 0.000000
vn 0.958935 0.283624 0.000000
vn 0.995893 0.090539 0.000000
vn 1.000000 0.000000 -0.000000
vn 0.995894 -0.090530 -0.000000
vn 0.958935 -0.283624 -0.000000
vn 0.880474 -0.474095 -0.000000
vn 0.769275 -0.638918 -0.000000
vn 0.638899 -0.769290 -0.000000
vn 0.474106 -0.880468 -0.000000
vn 0.283627 -0.958935 -0.000000
vn 0.090523 -0.995894 -0.000000
vn 0.000000 -1.000000 -0.000000
vn 0.141434 -0.989948 -0.000000
vn 0.514495 -0.857494 -0.000000
vn 0.857489 -0.514503 -0.000000
vn 0.989950 -0.141421 -0.000000
vn 0.999985 -0.005555 -0.000000
vn 0.997547 0.070007 0.000000
vn 0.963196 0.268801 0.000000
vn 0.823210 0.567737 0.000000
vn 0.472225 0.881478 0.000000
vn 0.093358 0.995633 0.000000
vn -0.213708 0.976898 0.000000
vn -0.469154 0.883116 0.000000
vn -0.644864 0.764297 0.000000
vn -0.527095 0.849806 0.000000
vn -0.374711 0.927142 0.000000
vn -0.217588 0.976041 0.000000
vn -0.068600 0.997644 0.000000
vn 0.065419 0.997858 0.000000
vn 0.206548 0.978437 0.000000
vn 0.354955 0.934883 0.000000
vn 0.499925 0.866069 0.000000
vn 0.633239 0.773957 0.000000
vn 0.756238 0.654296 0.000000
vn 0.857856 0.513890 0.000000
vn 0.930715 0.365745 0.000000
vn -0.090472 -0.995899 -0.000000
vn -0.283436 -0.958991 -0.000000
vn -0.474367 -0.880327 -0.000000
vn -0.639015 -0.769194 -0.000000
vn -0.769279 -0.638913 -0.000000
vn -0.880354 -0.474317 -0.000000
vn -0.958973 -0.283498 -0.000000
vn -0.995891 -0.090557 -0.000000
vn -1.000000 0.000000 -0.000000
vn -0.995891 0.090557 0.000000
vn -0.958973 0.283498 0.000000
vn -0.880503 0.474041 0.000000
vn -0.769279 0.638913 0.000000
vn -0.638638 0.769507 0.000000
vn -0.474367 0.880327 0.000000
vn -0.283436 0.958991 0.000000
vn -0.090472 0.995899 0.000000
vn 0.000000 1.000000 0.000000
vn 0.090472 0.995899 0.000000
vn 0.283458 0.958985 0.000000
vn 0.474367 0.880327 0.000000
vn 0.638677 0.769475 0.000000
vn 0.769240 0.638960 0.000000
vn 0.880503 0.474041 0.000000
vn 0.958950 0.283574 0.000000
vn 0.995891 0.090557 0.000000
vn 1.000000 0.000000 -0.000000
vn 0.989955 0.141385 0.000000
vn 0.857696 0.514157 0.000000
vn 0.514326 0.857595 0.000000
vn 0.141143 0.989989 0.000000
vn 0.000000 1.000000 0.000000
vn 0.090472 0.995899 0.000000
vn 0.284066 0.958805 0.000000
vn 0.473853 0.880604 0.000000
vn 0.639015 0.769194 0.000000
vn 0.769279 0.638913 0.000000
vn 0.880503 0.474041 0.000000
vn 0.958920 0.283678 0.000000
vn 0.995891 0.090557 0.000000
vn 1.000000 0.000000 -0.000000
vn 0.995891 -0.090557 -0.000000
vn 0.958973 -0.283498 -0.000000
vn 0.880354 -0.474317 -0.000000
vn 0.769279 -0.638913 -0.000000
vn 0.639015 -0.769194 -0.000000
vn 0.474367 -0.880327 -0.000000
vn 0.283458 -0.958985 -0.000000
vn 0.090472 -0.995899 -0.000000
vn 0.000000 -1.000000 -0.000000
vn -0.090479 -0.995898 -0.000000
vn -0.283458 -0.958985 -0.000000
vn -0.474367 -0.880327 -0.000000
vn -0.638976 -0.769227 -0.000000
vn -0.769279 -0.638913 -0.000000
vn -0.880354 -0.474317 -0.000000
vn -0.958973 -0.283498 -0.000000
vn -0.995891 -0.090557 -0.000000
vn -1.000000 0.000000 -0.000000
vn -0.995891 0.090557 0.000000
vn -0.958973 0.283498 0.000000
vn -0.880503 0.474041 0.000000
vn -0.769279 0.638913 0.000000
vn -0.638638 0.769507 0.000000
vn -0.474367 0.880327 0.000000
vn -0.283458 0.958985 0.000000
vn -0.090472 0.995899 0.000000
vn 0.000000 1.000000 0.000000
vn 0.090479 0.995898 0.000000
vn 0.283458 0.958985 0.000000
vn 0.474367 0.880327 0.000000
vn 0.638599 0.769540 0.000000
vn 0.769279 0.638913 0.000000
vn 0.880503 0.474041 0.000000
vn 0.958973 0.283498 0.000000
vn 0.995891 0.090557 0.000000
vn 1.000000 0.000000 -0.000000
vn 0.995891 -0.090557 -0.000000
vn 0.958973 -0.283498 -0.000000
vn 0.880354 -0.474317 -0.000000
vn 0.769279 -0.638913 -0.000000
vn 0.639015 -0.769194 -0.000000
vn 0.474367 -0.880327 -0.000000
vn 0.283458 -0.958985 -0.000000
vn 0.090472 -0.995899 -0.000000
vn 0.000000 -1.000000 -0.000000
vn 0.995891 -0.090557 -0.000000
vn 0.958908 -0.283716 -0.000000
vn 0.880503 -0.474041 -0.000000
vn 0.769299 -0.638889 -0.000000
vn 0.639015 -0.769194 -0.000000
vn 0.473853 -0.880604 -0.000000
vn 0.283447 -0.958988 -0.000000
vn 0.091099 -0.995842 -0.000000
vn 0.000000 -1.000000 -0.000000
vn 0.141131 -0.989991 -0.000000
vn 0.514326 -0.857595 -0.000000
vn 0.857474 -0.514527 -0.000000
vn 0.989943 -0.141470 -0.000000
vn 1.000000 0.000000 -0.000000
vn 0.989955 0.141385 0.000000
vn 0.857474 0.514527 0.000000
vn 0.514326 0.857595 0.000000
vn 0.141797 0.989896 0.000000
vn 0.000000 1.000000 0.000000
vn 0.090472 0.995899 0.000000
vn 0.283458 0.958985 0.000000
vn 0.473853 0.880604 0.000000
vn 0.639015 0.769194 0.000000
vn 0.769240 0.638960 0.000000
vn 0.880503 0.474041 0.000000
vn 0.958897 0.283754 0.000000
vn 0.995898 0.090479 0.000000
vn 1.000000 0.000000 -0.000000
vn 0.995891 -0.090557 -0.000000
vn 0.958950 -0.283574 -0.000000
vn 0.880503 -0.474041 -0.000000
vn 0.769279 -0.638913 -0.000000
vn 0.638638 -0.769507 -0.000000
vn 0.474367 -0.880327 -0.000000
vn 0.283458 -0.958985 -0.000000
vn 0.090472 -0.995899 -0.000000
vn 0.000000 -1.000000 -0.000000
vn 0.141809 -0.989894 -0.000000
vn 0.514326 -0.857595 -0.000000
vn 0.857474 -0.514527 -0.000000
vn 0.989943 -0.141470 -0.000000
vn 1.000000 0.000000 -0.000000
vn 0.989955 0.141385 0.000000
vn 0.857696 0.514157 0.000000
vn 0.514326 0.857595 0.000000
vn 0.141119 0.989993 0.000000
vn 0.000000 1.000000 0.000000
vn 0.090475 0.995899 0.000000
vn 0.284055 0.958808 0.000000
vn 0.473853 0.880604 0.000000
vn 0.638996 0.769210 0.000000
vn 0.769279 0.638913 0.000000
vn 0.880503 0.474041 0.000000
vn 0.958908 0.283716 0.000000
vn 0.995895 0.090518 0.000000
vn 1.000000 0.000000 -0.000000
vn 0.995891 -0.090557 -0.000000
vn 0.958962 -0.283536 -0.000000
vn 0.880354 -0.474317 -0.000000
vn 0.769299 -0.638889 -0.000000
vn 0.639015 -0.769194 -0.000000
vn 0.474367 -0.880327 -0.000000
vn 0.283447 -0.958988 -0.000000
vn 0.090472 -0.995899 -0.000000
vn 0.000000 -1.000000 -0.000000
vn -0.090479 -0.995898 -0.000000
vn -0.283458 -0.958985 -0.000000
vn -0.474367 -0.880327 -0.000000
vn -0.638976 -0.769227 -0.000000
vn -0.769279 -0.638913 -0.000000
vn -0.880389 -0.474253 -0.000000
vn -0.958973 -0.283498 -0.000000
vn -0.995891 -0.090557 -0.000000
vn -1.000000 0.000000 -0.000000
vn -0.995891 0.090557 0.000000
vn -0.958973 0.283498 0.000000
vn -0.880538 0.473976 0.000000
vn -0.769279 0.638913 0.000000
vn -0.638638 0.769507 0.000000
vn -0.474367 0.880327 0.000000
vn -0.283458 0.958985 0.000000
vn -0.090472 0.995899 0.000000
vn 0.000000 1.000000 0.000000
vn 0.090475 0.995899 0.000000
vn 0.283447 0.958988 0.000000
vn 0.474367 0.880327 0.000000
vn 0.638618 0.769524 0.000000
vn 0.769279 0.638913 0.000000
vn 0.880503 0.474041 0.000000
vn 0.958962 0.283536 0.000000
vn 0.995895 0.090518 0.000000
vn 1.000000 0.000000 -0.000000
vn -0.050343 -0.998732 -0.000000
vn -0.158774 -0.987315 -0.000000
vn -0.275001 -0.961444 -0.000000
vn -0.394364 -0.918954 -0.000000
vn -0.511852 -0.859074 -0.000000
vn -0.627091 -0.778946 -0.000000
vn -0.733477 -0.679714 -0.000000
vn -0.823953 -0.566658 -0.000000
vn -0.895840 -0.444377 -0.000000
vn -0.949670 -0.313251 -0.000000
vn -0.983295 -0.182018 -0.000000
vn -0.998325 -0.057858 -0.000000
vn -1.000000 0.000000 -0.000000
vn -0.995891 0.090557 0.000000
vn -0.958962 0.283536 0.000000
vn -0.880503 0.474041 0.000000
vn -0.769299 0.638889 0.000000
vn -0.638638 0.769507 0.000000
vn -0.474367 0.880327 0.000000
vn -0.283458 0.958985 0.000000
vn -0.090475 0.995899 0.000000
vn 0.000000 1.000000 0.000000
vn 0.090475 0.995899 0.000000
vn 0.283458 0.958985 0.000000
vn 0.474367 0.880327 0.000000
vn 0.638638 0.769507 0.000000
vn 0.769259 0.638937 0.000000
vn 0.880503 0.474041 0.000000
vn 0.958962 0.283536 0.000000
vn 0.995895 0.090518 0.000000
vn 1.000000 0.000000 -0.000000
vn 0.996637 0.081947 0.000000
vn 0.964599 0.263722 0.000000
vn 0.890453 0.455075 0.000000
vn 0.775382 0.631492 0.000000
vn 0.629121 0.777307 0.000000
vn 0.449169 0.893447 0.000000
vn 0.257796 0.966199 0.000000
vn 0.079503 0.996835 0.000000
vn -0.079503 0.996835 0.000000
vn -0.257795 0.966200 0.000000
vn -0.449169 0.893447 0.000000
vn -0.629123 0.777306 0.000000
vn -0.775382 0.631492 0.000000
vn -0.890453 0.455075 0.000000
vn -0.964598 0.263726 0.000000
vn -0.996637 0.081947 0.000000
vn -1.000000 0.000000 -0.000000
vn -0.995895 0.090518 0.000000
vn -0.958973 0.283498 0.000000
vn -0.880520 0.474008 0.000000
vn -0.769240 0.638960 0.000000
vn -0.638638 0.769507 0.000000
vn -0.474367 0.880327 0.000000
vn -0.283447 0.958988 0.000000
vn -0.090475 0.995899 0.000000
vn 0.000000 1.000000 0.000000
vn 0.090475 0.995899 0.000000
vn 0.283447 0.958988 0.000000
vn 0.474367 0.880327 0.000000
vn 0.638638 0.769507 0.000000
vn 0.769259 0.638937 0.000000
vn 0.880503 0.474041 0.000000
vn 0.958973 0.283498 0.000000
vn 0.995891 0.090557 0.000000
vn 1.000000 0.000000 -0.000000
vn 0.998377 -0.056945 -0.000000
vn 0.983808 -0.179223 -0.000000
vn 0.951141 -0.308757 -0.000000
vn 0.898639 -0.438689 -0.000000
vn 0.827288 -0.561778 -0.000000
vn 0.736061 -0.676916 -0.000000
vn 0.628596 -0.777732 -0.000000
vn 0.512294 -0.858810 -0.000000
vn 0.393660 -0.919256 -0.000000
vn 0.273505 -0.961870 -0.000000
vn 0.157356 -0.987542 -0.000000
vn 0.049739 -0.998762 -0.000000
vn 0.090476 0.995899 0.000000
vn 0.283453 0.958986 0.000000
vn 0.474362 0.880330 0.000000
vn 0.638643 0.769503 0.000000
vn 0.769264 0.638931 0.000000
vn 0.880507 0.474033 0.000000
vn 0.958964 0.283526 0.000000
vn 0.995892 0.090547 0.000000
vn 1.000000 0.000000 -0.000000
vn 0.995892 -0.090547 -0.000000
vn 0.958911 -0.283706 -0.000000
vn 0.880507 -0.474033 -0.000000
vn 0.769264 -0.638931 -0.000000
vn 0.639020 -0.769190 -0.000000
vn 0.473848 -0.880606 -0.000000
vn 0.284060 -0.958807 -0.000000
vn 0.090476 -0.995899 -0.000000
vn 0.000000 -1.000000 -0.000000
vn 0.141134 -0.989991 -0.000000
vn 0.514326 -0.857595 -0.000000
vn 0.857463 -0.514546 -0.000000
vn 0.989949 -0.141427 -0.000000
vn 1.000000 0.000000 -0.000000
vn 0.995893 -0.090538 -0.000000
vn 0.958967 -0.283517 -0.000000
vn 0.880363 -0.474301 -0.000000
vn 0.769259 -0.638937 -0.000000
vn 0.639025 -0.769186 -0.000000
vn 0.474367 -0.880327 -0.000000
vn 0.283453 -0.958986 -0.000000
vn 0.090473 -0.995899 -0.000000
vn 0.000000 -1.000000 -0.000000
vn -0.090475 -0.995899 -0.000000
vn -0.283453 -0.958986 -0.000000
vn -0.474367 -0.880327 -0.000000
vn -0.639015 -0.769194 -0.000000
vn -0.769259 -0.638937 -0.000000
vn -0.880363 -0.474301 -0.000000
vn -0.958967 -0.283517 -0.000000
vn -0.995893 -0.090538 -0.000000
vn -1.000000 0.000000 -0.000000
vn -0.989949 -0.141427 -0.000000
vn -0.857463 -0.514546 -0.000000
vn -0.514326 -0.857595 -0.000000
vn -0.141137 -0.989990 -0.000000
vn 0.000000 -1.000000 -0.000000
vn -0.090475 -0.995899 -0.000000
vn -0.284060 -0.958807 -0.000000
vn -0.473853 -0.880604 -0.000000
vn -0.639025 -0.769186 -0.000000
vn -0.769250 -0.638948 -0.000000
vn -0.880503 -0.474041 -0.000000
vn -0.958908 -0.283716 -0.000000
vn -0.995898 -0.090479 -0.000000
vn -1.000000 0.000000 -0.000000
vn -0.995895 0.090518 0.000000
vn -0.958973 0.283498 0.000000
vn -0.880503 0.474041 0.000000
vn -0.769250 0.638948 0.000000
vn -0.638648 0.769499 0.000000
vn -0.474367 0.880327 0.000000
vn -0.283453 0.958986 0.000000
vn -0.090475 0.995899 0.000000
vn 0.000000 1.000000 0.000000
vn 0.995893 -0.090538 -0.000000
vn 0.958914 -0.283697 -0.000000
vn 0.880507 -0.474033 -0.000000
vn 0.769264 -0.638931 -0.000000
vn 0.639020 -0.769190 -0.000000
vn 0.473848 -0.880606 -0.000000
vn 0.283450 -0.958987 -0.000000
vn 0.091103 -0.995842 -0.000000
vn 0.000000 -1.000000 -0.000000
vn 0.141133 -0.989991 -0.000000
vn 0.514326 -0.857595 -0.000000
vn 0.857466 -0.514541 -0.000000
vn 0.989950 -0.141419 -0.000000
vn 1.000000 0.000000 -0.000000
vn 0.989950 0.141419 0.000000
vn 0.857466 0.514541 0.000000
vn 0.514326 0.857595 0.000000
vn 0.141811 0.989894 0.000000
vn 0.000000 1.000000 0.000000
vn 0.090475 0.995899 0.000000
vn 0.283453 0.958986 0.000000
vn 0.473853 0.880604 0.000000
vn 0.639020 0.769190 0.000000
vn 0.769259 0.638937 0.000000
vn 0.880507 0.474033 0.000000
vn 0.958911 0.283706 0.000000
vn 0.995893 0.090538 0.000000
vn 1.000000 0.000000 -0.000000
vn 0.995893 -0.090538 -0.000000
vn 0.958964 -0.283526 -0.000000
vn 0.880507 -0.474033 -0.000000
vn 0.769259 -0.638937 -0.000000
vn 0.638643 -0.769503 -0.000000
vn 0.474367 -0.880327 -0.000000
vn 0.283453 -0.958986 -0.000000
vn 0.090475 -0.995899 -0.000000
vn 0.000000 -1.000000 -0.000000
vn 0.141811 -0.989894 -0.000000
vn 0.514326 -0.857595 -0.000000
vn 0.857466 -0.514541 -0.000000
vn 0.989950 -0.141419 -0.000000
vn 1.000000 0.000000 -0.000000
vn 0.989950 0.141419 0.000000
vn 0.857688 0.514171 0.000000
vn 0.514326 0.857595 0.000000
vn 0.141133 0.989991 0.000000
vn 0.000000 1.000000 0.000000
vn 0.090474 0.995899 0.000000
vn 0.284057 0.958807 0.000000
vn 0.473848 0.880606 0.000000
vn 0.639025 0.769186 0.000000
vn 0.769264 0.638931 0.000000
vn 0.880507 0.474033 0.000000
vn 0.958914 0.283697 0.000000
vn 0.995893 0.090538 0.000000
vn 1.000000 0.000000 -0.000000
vn 0.995893 -0.090538 -0.000000
vn 0.958967 -0.283517 -0.000000
vn 0.880358 -0.474309 -0.000000
vn 0.769264 -0.638931 -0.000000
vn 0.639020 -0.769190 -0.000000
vn 0.474362 -0.880330 -0.000000
vn 0.283450 -0.958987 -0.000000
vn 0.090475 -0.995899 -0.000000
vn 0.000000 -1.000000 -0.000000
vn -0.090475 -0.995899 -0.000000
vn -0.283451 -0.958987 -0.000000
vn -0.474364 -0.880329 -0.000000
vn -0.639020 -0.769190 -0.000000
vn -0.769264 -0.638931 -0.000000
vn -0.880358 -0.474309 -0.000000
vn -0.958964 -0.283526 -0.000000
vn -0.995893 -0.090542 -0.000000
vn -1.000000 0.000000 -0.000000
vn -0.995893 0.090542 0.000000
vn -0.958964 0.283526 0.000000
vn -0.880507 0.474033 0.000000
vn -0.769264 0.638931 0.000000
vn -0.638645 0.769501 0.000000
vn -0.474364 0.880329 0.000000
vn -0.283451 0.958987 0.000000
vn -0.090475 0.995899 0.000000
vn 0.000000 1.000000 0.000000
vn 0.090474 0.995899 0.000000
vn 0.283450 0.958987 0.000000
vn 0.474362 0.880330 0.000000
vn 0.638648 0.769499 0.000000
vn 0.769264 0.638931 0.000000
vn 0.880507 0.474033 0.000000
vn 0.958967 0.283517 0.000000
vn 0.995893 0.090538 0.000000
vn 1.000000 0.000000 -0.000000
vn -0.995891 0.090557 0.000000
vn -0.958962 0.283536 0.000000
vn -0.880503 0.474041 0.000000
vn -0.769279 0.638913 0.000000
vn -0.638638 0.769507 0.000000
vn -0.474367 0.880327 0.000000
vn -0.283447 0.958988 0.000000
vn -0.090475 0.995899 0.000000
vn 0.000000 1.000000 0.000000
vn 0.090475 0.995899 0.000000
vn 0.283447 0.958988 0.000000
vn 0.474367 0.880327 0.000000
vn 0.638638 0.769507 0.000000
vn 0.769279 0.638913 0.000000
vn 0.880503 0.474041 0.000000
vn 0.958962 0.283536 0.000000
vn 0.995895 0.090518 0.000000
vn 1.000000 0.000000 -0.000000
vn 0.995891 -0.090557 -0.000000
vn 0.958962 -0.283536 -0.000000
vn 0.880354 -0.474317 -0.000000
vn 0.769299 -0.638889 -0.000000
vn 0.639015 -0.769194 -0.000000
vn 0.474367 -0.880327 -0.000000
vn 0.283447 -0.958988 -0.000000
vn 0.090475 -0.995899 -0.000000
vn 0.000000 -1.000000 -0.000000
vn -0.107458 -0.994210 -0.000000
vn -0.360917 -0.932598 -0.000000
vn -0.624835 -0.780757 -0.000000
vn -0.827423 -0.561579 -0.000000
vn -0.853640 -0.520864 -0.000000
vn -0.788267 -0.615334 -0.000000
vn -0.644909 -0.764259 -0.000000
vn -0.375464 -0.926837 -0.000000
vn 0.030561 -0.999533 -0.000000
vn 0.472645 -0.881253 -0.000000
vn 0.822844 -0.568268 -0.000000
vn 0.963272 -0.268526 -0.000000
vn 0.997545 -0.070026 -0.000000
vn 0.999991 0.004292 0.000000
vn 0.995893 -0.090538 -0.000000
vn 0.958962 -0.283536 -0.000000
vn 0.880354 -0.474317 -0.000000
vn 0.769269 -0.638925 -0.000000
vn 0.639025 -0.769186 -0.000000
vn 0.474367 -0.880327 -0.000000
vn 0.283453 -0.958986 -0.000000
vn 0.090473 -0.995899 -0.000000
vn 0.000000 -1.000000 -0.000000
vn -0.090475 -0.995899 -0.000000
vn -0.283453 -0.958986 -0.000000
vn -0.474367 -0.880327 -0.000000
vn -0.639025 -0.769186 -0.000000
vn -0.769259 -0.638937 -0.000000
vn -0.880354 -0.474317 -0.000000
vn -0.958967 -0.283517 -0.000000
vn -0.995891 -0.090557 -0.000000
vn -1.000000 0.000000 -0.000000
vn -0.995893 0.090538 0.000000
vn -0.958967 0.283517 0.000000
vn -0.880503 0.474041 0.000000
vn -0.769250 0.638948 0.000000
vn -0.638648 0.769499 0.000000
vn -0.474367 0.880327 0.000000
vn -0.283453 0.958986 0.000000
vn -0.090475 0.995899 0.000000
vn 0.000000 1.000000 0.000000
vn 0.107457 0.994210 0.000000
vn 0.360921 0.932597 0.000000
vn 0.624602 0.780943 0.000000
vn 0.827527 0.561426 0.000000
vn 0.854443 0.519545 0.000000
vn 0.788281 0.615315 0.000000
vn 0.644891 0.764275 0.000000
vn 0.376664 0.926350 0.000000
vn -0.030561 0.999533 0.000000
vn -0.472665 0.881242 0.000000
vn -0.823271 0.567648 0.000000
vn -0.963193 0.268809 0.000000
vn -0.997543 0.070053 0.000000
vn -0.999998 -0.002146 -0.000000
vn -0.135767 -0.990741 -0.000000
vn -0.453089 -0.891465 -0.000000
vn -0.743418 -0.668827 -0.000000
vn -0.914359 -0.404904 -0.000000
vn -0.955585 -0.294717 -0.000000
vn -0.854826 -0.518915 -0.000000
vn -0.725127 -0.688616 -0.000000
vn -0.496438 -0.868072 -0.000000
vn -0.170788 -0.985308 -0.000000
vn 0.000000 -1.000000 -0.000000
vn 0.170799 -0.985306 -0.000000
vn 0.496438 -0.868072 -0.000000
vn 0.725127 -0.688616 -0.000000
vn 0.854826 -0.518915 -0.000000
vn 0.955584 -0.294717 -0.000000
vn 0.914352 -0.404921 -0.000000
vn 0.743418 -0.668827 -0.000000
vn 0.453089 -0.891465 -0.000000
vn 0.135767 -0.990741 -0.000000
vn 0.000000 -1.000000 -0.000000
vn -0.077492 -0.996993 -0.000000
vn -0.259811 -0.965660 -0.000000
vn -0.468769 -0.883321 -0.000000
vn -0.672113 -0.740448 -0.000000
vn -0.856136 -0.516750 -0.000000
vn -0.973749 -0.227623 -0.000000
vn -0.999759 0.021959 0.000000
vn -0.978743 0.205092 0.000000
vn -0.952146 0.305644 0.000000
vn -0.914352 0.404921 0.000000
vn -0.743256 0.669007 0.000000
vn -0.453089 0.891465 0.000000
vn -0.135767 0.990741 0.000000
vn 0.000000 1.000000 0.000000
vn 0.135767 0.990741 0.000000
vn 0.453089 0.891465 0.000000
vn 0.743256 0.669007 0.000000
vn 0.914359 0.404904 0.000000
vn 0.951735 0.306920 0.000000
vn 0.924644 0.380833 0.000000
vn 0.967105 0.254378 0.000000
vn 0.989941 0.141482 0.000000
vn 0.999058 0.043397 0.000000
vn 0.985087 -0.172056 -0.000000
vn 0.806449 -0.591304 -0.000000
vn 0.440715 -0.897647 -0.000000
vn 0.116100 -0.993237 -0.000000
vn 0.000000 -1.000000 -0.000000
vn 0.998867 -0.047595 -0.000000
vn 0.948649 0.316329 0.000000
vn 0.633288 0.773917 0.000000
vn 0.174247 0.984702 0.000000
vn 0.000000 1.000000 0.000000
vn -0.148745 0.988876 0.000000
vn -0.600033 0.799976 0.000000
vn -0.966210 0.257758 0.000000
vn -0.982337 -0.187120 -0.000000
vn -0.955841 -0.293885 -0.000000
vn -0.952037 -0.305982 -0.000000
vn -0.876284 -0.481795 -0.000000
vn -0.677820 -0.735228 -0.000000
vn -0.258373 -0.966045 -0.000000
vn 0.258324 -0.966058 -0.000000
vn 0.677820 -0.735228 -0.000000
vn 0.876284 -0.481795 -0.000000
vn 0.952052 -0.305935 -0.000000
vn 0.956639 -0.291275 -0.000000
vn -0.995891 0.090557 0.000000
vn -0.958950 0.283574 0.000000
vn -0.880503 0.474041 0.000000
vn -0.769279 0.638913 0.000000
vn -0.638638 0.769507 0.000000
vn -0.474367 0.880327 0.000000
vn -0.283458 0.958985 0.000000
vn -0.090472 0.995899 0.000000
vn 0.000000 1.000000 0.000000
vn 0.090472 0.995899 0.000000
vn 0.283458 0.958985 0.000000
vn 0.474367 0.880327 0.000000
vn 0.638599 0.769540 0.000000
vn 0.769279 0.638913 0.000000
vn 0.880503 0.474041 0.000000
vn 0.958973 0.283498 0.000000
vn 0.995891 0.090557 0.000000
vn 1.000000 0.000000 -0.000000
vn 0.995891 -0.090557 -0.000000
vn 0.958973 -0.283498 -0.000000
vn 0.880354 -0.474317 -0.000000
vn 0.769279 -0.638913 -0.000000
vn 0.639015 -0.769194 -0.000000
vn 0.474367 -0.880327 -0.000000
vn 0.283458 -0.958985 -0.000000
vn 0.090464 -0.995900 -0.000000
vn 0.000000 -1.000000 -0.000000
vn -0.107456 -0.994210 -0.000000
vn -0.360917 -0.932598 -0.000000
vn -0.624835 -0.780757 -0.000000
vn -0.827413 -0.561594 -0.000000
vn -0.853640 -0.520864 -0.000000
vn -0.788281 -0.615315 -0.000000
vn -0.644927 -0.764244 -0.000000
vn -0.375479 -0.926831 -0.000000
vn 0.030555 -0.999533 -0.000000
vn 0.472665 -0.881242 -0.000000
vn 0.822823 -0.568297 -0.000000
vn 0.963290 -0.268462 -0.000000
vn 0.997547 -0.070000 -0.000000
vn 0.999991 0.004292 0.000000
vn 0.995891 -0.090557 -0.000000
vn 0.958973 -0.283498 -0.000000
vn 0.880354 -0.474317 -0.000000
vn 0.769279 -0.638913 -0.000000
vn 0.639015 -0.769194 -0.000000
vn 0.474367 -0.880327 -0.000000
vn 0.283458 -0.958985 -0.000000
vn 0.090472 -0.995899 -0.000000
vn 0.000000 -1.000000 -0.000000
vn -0.090479 -0.995898 -0.000000
vn -0.283458 -0.958985 -0.000000
vn -0.474367 -0.880327 -0.000000
vn -0.638976 -0.769227 -0.000000
vn -0.769279 -0.638913 -0.000000
vn -0.880354 -0.474317 -0.000000
vn -0.958973 -0.283498 -0.000000
vn -0.995891 -0.090557 -0.000000
vn -1.000000 0.000000 -0.000000
vn -0.995891 0.090557 0.000000
vn -0.958973 0.283498 0.000000
vn -0.880503 0.474041 0.000000
vn -0.769279 0.638913 0.000000
vn -0.638638 0.769507 0.000000
vn -0.474367 0.880327 0.000000
vn -0.283458 0.958985 0.000000
vn -0.090472 0.995899 0.000000
vn 0.000000 1.000000 0.000000
vn 0.107456 0.994210 0.000000
vn 0.360917 0.932598 0.000000
vn 0.624602 0.780943 0.000000
vn 0.827527 0.561426 0.000000
vn 0.854443 0.519545 0.000000
vn 0.788281 0.615315 0.000000
vn 0.644927 0.764244 0.000000
vn 0.376695 0.926337 0.000000
vn -0.030561 0.999533 0.000000
vn -0.472665 0.881242 0.000000
vn -0.823271 0.567648 0.000000
vn -0.963176 0.268873 0.000000
vn -0.997547 0.070000 0.000000
vn -0.999998 -0.002146 -0.000000
vn 0.090479 0.995898 0.000000
vn 0.283458 0.958985 0.000000
vn 0.474367 0.880327 0.000000
vn 0.638638 0.769507 0.000000
vn 0.769240 0.638960 0.000000
vn 0.880503 0.474041 0.000000
vn 0.958973 0.283498 0.000000
vn 0.995891 0.090557 0.000000
vn 1.000000 0.000000 -0.000000
vn 0.995891 -0.090557 -0.000000
vn 0.958920 -0.283678 -0.000000
vn 0.880503 -0.474041 -0.000000
vn 0.769240 -0.638960 -0.000000
vn 0.639015 -0.769194 -0.000000
vn 0.473853 -0.880604 -0.000000
vn 0.284066 -0.958805 -0.000000
vn 0.090479 -0.995898 -0.000000
vn 0.000000 -1.000000 -0.000000
vn 0.141143 -0.989989 -0.000000
vn 0.514326 -0.857595 -0.000000
vn 0.857474 -0.514527 -0.000000
vn 0.989943 -0.141470 -0.000000
vn 1.000000 0.000000 -0.000000
vn 0.995891 -0.090557 -0.000000
vn 0.958973 -0.283498 -0.000000
vn 0.880354 -0.474317 -0.000000
vn 0.769279 -0.638913 -0.000000
vn 0.639015 -0.769194 -0.000000
vn 0.474367 -0.880327 -0.000000
vn 0.283436 -0.958991 -0.000000
vn 0.090479 -0.995898 -0.000000
vn 0.000000 -1.000000 -0.000000
vn -0.090479 -0.995898 -0.000000
vn -0.283458 -0.958985 -0.000000
vn -0.474367 -0.880327 -0.000000
vn -0.639015 -0.769194 -0.000000
vn -0.769240 -0.638960 -0.000000
vn -0.880354 -0.474317 -0.000000
vn -0.958950 -0.283574 -0.000000
vn -0.995898 -0.090479 -0.000000
vn -1.000000 0.000000 -0.000000
vn -0.989955 -0.141385 -0.000000
vn -0.857474 -0.514527 -0.000000
vn -0.514326 -0.857595 -0.000000
vn -0.141131 -0.989991 -0.000000
vn 0.000000 -1.000000 -0.000000
vn -0.090479 -0.995898 -0.000000
vn -0.284066 -0.958805 -0.000000
vn -0.473853 -0.880604 -0.000000
vn -0.638976 -0.769227 -0.000000
vn -0.769279 -0.638913 -0.000000
vn -0.880503 -0.474041 -0.000000
vn -0.958920 -0.283678 -0.000000
vn -0.995891 -0.090557 -0.000000
vn -1.000000 0.000000 -0.000000
vn -0.995891 0.090557 0.000000
vn -0.958973 0.283498 0.000000
vn -0.880503 0.474041 0.000000
vn -0.769279 0.638913 0.000000
vn -0.638638 0.769507 0.000000
vn -0.474367 0.880327 0.000000
vn -0.283458 0.958985 0.000000
vn -0.090472 0.995899 0.000000
vn 0.000000 1.000000 0.000000
vn 0.000000 0.000000 1.000000
vn 0.000000 -0.000000 1.000000
vn 0.000000 -0.000000 1.000000
vn 0.000000 -0.000000 1.000000
vn 0.000000 -0.000000 1.000000
vn 0.000000 0.000000 1.000000
vn -0.000000 0.000000 1.000000
vn 0.000000 -0.000000 1.000000
vn 0.000000 -0.000000 1.000000
vn 0.000000 -0.000000 -1.000000
vn 0.000000 -0.000000 -1.000000
vn -0.000000 0.000000 -1.000000
vn 0.000000 0.000000 -1.000000
vn 0.000000 0.000000 -1.000000
vn 0.000000 0.000000 -1.000000
vn -0.000000 -0.000000 -1.000000
vn 0.000000 0.000000 -1.000000
vn 0.000000 0.000000 -1.000000
vn 0.000000 1.000000 0.000000
vn 0.928477 0.371391 0.000000
vn 0.485643 0.874157 0.000000
vn 0.406139 -0.913811 -0.000000
vn 0.961524 -0.274721 -0.000000
vn 0.351124 -0.936329 -0.000000
vn 1.000000 0.000000 -0.000000
vn 0.338719 0.940887 0.000000
vn 0.000000 -1.000000 -0.000000
vn -0.732794 0.680451 0.000000
vn -0.998752 -0.049938 -0.000000
vn -0.993884 0.110431 0.000000
vn 0.000000 -0.000000 1.000000
vn 0.000000 -0.000000 1.000000
vn 0.000000 0.000000 -1.000000
vn 0.000000 0.000000 -1.000000
vn -0.936329 0.351123 0.000000
vn 0.000000 1.000000 0.000000
vn 0.907959 0.419058 0.000000
vn 0.393919 0.919145 0.000000
vn -0.049938 -0.998752 -0.000000
vn 0.000000 0.000000 -1.000000
vn 0.000000 -0.000000 1.000000
vn 0.000000 1.000000 0.000000
vn -1.000000 0.000000 -0.000000
vn 0.000000 -1.000000 -0.000000
vn 1.000000 0.000000 -0.000000
vn 0.000000 0.000000 -1.000000
vn 0.000000 -0.000000 1.000000
vn 0.274721 0.961524 0.000000
vn -0.961524 0.274721 0.000000
vn -0.274721 -0.961524 -0.000000
vn 0.961524 -0.274721 -0.000000
f 104//1 106//1 105//1
f 104//2 107//2 106//2
f 103//3 107//3 104//3
f 103//4 108//4 107//4
f 102//5 108//5 103//5
f 102//6 109//6 108//6
f 101//7 109//7 102//7
f 101//8 110//8 109//8
f 100//9 110//9 101//9
f 100//10 111//10 110//10
f 99//11 111//11 100//11
f 99//12 112//12 111//12
f 98//13 112//13 99//13
f 98//14 113//14 112//14
f 97//15 113//15 98//15
f 97//16 114//16 113//16
f 96//17 127//17 97//17
f 127//18 126//18 97//18
f 126//19 125//19 97//19
f 125//20 114//20 97//20
f 125//21 124//21 114//21
f 124//22 115//22 114//22
f 124//23 116//23 115//23
f 124//24 117//24 116//24
f 124//25 118//25 117//25
f 124//26 119//26 118//26
f 124//27 120//27 119//27
f 124//28 121//28 120//28
f 124//29 122//29 121//29
f 124//30 123//30 122//30
f 96//31 128//31 127//31
f 96//32 129//32 128//32
f 140//33 142//33 141//33
f 139//34 142//34 140//34
f 139//35 143//35 142//35
f 138//36 143//36 139//36
f 138//37 144//37 143//37
f 137//38 144//38 138//38
f 137//39 145//39 144//39
f 96//40 130//40 129//40
f 96//41 131//41 130//41
f 136//42 145//42 137//42
f 96//43 132//43 131//43
f 136//44 146//44 145//44
f 135//45 146//45 136//45
f 96//46 133//46 132//46
f 134//47 146//47 135//47
f 96//48 134//48 133//48
f 96//49 77//49 134//49
f 77//50 146//50 134//50
f 77//51 76//51 146//51
f 76//52 147//52 146//52
f 76//53 75//53 147//53
f 75//54 148//54 147//54
f 74//55 148//55 75//55
f 73//56 148//56 74//56
f 73//57 1//57 148//57
f 96//58 78//58 77//58
f 72//59 1//59 73//59
f 96//60 79//60 78//60
f 71//61 1//61 72//61
f 96//62 80//62 79//62
f 70//63 1//63 71//63
f 96//64 81//64 80//64
f 69//65 1//65 70//65
f 69//66 2//66 1//66
f 96//67 82//67 81//67
f 68//68 2//68 69//68
f 96//69 83//69 82//69
f 67//70 2//70 68//70
f 95//71 83//71 96//71
f 67//72 3//72 2//72
f 95//73 84//73 83//73
f 94//74 84//74 95//74
f 93//75 84//75 94//75
f 93//76 85//76 84//76
f 92//77 85//77 93//77
f 91//78 85//78 92//78
f 91//79 86//79 85//79
f 90//80 86//80 91//80
f 89//81 86//81 90//81
f 89//82 87//82 86//82
f 88//83 87//83 89//83
f 66//84 3//84 67//84
f 66//85 4//85 3//85
f 65//86 4//86 66//86
f 64//87 4//87 65//87
f 64//88 5//88 4//88
f 63//89 5//89 64//89
f 62//90 5//90 63//90
f 62//91 6//91 5//91
f 61//92 6//92 62//92
f 61//93 7//93 6//93
f 60//94 7//94 61//94
f 33//95 35//95 34//95
f 33//96 36//96 35//96
f 32//97 36//97 33//97
f 32//98 37//98 36//98
f 31//99 37//99 32//99
f 31//100 38//100 37//100
f 30//101 38//101 31//101
f 30//102 39//102 38//102
f 29//103 39//103 30//103
f 29//104 40//104 39//104
f 59//105 7//105 60//105
f 28//106 40//106 29//106
f 28//107 41//107 40//107
f 59//108 8//108 7//108
f 28//109 42//109 41//109
f 28//110 43//110 42//110
f 58//111 8//111 59//111
f 27//112 43//112 28//112
f 27//113 44//113 43//113
f 58//114 9//114 8//114
f 26//115 44//115 27//115
f 57//116 9//116 58//116
f 26//117 45//117 44//117
f 25//118 45//118 26//118
f 56//119 9//119 57//119
f 25//120 46//120 45//120
f 56//121 10//121 9//121
f 24//122 46//122 25//122
f 55//123 10//123 56//123
f 24//124 47//124 46//124
f 54//125 10//125 55//125
f 24//126 48//126 47//126
f 53//127 10//127 54//127
f 24//128 49//128 48//128
f 53//129 11//129 10//129
f 23//130 49//130 24//130
f 52//131 11//131 53//131
f 23//132 50//132 49//132
f 51//133 11//133 52//133
f 23//134 51//134 50//134
f 23//135 11//135 51//135
f 23//136 12//136 11//136
f 22//137 12//137 23//137
f 22//138 13//138 12//138
f 21//139 13//139 22//139
f 21//140 14//140 13//140
f 20//141 14//141 21//141
f 20//142 15//142 14//142
f 19//143 15//143 20//143
f 19//144 16//144 15//144
f 18//145 16//145 19//145
f 18//146 17//146 16//146
f 252//147 253//147 254//147
f 252//148 254//148 255//148
f 251//149 252//149 255//149
f 251//150 255//150 256//150
f 250//151 251//151 256//151
f 250//152 256//152 257//152
f 249//153 250//153 257//153
f 249//154 257//154 258//154
f 248//155 249//155 258//155
f 248//156 258//156 259//156
f 247//157 248//157 259//157
f 247//158 259//158 260//158
f 246//159 247//159 260//159
f 246//160 260//160 261//160
f 245//161 246//161 261//161
f 245//162 261//162 262//162
f 244//163 245//163 275//163
f 275//164 245//164 274//164
f 274//165 245//165 273//165
f 273//166 245//166 262//166
f 273//167 262//167 272//167
f 272//168 262//168 263//168
f 272//169 263//169 264//169
f 272//170 264//170 265//170
f 272//171 265//171 266//171
f 272//172 266//172 267//172
f 272//173 267//173 268//173
f 272//174 268//174 269//174
f 272//175 269//175 270//175
f 272//176 270//176 271//176
f 244//177 275//177 276//177
f 244//178 276//178 277//178
f 288//179 289//179 290//179
f 287//180 288//180 290//180
f 287//181 290//181 291//181
f 286//182 287//182 291//182
f 286//183 291//183 292//183
f 285//184 286//184 292//184
f 285//185 292//185 293//185
f 244//186 277//186 278//186
f 244//187 278//187 279//187
f 284//188 285//188 293//188
f 244//189 279//189 280//189
f 284//190 293//190 294//190
f 283//191 284//191 294//191
f 244//192 280//192 281//192
f 282//193 283//193 294//193
f 244//194 281//194 282//194
f 244//195 282//195 225//195
f 225//196 282//196 294//196
f 225//197 294//197 224//197
f 224//198 294//198 295//198
f 224//199 295//199 223//199
f 223//200 295//200 296//200
f 222//201 223//201 296//201
f 221//202 222//202 296//202
f 221//203 296//203 149//203
f 244//204 225//204 226//204
f 220//205 221//205 149//205
f 244//206 226//206 227//206
f 219//207 220//207 149//207
f 244//208 227//208 228//208
f 218//209 219//209 149//209
f 244//210 228//210 229//210
f 217//211 218//211 149//211
f 217//212 149//212 150//212
f 244//213 229//213 230//213
f 216//214 217//214 150//214
f 244//215 230//215 231//215
f 215//216 216//216 150//216
f 243//217 244//217 231//217
f 215//218 150//218 151//218
f 243//219 231//219 232//219
f 242//220 243//220 232//220
f 241//221 242//221 232//221
f 241//222 232//222 233//222
f 240//223 241//223 233//223
f 239//224 240//224 233//224
f 239//225 233//225 234//225
f 238//226 239//226 234//226
f 237//227 238//227 234//227
f 237//228 234//228 235//228
f 236//229 237//229 235//229
f 214//230 215//230 151//230
f 214//231 151//231 152//231
f 213//232 214//232 152//232
f 212//233 213//233 152//233
f 212//234 152//234 153//234
f 211//235 212//235 153//235
f 210//236 211//236 153//236
f 210//237 153//237 154//237
f 209//238 210//238 154//238
f 209//239 154//239 155//239
f 208//240 209//240 155//240
f 181//241 182//241 183//241
f 181//242 183//242 184//242
f 180//243 181//243 184//243
f 180//244 184//244 185//244
f 179//245 180//245 185//245
f 179//246 185//246 186//246
f 178//247 179//247 186//247
f 178//248 186//248 187//248
f 177//249 178//249 187//249
f 177//250 187//250 188//250
f 207//251 208//251 155//251
f 176//252 177//252 188//252
f 176//253 188//253 189//253
f 207//254 155//254 156//254
f 176//255 189//255 190//255
f 176//256 190//256 191//256
f 206//257 207//257 156//257
f 175//258 176//258 191//258
f 175//259 191//259 192//259
f 206//260 156//260 157//260
f 174//261 175//261 192//261
f 205//262 206//262 157//262
f 174//263 192//263 193//263
f 173//264 174//264 193//264
f 204//265 205//265 157//265
f 173//266 193//266 194//266
f 204//267 157//267 158//267
f 172//268 173//268 194//268
f 203//269 204//269 158//269
f 172//270 194//270 195//270
f 202//271 203//271 158//271
f 172//272 195//272 196//272
f 201//273 202//273 158//273
f 172//274 196//274 197//274
f 201//275 158//275 159//275
f 171//276 172//276 197//276
f 200//277 201//277 159//277
f 171//278 197//278 198//278
f 199//279 200//279 159//279
f 171//280 198//280 199//280
f 171//281 199//281 159//281
f 171//282 159//282 160//282
f 170//283 171//283 160//283
f 170//284 160//284 161//284
f 169//285 170//285 161//285
f 169//286 161//286 162//286
f 168//287 169//287 162//287
f 168//288 162//288 163//288
f 167//289 168//289 163//289
f 167//290 163//290 164//290
f 166//291 167//291 164//291
f 166//292 164//292 165//292
f 300//293 297//293 298//293
f 302//294 299//294 300//294
f 304//295 301//295 302//295
f 306//296 303//296 304//296
f 308//297 305//297 306//297
f 310//298 307//298 308//298
f 312//299 309//299 310//299
f 314//300 311//300 312//300
f 316//301 313//301 314//301
f 318//302 315//302 316//302
f 320//303 317//303 318//303
f 322//304 319//304 320//304
f 324//305 321//305 322//305
f 326//306 323//306 324//306
f 328//307 325//307 326//307
f 330//308 327//308 328//308
f 332//309 329//309 330//309
f 334//310 331//310 332//310
f 336//311 333//311 334//311
f 338//312 335//312 336//312
f 340//313 337//313 338//313
f 342//314 339//314 340//314
f 344//315 341//315 342//315
f 346//316 343//316 344//316
f 348//317 345//317 346//317
f 350//318 347//318 348//318
f 352//319 349//319 350//319
f 354//320 351//320 352//320
f 356//321 353//321 354//321
f 358//322 355//322 356//322
f 360//323 357//323 358//323
f 362//324 359//324 360//324
f 364//325 361//325 362//325
f 366//326 363//326 364//326
f 368//327 365//327 366//327
f 370//328 367//328 368//328
f 372//329 369//329 370//329
f 374//330 371//330 372//330
f 376//331 373//331 374//331
f 378//332 375//332 376//332
f 380//333 377//333 378//333
f 382//334 379//334 380//334
f 384//335 381//335 382//335
f 386//336 383//336 384//336
f 388//337 385//337 386//337
f 390//338 387//338 388//338
f 392//339 389//339 390//339
f 394//340 391//340 392//340
f 396//341 393//341 394//341
f 398//342 395//342 396//342
f 400//343 397//343 398//343
f 402//344 399//344 400//344
f 404//345 401//345 402//345
f 406//346 403//346 404//346
f 408//347 405//347 406//347
f 410//348 407//348 408//348
f 412//349 409//349 410//349
f 414//350 411//350 412//350
f 416//351 413//351 414//351
f 418//352 415//352 416//352
f 420//353 417//353 418//353
f 422//354 419//354 420//354
f 424//355 421//355 422//355
f 426//356 423//356 424//356
f 428//357 425//357 426//357
f 430//358 427//358 428//358
f 432//359 429//359 430//359
f 434//360 431//360 432//360
f 436//361 433//361 434//361
f 438//362 435//362 436//362
f 440//363 437//363 438//363
f 442//364 439//364 440//364
f 444//365 441//365 442//365
f 446//366 443//366 444//366
f 448//367 445//367 446//367
f 450//368 447//368 448//368
f 452//369 449//369 450//369
f 454//370 451//370 452//370
f 456//371 453//371 454//371
f 458//372 455//372 456//372
f 460//373 457//373 458//373
f 462//374 459//374 460//374
f 464//375 461//375 462//375
f 466//376 463//376 464//376
f 468//377 465//377 466//377
f 470//378 467//378 468//378
f 472//379 469//379 470//379
f 474//380 471//380 472//380
f 476//381 473//381 474//381
f 478//382 475//382 476//382
f 480//383 477//383 478//383
f 482//384 479//384 480//384
f 484//385 481//385 482//385
f 486//386 483//386 484//386
f 488//387 485//387 486//387
f 490//388 487//388 488//388
f 492//389 489//389 490//389
f 494//390 491//390 492//390
f 496//391 493//391 494//391
f 498//392 495//392 496//392
f 500//393 497//393 498//393
f 502//394 499//394 500//394
f 504//395 501//395 502//395
f 506//396 503//396 504//396
f 508//397 505//397 506//397
f 510//398 507//398 508//398
f 512//399 509//399 510//399
f 514//400 511//400 512//400
f 516//401 513//401 514//401
f 518//402 515//402 516//402
f 520//403 517//403 518//403
f 522//404 519//404 520//404
f 524//405 521//405 522//405
f 526//406 523//406 524//406
f 528//407 525//407 526//407
f 530//408 527//408 528//408
f 532//409 529//409 530//409
f 534//410 531//410 532//410
f 536//411 533//411 534//411
f 538//412 535//412 536//412
f 540//413 537//413 538//413
f 542//414 539//414 540//414
f 544//415 541//415 542//415
f 546//416 543//416 544//416
f 548//417 545//417 546//417
f 550//418 547//418 548//418
f 552//419 549//419 550//419
f 554//420 551//420 552//420
f 556//421 553//421 554//421
f 558//422 555//422 556//422
f 560//423 557//423 558//423
f 562//424 559//424 560//424
f 564//425 561//425 562//425
f 566//426 563//426 564//426
f 568//427 565//427 566//427
f 570//428 567//428 568//428
f 572//429 569//429 570//429
f 574//430 571//430 572//430
f 576//431 573//431 574//431
f 578//432 575//432 576//432
f 580//433 577//433 578//433
f 582//434 579//434 580//434
f 584//435 581//435 582//435
f 586//436 583//436 584//436
f 588//437 585//437 586//437
f 590//438 587//438 588//438
f 592//439 589//439 590//439
f 298//440 591//440 592//440
f 655//441 593//441 656//441
f 655//442 594//442 593//442
f 654//443 594//443 655//443
f 654//444 595//444 594//444
f 653//445 595//445 654//445
f 653//446 596//446 595//446
f 652//447 596//447 653//447
f 652//448 597//448 596//448
f 651//449 597//449 652//449
f 651//450 598//450 597//450
f 651//451 599//451 598//451
f 650//452 599//452 651//452
f 650//453 600//453 599//453
f 649//454 600//454 650//454
f 649//455 601//455 600//455
f 648//456 601//456 649//456
f 647//457 601//457 648//457
f 647//458 602//458 601//458
f 646//459 602//459 647//459
f 646//460 603//460 602//460
f 645//461 603//461 646//461
f 645//462 604//462 603//462
f 644//463 604//463 645//463
f 644//464 605//464 604//464
f 643//465 605//465 644//465
f 643//466 606//466 605//466
f 642//467 606//467 643//467
f 642//468 607//468 606//468
f 641//469 607//469 642//469
f 641//470 608//470 607//470
f 640//471 608//471 641//471
f 640//472 609//472 608//472
f 639//473 609//473 640//473
f 639//474 610//474 609//474
f 638//475 610//475 639//475
f 637//476 611//476 638//476
f 611//477 610//477 638//477
f 637//478 612//478 611//478
f 636//479 612//479 637//479
f 636//480 613//480 612//480
f 635//481 613//481 636//481
f 635//482 614//482 613//482
f 634//483 614//483 635//483
f 634//484 615//484 614//484
f 633//485 615//485 634//485
f 633//486 616//486 615//486
f 632//487 616//487 633//487
f 632//488 617//488 616//488
f 631//489 617//489 632//489
f 631//490 618//490 617//490
f 630//491 618//491 631//491
f 630//492 619//492 618//492
f 629//493 619//493 630//493
f 629//494 620//494 619//494
f 628//495 620//495 629//495
f 628//496 621//496 620//496
f 627//497 621//497 628//497
f 627//498 622//498 621//498
f 626//499 622//499 627//499
f 626//500 623//500 622//500
f 625//501 623//501 626//501
f 625//502 624//502 623//502
f 723//503 725//503 724//503
f 723//504 726//504 725//504
f 664//505 666//505 665//505
f 664//506 667//506 666//506
f 722//507 726//507 723//507
f 663//508 667//508 664//508
f 663//509 668//509 667//509
f 722//510 727//510 726//510
f 721//511 727//511 722//511
f 662//512 668//512 663//512
f 662//513 669//513 668//513
f 720//514 727//514 721//514
f 661//515 669//515 662//515
f 661//516 670//516 669//516
f 720//517 728//517 727//517
f 719//518 728//518 720//518
f 660//519 670//519 661//519
f 660//520 671//520 670//520
f 719//521 729//521 728//521
f 660//522 672//522 671//522
f 718//523 729//523 719//523
f 659//524 672//524 660//524
f 659//525 673//525 672//525
f 717//526 729//526 718//526
f 658//527 673//527 659//527
f 717//528 730//528 729//528
f 658//529 674//529 673//529
f 716//530 730//530 717//530
f 657//531 674//531 658//531
f 715//532 696//532 716//532
f 696//533 695//533 716//533
f 695//534 694//534 716//534
f 694//535 693//535 716//535
f 693//536 692//536 716//536
f 692//537 691//537 716//537
f 691//538 690//538 716//538
f 690//539 730//539 716//539
f 738//540 674//540 657//540
f 738//541 675//541 674//541
f 689//542 730//542 690//542
f 688//543 730//543 689//543
f 715//544 697//544 696//544
f 715//545 698//545 697//545
f 737//546 675//546 738//546
f 736//547 675//547 737//547
f 688//548 731//548 730//548
f 735//549 675//549 736//549
f 688//550 732//550 731//550
f 734//551 675//551 735//551
f 688//552 733//552 732//552
f 733//553 675//553 734//553
f 688//554 675//554 733//554
f 714//555 698//555 715//555
f 714//556 699//556 698//556
f 688//557 676//557 675//557
f 713//558 699//558 714//558
f 713//559 700//559 699//559
f 688//560 677//560 676//560
f 687//561 677//561 688//561
f 712//562 700//562 713//562
f 712//563 701//563 700//563
f 687//564 678//564 677//564
f 711//565 701//565 712//565
f 711//566 702//566 701//566
f 687//567 679//567 678//567
f 686//568 679//568 687//568
f 710//569 702//569 711//569
f 710//570 703//570 702//570
f 686//571 680//571 679//571
f 685//572 680//572 686//572
f 709//573 703//573 710//573
f 709//574 704//574 703//574
f 685//575 681//575 680//575
f 708//576 704//576 709//576
f 708//577 705//577 704//577
f 685//578 682//578 681//578
f 684//579 682//579 685//579
f 707//580 705//580 708//580
f 707//581 706//581 705//581
f 684//582 683//582 682//582
f 771//583 773//583 772//583
f 771//584 774//584 773//584
f 770//585 774//585 771//585
f 770//586 775//586 774//586
f 769//587 775//587 770//587
f 769//588 776//588 775//588
f 768//589 776//589 769//589
f 768//590 777//590 776//590
f 767//591 804//591 768//591
f 804//592 803//592 768//592
f 803//593 777//593 768//593
f 803//594 802//594 777//594
f 802//595 801//595 777//595
f 801//596 800//596 777//596
f 800//597 799//597 777//597
f 799//598 798//598 777//598
f 798//599 778//599 777//599
f 767//600 805//600 804//600
f 797//601 778//601 798//601
f 767//602 787//602 805//602
f 796//603 778//603 797//603
f 767//604 788//604 787//604
f 795//605 778//605 796//605
f 767//606 789//606 788//606
f 794//607 778//607 795//607
f 767//608 790//608 789//608
f 793//609 778//609 794//609
f 767//610 791//610 790//610
f 792//611 778//611 793//611
f 767//612 751//612 791//612
f 751//613 750//613 791//613
f 750//614 792//614 791//614
f 750//615 749//615 792//615
f 749//616 748//616 792//616
f 748//617 747//617 792//617
f 747//618 746//618 792//618
f 746//619 778//619 792//619
f 767//620 752//620 751//620
f 745//621 778//621 746//621
f 767//622 753//622 752//622
f 744//623 778//623 745//623
f 767//624 754//624 753//624
f 743//625 778//625 744//625
f 766//626 754//626 767//626
f 743//627 779//627 778//627
f 743//628 780//628 779//628
f 743//629 781//629 780//629
f 765//630 754//630 766//630
f 743//631 782//631 781//631
f 765//632 755//632 754//632
f 742//633 782//633 743//633
f 742//634 783//634 782//634
f 764//635 755//635 765//635
f 764//636 756//636 755//636
f 741//637 783//637 742//637
f 763//638 756//638 764//638
f 741//639 784//639 783//639
f 762//640 756//640 763//640
f 762//641 757//641 756//641
f 740//642 784//642 741//642
f 740//643 785//643 784//643
f 761//644 757//644 762//644
f 760//645 757//645 761//645
f 760//646 758//646 757//646
f 739//647 785//647 740//647
f 739//648 786//648 785//648
f 759//649 758//649 760//649
f 872//650 874//650 873//650
f 872//651 875//651 874//651
f 813//652 815//652 814//652
f 813//653 816//653 815//653
f 871//654 875//654 872//654
f 812//655 816//655 813//655
f 812//656 817//656 816//656
f 871//657 876//657 875//657
f 870//658 876//658 871//658
f 811//659 817//659 812//659
f 811//660 818//660 817//660
f 869//661 876//661 870//661
f 810//662 818//662 811//662
f 810//663 819//663 818//663
f 869//664 877//664 876//664
f 868//665 877//665 869//665
f 809//666 819//666 810//666
f 809//667 820//667 819//667
f 868//668 878//668 877//668
f 809//669 821//669 820//669
f 867//670 878//670 868//670
f 808//671 821//671 809//671
f 808//672 822//672 821//672
f 866//673 878//673 867//673
f 807//674 822//674 808//674
f 866//675 879//675 878//675
f 807//676 823//676 822//676
f 865//677 879//677 866//677
f 806//678 823//678 807//678
f 864//679 845//679 865//679
f 845//680 844//680 865//680
f 844//681 843//681 865//681
f 843//682 842//682 865//682
f 842//683 841//683 865//683
f 841//684 840//684 865//684
f 840//685 839//685 865//685
f 839//686 879//686 865//686
f 887//687 823//687 806//687
f 887//688 824//688 823//688
f 838//689 879//689 839//689
f 837//690 879//690 838//690
f 864//691 846//691 845//691
f 864//692 847//692 846//692
f 886//693 824//693 887//693
f 885//694 824//694 886//694
f 837//695 880//695 879//695
f 884//696 824//696 885//696
f 837//697 881//697 880//697
f 883//698 824//698 884//698
f 837//699 882//699 881//699
f 882//700 824//700 883//700
f 837//701 824//701 882//701
f 863//702 847//702 864//702
f 863//703 848//703 847//703
f 837//704 825//704 824//704
f 862//705 848//705 863//705
f 862//706 849//706 848//706
f 837//707 826//707 825//707
f 836//708 826//708 837//708
f 861//709 849//709 862//709
f 861//710 850//710 849//710
f 836//711 827//711 826//711
f 860//712 850//712 861//712
f 860//713 851//713 850//713
f 836//714 828//714 827//714
f 835//715 828//715 836//715
f 859//716 851//716 860//716
f 859//717 852//717 851//717
f 835//718 829//718 828//718
f 834//719 829//719 835//719
f 858//720 852//720 859//720
f 858//721 853//721 852//721
f 834//722 830//722 829//722
f 857//723 853//723 858//723
f 857//724 854//724 853//724
f 834//725 831//725 830//725
f 833//726 831//726 834//726
f 856//727 854//727 857//727
f 856//728 855//728 854//728
f 833//729 832//729 831//729
f 969//730 971//730 970//730
f 969//731 972//731 971//731
f 968//732 972//732 969//732
f 968//733 973//733 972//733
f 967//734 973//734 968//734
f 967//735 974//735 973//735
f 966//736 974//736 967//736
f 966//737 975//737 974//737
f 965//738 975//738 966//738
f 965//739 976//739 975//739
f 965//740 977//740 976//740
f 964//741 977//741 965//741
f 964//742 978//742 977//742
f 963//743 978//743 964//743
f 963//744 979//744 978//744
f 962//745 979//745 963//745
f 961//746 900//746 962//746
f 900//747 899//747 962//747
f 899//748 898//748 962//748
f 898//749 979//749 962//749
f 898//750 897//750 979//750
f 897//751 888//751 979//751
f 897//752 889//752 888//752
f 897//753 890//753 889//753
f 897//754 891//754 890//754
f 897//755 892//755 891//755
f 897//756 893//756 892//756
f 897//757 894//757 893//757
f 897//758 895//758 894//758
f 897//759 896//759 895//759
f 961//760 901//760 900//760
f 961//761 902//761 901//761
f 961//762 903//762 902//762
f 961//763 904//763 903//763
f 961//764 905//764 904//764
f 961//765 906//765 905//765
f 961//766 928//766 906//766
f 928//767 927//767 906//767
f 927//768 926//768 906//768
f 926//769 907//769 906//769
f 926//770 908//770 907//770
f 926//771 909//771 908//771
f 926//772 910//772 909//772
f 926//773 911//773 910//773
f 926//774 912//774 911//774
f 926//775 913//775 912//775
f 926//776 914//776 913//776
f 926//777 915//777 914//777
f 926//778 925//778 915//778
f 925//779 916//779 915//779
f 925//780 917//780 916//780
f 925//781 918//781 917//781
f 925//782 919//782 918//782
f 925//783 920//783 919//783
f 925//784 921//784 920//784
f 925//785 922//785 921//785
f 925//786 923//786 922//786
f 925//787 924//787 923//787
f 961//788 929//788 928//788
f 961//789 930//789 929//789
f 961//790 931//790 930//790
f 961//791 932//791 931//791
f 961//792 933//792 932//792
f 961//793 934//793 933//793
f 961//794 935//794 934//794
f 961//795 936//795 935//795
f 961//796 937//796 936//796
f 961//797 938//797 937//797
f 961//798 939//798 938//798
f 961//799 940//799 939//799
f 961//800 941//800 940//800
f 961//801 942//801 941//801
f 961//802 943//802 942//802
f 961//803 944//803 943//803
f 960//804 944//804 961//804
f 960//805 945//805 944//805
f 959//806 945//806 960//806
f 959//807 946//807 945//807
f 958//808 946//808 959//808
f 958//809 947//809 946//809
f 957//810 947//810 958//810
f 957//811 948//811 947//811
f 956//812 948//812 957//812
f 956//813 949//813 948//813
f 955//814 949//814 956//814
f 955//815 950//815 949//815
f 954//816 950//816 955//816
f 954//817 951//817 950//817
f 953//818 951//818 954//818
f 953//819 952//819 951//819
f 1042//820 980//820 1043//820
f 1042//821 981//821 980//821
f 1041//822 981//822 1042//822
f 1041//823 982//823 981//823
f 1040//824 982//824 1041//824
f 1040//825 983//825 982//825
f 1039//826 983//826 1040//826
f 1039//827 984//827 983//827
f 1038//828 984//828 1039//828
f 1038//829 985//829 984//829
f 1038//830 986//830 985//830
f 1037//831 986//831 1038//831
f 1037//832 987//832 986//832
f 1036//833 987//833 1037//833
f 1036//834 988//834 987//834
f 1035//835 988//835 1036//835
f 1034//836 988//836 1035//836
f 1034//837 989//837 988//837
f 1033//838 989//838 1034//838
f 1033//839 990//839 989//839
f 1032//840 990//840 1033//840
f 1032//841 991//841 990//841
f 1031//842 991//842 1032//842
f 1031//843 992//843 991//843
f 1030//844 992//844 1031//844
f 1030//845 993//845 992//845
f 1029//846 993//846 1030//846
f 1029//847 994//847 993//847
f 1028//848 994//848 1029//848
f 1028//849 995//849 994//849
f 1027//850 995//850 1028//850
f 1027//851 996//851 995//851
f 1026//852 996//852 1027//852
f 1026//853 997//853 996//853
f 1025//854 997//854 1026//854
f 1024//855 998//855 1025//855
f 998//856 997//856 1025//856
f 1024//857 999//857 998//857
f 1023//858 999//858 1024//858
f 1023//859 1000//859 999//859
f 1022//860 1000//860 1023//860
f 1022//861 1001//861 1000//861
f 1021//862 1001//862 1022//862
f 1021//863 1002//863 1001//863
f 1020//864 1002//864 1021//864
f 1020//865 1003//865 1002//865
f 1019//866 1003//866 1020//866
f 1019//867 1004//867 1003//867
f 1018//868 1004//868 1019//868
f 1018//869 1005//869 1004//869
f 1017//870 1005//870 1018//870
f 1017//871 1006//871 1005//871
f 1016//872 1006//872 1017//872
f 1016//873 1007//873 1006//873
f 1015//874 1007//874 1016//874
f 1015//875 1008//875 1007//875
f 1014//876 1008//876 1015//876
f 1014//877 1009//877 1008//877
f 1013//878 1009//878 1014//878
f 1013//879 1010//879 1009//879
f 1012//880 1010//880 1013//880
f 1012//881 1011//881 1010//881
f 1064//882 1066//882 1065//882
f 1064//883 1067//883 1066//883
f 1099//884 1101//884 1100//884
f 1099//885 1102//885 1101//885
f 1063//886 1067//886 1064//886
f 1063//887 1068//887 1067//887
f 1098//888 1102//888 1099//888
f 1098//889 1103//889 1102//889
f 1062//890 1068//890 1063//890
f 1062//891 1069//891 1068//891
f 1097//892 1103//892 1098//892
f 1097//893 1104//893 1103//893
f 1061//894 1069//894 1062//894
f 1061//895 1070//895 1069//895
f 1096//896 1104//896 1097//896
f 1096//897 1105//897 1104//897
f 1060//898 1070//898 1061//898
f 1060//899 1071//899 1070//899
f 1095//900 1105//900 1096//900
f 1095//901 1106//901 1105//901
f 1060//902 1072//902 1071//902
f 1095//903 1107//903 1106//903
f 1059//904 1072//904 1060//904
f 1094//905 1107//905 1095//905
f 1059//906 1073//906 1072//906
f 1094//907 1108//907 1107//907
f 1058//908 1073//908 1059//908
f 1093//909 1108//909 1094//909
f 1058//910 1074//910 1073//910
f 1093//911 1109//911 1108//911
f 1057//912 1074//912 1058//912
f 1092//913 1109//913 1093//913
f 1056//914 1074//914 1057//914
f 1056//915 1075//915 1074//915
f 1091//916 1109//916 1092//916
f 1091//917 1110//917 1109//917
f 1055//918 1075//918 1056//918
f 1091//919 1111//919 1110//919
f 1055//920 1076//920 1075//920
f 1090//921 1111//921 1091//921
f 1055//922 1077//922 1076//922
f 1089//923 1111//923 1090//923
f 1054//924 1077//924 1055//924
f 1089//925 1112//925 1111//925
f 1054//926 1078//926 1077//926
f 1088//927 1112//927 1089//927
f 1053//928 1078//928 1054//928
f 1088//929 1113//929 1112//929
f 1053//930 1079//930 1078//930
f 1087//931 1113//931 1088//931
f 1052//932 1079//932 1053//932
f 1087//933 1114//933 1113//933
f 1052//934 1080//934 1079//934
f 1086//935 1114//935 1087//935
f 1052//936 1081//936 1080//936
f 1085//937 1114//937 1086//937
f 1051//938 1081//938 1052//938
f 1085//939 1115//939 1114//939
f 1051//940 1082//940 1081//940
f 1084//941 1115//941 1085//941
f 1051//942 1083//942 1082//942
f 1083//943 1115//943 1084//943
f 1051//944 1115//944 1083//944
f 1050//945 1115//945 1051//945
f 1050//946 1116//946 1115//946
f 1049//947 1116//947 1050//947
f 1049//948 1117//948 1116//948
f 1048//949 1117//949 1049//949
f 1048//950 1118//950 1117//950
f 1047//951 1118//951 1048//951
f 1047//952 1119//952 1118//952
f 1046//953 1119//953 1047//953
f 1046//954 1120//954 1119//954
f 1046//955 1121//955 1120//955
f 1045//956 1121//956 1046//956
f 1045//957 1044//957 1121//957
f 1203//958 1205//958 1204//958
f 1203//959 1206//959 1205//959
f 1202//960 1206//960 1203//960
f 1202//961 1207//961 1206//961
f 1201//962 1207//962 1202//962
f 1201//963 1208//963 1207//963
f 1200//964 1208//964 1201//964
f 1200//965 1209//965 1208//965
f 1199//966 1209//966 1200//966
f 1199//967 1210//967 1209//967
f 1199//968 1211//968 1210//968
f 1198//969 1211//969 1199//969
f 1198//970 1212//970 1211//970
f 1197//971 1212//971 1198//971
f 1197//972 1213//972 1212//972
f 1196//973 1213//973 1197//973
f 1195//974 1134//974 1196//974
f 1134//975 1133//975 1196//975
f 1133//976 1132//976 1196//976
f 1132//977 1213//977 1196//977
f 1132//978 1131//978 1213//978
f 1131//979 1122//979 1213//979
f 1131//980 1123//980 1122//980
f 1131//981 1124//981 1123//981
f 1131//982 1125//982 1124//982
f 1131//983 1126//983 1125//983
f 1131//984 1127//984 1126//984
f 1131//985 1128//985 1127//985
f 1131//986 1129//986 1128//986
f 1131//987 1130//987 1129//987
f 1195//988 1135//988 1134//988
f 1195//989 1136//989 1135//989
f 1195//990 1137//990 1136//990
f 1195//991 1138//991 1137//991
f 1195//992 1139//992 1138//992
f 1195//993 1140//993 1139//993
f 1195//994 1162//994 1140//994
f 1162//995 1161//995 1140//995
f 1161//996 1160//996 1140//996
f 1160//997 1141//997 1140//997
f 1160//998 1142//998 1141//998
f 1160//999 1143//999 1142//999
f 1160//1000 1144//1000 1143//1000
f 1160//1001 1145//1001 1144//1001
f 1160//1002 1146//1002 1145//1002
f 1160//1003 1147//1003 1146//1003
f 1160//1004 1148//1004 1147//1004
f 1160//1005 1149//1005 1148//1005
f 1160//1006 1159//1006 1149//1006
f 1159//1007 1150//1007 1149//1007
f 1159//1008 1151//1008 1150//1008
f 1159//1009 1152//1009 1151//1009
f 1159//1010 1153//1010 1152//1010
f 1159//1011 1154//1011 1153//1011
f 1159//1012 1155//1012 1154//1012
f 1159//1013 1156//1013 1155//1013
f 1159//1014 1157//1014 1156//1014
f 1159//1015 1158//1015 1157//1015
f 1195//1016 1163//1016 1162//1016
f 1195//1017 1164//1017 1163//1017
f 1195//1018 1165//1018 1164//1018
f 1195//1019 1166//1019 1165//1019
f 1195//1020 1167//1020 1166//1020
f 1195//1021 1168//1021 1167//1021
f 1195//1022 1169//1022 1168//1022
f 1195//1023 1170//1023 1169//1023
f 1195//1024 1171//1024 1170//1024
f 1195//1025 1172//1025 1171//1025
f 1195//1026 1173//1026 1172//1026
f 1195//1027 1174//1027 1173//1027
f 1195//1028 1175//1028 1174//1028
f 1195//1029 1176//1029 1175//1029
f 1195//1030 1177//1030 1176//1030
f 1195//1031 1178//1031 1177//1031
f 1194//1032 1178//1032 1195//1032
f 1194//1033 1179//1033 1178//1033
f 1193//1034 1179//1034 1194//1034
f 1193//1035 1180//1035 1179//1035
f 1192//1036 1180//1036 1193//1036
f 1192//1037 1181//1037 1180//1037
f 1191//1038 1181//1038 1192//1038
f 1191//1039 1182//1039 1181//1039
f 1190//1040 1182//1040 1191//1040
f 1190//1041 1183//1041 1182//1041
f 1189//1042 1183//1042 1190//1042
f 1189//1043 1184//1043 1183//1043
f 1188//1044 1184//1044 1189//1044
f 1188//1045 1185//1045 1184//1045
f 1187//1046 1185//1046 1188//1046
f 1187//1047 1186//1047 1185//1047
f 1230//1048 1232//1048 1231//1048
f 1230//1049 1233//1049 1232//1049
f 1229//1050 1233//1050 1230//1050
f 1229//1051 1234//1051 1233//1051
f 1228//1052 1234//1052 1229//1052
f 1228//1053 1235//1053 1234//1053
f 1227//1054 1235//1054 1228//1054
f 1227//1055 1236//1055 1235//1055
f 1226//1056 1236//1056 1227//1056
f 1226//1057 1237//1057 1236//1057
f 1226//1058 1238//1058 1237//1058
f 1225//1059 1238//1059 1226//1059
f 1225//1060 1239//1060 1238//1060
f 1224//1061 1239//1061 1225//1061
f 1224//1062 1240//1062 1239//1062
f 1223//1063 1240//1063 1224//1063
f 1222//1064 1240//1064 1223//1064
f 1222//1065 1241//1065 1240//1065
f 1221//1066 1241//1066 1222//1066
f 1221//1067 1242//1067 1241//1067
f 1220//1068 1242//1068 1221//1068
f 1220//1069 1243//1069 1242//1069
f 1219//1070 1243//1070 1220//1070
f 1219//1071 1244//1071 1243//1071
f 1218//1072 1244//1072 1219//1072
f 1218//1073 1245//1073 1244//1073
f 1217//1074 1245//1074 1218//1074
f 1217//1075 1246//1075 1245//1075
f 1216//1076 1246//1076 1217//1076
f 1216//1077 1247//1077 1246//1077
f 1215//1078 1247//1078 1216//1078
f 1215//1079 1248//1079 1247//1079
f 1214//1080 1248//1080 1215//1080
f 1214//1081 1249//1081 1248//1081
f 1266//1082 1268//1082 1267//1082
f 1266//1083 1269//1083 1268//1083
f 1265//1084 1269//1084 1266//1084
f 1265//1085 1270//1085 1269//1085
f 1264//1086 1270//1086 1265//1086
f 1264//1087 1271//1087 1270//1087
f 1263//1088 1271//1088 1264//1088
f 1263//1089 1272//1089 1271//1089
f 1262//1090 1272//1090 1263//1090
f 1262//1091 1273//1091 1272//1091
f 1262//1092 1274//1092 1273//1092
f 1261//1093 1274//1093 1262//1093
f 1261//1094 1275//1094 1274//1094
f 1260//1095 1275//1095 1261//1095
f 1260//1096 1276//1096 1275//1096
f 1259//1097 1276//1097 1260//1097
f 1258//1098 1276//1098 1259//1098
f 1258//1099 1277//1099 1276//1099
f 1258//1100 1278//1100 1277//1100
f 1258//1101 1279//1101 1278//1101
f 1258//1102 1280//1102 1279//1102
f 1258//1103 1281//1103 1280//1103
f 1258//1104 1282//1104 1281//1104
f 1258//1105 1283//1105 1282//1105
f 1258//1106 1284//1106 1283//1106
f 1258//1107 1285//1107 1284//1107
f 1258//1108 1286//1108 1285//1108
f 1258//1109 1287//1109 1286//1109
f 1258//1110 1288//1110 1287//1110
f 1258//1111 1289//1111 1288//1111
f 1258//1112 1290//1112 1289//1112
f 1258//1113 1291//1113 1290//1113
f 1257//1114 1291//1114 1258//1114
f 1257//1115 1292//1115 1291//1115
f 1256//1116 1292//1116 1257//1116
f 1256//1117 1293//1117 1292//1117
f 1255//1118 1293//1118 1256//1118
f 1255//1119 1294//1119 1293//1119
f 1254//1120 1294//1120 1255//1120
f 1254//1121 1295//1121 1294//1121
f 1253//1122 1295//1122 1254//1122
f 1253//1123 1296//1123 1295//1123
f 1252//1124 1296//1124 1253//1124
f 1252//1125 1297//1125 1296//1125
f 1251//1126 1297//1126 1252//1126
f 1251//1127 1298//1127 1297//1127
f 1250//1128 1298//1128 1251//1128
f 1250//1129 1299//1129 1298//1129
f 1362//1130 1363//1130 1300//1130
f 1362//1131 1300//1131 1301//1131
f 1361//1132 1362//1132 1301//1132
f 1361//1133 1301//1133 1302//1133
f 1360//1134 1361//1134 1302//1134
f 1360//1135 1302//1135 1303//1135
f 1359//1136 1360//1136 1303//1136
f 1359//1137 1303//1137 1304//1137
f 1358//1138 1359//1138 1304//1138
f 1358//1139 1304//1139 1305//1139
f 1358//1140 1305//1140 1306//1140
f 1357//1141 1358//1141 1306//1141
f 1357//1142 1306//1142 1307//1142
f 1356//1143 1357//1143 1307//1143
f 1356//1144 1307//1144 1308//1144
f 1355//1145 1356//1145 1308//1145
f 1354//1146 1355//1146 1308//1146
f 1354//1147 1308//1147 1309//1147
f 1353//1148 1354//1148 1309//1148
f 1353//1149 1309//1149 1310//1149
f 1352//1150 1353//1150 1310//1150
f 1352//1151 1310//1151 1311//1151
f 1351//1152 1352//1152 1311//1152
f 1351//1153 1311//1153 1312//1153
f 1350//1154 1351//1154 1312//1154
f 1350//1155 1312//1155 1313//1155
f 1349//1156 1350//1156 1313//1156
f 1349//1157 1313//1157 1314//1157
f 1348//1158 1349//1158 1314//1158
f 1348//1159 1314//1159 1315//1159
f 1347//1160 1348//1160 1315//1160
f 1347//1161 1315//1161 1316//1161
f 1346//1162 1347//1162 1316//1162
f 1346//1163 1316//1163 1317//1163
f 1345//1164 1346//1164 1317//1164
f 1344//1165 1345//1165 1318//1165
f 1318//1166 1345//1166 1317//1166
f 1344//1167 1318//1167 1319//1167
f 1343//1168 1344//1168 1319//1168
f 1343//1169 1319//1169 1320//1169
f 1342//1170 1343//1170 1320//1170
f 1342//1171 1320//1171 1321//1171
f 1341//1172 1342//1172 1321//1172
f 1341//1173 1321//1173 1322//1173
f 1340//1174 1341//1174 1322//1174
f 1340//1175 1322//1175 1323//1175
f 1339//1176 1340//1176 1323//1176
f 1339//1177 1323//1177 1324//1177
f 1338//1178 1339//1178 1324//1178
f 1338//1179 1324//1179 1325//1179
f 1337//1180 1338//1180 1325//1180
f 1337//1181 1325//1181 1326//1181
f 1336//1182 1337//1182 1326//1182
f 1336//1183 1326//1183 1327//1183
f 1335//1184 1336//1184 1327//1184
f 1335//1185 1327//1185 1328//1185
f 1334//1186 1335//1186 1328//1186
f 1334//1187 1328//1187 1329//1187
f 1333//1188 1334//1188 1329//1188
f 1333//1189 1329//1189 1330//1189
f 1332//1190 1333//1190 1330//1190
f 1332//1191 1330//1191 1331//1191
f 1430//1192 1431//1192 1432//1192
f 1430//1193 1432//1193 1433//1193
f 1371//1194 1372//1194 1373//1194
f 1371//1195 1373//1195 1374//1195
f 1429//1196 1430//1196 1433//1196
f 1370//1197 1371//1197 1374//1197
f 1370//1198 1374//1198 1375//1198
f 1429//1199 1433//1199 1434//1199
f 1428//1200 1429//1200 1434//1200
f 1369//1201 1370//1201 1375//1201
f 1369//1202 1375//1202 1376//1202
f 1427//1203 1428//1203 1434//1203
f 1368//1204 1369//1204 1376//1204
f 1368//1205 1376//1205 1377//1205
f 1427//1206 1434//1206 1435//1206
f 1426//1207 1427//1207 1435//1207
f 1367//1208 1368//1208 1377//1208
f 1367//1209 1377//1209 1378//1209
f 1426//1210 1435//1210 1436//1210
f 1367//1211 1378//1211 1379//1211
f 1425//1212 1426//1212 1436//1212
f 1366//1213 1367//1213 1379//1213
f 1366//1214 1379//1214 1380//1214
f 1424//1215 1425//1215 1436//1215
f 1365//1216 1366//1216 1380//1216
f 1424//1217 1436//1217 1437//1217
f 1365//1218 1380//1218 1381//1218
f 1423//1219 1424//1219 1437//1219
f 1364//1220 1365//1220 1381//1220
f 1422//1221 1423//1221 1403//1221
f 1403//1222 1423//1222 1402//1222
f 1402//1223 1423//1223 1401//1223
f 1401//1224 1423//1224 1400//1224
f 1400//1225 1423//1225 1399//1225
f 1399//1226 1423//1226 1398//1226
f 1398//1227 1423//1227 1397//1227
f 1397//1228 1423//1228 1437//1228
f 1445//1229 1364//1229 1381//1229
f 1445//1230 1381//1230 1382//1230
f 1396//1231 1397//1231 1437//1231
f 1395//1232 1396//1232 1437//1232
f 1422//1233 1403//1233 1404//1233
f 1422//1234 1404//1234 1405//1234
f 1444//1235 1445//1235 1382//1235
f 1443//1236 1444//1236 1382//1236
f 1395//1237 1437//1237 1438//1237
f 1442//1238 1443//1238 1382//1238
f 1395//1239 1438//1239 1439//1239
f 1441//1240 1442//1240 1382//1240
f 1395//1241 1439//1241 1440//1241
f 1440//1242 1441//1242 1382//1242
f 1395//1243 1440//1243 1382//1243
f 1421//1244 1422//1244 1405//1244
f 1421//1245 1405//1245 1406//1245
f 1395//1246 1382//1246 1383//1246
f 1420//1247 1421//1247 1406//1247
f 1420//1248 1406//1248 1407//1248
f 1395//1249 1383//1249 1384//1249
f 1394//1250 1395//1250 1384//1250
f 1419//1251 1420//1251 1407//1251
f 1419//1252 1407//1252 1408//1252
f 1394//1253 1384//1253 1385//1253
f 1418//1254 1419//1254 1408//1254
f 1418//1255 1408//1255 1409//1255
f 1394//1256 1385//1256 1386//1256
f 1393//1257 1394//1257 1386//1257
f 1417//1258 1418//1258 1409//1258
f 1417//1259 1409//1259 1410//1259
f 1393//1260 1386//1260 1387//1260
f 1392//1261 1393//1261 1387//1261
f 1416//1262 1417//1262 1410//1262
f 1416//1263 1410//1263 1411//1263
f 1392//1264 1387//1264 1388//1264
f 1415//1265 1416//1265 1411//1265
f 1415//1266 1411//1266 1412//1266
f 1392//1267 1388//1267 1389//1267
f 1391//1268 1392//1268 1389//1268
f 1414//1269 1415//1269 1412//1269
f 1414//1270 1412//1270 1413//1270
f 1391//1271 1389//1271 1390//1271
f 1478//1272 1479//1272 1480//1272
f 1478//1273 1480//1273 1481//1273
f 1477//1274 1478//1274 1481//1274
f 1477//1275 1481//1275 1482//1275
f 1476//1276 1477//1276 1482//1276
f 1476//1277 1482//1277 1483//1277
f 1475//1278 1476//1278 1483//1278
f 1475//1279 1483//1279 1484//1279
f 1474//1280 1475//1280 1511//1280
f 1511//1281 1475//1281 1510//1281
f 1510//1282 1475//1282 1484//1282
f 1510//1283 1484//1283 1509//1283
f 1509//1284 1484//1284 1508//1284
f 1508//1285 1484//1285 1507//1285
f 1507//1286 1484//1286 1506//1286
f 1506//1287 1484//1287 1505//1287
f 1505//1288 1484//1288 1485//1288
f 1474//1289 1511//1289 1512//1289
f 1504//1290 1505//1290 1485//1290
f 1474//1291 1512//1291 1494//1291
f 1503//1292 1504//1292 1485//1292
f 1474//1293 1494//1293 1495//1293
f 1502//1294 1503//1294 1485//1294
f 1474//1295 1495//1295 1496//1295
f 1501//1296 1502//1296 1485//1296
f 1474//1297 1496//1297 1497//1297
f 1500//1298 1501//1298 1485//1298
f 1474//1299 1497//1299 1498//1299
f 1499//1300 1500//1300 1485//1300
f 1474//1301 1498//1301 1458//1301
f 1458//1302 1498//1302 1457//1302
f 1457//1303 1498//1303 1499//1303
f 1457//1304 1499//1304 1456//1304
f 1456//1305 1499//1305 1455//1305
f 1455//1306 1499//1306 1454//1306
f 1454//1307 1499//1307 1453//1307
f 1453//1308 1499//1308 1485//1308
f 1474//1309 1458//1309 1459//1309
f 1452//1310 1453//1310 1485//1310
f 1474//1311 1459//1311 1460//1311
f 1451//1312 1452//1312 1485//1312
f 1474//1313 1460//1313 1461//1313
f 1450//1314 1451//1314 1485//1314
f 1473//1315 1474//1315 1461//1315
f 1450//1316 1485//1316 1486//1316
f 1450//1317 1486//1317 1487//1317
f 1450//1318 1487//1318 1488//1318
f 1472//1319 1473//1319 1461//1319
f 1450//1320 1488//1320 1489//1320
f 1472//1321 1461//1321 1462//1321
f 1449//1322 1450//1322 1489//1322
f 1449//1323 1489//1323 1490//1323
f 1471//1324 1472//1324 1462//1324
f 1471//1325 1462//1325 1463//1325
f 1448//1326 1449//1326 1490//1326
f 1470//1327 1471//1327 1463//1327
f 1448//1328 1490//1328 1491//1328
f 1469//1329 1470//1329 1463//1329
f 1469//1330 1463//1330 1464//1330
f 1447//1331 1448//1331 1491//1331
f 1447//1332 1491//1332 1492//1332
f 1468//1333 1469//1333 1464//1333
f 1467//1334 1468//1334 1464//1334
f 1467//1335 1464//1335 1465//1335
f 1446//1336 1447//1336 1492//1336
f 1446//1337 1492//1337 1493//1337
f 1466//1338 1467//1338 1465//1338
f 1579//1339 1580//1339 1581//1339
f 1579//1340 1581//1340 1582//1340
f 1520//1341 1521//1341 1522//1341
f 1520//1342 1522//1342 1523//1342
f 1578//1343 1579//1343 1582//1343
f 1519//1344 1520//1344 1523//1344
f 1519//1345 1523//1345 1524//1345
f 1578//1346 1582//1346 1583//1346
f 1577//1347 1578//1347 1583//1347
f 1518//1348 1519//1348 1524//1348
f 1518//1349 1524//1349 1525//1349
f 1576//1350 1577//1350 1583//1350
f 1517//1351 1518//1351 1525//1351
f 1517//1352 1525//1352 1526//1352
f 1576//1353 1583//1353 1584//1353
f 1575//1354 1576//1354 1584//1354
f 1516//1355 1517//1355 1526//1355
f 1516//1356 1526//1356 1527//1356
f 1575//1357 1584//1357 1585//1357
f 1516//1358 1527//1358 1528//1358
f 1574//1359 1575//1359 1585//1359
f 1515//1360 1516//1360 1528//1360
f 1515//1361 1528//1361 1529//1361
f 1573//1362 1574//1362 1585//1362
f 1514//1363 1515//1363 1529//1363
f 1573//1364 1585//1364 1586//1364
f 1514//1365 1529//1365 1530//1365
f 1572//1366 1573//1366 1586//1366
f 1513//1367 1514//1367 1530//1367
f 1571//1368 1572//1368 1552//1368
f 1552//1369 1572//1369 1551//1369
f 1551//1370 1572//1370 1550//1370
f 1550//1371 1572//1371 1549//1371
f 1549//1372 1572//1372 1548//1372
f 1548//1373 1572//1373 1547//1373
f 1547//1374 1572//1374 1546//1374
f 1546//1375 1572//1375 1586//1375
f 1594//1376 1513//1376 1530//1376
f 1594//1377 1530//1377 1531//1377
f 1545//1378 1546//1378 1586//1378
f 1544//1379 1545//1379 1586//1379
f 1571//1380 1552//1380 1553//1380
f 1571//1381 1553//1381 1554//1381
f 1593//1382 1594//1382 1531//1382
f 1592//1383 1593//1383 1531//1383
f 1544//1384 1586//1384 1587//1384
f 1591//1385 1592//1385 1531//1385
f 1544//1386 1587//1386 1588//1386
f 1590//1387 1591//1387 1531//1387
f 1544//1388 1588//1388 1589//1388
f 1589//1389 1590//1389 1531//1389
f 1544//1390 1589//1390 1531//1390
f 1570//1391 1571//1391 1554//1391
f 1570//1392 1554//1392 1555//1392
f 1544//1393 1531//1393 1532//1393
f 1569//1394 1570//1394 1555//1394
f 1569//1395 1555//1395 1556//1395
f 1544//1396 1532//1396 1533//1396
f 1543//1397 1544//1397 1533//1397
f 1568//1398 1569//1398 1556//1398
f 1568//1399 1556//1399 1557//1399
f 1543//1400 1533//1400 1534//1400
f 1567//1401 1568//1401 1557//1401
f 1567//1402 1557//1402 1558//1402
f 1543//1403 1534//1403 1535//1403
f 1542//1404 1543//1404 1535//1404
f 1566//1405 1567//1405 1558//1405
f 1566//1406 1558//1406 1559//1406
f 1542//1407 1535//1407 1536//1407
f 1541//1408 1542//1408 1536//1408
f 1565//1409 1566//1409 1559//1409
f 1565//1410 1559//1410 1560//1410
f 1541//1411 1536//1411 1537//1411
f 1564//1412 1565//1412 1560//1412
f 1564//1413 1560//1413 1561//1413
f 1541//1414 1537//1414 1538//1414
f 1540//1415 1541//1415 1538//1415
f 1563//1416 1564//1416 1561//1416
f 1563//1417 1561//1417 1562//1417
f 1540//1418 1538//1418 1539//1418
f 1676//1419 1677//1419 1678//1419
f 1676//1420 1678//1420 1679//1420
f 1675//1421 1676//1421 1679//1421
f 1675//1422 1679//1422 1680//1422
f 1674//1423 1675//1423 1680//1423
f 1674//1424 1680//1424 1681//1424
f 1673//1425 1674//1425 1681//1425
f 1673//1426 1681//1426 1682//1426
f 1672//1427 1673//1427 1682//1427
f 1672//1428 1682//1428 1683//1428
f 1672//1429 1683//1429 1684//1429
f 1671//1430 1672//1430 1684//1430
f 1671//1431 1684//1431 1685//1431
f 1670//1432 1671//1432 1685//1432
f 1670//1433 1685//1433 1686//1433
f 1669//1434 1670//1434 1686//1434
f 1668//1435 1669//1435 1607//1435
f 1607//1436 1669//1436 1606//1436
f 1606//1437 1669//1437 1605//1437
f 1605//1438 1669//1438 1686//1438
f 1605//1439 1686//1439 1604//1439
f 1604//1440 1686//1440 1595//1440
f 1604//1441 1595//1441 1596//1441
f 1604//1442 1596//1442 1597//1442
f 1604//1443 1597//1443 1598//1443
f 1604//1444 1598//1444 1599//1444
f 1604//1445 1599//1445 1600//1445
f 1604//1446 1600//1446 1601//1446
f 1604//1447 1601//1447 1602//1447
f 1604//1448 1602//1448 1603//1448
f 1668//1449 1607//1449 1608//1449
f 1668//1450 1608//1450 1609//1450
f 1668//1451 1609//1451 1610//1451
f 1668//1452 1610//1452 1611//1452
f 1668//1453 1611//1453 1612//1453
f 1668//1454 1612//1454 1613//1454
f 1668//1455 1613//1455 1635//1455
f 1635//1456 1613//1456 1634//1456
f 1634//1457 1613//1457 1633//1457
f 1633//1458 1613//1458 1614//1458
f 1633//1459 1614//1459 1615//1459
f 1633//1460 1615//1460 1616//1460
f 1633//1461 1616//1461 1617//1461
f 1633//1462 1617//1462 1618//1462
f 1633//1463 1618//1463 1619//1463
f 1633//1464 1619//1464 1620//1464
f 1633//1465 1620//1465 1621//1465
f 1633//1466 1621//1466 1622//1466
f 1633//1467 1622//1467 1632//1467
f 1632//1468 1622//1468 1623//1468
f 1632//1469 1623//1469 1624//1469
f 1632//1470 1624//1470 1625//1470
f 1632//1471 1625//1471 1626//1471
f 1632//1472 1626//1472 1627//1472
f 1632//1473 1627//1473 1628//1473
f 1632//1474 1628//1474 1629//1474
f 1632//1475 1629//1475 1630//1475
f 1632//1476 1630//1476 1631//1476
f 1668//1477 1635//1477 1636//1477
f 1668//1478 1636//1478 1637//1478
f 1668//1479 1637//1479 1638//1479
f 1668//1480 1638//1480 1639//1480
f 1668//1481 1639//1481 1640//1481
f 1668//1482 1640//1482 1641//1482
f 1668//1483 1641//1483 1642//1483
f 1668//1484 1642//1484 1643//1484
f 1668//1485 1643//1485 1644//1485
f 1668//1486 1644//1486 1645//1486
f 1668//1487 1645//1487 1646//1487
f 1668//1488 1646//1488 1647//1488
f 1668//1489 1647//1489 1648//1489
f 1668//1490 1648//1490 1649//1490
f 1668//1491 1649//1491 1650//1491
f 1668//1492 1650//1492 1651//1492
f 1667//1493 1668//1493 1651//1493
f 1667//1494 1651//1494 1652//1494
f 1666//1495 1667//1495 1652//1495
f 1666//1496 1652//1496 1653//1496
f 1665//1497 1666//1497 1653//1497
f 1665//1498 1653//1498 1654//1498
f 1664//1499 1665//1499 1654//1499
f 1664//1500 1654//1500 1655//1500
f 1663//1501 1664//1501 1655//1501
f 1663//1502 1655//1502 1656//1502
f 1662//1503 1663//1503 1656//1503
f 1662//1504 1656//1504 1657//1504
f 1661//1505 1662//1505 1657//1505
f 1661//1506 1657//1506 1658//1506
f 1660//1507 1661//1507 1658//1507
f 1660//1508 1658//1508 1659//1508
f 1749//1509 1750//1509 1687//1509
f 1749//1510 1687//1510 1688//1510
f 1748//1511 1749//1511 1688//1511
f 1748//1512 1688//1512 1689//1512
f 1747//1513 1748//1513 1689//1513
f 1747//1514 1689//1514 1690//1514
f 1746//1515 1747//1515 1690//1515
f 1746//1516 1690//1516 1691//1516
f 1745//1517 1746//1517 1691//1517
f 1745//1518 1691//1518 1692//1518
f 1745//1519 1692//1519 1693//1519
f 1744//1520 1745//1520 1693//1520
f 1744//1521 1693//1521 1694//1521
f 1743//1522 1744//1522 1694//1522
f 1743//1523 1694//1523 1695//1523
f 1742//1524 1743//1524 1695//1524
f 1741//1525 1742//1525 1695//1525
f 1741//1526 1695//1526 1696//1526
f 1740//1527 1741//1527 1696//1527
f 1740//1528 1696//1528 1697//1528
f 1739//1529 1740//1529 1697//1529
f 1739//1530 1697//1530 1698//1530
f 1738//1531 1739//1531 1698//1531
f 1738//1532 1698//1532 1699//1532
f 1737//1533 1738//1533 1699//1533
f 1737//1534 1699//1534 1700//1534
f 1736//1535 1737//1535 1700//1535
f 1736//1536 1700//1536 1701//1536
f 1735//1537 1736//1537 1701//1537
f 1735//1538 1701//1538 1702//1538
f 1734//1539 1735//1539 1702//1539
f 1734//1540 1702//1540 1703//1540
f 1733//1541 1734//1541 1703//1541
f 1733//1542 1703//1542 1704//1542
f 1732//1543 1733//1543 1704//1543
f 1731//1544 1732//1544 1705//1544
f 1705//1545 1732//1545 1704//1545
f 1731//1546 1705//1546 1706//1546
f 1730//1547 1731//1547 1706//1547
f 1730//1548 1706//1548 1707//1548
f 1729//1549 1730//1549 1707//1549
f 1729//1550 1707//1550 1708//1550
f 1728//1551 1729//1551 1708//1551
f 1728//1552 1708//1552 1709//1552
f 1727//1553 1728//1553 1709//1553
f 1727//1554 1709//1554 1710//1554
f 1726//1555 1727//1555 1710//1555
f 1726//1556 1710//1556 1711//1556
f 1725//1557 1726//1557 1711//1557
f 1725//1558 1711//1558 1712//1558
f 1724//1559 1725//1559 1712//1559
f 1724//1560 1712//1560 1713//1560
f 1723//1561 1724//1561 1713//1561
f 1723//1562 1713//1562 1714//1562
f 1722//1563 1723//1563 1714//1563
f 1722//1564 1714//1564 1715//1564
f 1721//1565 1722//1565 1715//1565
f 1721//1566 1715//1566 1716//1566
f 1720//1567 1721//1567 1716//1567
f 1720//1568 1716//1568 1717//1568
f 1719//1569 1720//1569 1717//1569
f 1719//1570 1717//1570 1718//1570
f 1771//1571 1772//1571 1773//1571
f 1771//1572 1773//1572 1774//1572
f 1806//1573 1807//1573 1808//1573
f 1806//1574 1808//1574 1809//1574
f 1770//1575 1771//1575 1774//1575
f 1770//1576 1774//1576 1775//1576
f 1805//1577 1806//1577 1809//1577
f 1805//1578 1809//1578 1810//1578
f 1769//1579 1770//1579 1775//1579
f 1769//1580 1775//1580 1776//1580
f 1804//1581 1805//1581 1810//1581
f 1804//1582 1810//1582 1811//1582
f 1768//1583 1769//1583 1776//1583
f 1768//1584 1776//1584 1777//1584
f 1803//1585 1804//1585 1811//1585
f 1803//1586 1811//1586 1812//1586
f 1767//1587 1768//1587 1777//1587
f 1767//1588 1777//1588 1778//1588
f 1802//1589 1803//1589 1812//1589
f 1802//1590 1812//1590 1813//1590
f 1767//1591 1778//1591 1779//1591
f 1802//1592 1813//1592 1814//1592
f 1766//1593 1767//1593 1779//1593
f 1801//1594 1802//1594 1814//1594
f 1766//1595 1779//1595 1780//1595
f 1801//1596 1814//1596 1815//1596
f 1765//1597 1766//1597 1780//1597
f 1800//1598 1801//1598 1815//1598
f 1765//1599 1780//1599 1781//1599
f 1800//1600 1815//1600 1816//1600
f 1764//1601 1765//1601 1781//1601
f 1799//1602 1800//1602 1816//1602
f 1763//1603 1764//1603 1781//1603
f 1763//1604 1781//1604 1782//1604
f 1798//1605 1799//1605 1816//1605
f 1798//1606 1816//1606 1817//1606
f 1762//1607 1763//1607 1782//1607
f 1798//1608 1817//1608 1818//1608
f 1762//1609 1782//1609 1783//1609
f 1797//1610 1798//1610 1818//1610
f 1762//1611 1783//1611 1784//1611
f 1796//1612 1797//1612 1818//1612
f 1761//1613 1762//1613 1784//1613
f 1796//1614 1818//1614 1819//1614
f 1761//1615 1784//1615 1785//1615
f 1795//1616 1796//1616 1819//1616
f 1760//1617 1761//1617 1785//1617
f 1795//1618 1819//1618 1820//1618
f 1760//1619 1785//1619 1786//1619
f 1794//1620 1795//1620 1820//1620
f 1759//1621 1760//1621 1786//1621
f 1794//1622 1820//1622 1821//1622
f 1759//1623 1786//1623 1787//1623
f 1793//1624 1794//1624 1821//1624
f 1759//1625 1787//1625 1788//1625
f 1792//1626 1793//1626 1821//1626
f 1758//1627 1759//1627 1788//1627
f 1792//1628 1821//1628 1822//1628
f 1758//1629 1788//1629 1789//1629
f 1791//1630 1792//1630 1822//1630
f 1758//1631 1789//1631 1790//1631
f 1790//1632 1791//1632 1822//1632
f 1758//1633 1790//1633 1822//1633
f 1757//1634 1758//1634 1822//1634
f 1757//1635 1822//1635 1823//1635
f 1756//1636 1757//1636 1823//1636
f 1756//1637 1823//1637 1824//1637
f 1755//1638 1756//1638 1824//1638
f 1755//1639 1824//1639 1825//1639
f 1754//1640 1755//1640 1825//1640
f 1754//1641 1825//1641 1826//1641
f 1753//1642 1754//1642 1826//1642
f 1753//1643 1826//1643 1827//1643
f 1753//1644 1827//1644 1828//1644
f 1752//1645 1753//1645 1828//1645
f 1752//1646 1828//1646 1751//1646
f 1910//1647 1911//1647 1912//1647
f 1910//1648 1912//1648 1913//1648
f 1909//1649 1910//1649 1913//1649
f 1909//1650 1913//1650 1914//1650
f 1908//1651 1909//1651 1914//1651
f 1908//1652 1914//1652 1915//1652
f 1907//1653 1908//1653 1915//1653
f 1907//1654 1915//1654 1916//1654
f 1906//1655 1907//1655 1916//1655
f 1906//1656 1916//1656 1917//1656
f 1906//1657 1917//1657 1918//1657
f 1905//1658 1906//1658 1918//1658
f 1905//1659 1918//1659 1919//1659
f 1904//1660 1905//1660 1919//1660
f 1904//1661 1919//1661 1920//1661
f 1903//1662 1904//1662 1920//1662
f 1902//1663 1903//1663 1841//1663
f 1841//1664 1903//1664 1840//1664
f 1840//1665 1903//1665 1839//1665
f 1839//1666 1903//1666 1920//1666
f 1839//1667 1920//1667 1838//1667
f 1838//1668 1920//1668 1829//1668
f 1838//1669 1829//1669 1830//1669
f 1838//1670 1830//1670 1831//1670
f 1838//1671 1831//1671 1832//1671
f 1838//1672 1832//1672 1833//1672
f 1838//1673 1833//1673 1834//1673
f 1838//1674 1834//1674 1835//1674
f 1838//1675 1835//1675 1836//1675
f 1838//1676 1836//1676 1837//1676
f 1902//1677 1841//1677 1842//1677
f 1902//1678 1842//1678 1843//1678
f 1902//1679 1843//1679 1844//1679
f 1902//1680 1844//1680 1845//1680
f 1902//1681 1845//1681 1846//1681
f 1902//1682 1846//1682 1847//1682
f 1902//1683 1847//1683 1869//1683
f 1869//1684 1847//1684 1868//1684
f 1868//1685 1847//1685 1867//1685
f 1867//1686 1847//1686 1848//1686
f 1867//1687 1848//1687 1849//1687
f 1867//1688 1849//1688 1850//1688
f 1867//1689 1850//1689 1851//1689
f 1867//1690 1851//1690 1852//1690
f 1867//1691 1852//1691 1853//1691
f 1867//1692 1853//1692 1854//1692
f 1867//1693 1854//1693 1855//1693
f 1867//1694 1855//1694 1856//1694
f 1867//1695 1856//1695 1866//1695
f 1866//1696 1856//1696 1857//1696
f 1866//1697 1857//1697 1858//1697
f 1866//1698 1858//1698 1859//1698
f 1866//1699 1859//1699 1860//1699
f 1866//1700 1860//1700 1861//1700
f 1866//1701 1861//1701 1862//1701
f 1866//1702 1862//1702 1863//1702
f 1866//1703 1863//1703 1864//1703
f 1866//1704 1864//1704 1865//1704
f 1902//1705 1869//1705 1870//1705
f 1902//1706 1870//1706 1871//1706
f 1902//1707 1871//1707 1872//1707
f 1902//1708 1872//1708 1873//1708
f 1902//1709 1873//1709 1874//1709
f 1902//1710 1874//1710 1875//1710
f 1902//1711 1875//1711 1876//1711
f 1902//1712 1876//1712 1877//1712
f 1902//1713 1877//1713 1878//1713
f 1902//1714 1878//1714 1879//1714
f 1902//1715 1879//1715 1880//1715
f 1902//1716 1880//1716 1881//1716
f 1902//1717 1881//1717 1882//1717
f 1902//1718 1882//1718 1883//1718
f 1902//1719 1883//1719 1884//1719
f 1902//1720 1884//1720 1885//1720
f 1901//1721 1902//1721 1885//1721
f 1901//1722 1885//1722 1886//1722
f 1900//1723 1901//1723 1886//1723
f 1900//1724 1886//1724 1887//1724
f 1899//1725 1900//1725 1887//1725
f 1899//1726 1887//1726 1888//1726
f 1898//1727 1899//1727 1888//1727
f 1898//1728 1888//1728 1889//1728
f 1897//1729 1898//1729 1889//1729
f 1897//1730 1889//1730 1890//1730
f 1896//1731 1897//1731 1890//1731
f 1896//1732 1890//1732 1891//1732
f 1895//1733 1896//1733 1891//1733
f 1895//1734 1891//1734 1892//1734
f 1894//1735 1895//1735 1892//1735
f 1894//1736 1892//1736 1893//1736
f 1937//1737 1938//1737 1939//1737
f 1937//1738 1939//1738 1940//1738
f 1936//1739 1937//1739 1940//1739
f 1936//1740 1940//1740 1941//1740
f 1935//1741 1936//1741 1941//1741
f 1935//1742 1941//1742 1942//1742
f 1934//1743 1935//1743 1942//1743
f 1934//1744 1942//1744 1943//1744
f 1933//1745 1934//1745 1943//1745
f 1933//1746 1943//1746 1944//1746
f 1933//1747 1944//1747 1945//1747
f 1932//1748 1933//1748 1945//1748
f 1932//1749 1945//1749 1946//1749
f 1931//1750 1932//1750 1946//1750
f 1931//1751 1946//1751 1947//1751
f 1930//1752 1931//1752 1947//1752
f 1929//1753 1930//1753 1947//1753
f 1929//1754 1947//1754 1948//1754
f 1928//1755 1929//1755 1948//1755
f 1928//1756 1948//1756 1949//1756
f 1927//1757 1928//1757 1949//1757
f 1927//1758 1949//1758 1950//1758
f 1926//1759 1927//1759 1950//1759
f 1926//1760 1950//1760 1951//1760
f 1925//1761 1926//1761 1951//1761
f 1925//1762 1951//1762 1952//1762
f 1924//1763 1925//1763 1952//1763
f 1924//1764 1952//1764 1953//1764
f 1923//1765 1924//1765 1953//1765
f 1923//1766 1953//1766 1954//1766
f 1922//1767 1923//1767 1954//1767
f 1922//1768 1954//1768 1955//1768
f 1921//1769 1922//1769 1955//1769
f 1921//1770 1955//1770 1956//1770
f 1973//1771 1974//1771 1975//1771
f 1973//1772 1975//1772 1976//1772
f 1972//1773 1973//1773 1976//1773
f 1972//1774 1976//1774 1977//1774
f 1971//1775 1972//1775 1977//1775
f 1971//1776 1977//1776 1978//1776
f 1970//1777 1971//1777 1978//1777
f 1970//1778 1978//1778 1979//1778
f 1969//1779 1970//1779 1979//1779
f 1969//1780 1979//1780 1980//1780
f 1969//1781 1980//1781 1981//1781
f 1968//1782 1969//1782 1981//1782
f 1968//1783 1981//1783 1982//1783
f 1967//1784 1968//1784 1982//1784
f 1967//1785 1982//1785 1983//1785
f 1966//1786 1967//1786 1983//1786
f 1965//1787 1966//1787 1983//1787
f 1965//1788 1983//1788 1984//1788
f 1965//1789 1984//1789 1985//1789
f 1965//1790 1985//1790 1986//1790
f 1965//1791 1986//1791 1987//1791
f 1965//1792 1987//1792 1988//1792
f 1965//1793 1988//1793 1989//1793
f 1965//1794 1989//1794 1990//1794
f 1965//1795 1990//1795 1991//1795
f 1965//1796 1991//1796 1992//1796
f 1965//1797 1992//1797 1993//1797
f 1965//1798 1993//1798 1994//1798
f 1965//1799 1994//1799 1995//1799
f 1965//1800 1995//1800 1996//1800
f 1965//1801 1996//1801 1997//1801
f 1965//1802 1997//1802 1998//1802
f 1964//1803 1965//1803 1998//1803
f 1964//1804 1998//1804 1999//1804
f 1963//1805 1964//1805 1999//1805
f 1963//1806 1999//1806 2000//1806
f 1962//1807 1963//1807 2000//1807
f 1962//1808 2000//1808 2001//1808
f 1961//1809 1962//1809 2001//1809
f 1961//1810 2001//1810 2002//1810
f 1960//1811 1961//1811 2002//1811
f 1960//1812 2002//1812 2003//1812
f 1959//1813 1960//1813 2003//1813
f 1959//1814 2003//1814 2004//1814
f 1958//1815 1959//1815 2004//1815
f 1958//1816 2004//1816 2005//1816
f 1957//1817 1958//1817 2005//1817
f 1957//1818 2005//1818 2006//1818
f 2010//1819 2007//1819 2008//1819
f 2012//1820 2009//1820 2010//1820
f 2014//1821 2011//1821 2012//1821
f 2016//1822 2013//1822 2014//1822
f 2018//1823 2015//1823 2016//1823
f 2020//1824 2017//1824 2018//1824
f 2022//1825 2019//1825 2020//1825
f 2024//1826 2021//1826 2022//1826
f 2026//1827 2023//1827 2024//1827
f 2028//1828 2025//1828 2026//1828
f 2030//1829 2027//1829 2028//1829
f 2032//1830 2029//1830 2030//1830
f 2034//1831 2031//1831 2032//1831
f 2036//1832 2033//1832 2034//1832
f 2038//1833 2035//1833 2036//1833
f 2040//1834 2037//1834 2038//1834
f 2042//1835 2039//1835 2040//1835
f 2044//1836 2041//1836 2042//1836
f 2046//1837 2043//1837 2044//1837
f 2048//1838 2045//1838 2046//1838
f 2050//1839 2047//1839 2048//1839
f 2052//1840 2049//1840 2050//1840
f 2054//1841 2051//1841 2052//1841
f 2056//1842 2053//1842 2054//1842
f 2058//1843 2055//1843 2056//1843
f 2060//1844 2057//1844 2058//1844
f 2062//1845 2059//1845 2060//1845
f 2064//1846 2061//1846 2062//1846
f 2066//1847 2063//1847 2064//1847
f 2068//1848 2065//1848 2066//1848
f 2070//1849 2067//1849 2068//1849
f 2072//1850 2069//1850 2070//1850
f 2074//1851 2071//1851 2072//1851
f 2076//1852 2073//1852 2074//1852
f 2078//1853 2075//1853 2076//1853
f 2080//1854 2077//1854 2078//1854
f 2082//1855 2079//1855 2080//1855
f 2084//1856 2081//1856 2082//1856
f 2086//1857 2083//1857 2084//1857
f 2088//1858 2085//1858 2086//1858
f 2090//1859 2087//1859 2088//1859
f 2092//1860 2089//1860 2090//1860
f 2094//1861 2091//1861 2092//1861
f 2096//1862 2093//1862 2094//1862
f 2098//1863 2095//1863 2096//1863
f 2100//1864 2097//1864 2098//1864
f 2102//1865 2099//1865 2100//1865
f 2104//1866 2101//1866 2102//1866
f 2106//1867 2103//1867 2104//1867
f 2008//1868 2105//1868 2106//1868
f 2110//1869 2107//1869 2108//1869
f 2112//1870 2109//1870 2110//1870
f 2114//1871 2111//1871 2112//1871
f 2116//1872 2113//1872 2114//1872
f 2118//1873 2115//1873 2116//1873
f 2120//1874 2117//1874 2118//1874
f 2122//1875 2119//1875 2120//1875
f 2124//1876 2121//1876 2122//1876
f 2126//1877 2123//1877 2124//1877
f 2128//1878 2125//1878 2126//1878
f 2130//1879 2127//1879 2128//1879
f 2132//1880 2129//1880 2130//1880
f 2134//1881 2131//1881 2132//1881
f 2136//1882 2133//1882 2134//1882
f 2138//1883 2135//1883 2136//1883
f 2140//1884 2137//1884 2138//1884
f 2142//1885 2139//1885 2140//1885
f 2144//1886 2141//1886 2142//1886
f 2146//1887 2143//1887 2144//1887
f 2148//1888 2145//1888 2146//1888
f 2150//1889 2147//1889 2148//1889
f 2152//1890 2149//1890 2150//1890
f 2154//1891 2151//1891 2152//1891
f 2156//1892 2153//1892 2154//1892
f 2158//1893 2155//1893 2156//1893
f 2160//1894 2157//1894 2158//1894
f 2162//1895 2159//1895 2160//1895
f 2164//1896 2161//1896 2162//1896
f 2166//1897 2163//1897 2164//1897
f 2168//1898 2165//1898 2166//1898
f 2170//1899 2167//1899 2168//1899
f 2172//1900 2169//1900 2170//1900
f 2174//1901 2171//1901 2172//1901
f 2176//1902 2173//1902 2174//1902
f 2178//1903 2175//1903 2176//1903
f 2108//1904 2177//1904 2178//1904
f 2182//1905 2179//1905 2180//1905
f 2184//1906 2181//1906 2182//1906
f 2186//1907 2183//1907 2184//1907
f 2188//1908 2185//1908 2186//1908
f 2190//1909 2187//1909 2188//1909
f 2192//1910 2189//1910 2190//1910
f 2194//1911 2191//1911 2192//1911
f 2196//1912 2193//1912 2194//1912
f 2198//1913 2195//1913 2196//1913
f 2200//1914 2197//1914 2198//1914
f 2202//1915 2199//1915 2200//1915
f 2204//1916 2201//1916 2202//1916
f 2206//1917 2203//1917 2204//1917
f 2208//1918 2205//1918 2206//1918
f 2210//1919 2207//1919 2208//1919
f 2212//1920 2209//1920 2210//1920
f 2214//1921 2211//1921 2212//1921
f 2216//1922 2213//1922 2214//1922
f 2218//1923 2215//1923 2216//1923
f 2220//1924 2217//1924 2218//1924
f 2222//1925 2219//1925 2220//1925
f 2224//1926 2221//1926 2222//1926
f 2226//1927 2223//1927 2224//1927
f 2228//1928 2225//1928 2226//1928
f 2230//1929 2227//1929 2228//1929
f 2232//1930 2229//1930 2230//1930
f 2234//1931 2231//1931 2232//1931
f 2236//1932 2233//1932 2234//1932
f 2238//1933 2235//1933 2236//1933
f 2240//1934 2237//1934 2238//1934
f 2242//1935 2239//1935 2240//1935
f 2244//1936 2241//1936 2242//1936
f 2246//1937 2243//1937 2244//1937
f 2248//1938 2245//1938 2246//1938
f 2250//1939 2247//1939 2248//1939
f 2252//1940 2249//1940 2250//1940
f 2254//1941 2251//1941 2252//1941
f 2256//1942 2253//1942 2254//1942
f 2258//1943 2255//1943 2256//1943
f 2260//1944 2257//1944 2258//1944
f 2262//1945 2259//1945 2260//1945
f 2264//1946 2261//1946 2262//1946
f 2266//1947 2263//1947 2264//1947
f 2268//1948 2265//1948 2266//1948
f 2270//1949 2267//1949 2268//1949
f 2272//1950 2269//1950 2270//1950
f 2274//1951 2271//1951 2272//1951
f 2276//1952 2273//1952 2274//1952
f 2278//1953 2275//1953 2276//1953
f 2280//1954 2277//1954 2278//1954
f 2282//1955 2279//1955 2280//1955
f 2284//1956 2281//1956 2282//1956
f 2286//1957 2283//1957 2284//1957
f 2288//1958 2285//1958 2286//1958
f 2290//1959 2287//1959 2288//1959
f 2292//1960 2289//1960 2290//1960
f 2294//1961 2291//1961 2292//1961
f 2296//1962 2293//1962 2294//1962
f 2298//1963 2295//1963 2296//1963
f 2300//1964 2297//1964 2298//1964
f 2302//1965 2299//1965 2300//1965
f 2304//1966 2301//1966 2302//1966
f 2306//1967 2303//1967 2304//1967
f 2308//1968 2305//1968 2306//1968
f 2310//1969 2307//1969 2308//1969
f 2312//1970 2309//1970 2310//1970
f 2314//1971 2311//1971 2312//1971
f 2316//1972 2313//1972 2314//1972
f 2318//1973 2315//1973 2316//1973
f 2320//1974 2317//1974 2318//1974
f 2322//1975 2319//1975 2320//1975
f 2324//1976 2321//1976 2322//1976
f 2326//1977 2323//1977 2324//1977
f 2328//1978 2325//1978 2326//1978
f 2330//1979 2327//1979 2328//1979
f 2332//1980 2329//1980 2330//1980
f 2334//1981 2331//1981 2332//1981
f 2336//1982 2333//1982 2334//1982
f 2338//1983 2335//1983 2336//1983
f 2340//1984 2337//1984 2338//1984
f 2342//1985 2339//1985 2340//1985
f 2344//1986 2341//1986 2342//1986
f 2346//1987 2343//1987 2344//1987
f 2348//1988 2345//1988 2346//1988
f 2350//1989 2347//1989 2348//1989
f 2352//1990 2349//1990 2350//1990
f 2354//1991 2351//1991 2352//1991
f 2356//1992 2353//1992 2354//1992
f 2358//1993 2355//1993 2356//1993
f 2360//1994 2357//1994 2358//1994
f 2362//1995 2359//1995 2360//1995
f 2180//1996 2361//1996 2362//1996
f 2366//1997 2363//1997 2364//1997
f 2368//1998 2365//1998 2366//1998
f 2370//1999 2367//1999 2368//1999
f 2372//2000 2369//2000 2370//2000
f 2374//2001 2371//2001 2372//2001
f 2376//2002 2373//2002 2374//2002
f 2378//2003 2375//2003 2376//2003
f 2380//2004 2377//2004 2378//2004
f 2382//2005 2379//2005 2380//2005
f 2384//2006 2381//2006 2382//2006
f 2386//2007 2383//2007 2384//2007
f 2388//2008 2385//2008 2386//2008
f 2390//2009 2387//2009 2388//2009
f 2392//2010 2389//2010 2390//2010
f 2394//2011 2391//2011 2392//2011
f 2396//2012 2393//2012 2394//2012
f 2398//2013 2395//2013 2396//2013
f 2400//2014 2397//2014 2398//2014
f 2402//2015 2399//2015 2400//2015
f 2404//2016 2401//2016 2402//2016
f 2406//2017 2403//2017 2404//2017
f 2408//2018 2405//2018 2406//2018
f 2410//2019 2407//2019 2408//2019
f 2412//2020 2409//2020 2410//2020
f 2414//2021 2411//2021 2412//2021
f 2416//2022 2413//2022 2414//2022
f 2418//2023 2415//2023 2416//2023
f 2420//2024 2417//2024 2418//2024
f 2422//2025 2419//2025 2420//2025
f 2424//2026 2421//2026 2422//2026
f 2426//2027 2423//2027 2424//2027
f 2428//2028 2425//2028 2426//2028
f 2430//2029 2427//2029 2428//2029
f 2432//2030 2429//2030 2430//2030
f 2434//2031 2431//2031 2432//2031
f 2436//2032 2433//2032 2434//2032
f 2438//2033 2435//2033 2436//2033
f 2440//2034 2437//2034 2438//2034
f 2442//2035 2439//2035 2440//2035
f 2444//2036 2441//2036 2442//2036
f 2446//2037 2443//2037 2444//2037
f 2448//2038 2445//2038 2446//2038
f 2450//2039 2447//2039 2448//2039
f 2452//2040 2449//2040 2450//2040
f 2454//2041 2451//2041 2452//2041
f 2456//2042 2453//2042 2454//2042
f 2458//2043 2455//2043 2456//2043
f 2460//2044 2457//2044 2458//2044
f 2462//2045 2459//2045 2460//2045
f 2464//2046 2461//2046 2462//2046
f 2466//2047 2463//2047 2464//2047
f 2468//2048 2465//2048 2466//2048
f 2470//2049 2467//2049 2468//2049
f 2472//2050 2469//2050 2470//2050
f 2474//2051 2471//2051 2472//2051
f 2476//2052 2473//2052 2474//2052
f 2478//2053 2475//2053 2476//2053
f 2480//2054 2477//2054 2478//2054
f 2482//2055 2479//2055 2480//2055
f 2484//2056 2481//2056 2482//2056
f 2486//2057 2483//2057 2484//2057
f 2488//2058 2485//2058 2486//2058
f 2490//2059 2487//2059 2488//2059
f 2492//2060 2489//2060 2490//2060
f 2494//2061 2491//2061 2492//2061
f 2496//2062 2493//2062 2494//2062
f 2498//2063 2495//2063 2496//2063
f 2500//2064 2497//2064 2498//2064
f 2502//2065 2499//2065 2500//2065
f 2504//2066 2501//2066 2502//2066
f 2506//2067 2503//2067 2504//2067
f 2508//2068 2505//2068 2506//2068
f 2510//2069 2507//2069 2508//2069
f 2512//2070 2509//2070 2510//2070
f 2514//2071 2511//2071 2512//2071
f 2516//2072 2513//2072 2514//2072
f 2518//2073 2515//2073 2516//2073
f 2364//2074 2517//2074 2518//2074
f 2522//2075 2519//2075 2520//2075
f 2524//2076 2521//2076 2522//2076
f 2526//2077 2523//2077 2524//2077
f 2528//2078 2525//2078 2526//2078
f 2530//2079 2527//2079 2528//2079
f 2532//2080 2529//2080 2530//2080
f 2534//2081 2531//2081 2532//2081
f 2536//2082 2533//2082 2534//2082
f 2538//2083 2535//2083 2536//2083
f 2540//2084 2537//2084 2538//2084
f 2542//2085 2539//2085 2540//2085
f 2544//2086 2541//2086 2542//2086
f 2546//2087 2543//2087 2544//2087
f 2548//2088 2545//2088 2546//2088
f 2550//2089 2547//2089 2548//2089
f 2552//2090 2549//2090 2550//2090
f 2554//2091 2551//2091 2552//2091
f 2556//2092 2553//2092 2554//2092
f 2558//2093 2555//2093 2556//2093
f 2560//2094 2557//2094 2558//2094
f 2562//2095 2559//2095 2560//2095
f 2564//2096 2561//2096 2562//2096
f 2566//2097 2563//2097 2564//2097
f 2568//2098 2565//2098 2566//2098
f 2570//2099 2567//2099 2568//2099
f 2572//2100 2569//2100 2570//2100
f 2574//2101 2571//2101 2572//2101
f 2576//2102 2573//2102 2574//2102
f 2578//2103 2575//2103 2576//2103
f 2580//2104 2577//2104 2578//2104
f 2582//2105 2579//2105 2580//2105
f 2584//2106 2581//2106 2582//2106
f 2586//2107 2583//2107 2584//2107
f 2588//2108 2585//2108 2586//2108
f 2590//2109 2587//2109 2588//2109
f 2592//2110 2589//2110 2590//2110
f 2594//2111 2591//2111 2592//2111
f 2596//2112 2593//2112 2594//2112
f 2598//2113 2595//2113 2596//2113
f 2600//2114 2597//2114 2598//2114
f 2602//2115 2599//2115 2600//2115
f 2604//2116 2601//2116 2602//2116
f 2606//2117 2603//2117 2604//2117
f 2608//2118 2605//2118 2606//2118
f 2610//2119 2607//2119 2608//2119
f 2612//2120 2609//2120 2610//2120
f 2614//2121 2611//2121 2612//2121
f 2616//2122 2613//2122 2614//2122
f 2618//2123 2615//2123 2616//2123
f 2620//2124 2617//2124 2618//2124
f 2622//2125 2619//2125 2620//2125
f 2624//2126 2621//2126 2622//2126
f 2626//2127 2623//2127 2624//2127
f 2628//2128 2625//2128 2626//2128
f 2630//2129 2627//2129 2628//2129
f 2632//2130 2629//2130 2630//2130
f 2634//2131 2631//2131 2632//2131
f 2636//2132 2633//2132 2634//2132
f 2638//2133 2635//2133 2636//2133
f 2640//2134 2637//2134 2638//2134
f 2642//2135 2639//2135 2640//2135
f 2644//2136 2641//2136 2642//2136
f 2646//2137 2643//2137 2644//2137
f 2520//2138 2645//2138 2646//2138
f 2650//2139 2647//2139 2648//2139
f 2652//2140 2649//2140 2650//2140
f 2654//2141 2651//2141 2652//2141
f 2656//2142 2653//2142 2654//2142
f 2658//2143 2655//2143 2656//2143
f 2660//2144 2657//2144 2658//2144
f 2662//2145 2659//2145 2660//2145
f 2664//2146 2661//2146 2662//2146
f 2666//2147 2663//2147 2664//2147
f 2668//2148 2665//2148 2666//2148
f 2670//2149 2667//2149 2668//2149
f 2672//2150 2669//2150 2670//2150
f 2674//2151 2671//2151 2672//2151
f 2676//2152 2673//2152 2674//2152
f 2678//2153 2675//2153 2676//2153
f 2680//2154 2677//2154 2678//2154
f 2682//2155 2679//2155 2680//2155
f 2684//2156 2681//2156 2682//2156
f 2686//2157 2683//2157 2684//2157
f 2688//2158 2685//2158 2686//2158
f 2690//2159 2687//2159 2688//2159
f 2692//2160 2689//2160 2690//2160
f 2694//2161 2691//2161 2692//2161
f 2696//2162 2693//2162 2694//2162
f 2698//2163 2695//2163 2696//2163
f 2700//2164 2697//2164 2698//2164
f 2702//2165 2699//2165 2700//2165
f 2704//2166 2701//2166 2702//2166
f 2706//2167 2703//2167 2704//2167
f 2708//2168 2705//2168 2706//2168
f 2710//2169 2707//2169 2708//2169
f 2712//2170 2709//2170 2710//2170
f 2714//2171 2711//2171 2712//2171
f 2716//2172 2713//2172 2714//2172
f 2718//2173 2715//2173 2716//2173
f 2720//2174 2717//2174 2718//2174
f 2722//2175 2719//2175 2720//2175
f 2724//2176 2721//2176 2722//2176
f 2726//2177 2723//2177 2724//2177
f 2728//2178 2725//2178 2726//2178
f 2730//2179 2727//2179 2728//2179
f 2732//2180 2729//2180 2730//2180
f 2734//2181 2731//2181 2732//2181
f 2736//2182 2733//2182 2734//2182
f 2738//2183 2735//2183 2736//2183
f 2740//2184 2737//2184 2738//2184
f 2742//2185 2739//2185 2740//2185
f 2744//2186 2741//2186 2742//2186
f 2746//2187 2743//2187 2744//2187
f 2748//2188 2745//2188 2746//2188
f 2750//2189 2747//2189 2748//2189
f 2752//2190 2749//2190 2750//2190
f 2754//2191 2751//2191 2752//2191
f 2756//2192 2753//2192 2754//2192
f 2758//2193 2755//2193 2756//2193
f 2760//2194 2757//2194 2758//2194
f 2762//2195 2759//2195 2760//2195
f 2764//2196 2761//2196 2762//2196
f 2766//2197 2763//2197 2764//2197
f 2768//2198 2765//2198 2766//2198
f 2770//2199 2767//2199 2768//2199
f 2772//2200 2769//2200 2770//2200
f 2774//2201 2771//2201 2772//2201
f 2776//2202 2773//2202 2774//2202
f 2778//2203 2775//2203 2776//2203
f 2780//2204 2777//2204 2778//2204
f 2782//2205 2779//2205 2780//2205
f 2784//2206 2781//2206 2782//2206
f 2786//2207 2783//2207 2784//2207
f 2788//2208 2785//2208 2786//2208
f 2790//2209 2787//2209 2788//2209
f 2792//2210 2789//2210 2790//2210
f 2794//2211 2791//2211 2792//2211
f 2796//2212 2793//2212 2794//2212
f 2798//2213 2795//2213 2796//2213
f 2800//2214 2797//2214 2798//2214
f 2802//2215 2799//2215 2800//2215
f 2804//2216 2801//2216 2802//2216
f 2806//2217 2803//2217 2804//2217
f 2808//2218 2805//2218 2806//2218
f 2810//2219 2807//2219 2808//2219
f 2812//2220 2809//2220 2810//2220
f 2814//2221 2811//2221 2812//2221
f 2816//2222 2813//2222 2814//2222
f 2818//2223 2815//2223 2816//2223
f 2820//2224 2817//2224 2818//2224
f 2822//2225 2819//2225 2820//2225
f 2824//2226 2821//2226 2822//2226
f 2826//2227 2823//2227 2824//2227
f 2828//2228 2825//2228 2826//2228
f 2830//2229 2827//2229 2828//2229
f 2648//2230 2829//2230 2830//2230
f 2834//2231 2831//2231 2832//2231
f 2836//2232 2833//2232 2834//2232
f 2838//2233 2835//2233 2836//2233
f 2840//2234 2837//2234 2838//2234
f 2842//2235 2839//2235 2840//2235
f 2844//2236 2841//2236 2842//2236
f 2846//2237 2843//2237 2844//2237
f 2848//2238 2845//2238 2846//2238
f 2850//2239 2847//2239 2848//2239
f 2852//2240 2849//2240 2850//2240
f 2854//2241 2851//2241 2852//2241
f 2856//2242 2853//2242 2854//2242
f 2858//2243 2855//2243 2856//2243
f 2860//2244 2857//2244 2858//2244
f 2862//2245 2859//2245 2860//2245
f 2864//2246 2861//2246 2862//2246
f 2866//2247 2863//2247 2864//2247
f 2868//2248 2865//2248 2866//2248
f 2870//2249 2867//2249 2868//2249
f 2872//2250 2869//2250 2870//2250
f 2874//2251 2871//2251 2872//2251
f 2876//2252 2873//2252 2874//2252
f 2878//2253 2875//2253 2876//2253
f 2880//2254 2877//2254 2878//2254
f 2882//2255 2879//2255 2880//2255
f 2884//2256 2881//2256 2882//2256
f 2886//2257 2883//2257 2884//2257
f 2888//2258 2885//2258 2886//2258
f 2890//2259 2887//2259 2888//2259
f 2892//2260 2889//2260 2890//2260
f 2894//2261 2891//2261 2892//2261
f 2896//2262 2893//2262 2894//2262
f 2898//2263 2895//2263 2896//2263
f 2900//2264 2897//2264 2898//2264
f 2902//2265 2899//2265 2900//2265
f 2904//2266 2901//2266 2902//2266
f 2906//2267 2903//2267 2904//2267
f 2908//2268 2905//2268 2906//2268
f 2910//2269 2907//2269 2908//2269
f 2912//2270 2909//2270 2910//2270
f 2914//2271 2911//2271 2912//2271
f 2916//2272 2913//2272 2914//2272
f 2918//2273 2915//2273 2916//2273
f 2920//2274 2917//2274 2918//2274
f 2922//2275 2919//2275 2920//2275
f 2924//2276 2921//2276 2922//2276
f 2926//2277 2923//2277 2924//2277
f 2928//2278 2925//2278 2926//2278
f 2930//2279 2927//2279 2928//2279
f 2932//2280 2929//2280 2930//2280
f 2934//2281 2931//2281 2932//2281
f 2936//2282 2933//2282 2934//2282
f 2938//2283 2935//2283 2936//2283
f 2940//2284 2937//2284 2938//2284
f 2942//2285 2939//2285 2940//2285
f 2944//2286 2941//2286 2942//2286
f 2946//2287 2943//2287 2944//2287
f 2948//2288 2945//2288 2946//2288
f 2950//2289 2947//2289 2948//2289
f 2952//2290 2949//2290 2950//2290
f 2954//2291 2951//2291 2952//2291
f 2956//2292 2953//2292 2954//2292
f 2958//2293 2955//2293 2956//2293
f 2960//2294 2957//2294 2958//2294
f 2962//2295 2959//2295 2960//2295
f 2964//2296 2961//2296 2962//2296
f 2966//2297 2963//2297 2964//2297
f 2968//2298 2965//2298 2966//2298
f 2970//2299 2967//2299 2968//2299
f 2972//2300 2969//2300 2970//2300
f 2974//2301 2971//2301 2972//2301
f 2976//2302 2973//2302 2974//2302
f 2978//2303 2975//2303 2976//2303
f 2980//2304 2977//2304 2978//2304
f 2982//2305 2979//2305 2980//2305
f 2984//2306 2981//2306 2982//2306
f 2986//2307 2983//2307 2984//2307
f 2988//2308 2985//2308 2986//2308
f 2990//2309 2987//2309 2988//2309
f 2992//2310 2989//2310 2990//2310
f 2994//2311 2991//2311 2992//2311
f 2832//2312 2993//2312 2994//2312
f 2998//2313 2995//2313 2996//2313
f 3000//2314 2997//2314 2998//2314
f 3002//2315 2999//2315 3000//2315
f 3004//2316 3001//2316 3002//2316
f 3006//2317 3003//2317 3004//2317
f 3008//2318 3005//2318 3006//2318
f 3010//2319 3007//2319 3008//2319
f 3012//2320 3009//2320 3010//2320
f 3014//2321 3011//2321 3012//2321
f 3016//2322 3013//2322 3014//2322
f 3018//2323 3015//2323 3016//2323
f 3020//2324 3017//2324 3018//2324
f 3022//2325 3019//2325 3020//2325
f 3024//2326 3021//2326 3022//2326
f 3026//2327 3023//2327 3024//2327
f 3028//2328 3025//2328 3026//2328
f 3030//2329 3027//2329 3028//2329
f 3032//2330 3029//2330 3030//2330
f 3034//2331 3031//2331 3032//2331
f 3036//2332 3033//2332 3034//2332
f 3038//2333 3035//2333 3036//2333
f 3040//2334 3037//2334 3038//2334
f 3042//2335 3039//2335 3040//2335
f 3044//2336 3041//2336 3042//2336
f 3046//2337 3043//2337 3044//2337
f 3048//2338 3045//2338 3046//2338
f 3050//2339 3047//2339 3048//2339
f 3052//2340 3049//2340 3050//2340
f 3054//2341 3051//2341 3052//2341
f 3056//2342 3053//2342 3054//2342
f 3058//2343 3055//2343 3056//2343
f 3060//2344 3057//2344 3058//2344
f 3062//2345 3059//2345 3060//2345
f 3064//2346 3061//2346 3062//2346
f 3066//2347 3063//2347 3064//2347
f 3068//2348 3065//2348 3066//2348
f 3070//2349 3067//2349 3068//2349
f 3072//2350 3069//2350 3070//2350
f 3074//2351 3071//2351 3072//2351
f 3076//2352 3073//2352 3074//2352
f 3078//2353 3075//2353 3076//2353
f 3080//2354 3077//2354 3078//2354
f 3082//2355 3079//2355 3080//2355
f 3084//2356 3081//2356 3082//2356
f 3086//2357 3083//2357 3084//2357
f 3088//2358 3085//2358 3086//2358
f 3090//2359 3087//2359 3088//2359
f 2996//2360 3089//2360 3090//2360
f 3094//2361 3091//2361 3092//2361
f 3096//2362 3093//2362 3094//2362
f 3098//2363 3095//2363 3096//2363
f 3100//2364 3097//2364 3098//2364
f 3102//2365 3099//2365 3100//2365
f 3104//2366 3101//2366 3102//2366
f 3106//2367 3103//2367 3104//2367
f 3108//2368 3105//2368 3106//2368
f 3110//2369 3107//2369 3108//2369
f 3112//2370 3109//2370 3110//2370
f 3114//2371 3111//2371 3112//2371
f 3116//2372 3113//2372 3114//2372
f 3118//2373 3115//2373 3116//2373
f 3120//2374 3117//2374 3118//2374
f 3122//2375 3119//2375 3120//2375
f 3124//2376 3121//2376 3122//2376
f 3126//2377 3123//2377 3124//2377
f 3128//2378 3125//2378 3126//2378
f 3092//2379 3127//2379 3128//2379
f 3132//2380 3129//2380 3130//2380
f 3134//2381 3131//2381 3132//2381
f 3136//2382 3133//2382 3134//2382
f 3138//2383 3135//2383 3136//2383
f 3140//2384 3137//2384 3138//2384
f 3142//2385 3139//2385 3140//2385
f 3144//2386 3141//2386 3142//2386
f 3146//2387 3143//2387 3144//2387
f 3148//2388 3145//2388 3146//2388
f 3150//2389 3147//2389 3148//2389
f 3152//2390 3149//2390 3150//2390
f 3154//2391 3151//2391 3152//2391
f 3156//2392 3153//2392 3154//2392
f 3158//2393 3155//2393 3156//2393
f 3160//2394 3157//2394 3158//2394
f 3162//2395 3159//2395 3160//2395
f 3164//2396 3161//2396 3162//2396
f 3166//2397 3163//2397 3164//2397
f 3168//2398 3165//2398 3166//2398
f 3170//2399 3167//2399 3168//2399
f 3172//2400 3169//2400 3170//2400
f 3174//2401 3171//2401 3172//2401
f 3176//2402 3173//2402 3174//2402
f 3178//2403 3175//2403 3176//2403
f 3180//2404 3177//2404 3178//2404
f 3182//2405 3179//2405 3180//2405
f 3184//2406 3181//2406 3182//2406
f 3186//2407 3183//2407 3184//2407
f 3188//2408 3185//2408 3186//2408
f 3190//2409 3187//2409 3188//2409
f 3192//2410 3189//2410 3190//2410
f 3194//2411 3191//2411 3192//2411
f 3196//2412 3193//2412 3194//2412
f 3198//2413 3195//2413 3196//2413
f 3200//2414 3197//2414 3198//2414
f 3202//2415 3199//2415 3200//2415
f 3204//2416 3201//2416 3202//2416
f 3206//2417 3203//2417 3204//2417
f 3208//2418 3205//2418 3206//2418
f 3210//2419 3207//2419 3208//2419
f 3212//2420 3209//2420 3210//2420
f 3214//2421 3211//2421 3212//2421
f 3216//2422 3213//2422 3214//2422
f 3218//2423 3215//2423 3216//2423
f 3220//2424 3217//2424 3218//2424
f 3222//2425 3219//2425 3220//2425
f 3224//2426 3221//2426 3222//2426
f 3226//2427 3223//2427 3224//2427
f 3228//2428 3225//2428 3226//2428
f 3230//2429 3227//2429 3228//2429
f 3232//2430 3229//2430 3230//2430
f 3234//2431 3231//2431 3232//2431
f 3236//2432 3233//2432 3234//2432
f 3238//2433 3235//2433 3236//2433
f 3240//2434 3237//2434 3238//2434
f 3242//2435 3239//2435 3240//2435
f 3244//2436 3241//2436 3242//2436
f 3246//2437 3243//2437 3244//2437
f 3248//2438 3245//2438 3246//2438
f 3250//2439 3247//2439 3248//2439
f 3252//2440 3249//2440 3250//2440
f 3254//2441 3251//2441 3252//2441
f 3256//2442 3253//2442 3254//2442
f 3258//2443 3255//2443 3256//2443
f 3260//2444 3257//2444 3258//2444
f 3262//2445 3259//2445 3260//2445
f 3264//2446 3261//2446 3262//2446
f 3266//2447 3263//2447 3264//2447
f 3268//2448 3265//2448 3266//2448
f 3270//2449 3267//2449 3268//2449
f 3272//2450 3269//2450 3270//2450
f 3274//2451 3271//2451 3272//2451
f 3276//2452 3273//2452 3274//2452
f 3278//2453 3275//2453 3276//2453
f 3280//2454 3277//2454 3278//2454
f 3282//2455 3279//2455 3280//2455
f 3284//2456 3281//2456 3282//2456
f 3286//2457 3283//2457 3284//2457
f 3288//2458 3285//2458 3286//2458
f 3290//2459 3287//2459 3288//2459
f 3292//2460 3289//2460 3290//2460
f 3130//2461 3291//2461 3292//2461
f 3296//2462 3293//2462 3294//2462
f 3298//2463 3295//2463 3296//2463
f 3300//2464 3297//2464 3298//2464
f 3302//2465 3299//2465 3300//2465
f 3304//2466 3301//2466 3302//2466
f 3306//2467 3303//2467 3304//2467
f 3308//2468 3305//2468 3306//2468
f 3310//2469 3307//2469 3308//2469
f 3312//2470 3309//2470 3310//2470
f 3314//2471 3311//2471 3312//2471
f 3316//2472 3313//2472 3314//2472
f 3318//2473 3315//2473 3316//2473
f 3320//2474 3317//2474 3318//2474
f 3322//2475 3319//2475 3320//2475
f 3324//2476 3321//2476 3322//2476
f 3326//2477 3323//2477 3324//2477
f 3328//2478 3325//2478 3326//2478
f 3330//2479 3327//2479 3328//2479
f 3332//2480 3329//2480 3330//2480
f 3334//2481 3331//2481 3332//2481
f 3336//2482 3333//2482 3334//2482
f 3338//2483 3335//2483 3336//2483
f 3340//2484 3337//2484 3338//2484
f 3342//2485 3339//2485 3340//2485
f 3344//2486 3341//2486 3342//2486
f 3346//2487 3343//2487 3344//2487
f 3348//2488 3345//2488 3346//2488
f 3350//2489 3347//2489 3348//2489
f 3352//2490 3349//2490 3350//2490
f 3354//2491 3351//2491 3352//2491
f 3356//2492 3353//2492 3354//2492
f 3358//2493 3355//2493 3356//2493
f 3360//2494 3357//2494 3358//2494
f 3362//2495 3359//2495 3360//2495
f 3364//2496 3361//2496 3362//2496
f 3366//2497 3363//2497 3364//2497
f 3368//2498 3365//2498 3366//2498
f 3370//2499 3367//2499 3368//2499
f 3372//2500 3369//2500 3370//2500
f 3374//2501 3371//2501 3372//2501
f 3376//2502 3373//2502 3374//2502
f 3378//2503 3375//2503 3376//2503
f 3380//2504 3377//2504 3378//2504
f 3382//2505 3379//2505 3380//2505
f 3384//2506 3381//2506 3382//2506
f 3386//2507 3383//2507 3384//2507
f 3388//2508 3385//2508 3386//2508
f 3390//2509 3387//2509 3388//2509
f 3392//2510 3389//2510 3390//2510
f 3394//2511 3391//2511 3392//2511
f 3396//2512 3393//2512 3394//2512
f 3398//2513 3395//2513 3396//2513
f 3400//2514 3397//2514 3398//2514
f 3402//2515 3399//2515 3400//2515
f 3404//2516 3401//2516 3402//2516
f 3406//2517 3403//2517 3404//2517
f 3408//2518 3405//2518 3406//2518
f 3410//2519 3407//2519 3408//2519
f 3412//2520 3409//2520 3410//2520
f 3414//2521 3411//2521 3412//2521
f 3416//2522 3413//2522 3414//2522
f 3418//2523 3415//2523 3416//2523
f 3420//2524 3417//2524 3418//2524
f 3294//2525 3419//2525 3420//2525
f 3427//2526 3426//2526 3425//2526
f 3439//2527 3440//2527 3443//2527
f 3422//2528 3433//2528 3421//2528
f 3423//2529 3434//2529 3422//2529
f 3423//2530 3436//2530 3435//2530
f 3425//2531 3436//2531 3424//2531
f 3426//2532 3437//2532 3425//2532
f 3427//2533 3438//2533 3426//2533
f 3428//2534 3439//2534 3427//2534
f 3429//2535 3440//2535 3428//2535
f 3430//2536 3441//2536 3429//2536
f 3431//2537 3442//2537 3430//2537
f 3432//2538 3443//2538 3431//2538
f 3421//2539 3444//2539 3432//2539
f 3447//2540 3446//2540 3445//2540
f 3453//2541 3450//2541 3452//2541
f 3446//2542 3450//2542 3445//2542
f 3447//2543 3451//2543 3446//2543
f 3448//2544 3452//2544 3447//2544
f 3449//2545 3453//2545 3448//2545
f 3445//2546 3454//2546 3449//2546
f 3457//2547 3455//2547 3458//2547
f 3460//2548 3462//2548 3459//2548
f 3456//2549 3459//2549 3455//2549
f 3457//2550 3460//2550 3456//2550
f 3458//2551 3461//2551 3457//2551
f 3455//2552 3462//2552 3458//2552
f 3465//2553 3463//2553 3466//2553
f 3467//2554 3469//2554 3470//2554
f 3464//2555 3467//2555 3463//2555
f 3465//2556 3468//2556 3464//2556
f 3466//2557 3469//2557 3465//2557
f 3463//2558 3470//2558 3466//2558
f 300//2559 299//2559 297//2559
f 302//2560 301//2560 299//2560
f 304//2561 303//2561 301//2561
f 306//2562 305//2562 303//2562
f 308//2563 307//2563 305//2563
f 310//2564 309//2564 307//2564
f 312//2565 311//2565 309//2565
f 314//2566 313//2566 311//2566
f 316//2567 315//2567 313//2567
f 318//2568 317//2568 315//2568
f 320//2569 319//2569 317//2569
f 322//2570 321//2570 319//2570
f 324//2571 323//2571 321//2571
f 326//2572 325//2572 323//2572
f 328//2573 327//2573 325//2573
f 330//2574 329//2574 327//2574
f 332//2575 331//2575 329//2575
f 334//2576 333//2576 331//2576
f 336//2577 335//2577 333//2577
f 338//2578 337//2578 335//2578
f 340//2579 339//2579 337//2579
f 342//2580 341//2580 339//2580
f 344//2581 343//2581 341//2581
f 346//2582 345//2582 343//2582
f 348//2583 347//2583 345//2583
f 350//2584 349//2584 347//2584
f 352//2585 351//2585 349//2585
f 354//2586 353//2586 351//2586
f 356//2587 355//2587 353//2587
f 358//2588 357//2588 355//2588
f 360//2589 359//2589 357//2589
f 362//2590 361//2590 359//2590
f 364//2591 363//2591 361//2591
f 366//2592 365//2592 363//2592
f 368//2593 367//2593 365//2593
f 370//2594 369//2594 367//2594
f 372//2595 371//2595 369//2595
f 374//2596 373//2596 371//2596
f 376//2597 375//2597 373//2597
f 378//2598 377//2598 375//2598
f 380//2599 379//2599 377//2599
f 382//2600 381//2600 379//2600
f 384//2601 383//2601 381//2601
f 386//2602 385//2602 383//2602
f 388//2603 387//2603 385//2603
f 390//2604 389//2604 387//2604
f 392//2605 391//2605 389//2605
f 394//2606 393//2606 391//2606
f 396//2607 395//2607 393//2607
f 398//2608 397//2608 395//2608
f 400//2609 399//2609 397//2609
f 402//2610 401//2610 399//2610
f 404//2611 403//2611 401//2611
f 406//2612 405//2612 403//2612
f 408//2613 407//2613 405//2613
f 410//2614 409//2614 407//2614
f 412//2615 411//2615 409//2615
f 414//2616 413//2616 411//2616
f 416//2617 415//2617 413//2617
f 418//2618 417//2618 415//2618
f 420//2619 419//2619 417//2619
f 422//2620 421//2620 419//2620
f 424//2621 423//2621 421//2621
f 426//2622 425//2622 423//2622
f 428//2623 427//2623 425//2623
f 430//2624 429//2624 427//2624
f 432//2625 431//2625 429//2625
f 434//2626 433//2626 431//2626
f 436//2627 435//2627 433//2627
f 438//2628 437//2628 435//2628
f 440//2629 439//2629 437//2629
f 442//2630 441//2630 439//2630
f 444//2631 443//2631 441//2631
f 446//2632 445//2632 443//2632
f 448//2633 447//2633 445//2633
f 450//2634 449//2634 447//2634
f 452//2635 451//2635 449//2635
f 454//2636 453//2636 451//2636
f 456//2637 455//2637 453//2637
f 458//2638 457//2638 455//2638
f 460//2639 459//2639 457//2639
f 462//2640 461//2640 459//2640
f 464//2641 463//2641 461//2641
f 466//2642 465//2642 463//2642
f 468//2643 467//2643 465//2643
f 470//2644 469//2644 467//2644
f 472//2645 471//2645 469//2645
f 474//2646 473//2646 471//2646
f 476//2647 475//2647 473//2647
f 478//2648 477//2648 475//2648
f 480//2649 479//2649 477//2649
f 482//2650 481//2650 479//2650
f 484//2651 483//2651 481//2651
f 486//2652 485//2652 483//2652
f 488//2653 487//2653 485//2653
f 490//2654 489//2654 487//2654
f 492//2655 491//2655 489//2655
f 494//2656 493//2656 491//2656
f 496//2657 495//2657 493//2657
f 498//2658 497//2658 495//2658
f 500//2659 499//2659 497//2659
f 502//2660 501//2660 499//2660
f 504//2661 503//2661 501//2661
f 506//2662 505//2662 503//2662
f 508//2663 507//2663 505//2663
f 510//2664 509//2664 507//2664
f 512//2665 511//2665 509//2665
f 514//2666 513//2666 511//2666
f 516//2667 515//2667 513//2667
f 518//2668 517//2668 515//2668
f 520//2669 519//2669 517//2669
f 522//2670 521//2670 519//2670
f 524//2671 523//2671 521//2671
f 526//2672 525//2672 523//2672
f 528//2673 527//2673 525//2673
f 530//2674 529//2674 527//2674
f 532//2675 531//2675 529//2675
f 534//2676 533//2676 531//2676
f 536//2677 535//2677 533//2677
f 538//2678 537//2678 535//2678
f 540//2679 539//2679 537//2679
f 542//2680 541//2680 539//2680
f 544//2681 543//2681 541//2681
f 546//2682 545//2682 543//2682
f 548//2683 547//2683 545//2683
f 550//2684 549//2684 547//2684
f 552//2685 551//2685 549//2685
f 554//2686 553//2686 551//2686
f 556//2687 555//2687 553//2687
f 558//2688 557//2688 555//2688
f 560//2689 559//2689 557//2689
f 562//2690 561//2690 559//2690
f 564//2691 563//2691 561//2691
f 566//2692 565//2692 563//2692
f 568//2693 567//2693 565//2693
f 570//2694 569//2694 567//2694
f 572//2695 571//2695 569//2695
f 574//2696 573//2696 571//2696
f 576//2697 575//2697 573//2697
f 578//2698 577//2698 575//2698
f 580//2699 579//2699 577//2699
f 582//2700 581//2700 579//2700
f 584//2701 583//2701 581//2701
f 586//2702 585//2702 583//2702
f 588//2703 587//2703 585//2703
f 590//2704 589//2704 587//2704
f 592//2705 591//2705 589//2705
f 298//2706 297//2706 591//2706
f 2010//2707 2009//2707 2007//2707
f 2012//2708 2011//2708 2009//2708
f 2014//2709 2013//2709 2011//2709
f 2016//2710 2015//2710 2013//2710
f 2018//2711 2017//2711 2015//2711
f 2020//2712 2019//2712 2017//2712
f 2022//2713 2021//2713 2019//2713
f 2024//2714 2023//2714 2021//2714
f 2026//2715 2025//2715 2023//2715
f 2028//2716 2027//2716 2025//2716
f 2030//2717 2029//2717 2027//2717
f 2032//2718 2031//2718 2029//2718
f 2034//2719 2033//2719 2031//2719
f 2036//2720 2035//2720 2033//2720
f 2038//2721 2037//2721 2035//2721
f 2040//2722 2039//2722 2037//2722
f 2042//2723 2041//2723 2039//2723
f 2044//2724 2043//2724 2041//2724
f 2046//2725 2045//2725 2043//2725
f 2048//2726 2047//2726 2045//2726
f 2050//2727 2049//2727 2047//2727
f 2052//2728 2051//2728 2049//2728
f 2054//2729 2053//2729 2051//2729
f 2056//2730 2055//2730 2053//2730
f 2058//2731 2057//2731 2055//2731
f 2060//2732 2059//2732 2057//2732
f 2062//2733 2061//2733 2059//2733
f 2064//2734 2063//2734 2061//2734
f 2066//2735 2065//2735 2063//2735
f 2068//2736 2067//2736 2065//2736
f 2070//2737 2069//2737 2067//2737
f 2072//2738 2071//2738 2069//2738
f 2074//2739 2073//2739 2071//2739
f 2076//2740 2075//2740 2073//2740
f 2078//2741 2077//2741 2075//2741
f 2080//2742 2079//2742 2077//2742
f 2082//2743 2081//2743 2079//2743
f 2084//2744 2083//2744 2081//2744
f 2086//2745 2085//2745 2083//2745
f 2088//2746 2087//2746 2085//2746
f 2090//2747 2089//2747 2087//2747
f 2092//2748 2091//2748 2089//2748
f 2094//2749 2093//2749 2091//2749
f 2096//2750 2095//2750 2093//2750
f 2098//2751 2097//2751 2095//2751
f 2100//2752 2099//2752 2097//2752
f 2102//2753 2101//2753 2099//2753
f 2104//2754 2103//2754 2101//2754
f 2106//2755 2105//2755 2103//2755
f 2008//2756 2007//2756 2105//2756
f 2110//2757 2109//2757 2107//2757
f 2112//2758 2111//2758 2109//2758
f 2114//2759 2113//2759 2111//2759
f 2116//2760 2115//2760 2113//2760
f 2118//2761 2117//2761 2115//2761
f 2120//2762 2119//2762 2117//2762
f 2122//2763 2121//2763 2119//2763
f 2124//2764 2123//2764 2121//2764
f 2126//2765 2125//2765 2123//2765
f 2128//2766 2127//2766 2125//2766
f 2130//2767 2129//2767 2127//2767
f 2132//2768 2131//2768 2129//2768
f 2134//2769 2133//2769 2131//2769
f 2136//2770 2135//2770 2133//2770
f 2138//2771 2137//2771 2135//2771
f 2140//2772 2139//2772 2137//2772
f 2142//2773 2141//2773 2139//2773
f 2144//2774 2143//2774 2141//2774
f 2146//2775 2145//2775 2143//2775
f 2148//2776 2147//2776 2145//2776
f 2150//2777 2149//2777 2147//2777
f 2152//2778 2151//2778 2149//2778
f 2154//2779 2153//2779 2151//2779
f 2156//2780 2155//2780 2153//2780
f 2158//2781 2157//2781 2155//2781
f 2160//2782 2159//2782 2157//2782
f 2162//2783 2161//2783 2159//2783
f 2164//2784 2163//2784 2161//2784
f 2166//2785 2165//2785 2163//2785
f 2168//2786 2167//2786 2165//2786
f 2170//2787 2169//2787 2167//2787
f 2172//2788 2171//2788 2169//2788
f 2174//2789 2173//2789 2171//2789
f 2176//2790 2175//2790 2173//2790
f 2178//2791 2177//2791 2175//2791
f 2108//2792 2107//2792 2177//2792
f 2182//2793 2181//2793 2179//2793
f 2184//2794 2183//2794 2181//2794
f 2186//2795 2185//2795 2183//2795
f 2188//2796 2187//2796 2185//2796
f 2190//2797 2189//2797 2187//2797
f 2192//2798 2191//2798 2189//2798
f 2194//2799 2193//2799 2191//2799
f 2196//2800 2195//2800 2193//2800
f 2198//2801 2197//2801 2195//2801
f 2200//2802 2199//2802 2197//2802
f 2202//2803 2201//2803 2199//2803
f 2204//2804 2203//2804 2201//2804
f 2206//2805 2205//2805 2203//2805
f 2208//2806 2207//2806 2205//2806
f 2210//2807 2209//2807 2207//2807
f 2212//2808 2211//2808 2209//2808
f 2214//2809 2213//2809 2211//2809
f 2216//2810 2215//2810 2213//2810
f 2218//2811 2217//2811 2215//2811
f 2220//2812 2219//2812 2217//2812
f 2222//2813 2221//2813 2219//2813
f 2224//2814 2223//2814 2221//2814
f 2226//2815 2225//2815 2223//2815
f 2228//2816 2227//2816 2225//2816
f 2230//2817 2229//2817 2227//2817
f 2232//2818 2231//2818 2229//2818
f 2234//2819 2233//2819 2231//2819
f 2236//2820 2235//2820 2233//2820
f 2238//2821 2237//2821 2235//2821
f 2240//2822 2239//2822 2237//2822
f 2242//2823 2241//2823 2239//2823
f 2244//2824 2243//2824 2241//2824
f 2246//2825 2245//2825 2243//2825
f 2248//2826 2247//2826 2245//2826
f 2250//2827 2249//2827 2247//2827
f 2252//2828 2251//2828 2249//2828
f 2254//2829 2253//2829 2251//2829
f 2256//2830 2255//2830 2253//2830
f 2258//2831 2257//2831 2255//2831
f 2260//2832 2259//2832 2257//2832
f 2262//2833 2261//2833 2259//2833
f 2264//2834 2263//2834 2261//2834
f 2266//2835 2265//2835 2263//2835
f 2268//2836 2267//2836 2265//2836
f 2270//2837 2269//2837 2267//2837
f 2272//2838 2271//2838 2269//2838
f 2274//2839 2273//2839 2271//2839
f 2276//2840 2275//2840 2273//2840
f 2278//2841 2277//2841 2275//2841
f 2280//2842 2279//2842 2277//2842
f 2282//2843 2281//2843 2279//2843
f 2284//2844 2283//2844 2281//2844
f 2286//2845 2285//2845 2283//2845
f 2288//2846 2287//2846 2285//2846
f 2290//2847 2289//2847 2287//2847
f 2292//2848 2291//2848 2289//2848
f 2294//2849 2293//2849 2291//2849
f 2296//2850 2295//2850 2293//2850
f 2298//2851 2297//2851 2295//2851
f 2300//2852 2299//2852 2297//2852
f 2302//2853 2301//2853 2299//2853
f 2304//2854 2303//2854 2301//2854
f 2306//2855 2305//2855 2303//2855
f 2308//2856 2307//2856 2305//2856
f 2310//2857 2309//2857 2307//2857
f 2312//2858 2311//2858 2309//2858
f 2314//2859 2313//2859 2311//2859
f 2316//2860 2315//2860 2313//2860
f 2318//2861 2317//2861 2315//2861
f 2320//2862 2319//2862 2317//2862
f 2322//2863 2321//2863 2319//2863
f 2324//2864 2323//2864 2321//2864
f 2326//2865 2325//2865 2323//2865
f 2328//2866 2327//2866 2325//2866
f 2330//2867 2329//2867 2327//2867
f 2332//2868 2331//2868 2329//2868
f 2334//2869 2333//2869 2331//2869
f 2336//2870 2335//2870 2333//2870
f 2338//2871 2337//2871 2335//2871
f 2340//2872 2339//2872 2337//2872
f 2342//2873 2341//2873 2339//2873
f 2344//2874 2343//2874 2341//2874
f 2346//2875 2345//2875 2343//2875
f 2348//2876 2347//2876 2345//2876
f 2350//2877 2349//2877 2347//2877
f 2352//2878 2351//2878 2349//2878
f 2354//2879 2353//2879 2351//2879
f 2356//2880 2355//2880 2353//2880
f 2358//2881 2357//2881 2355//2881
f 2360//2882 2359//2882 2357//2882
f 2362//2883 2361//2883 2359//2883
f 2180//2884 2179//2884 2361//2884
f 2366//2885 2365//2885 2363//2885
f 2368//2886 2367//2886 2365//2886
f 2370//2887 2369//2887 2367//2887
f 2372//2888 2371//2888 2369//2888
f 2374//2889 2373//2889 2371//2889
f 2376//2890 2375//2890 2373//2890
f 2378//2891 2377//2891 2375//2891
f 2380//2892 2379//2892 2377//2892
f 2382//2893 2381//2893 2379//2893
f 2384//2894 2383//2894 2381//2894
f 2386//2895 2385//2895 2383//2895
f 2388//2896 2387//2896 2385//2896
f 2390//2897 2389//2897 2387//2897
f 2392//2898 2391//2898 2389//2898
f 2394//2899 2393//2899 2391//2899
f 2396//2900 2395//2900 2393//2900
f 2398//2901 2397//2901 2395//2901
f 2400//2902 2399//2902 2397//2902
f 2402//2903 2401//2903 2399//2903
f 2404//2904 2403//2904 2401//2904
f 2406//2905 2405//2905 2403//2905
f 2408//2906 2407//2906 2405//2906
f 2410//2907 2409//2907 2407//2907
f 2412//2908 2411//2908 2409//2908
f 2414//2909 2413//2909 2411//2909
f 2416//2910 2415//2910 2413//2910
f 2418//2911 2417//2911 2415//2911
f 2420//2912 2419//2912 2417//2912
f 2422//2913 2421//2913 2419//2913
f 2424//2914 2423//2914 2421//2914
f 2426//2915 2425//2915 2423//2915
f 2428//2916 2427//2916 2425//2916
f 2430//2917 2429//2917 2427//2917
f 2432//2918 2431//2918 2429//2918
f 2434//2919 2433//2919 2431//2919
f 2436//2920 2435//2920 2433//2920
f 2438//2921 2437//2921 2435//2921
f 2440//2922 2439//2922 2437//2922
f 2442//2923 2441//2923 2439//2923
f 2444//2924 2443//2924 2441//2924
f 2446//2925 2445//2925 2443//2925
f 2448//2926 2447//2926 2445//2926
f 2450//2927 2449//2927 2447//2927
f 2452//2928 2451//2928 2449//2928
f 2454//2929 2453//2929 2451//2929
f 2456//2930 2455//2930 2453//2930
f 2458//2931 2457//2931 2455//2931
f 2460//2932 2459//2932 2457//2932
f 2462//2933 2461//2933 2459//2933
f 2464//2934 2463//2934 2461//2934
f 2466//2935 2465//2935 2463//2935
f 2468//2936 2467//2936 2465//2936
f 2470//2937 2469//2937 2467//2937
f 2472//2938 2471//2938 2469//2938
f 2474//2939 2473//2939 2471//2939
f 2476//2940 2475//2940 2473//2940
f 2478//2941 2477//2941 2475//2941
f 2480//2942 2479//2942 2477//2942
f 2482//2943 2481//2943 2479//2943
f 2484//2944 2483//2944 2481//2944
f 2486//2945 2485//2945 2483//2945
f 2488//2946 2487//2946 2485//2946
f 2490//2947 2489//2947 2487//2947
f 2492//2948 2491//2948 2489//2948
f 2494//2949 2493//2949 2491//2949
f 2496//2950 2495//2950 2493//2950
f 2498//2951 2497//2951 2495//2951
f 2500//2952 2499//2952 2497//2952
f 2502//2953 2501//2953 2499//2953
f 2504//2954 2503//2954 2501//2954
f 2506//2955 2505//2955 2503//2955
f 2508//2956 2507//2956 2505//2956
f 2510//2957 2509//2957 2507//2957
f 2512//2958 2511//2958 2509//2958
f 2514//2959 2513//2959 2511//2959
f 2516//2960 2515//2960 2513//2960
f 2518//2961 2517//2961 2515//2961
f 2364//2962 2363//2962 2517//2962
f 2522//2963 2521//2963 2519//2963
f 2524//2964 2523//2964 2521//2964
f 2526//2965 2525//2965 2523//2965
f 2528//2966 2527//2966 2525//2966
f 2530//2967 2529//2967 2527//2967
f 2532//2968 2531//2968 2529//2968
f 2534//2969 2533//2969 2531//2969
f 2536//2970 2535//2970 2533//2970
f 2538//2971 2537//2971 2535//2971
f 2540//2972 2539//2972 2537//2972
f 2542//2973 2541//2973 2539//2973
f 2544//2974 2543//2974 2541//2974
f 2546//2975 2545//2975 2543//2975
f 2548//2976 2547//2976 2545//2976
f 2550//2977 2549//2977 2547//2977
f 2552//2978 2551//2978 2549//2978
f 2554//2979 2553//2979 2551//2979
f 2556//2980 2555//2980 2553//2980
f 2558//2981 2557//2981 2555//2981
f 2560//2982 2559//2982 2557//2982
f 2562//2983 2561//2983 2559//2983
f 2564//2984 2563//2984 2561//2984
f 2566//2985 2565//2985 2563//2985
f 2568//2986 2567//2986 2565//2986
f 2570//2987 2569//2987 2567//2987
f 2572//2988 2571//2988 2569//2988
f 2574//2989 2573//2989 2571//2989
f 2576//2990 2575//2990 2573//2990
f 2578//2991 2577//2991 2575//2991
f 2580//2992 2579//2992 2577//2992
f 2582//2993 2581//2993 2579//2993
f 2584//2994 2583//2994 2581//2994
f 2586//2995 2585//2995 2583//2995
f 2588//2996 2587//2996 2585//2996
f 2590//2997 2589//2997 2587//2997
f 2592//2998 2591//2998 2589//2998
f 2594//2999 2593//2999 2591//2999
f 2596//3000 2595//3000 2593//3000
f 2598//3001 2597//3001 2595//3001
f 2600//3002 2599//3002 2597//3002
f 2602//3003 2601//3003 2599//3003
f 2604//3004 2603//3004 2601//3004
f 2606//3005 2605//3005 2603//3005
f 2608//3006 2607//3006 2605//3006
f 2610//3007 2609//3007 2607//3007
f 2612//3008 2611//3008 2609//3008
f 2614//3009 2613//3009 2611//3009
f 2616//3010 2615//3010 2613//3010
f 2618//3011 2617//3011 2615//3011
f 2620//3012 2619//3012 2617//3012
f 2622//3013 2621//3013 2619//3013
f 2624//3014 2623//3014 2621//3014
f 2626//3015 2625//3015 2623//3015
f 2628//3016 2627//3016 2625//3016
f 2630//3017 2629//3017 2627//3017
f 2632//3018 2631//3018 2629//3018
f 2634//3019 2633//3019 2631//3019
f 2636//3020 2635//3020 2633//3020
f 2638//3021 2637//3021 2635//3021
f 2640//3022 2639//3022 2637//3022
f 2642//3023 2641//3023 2639//3023
f 2644//3024 2643//3024 2641//3024
f 2646//3025 2645//3025 2643//3025
f 2520//3026 2519//3026 2645//3026
f 2650//3027 2649//3027 2647//3027
f 2652//3028 2651//3028 2649//3028
f 2654//3029 2653//3029 2651//3029
f 2656//3030 2655//3030 2653//3030
f 2658//3031 2657//3031 2655//3031
f 2660//3032 2659//3032 2657//3032
f 2662//3033 2661//3033 2659//3033
f 2664//3034 2663//3034 2661//3034
f 2666//3035 2665//3035 2663//3035
f 2668//3036 2667//3036 2665//3036
f 2670//3037 2669//3037 2667//3037
f 2672//3038 2671//3038 2669//3038
f 2674//3039 2673//3039 2671//3039
f 2676//3040 2675//3040 2673//3040
f 2678//3041 2677//3041 2675//3041
f 2680//3042 2679//3042 2677//3042
f 2682//3043 2681//3043 2679//3043
f 2684//3044 2683//3044 2681//3044
f 2686//3045 2685//3045 2683//3045
f 2688//3046 2687//3046 2685//3046
f 2690//3047 2689//3047 2687//3047
f 2692//3048 2691//3048 2689//3048
f 2694//3049 2693//3049 2691//3049
f 2696//3050 2695//3050 2693//3050
f 2698//3051 2697//3051 2695//3051
f 2700//3052 2699//3052 2697//3052
f 2702//3053 2701//3053 2699//3053
f 2704//3054 2703//3054 2701//3054
f 2706//3055 2705//3055 2703//3055
f 2708//3056 2707//3056 2705//3056
f 2710//3057 2709//3057 2707//3057
f 2712//3058 2711//3058 2709//3058
f 2714//3059 2713//3059 2711//3059
f 2716//3060 2715//3060 2713//3060
f 2718//3061 2717//3061 2715//3061
f 2720//3062 2719//3062 2717//3062
f 2722//3063 2721//3063 2719//3063
f 2724//3064 2723//3064 2721//3064
f 2726//3065 2725//3065 2723//3065
f 2728//3066 2727//3066 2725//3066
f 2730//3067 2729//3067 2727//3067
f 2732//3068 2731//3068 2729//3068
f 2734//3069 2733//3069 2731//3069
f 2736//3070 2735//3070 2733//3070
f 2738//3071 2737//3071 2735//3071
f 2740//3072 2739//3072 2737//3072
f 2742//3073 2741//3073 2739//3073
f 2744//3074 2743//3074 2741//3074
f 2746//3075 2745//3075 2743//3075
f 2748//3076 2747//3076 2745//3076
f 2750//3077 2749//3077 2747//3077
f 2752//3078 2751//3078 2749//3078
f 2754//3079 2753//3079 2751//3079
f 2756//3080 2755//3080 2753//3080
f 2758//3081 2757//3081 2755//3081
f 2760//3082 2759//3082 2757//3082
f 2762//3083 2761//3083 2759//3083
f 2764//3084 2763//3084 2761//3084
f 2766//3085 2765//3085 2763//3085
f 2768//3086 2767//3086 2765//3086
f 2770//3087 2769//3087 2767//3087
f 2772//3088 2771//3088 2769//3088
f 2774//3089 2773//3089 2771//3089
f 2776//3090 2775//3090 2773//3090
f 2778//3091 2777//3091 2775//3091
f 2780//3092 2779//3092 2777//3092
f 2782//3093 2781//3093 2779//3093
f 2784//3094 2783//3094 2781//3094
f 2786//3095 2785//3095 2783//3095
f 2788//3096 2787//3096 2785//3096
f 2790//3097 2789//3097 2787//3097
f 2792//3098 2791//3098 2789//3098
f 2794//3099 2793//3099 2791//3099
f 2796//3100 2795//3100 2793//3100
f 2798//3101 2797//3101 2795//3101
f 2800//3102 2799//3102 2797//3102
f 2802//3103 2801//3103 2799//3103
f 2804//3104 2803//3104 2801//3104
f 2806//3105 2805//3105 2803//3105
f 2808//3106 2807//3106 2805//3106
f 2810//3107 2809//3107 2807//3107
f 2812//3108 2811//3108 2809//3108
f 2814//3109 2813//3109 2811//3109
f 2816//3110 2815//3110 2813//3110
f 2818//3111 2817//3111 2815//3111
f 2820//3112 2819//3112 2817//3112
f 2822//3113 2821//3113 2819//3113
f 2824//3114 2823//3114 2821//3114
f 2826//3115 2825//3115 2823//3115
f 2828//3116 2827//3116 2825//3116
f 2830//3117 2829//3117 2827//3117
f 2648//3118 2647//3118 2829//3118
f 2834//3119 2833//3119 2831//3119
f 2836//3120 2835//3120 2833//3120
f 2838//3121 2837//3121 2835//3121
f 2840//3122 2839//3122 2837//3122
f 2842//3123 2841//3123 2839//3123
f 2844//3124 2843//3124 2841//3124
f 2846//3125 2845//3125 2843//3125
f 2848//3126 2847//3126 2845//3126
f 2850//3127 2849//3127 2847//3127
f 2852//3128 2851//3128 2849//3128
f 2854//3129 2853//3129 2851//3129
f 2856//3130 2855//3130 2853//3130
f 2858//3131 2857//3131 2855//3131
f 2860//3132 2859//3132 2857//3132
f 2862//3133 2861//3133 2859//3133
f 2864//3134 2863//3134 2861//3134
f 2866//3135 2865//3135 2863//3135
f 2868//3136 2867//3136 2865//3136
f 2870//3137 2869//3137 2867//3137
f 2872//3138 2871//3138 2869//3138
f 2874//3139 2873//3139 2871//3139
f 2876//3140 2875//3140 2873//3140
f 2878//3141 2877//3141 2875//3141
f 2880//3142 2879//3142 2877//3142
f 2882//3143 2881//3143 2879//3143
f 2884//3144 2883//3144 2881//3144
f 2886//3145 2885//3145 2883//3145
f 2888//3146 2887//3146 2885//3146
f 2890//3147 2889//3147 2887//3147
f 2892//3148 2891//3148 2889//3148
f 2894//3149 2893//3149 2891//3149
f 2896//3150 2895//3150 2893//3150
f 2898//3151 2897//3151 2895//3151
f 2900//3152 2899//3152 2897//3152
f 2902//3153 2901//3153 2899//3153
f 2904//3154 2903//3154 2901//3154
f 2906//3155 2905//3155 2903//3155
f 2908//3156 2907//3156 2905//3156
f 2910//3157 2909//3157 2907//3157
f 2912//3158 2911//3158 2909//3158
f 2914//3159 2913//3159 2911//3159
f 2916//3160 2915//3160 2913//3160
f 2918//3161 2917//3161 2915//3161
f 2920//3162 2919//3162 2917//3162
f 2922//3163 2921//3163 2919//3163
f 2924//3164 2923//3164 2921//3164
f 2926//3165 2925//3165 2923//3165
f 2928//3166 2927//3166 2925//3166
f 2930//3167 2929//3167 2927//3167
f 2932//3168 2931//3168 2929//3168
f 2934//3169 2933//3169 2931//3169
f 2936//3170 2935//3170 2933//3170
f 2938//3171 2937//3171 2935//3171
f 2940//3172 2939//3172 2937//3172
f 2942//3173 2941//3173 2939//3173
f 2944//3174 2943//3174 2941//3174
f 2946//3175 2945//3175 2943//3175
f 2948//3176 2947//3176 2945//3176
f 2950//3177 2949//3177 2947//3177
f 2952//3178 2951//3178 2949//3178
f 2954//3179 2953//3179 2951//3179
f 2956//3180 2955//3180 2953//3180
f 2958//3181 2957//3181 2955//3181
f 2960//3182 2959//3182 2957//3182
f 2962//3183 2961//3183 2959//3183
f 2964//3184 2963//3184 2961//3184
f 2966//3185 2965//3185 2963//3185
f 2968//3186 2967//3186 2965//3186
f 2970//3187 2969//3187 2967//3187
f 2972//3188 2971//3188 2969//3188
f 2974//3189 2973//3189 2971//3189
f 2976//3190 2975//3190 2973//3190
f 2978//3191 2977//3191 2975//3191
f 2980//3192 2979//3192 2977//3192
f 2982//3193 2981//3193 2979//3193
f 2984//3194 2983//3194 2981//3194
f 2986//3195 2985//3195 2983//3195
f 2988//3196 2987//3196 2985//3196
f 2990//3197 2989//3197 2987//3197
f 2992//3198 2991//3198 2989//3198
f 2994//3199 2993//3199 2991//3199
f 2832//3200 2831//3200 2993//3200
f 2998//3201 2997//3201 2995//3201
f 3000//3202 2999//3202 2997//3202
f 3002//3203 3001//3203 2999//3203
f 3004//3204 3003//3204 3001//3204
f 3006//3205 3005//3205 3003//3205
f 3008//3206 3007//3206 3005//3206
f 3010//3207 3009//3207 3007//3207
f 3012//3208 3011//3208 3009//3208
f 3014//3209 3013//3209 3011//3209
f 3016//3210 3015//3210 3013//3210
f 3018//3211 3017//3211 3015//3211
f 3020//3212 3019//3212 3017//3212
f 3022//3213 3021//3213 3019//3213
f 3024//3214 3023//3214 3021//3214
f 3026//3215 3025//3215 3023//3215
f 3028//3216 3027//3216 3025//3216
f 3030//3217 3029//3217 3027//3217
f 3032//3218 3031//3218 3029//3218
f 3034//3219 3033//3219 3031//3219
f 3036//3220 3035//3220 3033//3220
f 3038//3221 3037//3221 3035//3221
f 3040//3222 3039//3222 3037//3222
f 3042//3223 3041//3223 3039//3223
f 3044//3224 3043//3224 3041//3224
f 3046//3225 3045//3225 3043//3225
f 3048//3226 3047//3226 3045//3226
f 3050//3227 3049//3227 3047//3227
f 3052//3228 3051//3228 3049//3228
f 3054//3229 3053//3229 3051//3229
f 3056//3230 3055//3230 3053//3230
f 3058//3231 3057//3231 3055//3231
f 3060//3232 3059//3232 3057//3232
f 3062//3233 3061//3233 3059//3233
f 3064//3234 3063//3234 3061//3234
f 3066//3235 3065//3235 3063//3235
f 3068//3236 3067//3236 3065//3236
f 3070//3237 3069//3237 3067//3237
f 3072//3238 3071//3238 3069//3238
f 3074//3239 3073//3239 3071//3239
f 3076//3240 3075//3240 3073//3240
f 3078//3241 3077//3241 3075//3241
f 3080//3242 3079//3242 3077//3242
f 3082//3243 3081//3243 3079//3243
f 3084//3244 3083//3244 3081//3244
f 3086//3245 3085//3245 3083//3245
f 3088//3246 3087//3246 3085//3246
f 3090//3247 3089//3247 3087//3247
f 2996//3248 2995//3248 3089//3248
f 3094//3249 3093//3249 3091//3249
f 3096//3250 3095//3250 3093//3250
f 3098//3251 3097//3251 3095//3251
f 3100//3252 3099//3252 3097//3252
f 3102//3253 3101//3253 3099//3253
f 3104//3254 3103//3254 3101//3254
f 3106//3255 3105//3255 3103//3255
f 3108//3256 3107//3256 3105//3256
f 3110//3257 3109//3257 3107//3257
f 3112//3258 3111//3258 3109//3258
f 3114//3259 3113//3259 3111//3259
f 3116//3260 3115//3260 3113//3260
f 3118//3261 3117//3261 3115//3261
f 3120//3262 3119//3262 3117//3262
f 3122//3263 3121//3263 3119//3263
f 3124//3264 3123//3264 3121//3264
f 3126//3265 3125//3265 3123//3265
f 3128//3266 3127//3266 3125//3266
f 3092//3267 3091//3267 3127//3267
f 3132//3268 3131//3268 3129//3268
f 3134//3269 3133//3269 3131//3269
f 3136//3270 3135//3270 3133//3270
f 3138//3271 3137//3271 3135//3271
f 3140//3272 3139//3272 3137//3272
f 3142//3273 3141//3273 3139//3273
f 3144//3274 3143//3274 3141//3274
f 3146//3275 3145//3275 3143//3275
f 3148//3276 3147//3276 3145//3276
f 3150//3277 3149//3277 3147//3277
f 3152//3278 3151//3278 3149//3278
f 3154//3279 3153//3279 3151//3279
f 3156//3280 3155//3280 3153//3280
f 3158//3281 3157//3281 3155//3281
f 3160//3282 3159//3282 3157//3282
f 3162//3283 3161//3283 3159//3283
f 3164//3284 3163//3284 3161//3284
f 3166//3285 3165//3285 3163//3285
f 3168//3286 3167//3286 3165//3286
f 3170//3287 3169//3287 3167//3287
f 3172//3288 3171//3288 3169//3288
f 3174//3289 3173//3289 3171//3289
f 3176//3290 3175//3290 3173//3290
f 3178//3291 3177//3291 3175//3291
f 3180//3292 3179//3292 3177//3292
f 3182//3293 3181//3293 3179//3293
f 3184//3294 3183//3294 3181//3294
f 3186//3295 3185//3295 3183//3295
f 3188//3296 3187//3296 3185//3296
f 3190//3297 3189//3297 3187//3297
f 3192//3298 3191//3298 3189//3298
f 3194//3299 3193//3299 3191//3299
f 3196//3300 3195//3300 3193//3300
f 3198//3301 3197//3301 3195//3301
f 3200//3302 3199//3302 3197//3302
f 3202//3303 3201//3303 3199//3303
f 3204//3304 3203//3304 3201//3304
f 3206//3305 3205//3305 3203//3305
f 3208//3306 3207//3306 3205//3306
f 3210//3307 3209//3307 3207//3307
f 3212//3308 3211//3308 3209//3308
f 3214//3309 3213//3309 3211//3309
f 3216//3310 3215//3310 3213//3310
f 3218//3311 3217//3311 3215//3311
f 3220//3312 3219//3312 3217//3312
f 3222//3313 3221//3313 3219//3313
f 3224//3314 3223//3314 3221//3314
f 3226//3315 3225//3315 3223//3315
f 3228//3316 3227//3316 3225//3316
f 3230//3317 3229//3317 3227//3317
f 3232//3318 3231//3318 3229//3318
f 3234//3319 3233//3319 3231//3319
f 3236//3320 3235//3320 3233//3320
f 3238//3321 3237//3321 3235//3321
f 3240//3322 3239//3322 3237//3322
f 3242//3323 3241//3323 3239//3323
f 3244//3324 3243//3324 3241//3324
f 3246//3325 3245//3325 3243//3325
f 3248//3326 3247//3326 3245//3326
f 3250//3327 3249//3327 3247//3327
f 3252//3328 3251//3328 3249//3328
f 3254//3329 3253//3329 3251//3329
f 3256//3330 3255//3330 3253//3330
f 3258//3331 3257//3331 3255//3331
f 3260//3332 3259//3332 3257//3332
f 3262//3333 3261//3333 3259//3333
f 3264//3334 3263//3334 3261//3334
f 3266//3335 3265//3335 3263//3335
f 3268//3336 3267//3336 3265//3336
f 3270//3337 3269//3337 3267//3337
f 3272//3338 3271//3338 3269//3338
f 3274//3339 3273//3339 3271//3339
f 3276//3340 3275//3340 3273//3340
f 3278//3341 3277//3341 3275//3341
f 3280//3342 3279//3342 3277//3342
f 3282//3343 3281//3343 3279//3343
f 3284//3344 3283//3344 3281//3344
f 3286//3345 3285//3345 3283//3345
f 3288//3346 3287//3346 3285//3346
f 3290//3347 3289//3347 3287//3347
f 3292//3348 3291//3348 3289//3348
f 3130//3349 3129//3349 3291//3349
f 3296//3350 3295//3350 3293//3350
f 3298//3351 3297//3351 3295//3351
f 3300//3352 3299//3352 3297//3352
f 3302//3353 3301//3353 3299//3353
f 3304//3354 3303//3354 3301//3354
f 3306//3355 3305//3355 3303//3355
f 3308//3356 3307//3356 3305//3356
f 3310//3357 3309//3357 3307//3357
f 3312//3358 3311//3358 3309//3358
f 3314//3359 3313//3359 3311//3359
f 3316//3360 3315//3360 3313//3360
f 3318//3361 3317//3361 3315//3361
f 3320//3362 3319//3362 3317//3362
f 3322//3363 3321//3363 3319//3363
f 3324//3364 3323//3364 3321//3364
f 3326//3365 3325//3365 3323//3365
f 3328//3366 3327//3366 3325//3366
f 3330//3367 3329//3367 3327//3367
f 3332//3368 3331//3368 3329//3368
f 3334//3369 3333//3369 3331//3369
f 3336//3370 3335//3370 3333//3370
f 3338//3371 3337//3371 3335//3371
f 3340//3372 3339//3372 3337//3372
f 3342//3373 3341//3373 3339//3373
f 3344//3374 3343//3374 3341//3374
f 3346//3375 3345//3375 3343//3375
f 3348//3376 3347//3376 3345//3376
f 3350//3377 3349//3377 3347//3377
f 3352//3378 3351//3378 3349//3378
f 3354//3379 3353//3379 3351//3379
f 3356//3380 3355//3380 3353//3380
f 3358//3381 3357//3381 3355//3381
f 3360//3382 3359//3382 3357//3382
f 3362//3383 3361//3383 3359//3383
f 3364//3384 3363//3384 3361//3384
f 3366//3385 3365//3385 3363//3385
f 3368//3386 3367//3386 3365//3386
f 3370//3387 3369//3387 3367//3387
f 3372//3388 3371//3388 3369//3388
f 3374//3389 3373//3389 3371//3389
f 3376//3390 3375//3390 3373//3390
f 3378//3391 3377//3391 3375//3391
f 3380//3392 3379//3392 3377//3392
f 3382//3393 3381//3393 3379//3393
f 3384//3394 3383//3394 3381//3394
f 3386//3395 3385//3395 3383//3395
f 3388//3396 3387//3396 3385//3396
f 3390//3397 3389//3397 3387//3397
f 3392//3398 3391//3398 3389//3398
f 3394//3399 3393//3399 3391//3399
f 3396//3400 3395//3400 3393//3400
f 3398//3401 3397//3401 3395//3401
f 3400//3402 3399//3402 3397//3402
f 3402//3403 3401//3403 3399//3403
f 3404//3404 3403//3404 3401//3404
f 3406//3405 3405//3405 3403//3405
f 3408//3406 3407//3406 3405//3406
f 3410//3407 3409//3407 3407//3407
f 3412//3408 3411//3408 3409//3408
f 3414//3409 3413//3409 3411//3409
f 3416//3410 3415//3410 3413//3410
f 3418//3411 3417//3411 3415//3411
f 3420//3412 3419//3412 3417//3412
f 3294//3413 3293//3413 3419//3413
f 3421//3414 3432//3414 3422//3414
f 3432//3415 3431//3415 3427//3415
f 3422//3416 3432//3416 3423//3416
f 3431//3417 3430//3417 3428//3417
f 3430//3418 3429//3418 3428//3418
f 3423//3419 3432//3419 3425//3419
f 3425//3420 3424//3420 3423//3420
f 3425//3421 3432//3421 3427//3421
f 3431//3422 3428//3422 3427//3422
f 3444//3423 3433//3423 3434//3423
f 3435//3424 3436//3424 3437//3424
f 3444//3425 3434//3425 3435//3425
f 3441//3426 3442//3426 3440//3426
f 3442//3427 3443//3427 3440//3427
f 3443//3428 3444//3428 3439//3428
f 3444//3429 3435//3429 3437//3429
f 3439//3430 3444//3430 3437//3430
f 3437//3431 3438//3431 3439//3431
f 3422//3432 3434//3432 3433//3432
f 3423//3433 3435//3433 3434//3433
f 3423//3434 3424//3434 3436//3434
f 3425//3435 3437//3435 3436//3435
f 3426//3436 3438//3436 3437//3436
f 3427//3437 3439//3437 3438//3437
f 3428//3438 3440//3438 3439//3438
f 3429//3439 3441//3439 3440//3439
f 3430//3440 3442//3440 3441//3440
f 3431//3441 3443//3441 3442//3441
f 3432//3442 3444//3442 3443//3442
f 3421//3443 3433//3443 3444//3443
f 3445//3444 3449//3444 3448//3444
f 3448//3445 3447//3445 3445//3445
f 3454//3446 3450//3446 3453//3446
f 3450//3447 3451//3447 3452//3447
f 3446//3448 3451//3448 3450//3448
f 3447//3449 3452//3449 3451//3449
f 3448//3450 3453//3450 3452//3450
f 3449//3451 3454//3451 3453//3451
f 3445//3452 3450//3452 3454//3452
f 3457//3453 3456//3453 3455//3453
f 3460//3454 3461//3454 3462//3454
f 3456//3455 3460//3455 3459//3455
f 3457//3456 3461//3456 3460//3456
f 3458//3457 3462//3457 3461//3457
f 3455//3458 3459//3458 3462//3458
f 3465//3459 3464//3459 3463//3459
f 3467//3460 3468//3460 3469//3460
f 3464//3461 3468//3461 3467//3461
f 3465//3462 3469//3462 3468//3462
f 3466//3463 3470//3463 3469//3463
f 3463//3464 3467//3464 3470//3464
