# Original asset generated in Blender
v 0.040356 0.815642 0.156000
v 0.040779 0.815604 0.156000
v 0.041169 0.815488 0.156000
v 0.041526 0.815296 0.156000
v 0.041850 0.815027 0.156000
v 0.042119 0.814703 0.156000
v 0.042312 0.814345 0.156000
v 0.042427 0.813955 0.156000
v 0.042466 0.813532 0.156000
v 0.042466 0.799465 0.156000
v 0.042427 0.799042 0.156000
v 0.042312 0.798652 0.156000
v 0.042119 0.798294 0.156000
v 0.041850 0.797970 0.156000
v 0.041526 0.797701 0.156000
v 0.041169 0.797509 0.156000
v 0.040779 0.797393 0.156000
v 0.040356 0.797355 0.156000
v 0.032970 0.797355 0.156000
v 0.032586 0.797300 0.156000
v 0.032311 0.797135 0.156000
v 0.032146 0.796860 0.156000
v 0.032091 0.796476 0.156000
v 0.032091 0.767110 0.156000
v 0.032053 0.766687 0.156000
v 0.031937 0.766297 0.156000
v 0.031745 0.765940 0.156000
v 0.031476 0.765615 0.156000
v 0.031151 0.765346 0.156000
v 0.030794 0.765154 0.156000
v 0.030404 0.765038 0.156000
v 0.029981 0.765000 0.156000
v 0.013804 0.765000 0.156000
v 0.013380 0.765038 0.156000
v 0.012990 0.765154 0.156000
v 0.012633 0.765346 0.156000
v 0.012309 0.765615 0.156000
v 0.012040 0.765940 0.156000
v 0.011847 0.766297 0.156000
v 0.011732 0.766687 0.156000
v 0.011693 0.767110 0.156000
v 0.011693 0.796476 0.156000
v 0.011638 0.796860 0.156000
v 0.011474 0.797135 0.156000
v 0.011199 0.797300 0.156000
v 0.010814 0.797355 0.156000
v -0.042641 0.797355 0.156000
v -0.043065 0.797393 0.156000
v -0.043455 0.797509 0.156000
v -0.043812 0.797701 0.156000
v -0.044136 0.797970 0.156000
v -0.044405 0.798294 0.156000
v -0.044598 0.798652 0.156000
v -0.044713 0.799042 0.156000
v -0.044752 0.799465 0.156000
v -0.044752 0.810719 0.156000
v -0.044719 0.811279 0.156000
v -0.044620 0.811906 0.156000
v -0.044455 0.812598 0.156000
v -0.044224 0.813356 0.156000
v -0.010990 0.886506 0.156000
v -0.010572 0.887199 0.156000
v -0.010023 0.887693 0.156000
v -0.009342 0.887990 0.156000
v -0.008528 0.888089 0.156000
v 0.008704 0.888089 0.156000
v 0.009270 0.888050 0.156000
v 0.009737 0.887935 0.156000
v 0.010105 0.887743 0.156000
v 0.010375 0.887473 0.156000
v 0.010534 0.887127 0.156000
v 0.010572 0.886704 0.156000
v 0.010490 0.886204 0.156000
v 0.010287 0.885627 0.156000
v -0.021013 0.816697 0.156000
v -0.021079 0.816521 0.156000
v -0.021101 0.816346 0.156000
v -0.021079 0.816170 0.156000
v -0.021013 0.815994 0.156000
v -0.020914 0.815840 0.156000
v -0.020793 0.815730 0.156000
v -0.020650 0.815664 0.156000
v -0.020485 0.815642 0.156000
v 0.010814 0.815642 0.156000
v 0.011199 0.815697 0.156000
v 0.011474 0.815862 0.156000
v 0.011638 0.816137 0.156000
v 0.011693 0.816521 0.156000
v 0.011693 0.840436 0.156000
v 0.011732 0.840859 0.156000
v 0.011847 0.841249 0.156000
v 0.012040 0.841606 0.156000
v 0.012309 0.841930 0.156000
v 0.012633 0.842200 0.156000
v 0.012990 0.842392 0.156000
v 0.013380 0.842507 0.156000
v 0.013804 0.842546 0.156000
v 0.029981 0.842546 0.156000
v 0.030404 0.842507 0.156000
v 0.030794 0.842392 0.156000
v 0.031151 0.842200 0.156000
v 0.031476 0.841930 0.156000
v 0.031745 0.841606 0.156000
v 0.031937 0.841249 0.156000
v 0.032053 0.840859 0.156000
v 0.032091 0.840436 0.156000
v 0.032091 0.816521 0.156000
v 0.032146 0.816137 0.156000
v 0.032311 0.815862 0.156000
v 0.032586 0.815697 0.156000
v 0.032970 0.815642 0.156000
v 0.040356 0.815642 0.154000
v 0.040779 0.815604 0.154000
v 0.041169 0.815488 0.154000
v 0.041526 0.815296 0.154000
v 0.041850 0.815027 0.154000
v 0.042119 0.814703 0.154000
v 0.042312 0.814345 0.154000
v 0.042427 0.813955 0.154000
v 0.042466 0.813532 0.154000
v 0.042466 0.799465 0.154000
v 0.042427 0.799042 0.154000
v 0.042312 0.798652 0.154000
v 0.042119 0.798294 0.154000
v 0.041850 0.797970 0.154000
v 0.041526 0.797701 0.154000
v 0.041169 0.797509 0.154000
v 0.040779 0.797393 0.154000
v 0.040356 0.797355 0.154000
v 0.032970 0.797355 0.154000
v 0.032586 0.797300 0.154000
v 0.032311 0.797135 0.154000
v 0.032146 0.796860 0.154000
v 0.032091 0.796476 0.154000
v 0.032091 0.767110 0.154000
v 0.032053 0.766687 0.154000
v 0.031937 0.766297 0.154000
v 0.031745 0.765940 0.154000
v 0.031476 0.765615 0.154000
v 0.031151 0.765346 0.154000
v 0.030794 0.765154 0.154000
v 0.030404 0.765038 0.154000
v 0.029981 0.765000 0.154000
v 0.013804 0.765000 0.154000
v 0.013380 0.765038 0.154000
v 0.012990 0.765154 0.154000
v 0.012633 0.765346 0.154000
v 0.012309 0.765615 0.154000
v 0.012040 0.765940 0.154000
v 0.011847 0.766297 0.154000
v 0.011732 0.766687 0.154000
v 0.011693 0.767110 0.154000
v 0.011693 0.796476 0.154000
v 0.011638 0.796860 0.154000
v 0.011474 0.797135 0.154000
v 0.011199 0.797300 0.154000
v 0.010814 0.797355 0.154000
v -0.042641 0.797355 0.154000
v -0.043065 0.797393 0.154000
v -0.043455 0.797509 0.154000
v -0.043812 0.797701 0.154000
v -0.044136 0.797970 0.154000
v -0.044405 0.798294 0.154000
v -0.044598 0.798652 0.154000
v -0.044713 0.799042 0.154000
v -0.044752 0.799465 0.154000
v -0.044752 0.810719 0.154000
v -0.044719 0.811279 0.154000
v -0.044620 0.811906 0.154000
v -0.044455 0.812598 0.154000
v -0.044224 0.813356 0.154000
v -0.010990 0.886506 0.154000
v -0.010572 0.887199 0.154000
v -0.010023 0.887693 0.154000
v -0.009342 0.887990 0.154000
v -0.008528 0.888089 0.154000
v 0.008704 0.888089 0.154000
v 0.009270 0.888050 0.154000
v 0.009737 0.887935 0.154000
v 0.010105 0.887743 0.154000
v 0.010375 0.887473 0.154000
v 0.010534 0.887127 0.154000
v 0.010572 0.886704 0.154000
v 0.010490 0.886204 0.154000
v 0.010287 0.885627 0.154000
v -0.021013 0.816697 0.154000
v -0.021079 0.816521 0.154000
v -0.021101 0.816346 0.154000
v -0.021079 0.816170 0.154000
v -0.021013 0.815994 0.154000
v -0.020914 0.815840 0.154000
v -0.020793 0.815730 0.154000
v -0.020650 0.815664 0.154000
v -0.020485 0.815642 0.154000
v 0.010814 0.815642 0.154000
v 0.011199 0.815697 0.154000
v 0.011474 0.815862 0.154000
v 0.011638 0.816137 0.154000
v 0.011693 0.816521 0.154000
v 0.011693 0.840436 0.154000
v 0.011732 0.840859 0.154000
v 0.011847 0.841249 0.154000
v 0.012040 0.841606 0.154000
v 0.012309 0.841930 0.154000
v 0.012633 0.842200 0.154000
v 0.012990 0.842392 0.154000
v 0.013380 0.842507 0.154000
v 0.013804 0.842546 0.154000
v 0.029981 0.842546 0.154000
v 0.030404 0.842507 0.154000
v 0.030794 0.842392 0.154000
v 0.031151 0.842200 0.154000
v 0.031476 0.841930 0.154000
v 0.031745 0.841606 0.154000
v 0.031937 0.841249 0.154000
v 0.032053 0.840859 0.154000
v 0.032091 0.840436 0.154000
v 0.032091 0.816521 0.154000
v 0.032146 0.816137 0.154000
v 0.032311 0.815862 0.154000
v 0.032586 0.815697 0.154000
v 0.032970 0.815642 0.154000
v 0.040356 0.815642 0.154000
v 0.040356 0.815642 0.156000
v 0.040779 0.815604 0.154000
v 0.040779 0.815604 0.156000
v 0.041169 0.815488 0.154000
v 0.041169 0.815488 0.156000
v 0.041526 0.815296 0.154000
v 0.041526 0.815296 0.156000
v 0.041850 0.815027 0.154000
v 0.041850 0.815027 0.156000
v 0.042119 0.814703 0.154000
v 0.042119 0.814703 0.156000
v 0.042312 0.814345 0.154000
v 0.042312 0.814345 0.156000
v 0.042427 0.813955 0.154000
v 0.042427 0.813955 0.156000
v 0.042466 0.813532 0.154000
v 0.042466 0.813532 0.156000
v 0.042466 0.799465 0.154000
v 0.042466 0.799465 0.156000
v 0.042427 0.799042 0.154000
v 0.042427 0.799042 0.156000
v 0.042312 0.798652 0.154000
v 0.042312 0.798652 0.156000
v 0.042119 0.798294 0.154000
v 0.042119 0.798294 0.156000
v 0.041850 0.797970 0.154000
v 0.041850 0.797970 0.156000
v 0.041526 0.797701 0.154000
v 0.041526 0.797701 0.156000
v 0.041169 0.797509 0.154000
v 0.041169 0.797509 0.156000
v 0.040779 0.797393 0.154000
v 0.040779 0.797393 0.156000
v 0.040356 0.797355 0.154000
v 0.040356 0.797355 0.156000
v 0.032970 0.797355 0.154000
v 0.032970 0.797355 0.156000
v 0.032586 0.797300 0.154000
v 0.032586 0.797300 0.156000
v 0.032311 0.797135 0.154000
v 0.032311 0.797135 0.156000
v 0.032146 0.796860 0.154000
v 0.032146 0.796860 0.156000
v 0.032091 0.796476 0.154000
v 0.032091 0.796476 0.156000
v 0.032091 0.767110 0.154000
v 0.032091 0.767110 0.156000
v 0.032053 0.766687 0.154000
v 0.032053 0.766687 0.156000
v 0.031937 0.766297 0.154000
v 0.031937 0.766297 0.156000
v 0.031745 0.765940 0.154000
v 0.031745 0.765940 0.156000
v 0.031476 0.765615 0.154000
v 0.031476 0.765615 0.156000
v 0.031151 0.765346 0.154000
v 0.031151 0.765346 0.156000
v 0.030794 0.765154 0.154000
v 0.030794 0.765154 0.156000
v 0.030404 0.765038 0.154000
v 0.030404 0.765038 0.156000
v 0.029981 0.765000 0.154000
v 0.029981 0.765000 0.156000
v 0.013804 0.765000 0.154000
v 0.013804 0.765000 0.156000
v 0.013380 0.765038 0.154000
v 0.013380 0.765038 0.156000
v 0.012990 0.765154 0.154000
v 0.012990 0.765154 0.156000
v 0.012633 0.765346 0.154000
v 0.012633 0.765346 0.156000
v 0.012309 0.765615 0.154000
v 0.012309 0.765615 0.156000
v 0.012040 0.765940 0.154000
v 0.012040 0.765940 0.156000
v 0.011847 0.766297 0.154000
v 0.011847 0.766297 0.156000
v 0.011732 0.766687 0.154000
v 0.011732 0.766687 0.156000
v 0.011693 0.767110 0.154000
v 0.011693 0.767110 0.156000
v 0.011693 0.796476 0.154000
v 0.011693 0.796476 0.156000
v 0.011638 0.796860 0.154000
v 0.011638 0.796860 0.156000
v 0.011474 0.797135 0.154000
v 0.011474 0.797135 0.156000
v 0.011199 0.797300 0.154000
v 0.011199 0.797300 0.156000
v 0.010814 0.797355 0.154000
v 0.010814 0.797355 0.156000
v -0.042641 0.797355 0.154000
v -0.042641 0.797355 0.156000
v -0.043065 0.797393 0.154000
v -0.043065 0.797393 0.156000
v -0.043455 0.797509 0.154000
v -0.043455 0.797509 0.156000
v -0.043812 0.797701 0.154000
v -0.043812 0.797701 0.156000
v -0.044136 0.797970 0.154000
v -0.044136 0.797970 0.156000
v -0.044405 0.798294 0.154000
v -0.044405 0.798294 0.156000
v -0.044598 0.798652 0.154000
v -0.044598 0.798652 0.156000
v -0.044713 0.799042 0.154000
v -0.044713 0.799042 0.156000
v -0.044752 0.799465 0.154000
v -0.044752 0.799465 0.156000
v -0.044752 0.810719 0.154000
v -0.044752 0.810719 0.156000
v -0.044719 0.811279 0.154000
v -0.044719 0.811279 0.156000
v -0.044620 0.811906 0.154000
v -0.044620 0.811906 0.156000
v -0.044455 0.812598 0.154000
v -0.044455 0.812598 0.156000
v -0.044224 0.813356 0.154000
v -0.044224 0.813356 0.156000
v -0.010990 0.886506 0.154000
v -0.010990 0.886506 0.156000
v -0.010572 0.887199 0.154000
v -0.010572 0.887199 0.156000
v -0.010023 0.887693 0.154000
v -0.010023 0.887693 0.156000
v -0.009342 0.887990 0.154000
v -0.009342 0.887990 0.156000
v -0.008528 0.888089 0.154000
v -0.008528 0.888089 0.156000
v 0.008704 0.888089 0.154000
v 0.008704 0.888089 0.156000
v 0.009270 0.888050 0.154000
v 0.009270 0.888050 0.156000
v 0.009737 0.887935 0.154000
v 0.009737 0.887935 0.156000
v 0.010105 0.887743 0.154000
v 0.010105 0.887743 0.156000
v 0.010375 0.887473 0.154000
v 0.010375 0.887473 0.156000
v 0.010534 0.887127 0.154000
v 0.010534 0.887127 0.156000
v 0.010572 0.886704 0.154000
v 0.010572 0.886704 0.156000
v 0.010490 0.886204 0.154000
v 0.010490 0.886204 0.156000
v 0.010287 0.885627 0.154000
v 0.010287 0.885627 0.156000
v -0.021013 0.816697 0.154000
v -0.021013 0.816697 0.156000
v -0.021079 0.816521 0.154000
v -0.021079 0.816521 0.156000
v -0.021101 0.816346 0.154000
v -0.021101 0.816346 0.156000
v -0.021079 0.816170 0.154000
v -0.021079 0.816170 0.156000
v -0.021013 0.815994 0.154000
v -0.021013 0.815994 0.156000
v -0.020914 0.815840 0.154000
v -0.020914 0.815840 0.156000
v -0.020793 0.815730 0.154000
v -0.020793 0.815730 0.156000
v -0.020650 0.815664 0.154000
v -0.020650 0.815664 0.156000
v -0.020485 0.815642 0.154000
v -0.020485 0.815642 0.156000
v 0.010814 0.815642 0.154000
v 0.010814 0.815642 0.156000
v 0.011199 0.815697 0.154000
v 0.011199 0.815697 0.156000
v 0.011474 0.815862 0.154000
v 0.011474 0.815862 0.156000
v 0.011638 0.816137 0.154000
v 0.011638 0.816137 0.156000
v 0.011693 0.816521 0.154000
v 0.011693 0.816521 0.156000
v 0.011693 0.840436 0.154000
v 0.011693 0.840436 0.156000
v 0.011732 0.840859 0.154000
v 0.011732 0.840859 0.156000
v 0.011847 0.841249 0.154000
v 0.011847 0.841249 0.156000
v 0.012040 0.841606 0.154000
v 0.012040 0.841606 0.156000
v 0.012309 0.841930 0.154000
v 0.012309 0.841930 0.156000
v 0.012633 0.842200 0.154000
v 0.012633 0.842200 0.156000
v 0.012990 0.842392 0.154000
v 0.012990 0.842392 0.156000
v 0.013380 0.842507 0.154000
v 0.013380 0.842507 0.156000
v 0.013804 0.842546 0.154000
v 0.013804 0.842546 0.156000
v 0.029981 0.842546 0.154000
v 0.029981 0.842546 0.156000
v 0.030404 0.842507 0.154000
v 0.030404 0.842507 0.156000
v 0.030794 0.842392 0.154000
v 0.030794 0.842392 0.156000
v 0.031151 0.842200 0.154000
v 0.031151 0.842200 0.156000
v 0.031476 0.841930 0.154000
v 0.031476 0.841930 0.156000
v 0.031745 0.841606 0.154000
v 0.031745 0.841606 0.156000
v 0.031937 0.841249 0.154000
v 0.031937 0.841249 0.156000
v 0.032053 0.840859 0.154000
v 0.032053 0.840859 0.156000
v 0.032091 0.840436 0.154000
v 0.032091 0.840436 0.156000
v 0.032091 0.816521 0.154000
v 0.032091 0.816521 0.156000
v 0.032146 0.816137 0.154000
v 0.032146 0.816137 0.156000
v 0.032311 0.815862 0.154000
v 0.032311 0.815862 0.156000
v 0.032586 0.815697 0.154000
v 0.032586 0.815697 0.156000
v 0.032970 0.815642 0.154000
v 0.032970 0.815642 0.156000
v 0.081042 0.264294 0.156000
v 0.081136 0.264285 0.156000
v 0.081223 0.264259 0.156000
v 0.081302 0.264217 0.156000
v 0.081374 0.264157 0.156000
v 0.081434 0.264085 0.156000
v 0.081476 0.264006 0.156000
v 0.081502 0.263919 0.156000
v 0.081510 0.263826 0.156000
v 0.081510 0.260823 0.156000
v 0.081502 0.260730 0.156000
v 0.081476 0.260643 0.156000
v 0.081434 0.260564 0.156000
v 0.081374 0.260492 0.156000
v 0.081302 0.260432 0.156000
v 0.081223 0.260390 0.156000
v 0.081136 0.260364 0.156000
v 0.081042 0.260355 0.156000
v 0.073868 0.260355 0.156000
v 0.073783 0.260343 0.156000
v 0.073722 0.260307 0.156000
v 0.073685 0.260246 0.156000
v 0.073673 0.260161 0.156000
v 0.073673 0.237468 0.156000
v 0.073665 0.237374 0.156000
v 0.073639 0.237288 0.156000
v 0.073596 0.237208 0.156000
v 0.073537 0.237136 0.156000
v 0.073465 0.237077 0.156000
v 0.073386 0.237034 0.156000
v 0.073299 0.237009 0.156000
v 0.073205 0.237000 0.156000
v 0.069618 0.237000 0.156000
v 0.069524 0.237009 0.156000
v 0.069438 0.237034 0.156000
v 0.069359 0.237077 0.156000
v 0.069287 0.237136 0.156000
v 0.069227 0.237208 0.156000
v 0.069184 0.237288 0.156000
v 0.069159 0.237374 0.156000
v 0.069150 0.237468 0.156000
v 0.069150 0.260161 0.156000
v 0.069138 0.260246 0.156000
v 0.069101 0.260307 0.156000
v 0.069041 0.260343 0.156000
v 0.068955 0.260355 0.156000
v 0.062054 0.260355 0.156000
v 0.061960 0.260364 0.156000
v 0.061874 0.260390 0.156000
v 0.061794 0.260432 0.156000
v 0.061722 0.260492 0.156000
v 0.061663 0.260564 0.156000
v 0.061620 0.260643 0.156000
v 0.061595 0.260730 0.156000
v 0.061586 0.260823 0.156000
v 0.061586 0.263826 0.156000
v 0.061595 0.263919 0.156000
v 0.061620 0.264006 0.156000
v 0.061663 0.264085 0.156000
v 0.061722 0.264157 0.156000
v 0.061794 0.264217 0.156000
v 0.061874 0.264259 0.156000
v 0.061960 0.264285 0.156000
v 0.062054 0.264294 0.156000
v 0.052891 0.263826 0.156000
v 0.052900 0.263919 0.156000
v 0.052925 0.264006 0.156000
v 0.052968 0.264085 0.156000
v 0.053028 0.264157 0.156000
v 0.053099 0.264217 0.156000
v 0.053179 0.264259 0.156000
v 0.053265 0.264285 0.156000
v 0.053359 0.264294 0.156000
v 0.056946 0.264294 0.156000
v 0.057040 0.264285 0.156000
v 0.057126 0.264259 0.156000
v 0.057206 0.264217 0.156000
v 0.057278 0.264157 0.156000
v 0.057337 0.264085 0.156000
v 0.057380 0.264006 0.156000
v 0.057405 0.263919 0.156000
v 0.057414 0.263826 0.156000
v 0.057414 0.237468 0.156000
v 0.057405 0.237374 0.156000
v 0.057380 0.237288 0.156000
v 0.057337 0.237208 0.156000
v 0.057278 0.237136 0.156000
v 0.057206 0.237077 0.156000
v 0.057126 0.237034 0.156000
v 0.057040 0.237009 0.156000
v 0.056946 0.237000 0.156000
v 0.053476 0.237000 0.156000
v 0.053296 0.237019 0.156000
v 0.053144 0.237078 0.156000
v 0.053023 0.237175 0.156000
v 0.052930 0.237312 0.156000
v 0.041701 0.255716 0.156000
v 0.041662 0.255766 0.156000
v 0.041623 0.255798 0.156000
v 0.041584 0.255814 0.156000
v 0.041545 0.255813 0.156000
v 0.041511 0.255795 0.156000
v 0.041486 0.255759 0.156000
v 0.041472 0.255707 0.156000
v 0.041467 0.255638 0.156000
v 0.041545 0.237468 0.156000
v 0.041536 0.237374 0.156000
v 0.041511 0.237288 0.156000
v 0.041468 0.237208 0.156000
v 0.041408 0.237136 0.156000
v 0.041336 0.237077 0.156000
v 0.041257 0.237034 0.156000
v 0.041171 0.237009 0.156000
v 0.041077 0.237000 0.156000
v 0.037490 0.237000 0.156000
v 0.037396 0.237009 0.156000
v 0.037309 0.237034 0.156000
v 0.037230 0.237077 0.156000
v 0.037158 0.237136 0.156000
v 0.037099 0.237208 0.156000
v 0.037056 0.237288 0.156000
v 0.037030 0.237374 0.156000
v 0.037022 0.237468 0.156000
v 0.037022 0.263826 0.156000
v 0.037030 0.263919 0.156000
v 0.037056 0.264006 0.156000
v 0.037099 0.264085 0.156000
v 0.037158 0.264157 0.156000
v 0.037230 0.264217 0.156000
v 0.037309 0.264259 0.156000
v 0.037396 0.264285 0.156000
v 0.037490 0.264294 0.156000
v 0.040960 0.264294 0.156000
v 0.041140 0.264274 0.156000
v 0.041291 0.264216 0.156000
v 0.041413 0.264118 0.156000
v 0.041506 0.263982 0.156000
v 0.052696 0.245578 0.156000
v 0.052735 0.245528 0.156000
v 0.052774 0.245495 0.156000
v 0.052813 0.245479 0.156000
v 0.052852 0.245480 0.156000
v 0.052886 0.245499 0.156000
v 0.052911 0.245534 0.156000
v 0.052925 0.245587 0.156000
v 0.052930 0.245656 0.156000
v 0.032421 0.260862 0.156000
v 0.032412 0.260769 0.156000
v 0.032387 0.260682 0.156000
v 0.032344 0.260603 0.156000
v 0.032284 0.260531 0.156000
v 0.032213 0.260471 0.156000
v 0.032133 0.260429 0.156000
v 0.032047 0.260403 0.156000
v 0.031953 0.260394 0.156000
v 0.018657 0.260394 0.156000
v 0.018572 0.260382 0.156000
v 0.018511 0.260346 0.156000
v 0.018474 0.260285 0.156000
v 0.018462 0.260200 0.156000
v 0.018462 0.252908 0.156000
v 0.018474 0.252823 0.156000
v 0.018511 0.252762 0.156000
v 0.018572 0.252725 0.156000
v 0.018657 0.252713 0.156000
v 0.027586 0.252713 0.156000
v 0.027680 0.252705 0.156000
v 0.027766 0.252679 0.156000
v 0.027846 0.252637 0.156000
v 0.027917 0.252577 0.156000
v 0.027977 0.252505 0.156000
v 0.028020 0.252426 0.156000
v 0.028045 0.252339 0.156000
v 0.028054 0.252245 0.156000
v 0.028054 0.249282 0.156000
v 0.028045 0.249188 0.156000
v 0.028020 0.249102 0.156000
v 0.027977 0.249023 0.156000
v 0.027917 0.248951 0.156000
v 0.027846 0.248891 0.156000
v 0.027766 0.248848 0.156000
v 0.027680 0.248823 0.156000
v 0.027586 0.248814 0.156000
v 0.018657 0.248814 0.156000
v 0.018572 0.248802 0.156000
v 0.018511 0.248765 0.156000
v 0.018474 0.248705 0.156000
v 0.018462 0.248619 0.156000
v 0.018462 0.241094 0.156000
v 0.018474 0.241009 0.156000
v 0.018511 0.240948 0.156000
v 0.018572 0.240911 0.156000
v 0.018657 0.240899 0.156000
v 0.031953 0.240899 0.156000
v 0.032047 0.240891 0.156000
v 0.032133 0.240865 0.156000
v 0.032213 0.240822 0.156000
v 0.032284 0.240763 0.156000
v 0.032344 0.240691 0.156000
v 0.032387 0.240611 0.156000
v 0.032412 0.240525 0.156000
v 0.032421 0.240431 0.156000
v 0.032421 0.237468 0.156000
v 0.032412 0.237374 0.156000
v 0.032387 0.237288 0.156000
v 0.032344 0.237208 0.156000
v 0.032284 0.237136 0.156000
v 0.032213 0.237077 0.156000
v 0.032133 0.237034 0.156000
v 0.032047 0.237009 0.156000
v 0.031953 0.237000 0.156000
v 0.014407 0.237000 0.156000
v 0.014313 0.237009 0.156000
v 0.014227 0.237034 0.156000
v 0.014148 0.237077 0.156000
v 0.014076 0.237136 0.156000
v 0.014016 0.237208 0.156000
v 0.013973 0.237288 0.156000
v 0.013948 0.237374 0.156000
v 0.013939 0.237468 0.156000
v 0.013939 0.263826 0.156000
v 0.013948 0.263919 0.156000
v 0.013973 0.264006 0.156000
v 0.014016 0.264085 0.156000
v 0.014076 0.264157 0.156000
v 0.014148 0.264217 0.156000
v 0.014227 0.264259 0.156000
v 0.014313 0.264285 0.156000
v 0.014407 0.264294 0.156000
v 0.031953 0.264294 0.156000
v 0.032047 0.264285 0.156000
v 0.032133 0.264259 0.156000
v 0.032213 0.264217 0.156000
v 0.032284 0.264157 0.156000
v 0.032344 0.264085 0.156000
v 0.032387 0.264006 0.156000
v 0.032412 0.263919 0.156000
v 0.032421 0.263826 0.156000
v -0.000838 0.236688 0.156000
v -0.002257 0.236760 0.156000
v -0.003587 0.236976 0.156000
v -0.004830 0.237335 0.156000
v -0.005985 0.237838 0.156000
v -0.007033 0.238473 0.156000
v -0.007954 0.239227 0.156000
v -0.008749 0.240101 0.156000
v -0.009416 0.241094 0.156000
v -0.009945 0.242186 0.156000
v -0.010323 0.243356 0.156000
v -0.010549 0.244603 0.156000
v -0.010625 0.245929 0.156000
v -0.010625 0.255365 0.156000
v -0.010549 0.256706 0.156000
v -0.010323 0.257962 0.156000
v -0.009945 0.259133 0.156000
v -0.009416 0.260219 0.156000
v -0.008749 0.261204 0.156000
v -0.007954 0.262071 0.156000
v -0.007033 0.262822 0.156000
v -0.005985 0.263455 0.156000
v -0.004830 0.263959 0.156000
v -0.003587 0.264318 0.156000
v -0.002257 0.264534 0.156000
v -0.000838 0.264606 0.156000
v 0.000562 0.264535 0.156000
v 0.001876 0.264323 0.156000
v 0.003106 0.263969 0.156000
v 0.004250 0.263475 0.156000
v 0.005289 0.262858 0.156000
v 0.006204 0.262139 0.156000
v 0.006995 0.261318 0.156000
v 0.007662 0.260394 0.156000
v 0.008191 0.259388 0.156000
v 0.008568 0.258318 0.156000
v 0.008795 0.257185 0.156000
v 0.008870 0.255989 0.156000
v 0.008870 0.255677 0.156000
v 0.008862 0.255583 0.156000
v 0.008836 0.255496 0.156000
v 0.008794 0.255417 0.156000
v 0.008734 0.255345 0.156000
v 0.008662 0.255285 0.156000
v 0.008583 0.255243 0.156000
v 0.008496 0.255217 0.156000
v 0.008403 0.255209 0.156000
v 0.004854 0.255209 0.156000
v 0.004761 0.255217 0.156000
v 0.004674 0.255243 0.156000
v 0.004595 0.255285 0.156000
v 0.004523 0.255345 0.156000
v 0.004463 0.255417 0.156000
v 0.004421 0.255496 0.156000
v 0.004395 0.255583 0.156000
v 0.004386 0.255677 0.156000
v 0.004386 0.255872 0.156000
v 0.004298 0.256878 0.156000
v 0.004031 0.257792 0.156000
v 0.003586 0.258613 0.156000
v 0.002963 0.259342 0.156000
v 0.002192 0.259939 0.156000
v 0.001301 0.260365 0.156000
v 0.000291 0.260621 0.156000
v -0.000838 0.260706 0.156000
v -0.001969 0.260617 0.156000
v -0.002983 0.260351 0.156000
v -0.003880 0.259906 0.156000
v -0.004659 0.259283 0.156000
v -0.005291 0.258514 0.156000
v -0.005741 0.257631 0.156000
v -0.006012 0.256633 0.156000
v -0.006102 0.255521 0.156000
v -0.006102 0.245773 0.156000
v -0.006007 0.244660 0.156000
v -0.005722 0.243663 0.156000
v -0.005247 0.242779 0.156000
v -0.004581 0.242010 0.156000
v -0.003765 0.241388 0.156000
v -0.002837 0.240943 0.156000
v -0.001796 0.240676 0.156000
v -0.000643 0.240587 0.156000
v 0.000464 0.240664 0.156000
v 0.001448 0.240894 0.156000
v 0.002307 0.241278 0.156000
v 0.003041 0.241815 0.156000
v 0.003630 0.242487 0.156000
v 0.004050 0.243273 0.156000
v 0.004302 0.244173 0.156000
v 0.004386 0.245188 0.156000
v 0.004386 0.247606 0.156000
v 0.004374 0.247691 0.156000
v 0.004338 0.247752 0.156000
v 0.004277 0.247788 0.156000
v 0.004192 0.247800 0.156000
v -0.000604 0.247800 0.156000
v -0.000698 0.247809 0.156000
v -0.000785 0.247835 0.156000
v -0.000864 0.247877 0.156000
v -0.000936 0.247937 0.156000
v -0.000995 0.248009 0.156000
v -0.001038 0.248088 0.156000
v -0.001064 0.248174 0.156000
v -0.001072 0.248268 0.156000
v -0.001072 0.251154 0.156000
v -0.001064 0.251247 0.156000
v -0.001038 0.251334 0.156000
v -0.000995 0.251413 0.156000
v -0.000936 0.251485 0.156000
v -0.000864 0.251545 0.156000
v -0.000785 0.251587 0.156000
v -0.000698 0.251613 0.156000
v -0.000604 0.251622 0.156000
v 0.008403 0.251622 0.156000
v 0.008496 0.251613 0.156000
v 0.008583 0.251587 0.156000
v 0.008662 0.251545 0.156000
v 0.008734 0.251485 0.156000
v 0.008794 0.251413 0.156000
v 0.008836 0.251334 0.156000
v 0.008862 0.251247 0.156000
v 0.008870 0.251154 0.156000
v 0.008870 0.246163 0.156000
v 0.008706 0.244045 0.156000
v 0.008212 0.242176 0.156000
v 0.007390 0.240555 0.156000
v 0.006239 0.239183 0.156000
v 0.004809 0.238092 0.156000
v 0.003153 0.237312 0.156000
v 0.001271 0.236844 0.156000
v -0.018540 0.237000 0.156000
v -0.018720 0.237022 0.156000
v -0.018872 0.237088 0.156000
v -0.018993 0.237197 0.156000
v -0.019086 0.237351 0.156000
v -0.024233 0.248580 0.156000
v -0.024277 0.248649 0.156000
v -0.024330 0.248697 0.156000
v -0.024394 0.248726 0.156000
v -0.024467 0.248736 0.156000
v -0.029146 0.248736 0.156000
v -0.029231 0.248724 0.156000
v -0.029292 0.248688 0.156000
v -0.029328 0.248627 0.156000
v -0.029341 0.248541 0.156000
v -0.029341 0.237468 0.156000
v -0.029349 0.237374 0.156000
v -0.029375 0.237288 0.156000
v -0.029417 0.237208 0.156000
v -0.029477 0.237136 0.156000
v -0.029549 0.237077 0.156000
v -0.029628 0.237034 0.156000
v -0.029715 0.237009 0.156000
v -0.029808 0.237000 0.156000
v -0.033396 0.237000 0.156000
v -0.033489 0.237009 0.156000
v -0.033576 0.237034 0.156000
v -0.033655 0.237077 0.156000
v -0.033727 0.237136 0.156000
v -0.033787 0.237208 0.156000
v -0.033829 0.237288 0.156000
v -0.033855 0.237374 0.156000
v -0.033864 0.237468 0.156000
v -0.033864 0.263826 0.156000
v -0.033855 0.263919 0.156000
v -0.033829 0.264006 0.156000
v -0.033787 0.264085 0.156000
v -0.033727 0.264157 0.156000
v -0.033655 0.264217 0.156000
v -0.033576 0.264259 0.156000
v -0.033489 0.264285 0.156000
v -0.033396 0.264294 0.156000
v -0.022673 0.264294 0.156000
v -0.021518 0.264231 0.156000
v -0.020431 0.264045 0.156000
v -0.019413 0.263734 0.156000
v -0.018462 0.263299 0.156000
v -0.017597 0.262751 0.156000
v -0.016834 0.262100 0.156000
v -0.016174 0.261347 0.156000
v -0.015616 0.260492 0.156000
v -0.015172 0.259553 0.156000
v -0.014856 0.258547 0.156000
v -0.014665 0.257476 0.156000
v -0.014602 0.256339 0.156000
v -0.014689 0.255044 0.156000
v -0.014948 0.253849 0.156000
v -0.015381 0.252753 0.156000
v -0.015986 0.251758 0.156000
v -0.016745 0.250884 0.156000
v -0.017638 0.250154 0.156000
v -0.018666 0.249568 0.156000
v -0.019827 0.249126 0.156000
v -0.019863 0.249121 0.156000
v -0.019895 0.249107 0.156000
v -0.019922 0.249082 0.156000
v -0.019944 0.249048 0.156000
v -0.019958 0.249009 0.156000
v -0.019963 0.248970 0.156000
v -0.019958 0.248931 0.156000
v -0.019944 0.248892 0.156000
v -0.014446 0.237546 0.156000
v -0.014412 0.237473 0.156000
v -0.014388 0.237409 0.156000
v -0.014373 0.237356 0.156000
v -0.014368 0.237312 0.156000
v -0.014395 0.237175 0.156000
v -0.014475 0.237078 0.156000
v -0.014609 0.237019 0.156000
v -0.014797 0.237000 0.156000
v -0.029146 0.260394 0.156000
v -0.029231 0.260382 0.156000
v -0.029292 0.260346 0.156000
v -0.029328 0.260285 0.156000
v -0.029341 0.260200 0.156000
v -0.029341 0.252440 0.156000
v -0.029328 0.252355 0.156000
v -0.029292 0.252294 0.156000
v -0.029231 0.252258 0.156000
v -0.029146 0.252245 0.156000
v -0.023297 0.252245 0.156000
v -0.022406 0.252315 0.156000
v -0.021606 0.252523 0.156000
v -0.020895 0.252871 0.156000
v -0.020275 0.253357 0.156000
v -0.019772 0.253957 0.156000
v -0.019413 0.254648 0.156000
v -0.019197 0.255429 0.156000
v -0.019125 0.256300 0.156000
v -0.019197 0.257173 0.156000
v -0.019413 0.257958 0.156000
v -0.019772 0.258655 0.156000
v -0.020275 0.259264 0.156000
v -0.020895 0.259758 0.156000
v -0.021606 0.260112 0.156000
v -0.022406 0.260324 0.156000
v -0.023297 0.260394 0.156000
v -0.038464 0.260862 0.156000
v -0.038473 0.260769 0.156000
v -0.038499 0.260682 0.156000
v -0.038541 0.260603 0.156000
v -0.038601 0.260531 0.156000
v -0.038673 0.260471 0.156000
v -0.038752 0.260429 0.156000
v -0.038839 0.260403 0.156000
v -0.038932 0.260394 0.156000
v -0.052228 0.260394 0.156000
v -0.052314 0.260382 0.156000
v -0.052374 0.260346 0.156000
v -0.052411 0.260285 0.156000
v -0.052423 0.260200 0.156000
v -0.052423 0.252908 0.156000
v -0.052411 0.252823 0.156000
v -0.052374 0.252762 0.156000
v -0.052314 0.252725 0.156000
v -0.052228 0.252713 0.156000
v -0.043299 0.252713 0.156000
v -0.043205 0.252705 0.156000
v -0.043119 0.252679 0.156000
v -0.043040 0.252637 0.156000
v -0.042968 0.252577 0.156000
v -0.042908 0.252505 0.156000
v -0.042866 0.252426 0.156000
v -0.042840 0.252339 0.156000
v -0.042831 0.252245 0.156000
v -0.042831 0.249282 0.156000
v -0.042840 0.249188 0.156000
v -0.042866 0.249102 0.156000
v -0.042908 0.249023 0.156000
v -0.042968 0.248951 0.156000
v -0.043040 0.248891 0.156000
v -0.043119 0.248848 0.156000
v -0.043205 0.248823 0.156000
v -0.043299 0.248814 0.156000
v -0.052228 0.248814 0.156000
v -0.052314 0.248802 0.156000
v -0.052374 0.248765 0.156000
v -0.052411 0.248705 0.156000
v -0.052423 0.248619 0.156000
v -0.052423 0.241094 0.156000
v -0.052411 0.241009 0.156000
v -0.052374 0.240948 0.156000
v -0.052314 0.240911 0.156000
v -0.052228 0.240899 0.156000
v -0.038932 0.240899 0.156000
v -0.038839 0.240891 0.156000
v -0.038752 0.240865 0.156000
v -0.038673 0.240822 0.156000
v -0.038601 0.240763 0.156000
v -0.038541 0.240691 0.156000
v -0.038499 0.240611 0.156000
v -0.038473 0.240525 0.156000
v -0.038464 0.240431 0.156000
v -0.038464 0.237468 0.156000
v -0.038473 0.237374 0.156000
v -0.038499 0.237288 0.156000
v -0.038541 0.237208 0.156000
v -0.038601 0.237136 0.156000
v -0.038673 0.237077 0.156000
v -0.038752 0.237034 0.156000
v -0.038839 0.237009 0.156000
v -0.038932 0.237000 0.156000
v -0.056478 0.237000 0.156000
v -0.056572 0.237009 0.156000
v -0.056659 0.237034 0.156000
v -0.056738 0.237077 0.156000
v -0.056810 0.237136 0.156000
v -0.056869 0.237208 0.156000
v -0.056912 0.237288 0.156000
v -0.056938 0.237374 0.156000
v -0.056946 0.237468 0.156000
v -0.056946 0.263826 0.156000
v -0.056938 0.263919 0.156000
v -0.056912 0.264006 0.156000
v -0.056869 0.264085 0.156000
v -0.056810 0.264157 0.156000
v -0.056738 0.264217 0.156000
v -0.056659 0.264259 0.156000
v -0.056572 0.264285 0.156000
v -0.056478 0.264294 0.156000
v -0.038932 0.264294 0.156000
v -0.038839 0.264285 0.156000
v -0.038752 0.264259 0.156000
v -0.038673 0.264217 0.156000
v -0.038601 0.264157 0.156000
v -0.038541 0.264085 0.156000
v -0.038499 0.264006 0.156000
v -0.038473 0.263919 0.156000
v -0.038464 0.263826 0.156000
v -0.071178 0.236688 0.156000
v -0.072650 0.236749 0.156000
v -0.074024 0.236932 0.156000
v -0.075301 0.237236 0.156000
v -0.076481 0.237663 0.156000
v -0.077547 0.238199 0.156000
v -0.078484 0.238833 0.156000
v -0.079292 0.239564 0.156000
v -0.079970 0.240392 0.156000
v -0.080508 0.241308 0.156000
v -0.080891 0.242303 0.156000
v -0.081122 0.243375 0.156000
v -0.081198 0.244525 0.156000
v -0.081198 0.245500 0.156000
v -0.081190 0.245594 0.156000
v -0.081164 0.245680 0.156000
v -0.081122 0.245760 0.156000
v -0.081062 0.245831 0.156000
v -0.080990 0.245891 0.156000
v -0.080911 0.245934 0.156000
v -0.080824 0.245959 0.156000
v -0.080731 0.245968 0.156000
v -0.077260 0.245968 0.156000
v -0.077167 0.245959 0.156000
v -0.077080 0.245934 0.156000
v -0.077001 0.245891 0.156000
v -0.076929 0.245831 0.156000
v -0.076869 0.245760 0.156000
v -0.076827 0.245680 0.156000
v -0.076801 0.245594 0.156000
v -0.076792 0.245500 0.156000
v -0.076792 0.244759 0.156000
v -0.076693 0.243900 0.156000
v -0.076393 0.243117 0.156000
v -0.075893 0.242409 0.156000
v -0.075194 0.241776 0.156000
v -0.074321 0.241256 0.156000
v -0.073303 0.240884 0.156000
v -0.072138 0.240661 0.156000
v -0.070827 0.240587 0.156000
v -0.069711 0.240650 0.156000
v -0.068741 0.240841 0.156000
v -0.067917 0.241157 0.156000
v -0.067240 0.241601 0.156000
v -0.066711 0.242144 0.156000
v -0.066333 0.242761 0.156000
v -0.066107 0.243451 0.156000
v -0.066031 0.244213 0.156000
v -0.066072 0.244738 0.156000
v -0.066197 0.245222 0.156000
v -0.066404 0.245664 0.156000
v -0.066694 0.246065 0.156000
v -0.067061 0.246437 0.156000
v -0.067498 0.246792 0.156000
v -0.068006 0.247129 0.156000
v -0.068585 0.247450 0.156000
v -0.069276 0.247781 0.156000
v -0.070120 0.248151 0.156000
v -0.071118 0.248561 0.156000
v -0.072269 0.249009 0.156000
v -0.073588 0.249509 0.156000
v -0.074775 0.249994 0.156000
v -0.075830 0.250464 0.156000
v -0.076753 0.250920 0.156000
v -0.077576 0.251408 0.156000
v -0.078328 0.251977 0.156000
v -0.079009 0.252627 0.156000
v -0.079619 0.253357 0.156000
v -0.080122 0.254174 0.156000
v -0.080482 0.255087 0.156000
v -0.080698 0.256095 0.156000
v -0.080770 0.257197 0.156000
v -0.080614 0.258823 0.156000
v -0.080146 0.260268 0.156000
v -0.079366 0.261533 0.156000
v -0.078274 0.262617 0.156000
v -0.076922 0.263487 0.156000
v -0.075360 0.264108 0.156000
v -0.073588 0.264481 0.156000
v -0.071607 0.264606 0.156000
v -0.070187 0.264542 0.156000
v -0.068853 0.264352 0.156000
v -0.067604 0.264035 0.156000
v -0.066440 0.263592 0.156000
v -0.065382 0.263035 0.156000
v -0.064447 0.262378 0.156000
v -0.063637 0.261621 0.156000
v -0.062951 0.260765 0.156000
v -0.062405 0.259823 0.156000
v -0.062015 0.258810 0.156000
v -0.061781 0.257727 0.156000
v -0.061703 0.256573 0.156000
v -0.061703 0.255911 0.156000
v -0.061712 0.255817 0.156000
v -0.061737 0.255730 0.156000
v -0.061780 0.255651 0.156000
v -0.061839 0.255579 0.156000
v -0.061911 0.255519 0.156000
v -0.061991 0.255477 0.156000
v -0.062077 0.255451 0.156000
v -0.062171 0.255443 0.156000
v -0.065680 0.255443 0.156000
v -0.065774 0.255451 0.156000
v -0.065860 0.255477 0.156000
v -0.065940 0.255519 0.156000
v -0.066011 0.255579 0.156000
v -0.066071 0.255651 0.156000
v -0.066114 0.255730 0.156000
v -0.066139 0.255817 0.156000
v -0.066148 0.255911 0.156000
v -0.066148 0.256339 0.156000
v -0.066242 0.257220 0.156000
v -0.066523 0.258031 0.156000
v -0.066992 0.258770 0.156000
v -0.067649 0.259439 0.156000
v -0.068472 0.259994 0.156000
v -0.069438 0.260390 0.156000
v -0.070548 0.260627 0.156000
v -0.071802 0.260706 0.156000
v -0.072814 0.260650 0.156000
v -0.073707 0.260482 0.156000
v -0.074481 0.260202 0.156000
v -0.075135 0.259810 0.156000
v -0.075656 0.259315 0.156000
v -0.076027 0.258728 0.156000
v -0.076250 0.258048 0.156000
v -0.076325 0.257275 0.156000
v -0.076286 0.256717 0.156000
v -0.076169 0.256213 0.156000
v -0.075974 0.255762 0.156000
v -0.075701 0.255365 0.156000
v -0.075350 0.255003 0.156000
v -0.074921 0.254658 0.156000
v -0.074414 0.254330 0.156000
v -0.073829 0.254019 0.156000
v -0.073120 0.253697 0.156000
v -0.072240 0.253332 0.156000
v -0.071190 0.252927 0.156000
v -0.069969 0.252479 0.156000
v -0.068654 0.251965 0.156000
v -0.067479 0.251475 0.156000
v -0.066442 0.251010 0.156000
v -0.065544 0.250569 0.156000
v -0.064744 0.250097 0.156000
v -0.064003 0.249540 0.156000
v -0.063321 0.248898 0.156000
v -0.062697 0.248171 0.156000
v -0.062177 0.247353 0.156000
v -0.061805 0.246441 0.156000
v -0.061582 0.245433 0.156000
v -0.061508 0.244330 0.156000
v -0.061670 0.242666 0.156000
v -0.062156 0.241182 0.156000
v -0.062967 0.239878 0.156000
v -0.064101 0.238755 0.156000
v -0.065516 0.237850 0.156000
v -0.067167 0.237205 0.156000
v -0.069054 0.236817 0.156000
v 0.081042 0.264294 0.154000
v 0.081136 0.264285 0.154000
v 0.081223 0.264259 0.154000
v 0.081302 0.264217 0.154000
v 0.081374 0.264157 0.154000
v 0.081434 0.264085 0.154000
v 0.081476 0.264006 0.154000
v 0.081502 0.263919 0.154000
v 0.081510 0.263826 0.154000
v 0.081510 0.260823 0.154000
v 0.081502 0.260730 0.154000
v 0.081476 0.260643 0.154000
v 0.081434 0.260564 0.154000
v 0.081374 0.260492 0.154000
v 0.081302 0.260432 0.154000
v 0.081223 0.260390 0.154000
v 0.081136 0.260364 0.154000
v 0.081042 0.260355 0.154000
v 0.073868 0.260355 0.154000
v 0.073783 0.260343 0.154000
v 0.073722 0.260307 0.154000
v 0.073685 0.260246 0.154000
v 0.073673 0.260161 0.154000
v 0.073673 0.237468 0.154000
v 0.073665 0.237374 0.154000
v 0.073639 0.237288 0.154000
v 0.073596 0.237208 0.154000
v 0.073537 0.237136 0.154000
v 0.073465 0.237077 0.154000
v 0.073386 0.237034 0.154000
v 0.073299 0.237009 0.154000
v 0.073205 0.237000 0.154000
v 0.069618 0.237000 0.154000
v 0.069524 0.237009 0.154000
v 0.069438 0.237034 0.154000
v 0.069359 0.237077 0.154000
v 0.069287 0.237136 0.154000
v 0.069227 0.237208 0.154000
v 0.069184 0.237288 0.154000
v 0.069159 0.237374 0.154000
v 0.069150 0.237468 0.154000
v 0.069150 0.260161 0.154000
v 0.069138 0.260246 0.154000
v 0.069101 0.260307 0.154000
v 0.069041 0.260343 0.154000
v 0.068955 0.260355 0.154000
v 0.062054 0.260355 0.154000
v 0.061960 0.260364 0.154000
v 0.061874 0.260390 0.154000
v 0.061794 0.260432 0.154000
v 0.061722 0.260492 0.154000
v 0.061663 0.260564 0.154000
v 0.061620 0.260643 0.154000
v 0.061595 0.260730 0.154000
v 0.061586 0.260823 0.154000
v 0.061586 0.263826 0.154000
v 0.061595 0.263919 0.154000
v 0.061620 0.264006 0.154000
v 0.061663 0.264085 0.154000
v 0.061722 0.264157 0.154000
v 0.061794 0.264217 0.154000
v 0.061874 0.264259 0.154000
v 0.061960 0.264285 0.154000
v 0.062054 0.264294 0.154000
v 0.052891 0.263826 0.154000
v 0.052900 0.263919 0.154000
v 0.052925 0.264006 0.154000
v 0.052968 0.264085 0.154000
v 0.053028 0.264157 0.154000
v 0.053099 0.264217 0.154000
v 0.053179 0.264259 0.154000
v 0.053265 0.264285 0.154000
v 0.053359 0.264294 0.154000
v 0.056946 0.264294 0.154000
v 0.057040 0.264285 0.154000
v 0.057126 0.264259 0.154000
v 0.057206 0.264217 0.154000
v 0.057278 0.264157 0.154000
v 0.057337 0.264085 0.154000
v 0.057380 0.264006 0.154000
v 0.057405 0.263919 0.154000
v 0.057414 0.263826 0.154000
v 0.057414 0.237468 0.154000
v 0.057405 0.237374 0.154000
v 0.057380 0.237288 0.154000
v 0.057337 0.237208 0.154000
v 0.057278 0.237136 0.154000
v 0.057206 0.237077 0.154000
v 0.057126 0.237034 0.154000
v 0.057040 0.237009 0.154000
v 0.056946 0.237000 0.154000
v 0.053476 0.237000 0.154000
v 0.053296 0.237019 0.154000
v 0.053144 0.237078 0.154000
v 0.053023 0.237175 0.154000
v 0.052930 0.237312 0.154000
v 0.041701 0.255716 0.154000
v 0.041662 0.255766 0.154000
v 0.041623 0.255798 0.154000
v 0.041584 0.255814 0.154000
v 0.041545 0.255813 0.154000
v 0.041511 0.255795 0.154000
v 0.041486 0.255759 0.154000
v 0.041472 0.255707 0.154000
v 0.041467 0.255638 0.154000
v 0.041545 0.237468 0.154000
v 0.041536 0.237374 0.154000
v 0.041511 0.237288 0.154000
v 0.041468 0.237208 0.154000
v 0.041408 0.237136 0.154000
v 0.041336 0.237077 0.154000
v 0.041257 0.237034 0.154000
v 0.041171 0.237009 0.154000
v 0.041077 0.237000 0.154000
v 0.037490 0.237000 0.154000
v 0.037396 0.237009 0.154000
v 0.037309 0.237034 0.154000
v 0.037230 0.237077 0.154000
v 0.037158 0.237136 0.154000
v 0.037099 0.237208 0.154000
v 0.037056 0.237288 0.154000
v 0.037030 0.237374 0.154000
v 0.037022 0.237468 0.154000
v 0.037022 0.263826 0.154000
v 0.037030 0.263919 0.154000
v 0.037056 0.264006 0.154000
v 0.037099 0.264085 0.154000
v 0.037158 0.264157 0.154000
v 0.037230 0.264217 0.154000
v 0.037309 0.264259 0.154000
v 0.037396 0.264285 0.154000
v 0.037490 0.264294 0.154000
v 0.040960 0.264294 0.154000
v 0.041140 0.264274 0.154000
v 0.041291 0.264216 0.154000
v 0.041413 0.264118 0.154000
v 0.041506 0.263982 0.154000
v 0.052696 0.245578 0.154000
v 0.052735 0.245528 0.154000
v 0.052774 0.245495 0.154000
v 0.052813 0.245479 0.154000
v 0.052852 0.245480 0.154000
v 0.052886 0.245499 0.154000
v 0.052911 0.245534 0.154000
v 0.052925 0.245587 0.154000
v 0.052930 0.245656 0.154000
v 0.032421 0.260862 0.154000
v 0.032412 0.260769 0.154000
v 0.032387 0.260682 0.154000
v 0.032344 0.260603 0.154000
v 0.032284 0.260531 0.154000
v 0.032213 0.260471 0.154000
v 0.032133 0.260429 0.154000
v 0.032047 0.260403 0.154000
v 0.031953 0.260394 0.154000
v 0.018657 0.260394 0.154000
v 0.018572 0.260382 0.154000
v 0.018511 0.260346 0.154000
v 0.018474 0.260285 0.154000
v 0.018462 0.260200 0.154000
v 0.018462 0.252908 0.154000
v 0.018474 0.252823 0.154000
v 0.018511 0.252762 0.154000
v 0.018572 0.252725 0.154000
v 0.018657 0.252713 0.154000
v 0.027586 0.252713 0.154000
v 0.027680 0.252705 0.154000
v 0.027766 0.252679 0.154000
v 0.027846 0.252637 0.154000
v 0.027917 0.252577 0.154000
v 0.027977 0.252505 0.154000
v 0.028020 0.252426 0.154000
v 0.028045 0.252339 0.154000
v 0.028054 0.252245 0.154000
v 0.028054 0.249282 0.154000
v 0.028045 0.249188 0.154000
v 0.028020 0.249102 0.154000
v 0.027977 0.249023 0.154000
v 0.027917 0.248951 0.154000
v 0.027846 0.248891 0.154000
v 0.027766 0.248848 0.154000
v 0.027680 0.248823 0.154000
v 0.027586 0.248814 0.154000
v 0.018657 0.248814 0.154000
v 0.018572 0.248802 0.154000
v 0.018511 0.248765 0.154000
v 0.018474 0.248705 0.154000
v 0.018462 0.248619 0.154000
v 0.018462 0.241094 0.154000
v 0.018474 0.241009 0.154000
v 0.018511 0.240948 0.154000
v 0.018572 0.240911 0.154000
v 0.018657 0.240899 0.154000
v 0.031953 0.240899 0.154000
v 0.032047 0.240891 0.154000
v 0.032133 0.240865 0.154000
v 0.032213 0.240822 0.154000
v 0.032284 0.240763 0.154000
v 0.032344 0.240691 0.154000
v 0.032387 0.240611 0.154000
v 0.032412 0.240525 0.154000
v 0.032421 0.240431 0.154000
v 0.032421 0.237468 0.154000
v 0.032412 0.237374 0.154000
v 0.032387 0.237288 0.154000
v 0.032344 0.237208 0.154000
v 0.032284 0.237136 0.154000
v 0.032213 0.237077 0.154000
v 0.032133 0.237034 0.154000
v 0.032047 0.237009 0.154000
v 0.031953 0.237000 0.154000
v 0.014407 0.237000 0.154000
v 0.014313 0.237009 0.154000
v 0.014227 0.237034 0.154000
v 0.014148 0.237077 0.154000
v 0.014076 0.237136 0.154000
v 0.014016 0.237208 0.154000
v 0.013973 0.237288 0.154000
v 0.013948 0.237374 0.154000
v 0.013939 0.237468 0.154000
v 0.013939 0.263826 0.154000
v 0.013948 0.263919 0.154000
v 0.013973 0.264006 0.154000
v 0.014016 0.264085 0.154000
v 0.014076 0.264157 0.154000
v 0.014148 0.264217 0.154000
v 0.014227 0.264259 0.154000
v 0.014313 0.264285 0.154000
v 0.014407 0.264294 0.154000
v 0.031953 0.264294 0.154000
v 0.032047 0.264285 0.154000
v 0.032133 0.264259 0.154000
v 0.032213 0.264217 0.154000
v 0.032284 0.264157 0.154000
v 0.032344 0.264085 0.154000
v 0.032387 0.264006 0.154000
v 0.032412 0.263919 0.154000
v 0.032421 0.263826 0.154000
v -0.000838 0.236688 0.154000
v -0.002257 0.236760 0.154000
v -0.003587 0.236976 0.154000
v -0.004830 0.237335 0.154000
v -0.005985 0.237838 0.154000
v -0.007033 0.238473 0.154000
v -0.007954 0.239227 0.154000
v -0.008749 0.240101 0.154000
v -0.009416 0.241094 0.154000
v -0.009945 0.242186 0.154000
v -0.010323 0.243356 0.154000
v -0.010549 0.244603 0.154000
v -0.010625 0.245929 0.154000
v -0.010625 0.255365 0.154000
v -0.010549 0.256706 0.154000
v -0.010323 0.257962 0.154000
v -0.009945 0.259133 0.154000
v -0.009416 0.260219 0.154000
v -0.008749 0.261204 0.154000
v -0.007954 0.262071 0.154000
v -0.007033 0.262822 0.154000
v -0.005985 0.263455 0.154000
v -0.004830 0.263959 0.154000
v -0.003587 0.264318 0.154000
v -0.002257 0.264534 0.154000
v -0.000838 0.264606 0.154000
v 0.000562 0.264535 0.154000
v 0.001876 0.264323 0.154000
v 0.003106 0.263969 0.154000
v 0.004250 0.263475 0.154000
v 0.005289 0.262858 0.154000
v 0.006204 0.262139 0.154000
v 0.006995 0.261318 0.154000
v 0.007662 0.260394 0.154000
v 0.008191 0.259388 0.154000
v 0.008568 0.258318 0.154000
v 0.008795 0.257185 0.154000
v 0.008870 0.255989 0.154000
v 0.008870 0.255677 0.154000
v 0.008862 0.255583 0.154000
v 0.008836 0.255496 0.154000
v 0.008794 0.255417 0.154000
v 0.008734 0.255345 0.154000
v 0.008662 0.255285 0.154000
v 0.008583 0.255243 0.154000
v 0.008496 0.255217 0.154000
v 0.008403 0.255209 0.154000
v 0.004854 0.255209 0.154000
v 0.004761 0.255217 0.154000
v 0.004674 0.255243 0.154000
v 0.004595 0.255285 0.154000
v 0.004523 0.255345 0.154000
v 0.004463 0.255417 0.154000
v 0.004421 0.255496 0.154000
v 0.004395 0.255583 0.154000
v 0.004386 0.255677 0.154000
v 0.004386 0.255872 0.154000
v 0.004298 0.256878 0.154000
v 0.004031 0.257792 0.154000
v 0.003586 0.258613 0.154000
v 0.002963 0.259342 0.154000
v 0.002192 0.259939 0.154000
v 0.001301 0.260365 0.154000
v 0.000291 0.260621 0.154000
v -0.000838 0.260706 0.154000
v -0.001969 0.260617 0.154000
v -0.002983 0.260351 0.154000
v -0.003880 0.259906 0.154000
v -0.004659 0.259283 0.154000
v -0.005291 0.258514 0.154000
v -0.005741 0.257631 0.154000
v -0.006012 0.256633 0.154000
v -0.006102 0.255521 0.154000
v -0.006102 0.245773 0.154000
v -0.006007 0.244660 0.154000
v -0.005722 0.243663 0.154000
v -0.005247 0.242779 0.154000
v -0.004581 0.242010 0.154000
v -0.003765 0.241388 0.154000
v -0.002837 0.240943 0.154000
v -0.001796 0.240676 0.154000
v -0.000643 0.240587 0.154000
v 0.000464 0.240664 0.154000
v 0.001448 0.240894 0.154000
v 0.002307 0.241278 0.154000
v 0.003041 0.241815 0.154000
v 0.003630 0.242487 0.154000
v 0.004050 0.243273 0.154000
v 0.004302 0.244173 0.154000
v 0.004386 0.245188 0.154000
v 0.004386 0.247606 0.154000
v 0.004374 0.247691 0.154000
v 0.004338 0.247752 0.154000
v 0.004277 0.247788 0.154000
v 0.004192 0.247800 0.154000
v -0.000604 0.247800 0.154000
v -0.000698 0.247809 0.154000
v -0.000785 0.247835 0.154000
v -0.000864 0.247877 0.154000
v -0.000936 0.247937 0.154000
v -0.000995 0.248009 0.154000
v -0.001038 0.248088 0.154000
v -0.001064 0.248174 0.154000
v -0.001072 0.248268 0.154000
v -0.001072 0.251154 0.154000
v -0.001064 0.251247 0.154000
v -0.001038 0.251334 0.154000
v -0.000995 0.251413 0.154000
v -0.000936 0.251485 0.154000
v -0.000864 0.251545 0.154000
v -0.000785 0.251587 0.154000
v -0.000698 0.251613 0.154000
v -0.000604 0.251622 0.154000
v 0.008403 0.251622 0.154000
v 0.008496 0.251613 0.154000
v 0.008583 0.251587 0.154000
v 0.008662 0.251545 0.154000
v 0.008734 0.251485 0.154000
v 0.008794 0.251413 0.154000
v 0.008836 0.251334 0.154000
v 0.008862 0.251247 0.154000
v 0.008870 0.251154 0.154000
v 0.008870 0.246163 0.154000
v 0.008706 0.244045 0.154000
v 0.008212 0.242176 0.154000
v 0.007390 0.240555 0.154000
v 0.006239 0.239183 0.154000
v 0.004809 0.238092 0.154000
v 0.003153 0.237312 0.154000
v 0.001271 0.236844 0.154000
v -0.018540 0.237000 0.154000
v -0.018720 0.237022 0.154000
v -0.018872 0.237088 0.154000
v -0.018993 0.237197 0.154000
v -0.019086 0.237351 0.154000
v -0.024233 0.248580 0.154000
v -0.024277 0.248649 0.154000
v -0.024330 0.248697 0.154000
v -0.024394 0.248726 0.154000
v -0.024467 0.248736 0.154000
v -0.029146 0.248736 0.154000
v -0.029231 0.248724 0.154000
v -0.029292 0.248688 0.154000
v -0.029328 0.248627 0.154000
v -0.029341 0.248541 0.154000
v -0.029341 0.237468 0.154000
v -0.029349 0.237374 0.154000
v -0.029375 0.237288 0.154000
v -0.029417 0.237208 0.154000
v -0.029477 0.237136 0.154000
v -0.029549 0.237077 0.154000
v -0.029628 0.237034 0.154000
v -0.029715 0.237009 0.154000
v -0.029808 0.237000 0.154000
v -0.033396 0.237000 0.154000
v -0.033489 0.237009 0.154000
v -0.033576 0.237034 0.154000
v -0.033655 0.237077 0.154000
v -0.033727 0.237136 0.154000
v -0.033787 0.237208 0.154000
v -0.033829 0.237288 0.154000
v -0.033855 0.237374 0.154000
v -0.033864 0.237468 0.154000
v -0.033864 0.263826 0.154000
v -0.033855 0.263919 0.154000
v -0.033829 0.264006 0.154000
v -0.033787 0.264085 0.154000
v -0.033727 0.264157 0.154000
v -0.033655 0.264217 0.154000
v -0.033576 0.264259 0.154000
v -0.033489 0.264285 0.154000
v -0.033396 0.264294 0.154000
v -0.022673 0.264294 0.154000
v -0.021518 0.264231 0.154000
v -0.020431 0.264045 0.154000
v -0.019413 0.263734 0.154000
v -0.018462 0.263299 0.154000
v -0.017597 0.262751 0.154000
v -0.016834 0.262100 0.154000
v -0.016174 0.261347 0.154000
v -0.015616 0.260492 0.154000
v -0.015172 0.259553 0.154000
v -0.014856 0.258547 0.154000
v -0.014665 0.257476 0.154000
v -0.014602 0.256339 0.154000
v -0.014689 0.255044 0.154000
v -0.014948 0.253849 0.154000
v -0.015381 0.252753 0.154000
v -0.015986 0.251758 0.154000
v -0.016745 0.250884 0.154000
v -0.017638 0.250154 0.154000
v -0.018666 0.249568 0.154000
v -0.019827 0.249126 0.154000
v -0.019863 0.249121 0.154000
v -0.019895 0.249107 0.154000
v -0.019922 0.249082 0.154000
v -0.019944 0.249048 0.154000
v -0.019958 0.249009 0.154000
v -0.019963 0.248970 0.154000
v -0.019958 0.248931 0.154000
v -0.019944 0.248892 0.154000
v -0.014446 0.237546 0.154000
v -0.014412 0.237473 0.154000
v -0.014388 0.237409 0.154000
v -0.014373 0.237356 0.154000
v -0.014368 0.237312 0.154000
v -0.014395 0.237175 0.154000
v -0.014475 0.237078 0.154000
v -0.014609 0.237019 0.154000
v -0.014797 0.237000 0.154000
v -0.029146 0.260394 0.154000
v -0.029231 0.260382 0.154000
v -0.029292 0.260346 0.154000
v -0.029328 0.260285 0.154000
v -0.029341 0.260200 0.154000
v -0.029341 0.252440 0.154000
v -0.029328 0.252355 0.154000
v -0.029292 0.252294 0.154000
v -0.029231 0.252258 0.154000
v -0.029146 0.252245 0.154000
v -0.023297 0.252245 0.154000
v -0.022406 0.252315 0.154000
v -0.021606 0.252523 0.154000
v -0.020895 0.252871 0.154000
v -0.020275 0.253357 0.154000
v -0.019772 0.253957 0.154000
v -0.019413 0.254648 0.154000
v -0.019197 0.255429 0.154000
v -0.019125 0.256300 0.154000
v -0.019197 0.257173 0.154000
v -0.019413 0.257958 0.154000
v -0.019772 0.258655 0.154000
v -0.020275 0.259264 0.154000
v -0.020895 0.259758 0.154000
v -0.021606 0.260112 0.154000
v -0.022406 0.260324 0.154000
v -0.023297 0.260394 0.154000
v -0.038464 0.260862 0.154000
v -0.038473 0.260769 0.154000
v -0.038499 0.260682 0.154000
v -0.038541 0.260603 0.154000
v -0.038601 0.260531 0.154000
v -0.038673 0.260471 0.154000
v -0.038752 0.260429 0.154000
v -0.038839 0.260403 0.154000
v -0.038932 0.260394 0.154000
v -0.052228 0.260394 0.154000
v -0.052314 0.260382 0.154000
v -0.052374 0.260346 0.154000
v -0.052411 0.260285 0.154000
v -0.052423 0.260200 0.154000
v -0.052423 0.252908 0.154000
v -0.052411 0.252823 0.154000
v -0.052374 0.252762 0.154000
v -0.052314 0.252725 0.154000
v -0.052228 0.252713 0.154000
v -0.043299 0.252713 0.154000
v -0.043205 0.252705 0.154000
v -0.043119 0.252679 0.154000
v -0.043040 0.252637 0.154000
v -0.042968 0.252577 0.154000
v -0.042908 0.252505 0.154000
v -0.042866 0.252426 0.154000
v -0.042840 0.252339 0.154000
v -0.042831 0.252245 0.154000
v -0.042831 0.249282 0.154000
v -0.042840 0.249188 0.154000
v -0.042866 0.249102 0.154000
v -0.042908 0.249023 0.154000
v -0.042968 0.248951 0.154000
v -0.043040 0.248891 0.154000
v -0.043119 0.248848 0.154000
v -0.043205 0.248823 0.154000
v -0.043299 0.248814 0.154000
v -0.052228 0.248814 0.154000
v -0.052314 0.248802 0.154000
v -0.052374 0.248765 0.154000
v -0.052411 0.248705 0.154000
v -0.052423 0.248619 0.154000
v -0.052423 0.241094 0.154000
v -0.052411 0.241009 0.154000
v -0.052374 0.240948 0.154000
v -0.052314 0.240911 0.154000
v -0.052228 0.240899 0.154000
v -0.038932 0.240899 0.154000
v -0.038839 0.240891 0.154000
v -0.038752 0.240865 0.154000
v -0.038673 0.240822 0.154000
v -0.038601 0.240763 0.154000
v -0.038541 0.240691 0.154000
v -0.038499 0.240611 0.154000
v -0.038473 0.240525 0.154000
v -0.038464 0.240431 0.154000
v -0.038464 0.237468 0.154000
v -0.038473 0.237374 0.154000
v -0.038499 0.237288 0.154000
v -0.038541 0.237208 0.154000
v -0.038601 0.237136 0.154000
v -0.038673 0.237077 0.154000
v -0.038752 0.237034 0.154000
v -0.038839 0.237009 0.154000
v -0.038932 0.237000 0.154000
v -0.056478 0.237000 0.154000
v -0.056572 0.237009 0.154000
v -0.056659 0.237034 0.154000
v -0.056738 0.237077 0.154000
v -0.056810 0.237136 0.154000
v -0.056869 0.237208 0.154000
v -0.056912 0.237288 0.154000
v -0.056938 0.237374 0.154000
v -0.056946 0.237468 0.154000
v -0.056946 0.263826 0.154000
v -0.056938 0.263919 0.154000
v -0.056912 0.264006 0.154000
v -0.056869 0.264085 0.154000
v -0.056810 0.264157 0.154000
v -0.056738 0.264217 0.154000
v -0.056659 0.264259 0.154000
v -0.056572 0.264285 0.154000
v -0.056478 0.264294 0.154000
v -0.038932 0.264294 0.154000
v -0.038839 0.264285 0.154000
v -0.038752 0.264259 0.154000
v -0.038673 0.264217 0.154000
v -0.038601 0.264157 0.154000
v -0.038541 0.264085 0.154000
v -0.038499 0.264006 0.154000
v -0.038473 0.263919 0.154000
v -0.038464 0.263826 0.154000
v -0.071178 0.236688 0.154000
v -0.072650 0.236749 0.154000
v -0.074024 0.236932 0.154000
v -0.075301 0.237236 0.154000
v -0.076481 0.237663 0.154000
v -0.077547 0.238199 0.154000
v -0.078484 0.238833 0.154000
v -0.079292 0.239564 0.154000
v -0.079970 0.240392 0.154000
v -0.080508 0.241308 0.154000
v -0.080891 0.242303 0.154000
v -0.081122 0.243375 0.154000
v -0.081198 0.244525 0.154000
v -0.081198 0.245500 0.154000
v -0.081190 0.245594 0.154000
v -0.081164 0.245680 0.154000
v -0.081122 0.245760 0.154000
v -0.081062 0.245831 0.154000
v -0.080990 0.245891 0.154000
v -0.080911 0.245934 0.154000
v -0.080824 0.245959 0.154000
v -0.080731 0.245968 0.154000
v -0.077260 0.245968 0.154000
v -0.077167 0.245959 0.154000
v -0.077080 0.245934 0.154000
v -0.077001 0.245891 0.154000
v -0.076929 0.245831 0.154000
v -0.076869 0.245760 0.154000
v -0.076827 0.245680 0.154000
v -0.076801 0.245594 0.154000
v -0.076792 0.245500 0.154000
v -0.076792 0.244759 0.154000
v -0.076693 0.243900 0.154000
v -0.076393 0.243117 0.154000
v -0.075893 0.242409 0.154000
v -0.075194 0.241776 0.154000
v -0.074321 0.241256 0.154000
v -0.073303 0.240884 0.154000
v -0.072138 0.240661 0.154000
v -0.070827 0.240587 0.154000
v -0.069711 0.240650 0.154000
v -0.068741 0.240841 0.154000
v -0.067917 0.241157 0.154000
v -0.067240 0.241601 0.154000
v -0.066711 0.242144 0.154000
v -0.066333 0.242761 0.154000
v -0.066107 0.243451 0.154000
v -0.066031 0.244213 0.154000
v -0.066072 0.244738 0.154000
v -0.066197 0.245222 0.154000
v -0.066404 0.245664 0.154000
v -0.066694 0.246065 0.154000
v -0.067061 0.246437 0.154000
v -0.067498 0.246792 0.154000
v -0.068006 0.247129 0.154000
v -0.068585 0.247450 0.154000
v -0.069276 0.247781 0.154000
v -0.070120 0.248151 0.154000
v -0.071118 0.248561 0.154000
v -0.072269 0.249009 0.154000
v -0.073588 0.249509 0.154000
v -0.074775 0.249994 0.154000
v -0.075830 0.250464 0.154000
v -0.076753 0.250920 0.154000
v -0.077576 0.251408 0.154000
v -0.078328 0.251977 0.154000
v -0.079009 0.252627 0.154000
v -0.079619 0.253357 0.154000
v -0.080122 0.254174 0.154000
v -0.080482 0.255087 0.154000
v -0.080698 0.256095 0.154000
v -0.080770 0.257197 0.154000
v -0.080614 0.258823 0.154000
v -0.080146 0.260268 0.154000
v -0.079366 0.261533 0.154000
v -0.078274 0.262617 0.154000
v -0.076922 0.263487 0.154000
v -0.075360 0.264108 0.154000
v -0.073588 0.264481 0.154000
v -0.071607 0.264606 0.154000
v -0.070187 0.264542 0.154000
v -0.068853 0.264352 0.154000
v -0.067604 0.264035 0.154000
v -0.066440 0.263592 0.154000
v -0.065382 0.263035 0.154000
v -0.064447 0.262378 0.154000
v -0.063637 0.261621 0.154000
v -0.062951 0.260765 0.154000
v -0.062405 0.259823 0.154000
v -0.062015 0.258810 0.154000
v -0.061781 0.257727 0.154000
v -0.061703 0.256573 0.154000
v -0.061703 0.255911 0.154000
v -0.061712 0.255817 0.154000
v -0.061737 0.255730 0.154000
v -0.061780 0.255651 0.154000
v -0.061839 0.255579 0.154000
v -0.061911 0.255519 0.154000
v -0.061991 0.255477 0.154000
v -0.062077 0.255451 0.154000
v -0.062171 0.255443 0.154000
v -0.065680 0.255443 0.154000
v -0.065774 0.255451 0.154000
v -0.065860 0.255477 0.154000
v -0.065940 0.255519 0.154000
v -0.066011 0.255579 0.154000
v -0.066071 0.255651 0.154000
v -0.066114 0.255730 0.154000
v -0.066139 0.255817 0.154000
v -0.066148 0.255911 0.154000
v -0.066148 0.256339 0.154000
v -0.066242 0.257220 0.154000
v -0.066523 0.258031 0.154000
v -0.066992 0.258770 0.154000
v -0.067649 0.259439 0.154000
v -0.068472 0.259994 0.154000
v -0.069438 0.260390 0.154000
v -0.070548 0.260627 0.154000
v -0.071802 0.260706 0.154000
v -0.072814 0.260650 0.154000
v -0.073707 0.260482 0.154000
v -0.074481 0.260202 0.154000
v -0.075135 0.259810 0.154000
v -0.075656 0.259315 0.154000
v -0.076027 0.258728 0.154000
v -0.076250 0.258048 0.154000
v -0.076325 0.257275 0.154000
v -0.076286 0.256717 0.154000
v -0.076169 0.256213 0.154000
v -0.075974 0.255762 0.154000
v -0.075701 0.255365 0.154000
v -0.075350 0.255003 0.154000
v -0.074921 0.254658 0.154000
v -0.074414 0.254330 0.154000
v -0.073829 0.254019 0.154000
v -0.073120 0.253697 0.154000
v -0.072240 0.253332 0.154000
v -0.071190 0.252927 0.154000
v -0.069969 0.252479 0.154000
v -0.068654 0.251965 0.154000
v -0.067479 0.251475 0.154000
v -0.066442 0.251010 0.154000
v -0.065544 0.250569 0.154000
v -0.064744 0.250097 0.154000
v -0.064003 0.249540 0.154000
v -0.063321 0.248898 0.154000
v -0.062697 0.248171 0.154000
v -0.062177 0.247353 0.154000
v -0.061805 0.246441 0.154000
v -0.061582 0.245433 0.154000
v -0.061508 0.244330 0.154000
v -0.061670 0.242666 0.154000
v -0.062156 0.241182 0.154000
v -0.062967 0.239878 0.154000
v -0.064101 0.238755 0.154000
v -0.065516 0.237850 0.154000
v -0.067167 0.237205 0.154000
v -0.069054 0.236817 0.154000
v -0.071178 0.236688 0.154000
v -0.071178 0.236688 0.156000
v -0.072650 0.236749 0.154000
v -0.072650 0.236749 0.156000
v -0.074024 0.236932 0.154000
v -0.074024 0.236932 0.156000
v -0.075301 0.237236 0.154000
v -0.075301 0.237236 0.156000
v -0.076481 0.237663 0.154000
v -0.076481 0.237663 0.156000
v -0.077547 0.238199 0.154000
v -0.077547 0.238199 0.156000
v -0.078484 0.238833 0.154000
v -0.078484 0.238833 0.156000
v -0.079292 0.239564 0.154000
v -0.079292 0.239564 0.156000
v -0.079970 0.240392 0.154000
v -0.079970 0.240392 0.156000
v -0.080508 0.241308 0.154000
v -0.080508 0.241308 0.156000
v -0.080891 0.242303 0.154000
v -0.080891 0.242303 0.156000
v -0.081122 0.243375 0.154000
v -0.081122 0.243375 0.156000
v -0.081198 0.244525 0.154000
v -0.081198 0.244525 0.156000
v -0.081198 0.245500 0.154000
v -0.081198 0.245500 0.156000
v -0.081190 0.245594 0.154000
v -0.081190 0.245594 0.156000
v -0.081164 0.245680 0.154000
v -0.081164 0.245680 0.156000
v -0.081122 0.245760 0.154000
v -0.081122 0.245760 0.156000
v -0.081062 0.245831 0.154000
v -0.081062 0.245831 0.156000
v -0.080990 0.245891 0.154000
v -0.080990 0.245891 0.156000
v -0.080911 0.245934 0.154000
v -0.080911 0.245934 0.156000
v -0.080824 0.245959 0.154000
v -0.080824 0.245959 0.156000
v -0.080731 0.245968 0.154000
v -0.080731 0.245968 0.156000
v -0.077260 0.245968 0.154000
v -0.077260 0.245968 0.156000
v -0.077167 0.245959 0.154000
v -0.077167 0.245959 0.156000
v -0.077080 0.245934 0.154000
v -0.077080 0.245934 0.156000
v -0.077001 0.245891 0.154000
v -0.077001 0.245891 0.156000
v -0.076929 0.245831 0.154000
v -0.076929 0.245831 0.156000
v -0.076869 0.245760 0.154000
v -0.076869 0.245760 0.156000
v -0.076827 0.245680 0.154000
v -0.076827 0.245680 0.156000
v -0.076801 0.245594 0.154000
v -0.076801 0.245594 0.156000
v -0.076792 0.245500 0.154000
v -0.076792 0.245500 0.156000
v -0.076792 0.244759 0.154000
v -0.076792 0.244759 0.156000
v -0.076693 0.243900 0.154000
v -0.076693 0.243900 0.156000
v -0.076393 0.243117 0.154000
v -0.076393 0.243117 0.156000
v -0.075893 0.242409 0.154000
v -0.075893 0.242409 0.156000
v -0.075194 0.241776 0.154000
v -0.075194 0.241776 0.156000
v -0.074321 0.241256 0.154000
v -0.074321 0.241256 0.156000
v -0.073303 0.240884 0.154000
v -0.073303 0.240884 0.156000
v -0.072138 0.240661 0.154000
v -0.072138 0.240661 0.156000
v -0.070827 0.240587 0.154000
v -0.070827 0.240587 0.156000
v -0.069711 0.240650 0.154000
v -0.069711 0.240650 0.156000
v -0.068741 0.240841 0.154000
v -0.068741 0.240841 0.156000
v -0.067917 0.241157 0.154000
v -0.067917 0.241157 0.156000
v -0.067240 0.241601 0.154000
v -0.067240 0.241601 0.156000
v -0.066711 0.242144 0.154000
v -0.066711 0.242144 0.156000
v -0.066333 0.242761 0.154000
v -0.066333 0.242761 0.156000
v -0.066107 0.243451 0.154000
v -0.066107 0.243451 0.156000
v -0.066031 0.244213 0.154000
v -0.066031 0.244213 0.156000
v -0.066072 0.244738 0.154000
v -0.066072 0.244738 0.156000
v -0.066197 0.245222 0.154000
v -0.066197 0.245222 0.156000
v -0.066404 0.245664 0.154000
v -0.066404 0.245664 0.156000
v -0.066694 0.246065 0.154000
v -0.066694 0.246065 0.156000
v -0.067061 0.246437 0.154000
v -0.067061 0.246437 0.156000
v -0.067498 0.246792 0.154000
v -0.067498 0.246792 0.156000
v -0.068006 0.247129 0.154000
v -0.068006 0.247129 0.156000
v -0.068585 0.247450 0.154000
v -0.068585 0.247450 0.156000
v -0.069276 0.247781 0.154000
v -0.069276 0.247781 0.156000
v -0.070120 0.248151 0.154000
v -0.070120 0.248151 0.156000
v -0.071118 0.248561 0.154000
v -0.071118 0.248561 0.156000
v -0.072269 0.249009 0.154000
v -0.072269 0.249009 0.156000
v -0.073588 0.249509 0.154000
v -0.073588 0.249509 0.156000
v -0.074775 0.249994 0.154000
v -0.074775 0.249994 0.156000
v -0.075830 0.250464 0.154000
v -0.075830 0.250464 0.156000
v -0.076753 0.250920 0.154000
v -0.076753 0.250920 0.156000
v -0.077576 0.251408 0.154000
v -0.077576 0.251408 0.156000
v -0.078328 0.251977 0.154000
v -0.078328 0.251977 0.156000
v -0.079009 0.252627 0.154000
v -0.079009 0.252627 0.156000
v -0.079619 0.253357 0.154000
v -0.079619 0.253357 0.156000
v -0.080122 0.254174 0.154000
v -0.080122 0.254174 0.156000
v -0.080482 0.255087 0.154000
v -0.080482 0.255087 0.156000
v -0.080698 0.256095 0.154000
v -0.080698 0.256095 0.156000
v -0.080770 0.257197 0.154000
v -0.080770 0.257197 0.156000
v -0.080614 0.258823 0.154000
v -0.080614 0.258823 0.156000
v -0.080146 0.260268 0.154000
v -0.080146 0.260268 0.156000
v -0.079366 0.261533 0.154000
v -0.079366 0.261533 0.156000
v -0.078274 0.262617 0.154000
v -0.078274 0.262617 0.156000
v -0.076922 0.263487 0.154000
v -0.076922 0.263487 0.156000
v -0.075360 0.264108 0.154000
v -0.075360 0.264108 0.156000
v -0.073588 0.264481 0.154000
v -0.073588 0.264481 0.156000
v -0.071607 0.264606 0.154000
v -0.071607 0.264606 0.156000
v -0.070187 0.264542 0.154000
v -0.070187 0.264542 0.156000
v -0.068853 0.264352 0.154000
v -0.068853 0.264352 0.156000
v -0.067604 0.264035 0.154000
v -0.067604 0.264035 0.156000
v -0.066440 0.263592 0.154000
v -0.066440 0.263592 0.156000
v -0.065382 0.263035 0.154000
v -0.065382 0.263035 0.156000
v -0.064447 0.262378 0.154000
v -0.064447 0.262378 0.156000
v -0.063637 0.261621 0.154000
v -0.063637 0.261621 0.156000
v -0.062951 0.260765 0.154000
v -0.062951 0.260765 0.156000
v -0.062405 0.259823 0.154000
v -0.062405 0.259823 0.156000
v -0.062015 0.258810 0.154000
v -0.062015 0.258810 0.156000
v -0.061781 0.257727 0.154000
v -0.061781 0.257727 0.156000
v -0.061703 0.256573 0.154000
v -0.061703 0.256573 0.156000
v -0.061703 0.255911 0.154000
v -0.061703 0.255911 0.156000
v -0.061712 0.255817 0.154000
v -0.061712 0.255817 0.156000
v -0.061737 0.255730 0.154000
v -0.061737 0.255730 0.156000
v -0.061780 0.255651 0.154000
v -0.061780 0.255651 0.156000
v -0.061839 0.255579 0.154000
v -0.061839 0.255579 0.156000
v -0.061911 0.255519 0.154000
v -0.061911 0.255519 0.156000
v -0.061991 0.255477 0.154000
v -0.061991 0.255477 0.156000
v -0.062077 0.255451 0.154000
v -0.062077 0.255451 0.156000
v -0.062171 0.255443 0.154000
v -0.062171 0.255443 0.156000
v -0.065680 0.255443 0.154000
v -0.065680 0.255443 0.156000
v -0.065774 0.255451 0.154000
v -0.065774 0.255451 0.156000
v -0.065860 0.255477 0.154000
v -0.065860 0.255477 0.156000
v -0.065940 0.255519 0.154000
v -0.065940 0.255519 0.156000
v -0.066011 0.255579 0.154000
v -0.066011 0.255579 0.156000
v -0.066071 0.255651 0.154000
v -0.066071 0.255651 0.156000
v -0.066114 0.255730 0.154000
v -0.066114 0.255730 0.156000
v -0.066139 0.255817 0.154000
v -0.066139 0.255817 0.156000
v -0.066148 0.255911 0.154000
v -0.066148 0.255911 0.156000
v -0.066148 0.256339 0.154000
v -0.066148 0.256339 0.156000
v -0.066242 0.257220 0.154000
v -0.066242 0.257220 0.156000
v -0.066523 0.258031 0.154000
v -0.066523 0.258031 0.156000
v -0.066992 0.258770 0.154000
v -0.066992 0.258770 0.156000
v -0.067649 0.259439 0.154000
v -0.067649 0.259439 0.156000
v -0.068472 0.259994 0.154000
v -0.068472 0.259994 0.156000
v -0.069438 0.260390 0.154000
v -0.069438 0.260390 0.156000
v -0.070548 0.260627 0.154000
v -0.070548 0.260627 0.156000
v -0.071802 0.260706 0.154000
v -0.071802 0.260706 0.156000
v -0.072814 0.260650 0.154000
v -0.072814 0.260650 0.156000
v -0.073707 0.260482 0.154000
v -0.073707 0.260482 0.156000
v -0.074481 0.260202 0.154000
v -0.074481 0.260202 0.156000
v -0.075135 0.259810 0.154000
v -0.075135 0.259810 0.156000
v -0.075656 0.259315 0.154000
v -0.075656 0.259315 0.156000
v -0.076027 0.258728 0.154000
v -0.076027 0.258728 0.156000
v -0.076250 0.258048 0.154000
v -0.076250 0.258048 0.156000
v -0.076325 0.257275 0.154000
v -0.076325 0.257275 0.156000
v -0.076286 0.256717 0.154000
v -0.076286 0.256717 0.156000
v -0.076169 0.256213 0.154000
v -0.076169 0.256213 0.156000
v -0.075974 0.255762 0.154000
v -0.075974 0.255762 0.156000
v -0.075701 0.255365 0.154000
v -0.075701 0.255365 0.156000
v -0.075350 0.255003 0.154000
v -0.075350 0.255003 0.156000
v -0.074921 0.254658 0.154000
v -0.074921 0.254658 0.156000
v -0.074414 0.254330 0.154000
v -0.074414 0.254330 0.156000
v -0.073829 0.254019 0.154000
v -0.073829 0.254019 0.156000
v -0.073120 0.253697 0.154000
v -0.073120 0.253697 0.156000
v -0.072240 0.253332 0.154000
v -0.072240 0.253332 0.156000
v -0.071190 0.252927 0.154000
v -0.071190 0.252927 0.156000
v -0.069969 0.252479 0.154000
v -0.069969 0.252479 0.156000
v -0.068654 0.251965 0.154000
v -0.068654 0.251965 0.156000
v -0.067479 0.251475 0.154000
v -0.067479 0.251475 0.156000
v -0.066442 0.251010 0.154000
v -0.066442 0.251010 0.156000
v -0.065544 0.250569 0.154000
v -0.065544 0.250569 0.156000
v -0.064744 0.250097 0.154000
v -0.064744 0.250097 0.156000
v -0.064003 0.249540 0.154000
v -0.064003 0.249540 0.156000
v -0.063321 0.248898 0.154000
v -0.063321 0.248898 0.156000
v -0.062697 0.248171 0.154000
v -0.062697 0.248171 0.156000
v -0.062177 0.247353 0.154000
v -0.062177 0.247353 0.156000
v -0.061805 0.246441 0.154000
v -0.061805 0.246441 0.156000
v -0.061582 0.245433 0.154000
v -0.061582 0.245433 0.156000
v -0.061508 0.244330 0.154000
v -0.061508 0.244330 0.156000
v -0.061670 0.242666 0.154000
v -0.061670 0.242666 0.156000
v -0.062156 0.241182 0.154000
v -0.062156 0.241182 0.156000
v -0.062967 0.239878 0.154000
v -0.062967 0.239878 0.156000
v -0.064101 0.238755 0.154000
v -0.064101 0.238755 0.156000
v -0.065516 0.237850 0.154000
v -0.065516 0.237850 0.156000
v -0.067167 0.237205 0.154000
v -0.067167 0.237205 0.156000
v -0.069054 0.236817 0.154000
v -0.069054 0.236817 0.156000
v -0.038464 0.260862 0.154000
v -0.038464 0.260862 0.156000
v -0.038473 0.260769 0.154000
v -0.038473 0.260769 0.156000
v -0.038499 0.260682 0.154000
v -0.038499 0.260682 0.156000
v -0.038541 0.260603 0.154000
v -0.038541 0.260603 0.156000
v -0.038601 0.260531 0.154000
v -0.038601 0.260531 0.156000
v -0.038673 0.260471 0.154000
v -0.038673 0.260471 0.156000
v -0.038752 0.260429 0.154000
v -0.038752 0.260429 0.156000
v -0.038839 0.260403 0.154000
v -0.038839 0.260403 0.156000
v -0.038932 0.260394 0.154000
v -0.038932 0.260394 0.156000
v -0.052228 0.260394 0.154000
v -0.052228 0.260394 0.156000
v -0.052314 0.260382 0.154000
v -0.052314 0.260382 0.156000
v -0.052374 0.260346 0.154000
v -0.052374 0.260346 0.156000
v -0.052411 0.260285 0.154000
v -0.052411 0.260285 0.156000
v -0.052423 0.260200 0.154000
v -0.052423 0.260200 0.156000
v -0.052423 0.252908 0.154000
v -0.052423 0.252908 0.156000
v -0.052411 0.252823 0.154000
v -0.052411 0.252823 0.156000
v -0.052374 0.252762 0.154000
v -0.052374 0.252762 0.156000
v -0.052314 0.252725 0.154000
v -0.052314 0.252725 0.156000
v -0.052228 0.252713 0.154000
v -0.052228 0.252713 0.156000
v -0.043299 0.252713 0.154000
v -0.043299 0.252713 0.156000
v -0.043205 0.252705 0.154000
v -0.043205 0.252705 0.156000
v -0.043119 0.252679 0.154000
v -0.043119 0.252679 0.156000
v -0.043040 0.252637 0.154000
v -0.043040 0.252637 0.156000
v -0.042968 0.252577 0.154000
v -0.042968 0.252577 0.156000
v -0.042908 0.252505 0.154000
v -0.042908 0.252505 0.156000
v -0.042866 0.252426 0.154000
v -0.042866 0.252426 0.156000
v -0.042840 0.252339 0.154000
v -0.042840 0.252339 0.156000
v -0.042831 0.252245 0.154000
v -0.042831 0.252245 0.156000
v -0.042831 0.249282 0.154000
v -0.042831 0.249282 0.156000
v -0.042840 0.249188 0.154000
v -0.042840 0.249188 0.156000
v -0.042866 0.249102 0.154000
v -0.042866 0.249102 0.156000
v -0.042908 0.249023 0.154000
v -0.042908 0.249023 0.156000
v -0.042968 0.248951 0.154000
v -0.042968 0.248951 0.156000
v -0.043040 0.248891 0.154000
v -0.043040 0.248891 0.156000
v -0.043119 0.248848 0.154000
v -0.043119 0.248848 0.156000
v -0.043205 0.248823 0.154000
v -0.043205 0.248823 0.156000
v -0.043299 0.248814 0.154000
v -0.043299 0.248814 0.156000
v -0.052228 0.248814 0.154000
v -0.052228 0.248814 0.156000
v -0.052314 0.248802 0.154000
v -0.052314 0.248802 0.156000
v -0.052374 0.248765 0.154000
v -0.052374 0.248765 0.156000
v -0.052411 0.248705 0.154000
v -0.052411 0.248705 0.156000
v -0.052423 0.248619 0.154000
v -0.052423 0.248619 0.156000
v -0.052423 0.241094 0.154000
v -0.052423 0.241094 0.156000
v -0.052411 0.241009 0.154000
v -0.052411 0.241009 0.156000
v -0.052374 0.240948 0.154000
v -0.052374 0.240948 0.156000
v -0.052314 0.240911 0.154000
v -0.052314 0.240911 0.156000
v -0.052228 0.240899 0.154000
v -0.052228 0.240899 0.156000
v -0.038932 0.240899 0.154000
v -0.038932 0.240899 0.156000
v -0.038839 0.240891 0.154000
v -0.038839 0.240891 0.156000
v -0.038752 0.240865 0.154000
v -0.038752 0.240865 0.156000
v -0.038673 0.240822 0.154000
v -0.038673 0.240822 0.156000
v -0.038601 0.240763 0.154000
v -0.038601 0.240763 0.156000
v -0.038541 0.240691 0.154000
v -0.038541 0.240691 0.156000
v -0.038499 0.240611 0.154000
v -0.038499 0.240611 0.156000
v -0.038473 0.240525 0.154000
v -0.038473 0.240525 0.156000
v -0.038464 0.240431 0.154000
v -0.038464 0.240431 0.156000
v -0.038464 0.237468 0.154000
v -0.038464 0.237468 0.156000
v -0.038473 0.237374 0.154000
v -0.038473 0.237374 0.156000
v -0.038499 0.237288 0.154000
v -0.038499 0.237288 0.156000
v -0.038541 0.237208 0.154000
v -0.038541 0.237208 0.156000
v -0.038601 0.237136 0.154000
v -0.038601 0.237136 0.156000
v -0.038673 0.237077 0.154000
v -0.038673 0.237077 0.156000
v -0.038752 0.237034 0.154000
v -0.038752 0.237034 0.156000
v -0.038839 0.237009 0.154000
v -0.038839 0.237009 0.156000
v -0.038932 0.237000 0.154000
v -0.038932 0.237000 0.156000
v -0.056478 0.237000 0.154000
v -0.056478 0.237000 0.156000
v -0.056572 0.237009 0.154000
v -0.056572 0.237009 0.156000
v -0.056659 0.237034 0.154000
v -0.056659 0.237034 0.156000
v -0.056738 0.237077 0.154000
v -0.056738 0.237077 0.156000
v -0.056810 0.237136 0.154000
v -0.056810 0.237136 0.156000
v -0.056869 0.237208 0.154000
v -0.056869 0.237208 0.156000
v -0.056912 0.237288 0.154000
v -0.056912 0.237288 0.156000
v -0.056938 0.237374 0.154000
v -0.056938 0.237374 0.156000
v -0.056946 0.237468 0.154000
v -0.056946 0.237468 0.156000
v -0.056946 0.263826 0.154000
v -0.056946 0.263826 0.156000
v -0.056938 0.263919 0.154000
v -0.056938 0.263919 0.156000
v -0.056912 0.264006 0.154000
v -0.056912 0.264006 0.156000
v -0.056869 0.264085 0.154000
v -0.056869 0.264085 0.156000
v -0.056810 0.264157 0.154000
v -0.056810 0.264157 0.156000
v -0.056738 0.264217 0.154000
v -0.056738 0.264217 0.156000
v -0.056659 0.264259 0.154000
v -0.056659 0.264259 0.156000
v -0.056572 0.264285 0.154000
v -0.056572 0.264285 0.156000
v -0.056478 0.264294 0.154000
v -0.056478 0.264294 0.156000
v -0.038932 0.264294 0.154000
v -0.038932 0.264294 0.156000
v -0.038839 0.264285 0.154000
v -0.038839 0.264285 0.156000
v -0.038752 0.264259 0.154000
v -0.038752 0.264259 0.156000
v -0.038673 0.264217 0.154000
v -0.038673 0.264217 0.156000
v -0.038601 0.264157 0.154000
v -0.038601 0.264157 0.156000
v -0.038541 0.264085 0.154000
v -0.038541 0.264085 0.156000
v -0.038499 0.264006 0.154000
v -0.038499 0.264006 0.156000
v -0.038473 0.263919 0.154000
v -0.038473 0.263919 0.156000
v -0.038464 0.263826 0.154000
v -0.038464 0.263826 0.156000
v -0.018540 0.237000 0.154000
v -0.018540 0.237000 0.156000
v -0.018720 0.237022 0.154000
v -0.018720 0.237022 0.156000
v -0.018872 0.237088 0.154000
v -0.018872 0.237088 0.156000
v -0.018993 0.237197 0.154000
v -0.018993 0.237197 0.156000
v -0.019086 0.237351 0.154000
v -0.019086 0.237351 0.156000
v -0.024233 0.248580 0.154000
v -0.024233 0.248580 0.156000
v -0.024277 0.248649 0.154000
v -0.024277 0.248649 0.156000
v -0.024330 0.248697 0.154000
v -0.024330 0.248697 0.156000
v -0.024394 0.248726 0.154000
v -0.024394 0.248726 0.156000
v -0.024467 0.248736 0.154000
v -0.024467 0.248736 0.156000
v -0.029146 0.248736 0.154000
v -0.029146 0.248736 0.156000
v -0.029231 0.248724 0.154000
v -0.029231 0.248724 0.156000
v -0.029292 0.248688 0.154000
v -0.029292 0.248688 0.156000
v -0.029328 0.248627 0.154000
v -0.029328 0.248627 0.156000
v -0.029341 0.248541 0.154000
v -0.029341 0.248541 0.156000
v -0.029341 0.237468 0.154000
v -0.029341 0.237468 0.156000
v -0.029349 0.237374 0.154000
v -0.029349 0.237374 0.156000
v -0.029375 0.237288 0.154000
v -0.029375 0.237288 0.156000
v -0.029417 0.237208 0.154000
v -0.029417 0.237208 0.156000
v -0.029477 0.237136 0.154000
v -0.029477 0.237136 0.156000
v -0.029549 0.237077 0.154000
v -0.029549 0.237077 0.156000
v -0.029628 0.237034 0.154000
v -0.029628 0.237034 0.156000
v -0.029715 0.237009 0.154000
v -0.029715 0.237009 0.156000
v -0.029808 0.237000 0.154000
v -0.029808 0.237000 0.156000
v -0.033396 0.237000 0.154000
v -0.033396 0.237000 0.156000
v -0.033489 0.237009 0.154000
v -0.033489 0.237009 0.156000
v -0.033576 0.237034 0.154000
v -0.033576 0.237034 0.156000
v -0.033655 0.237077 0.154000
v -0.033655 0.237077 0.156000
v -0.033727 0.237136 0.154000
v -0.033727 0.237136 0.156000
v -0.033787 0.237208 0.154000
v -0.033787 0.237208 0.156000
v -0.033829 0.237288 0.154000
v -0.033829 0.237288 0.156000
v -0.033855 0.237374 0.154000
v -0.033855 0.237374 0.156000
v -0.033864 0.237468 0.154000
v -0.033864 0.237468 0.156000
v -0.033864 0.263826 0.154000
v -0.033864 0.263826 0.156000
v -0.033855 0.263919 0.154000
v -0.033855 0.263919 0.156000
v -0.033829 0.264006 0.154000
v -0.033829 0.264006 0.156000
v -0.033787 0.264085 0.154000
v -0.033787 0.264085 0.156000
v -0.033727 0.264157 0.154000
v -0.033727 0.264157 0.156000
v -0.033655 0.264217 0.154000
v -0.033655 0.264217 0.156000
v -0.033576 0.264259 0.154000
v -0.033576 0.264259 0.156000
v -0.033489 0.264285 0.154000
v -0.033489 0.264285 0.156000
v -0.033396 0.264294 0.154000
v -0.033396 0.264294 0.156000
v -0.022673 0.264294 0.154000
v -0.022673 0.264294 0.156000
v -0.021518 0.264231 0.154000
v -0.021518 0.264231 0.156000
v -0.020431 0.264045 0.154000
v -0.020431 0.264045 0.156000
v -0.019413 0.263734 0.154000
v -0.019413 0.263734 0.156000
v -0.018462 0.263299 0.154000
v -0.018462 0.263299 0.156000
v -0.017597 0.262751 0.154000
v -0.017597 0.262751 0.156000
v -0.016834 0.262100 0.154000
v -0.016834 0.262100 0.156000
v -0.016174 0.261347 0.154000
v -0.016174 0.261347 0.156000
v -0.015616 0.260492 0.154000
v -0.015616 0.260492 0.156000
v -0.015172 0.259553 0.154000
v -0.015172 0.259553 0.156000
v -0.014856 0.258547 0.154000
v -0.014856 0.258547 0.156000
v -0.014665 0.257476 0.154000
v -0.014665 0.257476 0.156000
v -0.014602 0.256339 0.154000
v -0.014602 0.256339 0.156000
v -0.014689 0.255044 0.154000
v -0.014689 0.255044 0.156000
v -0.014948 0.253849 0.154000
v -0.014948 0.253849 0.156000
v -0.015381 0.252753 0.154000
v -0.015381 0.252753 0.156000
v -0.015986 0.251758 0.154000
v -0.015986 0.251758 0.156000
v -0.016745 0.250884 0.154000
v -0.016745 0.250884 0.156000
v -0.017638 0.250154 0.154000
v -0.017638 0.250154 0.156000
v -0.018666 0.249568 0.154000
v -0.018666 0.249568 0.156000
v -0.019827 0.249126 0.154000
v -0.019827 0.249126 0.156000
v -0.019863 0.249121 0.154000
v -0.019863 0.249121 0.156000
v -0.019895 0.249107 0.154000
v -0.019895 0.249107 0.156000
v -0.019922 0.249082 0.154000
v -0.019922 0.249082 0.156000
v -0.019944 0.249048 0.154000
v -0.019944 0.249048 0.156000
v -0.019958 0.249009 0.154000
v -0.019958 0.249009 0.156000
v -0.019963 0.248970 0.154000
v -0.019963 0.248970 0.156000
v -0.019958 0.248931 0.154000
v -0.019958 0.248931 0.156000
v -0.019944 0.248892 0.154000
v -0.019944 0.248892 0.156000
v -0.014446 0.237546 0.154000
v -0.014446 0.237546 0.156000
v -0.014412 0.237473 0.154000
v -0.014412 0.237473 0.156000
v -0.014388 0.237409 0.154000
v -0.014388 0.237409 0.156000
v -0.014373 0.237356 0.154000
v -0.014373 0.237356 0.156000
v -0.014368 0.237312 0.154000
v -0.014368 0.237312 0.156000
v -0.014395 0.237175 0.154000
v -0.014395 0.237175 0.156000
v -0.014475 0.237078 0.154000
v -0.014475 0.237078 0.156000
v -0.014609 0.237019 0.154000
v -0.014609 0.237019 0.156000
v -0.014797 0.237000 0.154000
v -0.014797 0.237000 0.156000
v -0.029146 0.260394 0.154000
v -0.029146 0.260394 0.156000
v -0.029231 0.260382 0.154000
v -0.029231 0.260382 0.156000
v -0.029292 0.260346 0.154000
v -0.029292 0.260346 0.156000
v -0.029328 0.260285 0.154000
v -0.029328 0.260285 0.156000
v -0.029341 0.260200 0.154000
v -0.029341 0.260200 0.156000
v -0.029341 0.252440 0.154000
v -0.029341 0.252440 0.156000
v -0.029328 0.252355 0.154000
v -0.029328 0.252355 0.156000
v -0.029292 0.252294 0.154000
v -0.029292 0.252294 0.156000
v -0.029231 0.252258 0.154000
v -0.029231 0.252258 0.156000
v -0.029146 0.252245 0.154000
v -0.029146 0.252245 0.156000
v -0.023297 0.252245 0.154000
v -0.023297 0.252245 0.156000
v -0.022406 0.252315 0.154000
v -0.022406 0.252315 0.156000
v -0.021606 0.252523 0.154000
v -0.021606 0.252523 0.156000
v -0.020895 0.252871 0.154000
v -0.020895 0.252871 0.156000
v -0.020275 0.253357 0.154000
v -0.020275 0.253357 0.156000
v -0.019772 0.253957 0.154000
v -0.019772 0.253957 0.156000
v -0.019413 0.254648 0.154000
v -0.019413 0.254648 0.156000
v -0.019197 0.255429 0.154000
v -0.019197 0.255429 0.156000
v -0.019125 0.256300 0.154000
v -0.019125 0.256300 0.156000
v -0.019197 0.257173 0.154000
v -0.019197 0.257173 0.156000
v -0.019413 0.257958 0.154000
v -0.019413 0.257958 0.156000
v -0.019772 0.258655 0.154000
v -0.019772 0.258655 0.156000
v -0.020275 0.259264 0.154000
v -0.020275 0.259264 0.156000
v -0.020895 0.259758 0.154000
v -0.020895 0.259758 0.156000
v -0.021606 0.260112 0.154000
v -0.021606 0.260112 0.156000
v -0.022406 0.260324 0.154000
v -0.022406 0.260324 0.156000
v -0.023297 0.260394 0.154000
v -0.023297 0.260394 0.156000
v -0.000838 0.236688 0.154000
v -0.000838 0.236688 0.156000
v -0.002257 0.236760 0.154000
v -0.002257 0.236760 0.156000
v -0.003587 0.236976 0.154000
v -0.003587 0.236976 0.156000
v -0.004830 0.237335 0.154000
v -0.004830 0.237335 0.156000
v -0.005985 0.237838 0.154000
v -0.005985 0.237838 0.156000
v -0.007033 0.238473 0.154000
v -0.007033 0.238473 0.156000
v -0.007954 0.239227 0.154000
v -0.007954 0.239227 0.156000
v -0.008749 0.240101 0.154000
v -0.008749 0.240101 0.156000
v -0.009416 0.241094 0.154000
v -0.009416 0.241094 0.156000
v -0.009945 0.242186 0.154000
v -0.009945 0.242186 0.156000
v -0.010323 0.243356 0.154000
v -0.010323 0.243356 0.156000
v -0.010549 0.244603 0.154000
v -0.010549 0.244603 0.156000
v -0.010625 0.245929 0.154000
v -0.010625 0.245929 0.156000
v -0.010625 0.255365 0.154000
v -0.010625 0.255365 0.156000
v -0.010549 0.256706 0.154000
v -0.010549 0.256706 0.156000
v -0.010323 0.257962 0.154000
v -0.010323 0.257962 0.156000
v -0.009945 0.259133 0.154000
v -0.009945 0.259133 0.156000
v -0.009416 0.260219 0.154000
v -0.009416 0.260219 0.156000
v -0.008749 0.261204 0.154000
v -0.008749 0.261204 0.156000
v -0.007954 0.262071 0.154000
v -0.007954 0.262071 0.156000
v -0.007033 0.262822 0.154000
v -0.007033 0.262822 0.156000
v -0.005985 0.263455 0.154000
v -0.005985 0.263455 0.156000
v -0.004830 0.263959 0.154000
v -0.004830 0.263959 0.156000
v -0.003587 0.264318 0.154000
v -0.003587 0.264318 0.156000
v -0.002257 0.264534 0.154000
v -0.002257 0.264534 0.156000
v -0.000838 0.264606 0.154000
v -0.000838 0.264606 0.156000
v 0.000562 0.264535 0.154000
v 0.000562 0.264535 0.156000
v 0.001876 0.264323 0.154000
v 0.001876 0.264323 0.156000
v 0.003106 0.263969 0.154000
v 0.003106 0.263969 0.156000
v 0.004250 0.263475 0.154000
v 0.004250 0.263475 0.156000
v 0.005289 0.262858 0.154000
v 0.005289 0.262858 0.156000
v 0.006204 0.262139 0.154000
v 0.006204 0.262139 0.156000
v 0.006995 0.261318 0.154000
v 0.006995 0.261318 0.156000
v 0.007662 0.260394 0.154000
v 0.007662 0.260394 0.156000
v 0.008191 0.259388 0.154000
v 0.008191 0.259388 0.156000
v 0.008568 0.258318 0.154000
v 0.008568 0.258318 0.156000
v 0.008795 0.257185 0.154000
v 0.008795 0.257185 0.156000
v 0.008870 0.255989 0.154000
v 0.008870 0.255989 0.156000
v 0.008870 0.255677 0.154000
v 0.008870 0.255677 0.156000
v 0.008862 0.255583 0.154000
v 0.008862 0.255583 0.156000
v 0.008836 0.255496 0.154000
v 0.008836 0.255496 0.156000
v 0.008794 0.255417 0.154000
v 0.008794 0.255417 0.156000
v 0.008734 0.255345 0.154000
v 0.008734 0.255345 0.156000
v 0.008662 0.255285 0.154000
v 0.008662 0.255285 0.156000
v 0.008583 0.255243 0.154000
v 0.008583 0.255243 0.156000
v 0.008496 0.255217 0.154000
v 0.008496 0.255217 0.156000
v 0.008403 0.255209 0.154000
v 0.008403 0.255209 0.156000
v 0.004854 0.255209 0.154000
v 0.004854 0.255209 0.156000
v 0.004761 0.255217 0.154000
v 0.004761 0.255217 0.156000
v 0.004674 0.255243 0.154000
v 0.004674 0.255243 0.156000
v 0.004595 0.255285 0.154000
v 0.004595 0.255285 0.156000
v 0.004523 0.255345 0.154000
v 0.004523 0.255345 0.156000
v 0.004463 0.255417 0.154000
v 0.004463 0.255417 0.156000
v 0.004421 0.255496 0.154000
v 0.004421 0.255496 0.156000
v 0.004395 0.255583 0.154000
v 0.004395 0.255583 0.156000
v 0.004386 0.255677 0.154000
v 0.004386 0.255677 0.156000
v 0.004386 0.255872 0.154000
v 0.004386 0.255872 0.156000
v 0.004298 0.256878 0.154000
v 0.004298 0.256878 0.156000
v 0.004031 0.257792 0.154000
v 0.004031 0.257792 0.156000
v 0.003586 0.258613 0.154000
v 0.003586 0.258613 0.156000
v 0.002963 0.259342 0.154000
v 0.002963 0.259342 0.156000
v 0.002192 0.259939 0.154000
v 0.002192 0.259939 0.156000
v 0.001301 0.260365 0.154000
v 0.001301 0.260365 0.156000
v 0.000291 0.260621 0.154000
v 0.000291 0.260621 0.156000
v -0.000838 0.260706 0.154000
v -0.000838 0.260706 0.156000
v -0.001969 0.260617 0.154000
v -0.001969 0.260617 0.156000
v -0.002983 0.260351 0.154000
v -0.002983 0.260351 0.156000
v -0.003880 0.259906 0.154000
v -0.003880 0.259906 0.156000
v -0.004659 0.259283 0.154000
v -0.004659 0.259283 0.156000
v -0.005291 0.258514 0.154000
v -0.005291 0.258514 0.156000
v -0.005741 0.257631 0.154000
v -0.005741 0.257631 0.156000
v -0.006012 0.256633 0.154000
v -0.006012 0.256633 0.156000
v -0.006102 0.255521 0.154000
v -0.006102 0.255521 0.156000
v -0.006102 0.245773 0.154000
v -0.006102 0.245773 0.156000
v -0.006007 0.244660 0.154000
v -0.006007 0.244660 0.156000
v -0.005722 0.243663 0.154000
v -0.005722 0.243663 0.156000
v -0.005247 0.242779 0.154000
v -0.005247 0.242779 0.156000
v -0.004581 0.242010 0.154000
v -0.004581 0.242010 0.156000
v -0.003765 0.241388 0.154000
v -0.003765 0.241388 0.156000
v -0.002837 0.240943 0.154000
v -0.002837 0.240943 0.156000
v -0.001796 0.240676 0.154000
v -0.001796 0.240676 0.156000
v -0.000643 0.240587 0.154000
v -0.000643 0.240587 0.156000
v 0.000464 0.240664 0.154000
v 0.000464 0.240664 0.156000
v 0.001448 0.240894 0.154000
v 0.001448 0.240894 0.156000
v 0.002307 0.241278 0.154000
v 0.002307 0.241278 0.156000
v 0.003041 0.241815 0.154000
v 0.003041 0.241815 0.156000
v 0.003630 0.242487 0.154000
v 0.003630 0.242487 0.156000
v 0.004050 0.243273 0.154000
v 0.004050 0.243273 0.156000
v 0.004302 0.244173 0.154000
v 0.004302 0.244173 0.156000
v 0.004386 0.245188 0.154000
v 0.004386 0.245188 0.156000
v 0.004386 0.247606 0.154000
v 0.004386 0.247606 0.156000
v 0.004374 0.247691 0.154000
v 0.004374 0.247691 0.156000
v 0.004338 0.247752 0.154000
v 0.004338 0.247752 0.156000
v 0.004277 0.247788 0.154000
v 0.004277 0.247788 0.156000
v 0.004192 0.247800 0.154000
v 0.004192 0.247800 0.156000
v -0.000604 0.247800 0.154000
v -0.000604 0.247800 0.156000
v -0.000698 0.247809 0.154000
v -0.000698 0.247809 0.156000
v -0.000785 0.247835 0.154000
v -0.000785 0.247835 0.156000
v -0.000864 0.247877 0.154000
v -0.000864 0.247877 0.156000
v -0.000936 0.247937 0.154000
v -0.000936 0.247937 0.156000
v -0.000995 0.248009 0.154000
v -0.000995 0.248009 0.156000
v -0.001038 0.248088 0.154000
v -0.001038 0.248088 0.156000
v -0.001064 0.248174 0.154000
v -0.001064 0.248174 0.156000
v -0.001072 0.248268 0.154000
v -0.001072 0.248268 0.156000
v -0.001072 0.251154 0.154000
v -0.001072 0.251154 0.156000
v -0.001064 0.251247 0.154000
v -0.001064 0.251247 0.156000
v -0.001038 0.251334 0.154000
v -0.001038 0.251334 0.156000
v -0.000995 0.251413 0.154000
v -0.000995 0.251413 0.156000
v -0.000936 0.251485 0.154000
v -0.000936 0.251485 0.156000
v -0.000864 0.251545 0.154000
v -0.000864 0.251545 0.156000
v -0.000785 0.251587 0.154000
v -0.000785 0.251587 0.156000
v -0.000698 0.251613 0.154000
v -0.000698 0.251613 0.156000
v -0.000604 0.251622 0.154000
v -0.000604 0.251622 0.156000
v 0.008403 0.251622 0.154000
v 0.008403 0.251622 0.156000
v 0.008496 0.251613 0.154000
v 0.008496 0.251613 0.156000
v 0.008583 0.251587 0.154000
v 0.008583 0.251587 0.156000
v 0.008662 0.251545 0.154000
v 0.008662 0.251545 0.156000
v 0.008734 0.251485 0.154000
v 0.008734 0.251485 0.156000
v 0.008794 0.251413 0.154000
v 0.008794 0.251413 0.156000
v 0.008836 0.251334 0.154000
v 0.008836 0.251334 0.156000
v 0.008862 0.251247 0.154000
v 0.008862 0.251247 0.156000
v 0.008870 0.251154 0.154000
v 0.008870 0.251154 0.156000
v 0.008870 0.246163 0.154000
v 0.008870 0.246163 0.156000
v 0.008706 0.244045 0.154000
v 0.008706 0.244045 0.156000
v 0.008212 0.242176 0.154000
v 0.008212 0.242176 0.156000
v 0.007390 0.240555 0.154000
v 0.007390 0.240555 0.156000
v 0.006239 0.239183 0.154000
v 0.006239 0.239183 0.156000
v 0.004809 0.238092 0.154000
v 0.004809 0.238092 0.156000
v 0.003153 0.237312 0.154000
v 0.003153 0.237312 0.156000
v 0.001271 0.236844 0.154000
v 0.001271 0.236844 0.156000
v 0.032421 0.260862 0.154000
v 0.032421 0.260862 0.156000
v 0.032412 0.260769 0.154000
v 0.032412 0.260769 0.156000
v 0.032387 0.260682 0.154000
v 0.032387 0.260682 0.156000
v 0.032344 0.260603 0.154000
v 0.032344 0.260603 0.156000
v 0.032284 0.260531 0.154000
v 0.032284 0.260531 0.156000
v 0.032213 0.260471 0.154000
v 0.032213 0.260471 0.156000
v 0.032133 0.260429 0.154000
v 0.032133 0.260429 0.156000
v 0.032047 0.260403 0.154000
v 0.032047 0.260403 0.156000
v 0.031953 0.260394 0.154000
v 0.031953 0.260394 0.156000
v 0.018657 0.260394 0.154000
v 0.018657 0.260394 0.156000
v 0.018572 0.260382 0.154000
v 0.018572 0.260382 0.156000
v 0.018511 0.260346 0.154000
v 0.018511 0.260346 0.156000
v 0.018474 0.260285 0.154000
v 0.018474 0.260285 0.156000
v 0.018462 0.260200 0.154000
v 0.018462 0.260200 0.156000
v 0.018462 0.252908 0.154000
v 0.018462 0.252908 0.156000
v 0.018474 0.252823 0.154000
v 0.018474 0.252823 0.156000
v 0.018511 0.252762 0.154000
v 0.018511 0.252762 0.156000
v 0.018572 0.252725 0.154000
v 0.018572 0.252725 0.156000
v 0.018657 0.252713 0.154000
v 0.018657 0.252713 0.156000
v 0.027586 0.252713 0.154000
v 0.027586 0.252713 0.156000
v 0.027680 0.252705 0.154000
v 0.027680 0.252705 0.156000
v 0.027766 0.252679 0.154000
v 0.027766 0.252679 0.156000
v 0.027846 0.252637 0.154000
v 0.027846 0.252637 0.156000
v 0.027917 0.252577 0.154000
v 0.027917 0.252577 0.156000
v 0.027977 0.252505 0.154000
v 0.027977 0.252505 0.156000
v 0.028020 0.252426 0.154000
v 0.028020 0.252426 0.156000
v 0.028045 0.252339 0.154000
v 0.028045 0.252339 0.156000
v 0.028054 0.252245 0.154000
v 0.028054 0.252245 0.156000
v 0.028054 0.249282 0.154000
v 0.028054 0.249282 0.156000
v 0.028045 0.249188 0.154000
v 0.028045 0.249188 0.156000
v 0.028020 0.249102 0.154000
v 0.028020 0.249102 0.156000
v 0.027977 0.249023 0.154000
v 0.027977 0.249023 0.156000
v 0.027917 0.248951 0.154000
v 0.027917 0.248951 0.156000
v 0.027846 0.248891 0.154000
v 0.027846 0.248891 0.156000
v 0.027766 0.248848 0.154000
v 0.027766 0.248848 0.156000
v 0.027680 0.248823 0.154000
v 0.027680 0.248823 0.156000
v 0.027586 0.248814 0.154000
v 0.027586 0.248814 0.156000
v 0.018657 0.248814 0.154000
v 0.018657 0.248814 0.156000
v 0.018572 0.248802 0.154000
v 0.018572 0.248802 0.156000
v 0.018511 0.248765 0.154000
v 0.018511 0.248765 0.156000
v 0.018474 0.248705 0.154000
v 0.018474 0.248705 0.156000
v 0.018462 0.248619 0.154000
v 0.018462 0.248619 0.156000
v 0.018462 0.241094 0.154000
v 0.018462 0.241094 0.156000
v 0.018474 0.241009 0.154000
v 0.018474 0.241009 0.156000
v 0.018511 0.240948 0.154000
v 0.018511 0.240948 0.156000
v 0.018572 0.240911 0.154000
v 0.018572 0.240911 0.156000
v 0.018657 0.240899 0.154000
v 0.018657 0.240899 0.156000
v 0.031953 0.240899 0.154000
v 0.031953 0.240899 0.156000
v 0.032047 0.240891 0.154000
v 0.032047 0.240891 0.156000
v 0.032133 0.240865 0.154000
v 0.032133 0.240865 0.156000
v 0.032213 0.240822 0.154000
v 0.032213 0.240822 0.156000
v 0.032284 0.240763 0.154000
v 0.032284 0.240763 0.156000
v 0.032344 0.240691 0.154000
v 0.032344 0.240691 0.156000
v 0.032387 0.240611 0.154000
v 0.032387 0.240611 0.156000
v 0.032412 0.240525 0.154000
v 0.032412 0.240525 0.156000
v 0.032421 0.240431 0.154000
v 0.032421 0.240431 0.156000
v 0.032421 0.237468 0.154000
v 0.032421 0.237468 0.156000
v 0.032412 0.237374 0.154000
v 0.032412 0.237374 0.156000
v 0.032387 0.237288 0.154000
v 0.032387 0.237288 0.156000
v 0.032344 0.237208 0.154000
v 0.032344 0.237208 0.156000
v 0.032284 0.237136 0.154000
v 0.032284 0.237136 0.156000
v 0.032213 0.237077 0.154000
v 0.032213 0.237077 0.156000
v 0.032133 0.237034 0.154000
v 0.032133 0.237034 0.156000
v 0.032047 0.237009 0.154000
v 0.032047 0.237009 0.156000
v 0.031953 0.237000 0.154000
v 0.031953 0.237000 0.156000
v 0.014407 0.237000 0.154000
v 0.014407 0.237000 0.156000
v 0.014313 0.237009 0.154000
v 0.014313 0.237009 0.156000
v 0.014227 0.237034 0.154000
v 0.014227 0.237034 0.156000
v 0.014148 0.237077 0.154000
v 0.014148 0.237077 0.156000
v 0.014076 0.237136 0.154000
v 0.014076 0.237136 0.156000
v 0.014016 0.237208 0.154000
v 0.014016 0.237208 0.156000
v 0.013973 0.237288 0.154000
v 0.013973 0.237288 0.156000
v 0.013948 0.237374 0.154000
v 0.013948 0.237374 0.156000
v 0.013939 0.237468 0.154000
v 0.013939 0.237468 0.156000
v 0.013939 0.263826 0.154000
v 0.013939 0.263826 0.156000
v 0.013948 0.263919 0.154000
v 0.013948 0.263919 0.156000
v 0.013973 0.264006 0.154000
v 0.013973 0.264006 0.156000
v 0.014016 0.264085 0.154000
v 0.014016 0.264085 0.156000
v 0.014076 0.264157 0.154000
v 0.014076 0.264157 0.156000
v 0.014148 0.264217 0.154000
v 0.014148 0.264217 0.156000
v 0.014227 0.264259 0.154000
v 0.014227 0.264259 0.156000
v 0.014313 0.264285 0.154000
v 0.014313 0.264285 0.156000
v 0.014407 0.264294 0.154000
v 0.014407 0.264294 0.156000
v 0.031953 0.264294 0.154000
v 0.031953 0.264294 0.156000
v 0.032047 0.264285 0.154000
v 0.032047 0.264285 0.156000
v 0.032133 0.264259 0.154000
v 0.032133 0.264259 0.156000
v 0.032213 0.264217 0.154000
v 0.032213 0.264217 0.156000
v 0.032284 0.264157 0.154000
v 0.032284 0.264157 0.156000
v 0.032344 0.264085 0.154000
v 0.032344 0.264085 0.156000
v 0.032387 0.264006 0.154000
v 0.032387 0.264006 0.156000
v 0.032412 0.263919 0.154000
v 0.032412 0.263919 0.156000
v 0.032421 0.263826 0.154000
v 0.032421 0.263826 0.156000
v 0.052891 0.263826 0.154000
v 0.052891 0.263826 0.156000
v 0.052900 0.263919 0.154000
v 0.052900 0.263919 0.156000
v 0.052925 0.264006 0.154000
v 0.052925 0.264006 0.156000
v 0.052968 0.264085 0.154000
v 0.052968 0.264085 0.156000
v 0.053028 0.264157 0.154000
v 0.053028 0.264157 0.156000
v 0.053099 0.264217 0.154000
v 0.053099 0.264217 0.156000
v 0.053179 0.264259 0.154000
v 0.053179 0.264259 0.156000
v 0.053265 0.264285 0.154000
v 0.053265 0.264285 0.156000
v 0.053359 0.264294 0.154000
v 0.053359 0.264294 0.156000
v 0.056946 0.264294 0.154000
v 0.056946 0.264294 0.156000
v 0.057040 0.264285 0.154000
v 0.057040 0.264285 0.156000
v 0.057126 0.264259 0.154000
v 0.057126 0.264259 0.156000
v 0.057206 0.264217 0.154000
v 0.057206 0.264217 0.156000
v 0.057278 0.264157 0.154000
v 0.057278 0.264157 0.156000
v 0.057337 0.264085 0.154000
v 0.057337 0.264085 0.156000
v 0.057380 0.264006 0.154000
v 0.057380 0.264006 0.156000
v 0.057405 0.263919 0.154000
v 0.057405 0.263919 0.156000
v 0.057414 0.263826 0.154000
v 0.057414 0.263826 0.156000
v 0.057414 0.237468 0.154000
v 0.057414 0.237468 0.156000
v 0.057405 0.237374 0.154000
v 0.057405 0.237374 0.156000
v 0.057380 0.237288 0.154000
v 0.057380 0.237288 0.156000
v 0.057337 0.237208 0.154000
v 0.057337 0.237208 0.156000
v 0.057278 0.237136 0.154000
v 0.057278 0.237136 0.156000
v 0.057206 0.237077 0.154000
v 0.057206 0.237077 0.156000
v 0.057126 0.237034 0.154000
v 0.057126 0.237034 0.156000
v 0.057040 0.237009 0.154000
v 0.057040 0.237009 0.156000
v 0.056946 0.237000 0.154000
v 0.056946 0.237000 0.156000
v 0.053476 0.237000 0.154000
v 0.053476 0.237000 0.156000
v 0.053296 0.237019 0.154000
v 0.053296 0.237019 0.156000
v 0.053144 0.237078 0.154000
v 0.053144 0.237078 0.156000
v 0.053023 0.237175 0.154000
v 0.053023 0.237175 0.156000
v 0.052930 0.237312 0.154000
v 0.052930 0.237312 0.156000
v 0.041701 0.255716 0.154000
v 0.041701 0.255716 0.156000
v 0.041662 0.255766 0.154000
v 0.041662 0.255766 0.156000
v 0.041623 0.255798 0.154000
v 0.041623 0.255798 0.156000
v 0.041584 0.255814 0.154000
v 0.041584 0.255814 0.156000
v 0.041545 0.255813 0.154000
v 0.041545 0.255813 0.156000
v 0.041511 0.255795 0.154000
v 0.041511 0.255795 0.156000
v 0.041486 0.255759 0.154000
v 0.041486 0.255759 0.156000
v 0.041472 0.255707 0.154000
v 0.041472 0.255707 0.156000
v 0.041467 0.255638 0.154000
v 0.041467 0.255638 0.156000
v 0.041545 0.237468 0.154000
v 0.041545 0.237468 0.156000
v 0.041536 0.237374 0.154000
v 0.041536 0.237374 0.156000
v 0.041511 0.237288 0.154000
v 0.041511 0.237288 0.156000
v 0.041468 0.237208 0.154000
v 0.041468 0.237208 0.156000
v 0.041408 0.237136 0.154000
v 0.041408 0.237136 0.156000
v 0.041336 0.237077 0.154000
v 0.041336 0.237077 0.156000
v 0.041257 0.237034 0.154000
v 0.041257 0.237034 0.156000
v 0.041171 0.237009 0.154000
v 0.041171 0.237009 0.156000
v 0.041077 0.237000 0.154000
v 0.041077 0.237000 0.156000
v 0.037490 0.237000 0.154000
v 0.037490 0.237000 0.156000
v 0.037396 0.237009 0.154000
v 0.037396 0.237009 0.156000
v 0.037309 0.237034 0.154000
v 0.037309 0.237034 0.156000
v 0.037230 0.237077 0.154000
v 0.037230 0.237077 0.156000
v 0.037158 0.237136 0.154000
v 0.037158 0.237136 0.156000
v 0.037099 0.237208 0.154000
v 0.037099 0.237208 0.156000
v 0.037056 0.237288 0.154000
v 0.037056 0.237288 0.156000
v 0.037030 0.237374 0.154000
v 0.037030 0.237374 0.156000
v 0.037022 0.237468 0.154000
v 0.037022 0.237468 0.156000
v 0.037022 0.263826 0.154000
v 0.037022 0.263826 0.156000
v 0.037030 0.263919 0.154000
v 0.037030 0.263919 0.156000
v 0.037056 0.264006 0.154000
v 0.037056 0.264006 0.156000
v 0.037099 0.264085 0.154000
v 0.037099 0.264085 0.156000
v 0.037158 0.264157 0.154000
v 0.037158 0.264157 0.156000
v 0.037230 0.264217 0.154000
v 0.037230 0.264217 0.156000
v 0.037309 0.264259 0.154000
v 0.037309 0.264259 0.156000
v 0.037396 0.264285 0.154000
v 0.037396 0.264285 0.156000
v 0.037490 0.264294 0.154000
v 0.037490 0.264294 0.156000
v 0.040960 0.264294 0.154000
v 0.040960 0.264294 0.156000
v 0.041140 0.264274 0.154000
v 0.041140 0.264274 0.156000
v 0.041291 0.264216 0.154000
v 0.041291 0.264216 0.156000
v 0.041413 0.264118 0.154000
v 0.041413 0.264118 0.156000
v 0.041506 0.263982 0.154000
v 0.041506 0.263982 0.156000
v 0.052696 0.245578 0.154000
v 0.052696 0.245578 0.156000
v 0.052735 0.245528 0.154000
v 0.052735 0.245528 0.156000
v 0.052774 0.245495 0.154000
v 0.052774 0.245495 0.156000
v 0.052813 0.245479 0.154000
v 0.052813 0.245479 0.156000
v 0.052852 0.245480 0.154000
v 0.052852 0.245480 0.156000
v 0.052886 0.245499 0.154000
v 0.052886 0.245499 0.156000
v 0.052911 0.245534 0.154000
v 0.052911 0.245534 0.156000
v 0.052925 0.245587 0.154000
v 0.052925 0.245587 0.156000
v 0.052930 0.245656 0.154000
v 0.052930 0.245656 0.156000
v 0.081042 0.264294 0.154000
v 0.081042 0.264294 0.156000
v 0.081136 0.264285 0.154000
v 0.081136 0.264285 0.156000
v 0.081223 0.264259 0.154000
v 0.081223 0.264259 0.156000
v 0.081302 0.264217 0.154000
v 0.081302 0.264217 0.156000
v 0.081374 0.264157 0.154000
v 0.081374 0.264157 0.156000
v 0.081434 0.264085 0.154000
v 0.081434 0.264085 0.156000
v 0.081476 0.264006 0.154000
v 0.081476 0.264006 0.156000
v 0.081502 0.263919 0.154000
v 0.081502 0.263919 0.156000
v 0.081510 0.263826 0.154000
v 0.081510 0.263826 0.156000
v 0.081510 0.260823 0.154000
v 0.081510 0.260823 0.156000
v 0.081502 0.260730 0.154000
v 0.081502 0.260730 0.156000
v 0.081476 0.260643 0.154000
v 0.081476 0.260643 0.156000
v 0.081434 0.260564 0.154000
v 0.081434 0.260564 0.156000
v 0.081374 0.260492 0.154000
v 0.081374 0.260492 0.156000
v 0.081302 0.260432 0.154000
v 0.081302 0.260432 0.156000
v 0.081223 0.260390 0.154000
v 0.081223 0.260390 0.156000
v 0.081136 0.260364 0.154000
v 0.081136 0.260364 0.156000
v 0.081042 0.260355 0.154000
v 0.081042 0.260355 0.156000
v 0.073868 0.260355 0.154000
v 0.073868 0.260355 0.156000
v 0.073783 0.260343 0.154000
v 0.073783 0.260343 0.156000
v 0.073722 0.260307 0.154000
v 0.073722 0.260307 0.156000
v 0.073685 0.260246 0.154000
v 0.073685 0.260246 0.156000
v 0.073673 0.260161 0.154000
v 0.073673 0.260161 0.156000
v 0.073673 0.237468 0.154000
v 0.073673 0.237468 0.156000
v 0.073665 0.237374 0.154000
v 0.073665 0.237374 0.156000
v 0.073639 0.237288 0.154000
v 0.073639 0.237288 0.156000
v 0.073596 0.237208 0.154000
v 0.073596 0.237208 0.156000
v 0.073537 0.237136 0.154000
v 0.073537 0.237136 0.156000
v 0.073465 0.237077 0.154000
v 0.073465 0.237077 0.156000
v 0.073386 0.237034 0.154000
v 0.073386 0.237034 0.156000
v 0.073299 0.237009 0.154000
v 0.073299 0.237009 0.156000
v 0.073205 0.237000 0.154000
v 0.073205 0.237000 0.156000
v 0.069618 0.237000 0.154000
v 0.069618 0.237000 0.156000
v 0.069524 0.237009 0.154000
v 0.069524 0.237009 0.156000
v 0.069438 0.237034 0.154000
v 0.069438 0.237034 0.156000
v 0.069359 0.237077 0.154000
v 0.069359 0.237077 0.156000
v 0.069287 0.237136 0.154000
v 0.069287 0.237136 0.156000
v 0.069227 0.237208 0.154000
v 0.069227 0.237208 0.156000
v 0.069184 0.237288 0.154000
v 0.069184 0.237288 0.156000
v 0.069159 0.237374 0.154000
v 0.069159 0.237374 0.156000
v 0.069150 0.237468 0.154000
v 0.069150 0.237468 0.156000
v 0.069150 0.260161 0.154000
v 0.069150 0.260161 0.156000
v 0.069138 0.260246 0.154000
v 0.069138 0.260246 0.156000
v 0.069101 0.260307 0.154000
v 0.069101 0.260307 0.156000
v 0.069041 0.260343 0.154000
v 0.069041 0.260343 0.156000
v 0.068955 0.260355 0.154000
v 0.068955 0.260355 0.156000
v 0.062054 0.260355 0.154000
v 0.062054 0.260355 0.156000
v 0.061960 0.260364 0.154000
v 0.061960 0.260364 0.156000
v 0.061874 0.260390 0.154000
v 0.061874 0.260390 0.156000
v 0.061794 0.260432 0.154000
v 0.061794 0.260432 0.156000
v 0.061722 0.260492 0.154000
v 0.061722 0.260492 0.156000
v 0.061663 0.260564 0.154000
v 0.061663 0.260564 0.156000
v 0.061620 0.260643 0.154000
v 0.061620 0.260643 0.156000
v 0.061595 0.260730 0.154000
v 0.061595 0.260730 0.156000
v 0.061586 0.260823 0.154000
v 0.061586 0.260823 0.156000
v 0.061586 0.263826 0.154000
v 0.061586 0.263826 0.156000
v 0.061595 0.263919 0.154000
v 0.061595 0.263919 0.156000
v 0.061620 0.264006 0.154000
v 0.061620 0.264006 0.156000
v 0.061663 0.264085 0.154000
v 0.061663 0.264085 0.156000
v 0.061722 0.264157 0.154000
v 0.061722 0.264157 0.156000
v 0.061794 0.264217 0.154000
v 0.061794 0.264217 0.156000
v 0.061874 0.264259 0.154000
v 0.061874 0.264259 0.156000
v 0.061960 0.264285 0.154000
v 0.061960 0.264285 0.156000
v 0.062054 0.264294 0.154000
v 0.062054 0.264294 0.156000
v -0.090000 0.570000 0.151000
v 0.065000 0.570000 0.151000
v 0.085000 0.520000 0.151000
v 0.130000 0.495000 0.151000
v 0.085000 0.475000 0.151000
v 0.065000 0.405000 0.151000
v 0.025000 0.390000 0.151000
v 0.025000 0.355000 0.151000
v 0.150000 0.310000 0.151000
v -0.160000 0.310000 0.151000
v -0.095000 0.380000 0.151000
v -0.100000 0.480000 0.151000
v -0.090000 0.570000 0.145000
v 0.065000 0.570000 0.145000
v 0.085000 0.520000 0.145000
v 0.130000 0.495000 0.145000
v 0.085000 0.475000 0.145000
v 0.065000 0.405000 0.145000
v 0.025000 0.390000 0.145000
v 0.025000 0.355000 0.145000
v 0.150000 0.310000 0.145000
v -0.160000 0.310000 0.145000
v -0.095000 0.380000 0.145000
v -0.100000 0.480000 0.145000
v -0.130000 0.575000 0.151000
v -0.100000 0.620000 0.151000
v 0.070000 0.620000 0.151000
v 0.100000 0.590000 0.151000
v 0.170000 0.560000 0.151000
v -0.130000 0.575000 0.145000
v -0.100000 0.620000 0.145000
v 0.070000 0.620000 0.145000
v 0.100000 0.590000 0.145000
v 0.170000 0.560000 0.145000
v -0.130000 0.544000 0.151000
v 0.130000 0.544000 0.151000
v 0.130000 0.560000 0.151000
v -0.130000 0.560000 0.151000
v -0.130000 0.544000 0.145000
v 0.130000 0.544000 0.145000
v 0.130000 0.560000 0.145000
v -0.130000 0.560000 0.145000
v -0.122198 0.337308 0.151000
v 0.017802 0.297308 0.151000
v 0.022198 0.312692 0.151000
v -0.117802 0.352692 0.151000
v -0.122198 0.337308 0.145000
v 0.017802 0.297308 0.145000
v 0.022198 0.312692 0.145000
v -0.117802 0.352692 0.145000
vn 0.000000 -0.000000 1.000000
vn 0.000000 -0.000000 1.000000
vn 0.000000 -0.000000 1.000000
vn 0.000000 -0.000000 1.000000
vn 0.000000 -0.000000 1.000000
vn 0.000000 -0.000000 1.000000
vn 0.000000 -0.000000 1.000000
vn 0.000000 -0.000000 1.000000
vn 0.000000 -0.000000 1.000000
vn 0.000000 -0.000000 1.000000
vn 0.000000 -0.000000 1.000000
vn 0.000000 -0.000000 1.000000
vn 0.000000 -0.000000 1.000000
vn 0.000000 -0.000000 1.000000
vn 0.000000 -0.000000 1.000000
vn 0.000000 -0.000000 1.000000
vn 0.000000 -0.000000 1.000000
vn 0.000000 -0.000000 1.000000
vn 0.000000 -0.000000 1.000000
vn 0.000000 -0.000000 1.000000
vn 0.000000 -0.000000 1.000000
vn 0.000000 -0.000000 1.000000
vn 0.000000 -0.000000 1.000000
vn 0.000000 -0.000000 1.000000
vn 0.000000 -0.000000 1.000000
vn 0.000000 -0.000000 1.000000
vn 0.000000 -0.000000 1.000000
vn 0.000000 -0.000000 1.000000
vn 0.000000 -0.000000 1.000000
vn 0.000000 -0.000000 1.000000
vn 0.000000 -0.000000 1.000000
vn 0.000000 -0.000000 1.000000
vn 0.000000 -0.000000 1.000000
vn 0.000000 -0.000000 1.000000
vn 0.000000 -0.000000 1.000000
vn 0.000000 -0.000000 1.000000
vn 0.000000 -0.000000 1.000000
vn 0.000000 -0.000000 1.000000
vn 0.000000 -0.000000 1.000000
vn 0.000000 -0.000000 1.000000
vn 0.000000 -0.000000 1.000000
vn 0.000000 -0.000000 1.000000
vn 0.000000 -0.000000 1.000000
vn 0.000000 -0.000000 1.000000
vn 0.000000 -0.000000 1.000000
vn 0.000000 -0.000000 1.000000
vn 0.000000 -0.000000 1.000000
vn 0.000000 -0.000000 1.000000
vn 0.000000 -0.000000 1.000000
vn 0.000000 -0.000000 1.000000
vn 0.000000 -0.000000 1.000000
vn 0.000000 -0.000000 1.000000
vn 0.000000 -0.000000 1.000000
vn 0.000000 -0.000000 1.000000
vn 0.000000 -0.000000 1.000000
vn 0.000000 -0.000000 1.000000
vn 0.000000 -0.000000 1.000000
vn 0.000000 -0.000000 1.000000
vn 0.000000 -0.000000 1.000000
vn 0.000000 -0.000000 1.000000
vn 0.000000 -0.000000 1.000000
vn 0.000000 -0.000000 1.000000
vn 0.000000 -0.000000 1.000000
vn 0.000000 -0.000000 1.000000
vn 0.000000 -0.000000 1.000000
vn 0.000000 -0.000000 1.000000
vn 0.000000 -0.000000 1.000000
vn 0.000000 -0.000000 1.000000
vn 0.000000 -0.000000 1.000000
vn 0.000000 -0.000000 1.000000
vn 0.000000 -0.000000 1.000000
vn 0.000000 -0.000000 1.000000
vn 0.000000 -0.000000 1.000000
vn 0.000000 -0.000000 1.000000
vn 0.000000 -0.000000 1.000000
vn 0.000000 -0.000000 1.000000
vn 0.000000 -0.000000 1.000000
vn 0.000000 -0.000000 1.000000
vn 0.000000 -0.000000 1.000000
vn 0.000000 -0.000000 1.000000
vn 0.000000 -0.000000 1.000000
vn 0.000000 0.000000 -0.000000
vn 0.000000 -0.000000 1.000000
vn 0.000000 0.000000 -0.000000
vn 0.000000 -0.000000 1.000000
vn 0.000000 -0.000000 1.000000
vn 0.000000 -0.000000 1.000000
vn 0.000000 -0.000000 1.000000
vn 0.000000 -0.000000 1.000000
vn 0.000000 -0.000000 1.000000
vn 0.000000 -0.000000 1.000000
vn 0.000000 -0.000000 1.000000
vn 0.000000 -0.000000 1.000000
vn 0.000000 -0.000000 1.000000
vn 0.000000 -0.000000 1.000000
vn 0.000000 -0.000000 1.000000
vn 0.000000 -0.000000 1.000000
vn 0.000000 -0.000000 1.000000
vn 0.000000 -0.000000 1.000000
vn 0.000000 -0.000000 1.000000
vn 0.000000 -0.000000 1.000000
vn 0.000000 -0.000000 1.000000
vn 0.000000 -0.000000 1.000000
vn 0.000000 -0.000000 1.000000
vn 0.000000 -0.000000 1.000000
vn 0.000000 -0.000000 1.000000
vn 0.000000 -0.000000 1.000000
vn 0.000000 -0.000000 1.000000
vn 0.000000 -0.000000 1.000000
vn 0.000000 0.000000 -1.000000
vn 0.000000 0.000000 -1.000000
vn 0.000000 0.000000 -1.000000
vn 0.000000 0.000000 -1.000000
vn 0.000000 0.000000 -1.000000
vn 0.000000 0.000000 -1.000000
vn 0.000000 0.000000 -1.000000
vn 0.000000 0.000000 -1.000000
vn 0.000000 0.000000 -1.000000
vn 0.000000 0.000000 -1.000000
vn 0.000000 0.000000 -1.000000
vn 0.000000 0.000000 -1.000000
vn 0.000000 0.000000 -1.000000
vn 0.000000 0.000000 -1.000000
vn 0.000000 0.000000 -1.000000
vn 0.000000 0.000000 -1.000000
vn 0.000000 0.000000 -1.000000
vn 0.000000 0.000000 -1.000000
vn 0.000000 0.000000 -1.000000
vn 0.000000 0.000000 -1.000000
vn 0.000000 0.000000 -1.000000
vn 0.000000 0.000000 -1.000000
vn 0.000000 0.000000 -1.000000
vn 0.000000 0.000000 -1.000000
vn 0.000000 0.000000 -1.000000
vn 0.000000 0.000000 -1.000000
vn 0.000000 0.000000 -1.000000
vn 0.000000 0.000000 -1.000000
vn 0.000000 0.000000 -1.000000
vn 0.000000 0.000000 -1.000000
vn 0.000000 0.000000 -1.000000
vn 0.000000 0.000000 -1.000000
vn 0.000000 0.000000 -1.000000
vn 0.000000 0.000000 -1.000000
vn 0.000000 0.000000 -1.000000
vn 0.000000 0.000000 -1.000000
vn 0.000000 0.000000 -1.000000
vn 0.000000 0.000000 -1.000000
vn 0.000000 0.000000 -1.000000
vn 0.000000 0.000000 -1.000000
vn 0.000000 0.000000 -1.000000
vn 0.000000 0.000000 -1.000000
vn 0.000000 0.000000 -1.000000
vn 0.000000 0.000000 -1.000000
vn 0.000000 0.000000 -1.000000
vn 0.000000 0.000000 -1.000000
vn 0.000000 0.000000 -1.000000
vn 0.000000 0.000000 -1.000000
vn 0.000000 0.000000 -1.000000
vn 0.000000 0.000000 -1.000000
vn 0.000000 0.000000 -1.000000
vn 0.000000 0.000000 -1.000000
vn 0.000000 0.000000 -1.000000
vn 0.000000 0.000000 -1.000000
vn 0.000000 0.000000 -1.000000
vn 0.000000 0.000000 -1.000000
vn 0.000000 0.000000 -1.000000
vn 0.000000 0.000000 -1.000000
vn 0.000000 0.000000 -1.000000
vn 0.000000 0.000000 -1.000000
vn 0.000000 0.000000 -1.000000
vn 0.000000 0.000000 -1.000000
vn 0.000000 0.000000 -1.000000
vn 0.000000 0.000000 -1.000000
vn 0.000000 0.000000 -1.000000
vn 0.000000 0.000000 -1.000000
vn 0.000000 0.000000 -1.000000
vn 0.000000 0.000000 -1.000000
vn 0.000000 0.000000 -1.000000
vn 0.000000 0.000000 -1.000000
vn 0.000000 0.000000 -1.000000
vn 0.000000 0.000000 -1.000000
vn 0.000000 0.000000 -1.000000
vn 0.000000 0.000000 -1.000000
vn 0.000000 0.000000 -1.000000
vn 0.000000 0.000000 -1.000000
vn 0.000000 0.000000 -1.000000
vn 0.000000 0.000000 -1.000000
vn 0.000000 0.000000 -1.000000
vn 0.000000 0.000000 -1.000000
vn 0.000000 0.000000 -1.000000
vn 0.000000 0.000000 -0.000000
vn 0.000000 0.000000 -1.000000
vn 0.000000 0.000000 -0.000000
vn 0.000000 0.000000 -1.000000
vn 0.000000 0.000000 -1.000000
vn 0.000000 0.000000 -1.000000
vn 0.000000 0.000000 -1.000000
vn 0.000000 0.000000 -1.000000
vn 0.000000 0.000000 -1.000000
vn 0.000000 0.000000 -1.000000
vn 0.000000 0.000000 -1.000000
vn 0.000000 0.000000 -1.000000
vn 0.000000 0.000000 -1.000000
vn 0.000000 0.000000 -1.000000
vn 0.000000 0.000000 -1.000000
vn 0.000000 0.000000 -1.000000
vn 0.000000 0.000000 -1.000000
vn 0.000000 0.000000 -1.000000
vn 0.000000 0.000000 -1.000000
vn 0.000000 0.000000 -1.000000
vn 0.000000 0.000000 -1.000000
vn 0.000000 0.000000 -1.000000
vn 0.000000 0.000000 -1.000000
vn 0.000000 0.000000 -1.000000
vn 0.000000 0.000000 -1.000000
vn 0.000000 0.000000 -1.000000
vn 0.000000 0.000000 -1.000000
vn 0.000000 0.000000 -1.000000
vn 0.090532 0.995894 0.000000
vn 0.283624 0.958935 0.000000
vn 0.474099 0.880472 0.000000
vn 0.638905 0.769286 0.000000
vn 0.769295 0.638894 0.000000
vn 0.880472 0.474099 0.000000
vn 0.958935 0.283627 0.000000
vn 0.995893 0.090540 0.000000
vn 1.000000 0.000000 -0.000000
vn 0.995894 -0.090532 -0.000000
vn 0.958935 -0.283627 -0.000000
vn 0.880472 -0.474099 -0.000000
vn 0.769290 -0.638899 -0.000000
vn 0.638899 -0.769290 -0.000000
vn 0.474099 -0.880472 -0.000000
vn 0.283624 -0.958935 -0.000000
vn 0.090540 -0.995893 -0.000000
vn 0.000000 -1.000000 -0.000000
vn 0.141427 -0.989949 -0.000000
vn 0.514497 -0.857492 -0.000000
vn 0.857492 -0.514497 -0.000000
vn 0.989949 -0.141425 -0.000000
vn 1.000000 0.000000 -0.000000
vn 0.995894 -0.090532 -0.000000
vn 0.958935 -0.283626 -0.000000
vn 0.880472 -0.474099 -0.000000
vn 0.769285 -0.638906 -0.000000
vn 0.638904 -0.769287 -0.000000
vn 0.474100 -0.880471 -0.000000
vn 0.283627 -0.958935 -0.000000
vn 0.090536 -0.995893 -0.000000
vn 0.000000 -1.000000 -0.000000
vn -0.090535 -0.995893 -0.000000
vn -0.283627 -0.958935 -0.000000
vn -0.474099 -0.880472 -0.000000
vn -0.638903 -0.769288 -0.000000
vn -0.769291 -0.638898 -0.000000
vn -0.880472 -0.474099 -0.000000
vn -0.958934 -0.283628 -0.000000
vn -0.995893 -0.090536 -0.000000
vn -1.000000 0.000000 -0.000000
vn -0.989950 -0.141421 -0.000000
vn -0.857494 -0.514493 -0.000000
vn -0.514499 -0.857491 -0.000000
vn -0.141425 -0.989949 -0.000000
vn 0.000000 -1.000000 -0.000000
vn -0.090532 -0.995894 -0.000000
vn -0.283627 -0.958935 -0.000000
vn -0.474099 -0.880472 -0.000000
vn -0.638909 -0.769282 -0.000000
vn -0.769290 -0.638899 -0.000000
vn -0.880472 -0.474099 -0.000000
vn -0.958935 -0.283627 -0.000000
vn -0.995893 -0.090540 -0.000000
vn -1.000000 0.000000 -0.000000
vn -0.998275 0.058720 0.000000
vn -0.987763 0.155962 0.000000
vn -0.972806 0.231621 0.000000
vn -0.956674 0.291160 0.000000
vn -0.910441 0.413638 0.000000
vn -0.856296 0.516486 0.000000
vn -0.668966 0.743293 0.000000
vn -0.399269 0.916834 0.000000
vn -0.120727 0.992686 0.000000
vn 0.000000 1.000000 0.000000
vn 0.067809 0.997698 0.000000
vn 0.239846 0.970811 0.000000
vn 0.463009 0.886353 0.000000
vn 0.707103 0.707110 0.000000
vn 0.908384 0.418137 0.000000
vn 0.995893 0.090536 0.000000
vn 0.986686 -0.162639 -0.000000
vn 0.943154 -0.332356 -0.000000
vn 0.910526 -0.413453 -0.000000
vn 0.936328 -0.351128 -0.000000
vn 0.992277 -0.124040 -0.000000
vn 0.992277 0.124040 0.000000
vn 0.936328 0.351128 0.000000
vn 0.841181 0.540753 0.000000
vn 0.672668 0.739944 0.000000
vn 0.419064 0.907957 0.000000
vn 0.132159 0.991228 0.000000
vn 0.000000 1.000000 0.000000
vn -0.141425 0.989949 0.000000
vn -0.514499 0.857491 0.000000
vn -0.857494 0.514493 0.000000
vn -0.989949 0.141423 0.000000
vn -1.000000 0.000000 -0.000000
vn -0.995893 0.090536 0.000000
vn -0.958935 0.283627 0.000000
vn -0.880474 0.474095 0.000000
vn -0.769289 0.638901 0.000000
vn -0.638903 0.769288 0.000000
vn -0.474091 0.880476 0.000000
vn -0.283625 0.958935 0.000000
vn -0.090540 0.995893 0.000000
vn 0.000000 1.000000 0.000000
vn 0.090540 0.995893 0.000000
vn 0.283624 0.958935 0.000000
vn 0.474092 0.880476 0.000000
vn 0.638904 0.769287 0.000000
vn 0.769287 0.638904 0.000000
vn 0.880474 0.474095 0.000000
vn 0.958935 0.283624 0.000000
vn 0.995893 0.090540 0.000000
vn 1.000000 0.000000 -0.000000
vn 0.989949 0.141425 0.000000
vn 0.857492 0.514497 0.000000
vn 0.514497 0.857492 0.000000
vn 0.141427 0.989949 0.000000
vn 0.000000 1.000000 0.000000
vn 0.000000 -0.000000 1.000000
vn 0.000000 -0.000000 1.000000
vn 0.000000 -0.000000 1.000000
vn 0.000000 -0.000000 1.000000
vn 0.000000 -0.000000 1.000000
vn 0.000000 -0.000000 1.000000
vn 0.000000 -0.000000 1.000000
vn 0.000000 -0.000000 1.000000
vn 0.000000 -0.000000 1.000000
vn 0.000000 -0.000000 1.000000
vn 0.000000 -0.000000 1.000000
vn 0.000000 -0.000000 1.000000
vn 0.000000 -0.000000 1.000000
vn 0.000000 -0.000000 1.000000
vn 0.000000 -0.000000 1.000000
vn 0.000000 -0.000000 1.000000
vn 0.000000 -0.000000 1.000000
vn 0.000000 -0.000000 1.000000
vn 0.000000 -0.000000 1.000000
vn 0.000000 -0.000000 1.000000
vn 0.000000 -0.000000 1.000000
vn 0.000000 -0.000000 1.000000
vn 0.000000 -0.000000 1.000000
vn 0.000000 -0.000000 1.000000
vn 0.000000 -0.000000 1.000000
vn 0.000000 -0.000000 1.000000
vn 0.000000 -0.000000 1.000000
vn 0.000000 -0.000000 1.000000
vn 0.000000 -0.000000 1.000000
vn 0.000000 -0.000000 1.000000
vn 0.000000 -0.000000 1.000000
vn 0.000000 -0.000000 1.000000
vn 0.000000 -0.000000 1.000000
vn 0.000000 -0.000000 1.000000
vn 0.000000 0.000000 -0.000000
vn 0.000000 -0.000000 1.000000
vn 0.000000 0.000000 -0.000000
vn 0.000000 -0.000000 1.000000
vn 0.000000 -0.000000 1.000000
vn 0.000000 -0.000000 1.000000
vn 0.000000 -0.000000 1.000000
vn 0.000000 -0.000000 1.000000
vn 0.000000 -0.000000 1.000000
vn 0.000000 -0.000000 1.000000
vn 0.000000 -0.000000 1.000000
vn 0.000000 -0.000000 1.000000
vn 0.000000 -0.000000 1.000000
vn 0.000000 -0.000000 1.000000
vn 0.000000 -0.000000 1.000000
vn 0.000000 -0.000000 1.000000
vn 0.000000 -0.000000 1.000000
vn 0.000000 -0.000000 1.000000
vn 0.000000 -0.000000 1.000000
vn 0.000000 -0.000000 1.000000
vn 0.000000 -0.000000 1.000000
vn 0.000000 -0.000000 1.000000
vn 0.000000 -0.000000 1.000000
vn 0.000000 -0.000000 1.000000
vn 0.000000 -0.000000 1.000000
vn 0.000000 -0.000000 1.000000
vn 0.000000 -0.000000 1.000000
vn 0.000000 -0.000000 1.000000
vn 0.000000 -0.000000 1.000000
vn 0.000000 -0.000000 1.000000
vn 0.000000 -0.000000 1.000000
vn 0.000000 -0.000000 1.000000
vn 0.000000 -0.000000 1.000000
vn 0.000000 -0.000000 1.000000
vn 0.000000 -0.000000 1.000000
vn 0.000000 -0.000000 1.000000
vn 0.000000 -0.000000 1.000000
vn 0.000000 -0.000000 1.000000
vn 0.000000 -0.000000 1.000000
vn 0.000000 -0.000000 1.000000
vn 0.000000 -0.000000 1.000000
vn 0.000000 -0.000000 1.000000
vn 0.000000 -0.000000 1.000000
vn 0.000000 -0.000000 1.000000
vn 0.000000 -0.000000 1.000000
vn 0.000000 -0.000000 1.000000
vn 0.000000 -0.000000 1.000000
vn 0.000000 -0.000000 1.000000
vn 0.000000 -0.000000 1.000000
vn 0.000000 -0.000000 1.000000
vn 0.000000 -0.000000 1.000000
vn 0.000000 -0.000000 1.000000
vn 0.000000 -0.000000 1.000000
vn 0.000000 -0.000000 1.000000
vn 0.000000 -0.000000 1.000000
vn 0.000000 -0.000000 1.000000
vn 0.000000 -0.000000 1.000000
vn 0.000000 -0.000000 1.000000
vn 0.000000 -0.000000 1.000000
vn 0.000000 -0.000000 1.000000
vn 0.000000 -0.000000 1.000000
vn 0.000000 -0.000000 1.000000
vn 0.000000 -0.000000 1.000000
vn 0.000000 -0.000000 1.000000
vn 0.000000 -0.000000 1.000000
vn 0.000000 -0.000000 1.000000
vn 0.000000 -0.000000 1.000000
vn 0.000000 -0.000000 1.000000
vn 0.000000 -0.000000 1.000000
vn 0.000000 -0.000000 1.000000
vn 0.000000 -0.000000 1.000000
vn 0.000000 -0.000000 1.000000
vn 0.000000 -0.000000 1.000000
vn 0.000000 -0.000000 1.000000
vn 0.000000 -0.000000 1.000000
vn 0.000000 -0.000000 1.000000
vn 0.000000 -0.000000 1.000000
vn 0.000000 -0.000000 1.000000
vn 0.000000 -0.000000 1.000000
vn 0.000000 -0.000000 1.000000
vn 0.000000 -0.000000 1.000000
vn 0.000000 -0.000000 1.000000
vn 0.000000 -0.000000 1.000000
vn 0.000000 -0.000000 1.000000
vn 0.000000 -0.000000 1.000000
vn 0.000000 -0.000000 1.000000
vn 0.000000 -0.000000 1.000000
vn 0.000000 -0.000000 1.000000
vn 0.000000 -0.000000 1.000000
vn 0.000000 -0.000000 1.000000
vn 0.000000 -0.000000 1.000000
vn 0.000000 -0.000000 1.000000
vn 0.000000 -0.000000 1.000000
vn 0.000000 -0.000000 1.000000
vn 0.000000 -0.000000 1.000000
vn 0.000000 -0.000000 1.000000
vn 0.000000 -0.000000 1.000000
vn 0.000000 -0.000000 1.000000
vn 0.000000 -0.000000 1.000000
vn 0.000000 -0.000000 1.000000
vn 0.000000 -0.000000 1.000000
vn 0.000000 -0.000000 1.000000
vn 0.000000 -0.000000 1.000000
vn 0.000000 -0.000000 1.000000
vn 0.000000 -0.000000 1.000000
vn 0.000000 -0.000000 1.000000
vn 0.000000 -0.000000 1.000000
vn 0.000000 -0.000000 1.000000
vn 0.000000 -0.000000 1.000000
vn 0.000000 -0.000000 1.000000
vn 0.000000 -0.000000 1.000000
vn 0.000000 -0.000000 1.000000
vn 0.000000 -0.000000 1.000000
vn 0.000000 -0.000000 1.000000
vn 0.000000 -0.000000 1.000000
vn 0.000000 -0.000000 1.000000
vn 0.000000 -0.000000 1.000000
vn 0.000000 -0.000000 1.000000
vn 0.000000 -0.000000 1.000000
vn 0.000000 -0.000000 1.000000
vn 0.000000 -0.000000 1.000000
vn 0.000000 -0.000000 1.000000
vn 0.000000 -0.000000 1.000000
vn 0.000000 -0.000000 1.000000
vn 0.000000 -0.000000 1.000000
vn 0.000000 -0.000000 1.000000
vn 0.000000 -0.000000 1.000000
vn 0.000000 -0.000000 1.000000
vn 0.000000 -0.000000 1.000000
vn 0.000000 -0.000000 1.000000
vn 0.000000 -0.000000 1.000000
vn 0.000000 -0.000000 1.000000
vn 0.000000 -0.000000 1.000000
vn 0.000000 -0.000000 1.000000
vn 0.000000 -0.000000 1.000000
vn 0.000000 -0.000000 1.000000
vn 0.000000 -0.000000 1.000000
vn 0.000000 -0.000000 1.000000
vn 0.000000 -0.000000 1.000000
vn 0.000000 -0.000000 1.000000
vn 0.000000 -0.000000 1.000000
vn 0.000000 -0.000000 1.000000
vn 0.000000 -0.000000 1.000000
vn 0.000000 -0.000000 1.000000
vn 0.000000 -0.000000 1.000000
vn 0.000000 -0.000000 1.000000
vn 0.000000 -0.000000 1.000000
vn 0.000000 -0.000000 1.000000
vn 0.000000 -0.000000 1.000000
vn 0.000000 -0.000000 1.000000
vn 0.000000 -0.000000 1.000000
vn 0.000000 -0.000000 1.000000
vn 0.000000 -0.000000 1.000000
vn 0.000000 -0.000000 1.000000
vn 0.000000 -0.000000 1.000000
vn 0.000000 -0.000000 1.000000
vn 0.000000 -0.000000 1.000000
vn 0.000000 -0.000000 1.000000
vn 0.000000 -0.000000 1.000000
vn 0.000000 -0.000000 1.000000
vn 0.000000 -0.000000 1.000000
vn 0.000000 -0.000000 1.000000
vn 0.000000 -0.000000 1.000000
vn 0.000000 -0.000000 1.000000
vn 0.000000 -0.000000 1.000000
vn 0.000000 -0.000000 1.000000
vn 0.000000 -0.000000 1.000000
vn 0.000000 -0.000000 1.000000
vn 0.000000 -0.000000 1.000000
vn 0.000000 -0.000000 1.000000
vn 0.000000 -0.000000 1.000000
vn 0.000000 -0.000000 1.000000
vn 0.000000 -0.000000 1.000000
vn 0.000000 -0.000000 1.000000
vn 0.000000 -0.000000 1.000000
vn 0.000000 -0.000000 1.000000
vn 0.000000 -0.000000 1.000000
vn 0.000000 -0.000000 1.000000
vn 0.000000 -0.000000 1.000000
vn 0.000000 -0.000000 1.000000
vn 0.000000 -0.000000 1.000000
vn 0.000000 -0.000000 1.000000
vn 0.000000 -0.000000 1.000000
vn 0.000000 -0.000000 1.000000
vn 0.000000 -0.000000 1.000000
vn 0.000000 -0.000000 1.000000
vn 0.000000 -0.000000 1.000000
vn 0.000000 -0.000000 1.000000
vn 0.000000 -0.000000 1.000000
vn 0.000000 -0.000000 1.000000
vn 0.000000 -0.000000 1.000000
vn 0.000000 -0.000000 1.000000
vn 0.000000 -0.000000 1.000000
vn 0.000000 -0.000000 1.000000
vn 0.000000 -0.000000 1.000000
vn 0.000000 -0.000000 1.000000
vn 0.000000 -0.000000 1.000000
vn 0.000000 -0.000000 1.000000
vn 0.000000 -0.000000 1.000000
vn 0.000000 -0.000000 1.000000
vn 0.000000 -0.000000 1.000000
vn 0.000000 -0.000000 1.000000
vn 0.000000 -0.000000 1.000000
vn 0.000000 -0.000000 1.000000
vn 0.000000 -0.000000 1.000000
vn 0.000000 -0.000000 1.000000
vn 0.000000 -0.000000 1.000000
vn 0.000000 -0.000000 1.000000
vn 0.000000 -0.000000 1.000000
vn 0.000000 -0.000000 1.000000
vn 0.000000 -0.000000 1.000000
vn 0.000000 -0.000000 1.000000
vn 0.000000 -0.000000 1.000000
vn 0.000000 -0.000000 1.000000
vn 0.000000 -0.000000 1.000000
vn 0.000000 -0.000000 1.000000
vn 0.000000 -0.000000 1.000000
vn 0.000000 -0.000000 1.000000
vn 0.000000 -0.000000 1.000000
vn 0.000000 -0.000000 1.000000
vn 0.000000 -0.000000 1.000000
vn 0.000000 -0.000000 1.000000
vn 0.000000 -0.000000 1.000000
vn 0.000000 -0.000000 1.000000
vn 0.000000 -0.000000 1.000000
vn 0.000000 -0.000000 1.000000
vn 0.000000 -0.000000 1.000000
vn 0.000000 -0.000000 1.000000
vn 0.000000 -0.000000 1.000000
vn 0.000000 -0.000000 1.000000
vn 0.000000 -0.000000 1.000000
vn 0.000000 -0.000000 1.000000
vn 0.000000 -0.000000 1.000000
vn 0.000000 -0.000000 1.000000
vn 0.000000 -0.000000 1.000000
vn 0.000000 -0.000000 1.000000
vn 0.000000 -0.000000 1.000000
vn 0.000000 -0.000000 1.000000
vn 0.000000 -0.000000 1.000000
vn 0.000000 -0.000000 1.000000
vn 0.000000 -0.000000 1.000000
vn 0.000000 -0.000000 1.000000
vn 0.000000 -0.000000 1.000000
vn 0.000000 -0.000000 1.000000
vn 0.000000 -0.000000 1.000000
vn 0.000000 -0.000000 1.000000
vn 0.000000 -0.000000 1.000000
vn 0.000000 -0.000000 1.000000
vn 0.000000 -0.000000 1.000000
vn 0.000000 -0.000000 1.000000
vn 0.000000 -0.000000 1.000000
vn 0.000000 -0.000000 1.000000
vn 0.000000 -0.000000 1.000000
vn 0.000000 -0.000000 1.000000
vn 0.000000 -0.000000 1.000000
vn 0.000000 -0.000000 1.000000
vn 0.000000 -0.000000 1.000000
vn 0.000000 -0.000000 1.000000
vn 0.000000 -0.000000 1.000000
vn 0.000000 -0.000000 1.000000
vn 0.000000 -0.000000 1.000000
vn 0.000000 -0.000000 1.000000
vn 0.000000 -0.000000 1.000000
vn 0.000000 -0.000000 1.000000
vn 0.000000 -0.000000 1.000000
vn 0.000000 -0.000000 1.000000
vn 0.000000 -0.000000 1.000000
vn 0.000000 -0.000000 1.000000
vn 0.000000 -0.000000 1.000000
vn 0.000000 -0.000000 1.000000
vn 0.000000 -0.000000 1.000000
vn 0.000000 -0.000000 1.000000
vn 0.000000 -0.000000 1.000000
vn 0.000000 -0.000000 1.000000
vn 0.000000 -0.000000 1.000000
vn 0.000000 -0.000000 1.000000
vn 0.000000 -0.000000 1.000000
vn 0.000000 -0.000000 1.000000
vn 0.000000 -0.000000 1.000000
vn 0.000000 -0.000000 1.000000
vn 0.000000 -0.000000 1.000000
vn 0.000000 -0.000000 1.000000
vn 0.000000 -0.000000 1.000000
vn 0.000000 -0.000000 1.000000
vn 0.000000 -0.000000 1.000000
vn 0.000000 -0.000000 1.000000
vn 0.000000 -0.000000 1.000000
vn 0.000000 -0.000000 1.000000
vn 0.000000 -0.000000 1.000000
vn 0.000000 -0.000000 1.000000
vn 0.000000 -0.000000 1.000000
vn 0.000000 -0.000000 1.000000
vn 0.000000 -0.000000 1.000000
vn 0.000000 -0.000000 1.000000
vn 0.000000 -0.000000 1.000000
vn 0.000000 -0.000000 1.000000
vn 0.000000 -0.000000 1.000000
vn 0.000000 -0.000000 1.000000
vn 0.000000 -0.000000 1.000000
vn 0.000000 -0.000000 1.000000
vn 0.000000 -0.000000 1.000000
vn 0.000000 -0.000000 1.000000
vn 0.000000 -0.000000 1.000000
vn 0.000000 -0.000000 1.000000
vn 0.000000 -0.000000 1.000000
vn 0.000000 -0.000000 1.000000
vn 0.000000 -0.000000 1.000000
vn 0.000000 -0.000000 1.000000
vn 0.000000 -0.000000 1.000000
vn 0.000000 -0.000000 1.000000
vn 0.000000 -0.000000 1.000000
vn 0.000000 -0.000000 1.000000
vn 0.000000 -0.000000 1.000000
vn 0.000000 -0.000000 1.000000
vn 0.000000 -0.000000 1.000000
vn 0.000000 -0.000000 1.000000
vn 0.000000 -0.000000 1.000000
vn 0.000000 -0.000000 1.000000
vn 0.000000 -0.000000 1.000000
vn 0.000000 -0.000000 1.000000
vn 0.000000 -0.000000 1.000000
vn 0.000000 -0.000000 1.000000
vn 0.000000 -0.000000 1.000000
vn 0.000000 -0.000000 1.000000
vn 0.000000 -0.000000 1.000000
vn 0.000000 -0.000000 1.000000
vn 0.000000 -0.000000 1.000000
vn 0.000000 -0.000000 1.000000
vn 0.000000 -0.000000 1.000000
vn 0.000000 -0.000000 1.000000
vn 0.000000 -0.000000 1.000000
vn 0.000000 -0.000000 1.000000
vn 0.000000 -0.000000 1.000000
vn 0.000000 -0.000000 1.000000
vn 0.000000 -0.000000 1.000000
vn 0.000000 -0.000000 1.000000
vn 0.000000 -0.000000 1.000000
vn 0.000000 -0.000000 1.000000
vn 0.000000 -0.000000 1.000000
vn 0.000000 -0.000000 1.000000
vn 0.000000 -0.000000 1.000000
vn 0.000000 -0.000000 1.000000
vn 0.000000 -0.000000 1.000000
vn 0.000000 -0.000000 1.000000
vn 0.000000 -0.000000 1.000000
vn 0.000000 -0.000000 1.000000
vn 0.000000 -0.000000 1.000000
vn 0.000000 -0.000000 1.000000
vn 0.000000 -0.000000 1.000000
vn 0.000000 -0.000000 1.000000
vn 0.000000 -0.000000 1.000000
vn 0.000000 -0.000000 1.000000
vn 0.000000 -0.000000 1.000000
vn 0.000000 -0.000000 1.000000
vn 0.000000 -0.000000 1.000000
vn 0.000000 -0.000000 1.000000
vn 0.000000 -0.000000 1.000000
vn 0.000000 -0.000000 1.000000
vn 0.000000 -0.000000 1.000000
vn 0.000000 -0.000000 1.000000
vn 0.000000 -0.000000 1.000000
vn 0.000000 -0.000000 1.000000
vn 0.000000 -0.000000 1.000000
vn 0.000000 -0.000000 1.000000
vn 0.000000 -0.000000 1.000000
vn 0.000000 -0.000000 1.000000
vn 0.000000 -0.000000 1.000000
vn 0.000000 -0.000000 1.000000
vn 0.000000 -0.000000 1.000000
vn 0.000000 -0.000000 1.000000
vn 0.000000 -0.000000 1.000000
vn 0.000000 -0.000000 1.000000
vn 0.000000 -0.000000 1.000000
vn 0.000000 -0.000000 1.000000
vn 0.000000 -0.000000 1.000000
vn 0.000000 -0.000000 1.000000
vn 0.000000 -0.000000 1.000000
vn 0.000000 -0.000000 1.000000
vn 0.000000 -0.000000 1.000000
vn 0.000000 -0.000000 1.000000
vn 0.000000 -0.000000 1.000000
vn 0.000000 -0.000000 1.000000
vn 0.000000 -0.000000 1.000000
vn 0.000000 -0.000000 1.000000
vn 0.000000 -0.000000 1.000000
vn 0.000000 -0.000000 1.000000
vn 0.000000 -0.000000 1.000000
vn 0.000000 -0.000000 1.000000
vn 0.000000 -0.000000 1.000000
vn 0.000000 -0.000000 1.000000
vn 0.000000 -0.000000 1.000000
vn 0.000000 -0.000000 1.000000
vn 0.000000 -0.000000 1.000000
vn 0.000000 -0.000000 1.000000
vn 0.000000 -0.000000 1.000000
vn 0.000000 -0.000000 1.000000
vn 0.000000 -0.000000 1.000000
vn 0.000000 -0.000000 1.000000
vn 0.000000 -0.000000 1.000000
vn 0.000000 -0.000000 1.000000
vn 0.000000 -0.000000 1.000000
vn 0.000000 -0.000000 1.000000
vn 0.000000 -0.000000 1.000000
vn 0.000000 -0.000000 1.000000
vn 0.000000 -0.000000 1.000000
vn 0.000000 -0.000000 1.000000
vn 0.000000 -0.000000 1.000000
vn 0.000000 -0.000000 1.000000
vn 0.000000 -0.000000 1.000000
vn 0.000000 -0.000000 1.000000
vn 0.000000 -0.000000 1.000000
vn 0.000000 -0.000000 1.000000
vn 0.000000 -0.000000 1.000000
vn 0.000000 -0.000000 1.000000
vn 0.000000 -0.000000 1.000000
vn 0.000000 -0.000000 1.000000
vn 0.000000 -0.000000 1.000000
vn 0.000000 -0.000000 1.000000
vn 0.000000 -0.000000 1.000000
vn 0.000000 -0.000000 1.000000
vn 0.000000 -0.000000 1.000000
vn 0.000000 -0.000000 1.000000
vn 0.000000 -0.000000 1.000000
vn 0.000000 -0.000000 1.000000
vn 0.000000 -0.000000 1.000000
vn 0.000000 -0.000000 1.000000
vn 0.000000 -0.000000 1.000000
vn 0.000000 -0.000000 1.000000
vn 0.000000 -0.000000 1.000000
vn 0.000000 -0.000000 1.000000
vn 0.000000 -0.000000 1.000000
vn 0.000000 -0.000000 1.000000
vn 0.000000 -0.000000 1.000000
vn 0.000000 -0.000000 1.000000
vn 0.000000 -0.000000 1.000000
vn 0.000000 -0.000000 1.000000
vn 0.000000 -0.000000 1.000000
vn 0.000000 -0.000000 1.000000
vn 0.000000 -0.000000 1.000000
vn 0.000000 -0.000000 1.000000
vn 0.000000 -0.000000 1.000000
vn 0.000000 -0.000000 1.000000
vn 0.000000 -0.000000 1.000000
vn 0.000000 -0.000000 1.000000
vn 0.000000 -0.000000 1.000000
vn 0.000000 -0.000000 1.000000
vn 0.000000 -0.000000 1.000000
vn 0.000000 -0.000000 1.000000
vn 0.000000 -0.000000 1.000000
vn 0.000000 -0.000000 1.000000
vn 0.000000 -0.000000 1.000000
vn 0.000000 -0.000000 1.000000
vn 0.000000 -0.000000 1.000000
vn 0.000000 -0.000000 1.000000
vn 0.000000 -0.000000 1.000000
vn 0.000000 -0.000000 1.000000
vn 0.000000 -0.000000 1.000000
vn 0.000000 -0.000000 1.000000
vn 0.000000 -0.000000 1.000000
vn 0.000000 -0.000000 1.000000
vn 0.000000 -0.000000 1.000000
vn 0.000000 -0.000000 1.000000
vn 0.000000 -0.000000 1.000000
vn 0.000000 -0.000000 1.000000
vn 0.000000 -0.000000 1.000000
vn 0.000000 -0.000000 1.000000
vn 0.000000 -0.000000 1.000000
vn 0.000000 -0.000000 1.000000
vn 0.000000 -0.000000 1.000000
vn 0.000000 -0.000000 1.000000
vn 0.000000 -0.000000 1.000000
vn 0.000000 -0.000000 1.000000
vn 0.000000 -0.000000 1.000000
vn 0.000000 -0.000000 1.000000
vn 0.000000 -0.000000 1.000000
vn 0.000000 -0.000000 1.000000
vn 0.000000 -0.000000 1.000000
vn 0.000000 -0.000000 1.000000
vn 0.000000 -0.000000 1.000000
vn 0.000000 -0.000000 1.000000
vn 0.000000 -0.000000 1.000000
vn 0.000000 -0.000000 1.000000
vn 0.000000 -0.000000 1.000000
vn 0.000000 -0.000000 1.000000
vn 0.000000 -0.000000 1.000000
vn 0.000000 -0.000000 1.000000
vn 0.000000 -0.000000 1.000000
vn 0.000000 -0.000000 1.000000
vn 0.000000 -0.000000 1.000000
vn 0.000000 -0.000000 1.000000
vn 0.000000 -0.000000 1.000000
vn 0.000000 -0.000000 1.000000
vn 0.000000 -0.000000 1.000000
vn 0.000000 -0.000000 1.000000
vn 0.000000 -0.000000 1.000000
vn 0.000000 -0.000000 1.000000
vn 0.000000 -0.000000 1.000000
vn 0.000000 -0.000000 1.000000
vn 0.000000 -0.000000 1.000000
vn 0.000000 -0.000000 1.000000
vn 0.000000 -0.000000 1.000000
vn 0.000000 -0.000000 1.000000
vn 0.000000 -0.000000 1.000000
vn 0.000000 -0.000000 1.000000
vn 0.000000 -0.000000 1.000000
vn 0.000000 -0.000000 1.000000
vn 0.000000 -0.000000 1.000000
vn 0.000000 -0.000000 1.000000
vn 0.000000 -0.000000 1.000000
vn 0.000000 -0.000000 1.000000
vn 0.000000 -0.000000 1.000000
vn 0.000000 -0.000000 1.000000
vn 0.000000 -0.000000 1.000000
vn 0.000000 -0.000000 1.000000
vn 0.000000 -0.000000 1.000000
vn 0.000000 -0.000000 1.000000
vn 0.000000 -0.000000 1.000000
vn 0.000000 -0.000000 1.000000
vn 0.000000 -0.000000 1.000000
vn 0.000000 -0.000000 1.000000
vn 0.000000 -0.000000 1.000000
vn 0.000000 -0.000000 1.000000
vn 0.000000 -0.000000 1.000000
vn 0.000000 -0.000000 1.000000
vn 0.000000 -0.000000 1.000000
vn 0.000000 -0.000000 1.000000
vn 0.000000 -0.000000 1.000000
vn 0.000000 -0.000000 1.000000
vn 0.000000 -0.000000 1.000000
vn 0.000000 -0.000000 1.000000
vn 0.000000 -0.000000 1.000000
vn 0.000000 -0.000000 1.000000
vn 0.000000 -0.000000 1.000000
vn 0.000000 -0.000000 1.000000
vn 0.000000 -0.000000 1.000000
vn 0.000000 -0.000000 1.000000
vn 0.000000 -0.000000 1.000000
vn 0.000000 -0.000000 1.000000
vn 0.000000 -0.000000 1.000000
vn 0.000000 -0.000000 1.000000
vn 0.000000 -0.000000 1.000000
vn 0.000000 -0.000000 1.000000
vn 0.000000 -0.000000 1.000000
vn 0.000000 -0.000000 1.000000
vn 0.000000 -0.000000 1.000000
vn 0.000000 -0.000000 1.000000
vn 0.000000 -0.000000 1.000000
vn 0.000000 -0.000000 1.000000
vn 0.000000 -0.000000 1.000000
vn 0.000000 -0.000000 1.000000
vn 0.000000 -0.000000 1.000000
vn 0.000000 -0.000000 1.000000
vn 0.000000 -0.000000 1.000000
vn 0.000000 -0.000000 1.000000
vn 0.000000 -0.000000 1.000000
vn 0.000000 -0.000000 1.000000
vn 0.000000 -0.000000 1.000000
vn 0.000000 -0.000000 1.000000
vn 0.000000 -0.000000 1.000000
vn 0.000000 -0.000000 1.000000
vn 0.000000 -0.000000 1.000000
vn 0.000000 -0.000000 1.000000
vn 0.000000 -0.000000 1.000000
vn 0.000000 -0.000000 1.000000
vn 0.000000 -0.000000 1.000000
vn 0.000000 -0.000000 1.000000
vn 0.000000 -0.000000 1.000000
vn 0.000000 -0.000000 1.000000
vn 0.000000 -0.000000 1.000000
vn 0.000000 -0.000000 1.000000
vn 0.000000 -0.000000 1.000000
vn 0.000000 -0.000000 1.000000
vn 0.000000 -0.000000 1.000000
vn 0.000000 -0.000000 1.000000
vn 0.000000 -0.000000 1.000000
vn 0.000000 -0.000000 1.000000
vn 0.000000 -0.000000 1.000000
vn 0.000000 -0.000000 1.000000
vn 0.000000 -0.000000 1.000000
vn 0.000000 -0.000000 1.000000
vn 0.000000 -0.000000 1.000000
vn 0.000000 -0.000000 1.000000
vn 0.000000 -0.000000 1.000000
vn 0.000000 -0.000000 1.000000
vn 0.000000 -0.000000 1.000000
vn 0.000000 -0.000000 1.000000
vn 0.000000 -0.000000 1.000000
vn 0.000000 -0.000000 1.000000
vn 0.000000 -0.000000 1.000000
vn 0.000000 -0.000000 1.000000
vn 0.000000 -0.000000 1.000000
vn 0.000000 -0.000000 1.000000
vn 0.000000 -0.000000 1.000000
vn 0.000000 -0.000000 1.000000
vn 0.000000 -0.000000 1.000000
vn 0.000000 -0.000000 1.000000
vn 0.000000 -0.000000 1.000000
vn 0.000000 -0.000000 1.000000
vn 0.000000 -0.000000 1.000000
vn 0.000000 -0.000000 1.000000
vn 0.000000 -0.000000 1.000000
vn 0.000000 -0.000000 1.000000
vn 0.000000 -0.000000 1.000000
vn 0.000000 -0.000000 1.000000
vn 0.000000 -0.000000 1.000000
vn 0.000000 -0.000000 1.000000
vn 0.000000 -0.000000 1.000000
vn 0.000000 -0.000000 1.000000
vn 0.000000 -0.000000 1.000000
vn 0.000000 -0.000000 1.000000
vn 0.000000 -0.000000 1.000000
vn 0.000000 -0.000000 1.000000
vn 0.000000 -0.000000 1.000000
vn 0.000000 -0.000000 1.000000
vn 0.000000 -0.000000 1.000000
vn 0.000000 -0.000000 1.000000
vn 0.000000 -0.000000 1.000000
vn 0.000000 -0.000000 1.000000
vn 0.000000 -0.000000 1.000000
vn 0.000000 -0.000000 1.000000
vn 0.000000 -0.000000 1.000000
vn 0.000000 -0.000000 1.000000
vn 0.000000 -0.000000 1.000000
vn 0.000000 -0.000000 1.000000
vn 0.000000 -0.000000 1.000000
vn 0.000000 -0.000000 1.000000
vn 0.000000 -0.000000 1.000000
vn 0.000000 -0.000000 1.000000
vn 0.000000 -0.000000 1.000000
vn 0.000000 -0.000000 1.000000
vn 0.000000 -0.000000 1.000000
vn 0.000000 -0.000000 1.000000
vn 0.000000 -0.000000 1.000000
vn 0.000000 -0.000000 1.000000
vn 0.000000 -0.000000 1.000000
vn 0.000000 -0.000000 1.000000
vn 0.000000 -0.000000 1.000000
vn 0.000000 -0.000000 1.000000
vn 0.000000 -0.000000 1.000000
vn 0.000000 -0.000000 1.000000
vn 0.000000 -0.000000 1.000000
vn 0.000000 -0.000000 1.000000
vn 0.000000 -0.000000 1.000000
vn 0.000000 -0.000000 1.000000
vn 0.000000 -0.000000 1.000000
vn 0.000000 -0.000000 1.000000
vn 0.000000 -0.000000 1.000000
vn 0.000000 -0.000000 1.000000
vn 0.000000 -0.000000 1.000000
vn 0.000000 -0.000000 1.000000
vn 0.000000 -0.000000 1.000000
vn 0.000000 -0.000000 1.000000
vn 0.000000 -0.000000 1.000000
vn 0.000000 -0.000000 1.000000
vn 0.000000 -0.000000 1.000000
vn 0.000000 -0.000000 1.000000
vn 0.000000 -0.000000 1.000000
vn 0.000000 -0.000000 1.000000
vn 0.000000 -0.000000 1.000000
vn 0.000000 -0.000000 1.000000
vn 0.000000 -0.000000 1.000000
vn 0.000000 -0.000000 1.000000
vn 0.000000 -0.000000 1.000000
vn 0.000000 -0.000000 1.000000
vn 0.000000 -0.000000 1.000000
vn 0.000000 -0.000000 1.000000
vn 0.000000 -0.000000 1.000000
vn 0.000000 -0.000000 1.000000
vn 0.000000 -0.000000 1.000000
vn 0.000000 -0.000000 1.000000
vn 0.000000 -0.000000 1.000000
vn 0.000000 -0.000000 1.000000
vn 0.000000 -0.000000 1.000000
vn 0.000000 -0.000000 1.000000
vn 0.000000 -0.000000 1.000000
vn 0.000000 -0.000000 1.000000
vn 0.000000 -0.000000 1.000000
vn 0.000000 -0.000000 1.000000
vn 0.000000 -0.000000 1.000000
vn 0.000000 0.000000 -1.000000
vn 0.000000 0.000000 -1.000000
vn 0.000000 0.000000 -1.000000
vn 0.000000 0.000000 -1.000000
vn 0.000000 0.000000 -1.000000
vn 0.000000 0.000000 -1.000000
vn 0.000000 0.000000 -1.000000
vn 0.000000 0.000000 -1.000000
vn 0.000000 0.000000 -1.000000
vn 0.000000 0.000000 -1.000000
vn 0.000000 0.000000 -1.000000
vn 0.000000 0.000000 -1.000000
vn 0.000000 0.000000 -1.000000
vn 0.000000 0.000000 -1.000000
vn 0.000000 0.000000 -1.000000
vn 0.000000 0.000000 -1.000000
vn 0.000000 0.000000 -1.000000
vn 0.000000 0.000000 -1.000000
vn 0.000000 0.000000 -1.000000
vn 0.000000 0.000000 -1.000000
vn 0.000000 0.000000 -1.000000
vn 0.000000 0.000000 -1.000000
vn 0.000000 0.000000 -1.000000
vn 0.000000 0.000000 -1.000000
vn 0.000000 0.000000 -1.000000
vn 0.000000 0.000000 -1.000000
vn 0.000000 0.000000 -1.000000
vn 0.000000 0.000000 -1.000000
vn 0.000000 0.000000 -1.000000
vn 0.000000 0.000000 -1.000000
vn 0.000000 0.000000 -1.000000
vn 0.000000 0.000000 -1.000000
vn 0.000000 0.000000 -1.000000
vn 0.000000 0.000000 -1.000000
vn 0.000000 0.000000 -0.000000
vn 0.000000 0.000000 -1.000000
vn 0.000000 0.000000 -0.000000
vn 0.000000 0.000000 -1.000000
vn 0.000000 0.000000 -1.000000
vn 0.000000 0.000000 -1.000000
vn 0.000000 0.000000 -1.000000
vn 0.000000 0.000000 -1.000000
vn 0.000000 0.000000 -1.000000
vn 0.000000 0.000000 -1.000000
vn 0.000000 0.000000 -1.000000
vn 0.000000 0.000000 -1.000000
vn 0.000000 0.000000 -1.000000
vn 0.000000 0.000000 -1.000000
vn 0.000000 0.000000 -1.000000
vn 0.000000 0.000000 -1.000000
vn 0.000000 0.000000 -1.000000
vn 0.000000 0.000000 -1.000000
vn 0.000000 0.000000 -1.000000
vn 0.000000 0.000000 -1.000000
vn 0.000000 0.000000 -1.000000
vn 0.000000 0.000000 -1.000000
vn 0.000000 0.000000 -1.000000
vn 0.000000 0.000000 -1.000000
vn 0.000000 0.000000 -1.000000
vn 0.000000 0.000000 -1.000000
vn 0.000000 0.000000 -1.000000
vn 0.000000 0.000000 -1.000000
vn 0.000000 0.000000 -1.000000
vn 0.000000 0.000000 -1.000000
vn 0.000000 0.000000 -1.000000
vn 0.000000 0.000000 -1.000000
vn 0.000000 0.000000 -1.000000
vn 0.000000 0.000000 -1.000000
vn 0.000000 0.000000 -1.000000
vn 0.000000 0.000000 -1.000000
vn 0.000000 0.000000 -1.000000
vn 0.000000 0.000000 -1.000000
vn 0.000000 0.000000 -1.000000
vn 0.000000 0.000000 -1.000000
vn 0.000000 0.000000 -1.000000
vn 0.000000 0.000000 -1.000000
vn 0.000000 0.000000 -1.000000
vn 0.000000 0.000000 -1.000000
vn 0.000000 0.000000 -1.000000
vn 0.000000 0.000000 -1.000000
vn 0.000000 0.000000 -1.000000
vn 0.000000 0.000000 -1.000000
vn 0.000000 0.000000 -1.000000
vn 0.000000 0.000000 -1.000000
vn 0.000000 0.000000 -1.000000
vn 0.000000 0.000000 -1.000000
vn 0.000000 0.000000 -1.000000
vn 0.000000 0.000000 -1.000000
vn 0.000000 0.000000 -1.000000
vn 0.000000 0.000000 -1.000000
vn 0.000000 0.000000 -1.000000
vn 0.000000 0.000000 -1.000000
vn 0.000000 0.000000 -1.000000
vn 0.000000 0.000000 -1.000000
vn 0.000000 0.000000 -1.000000
vn 0.000000 0.000000 -1.000000
vn 0.000000 0.000000 -1.000000
vn 0.000000 0.000000 -1.000000
vn 0.000000 0.000000 -1.000000
vn 0.000000 0.000000 -1.000000
vn 0.000000 0.000000 -1.000000
vn 0.000000 0.000000 -1.000000
vn 0.000000 0.000000 -1.000000
vn 0.000000 0.000000 -1.000000
vn 0.000000 0.000000 -1.000000
vn 0.000000 0.000000 -1.000000
vn 0.000000 0.000000 -1.000000
vn 0.000000 0.000000 -1.000000
vn 0.000000 0.000000 -1.000000
vn 0.000000 0.000000 -1.000000
vn 0.000000 0.000000 -1.000000
vn 0.000000 0.000000 -1.000000
vn 0.000000 0.000000 -1.000000
vn 0.000000 0.000000 -1.000000
vn 0.000000 0.000000 -1.000000
vn 0.000000 0.000000 -1.000000
vn 0.000000 0.000000 -1.000000
vn 0.000000 0.000000 -1.000000
vn 0.000000 0.000000 -1.000000
vn 0.000000 0.000000 -1.000000
vn 0.000000 0.000000 -1.000000
vn 0.000000 0.000000 -1.000000
vn 0.000000 0.000000 -1.000000
vn 0.000000 0.000000 -1.000000
vn 0.000000 0.000000 -1.000000
vn 0.000000 0.000000 -1.000000
vn 0.000000 0.000000 -1.000000
vn 0.000000 0.000000 -1.000000
vn 0.000000 0.000000 -1.000000
vn 0.000000 0.000000 -1.000000
vn 0.000000 0.000000 -1.000000
vn 0.000000 0.000000 -1.000000
vn 0.000000 0.000000 -1.000000
vn 0.000000 0.000000 -1.000000
vn 0.000000 0.000000 -1.000000
vn 0.000000 0.000000 -1.000000
vn 0.000000 0.000000 -1.000000
vn 0.000000 0.000000 -1.000000
vn 0.000000 0.000000 -1.000000
vn 0.000000 0.000000 -1.000000
vn 0.000000 0.000000 -1.000000
vn 0.000000 0.000000 -1.000000
vn 0.000000 0.000000 -1.000000
vn 0.000000 0.000000 -1.000000
vn 0.000000 0.000000 -1.000000
vn 0.000000 0.000000 -1.000000
vn 0.000000 0.000000 -1.000000
vn 0.000000 0.000000 -1.000000
vn 0.000000 0.000000 -1.000000
vn 0.000000 0.000000 -1.000000
vn 0.000000 0.000000 -1.000000
vn 0.000000 0.000000 -1.000000
vn 0.000000 0.000000 -1.000000
vn 0.000000 0.000000 -1.000000
vn 0.000000 0.000000 -1.000000
vn 0.000000 0.000000 -1.000000
vn 0.000000 0.000000 -1.000000
vn 0.000000 0.000000 -1.000000
vn 0.000000 0.000000 -1.000000
vn 0.000000 0.000000 -1.000000
vn 0.000000 0.000000 -1.000000
vn 0.000000 0.000000 -1.000000
vn 0.000000 0.000000 -1.000000
vn 0.000000 0.000000 -1.000000
vn 0.000000 0.000000 -1.000000
vn 0.000000 0.000000 -1.000000
vn 0.000000 0.000000 -1.000000
vn 0.000000 0.000000 -1.000000
vn 0.000000 0.000000 -1.000000
vn 0.000000 0.000000 -1.000000
vn 0.000000 0.000000 -1.000000
vn 0.000000 0.000000 -1.000000
vn 0.000000 0.000000 -1.000000
vn 0.000000 0.000000 -1.000000
vn 0.000000 0.000000 -1.000000
vn 0.000000 0.000000 -1.000000
vn 0.000000 0.000000 -1.000000
vn 0.000000 0.000000 -1.000000
vn 0.000000 0.000000 -1.000000
vn 0.000000 0.000000 -1.000000
vn 0.000000 0.000000 -1.000000
vn 0.000000 0.000000 -1.000000
vn 0.000000 0.000000 -1.000000
vn 0.000000 0.000000 -1.000000
vn 0.000000 0.000000 -1.000000
vn 0.000000 0.000000 -1.000000
vn 0.000000 0.000000 -1.000000
vn 0.000000 0.000000 -1.000000
vn 0.000000 0.000000 -1.000000
vn 0.000000 0.000000 -1.000000
vn 0.000000 0.000000 -1.000000
vn 0.000000 0.000000 -1.000000
vn 0.000000 0.000000 -1.000000
vn 0.000000 0.000000 -1.000000
vn 0.000000 0.000000 -1.000000
vn 0.000000 0.000000 -1.000000
vn 0.000000 0.000000 -1.000000
vn 0.000000 0.000000 -1.000000
vn 0.000000 0.000000 -1.000000
vn 0.000000 0.000000 -1.000000
vn 0.000000 0.000000 -1.000000
vn 0.000000 0.000000 -1.000000
vn 0.000000 0.000000 -1.000000
vn 0.000000 0.000000 -1.000000
vn 0.000000 0.000000 -1.000000
vn 0.000000 0.000000 -1.000000
vn 0.000000 0.000000 -1.000000
vn 0.000000 0.000000 -1.000000
vn 0.000000 0.000000 -1.000000
vn 0.000000 0.000000 -1.000000
vn 0.000000 0.000000 -1.000000
vn 0.000000 0.000000 -1.000000
vn 0.000000 0.000000 -1.000000
vn 0.000000 0.000000 -1.000000
vn 0.000000 0.000000 -1.000000
vn 0.000000 0.000000 -1.000000
vn 0.000000 0.000000 -1.000000
vn 0.000000 0.000000 -1.000000
vn 0.000000 0.000000 -1.000000
vn 0.000000 0.000000 -1.000000
vn 0.000000 0.000000 -1.000000
vn 0.000000 0.000000 -1.000000
vn 0.000000 0.000000 -1.000000
vn 0.000000 0.000000 -1.000000
vn 0.000000 0.000000 -1.000000
vn 0.000000 0.000000 -1.000000
vn 0.000000 0.000000 -1.000000
vn 0.000000 0.000000 -1.000000
vn 0.000000 0.000000 -1.000000
vn 0.000000 0.000000 -1.000000
vn 0.000000 0.000000 -1.000000
vn 0.000000 0.000000 -1.000000
vn 0.000000 0.000000 -1.000000
vn 0.000000 0.000000 -1.000000
vn 0.000000 0.000000 -1.000000
vn 0.000000 0.000000 -1.000000
vn 0.000000 0.000000 -1.000000
vn 0.000000 0.000000 -1.000000
vn 0.000000 0.000000 -1.000000
vn 0.000000 0.000000 -1.000000
vn 0.000000 0.000000 -1.000000
vn 0.000000 0.000000 -1.000000
vn 0.000000 0.000000 -1.000000
vn 0.000000 0.000000 -1.000000
vn 0.000000 0.000000 -1.000000
vn 0.000000 0.000000 -1.000000
vn 0.000000 0.000000 -1.000000
vn 0.000000 0.000000 -1.000000
vn 0.000000 0.000000 -1.000000
vn 0.000000 0.000000 -1.000000
vn 0.000000 0.000000 -1.000000
vn 0.000000 0.000000 -1.000000
vn 0.000000 0.000000 -1.000000
vn 0.000000 0.000000 -1.000000
vn 0.000000 0.000000 -1.000000
vn 0.000000 0.000000 -1.000000
vn 0.000000 0.000000 -1.000000
vn 0.000000 0.000000 -1.000000
vn 0.000000 0.000000 -1.000000
vn 0.000000 0.000000 -1.000000
vn 0.000000 0.000000 -1.000000
vn 0.000000 0.000000 -1.000000
vn 0.000000 0.000000 -1.000000
vn 0.000000 0.000000 -1.000000
vn 0.000000 0.000000 -1.000000
vn 0.000000 0.000000 -1.000000
vn 0.000000 0.000000 -1.000000
vn 0.000000 0.000000 -1.000000
vn 0.000000 0.000000 -1.000000
vn 0.000000 0.000000 -1.000000
vn 0.000000 0.000000 -1.000000
vn 0.000000 0.000000 -1.000000
vn 0.000000 0.000000 -1.000000
vn 0.000000 0.000000 -1.000000
vn 0.000000 0.000000 -1.000000
vn 0.000000 0.000000 -1.000000
vn 0.000000 0.000000 -1.000000
vn 0.000000 0.000000 -1.000000
vn 0.000000 0.000000 -1.000000
vn 0.000000 0.000000 -1.000000
vn 0.000000 0.000000 -1.000000
vn 0.000000 0.000000 -1.000000
vn 0.000000 0.000000 -1.000000
vn 0.000000 0.000000 -1.000000
vn 0.000000 0.000000 -1.000000
vn 0.000000 0.000000 -1.000000
vn 0.000000 0.000000 -1.000000
vn 0.000000 0.000000 -1.000000
vn 0.000000 0.000000 -1.000000
vn 0.000000 0.000000 -1.000000
vn 0.000000 0.000000 -1.000000
vn 0.000000 0.000000 -1.000000
vn 0.000000 0.000000 -1.000000
vn 0.000000 0.000000 -1.000000
vn 0.000000 0.000000 -1.000000
vn 0.000000 0.000000 -1.000000
vn 0.000000 0.000000 -1.000000
vn 0.000000 0.000000 -1.000000
vn 0.000000 0.000000 -1.000000
vn 0.000000 0.000000 -1.000000
vn 0.000000 0.000000 -1.000000
vn 0.000000 0.000000 -1.000000
vn 0.000000 0.000000 -1.000000
vn 0.000000 0.000000 -1.000000
vn 0.000000 0.000000 -1.000000
vn 0.000000 0.000000 -1.000000
vn 0.000000 0.000000 -1.000000
vn 0.000000 0.000000 -1.000000
vn 0.000000 0.000000 -1.000000
vn 0.000000 0.000000 -1.000000
vn 0.000000 0.000000 -1.000000
vn 0.000000 0.000000 -1.000000
vn 0.000000 0.000000 -1.000000
vn 0.000000 0.000000 -1.000000
vn 0.000000 0.000000 -1.000000
vn 0.000000 0.000000 -1.000000
vn 0.000000 0.000000 -1.000000
vn 0.000000 0.000000 -1.000000
vn 0.000000 0.000000 -1.000000
vn 0.000000 0.000000 -1.000000
vn 0.000000 0.000000 -1.000000
vn 0.000000 0.000000 -1.000000
vn 0.000000 0.000000 -1.000000
vn 0.000000 0.000000 -1.000000
vn 0.000000 0.000000 -1.000000
vn 0.000000 0.000000 -1.000000
vn 0.000000 0.000000 -1.000000
vn 0.000000 0.000000 -1.000000
vn 0.000000 0.000000 -1.000000
vn 0.000000 0.000000 -1.000000
vn 0.000000 0.000000 -1.000000
vn 0.000000 0.000000 -1.000000
vn 0.000000 0.000000 -1.000000
vn 0.000000 0.000000 -1.000000
vn 0.000000 0.000000 -1.000000
vn 0.000000 0.000000 -1.000000
vn 0.000000 0.000000 -1.000000
vn 0.000000 0.000000 -1.000000
vn 0.000000 0.000000 -1.000000
vn 0.000000 0.000000 -1.000000
vn 0.000000 0.000000 -1.000000
vn 0.000000 0.000000 -1.000000
vn 0.000000 0.000000 -1.000000
vn 0.000000 0.000000 -1.000000
vn 0.000000 0.000000 -1.000000
vn 0.000000 0.000000 -1.000000
vn 0.000000 0.000000 -1.000000
vn 0.000000 0.000000 -1.000000
vn 0.000000 0.000000 -1.000000
vn 0.000000 0.000000 -1.000000
vn 0.000000 0.000000 -1.000000
vn 0.000000 0.000000 -1.000000
vn 0.000000 0.000000 -1.000000
vn 0.000000 0.000000 -1.000000
vn 0.000000 0.000000 -1.000000
vn 0.000000 0.000000 -1.000000
vn 0.000000 0.000000 -1.000000
vn 0.000000 0.000000 -1.000000
vn 0.000000 0.000000 -1.000000
vn 0.000000 0.000000 -1.000000
vn 0.000000 0.000000 -1.000000
vn 0.000000 0.000000 -1.000000
vn 0.000000 0.000000 -1.000000
vn 0.000000 0.000000 -1.000000
vn 0.000000 0.000000 -1.000000
vn 0.000000 0.000000 -1.000000
vn 0.000000 0.000000 -1.000000
vn 0.000000 0.000000 -1.000000
vn 0.000000 0.000000 -1.000000
vn 0.000000 0.000000 -1.000000
vn 0.000000 0.000000 -1.000000
vn 0.000000 0.000000 -1.000000
vn 0.000000 0.000000 -1.000000
vn 0.000000 0.000000 -1.000000
vn 0.000000 0.000000 -1.000000
vn 0.000000 0.000000 -1.000000
vn 0.000000 0.000000 -1.000000
vn 0.000000 0.000000 -1.000000
vn 0.000000 0.000000 -1.000000
vn 0.000000 0.000000 -1.000000
vn 0.000000 0.000000 -1.000000
vn 0.000000 0.000000 -1.000000
vn 0.000000 0.000000 -1.000000
vn 0.000000 0.000000 -1.000000
vn 0.000000 0.000000 -1.000000
vn 0.000000 0.000000 -1.000000
vn 0.000000 0.000000 -1.000000
vn 0.000000 0.000000 -1.000000
vn 0.000000 0.000000 -1.000000
vn 0.000000 0.000000 -1.000000
vn 0.000000 0.000000 -1.000000
vn 0.000000 0.000000 -1.000000
vn 0.000000 0.000000 -1.000000
vn 0.000000 0.000000 -1.000000
vn 0.000000 0.000000 -1.000000
vn 0.000000 0.000000 -1.000000
vn 0.000000 0.000000 -1.000000
vn 0.000000 0.000000 -1.000000
vn 0.000000 0.000000 -1.000000
vn 0.000000 0.000000 -1.000000
vn 0.000000 0.000000 -1.000000
vn 0.000000 0.000000 -1.000000
vn 0.000000 0.000000 -1.000000
vn 0.000000 0.000000 -1.000000
vn 0.000000 0.000000 -1.000000
vn 0.000000 0.000000 -1.000000
vn 0.000000 0.000000 -1.000000
vn 0.000000 0.000000 -1.000000
vn 0.000000 0.000000 -1.000000
vn 0.000000 0.000000 -1.000000
vn 0.000000 0.000000 -1.000000
vn 0.000000 0.000000 -1.000000
vn 0.000000 0.000000 -1.000000
vn 0.000000 0.000000 -1.000000
vn 0.000000 0.000000 -1.000000
vn 0.000000 0.000000 -1.000000
vn 0.000000 0.000000 -1.000000
vn 0.000000 0.000000 -1.000000
vn 0.000000 0.000000 -1.000000
vn 0.000000 0.000000 -1.000000
vn 0.000000 0.000000 -1.000000
vn 0.000000 0.000000 -1.000000
vn 0.000000 0.000000 -1.000000
vn 0.000000 0.000000 -1.000000
vn 0.000000 0.000000 -1.000000
vn 0.000000 0.000000 -1.000000
vn 0.000000 0.000000 -1.000000
vn 0.000000 0.000000 -1.000000
vn 0.000000 0.000000 -1.000000
vn 0.000000 0.000000 -1.000000
vn 0.000000 0.000000 -1.000000
vn 0.000000 0.000000 -1.000000
vn 0.000000 0.000000 -1.000000
vn 0.000000 0.000000 -1.000000
vn 0.000000 0.000000 -1.000000
vn 0.000000 0.000000 -1.000000
vn 0.000000 0.000000 -1.000000
vn 0.000000 0.000000 -1.000000
vn 0.000000 0.000000 -1.000000
vn 0.000000 0.000000 -1.000000
vn 0.000000 0.000000 -1.000000
vn 0.000000 0.000000 -1.000000
vn 0.000000 0.000000 -1.000000
vn 0.000000 0.000000 -1.000000
vn 0.000000 0.000000 -1.000000
vn 0.000000 0.000000 -1.000000
vn 0.000000 0.000000 -1.000000
vn 0.000000 0.000000 -1.000000
vn 0.000000 0.000000 -1.000000
vn 0.000000 0.000000 -1.000000
vn 0.000000 0.000000 -1.000000
vn 0.000000 0.000000 -1.000000
vn 0.000000 0.000000 -1.000000
vn 0.000000 0.000000 -1.000000
vn 0.000000 0.000000 -1.000000
vn 0.000000 0.000000 -1.000000
vn 0.000000 0.000000 -1.000000
vn 0.000000 0.000000 -1.000000
vn 0.000000 0.000000 -1.000000
vn 0.000000 0.000000 -1.000000
vn 0.000000 0.000000 -1.000000
vn 0.000000 0.000000 -1.000000
vn 0.000000 0.000000 -1.000000
vn 0.000000 0.000000 -1.000000
vn 0.000000 0.000000 -1.000000
vn 0.000000 0.000000 -1.000000
vn 0.000000 0.000000 -1.000000
vn 0.000000 0.000000 -1.000000
vn 0.000000 0.000000 -1.000000
vn 0.000000 0.000000 -1.000000
vn 0.000000 0.000000 -1.000000
vn 0.000000 0.000000 -1.000000
vn 0.000000 0.000000 -1.000000
vn 0.000000 0.000000 -1.000000
vn 0.000000 0.000000 -1.000000
vn 0.000000 0.000000 -1.000000
vn 0.000000 0.000000 -1.000000
vn 0.000000 0.000000 -1.000000
vn 0.000000 0.000000 -1.000000
vn 0.000000 0.000000 -1.000000
vn 0.000000 0.000000 -1.000000
vn 0.000000 0.000000 -1.000000
vn 0.000000 0.000000 -1.000000
vn 0.000000 0.000000 -1.000000
vn 0.000000 0.000000 -1.000000
vn 0.000000 0.000000 -1.000000
vn 0.000000 0.000000 -1.000000
vn 0.000000 0.000000 -1.000000
vn 0.000000 0.000000 -1.000000
vn 0.000000 0.000000 -1.000000
vn 0.000000 0.000000 -1.000000
vn 0.000000 0.000000 -1.000000
vn 0.000000 0.000000 -1.000000
vn 0.000000 0.000000 -1.000000
vn 0.000000 0.000000 -1.000000
vn 0.000000 0.000000 -1.000000
vn 0.000000 0.000000 -1.000000
vn 0.000000 0.000000 -1.000000
vn 0.000000 0.000000 -1.000000
vn 0.000000 0.000000 -1.000000
vn 0.000000 0.000000 -1.000000
vn 0.000000 0.000000 -1.000000
vn 0.000000 0.000000 -1.000000
vn 0.000000 0.000000 -1.000000
vn 0.000000 0.000000 -1.000000
vn 0.000000 0.000000 -1.000000
vn 0.000000 0.000000 -1.000000
vn 0.000000 0.000000 -1.000000
vn 0.000000 0.000000 -1.000000
vn 0.000000 0.000000 -1.000000
vn 0.000000 0.000000 -1.000000
vn 0.000000 0.000000 -1.000000
vn 0.000000 0.000000 -1.000000
vn 0.000000 0.000000 -1.000000
vn 0.000000 0.000000 -1.000000
vn 0.000000 0.000000 -1.000000
vn 0.000000 0.000000 -1.000000
vn 0.000000 0.000000 -1.000000
vn 0.000000 0.000000 -1.000000
vn 0.000000 0.000000 -1.000000
vn 0.000000 0.000000 -1.000000
vn 0.000000 0.000000 -1.000000
vn 0.000000 0.000000 -1.000000
vn 0.000000 0.000000 -1.000000
vn 0.000000 0.000000 -1.000000
vn 0.000000 0.000000 -1.000000
vn 0.000000 0.000000 -1.000000
vn 0.000000 0.000000 -1.000000
vn 0.000000 0.000000 -1.000000
vn 0.000000 0.000000 -1.000000
vn 0.000000 0.000000 -1.000000
vn 0.000000 0.000000 -1.000000
vn 0.000000 0.000000 -1.000000
vn 0.000000 0.000000 -1.000000
vn 0.000000 0.000000 -1.000000
vn 0.000000 0.000000 -1.000000
vn 0.000000 0.000000 -1.000000
vn 0.000000 0.000000 -1.000000
vn 0.000000 0.000000 -1.000000
vn 0.000000 0.000000 -1.000000
vn 0.000000 0.000000 -1.000000
vn 0.000000 0.000000 -1.000000
vn 0.000000 0.000000 -1.000000
vn 0.000000 0.000000 -1.000000
vn 0.000000 0.000000 -1.000000
vn 0.000000 0.000000 -1.000000
vn 0.000000 0.000000 -1.000000
vn 0.000000 0.000000 -1.000000
vn 0.000000 0.000000 -1.000000
vn 0.000000 0.000000 -1.000000
vn 0.000000 0.000000 -1.000000
vn 0.000000 0.000000 -1.000000
vn 0.000000 0.000000 -1.000000
vn 0.000000 0.000000 -1.000000
vn 0.000000 0.000000 -1.000000
vn 0.000000 0.000000 -1.000000
vn 0.000000 0.000000 -1.000000
vn 0.000000 0.000000 -1.000000
vn 0.000000 0.000000 -1.000000
vn 0.000000 0.000000 -1.000000
vn 0.000000 0.000000 -1.000000
vn 0.000000 0.000000 -1.000000
vn 0.000000 0.000000 -1.000000
vn 0.000000 0.000000 -1.000000
vn 0.000000 0.000000 -1.000000
vn 0.000000 0.000000 -1.000000
vn 0.000000 0.000000 -1.000000
vn 0.000000 0.000000 -1.000000
vn 0.000000 0.000000 -1.000000
vn 0.000000 0.000000 -1.000000
vn 0.000000 0.000000 -1.000000
vn 0.000000 0.000000 -1.000000
vn 0.000000 0.000000 -1.000000
vn 0.000000 0.000000 -1.000000
vn 0.000000 0.000000 -1.000000
vn 0.000000 0.000000 -1.000000
vn 0.000000 0.000000 -1.000000
vn 0.000000 0.000000 -1.000000
vn 0.000000 0.000000 -1.000000
vn 0.000000 0.000000 -1.000000
vn 0.000000 0.000000 -1.000000
vn 0.000000 0.000000 -1.000000
vn 0.000000 0.000000 -1.000000
vn 0.000000 0.000000 -1.000000
vn 0.000000 0.000000 -1.000000
vn 0.000000 0.000000 -1.000000
vn 0.000000 0.000000 -1.000000
vn 0.000000 0.000000 -1.000000
vn 0.000000 0.000000 -1.000000
vn 0.000000 0.000000 -1.000000
vn 0.000000 0.000000 -1.000000
vn 0.000000 0.000000 -1.000000
vn 0.000000 0.000000 -1.000000
vn 0.000000 0.000000 -1.000000
vn 0.000000 0.000000 -1.000000
vn 0.000000 0.000000 -1.000000
vn 0.000000 0.000000 -1.000000
vn 0.000000 0.000000 -1.000000
vn 0.000000 0.000000 -1.000000
vn 0.000000 0.000000 -1.000000
vn 0.000000 0.000000 -1.000000
vn 0.000000 0.000000 -1.000000
vn 0.000000 0.000000 -1.000000
vn 0.000000 0.000000 -1.000000
vn 0.000000 0.000000 -1.000000
vn 0.000000 0.000000 -1.000000
vn 0.000000 0.000000 -1.000000
vn 0.000000 0.000000 -1.000000
vn 0.000000 0.000000 -1.000000
vn 0.000000 0.000000 -1.000000
vn 0.000000 0.000000 -1.000000
vn 0.000000 0.000000 -1.000000
vn 0.000000 0.000000 -1.000000
vn 0.000000 0.000000 -1.000000
vn 0.000000 0.000000 -1.000000
vn 0.000000 0.000000 -1.000000
vn 0.000000 0.000000 -1.000000
vn 0.000000 0.000000 -1.000000
vn 0.000000 0.000000 -1.000000
vn 0.000000 0.000000 -1.000000
vn 0.000000 0.000000 -1.000000
vn 0.000000 0.000000 -1.000000
vn 0.000000 0.000000 -1.000000
vn 0.000000 0.000000 -1.000000
vn 0.000000 0.000000 -1.000000
vn 0.000000 0.000000 -1.000000
vn 0.000000 0.000000 -1.000000
vn 0.000000 0.000000 -1.000000
vn 0.000000 0.000000 -1.000000
vn 0.000000 0.000000 -1.000000
vn 0.000000 0.000000 -1.000000
vn 0.000000 0.000000 -1.000000
vn 0.000000 0.000000 -1.000000
vn 0.000000 0.000000 -1.000000
vn 0.000000 0.000000 -1.000000
vn 0.000000 0.000000 -1.000000
vn 0.000000 0.000000 -1.000000
vn 0.000000 0.000000 -1.000000
vn 0.000000 0.000000 -1.000000
vn 0.000000 0.000000 -1.000000
vn 0.000000 0.000000 -1.000000
vn 0.000000 0.000000 -1.000000
vn 0.000000 0.000000 -1.000000
vn 0.000000 0.000000 -1.000000
vn 0.000000 0.000000 -1.000000
vn 0.000000 0.000000 -1.000000
vn 0.000000 0.000000 -1.000000
vn 0.000000 0.000000 -1.000000
vn 0.000000 0.000000 -1.000000
vn 0.000000 0.000000 -1.000000
vn 0.000000 0.000000 -1.000000
vn 0.000000 0.000000 -1.000000
vn 0.000000 0.000000 -1.000000
vn 0.000000 0.000000 -1.000000
vn 0.000000 0.000000 -1.000000
vn 0.000000 0.000000 -1.000000
vn 0.000000 0.000000 -1.000000
vn 0.000000 0.000000 -1.000000
vn 0.000000 0.000000 -1.000000
vn 0.000000 0.000000 -1.000000
vn 0.000000 0.000000 -1.000000
vn 0.000000 0.000000 -1.000000
vn 0.000000 0.000000 -1.000000
vn 0.000000 0.000000 -1.000000
vn 0.000000 0.000000 -1.000000
vn 0.000000 0.000000 -1.000000
vn 0.000000 0.000000 -1.000000
vn 0.000000 0.000000 -1.000000
vn 0.000000 0.000000 -1.000000
vn 0.000000 0.000000 -1.000000
vn 0.000000 0.000000 -1.000000
vn 0.000000 0.000000 -1.000000
vn 0.000000 0.000000 -1.000000
vn 0.000000 0.000000 -1.000000
vn 0.000000 0.000000 -1.000000
vn 0.000000 0.000000 -1.000000
vn 0.000000 0.000000 -1.000000
vn 0.000000 0.000000 -1.000000
vn 0.000000 0.000000 -1.000000
vn 0.000000 0.000000 -1.000000
vn 0.000000 0.000000 -1.000000
vn 0.000000 0.000000 -1.000000
vn 0.000000 0.000000 -1.000000
vn 0.000000 0.000000 -1.000000
vn 0.000000 0.000000 -1.000000
vn 0.000000 0.000000 -1.000000
vn 0.000000 0.000000 -1.000000
vn 0.000000 0.000000 -1.000000
vn 0.000000 0.000000 -1.000000
vn 0.000000 0.000000 -1.000000
vn 0.000000 0.000000 -1.000000
vn 0.000000 0.000000 -1.000000
vn 0.000000 0.000000 -1.000000
vn 0.000000 0.000000 -1.000000
vn 0.000000 0.000000 -1.000000
vn 0.000000 0.000000 -1.000000
vn 0.000000 0.000000 -1.000000
vn 0.000000 0.000000 -1.000000
vn 0.000000 0.000000 -1.000000
vn 0.000000 0.000000 -1.000000
vn 0.000000 0.000000 -1.000000
vn 0.000000 0.000000 -1.000000
vn 0.000000 0.000000 -1.000000
vn 0.000000 0.000000 -1.000000
vn 0.000000 0.000000 -1.000000
vn 0.000000 0.000000 -1.000000
vn 0.000000 0.000000 -1.000000
vn 0.000000 0.000000 -1.000000
vn 0.000000 0.000000 -1.000000
vn 0.000000 0.000000 -1.000000
vn 0.000000 0.000000 -1.000000
vn 0.000000 0.000000 -1.000000
vn 0.000000 0.000000 -1.000000
vn -0.041351 -0.999145 -0.000000
vn -0.131803 -0.991276 -0.000000
vn -0.232056 -0.972703 -0.000000
vn -0.340031 -0.940414 -0.000000
vn -0.449228 -0.893417 -0.000000
vn -0.560154 -0.828388 -0.000000
vn -0.671016 -0.741443 -0.000000
vn -0.773607 -0.633665 -0.000000
vn -0.862601 -0.505885 -0.000000
vn -0.932903 -0.360129 -0.000000
vn -0.977706 -0.209977 -0.000000
vn -0.997781 -0.066585 -0.000000
vn -1.000000 0.000000 -0.000000
vn -0.995891 0.090557 0.000000
vn -0.958973 0.283498 0.000000
vn -0.880503 0.474041 0.000000
vn -0.769240 0.638960 0.000000
vn -0.638677 0.769475 0.000000
vn -0.474367 0.880327 0.000000
vn -0.283458 0.958985 0.000000
vn -0.090472 0.995899 0.000000
vn 0.000000 1.000000 0.000000
vn 0.090479 0.995898 0.000000
vn 0.283458 0.958985 0.000000
vn 0.474367 0.880327 0.000000
vn 0.638599 0.769540 0.000000
vn 0.769279 0.638913 0.000000
vn 0.880503 0.474041 0.000000
vn 0.958973 0.283498 0.000000
vn 0.995891 0.090557 0.000000
vn 1.000000 0.000000 -0.000000
vn 0.993304 0.115531 0.000000
vn 0.933975 0.357338 0.000000
vn 0.817045 0.576573 0.000000
vn 0.670688 0.741739 0.000000
vn 0.512205 0.858863 0.000000
vn 0.342738 0.939431 0.000000
vn 0.188012 0.982167 0.000000
vn 0.056601 0.998397 0.000000
vn -0.056677 0.998393 0.000000
vn -0.192379 0.981321 0.000000
vn -0.358976 0.933347 0.000000
vn -0.547733 0.836653 0.000000
vn -0.716671 0.697412 0.000000
vn -0.852702 0.522398 0.000000
vn -0.950015 0.312204 0.000000
vn -0.995131 0.098564 0.000000
vn -0.996904 -0.078634 -0.000000
vn -0.968539 -0.248863 -0.000000
vn -0.905616 -0.424099 -0.000000
vn -0.810245 -0.586091 -0.000000
vn -0.711765 -0.702418 -0.000000
vn -0.629646 -0.776882 -0.000000
vn -0.553347 -0.832951 -0.000000
vn -0.484368 -0.874865 -0.000000
vn -0.432565 -0.901603 -0.000000
vn -0.401692 -0.915775 -0.000000
vn -0.379572 -0.925162 -0.000000
vn -0.362884 -0.931834 -0.000000
vn -0.354326 -0.935122 -0.000000
vn -0.378260 -0.925699 -0.000000
vn -0.407127 -0.913372 -0.000000
vn -0.442450 -0.896793 -0.000000
vn -0.510772 -0.859716 -0.000000
vn -0.603484 -0.797375 -0.000000
vn -0.690080 -0.723733 -0.000000
vn -0.767070 -0.641564 -0.000000
vn -0.851616 -0.524166 -0.000000
vn -0.930431 -0.366466 -0.000000
vn -0.977854 -0.209289 -0.000000
vn -0.997882 -0.065054 -0.000000
vn -0.995428 0.095514 0.000000
vn -0.951373 0.308042 0.000000
vn -0.851216 0.524815 0.000000
vn -0.704711 0.709495 0.000000
vn -0.540990 0.841029 0.000000
vn -0.369651 0.929171 0.000000
vn -0.205931 0.978567 0.000000
vn -0.062634 0.998037 0.000000
vn 0.044632 0.999003 0.000000
vn 0.140997 0.990010 0.000000
vn 0.245914 0.969292 0.000000
vn 0.356157 0.934426 0.000000
vn 0.465447 0.885076 0.000000
vn 0.574948 0.818190 0.000000
vn 0.682520 0.730867 0.000000
vn 0.780542 0.625103 0.000000
vn 0.865197 0.501432 0.000000
vn 0.933204 0.359348 0.000000
vn 0.977463 0.211109 0.000000
vn 0.997724 0.067425 0.000000
vn 1.000000 0.000000 -0.000000
vn 0.995895 -0.090518 -0.000000
vn 0.958920 -0.283678 -0.000000
vn 0.880503 -0.474041 -0.000000
vn 0.769259 -0.638937 -0.000000
vn 0.639035 -0.769178 -0.000000
vn 0.473853 -0.880604 -0.000000
vn 0.283447 -0.958988 -0.000000
vn 0.091103 -0.995842 -0.000000
vn 0.000000 -1.000000 -0.000000
vn -0.091106 -0.995841 -0.000000
vn -0.283458 -0.958985 -0.000000
vn -0.473853 -0.880604 -0.000000
vn -0.639015 -0.769194 -0.000000
vn -0.769240 -0.638960 -0.000000
vn -0.880503 -0.474041 -0.000000
vn -0.958920 -0.283678 -0.000000
vn -0.995891 -0.090557 -0.000000
vn -1.000000 0.000000 -0.000000
vn -0.994377 -0.105896 -0.000000
vn -0.944628 -0.328143 -0.000000
vn -0.844474 -0.535597 -0.000000
vn -0.713578 -0.700576 -0.000000
vn -0.558933 -0.829213 -0.000000
vn -0.379233 -0.925301 -0.000000
vn -0.209296 -0.977852 -0.000000
vn -0.063054 -0.998010 -0.000000
vn 0.055308 -0.998469 -0.000000
vn 0.185014 -0.982736 -0.000000
vn 0.340504 -0.940243 -0.000000
vn 0.514290 -0.857616 -0.000000
vn 0.689080 -0.724686 -0.000000
vn 0.845027 -0.534724 -0.000000
vn 0.950205 -0.311626 -0.000000
vn 0.995403 -0.095777 -0.000000
vn 0.997569 0.069693 0.000000
vn 0.974154 0.225884 0.000000
vn 0.917865 0.396894 0.000000
vn 0.824179 0.566329 0.000000
vn 0.717873 0.696175 0.000000
vn 0.626569 0.779366 0.000000
vn 0.543001 0.839732 0.000000
vn 0.469168 0.883109 0.000000
vn 0.414440 0.910077 0.000000
vn 0.382599 0.923915 0.000000
vn 0.360341 0.932821 0.000000
vn 0.343910 0.939003 0.000000
vn 0.364248 0.931302 0.000000
vn 0.384554 0.923102 0.000000
vn 0.409517 0.912302 0.000000
vn 0.440861 0.897576 0.000000
vn 0.508099 0.861299 0.000000
vn 0.600874 0.799344 0.000000
vn 0.685319 0.728243 0.000000
vn 0.759074 0.651004 0.000000
vn 0.843665 0.536870 0.000000
vn 0.926153 0.377148 0.000000
vn 0.976382 0.216053 0.000000
vn 0.997736 0.067253 0.000000
vn 0.995294 -0.096905 -0.000000
vn 0.950310 -0.311306 -0.000000
vn 0.849329 -0.527865 -0.000000
vn 0.703666 -0.710531 -0.000000
vn 0.538512 -0.842618 -0.000000
vn 0.364285 -0.931288 -0.000000
vn 0.201079 -0.979575 -0.000000
vn 0.060705 -0.998156 -0.000000
vn 0.995895 -0.090518 -0.000000
vn 0.958920 -0.283678 -0.000000
vn 0.880520 -0.474008 -0.000000
vn 0.769240 -0.638960 -0.000000
vn 0.639015 -0.769194 -0.000000
vn 0.473853 -0.880604 -0.000000
vn 0.283447 -0.958988 -0.000000
vn 0.091103 -0.995842 -0.000000
vn 0.000000 -1.000000 -0.000000
vn 0.141131 -0.989991 -0.000000
vn 0.514326 -0.857595 -0.000000
vn 0.857474 -0.514527 -0.000000
vn 0.989949 -0.141427 -0.000000
vn 1.000000 0.000000 -0.000000
vn 0.989949 0.141427 0.000000
vn 0.857474 0.514527 0.000000
vn 0.514326 0.857595 0.000000
vn 0.141809 0.989894 0.000000
vn 0.000000 1.000000 0.000000
vn 0.090475 0.995899 0.000000
vn 0.283447 0.958988 0.000000
vn 0.473853 0.880604 0.000000
vn 0.639015 0.769194 0.000000
vn 0.769279 0.638913 0.000000
vn 0.880503 0.474041 0.000000
vn 0.958908 0.283716 0.000000
vn 0.995895 0.090518 0.000000
vn 1.000000 0.000000 -0.000000
vn 0.995891 -0.090557 -0.000000
vn 0.958962 -0.283536 -0.000000
vn 0.880503 -0.474041 -0.000000
vn 0.769299 -0.638889 -0.000000
vn 0.638638 -0.769507 -0.000000
vn 0.474367 -0.880327 -0.000000
vn 0.283458 -0.958985 -0.000000
vn 0.090472 -0.995899 -0.000000
vn 0.000000 -1.000000 -0.000000
vn 0.141809 -0.989894 -0.000000
vn 0.514326 -0.857595 -0.000000
vn 0.857474 -0.514527 -0.000000
vn 0.989949 -0.141427 -0.000000
vn 1.000000 0.000000 -0.000000
vn 0.989949 0.141427 0.000000
vn 0.857696 0.514157 0.000000
vn 0.514326 0.857595 0.000000
vn 0.141131 0.989991 0.000000
vn 0.000000 1.000000 0.000000
vn 0.090475 0.995899 0.000000
vn 0.284055 0.958808 0.000000
vn 0.473853 0.880604 0.000000
vn 0.639015 0.769194 0.000000
vn 0.769259 0.638937 0.000000
vn 0.880520 0.474008 0.000000
vn 0.958920 0.283678 0.000000
vn 0.995891 0.090557 0.000000
vn 1.000000 0.000000 -0.000000
vn 0.995895 -0.090518 -0.000000
vn 0.958973 -0.283498 -0.000000
vn 0.880371 -0.474285 -0.000000
vn 0.769240 -0.638960 -0.000000
vn 0.639015 -0.769194 -0.000000
vn 0.474367 -0.880327 -0.000000
vn 0.283447 -0.958988 -0.000000
vn 0.090475 -0.995899 -0.000000
vn 0.000000 -1.000000 -0.000000
vn -0.090479 -0.995898 -0.000000
vn -0.283458 -0.958985 -0.000000
vn -0.474367 -0.880327 -0.000000
vn -0.638996 -0.769210 -0.000000
vn -0.769259 -0.638937 -0.000000
vn -0.880371 -0.474285 -0.000000
vn -0.958973 -0.283498 -0.000000
vn -0.995891 -0.090557 -0.000000
vn -1.000000 0.000000 -0.000000
vn -0.995895 0.090518 0.000000
vn -0.958973 0.283498 0.000000
vn -0.880520 0.474008 0.000000
vn -0.769240 0.638960 0.000000
vn -0.638638 0.769507 0.000000
vn -0.474367 0.880327 0.000000
vn -0.283458 0.958985 0.000000
vn -0.090475 0.995899 0.000000
vn 0.000000 1.000000 0.000000
vn 0.090475 0.995899 0.000000
vn 0.283447 0.958988 0.000000
vn 0.474367 0.880327 0.000000
vn 0.638638 0.769507 0.000000
vn 0.769259 0.638937 0.000000
vn 0.880520 0.474008 0.000000
vn 0.958973 0.283498 0.000000
vn 0.995891 0.090557 0.000000
vn 1.000000 0.000000 -0.000000
vn -0.120744 -0.992684 -0.000000
vn -0.399298 -0.916821 -0.000000
vn -0.669000 -0.743263 -0.000000
vn -0.856225 -0.516603 -0.000000
vn -0.909065 -0.416653 -0.000000
vn -0.841234 -0.540672 -0.000000
vn -0.672358 -0.740226 -0.000000
vn -0.419329 -0.907834 -0.000000
vn -0.131734 -0.991285 -0.000000
vn 0.000000 -1.000000 -0.000000
vn 0.141131 -0.989991 -0.000000
vn 0.514326 -0.857595 -0.000000
vn 0.857474 -0.514527 -0.000000
vn 0.989952 -0.141406 -0.000000
vn 1.000000 0.000000 -0.000000
vn 0.995893 -0.090538 -0.000000
vn 0.958962 -0.283536 -0.000000
vn 0.880363 -0.474301 -0.000000
vn 0.769269 -0.638925 -0.000000
vn 0.639015 -0.769194 -0.000000
vn 0.474367 -0.880327 -0.000000
vn 0.283453 -0.958986 -0.000000
vn 0.090475 -0.995899 -0.000000
vn 0.000000 -1.000000 -0.000000
vn -0.090475 -0.995899 -0.000000
vn -0.283458 -0.958985 -0.000000
vn -0.474367 -0.880327 -0.000000
vn -0.639015 -0.769194 -0.000000
vn -0.769259 -0.638937 -0.000000
vn -0.880354 -0.474317 -0.000000
vn -0.958962 -0.283536 -0.000000
vn -0.995895 -0.090518 -0.000000
vn -1.000000 0.000000 -0.000000
vn -0.995891 0.090557 0.000000
vn -0.958962 0.283536 0.000000
vn -0.880503 0.474041 0.000000
vn -0.769279 0.638913 0.000000
vn -0.638638 0.769507 0.000000
vn -0.474367 0.880327 0.000000
vn -0.283458 0.958985 0.000000
vn -0.090475 0.995899 0.000000
vn 0.000000 1.000000 0.000000
vn 0.053691 0.998558 0.000000
vn 0.169072 0.985604 0.000000
vn 0.291763 0.956491 0.000000
vn 0.416176 0.909284 0.000000
vn 0.535331 0.844642 0.000000
vn 0.648979 0.760806 0.000000
vn 0.751838 0.659348 0.000000
vn 0.837506 0.546429 0.000000
vn 0.904285 0.426929 0.000000
vn 0.953757 0.300578 0.000000
vn 0.984614 0.174743 0.000000
vn 0.998451 0.055647 0.000000
vn 0.997777 -0.066644 -0.000000
vn 0.977230 -0.212182 -0.000000
vn 0.930111 -0.367280 -0.000000
vn 0.854333 -0.519725 -0.000000
vn 0.754872 -0.655872 -0.000000
vn 0.632777 -0.774334 -0.000000
vn 0.495553 -0.868578 -0.000000
vn 0.355971 -0.934497 -0.000000
vn 0.132534 -0.991179 -0.000000
vn 0.418625 -0.908159 -0.000000
vn 0.672821 -0.739805 -0.000000
vn 0.841008 -0.541022 -0.000000
vn 0.936300 -0.351202 -0.000000
vn 0.992295 -0.123895 -0.000000
vn 0.992272 0.124081 0.000000
vn 0.936300 0.351202 0.000000
vn 0.899925 0.436045 0.000000
vn 0.906110 0.423042 0.000000
vn 0.933346 0.358977 0.000000
vn 0.964807 0.262960 0.000000
vn 0.993883 0.110436 0.000000
vn 0.981240 -0.192790 -0.000000
vn 0.771492 -0.636239 -0.000000
vn 0.399865 -0.916574 -0.000000
vn 0.103315 -0.994649 -0.000000
vn 0.000000 -1.000000 -0.000000
vn 0.141131 -0.989991 -0.000000
vn 0.514326 -0.857595 -0.000000
vn 0.857474 -0.514527 -0.000000
vn 0.989952 -0.141406 -0.000000
vn 1.000000 0.000000 -0.000000
vn 0.989952 0.141406 0.000000
vn 0.857474 0.514527 0.000000
vn 0.514326 0.857595 0.000000
vn 0.141131 0.989991 0.000000
vn 0.000000 1.000000 0.000000
vn -0.077725 0.996975 0.000000
vn -0.251838 0.967769 0.000000
vn -0.439238 0.898371 0.000000
vn -0.616908 0.787035 0.000000
vn -0.766558 0.642175 0.000000
vn -0.887117 0.461544 0.000000
vn -0.963928 0.266162 0.000000
vn -0.996612 0.082241 0.000000
vn -0.996622 -0.082124 -0.000000
vn -0.964244 -0.265016 -0.000000
vn -0.888763 -0.458367 -0.000000
vn -0.770988 -0.636849 -0.000000
vn -0.623587 -0.781754 -0.000000
vn -0.445351 -0.895356 -0.000000
vn -0.256015 -0.966673 -0.000000
vn -0.079051 -0.996871 -0.000000
vn 0.000000 -1.000000 -0.000000
vn -0.050618 -0.998718 -0.000000
vn -0.159986 -0.987119 -0.000000
vn -0.277850 -0.960624 -0.000000
vn -0.399369 -0.916790 -0.000000
vn -0.518165 -0.855281 -0.000000
vn -0.633521 -0.773726 -0.000000
vn -0.739842 -0.672781 -0.000000
vn -0.829858 -0.557975 -0.000000
vn -0.899977 -0.435937 -0.000000
vn -0.951616 -0.307289 -0.000000
vn -0.983901 -0.178717 -0.000000
vn -0.998380 -0.056894 -0.000000
vn -1.000000 0.000000 -0.000000
vn -0.998418 0.056224 0.000000
vn -0.984113 0.177543 0.000000
vn -0.951712 0.306991 0.000000
vn -0.899019 0.437910 0.000000
vn -0.827604 0.561312 0.000000
vn -0.737498 0.675349 0.000000
vn -0.631687 0.775223 0.000000
vn -0.517417 0.855733 0.000000
vn -0.399409 0.916773 0.000000
vn -0.277808 0.960637 0.000000
vn -0.159986 0.987119 0.000000
vn -0.050660 0.998716 0.000000
vn 0.050429 0.998728 0.000000
vn 0.159204 0.987246 0.000000
vn 0.276217 0.961095 0.000000
vn 0.396882 0.917870 0.000000
vn 0.510194 0.860059 0.000000
vn 0.617774 0.786356 0.000000
vn 0.720335 0.693626 0.000000
vn 0.810917 0.585162 0.000000
vn 0.885239 0.465137 0.000000
vn 0.942948 0.332940 0.000000
vn 0.980582 0.196111 0.000000
vn 0.998013 0.063012 0.000000
vn 1.000000 0.000000 -0.000000
vn 0.995893 -0.090538 -0.000000
vn 0.958914 -0.283697 -0.000000
vn 0.880507 -0.474033 -0.000000
vn 0.769259 -0.638937 -0.000000
vn 0.639025 -0.769186 -0.000000
vn 0.473853 -0.880604 -0.000000
vn 0.283453 -0.958986 -0.000000
vn 0.090474 -0.995899 -0.000000
vn 0.000000 -1.000000 -0.000000
vn -0.090475 -0.995899 -0.000000
vn -0.283453 -0.958986 -0.000000
vn -0.473853 -0.880604 -0.000000
vn -0.639023 -0.769188 -0.000000
vn -0.769257 -0.638940 -0.000000
vn -0.880505 -0.474037 -0.000000
vn -0.958913 -0.283701 -0.000000
vn -0.995893 -0.090538 -0.000000
vn -1.000000 0.000000 -0.000000
vn -0.996118 -0.088032 -0.000000
vn -0.959910 -0.280309 -0.000000
vn -0.879349 -0.476178 -0.000000
vn -0.760228 -0.649656 -0.000000
vn -0.612131 -0.790757 -0.000000
vn -0.431856 -0.901943 -0.000000
vn -0.245566 -0.969380 -0.000000
vn -0.075300 -0.997161 -0.000000
vn 0.078458 -0.996917 -0.000000
vn 0.254503 -0.967072 -0.000000
vn 0.444315 -0.895871 -0.000000
vn 0.623948 -0.781466 -0.000000
vn 0.772915 -0.634509 -0.000000
vn 0.890714 -0.454564 -0.000000
vn 0.965169 -0.261626 -0.000000
vn 0.996732 -0.080786 -0.000000
vn 1.000000 0.000000 -0.000000
vn 0.996370 0.085127 0.000000
vn 0.961527 0.274711 0.000000
vn 0.880669 0.473732 0.000000
vn 0.756198 0.654342 0.000000
vn 0.606434 0.795134 0.000000
vn 0.431977 0.901885 0.000000
vn 0.248408 0.968655 0.000000
vn 0.076974 0.997033 0.000000
vn -0.069148 0.997606 0.000000
vn -0.228052 0.973649 0.000000
vn -0.407921 0.913017 0.000000
vn -0.590314 0.807174 0.000000
vn -0.751991 0.659173 0.000000
vn -0.881794 0.471634 0.000000
vn -0.962937 0.269726 0.000000
vn -0.996587 0.082553 0.000000
vn -1.000000 0.000000 -0.000000
vn -0.989949 -0.141422 -0.000000
vn -0.857466 -0.514541 -0.000000
vn -0.514329 -0.857593 -0.000000
vn -0.141813 -0.989894 -0.000000
vn 0.000000 -1.000000 -0.000000
vn -0.090475 -0.995899 -0.000000
vn -0.283452 -0.958987 -0.000000
vn -0.474365 -0.880328 -0.000000
vn -0.638645 -0.769501 -0.000000
vn -0.769261 -0.638935 -0.000000
vn -0.880507 -0.474034 -0.000000
vn -0.958913 -0.283701 -0.000000
vn -0.995898 -0.090483 -0.000000
vn -1.000000 0.000000 -0.000000
vn -0.995893 0.090539 0.000000
vn -0.958966 0.283523 0.000000
vn -0.880358 0.474310 0.000000
vn -0.769521 0.638622 0.000000
vn -0.638645 0.769501 0.000000
vn -0.474365 0.880328 0.000000
vn -0.283452 0.958987 0.000000
vn -0.090475 0.995899 0.000000
vn 0.000000 1.000000 0.000000
vn 0.090475 0.995899 0.000000
vn 0.283453 0.958986 0.000000
vn 0.474367 0.880327 0.000000
vn 0.638643 0.769503 0.000000
vn 0.769520 0.638623 0.000000
vn 0.880358 0.474309 0.000000
vn 0.958967 0.283517 0.000000
vn 0.995893 0.090538 0.000000
vn 1.000000 0.000000 -0.000000
vn 0.996997 -0.077442 -0.000000
vn 0.966871 -0.255267 -0.000000
vn 0.891726 -0.452575 -0.000000
vn 0.765984 -0.642860 -0.000000
vn 0.607035 -0.794675 -0.000000
vn 0.426049 -0.904700 -0.000000
vn 0.241208 -0.970473 -0.000000
vn 0.073727 -0.997279 -0.000000
vn 0.995895 -0.090518 -0.000000
vn 0.958920 -0.283678 -0.000000
vn 0.880520 -0.474008 -0.000000
vn 0.769240 -0.638960 -0.000000
vn 0.639015 -0.769194 -0.000000
vn 0.473853 -0.880604 -0.000000
vn 0.283447 -0.958988 -0.000000
vn 0.091103 -0.995842 -0.000000
vn 0.000000 -1.000000 -0.000000
vn 0.141134 -0.989991 -0.000000
vn 0.514326 -0.857595 -0.000000
vn 0.857463 -0.514546 -0.000000
vn 0.989952 -0.141406 -0.000000
vn 1.000000 0.000000 -0.000000
vn 0.989949 0.141427 0.000000
vn 0.857463 0.514546 0.000000
vn 0.514326 0.857595 0.000000
vn 0.141815 0.989893 0.000000
vn 0.000000 1.000000 0.000000
vn 0.090477 0.995899 0.000000
vn 0.283458 0.958985 0.000000
vn 0.473853 0.880604 0.000000
vn 0.639006 0.769202 0.000000
vn 0.769269 0.638925 0.000000
vn 0.880503 0.474041 0.000000
vn 0.958908 0.283716 0.000000
vn 0.995893 0.090538 0.000000
vn 1.000000 0.000000 -0.000000
vn 0.995893 -0.090538 -0.000000
vn 0.958962 -0.283536 -0.000000
vn 0.880503 -0.474041 -0.000000
vn 0.769269 -0.638925 -0.000000
vn 0.638638 -0.769507 -0.000000
vn 0.474367 -0.880327 -0.000000
vn 0.283458 -0.958985 -0.000000
vn 0.090475 -0.995899 -0.000000
vn 0.000000 -1.000000 -0.000000
vn 0.141812 -0.989894 -0.000000
vn 0.514326 -0.857595 -0.000000
vn 0.857463 -0.514546 -0.000000
vn 0.989952 -0.141406 -0.000000
vn 1.000000 0.000000 -0.000000
vn 0.989949 0.141427 0.000000
vn 0.857685 0.514176 0.000000
vn 0.514326 0.857595 0.000000
vn 0.141137 0.989990 0.000000
vn 0.000000 1.000000 0.000000
vn 0.090475 0.995899 0.000000
vn 0.284055 0.958808 0.000000
vn 0.473853 0.880604 0.000000
vn 0.639015 0.769194 0.000000
vn 0.769259 0.638937 0.000000
vn 0.880520 0.474008 0.000000
vn 0.958920 0.283678 0.000000
vn 0.995891 0.090557 0.000000
vn 1.000000 0.000000 -0.000000
vn 0.995895 -0.090518 -0.000000
vn 0.958973 -0.283498 -0.000000
vn 0.880371 -0.474285 -0.000000
vn 0.769240 -0.638960 -0.000000
vn 0.639015 -0.769194 -0.000000
vn 0.474367 -0.880327 -0.000000
vn 0.283447 -0.958988 -0.000000
vn 0.090475 -0.995899 -0.000000
vn 0.000000 -1.000000 -0.000000
vn -0.090475 -0.995899 -0.000000
vn -0.283453 -0.958986 -0.000000
vn -0.474367 -0.880327 -0.000000
vn -0.639025 -0.769186 -0.000000
vn -0.769259 -0.638937 -0.000000
vn -0.880354 -0.474317 -0.000000
vn -0.958964 -0.283526 -0.000000
vn -0.995893 -0.090538 -0.000000
vn -1.000000 0.000000 -0.000000
vn -0.995893 0.090538 0.000000
vn -0.958964 0.283526 0.000000
vn -0.880503 0.474041 0.000000
vn -0.769259 0.638937 0.000000
vn -0.638648 0.769499 0.000000
vn -0.474367 0.880327 0.000000
vn -0.283453 0.958986 0.000000
vn -0.090475 0.995899 0.000000
vn 0.000000 1.000000 0.000000
vn 0.090475 0.995899 0.000000
vn 0.283447 0.958988 0.000000
vn 0.474367 0.880327 0.000000
vn 0.638638 0.769507 0.000000
vn 0.769259 0.638937 0.000000
vn 0.880520 0.474008 0.000000
vn 0.958973 0.283498 0.000000
vn 0.995891 0.090557 0.000000
vn 1.000000 0.000000 -0.000000
vn -0.995891 0.090557 0.000000
vn -0.958962 0.283536 0.000000
vn -0.880503 0.474041 0.000000
vn -0.769259 0.638937 0.000000
vn -0.638657 0.769491 0.000000
vn -0.474367 0.880327 0.000000
vn -0.283447 0.958988 0.000000
vn -0.090475 0.995899 0.000000
vn 0.000000 1.000000 0.000000
vn 0.090479 0.995898 0.000000
vn 0.283458 0.958985 0.000000
vn 0.474367 0.880327 0.000000
vn 0.638618 0.769524 0.000000
vn 0.769279 0.638913 0.000000
vn 0.880503 0.474041 0.000000
vn 0.958962 0.283536 0.000000
vn 0.995895 0.090518 0.000000
vn 1.000000 0.000000 -0.000000
vn 0.995891 -0.090557 -0.000000
vn 0.958962 -0.283536 -0.000000
vn 0.880354 -0.474317 -0.000000
vn 0.769299 -0.638889 -0.000000
vn 0.639015 -0.769194 -0.000000
vn 0.474367 -0.880327 -0.000000
vn 0.283458 -0.958985 -0.000000
vn 0.090475 -0.995899 -0.000000
vn 0.000000 -1.000000 -0.000000
vn -0.107458 -0.994210 -0.000000
vn -0.360917 -0.932598 -0.000000
vn -0.624835 -0.780757 -0.000000
vn -0.827413 -0.561594 -0.000000
vn -0.853640 -0.520864 -0.000000
vn -0.788281 -0.615315 -0.000000
vn -0.644927 -0.764244 -0.000000
vn -0.375479 -0.926831 -0.000000
vn 0.030558 -0.999533 -0.000000
vn 0.472665 -0.881242 -0.000000
vn 0.822823 -0.568297 -0.000000
vn 0.963272 -0.268526 -0.000000
vn 0.997547 -0.070000 -0.000000
vn 0.999991 0.004292 0.000000
vn 0.995891 -0.090557 -0.000000
vn 0.958962 -0.283536 -0.000000
vn 0.880354 -0.474317 -0.000000
vn 0.769279 -0.638913 -0.000000
vn 0.639015 -0.769194 -0.000000
vn 0.474367 -0.880327 -0.000000
vn 0.283458 -0.958985 -0.000000
vn 0.090475 -0.995899 -0.000000
vn 0.000000 -1.000000 -0.000000
vn -0.090475 -0.995899 -0.000000
vn -0.283458 -0.958985 -0.000000
vn -0.474367 -0.880327 -0.000000
vn -0.639015 -0.769194 -0.000000
vn -0.769259 -0.638937 -0.000000
vn -0.880354 -0.474317 -0.000000
vn -0.958962 -0.283536 -0.000000
vn -0.995895 -0.090518 -0.000000
vn -1.000000 0.000000 -0.000000
vn -0.995891 0.090557 0.000000
vn -0.958962 0.283536 0.000000
vn -0.880503 0.474041 0.000000
vn -0.769279 0.638913 0.000000
vn -0.638638 0.769507 0.000000
vn -0.474367 0.880327 0.000000
vn -0.283458 0.958985 0.000000
vn -0.090475 0.995899 0.000000
vn 0.000000 1.000000 0.000000
vn 0.107458 0.994210 0.000000
vn 0.360917 0.932598 0.000000
vn 0.624602 0.780943 0.000000
vn 0.827527 0.561426 0.000000
vn 0.854443 0.519545 0.000000
vn 0.788281 0.615315 0.000000
vn 0.644927 0.764244 0.000000
vn 0.376695 0.926337 0.000000
vn -0.030558 0.999533 0.000000
vn -0.472625 0.881264 0.000000
vn -0.823271 0.567648 0.000000
vn -0.963193 0.268809 0.000000
vn -0.997547 0.070000 0.000000
vn -0.999998 -0.002146 -0.000000
vn 0.090479 0.995898 0.000000
vn 0.283458 0.958985 0.000000
vn 0.474367 0.880327 0.000000
vn 0.638599 0.769540 0.000000
vn 0.769279 0.638913 0.000000
vn 0.880503 0.474041 0.000000
vn 0.958973 0.283498 0.000000
vn 0.995891 0.090557 0.000000
vn 1.000000 0.000000 -0.000000
vn 0.995891 -0.090557 -0.000000
vn 0.958920 -0.283678 -0.000000
vn 0.880503 -0.474041 -0.000000
vn 0.769279 -0.638913 -0.000000
vn 0.639015 -0.769194 -0.000000
vn 0.473853 -0.880604 -0.000000
vn 0.284066 -0.958805 -0.000000
vn 0.090472 -0.995899 -0.000000
vn 0.000000 -1.000000 -0.000000
vn 0.141131 -0.989991 -0.000000
vn 0.514326 -0.857595 -0.000000
vn 0.857474 -0.514527 -0.000000
vn 0.989955 -0.141385 -0.000000
vn 1.000000 0.000000 -0.000000
vn 0.995891 -0.090557 -0.000000
vn 0.958973 -0.283498 -0.000000
vn 0.880354 -0.474317 -0.000000
vn 0.769279 -0.638913 -0.000000
vn 0.639015 -0.769194 -0.000000
vn 0.474367 -0.880327 -0.000000
vn 0.283458 -0.958985 -0.000000
vn 0.090472 -0.995899 -0.000000
vn 0.000000 -1.000000 -0.000000
vn -0.090479 -0.995898 -0.000000
vn -0.283458 -0.958985 -0.000000
vn -0.474367 -0.880327 -0.000000
vn -0.638976 -0.769227 -0.000000
vn -0.769279 -0.638913 -0.000000
vn -0.880354 -0.474317 -0.000000
vn -0.958973 -0.283498 -0.000000
vn -0.995891 -0.090557 -0.000000
vn -1.000000 0.000000 -0.000000
vn -0.989955 -0.141385 -0.000000
vn -0.857474 -0.514527 -0.000000
vn -0.514326 -0.857595 -0.000000
vn -0.141119 -0.989993 -0.000000
vn 0.000000 -1.000000 -0.000000
vn -0.090475 -0.995899 -0.000000
vn -0.284055 -0.958808 -0.000000
vn -0.473853 -0.880604 -0.000000
vn -0.639035 -0.769178 -0.000000
vn -0.769279 -0.638913 -0.000000
vn -0.880503 -0.474041 -0.000000
vn -0.958908 -0.283716 -0.000000
vn -0.995895 -0.090518 -0.000000
vn -1.000000 0.000000 -0.000000
vn -0.995891 0.090557 0.000000
vn -0.958962 0.283536 0.000000
vn -0.880503 0.474041 0.000000
vn -0.769299 0.638889 0.000000
vn -0.638657 0.769491 0.000000
vn -0.474367 0.880327 0.000000
vn -0.283447 0.958988 0.000000
vn -0.090475 0.995899 0.000000
vn 0.000000 1.000000 0.000000
vn 0.000000 -0.000000 1.000000
vn 0.000000 0.000000 -1.000000
vn 0.000000 1.000000 0.000000
vn 0.928477 0.371391 0.000000
vn 0.485643 0.874157 0.000000
vn 0.406139 -0.913811 -0.000000
vn 0.961524 -0.274721 -0.000000
vn 0.351124 -0.936329 -0.000000
vn 1.000000 0.000000 -0.000000
vn 0.338719 0.940887 0.000000
vn 0.000000 -1.000000 -0.000000
vn -0.732794 0.680451 0.000000
vn -0.998752 -0.049938 -0.000000
vn -0.993884 0.110431 0.000000
vn 0.000000 -0.000000 1.000000
vn 0.000000 0.000000 -1.000000
vn -0.832050 0.554700 0.000000
vn 0.000000 1.000000 0.000000
vn 0.707107 0.707106 0.000000
vn 0.393919 0.919145 0.000000
vn -0.049938 -0.998752 -0.000000
vn 0.000000 0.000000 -1.000000
vn 0.000000 -0.000000 1.000000
vn 0.000000 1.000000 0.000000
vn -1.000000 0.000000 -0.000000
vn 0.000000 -1.000000 -0.000000
vn 1.000000 0.000000 -0.000000
vn 0.000000 0.000000 -1.000000
vn 0.000000 -0.000000 1.000000
vn 0.274721 0.961524 0.000000
vn -0.961524 0.274721 0.000000
vn -0.274721 -0.961524 -0.000000
vn 0.961524 -0.274721 -0.000000
vn 0.090532 0.995894 0.000000
vn 0.283624 0.958935 0.000000
vn 0.474099 0.880472 0.000000
vn 0.638905 0.769286 0.000000
vn 0.769295 0.638894 0.000000
vn 0.880472 0.474099 0.000000
vn 0.958935 0.283627 0.000000
vn 0.995893 0.090540 0.000000
vn 1.000000 0.000000 -0.000000
vn 0.995894 -0.090532 -0.000000
vn 0.958935 -0.283627 -0.000000
vn 0.880472 -0.474099 -0.000000
vn 0.769290 -0.638899 -0.000000
vn 0.638899 -0.769290 -0.000000
vn 0.474099 -0.880472 -0.000000
vn 0.283624 -0.958935 -0.000000
vn 0.090540 -0.995893 -0.000000
vn 0.000000 -1.000000 -0.000000
vn 0.141427 -0.989949 -0.000000
vn 0.514497 -0.857492 -0.000000
vn 0.857492 -0.514497 -0.000000
vn 0.989949 -0.141425 -0.000000
vn 1.000000 0.000000 -0.000000
vn 0.995894 -0.090532 -0.000000
vn 0.958935 -0.283626 -0.000000
vn 0.880472 -0.474099 -0.000000
vn 0.769285 -0.638906 -0.000000
vn 0.638904 -0.769287 -0.000000
vn 0.474100 -0.880471 -0.000000
vn 0.283627 -0.958935 -0.000000
vn 0.090536 -0.995893 -0.000000
vn 0.000000 -1.000000 -0.000000
vn -0.090535 -0.995893 -0.000000
vn -0.283627 -0.958935 -0.000000
vn -0.474099 -0.880472 -0.000000
vn -0.638903 -0.769288 -0.000000
vn -0.769291 -0.638898 -0.000000
vn -0.880472 -0.474099 -0.000000
vn -0.958934 -0.283628 -0.000000
vn -0.995893 -0.090536 -0.000000
vn -1.000000 0.000000 -0.000000
vn -0.989950 -0.141421 -0.000000
vn -0.857494 -0.514493 -0.000000
vn -0.514499 -0.857491 -0.000000
vn -0.141425 -0.989949 -0.000000
vn 0.000000 -1.000000 -0.000000
vn -0.090532 -0.995894 -0.000000
vn -0.283627 -0.958935 -0.000000
vn -0.474099 -0.880472 -0.000000
vn -0.638909 -0.769282 -0.000000
vn -0.769290 -0.638899 -0.000000
vn -0.880472 -0.474099 -0.000000
vn -0.958935 -0.283627 -0.000000
vn -0.995893 -0.090540 -0.000000
vn -1.000000 0.000000 -0.000000
vn -0.998275 0.058720 0.000000
vn -0.987763 0.155962 0.000000
vn -0.972806 0.231621 0.000000
vn -0.956674 0.291160 0.000000
vn -0.910441 0.413638 0.000000
vn -0.856296 0.516486 0.000000
vn -0.668966 0.743293 0.000000
vn -0.399269 0.916834 0.000000
vn -0.120727 0.992686 0.000000
vn 0.000000 1.000000 0.000000
vn 0.067809 0.997698 0.000000
vn 0.239846 0.970811 0.000000
vn 0.463009 0.886353 0.000000
vn 0.707103 0.707110 0.000000
vn 0.908384 0.418137 0.000000
vn 0.995893 0.090536 0.000000
vn 0.986686 -0.162639 -0.000000
vn 0.943154 -0.332356 -0.000000
vn 0.910526 -0.413453 -0.000000
vn 0.936328 -0.351128 -0.000000
vn 0.992277 -0.124040 -0.000000
vn 0.992277 0.124040 0.000000
vn 0.936328 0.351128 0.000000
vn 0.841181 0.540753 0.000000
vn 0.672668 0.739944 0.000000
vn 0.419064 0.907957 0.000000
vn 0.132159 0.991228 0.000000
vn 0.000000 1.000000 0.000000
vn -0.141425 0.989949 0.000000
vn -0.514499 0.857491 0.000000
vn -0.857494 0.514493 0.000000
vn -0.989949 0.141423 0.000000
vn -1.000000 0.000000 -0.000000
vn -0.995893 0.090536 0.000000
vn -0.958935 0.283627 0.000000
vn -0.880474 0.474095 0.000000
vn -0.769289 0.638901 0.000000
vn -0.638903 0.769288 0.000000
vn -0.474091 0.880476 0.000000
vn -0.283625 0.958935 0.000000
vn -0.090540 0.995893 0.000000
vn 0.000000 1.000000 0.000000
vn 0.090540 0.995893 0.000000
vn 0.283624 0.958935 0.000000
vn 0.474092 0.880476 0.000000
vn 0.638904 0.769287 0.000000
vn 0.769287 0.638904 0.000000
vn 0.880474 0.474095 0.000000
vn 0.958935 0.283624 0.000000
vn 0.995893 0.090540 0.000000
vn 1.000000 0.000000 -0.000000
vn 0.989949 0.141425 0.000000
vn 0.857492 0.514497 0.000000
vn 0.514497 0.857492 0.000000
vn 0.141427 0.989949 0.000000
vn 0.000000 1.000000 0.000000
vn -0.041351 -0.999145 -0.000000
vn -0.131803 -0.991276 -0.000000
vn -0.232056 -0.972703 -0.000000
vn -0.340031 -0.940414 -0.000000
vn -0.449228 -0.893417 -0.000000
vn -0.560154 -0.828388 -0.000000
vn -0.671016 -0.741443 -0.000000
vn -0.773607 -0.633665 -0.000000
vn -0.862601 -0.505885 -0.000000
vn -0.932903 -0.360129 -0.000000
vn -0.977706 -0.209977 -0.000000
vn -0.997781 -0.066585 -0.000000
vn -1.000000 0.000000 -0.000000
vn -0.995891 0.090557 0.000000
vn -0.958973 0.283498 0.000000
vn -0.880503 0.474041 0.000000
vn -0.769240 0.638960 0.000000
vn -0.638677 0.769475 0.000000
vn -0.474367 0.880327 0.000000
vn -0.283458 0.958985 0.000000
vn -0.090472 0.995899 0.000000
vn 0.000000 1.000000 0.000000
vn 0.090479 0.995898 0.000000
vn 0.283458 0.958985 0.000000
vn 0.474367 0.880327 0.000000
vn 0.638599 0.769540 0.000000
vn 0.769279 0.638913 0.000000
vn 0.880503 0.474041 0.000000
vn 0.958973 0.283498 0.000000
vn 0.995891 0.090557 0.000000
vn 1.000000 0.000000 -0.000000
vn 0.993304 0.115531 0.000000
vn 0.933975 0.357338 0.000000
vn 0.817045 0.576573 0.000000
vn 0.670688 0.741739 0.000000
vn 0.512205 0.858863 0.000000
vn 0.342738 0.939431 0.000000
vn 0.188012 0.982167 0.000000
vn 0.056601 0.998397 0.000000
vn -0.056677 0.998393 0.000000
vn -0.192379 0.981321 0.000000
vn -0.358976 0.933347 0.000000
vn -0.547733 0.836653 0.000000
vn -0.716671 0.697412 0.000000
vn -0.852702 0.522398 0.000000
vn -0.950015 0.312204 0.000000
vn -0.995131 0.098564 0.000000
vn -0.996904 -0.078634 -0.000000
vn -0.968539 -0.248863 -0.000000
vn -0.905616 -0.424099 -0.000000
vn -0.810245 -0.586091 -0.000000
vn -0.711765 -0.702418 -0.000000
vn -0.629646 -0.776882 -0.000000
vn -0.553347 -0.832951 -0.000000
vn -0.484368 -0.874865 -0.000000
vn -0.432565 -0.901603 -0.000000
vn -0.401692 -0.915775 -0.000000
vn -0.379572 -0.925162 -0.000000
vn -0.362884 -0.931834 -0.000000
vn -0.354326 -0.935122 -0.000000
vn -0.378260 -0.925699 -0.000000
vn -0.407127 -0.913372 -0.000000
vn -0.442450 -0.896793 -0.000000
vn -0.510772 -0.859716 -0.000000
vn -0.603484 -0.797375 -0.000000
vn -0.690080 -0.723733 -0.000000
vn -0.767070 -0.641564 -0.000000
vn -0.851616 -0.524166 -0.000000
vn -0.930431 -0.366466 -0.000000
vn -0.977854 -0.209289 -0.000000
vn -0.997882 -0.065054 -0.000000
vn -0.995428 0.095514 0.000000
vn -0.951373 0.308042 0.000000
vn -0.851216 0.524815 0.000000
vn -0.704711 0.709495 0.000000
vn -0.540990 0.841029 0.000000
vn -0.369651 0.929171 0.000000
vn -0.205931 0.978567 0.000000
vn -0.062634 0.998037 0.000000
vn 0.044632 0.999003 0.000000
vn 0.140997 0.990010 0.000000
vn 0.245914 0.969292 0.000000
vn 0.356157 0.934426 0.000000
vn 0.465447 0.885076 0.000000
vn 0.574948 0.818190 0.000000
vn 0.682520 0.730867 0.000000
vn 0.780542 0.625103 0.000000
vn 0.865197 0.501432 0.000000
vn 0.933204 0.359348 0.000000
vn 0.977463 0.211109 0.000000
vn 0.997724 0.067425 0.000000
vn 1.000000 0.000000 -0.000000
vn 0.995895 -0.090518 -0.000000
vn 0.958920 -0.283678 -0.000000
vn 0.880503 -0.474041 -0.000000
vn 0.769259 -0.638937 -0.000000
vn 0.639035 -0.769178 -0.000000
vn 0.473853 -0.880604 -0.000000
vn 0.283447 -0.958988 -0.000000
vn 0.091103 -0.995842 -0.000000
vn 0.000000 -1.000000 -0.000000
vn -0.091106 -0.995841 -0.000000
vn -0.283458 -0.958985 -0.000000
vn -0.473853 -0.880604 -0.000000
vn -0.639015 -0.769194 -0.000000
vn -0.769240 -0.638960 -0.000000
vn -0.880503 -0.474041 -0.000000
vn -0.958920 -0.283678 -0.000000
vn -0.995891 -0.090557 -0.000000
vn -1.000000 0.000000 -0.000000
vn -0.994377 -0.105896 -0.000000
vn -0.944628 -0.328143 -0.000000
vn -0.844474 -0.535597 -0.000000
vn -0.713578 -0.700576 -0.000000
vn -0.558933 -0.829213 -0.000000
vn -0.379233 -0.925301 -0.000000
vn -0.209296 -0.977852 -0.000000
vn -0.063054 -0.998010 -0.000000
vn 0.055308 -0.998469 -0.000000
vn 0.185014 -0.982736 -0.000000
vn 0.340504 -0.940243 -0.000000
vn 0.514290 -0.857616 -0.000000
vn 0.689080 -0.724686 -0.000000
vn 0.845027 -0.534724 -0.000000
vn 0.950205 -0.311626 -0.000000
vn 0.995403 -0.095777 -0.000000
vn 0.997569 0.069693 0.000000
vn 0.974154 0.225884 0.000000
vn 0.917865 0.396894 0.000000
vn 0.824179 0.566329 0.000000
vn 0.717873 0.696175 0.000000
vn 0.626569 0.779366 0.000000
vn 0.543001 0.839732 0.000000
vn 0.469168 0.883109 0.000000
vn 0.414440 0.910077 0.000000
vn 0.382599 0.923915 0.000000
vn 0.360341 0.932821 0.000000
vn 0.343910 0.939003 0.000000
vn 0.364248 0.931302 0.000000
vn 0.384554 0.923102 0.000000
vn 0.409517 0.912302 0.000000
vn 0.440861 0.897576 0.000000
vn 0.508099 0.861299 0.000000
vn 0.600874 0.799344 0.000000
vn 0.685319 0.728243 0.000000
vn 0.759074 0.651004 0.000000
vn 0.843665 0.536870 0.000000
vn 0.926153 0.377148 0.000000
vn 0.976382 0.216053 0.000000
vn 0.997736 0.067253 0.000000
vn 0.995294 -0.096905 -0.000000
vn 0.950310 -0.311306 -0.000000
vn 0.849329 -0.527865 -0.000000
vn 0.703666 -0.710531 -0.000000
vn 0.538512 -0.842618 -0.000000
vn 0.364285 -0.931288 -0.000000
vn 0.201079 -0.979575 -0.000000
vn 0.060705 -0.998156 -0.000000
vn 0.995895 -0.090518 -0.000000
vn 0.958920 -0.283678 -0.000000
vn 0.880520 -0.474008 -0.000000
vn 0.769240 -0.638960 -0.000000
vn 0.639015 -0.769194 -0.000000
vn 0.473853 -0.880604 -0.000000
vn 0.283447 -0.958988 -0.000000
vn 0.091103 -0.995842 -0.000000
vn 0.000000 -1.000000 -0.000000
vn 0.141131 -0.989991 -0.000000
vn 0.514326 -0.857595 -0.000000
vn 0.857474 -0.514527 -0.000000
vn 0.989949 -0.141427 -0.000000
vn 1.000000 0.000000 -0.000000
vn 0.989949 0.141427 0.000000
vn 0.857474 0.514527 0.000000
vn 0.514326 0.857595 0.000000
vn 0.141809 0.989894 0.000000
vn 0.000000 1.000000 0.000000
vn 0.090475 0.995899 0.000000
vn 0.283447 0.958988 0.000000
vn 0.473853 0.880604 0.000000
vn 0.639015 0.769194 0.000000
vn 0.769279 0.638913 0.000000
vn 0.880503 0.474041 0.000000
vn 0.958908 0.283716 0.000000
vn 0.995895 0.090518 0.000000
vn 1.000000 0.000000 -0.000000
vn 0.995891 -0.090557 -0.000000
vn 0.958962 -0.283536 -0.000000
vn 0.880503 -0.474041 -0.000000
vn 0.769299 -0.638889 -0.000000
vn 0.638638 -0.769507 -0.000000
vn 0.474367 -0.880327 -0.000000
vn 0.283458 -0.958985 -0.000000
vn 0.090472 -0.995899 -0.000000
vn 0.000000 -1.000000 -0.000000
vn 0.141809 -0.989894 -0.000000
vn 0.514326 -0.857595 -0.000000
vn 0.857474 -0.514527 -0.000000
vn 0.989949 -0.141427 -0.000000
vn 1.000000 0.000000 -0.000000
vn 0.989949 0.141427 0.000000
vn 0.857696 0.514157 0.000000
vn 0.514326 0.857595 0.000000
vn 0.141131 0.989991 0.000000
vn 0.000000 1.000000 0.000000
vn 0.090475 0.995899 0.000000
vn 0.284055 0.958808 0.000000
vn 0.473853 0.880604 0.000000
vn 0.639015 0.769194 0.000000
vn 0.769259 0.638937 0.000000
vn 0.880520 0.474008 0.000000
vn 0.958920 0.283678 0.000000
vn 0.995891 0.090557 0.000000
vn 1.000000 0.000000 -0.000000
vn 0.995895 -0.090518 -0.000000
vn 0.958973 -0.283498 -0.000000
vn 0.880371 -0.474285 -0.000000
vn 0.769240 -0.638960 -0.000000
vn 0.639015 -0.769194 -0.000000
vn 0.474367 -0.880327 -0.000000
vn 0.283447 -0.958988 -0.000000
vn 0.090475 -0.995899 -0.000000
vn 0.000000 -1.000000 -0.000000
vn -0.090479 -0.995898 -0.000000
vn -0.283458 -0.958985 -0.000000
vn -0.474367 -0.880327 -0.000000
vn -0.638996 -0.769210 -0.000000
vn -0.769259 -0.638937 -0.000000
vn -0.880371 -0.474285 -0.000000
vn -0.958973 -0.283498 -0.000000
vn -0.995891 -0.090557 -0.000000
vn -1.000000 0.000000 -0.000000
vn -0.995895 0.090518 0.000000
vn -0.958973 0.283498 0.000000
vn -0.880520 0.474008 0.000000
vn -0.769240 0.638960 0.000000
vn -0.638638 0.769507 0.000000
vn -0.474367 0.880327 0.000000
vn -0.283458 0.958985 0.000000
vn -0.090475 0.995899 0.000000
vn 0.000000 1.000000 0.000000
vn 0.090475 0.995899 0.000000
vn 0.283447 0.958988 0.000000
vn 0.474367 0.880327 0.000000
vn 0.638638 0.769507 0.000000
vn 0.769259 0.638937 0.000000
vn 0.880520 0.474008 0.000000
vn 0.958973 0.283498 0.000000
vn 0.995891 0.090557 0.000000
vn 1.000000 0.000000 -0.000000
vn -0.120744 -0.992684 -0.000000
vn -0.399298 -0.916821 -0.000000
vn -0.669000 -0.743263 -0.000000
vn -0.856225 -0.516603 -0.000000
vn -0.909065 -0.416653 -0.000000
vn -0.841234 -0.540672 -0.000000
vn -0.672358 -0.740226 -0.000000
vn -0.419329 -0.907834 -0.000000
vn -0.131734 -0.991285 -0.000000
vn 0.000000 -1.000000 -0.000000
vn 0.141131 -0.989991 -0.000000
vn 0.514326 -0.857595 -0.000000
vn 0.857474 -0.514527 -0.000000
vn 0.989952 -0.141406 -0.000000
vn 1.000000 0.000000 -0.000000
vn 0.995893 -0.090538 -0.000000
vn 0.958962 -0.283536 -0.000000
vn 0.880363 -0.474301 -0.000000
vn 0.769269 -0.638925 -0.000000
vn 0.639015 -0.769194 -0.000000
vn 0.474367 -0.880327 -0.000000
vn 0.283453 -0.958986 -0.000000
vn 0.090475 -0.995899 -0.000000
vn 0.000000 -1.000000 -0.000000
vn -0.090475 -0.995899 -0.000000
vn -0.283458 -0.958985 -0.000000
vn -0.474367 -0.880327 -0.000000
vn -0.639015 -0.769194 -0.000000
vn -0.769259 -0.638937 -0.000000
vn -0.880354 -0.474317 -0.000000
vn -0.958962 -0.283536 -0.000000
vn -0.995895 -0.090518 -0.000000
vn -1.000000 0.000000 -0.000000
vn -0.995891 0.090557 0.000000
vn -0.958962 0.283536 0.000000
vn -0.880503 0.474041 0.000000
vn -0.769279 0.638913 0.000000
vn -0.638638 0.769507 0.000000
vn -0.474367 0.880327 0.000000
vn -0.283458 0.958985 0.000000
vn -0.090475 0.995899 0.000000
vn 0.000000 1.000000 0.000000
vn 0.053691 0.998558 0.000000
vn 0.169072 0.985604 0.000000
vn 0.291763 0.956491 0.000000
vn 0.416176 0.909284 0.000000
vn 0.535331 0.844642 0.000000
vn 0.648979 0.760806 0.000000
vn 0.751838 0.659348 0.000000
vn 0.837506 0.546429 0.000000
vn 0.904285 0.426929 0.000000
vn 0.953757 0.300578 0.000000
vn 0.984614 0.174743 0.000000
vn 0.998451 0.055647 0.000000
vn 0.997777 -0.066644 -0.000000
vn 0.977230 -0.212182 -0.000000
vn 0.930111 -0.367280 -0.000000
vn 0.854333 -0.519725 -0.000000
vn 0.754872 -0.655872 -0.000000
vn 0.632777 -0.774334 -0.000000
vn 0.495553 -0.868578 -0.000000
vn 0.355971 -0.934497 -0.000000
vn 0.132534 -0.991179 -0.000000
vn 0.418625 -0.908159 -0.000000
vn 0.672821 -0.739805 -0.000000
vn 0.841008 -0.541022 -0.000000
vn 0.936300 -0.351202 -0.000000
vn 0.992295 -0.123895 -0.000000
vn 0.992272 0.124081 0.000000
vn 0.936300 0.351202 0.000000
vn 0.899925 0.436045 0.000000
vn 0.906110 0.423042 0.000000
vn 0.933346 0.358977 0.000000
vn 0.964807 0.262960 0.000000
vn 0.993883 0.110436 0.000000
vn 0.981240 -0.192790 -0.000000
vn 0.771492 -0.636239 -0.000000
vn 0.399865 -0.916574 -0.000000
vn 0.103315 -0.994649 -0.000000
vn 0.000000 -1.000000 -0.000000
vn 0.141131 -0.989991 -0.000000
vn 0.514326 -0.857595 -0.000000
vn 0.857474 -0.514527 -0.000000
vn 0.989952 -0.141406 -0.000000
vn 1.000000 0.000000 -0.000000
vn 0.989952 0.141406 0.000000
vn 0.857474 0.514527 0.000000
vn 0.514326 0.857595 0.000000
vn 0.141131 0.989991 0.000000
vn 0.000000 1.000000 0.000000
vn -0.077725 0.996975 0.000000
vn -0.251838 0.967769 0.000000
vn -0.439238 0.898371 0.000000
vn -0.616908 0.787035 0.000000
vn -0.766558 0.642175 0.000000
vn -0.887117 0.461544 0.000000
vn -0.963928 0.266162 0.000000
vn -0.996612 0.082241 0.000000
vn -0.996622 -0.082124 -0.000000
vn -0.964244 -0.265016 -0.000000
vn -0.888763 -0.458367 -0.000000
vn -0.770988 -0.636849 -0.000000
vn -0.623587 -0.781754 -0.000000
vn -0.445351 -0.895356 -0.000000
vn -0.256015 -0.966673 -0.000000
vn -0.079051 -0.996871 -0.000000
vn 0.000000 -1.000000 -0.000000
vn -0.050618 -0.998718 -0.000000
vn -0.159986 -0.987119 -0.000000
vn -0.277850 -0.960624 -0.000000
vn -0.399369 -0.916790 -0.000000
vn -0.518165 -0.855281 -0.000000
vn -0.633521 -0.773726 -0.000000
vn -0.739842 -0.672781 -0.000000
vn -0.829858 -0.557975 -0.000000
vn -0.899977 -0.435937 -0.000000
vn -0.951616 -0.307289 -0.000000
vn -0.983901 -0.178717 -0.000000
vn -0.998380 -0.056894 -0.000000
vn -1.000000 0.000000 -0.000000
vn -0.998418 0.056224 0.000000
vn -0.984113 0.177543 0.000000
vn -0.951712 0.306991 0.000000
vn -0.899019 0.437910 0.000000
vn -0.827604 0.561312 0.000000
vn -0.737498 0.675349 0.000000
vn -0.631687 0.775223 0.000000
vn -0.517417 0.855733 0.000000
vn -0.399409 0.916773 0.000000
vn -0.277808 0.960637 0.000000
vn -0.159986 0.987119 0.000000
vn -0.050660 0.998716 0.000000
vn 0.050429 0.998728 0.000000
vn 0.159204 0.987246 0.000000
vn 0.276217 0.961095 0.000000
vn 0.396882 0.917870 0.000000
vn 0.510194 0.860059 0.000000
vn 0.617774 0.786356 0.000000
vn 0.720335 0.693626 0.000000
vn 0.810917 0.585162 0.000000
vn 0.885239 0.465137 0.000000
vn 0.942948 0.332940 0.000000
vn 0.980582 0.196111 0.000000
vn 0.998013 0.063012 0.000000
vn 1.000000 0.000000 -0.000000
vn 0.995893 -0.090538 -0.000000
vn 0.958914 -0.283697 -0.000000
vn 0.880507 -0.474033 -0.000000
vn 0.769259 -0.638937 -0.000000
vn 0.639025 -0.769186 -0.000000
vn 0.473853 -0.880604 -0.000000
vn 0.283453 -0.958986 -0.000000
vn 0.090474 -0.995899 -0.000000
vn 0.000000 -1.000000 -0.000000
vn -0.090475 -0.995899 -0.000000
vn -0.283453 -0.958986 -0.000000
vn -0.473853 -0.880604 -0.000000
vn -0.639023 -0.769188 -0.000000
vn -0.769257 -0.638940 -0.000000
vn -0.880505 -0.474037 -0.000000
vn -0.958913 -0.283701 -0.000000
vn -0.995893 -0.090538 -0.000000
vn -1.000000 0.000000 -0.000000
vn -0.996118 -0.088032 -0.000000
vn -0.959910 -0.280309 -0.000000
vn -0.879349 -0.476178 -0.000000
vn -0.760228 -0.649656 -0.000000
vn -0.612131 -0.790757 -0.000000
vn -0.431856 -0.901943 -0.000000
vn -0.245566 -0.969380 -0.000000
vn -0.075300 -0.997161 -0.000000
vn 0.078458 -0.996917 -0.000000
vn 0.254503 -0.967072 -0.000000
vn 0.444315 -0.895871 -0.000000
vn 0.623948 -0.781466 -0.000000
vn 0.772915 -0.634509 -0.000000
vn 0.890714 -0.454564 -0.000000
vn 0.965169 -0.261626 -0.000000
vn 0.996732 -0.080786 -0.000000
vn 1.000000 0.000000 -0.000000
vn 0.996370 0.085127 0.000000
vn 0.961527 0.274711 0.000000
vn 0.880669 0.473732 0.000000
vn 0.756198 0.654342 0.000000
vn 0.606434 0.795134 0.000000
vn 0.431977 0.901885 0.000000
vn 0.248408 0.968655 0.000000
vn 0.076974 0.997033 0.000000
vn -0.069148 0.997606 0.000000
vn -0.228052 0.973649 0.000000
vn -0.407921 0.913017 0.000000
vn -0.590314 0.807174 0.000000
vn -0.751991 0.659173 0.000000
vn -0.881794 0.471634 0.000000
vn -0.962937 0.269726 0.000000
vn -0.996587 0.082553 0.000000
vn -1.000000 0.000000 -0.000000
vn -0.989949 -0.141422 -0.000000
vn -0.857466 -0.514541 -0.000000
vn -0.514329 -0.857593 -0.000000
vn -0.141813 -0.989894 -0.000000
vn 0.000000 -1.000000 -0.000000
vn -0.090475 -0.995899 -0.000000
vn -0.283452 -0.958987 -0.000000
vn -0.474365 -0.880328 -0.000000
vn -0.638645 -0.769501 -0.000000
vn -0.769261 -0.638935 -0.000000
vn -0.880507 -0.474034 -0.000000
vn -0.958913 -0.283701 -0.000000
vn -0.995898 -0.090483 -0.000000
vn -1.000000 0.000000 -0.000000
vn -0.995893 0.090539 0.000000
vn -0.958966 0.283523 0.000000
vn -0.880358 0.474310 0.000000
vn -0.769521 0.638622 0.000000
vn -0.638645 0.769501 0.000000
vn -0.474365 0.880328 0.000000
vn -0.283452 0.958987 0.000000
vn -0.090475 0.995899 0.000000
vn 0.000000 1.000000 0.000000
vn 0.090475 0.995899 0.000000
vn 0.283453 0.958986 0.000000
vn 0.474367 0.880327 0.000000
vn 0.638643 0.769503 0.000000
vn 0.769520 0.638623 0.000000
vn 0.880358 0.474309 0.000000
vn 0.958967 0.283517 0.000000
vn 0.995893 0.090538 0.000000
vn 1.000000 0.000000 -0.000000
vn 0.996997 -0.077442 -0.000000
vn 0.966871 -0.255267 -0.000000
vn 0.891726 -0.452575 -0.000000
vn 0.765984 -0.642860 -0.000000
vn 0.607035 -0.794675 -0.000000
vn 0.426049 -0.904700 -0.000000
vn 0.241208 -0.970473 -0.000000
vn 0.073727 -0.997279 -0.000000
vn 0.995895 -0.090518 -0.000000
vn 0.958920 -0.283678 -0.000000
vn 0.880520 -0.474008 -0.000000
vn 0.769240 -0.638960 -0.000000
vn 0.639015 -0.769194 -0.000000
vn 0.473853 -0.880604 -0.000000
vn 0.283447 -0.958988 -0.000000
vn 0.091103 -0.995842 -0.000000
vn 0.000000 -1.000000 -0.000000
vn 0.141134 -0.989991 -0.000000
vn 0.514326 -0.857595 -0.000000
vn 0.857463 -0.514546 -0.000000
vn 0.989952 -0.141406 -0.000000
vn 1.000000 0.000000 -0.000000
vn 0.989949 0.141427 0.000000
vn 0.857463 0.514546 0.000000
vn 0.514326 0.857595 0.000000
vn 0.141815 0.989893 0.000000
vn 0.000000 1.000000 0.000000
vn 0.090477 0.995899 0.000000
vn 0.283458 0.958985 0.000000
vn 0.473853 0.880604 0.000000
vn 0.639006 0.769202 0.000000
vn 0.769269 0.638925 0.000000
vn 0.880503 0.474041 0.000000
vn 0.958908 0.283716 0.000000
vn 0.995893 0.090538 0.000000
vn 1.000000 0.000000 -0.000000
vn 0.995893 -0.090538 -0.000000
vn 0.958962 -0.283536 -0.000000
vn 0.880503 -0.474041 -0.000000
vn 0.769269 -0.638925 -0.000000
vn 0.638638 -0.769507 -0.000000
vn 0.474367 -0.880327 -0.000000
vn 0.283458 -0.958985 -0.000000
vn 0.090475 -0.995899 -0.000000
vn 0.000000 -1.000000 -0.000000
vn 0.141812 -0.989894 -0.000000
vn 0.514326 -0.857595 -0.000000
vn 0.857463 -0.514546 -0.000000
vn 0.989952 -0.141406 -0.000000
vn 1.000000 0.000000 -0.000000
vn 0.989949 0.141427 0.000000
vn 0.857685 0.514176 0.000000
vn 0.514326 0.857595 0.000000
vn 0.141137 0.989990 0.000000
vn 0.000000 1.000000 0.000000
vn 0.090475 0.995899 0.000000
vn 0.284055 0.958808 0.000000
vn 0.473853 0.880604 0.000000
vn 0.639015 0.769194 0.000000
vn 0.769259 0.638937 0.000000
vn 0.880520 0.474008 0.000000
vn 0.958920 0.283678 0.000000
vn 0.995891 0.090557 0.000000
vn 1.000000 0.000000 -0.000000
vn 0.995895 -0.090518 -0.000000
vn 0.958973 -0.283498 -0.000000
vn 0.880371 -0.474285 -0.000000
vn 0.769240 -0.638960 -0.000000
vn 0.639015 -0.769194 -0.000000
vn 0.474367 -0.880327 -0.000000
vn 0.283447 -0.958988 -0.000000
vn 0.090475 -0.995899 -0.000000
vn 0.000000 -1.000000 -0.000000
vn -0.090475 -0.995899 -0.000000
vn -0.283453 -0.958986 -0.000000
vn -0.474367 -0.880327 -0.000000
vn -0.639025 -0.769186 -0.000000
vn -0.769259 -0.638937 -0.000000
vn -0.880354 -0.474317 -0.000000
vn -0.958964 -0.283526 -0.000000
vn -0.995893 -0.090538 -0.000000
vn -1.000000 0.000000 -0.000000
vn -0.995893 0.090538 0.000000
vn -0.958964 0.283526 0.000000
vn -0.880503 0.474041 0.000000
vn -0.769259 0.638937 0.000000
vn -0.638648 0.769499 0.000000
vn -0.474367 0.880327 0.000000
vn -0.283453 0.958986 0.000000
vn -0.090475 0.995899 0.000000
vn 0.000000 1.000000 0.000000
vn 0.090475 0.995899 0.000000
vn 0.283447 0.958988 0.000000
vn 0.474367 0.880327 0.000000
vn 0.638638 0.769507 0.000000
vn 0.769259 0.638937 0.000000
vn 0.880520 0.474008 0.000000
vn 0.958973 0.283498 0.000000
vn 0.995891 0.090557 0.000000
vn 1.000000 0.000000 -0.000000
vn -0.995891 0.090557 0.000000
vn -0.958962 0.283536 0.000000
vn -0.880503 0.474041 0.000000
vn -0.769259 0.638937 0.000000
vn -0.638657 0.769491 0.000000
vn -0.474367 0.880327 0.000000
vn -0.283447 0.958988 0.000000
vn -0.090475 0.995899 0.000000
vn 0.000000 1.000000 0.000000
vn 0.090479 0.995898 0.000000
vn 0.283458 0.958985 0.000000
vn 0.474367 0.880327 0.000000
vn 0.638618 0.769524 0.000000
vn 0.769279 0.638913 0.000000
vn 0.880503 0.474041 0.000000
vn 0.958962 0.283536 0.000000
vn 0.995895 0.090518 0.000000
vn 1.000000 0.000000 -0.000000
vn 0.995891 -0.090557 -0.000000
vn 0.958962 -0.283536 -0.000000
vn 0.880354 -0.474317 -0.000000
vn 0.769299 -0.638889 -0.000000
vn 0.639015 -0.769194 -0.000000
vn 0.474367 -0.880327 -0.000000
vn 0.283458 -0.958985 -0.000000
vn 0.090475 -0.995899 -0.000000
vn 0.000000 -1.000000 -0.000000
vn -0.107458 -0.994210 -0.000000
vn -0.360917 -0.932598 -0.000000
vn -0.624835 -0.780757 -0.000000
vn -0.827413 -0.561594 -0.000000
vn -0.853640 -0.520864 -0.000000
vn -0.788281 -0.615315 -0.000000
vn -0.644927 -0.764244 -0.000000
vn -0.375479 -0.926831 -0.000000
vn 0.030558 -0.999533 -0.000000
vn 0.472665 -0.881242 -0.000000
vn 0.822823 -0.568297 -0.000000
vn 0.963272 -0.268526 -0.000000
vn 0.997547 -0.070000 -0.000000
vn 0.999991 0.004292 0.000000
vn 0.995891 -0.090557 -0.000000
vn 0.958962 -0.283536 -0.000000
vn 0.880354 -0.474317 -0.000000
vn 0.769279 -0.638913 -0.000000
vn 0.639015 -0.769194 -0.000000
vn 0.474367 -0.880327 -0.000000
vn 0.283458 -0.958985 -0.000000
vn 0.090475 -0.995899 -0.000000
vn 0.000000 -1.000000 -0.000000
vn -0.090475 -0.995899 -0.000000
vn -0.283458 -0.958985 -0.000000
vn -0.474367 -0.880327 -0.000000
vn -0.639015 -0.769194 -0.000000
vn -0.769259 -0.638937 -0.000000
vn -0.880354 -0.474317 -0.000000
vn -0.958962 -0.283536 -0.000000
vn -0.995895 -0.090518 -0.000000
vn -1.000000 0.000000 -0.000000
vn -0.995891 0.090557 0.000000
vn -0.958962 0.283536 0.000000
vn -0.880503 0.474041 0.000000
vn -0.769279 0.638913 0.000000
vn -0.638638 0.769507 0.000000
vn -0.474367 0.880327 0.000000
vn -0.283458 0.958985 0.000000
vn -0.090475 0.995899 0.000000
vn 0.000000 1.000000 0.000000
vn 0.107458 0.994210 0.000000
vn 0.360917 0.932598 0.000000
vn 0.624602 0.780943 0.000000
vn 0.827527 0.561426 0.000000
vn 0.854443 0.519545 0.000000
vn 0.788281 0.615315 0.000000
vn 0.644927 0.764244 0.000000
vn 0.376695 0.926337 0.000000
vn -0.030558 0.999533 0.000000
vn -0.472625 0.881264 0.000000
vn -0.823271 0.567648 0.000000
vn -0.963193 0.268809 0.000000
vn -0.997547 0.070000 0.000000
vn -0.999998 -0.002146 -0.000000
vn 0.090479 0.995898 0.000000
vn 0.283458 0.958985 0.000000
vn 0.474367 0.880327 0.000000
vn 0.638599 0.769540 0.000000
vn 0.769279 0.638913 0.000000
vn 0.880503 0.474041 0.000000
vn 0.958973 0.283498 0.000000
vn 0.995891 0.090557 0.000000
vn 1.000000 0.000000 -0.000000
vn 0.995891 -0.090557 -0.000000
vn 0.958920 -0.283678 -0.000000
vn 0.880503 -0.474041 -0.000000
vn 0.769279 -0.638913 -0.000000
vn 0.639015 -0.769194 -0.000000
vn 0.473853 -0.880604 -0.000000
vn 0.284066 -0.958805 -0.000000
vn 0.090472 -0.995899 -0.000000
vn 0.000000 -1.000000 -0.000000
vn 0.141131 -0.989991 -0.000000
vn 0.514326 -0.857595 -0.000000
vn 0.857474 -0.514527 -0.000000
vn 0.989955 -0.141385 -0.000000
vn 1.000000 0.000000 -0.000000
vn 0.995891 -0.090557 -0.000000
vn 0.958973 -0.283498 -0.000000
vn 0.880354 -0.474317 -0.000000
vn 0.769279 -0.638913 -0.000000
vn 0.639015 -0.769194 -0.000000
vn 0.474367 -0.880327 -0.000000
vn 0.283458 -0.958985 -0.000000
vn 0.090472 -0.995899 -0.000000
vn 0.000000 -1.000000 -0.000000
vn -0.090479 -0.995898 -0.000000
vn -0.283458 -0.958985 -0.000000
vn -0.474367 -0.880327 -0.000000
vn -0.638976 -0.769227 -0.000000
vn -0.769279 -0.638913 -0.000000
vn -0.880354 -0.474317 -0.000000
vn -0.958973 -0.283498 -0.000000
vn -0.995891 -0.090557 -0.000000
vn -1.000000 0.000000 -0.000000
vn -0.989955 -0.141385 -0.000000
vn -0.857474 -0.514527 -0.000000
vn -0.514326 -0.857595 -0.000000
vn -0.141119 -0.989993 -0.000000
vn 0.000000 -1.000000 -0.000000
vn -0.090475 -0.995899 -0.000000
vn -0.284055 -0.958808 -0.000000
vn -0.473853 -0.880604 -0.000000
vn -0.639035 -0.769178 -0.000000
vn -0.769279 -0.638913 -0.000000
vn -0.880503 -0.474041 -0.000000
vn -0.958908 -0.283716 -0.000000
vn -0.995895 -0.090518 -0.000000
vn -1.000000 0.000000 -0.000000
vn -0.995891 0.090557 0.000000
vn -0.958962 0.283536 0.000000
vn -0.880503 0.474041 0.000000
vn -0.769299 0.638889 0.000000
vn -0.638657 0.769491 0.000000
vn -0.474367 0.880327 0.000000
vn -0.283447 0.958988 0.000000
vn -0.090475 0.995899 0.000000
vn 0.000000 1.000000 0.000000
vn 0.000000 0.000000 1.000000
vn 0.000000 -0.000000 1.000000
vn 0.000000 -0.000000 1.000000
vn 0.000000 -0.000000 1.000000
vn 0.000000 -0.000000 1.000000
vn 0.000000 0.000000 1.000000
vn -0.000000 0.000000 1.000000
vn 0.000000 -0.000000 1.000000
vn 0.000000 -0.000000 1.000000
vn 0.000000 -0.000000 -1.000000
vn 0.000000 -0.000000 -1.000000
vn -0.000000 0.000000 -1.000000
vn 0.000000 0.000000 -1.000000
vn 0.000000 0.000000 -1.000000
vn 0.000000 0.000000 -1.000000
vn -0.000000 -0.000000 -1.000000
vn 0.000000 0.000000 -1.000000
vn 0.000000 0.000000 -1.000000
vn 0.000000 1.000000 0.000000
vn 0.928477 0.371391 0.000000
vn 0.485643 0.874157 0.000000
vn 0.406139 -0.913811 -0.000000
vn 0.961524 -0.274721 -0.000000
vn 0.351124 -0.936329 -0.000000
vn 1.000000 0.000000 -0.000000
vn 0.338719 0.940887 0.000000
vn 0.000000 -1.000000 -0.000000
vn -0.732794 0.680451 0.000000
vn -0.998752 -0.049938 -0.000000
vn -0.993884 0.110431 0.000000
vn 0.000000 -0.000000 1.000000
vn 0.000000 -0.000000 1.000000
vn 0.000000 0.000000 -1.000000
vn 0.000000 0.000000 -1.000000
vn -0.832050 0.554700 0.000000
vn 0.000000 1.000000 0.000000
vn 0.707107 0.707106 0.000000
vn 0.393919 0.919145 0.000000
vn -0.049938 -0.998752 -0.000000
vn 0.000000 0.000000 -1.000000
vn 0.000000 -0.000000 1.000000
vn 0.000000 1.000000 0.000000
vn -1.000000 0.000000 -0.000000
vn 0.000000 -1.000000 -0.000000
vn 1.000000 0.000000 -0.000000
vn 0.000000 0.000000 -1.000000
vn 0.000000 -0.000000 1.000000
vn 0.274721 0.961524 0.000000
vn -0.961524 0.274721 0.000000
vn -0.274721 -0.961524 -0.000000
vn 0.961524 -0.274721 -0.000000
f 64//1 66//1 65//1
f 64//2 67//2 66//2
f 64//3 68//3 67//3
f 63//4 68//4 64//4
f 63//5 69//5 68//5
f 63//6 70//6 69//6
f 62//7 70//7 63//7
f 62//8 71//8 70//8
f 61//9 71//9 62//9
f 61//10 72//10 71//10
f 61//11 73//11 72//11
f 60//12 73//12 61//12
f 60//13 74//13 73//13
f 60//14 75//14 74//14
f 96//15 98//15 97//15
f 96//16 99//16 98//16
f 95//17 99//17 96//17
f 95//18 100//18 99//18
f 94//19 100//19 95//19
f 94//20 101//20 100//20
f 93//21 101//21 94//21
f 93//22 102//22 101//22
f 92//23 102//23 93//23
f 92//24 103//24 102//24
f 91//25 103//25 92//25
f 91//26 104//26 103//26
f 90//27 104//27 91//27
f 90//28 105//28 104//28
f 89//29 105//29 90//29
f 89//30 106//30 105//30
f 88//31 106//31 89//31
f 88//32 107//32 106//32
f 60//33 76//33 75//33
f 60//34 77//34 76//34
f 87//35 107//35 88//35
f 87//36 108//36 107//36
f 60//37 78//37 77//37
f 60//38 79//38 78//38
f 86//39 108//39 87//39
f 86//40 109//40 108//40
f 60//41 80//41 79//41
f 85//42 109//42 86//42
f 85//43 110//43 109//43
f 60//44 81//44 80//44
f 60//45 82//45 81//45
f 84//46 110//46 85//46
f 84//47 111//47 110//47
f 60//48 83//48 82//48
f 60//49 84//49 83//49
f 60//50 111//50 84//50
f 60//51 1//51 111//51
f 60//52 2//52 1//52
f 60//53 3//53 2//53
f 60//54 4//54 3//54
f 60//55 5//55 4//55
f 60//56 6//56 5//56
f 60//57 7//57 6//57
f 60//58 8//58 7//58
f 60//59 9//59 8//59
f 60//60 10//60 9//60
f 59//61 10//61 60//61
f 58//62 10//62 59//62
f 57//63 10//63 58//63
f 56//64 10//64 57//64
f 55//65 10//65 56//65
f 54//66 10//66 55//66
f 54//67 11//67 10//67
f 53//68 11//68 54//68
f 53//69 12//69 11//69
f 52//70 12//70 53//70
f 52//71 13//71 12//71
f 51//72 13//72 52//72
f 51//73 14//73 13//73
f 50//74 14//74 51//74
f 50//75 15//75 14//75
f 50//76 16//76 15//76
f 49//77 16//77 50//77
f 49//78 17//78 16//78
f 48//79 17//79 49//79
f 48//80 18//80 17//80
f 47//81 18//81 48//81
f 46//82 18//82 47//82
f 45//83 19//83 46//83
f 19//84 18//84 46//84
f 45//85 20//85 19//85
f 44//86 20//86 45//86
f 44//87 21//87 20//87
f 43//88 21//88 44//88
f 43//89 22//89 21//89
f 42//90 22//90 43//90
f 42//91 23//91 22//91
f 41//92 23//92 42//92
f 41//93 24//93 23//93
f 40//94 24//94 41//94
f 40//95 25//95 24//95
f 39//96 25//96 40//96
f 39//97 26//97 25//97
f 38//98 26//98 39//98
f 38//99 27//99 26//99
f 38//100 28//100 27//100
f 37//101 28//101 38//101
f 36//102 28//102 37//102
f 36//103 29//103 28//103
f 35//104 29//104 36//104
f 35//105 30//105 29//105
f 35//106 31//106 30//106
f 34//107 31//107 35//107
f 34//108 32//108 31//108
f 33//109 32//109 34//109
f 175//110 176//110 177//110
f 175//111 177//111 178//111
f 175//112 178//112 179//112
f 174//113 175//113 179//113
f 174//114 179//114 180//114
f 174//115 180//115 181//115
f 173//116 174//116 181//116
f 173//117 181//117 182//117
f 172//118 173//118 182//118
f 172//119 182//119 183//119
f 172//120 183//120 184//120
f 171//121 172//121 184//121
f 171//122 184//122 185//122
f 171//123 185//123 186//123
f 207//124 208//124 209//124
f 207//125 209//125 210//125
f 206//126 207//126 210//126
f 206//127 210//127 211//127
f 205//128 206//128 211//128
f 205//129 211//129 212//129
f 204//130 205//130 212//130
f 204//131 212//131 213//131
f 203//132 204//132 213//132
f 203//133 213//133 214//133
f 202//134 203//134 214//134
f 202//135 214//135 215//135
f 201//136 202//136 215//136
f 201//137 215//137 216//137
f 200//138 201//138 216//138
f 200//139 216//139 217//139
f 199//140 200//140 217//140
f 199//141 217//141 218//141
f 171//142 186//142 187//142
f 171//143 187//143 188//143
f 198//144 199//144 218//144
f 198//145 218//145 219//145
f 171//146 188//146 189//146
f 171//147 189//147 190//147
f 197//148 198//148 219//148
f 197//149 219//149 220//149
f 171//150 190//150 191//150
f 196//151 197//151 220//151
f 196//152 220//152 221//152
f 171//153 191//153 192//153
f 171//154 192//154 193//154
f 195//155 196//155 221//155
f 195//156 221//156 222//156
f 171//157 193//157 194//157
f 171//158 194//158 195//158
f 171//159 195//159 222//159
f 171//160 222//160 112//160
f 171//161 112//161 113//161
f 171//162 113//162 114//162
f 171//163 114//163 115//163
f 171//164 115//164 116//164
f 171//165 116//165 117//165
f 171//166 117//166 118//166
f 171//167 118//167 119//167
f 171//168 119//168 120//168
f 171//169 120//169 121//169
f 170//170 171//170 121//170
f 169//171 170//171 121//171
f 168//172 169//172 121//172
f 167//173 168//173 121//173
f 166//174 167//174 121//174
f 165//175 166//175 121//175
f 165//176 121//176 122//176
f 164//177 165//177 122//177
f 164//178 122//178 123//178
f 163//179 164//179 123//179
f 163//180 123//180 124//180
f 162//181 163//181 124//181
f 162//182 124//182 125//182
f 161//183 162//183 125//183
f 161//184 125//184 126//184
f 161//185 126//185 127//185
f 160//186 161//186 127//186
f 160//187 127//187 128//187
f 159//188 160//188 128//188
f 159//189 128//189 129//189
f 158//190 159//190 129//190
f 157//191 158//191 129//191
f 156//192 157//192 130//192
f 130//193 157//193 129//193
f 156//194 130//194 131//194
f 155//195 156//195 131//195
f 155//196 131//196 132//196
f 154//197 155//197 132//197
f 154//198 132//198 133//198
f 153//199 154//199 133//199
f 153//200 133//200 134//200
f 152//201 153//201 134//201
f 152//202 134//202 135//202
f 151//203 152//203 135//203
f 151//204 135//204 136//204
f 150//205 151//205 136//205
f 150//206 136//206 137//206
f 149//207 150//207 137//207
f 149//208 137//208 138//208
f 149//209 138//209 139//209
f 148//210 149//210 139//210
f 147//211 148//211 139//211
f 147//212 139//212 140//212
f 146//213 147//213 140//213
f 146//214 140//214 141//214
f 146//215 141//215 142//215
f 145//216 146//216 142//216
f 145//217 142//217 143//217
f 144//218 145//218 143//218
f 226//219 223//219 224//219
f 228//220 225//220 226//220
f 230//221 227//221 228//221
f 232//222 229//222 230//222
f 234//223 231//223 232//223
f 236//224 233//224 234//224
f 238//225 235//225 236//225
f 240//226 237//226 238//226
f 242//227 239//227 240//227
f 244//228 241//228 242//228
f 246//229 243//229 244//229
f 248//230 245//230 246//230
f 250//231 247//231 248//231
f 252//232 249//232 250//232
f 254//233 251//233 252//233
f 256//234 253//234 254//234
f 258//235 255//235 256//235
f 260//236 257//236 258//236
f 262//237 259//237 260//237
f 264//238 261//238 262//238
f 266//239 263//239 264//239
f 268//240 265//240 266//240
f 270//241 267//241 268//241
f 272//242 269//242 270//242
f 274//243 271//243 272//243
f 276//244 273//244 274//244
f 278//245 275//245 276//245
f 280//246 277//246 278//246
f 282//247 279//247 280//247
f 284//248 281//248 282//248
f 286//249 283//249 284//249
f 288//250 285//250 286//250
f 290//251 287//251 288//251
f 292//252 289//252 290//252
f 294//253 291//253 292//253
f 296//254 293//254 294//254
f 298//255 295//255 296//255
f 300//256 297//256 298//256
f 302//257 299//257 300//257
f 304//258 301//258 302//258
f 306//259 303//259 304//259
f 308//260 305//260 306//260
f 310//261 307//261 308//261
f 312//262 309//262 310//262
f 314//263 311//263 312//263
f 316//264 313//264 314//264
f 318//265 315//265 316//265
f 320//266 317//266 318//266
f 322//267 319//267 320//267
f 324//268 321//268 322//268
f 326//269 323//269 324//269
f 328//270 325//270 326//270
f 330//271 327//271 328//271
f 332//272 329//272 330//272
f 334//273 331//273 332//273
f 336//274 333//274 334//274
f 338//275 335//275 336//275
f 340//276 337//276 338//276
f 342//277 339//277 340//277
f 344//278 341//278 342//278
f 346//279 343//279 344//279
f 348//280 345//280 346//280
f 350//281 347//281 348//281
f 352//282 349//282 350//282
f 354//283 351//283 352//283
f 356//284 353//284 354//284
f 358//285 355//285 356//285
f 360//286 357//286 358//286
f 362//287 359//287 360//287
f 364//288 361//288 362//288
f 366//289 363//289 364//289
f 368//290 365//290 366//290
f 370//291 367//291 368//291
f 372//292 369//292 370//292
f 374//293 371//293 372//293
f 376//294 373//294 374//294
f 378//295 375//295 376//295
f 380//296 377//296 378//296
f 382//297 379//297 380//297
f 384//298 381//298 382//298
f 386//299 383//299 384//299
f 388//300 385//300 386//300
f 390//301 387//301 388//301
f 392//302 389//302 390//302
f 394//303 391//303 392//303
f 396//304 393//304 394//304
f 398//305 395//305 396//305
f 400//306 397//306 398//306
f 402//307 399//307 400//307
f 404//308 401//308 402//308
f 406//309 403//309 404//309
f 408//310 405//310 406//310
f 410//311 407//311 408//311
f 412//312 409//312 410//312
f 414//313 411//313 412//313
f 416//314 413//314 414//314
f 418//315 415//315 416//315
f 420//316 417//316 418//316
f 422//317 419//317 420//317
f 424//318 421//318 422//318
f 426//319 423//319 424//319
f 428//320 425//320 426//320
f 430//321 427//321 428//321
f 432//322 429//322 430//322
f 434//323 431//323 432//323
f 436//324 433//324 434//324
f 438//325 435//325 436//325
f 440//326 437//326 438//326
f 442//327 439//327 440//327
f 444//328 441//328 442//328
f 224//329 443//329 444//329
f 507//330 445//330 508//330
f 507//331 446//331 445//331
f 506//332 446//332 507//332
f 506//333 447//333 446//333
f 505//334 447//334 506//334
f 505//335 448//335 447//335
f 504//336 448//336 505//336
f 504//337 449//337 448//337
f 503//338 449//338 504//338
f 503//339 450//339 449//339
f 503//340 451//340 450//340
f 502//341 451//341 503//341
f 502//342 452//342 451//342
f 501//343 452//343 502//343
f 501//344 453//344 452//344
f 500//345 453//345 501//345
f 499//346 453//346 500//346
f 499//347 454//347 453//347
f 498//348 454//348 499//348
f 498//349 455//349 454//349
f 497//350 455//350 498//350
f 497//351 456//351 455//351
f 496//352 456//352 497//352
f 496//353 457//353 456//353
f 495//354 457//354 496//354
f 495//355 458//355 457//355
f 494//356 458//356 495//356
f 494//357 459//357 458//357
f 493//358 459//358 494//358
f 493//359 460//359 459//359
f 492//360 460//360 493//360
f 492//361 461//361 460//361
f 491//362 461//362 492//362
f 491//363 462//363 461//363
f 490//364 462//364 491//364
f 489//365 463//365 490//365
f 463//366 462//366 490//366
f 489//367 464//367 463//367
f 488//368 464//368 489//368
f 488//369 465//369 464//369
f 487//370 465//370 488//370
f 487//371 466//371 465//371
f 486//372 466//372 487//372
f 486//373 467//373 466//373
f 485//374 467//374 486//374
f 485//375 468//375 467//375
f 484//376 468//376 485//376
f 484//377 469//377 468//377
f 483//378 469//378 484//378
f 483//379 470//379 469//379
f 482//380 470//380 483//380
f 482//381 471//381 470//381
f 481//382 471//382 482//382
f 481//383 472//383 471//383
f 480//384 472//384 481//384
f 480//385 473//385 472//385
f 479//386 473//386 480//386
f 479//387 474//387 473//387
f 478//388 474//388 479//388
f 478//389 475//389 474//389
f 477//390 475//390 478//390
f 477//391 476//391 475//391
f 575//392 577//392 576//392
f 575//393 578//393 577//393
f 516//394 518//394 517//394
f 516//395 519//395 518//395
f 574//396 578//396 575//396
f 515//397 519//397 516//397
f 515//398 520//398 519//398
f 574//399 579//399 578//399
f 573//400 579//400 574//400
f 514//401 520//401 515//401
f 514//402 521//402 520//402
f 572//403 579//403 573//403
f 513//404 521//404 514//404
f 513//405 522//405 521//405
f 572//406 580//406 579//406
f 571//407 580//407 572//407
f 512//408 522//408 513//408
f 512//409 523//409 522//409
f 571//410 581//410 580//410
f 512//411 524//411 523//411
f 570//412 581//412 571//412
f 511//413 524//413 512//413
f 511//414 525//414 524//414
f 569//415 581//415 570//415
f 510//416 525//416 511//416
f 569//417 582//417 581//417
f 510//418 526//418 525//418
f 568//419 582//419 569//419
f 509//420 526//420 510//420
f 567//421 548//421 568//421
f 548//422 547//422 568//422
f 547//423 546//423 568//423
f 546//424 545//424 568//424
f 545//425 544//425 568//425
f 544//426 543//426 568//426
f 543//427 542//427 568//427
f 542//428 582//428 568//428
f 590//429 526//429 509//429
f 590//430 527//430 526//430
f 541//431 582//431 542//431
f 540//432 582//432 541//432
f 567//433 549//433 548//433
f 567//434 550//434 549//434
f 589//435 527//435 590//435
f 588//436 527//436 589//436
f 540//437 583//437 582//437
f 587//438 527//438 588//438
f 540//439 584//439 583//439
f 586//440 527//440 587//440
f 540//441 585//441 584//441
f 585//442 527//442 586//442
f 540//443 527//443 585//443
f 566//444 550//444 567//444
f 566//445 551//445 550//445
f 540//446 528//446 527//446
f 565//447 551//447 566//447
f 565//448 552//448 551//448
f 540//449 529//449 528//449
f 539//450 529//450 540//450
f 564//451 552//451 565//451
f 564//452 553//452 552//452
f 539//453 530//453 529//453
f 563//454 553//454 564//454
f 563//455 554//455 553//455
f 539//456 531//456 530//456
f 538//457 531//457 539//457
f 562//458 554//458 563//458
f 562//459 555//459 554//459
f 538//460 532//460 531//460
f 537//461 532//461 538//461
f 561//462 555//462 562//462
f 561//463 556//463 555//463
f 537//464 533//464 532//464
f 560//465 556//465 561//465
f 560//466 557//466 556//466
f 537//467 534//467 533//467
f 536//468 534//468 537//468
f 559//469 557//469 560//469
f 559//470 558//470 557//470
f 536//471 535//471 534//471
f 672//472 674//472 673//472
f 672//473 675//473 674//473
f 671//474 675//474 672//474
f 671//475 676//475 675//475
f 670//476 676//476 671//476
f 670//477 677//477 676//477
f 669//478 677//478 670//478
f 669//479 678//479 677//479
f 668//480 678//480 669//480
f 668//481 679//481 678//481
f 668//482 680//482 679//482
f 667//483 680//483 668//483
f 667//484 681//484 680//484
f 666//485 681//485 667//485
f 666//486 682//486 681//486
f 665//487 682//487 666//487
f 664//488 603//488 665//488
f 603//489 602//489 665//489
f 602//490 601//490 665//490
f 601//491 682//491 665//491
f 601//492 600//492 682//492
f 600//493 591//493 682//493
f 600//494 592//494 591//494
f 600//495 593//495 592//495
f 600//496 594//496 593//496
f 600//497 595//497 594//497
f 600//498 596//498 595//498
f 600//499 597//499 596//499
f 600//500 598//500 597//500
f 600//501 599//501 598//501
f 664//502 604//502 603//502
f 664//503 605//503 604//503
f 664//504 606//504 605//504
f 664//505 607//505 606//505
f 664//506 608//506 607//506
f 664//507 609//507 608//507
f 664//508 631//508 609//508
f 631//509 630//509 609//509
f 630//510 629//510 609//510
f 629//511 610//511 609//511
f 629//512 611//512 610//512
f 629//513 612//513 611//513
f 629//514 613//514 612//514
f 629//515 614//515 613//515
f 629//516 615//516 614//516
f 629//517 616//517 615//517
f 629//518 617//518 616//518
f 629//519 618//519 617//519
f 629//520 628//520 618//520
f 628//521 619//521 618//521
f 628//522 620//522 619//522
f 628//523 621//523 620//523
f 628//524 622//524 621//524
f 628//525 623//525 622//525
f 628//526 624//526 623//526
f 628//527 625//527 624//527
f 628//528 626//528 625//528
f 628//529 627//529 626//529
f 664//530 632//530 631//530
f 664//531 633//531 632//531
f 664//532 634//532 633//532
f 664//533 635//533 634//533
f 664//534 636//534 635//534
f 664//535 637//535 636//535
f 664//536 638//536 637//536
f 664//537 639//537 638//537
f 664//538 640//538 639//538
f 664//539 641//539 640//539
f 664//540 642//540 641//540
f 664//541 643//541 642//541
f 664//542 644//542 643//542
f 664//543 645//543 644//543
f 664//544 646//544 645//544
f 664//545 647//545 646//545
f 663//546 647//546 664//546
f 663//547 648//547 647//547
f 662//548 648//548 663//548
f 662//549 649//549 648//549
f 661//550 649//550 662//550
f 661//551 650//551 649//551
f 660//552 650//552 661//552
f 660//553 651//553 650//553
f 659//554 651//554 660//554
f 659//555 652//555 651//555
f 658//556 652//556 659//556
f 658//557 653//557 652//557
f 657//558 653//558 658//558
f 657//559 654//559 653//559
f 656//560 654//560 657//560
f 656//561 655//561 654//561
f 707//562 709//562 708//562
f 707//563 710//563 709//563
f 706//564 710//564 707//564
f 706//565 711//565 710//565
f 705//566 711//566 706//566
f 705//567 712//567 711//567
f 704//568 712//568 705//568
f 704//569 713//569 712//569
f 703//570 713//570 704//570
f 703//571 714//571 713//571
f 702//572 714//572 703//572
f 702//573 715//573 714//573
f 701//574 715//574 702//574
f 701//575 716//575 715//575
f 700//576 747//576 701//576
f 747//577 716//577 701//577
f 700//578 748//578 747//578
f 746//579 716//579 747//579
f 745//580 716//580 746//580
f 700//581 749//581 748//581
f 745//582 717//582 716//582
f 744//583 717//583 745//583
f 700//584 750//584 749//584
f 699//585 750//585 700//585
f 743//586 717//586 744//586
f 699//587 751//587 750//587
f 743//588 718//588 717//588
f 742//589 718//589 743//589
f 699//590 752//590 751//590
f 698//591 752//591 699//591
f 741//592 718//592 742//592
f 698//593 753//593 752//593
f 741//594 719//594 718//594
f 697//595 753//595 698//595
f 740//596 719//596 741//596
f 697//597 754//597 753//597
f 740//598 720//598 719//598
f 739//599 720//599 740//599
f 696//600 754//600 697//600
f 696//601 755//601 754//601
f 739//602 721//602 720//602
f 738//603 721//603 739//603
f 737//604 721//604 738//604
f 737//605 722//605 721//605
f 736//606 722//606 737//606
f 736//607 723//607 722//607
f 696//608 756//608 755//608
f 735//609 723//609 736//609
f 735//610 724//610 723//610
f 734//611 724//611 735//611
f 734//612 725//612 724//612
f 695//613 756//613 696//613
f 733//614 725//614 734//614
f 733//615 726//615 725//615
f 732//616 726//616 733//616
f 732//617 727//617 726//617
f 731//618 727//618 732//618
f 731//619 728//619 727//619
f 730//620 728//620 731//620
f 730//621 729//621 728//621
f 794//622 796//622 795//622
f 794//623 797//623 796//623
f 793//624 797//624 794//624
f 793//625 798//625 797//625
f 792//626 798//626 793//626
f 792//627 799//627 798//627
f 791//628 799//628 792//628
f 791//629 800//629 799//629
f 790//630 800//630 791//630
f 790//631 801//631 800//631
f 789//632 801//632 790//632
f 789//633 802//633 801//633
f 788//634 802//634 789//634
f 788//635 803//635 802//635
f 787//636 803//636 788//636
f 787//637 804//637 803//637
f 786//638 804//638 787//638
f 786//639 777//639 804//639
f 777//640 776//640 804//640
f 776//641 805//641 804//641
f 785//642 777//642 786//642
f 784//643 777//643 785//643
f 783//644 777//644 784//644
f 782//645 777//645 783//645
f 781//646 777//646 782//646
f 780//647 777//647 781//647
f 779//648 777//648 780//648
f 778//649 777//649 779//649
f 775//650 805//650 776//650
f 774//651 805//651 775//651
f 773//652 805//652 774//652
f 772//653 805//653 773//653
f 772//654 806//654 805//654
f 694//655 756//655 695//655
f 694//656 757//656 756//656
f 771//657 806//657 772//657
f 694//658 758//658 757//658
f 693//659 758//659 694//659
f 770//660 806//660 771//660
f 770//661 807//661 806//661
f 693//662 759//662 758//662
f 692//663 759//663 693//663
f 769//664 807//664 770//664
f 692//665 760//665 759//665
f 768//666 807//666 769//666
f 691//667 760//667 692//667
f 768//668 808//668 807//668
f 691//669 761//669 760//669
f 767//670 808//670 768//670
f 691//671 762//671 761//671
f 766//672 808//672 767//672
f 690//673 762//673 691//673
f 690//674 763//674 762//674
f 765//675 808//675 766//675
f 690//676 764//676 763//676
f 764//677 808//677 765//677
f 690//678 808//678 764//678
f 690//679 809//679 808//679
f 689//680 809//680 690//680
f 688//681 809//681 689//681
f 688//682 810//682 809//682
f 687//683 810//683 688//683
f 687//684 811//684 810//684
f 686//685 811//685 687//685
f 685//686 811//686 686//686
f 685//687 812//687 811//687
f 684//688 812//688 685//688
f 684//689 683//689 812//689
f 853//690 855//690 854//690
f 853//691 856//691 855//691
f 852//692 856//692 853//692
f 851//693 856//693 852//693
f 851//694 857//694 856//694
f 850//695 857//695 851//695
f 849//696 857//696 850//696
f 848//697 857//697 849//697
f 848//698 858//698 857//698
f 847//699 858//699 848//699
f 846//700 858//700 847//700
f 845//701 896//701 846//701
f 896//702 895//702 846//702
f 895//703 894//703 846//703
f 894//704 858//704 846//704
f 894//705 859//705 858//705
f 894//706 860//706 859//706
f 894//707 893//707 860//707
f 893//708 861//708 860//708
f 893//709 862//709 861//709
f 893//710 863//710 862//710
f 893//711 919//711 863//711
f 919//712 918//712 863//712
f 918//713 864//713 863//713
f 917//714 864//714 918//714
f 845//715 897//715 896//715
f 845//716 898//716 897//716
f 916//717 864//717 917//717
f 915//718 864//718 916//718
f 915//719 865//719 864//719
f 914//720 865//720 915//720
f 913//721 865//721 914//721
f 913//722 866//722 865//722
f 912//723 866//723 913//723
f 912//724 867//724 866//724
f 911//725 867//725 912//725
f 911//726 868//726 867//726
f 910//727 868//727 911//727
f 909//728 868//728 910//728
f 909//729 869//729 868//729
f 908//730 869//730 909//730
f 907//731 869//731 908//731
f 907//732 870//732 869//732
f 906//733 870//733 907//733
f 905//734 870//734 906//734
f 905//735 871//735 870//735
f 904//736 871//736 905//736
f 845//737 899//737 898//737
f 845//738 900//738 899//738
f 903//739 871//739 904//739
f 845//740 901//740 900//740
f 845//741 902//741 901//741
f 845//742 826//742 902//742
f 826//743 825//743 902//743
f 825//744 824//744 902//744
f 824//745 903//745 902//745
f 824//746 871//746 903//746
f 824//747 872//747 871//747
f 824//748 823//748 872//748
f 823//749 873//749 872//749
f 823//750 874//750 873//750
f 823//751 875//751 874//751
f 823//752 876//752 875//752
f 823//753 877//753 876//753
f 823//754 878//754 877//754
f 823//755 879//755 878//755
f 823//756 880//756 879//756
f 823//757 881//757 880//757
f 823//758 882//758 881//758
f 823//759 883//759 882//759
f 823//760 822//760 883//760
f 822//761 821//761 883//761
f 821//762 820//762 883//762
f 820//763 819//763 883//763
f 819//764 884//764 883//764
f 818//765 884//765 819//765
f 845//766 827//766 826//766
f 817//767 884//767 818//767
f 845//768 828//768 827//768
f 817//769 885//769 884//769
f 817//770 886//770 885//770
f 844//771 828//771 845//771
f 844//772 829//772 828//772
f 817//773 887//773 886//773
f 843//774 829//774 844//774
f 843//775 830//775 829//775
f 817//776 888//776 887//776
f 816//777 888//777 817//777
f 816//778 889//778 888//778
f 842//779 830//779 843//779
f 842//780 831//780 830//780
f 841//781 831//781 842//781
f 841//782 832//782 831//782
f 815//783 889//783 816//783
f 815//784 890//784 889//784
f 840//785 832//785 841//785
f 840//786 833//786 832//786
f 814//787 890//787 815//787
f 814//788 891//788 890//788
f 839//789 833//789 840//789
f 839//790 834//790 833//790
f 838//791 834//791 839//791
f 838//792 835//792 834//792
f 813//793 891//793 814//793
f 813//794 892//794 891//794
f 837//795 835//795 838//795
f 837//796 836//796 835//796
f 1001//797 1003//797 1002//797
f 1001//798 1004//798 1003//798
f 1000//799 1004//799 1001//799
f 1000//800 1005//800 1004//800
f 999//801 1005//801 1000//801
f 999//802 1006//802 1005//802
f 998//803 1006//803 999//803
f 998//804 1007//804 1006//804
f 997//805 1007//805 998//805
f 997//806 1008//806 1007//806
f 997//807 1009//807 1008//807
f 996//808 1009//808 997//808
f 996//809 1010//809 1009//809
f 995//810 1010//810 996//810
f 995//811 1011//811 1010//811
f 994//812 1011//812 995//812
f 993//813 932//813 994//813
f 932//814 931//814 994//814
f 931//815 930//815 994//815
f 930//816 1011//816 994//816
f 930//817 929//817 1011//817
f 929//818 920//818 1011//818
f 929//819 921//819 920//819
f 929//820 922//820 921//820
f 929//821 923//821 922//821
f 929//822 924//822 923//822
f 929//823 925//823 924//823
f 929//824 926//824 925//824
f 929//825 927//825 926//825
f 929//826 928//826 927//826
f 993//827 933//827 932//827
f 993//828 934//828 933//828
f 993//829 935//829 934//829
f 993//830 936//830 935//830
f 993//831 937//831 936//831
f 993//832 938//832 937//832
f 993//833 960//833 938//833
f 960//834 959//834 938//834
f 959//835 958//835 938//835
f 958//836 939//836 938//836
f 958//837 940//837 939//837
f 958//838 941//838 940//838
f 958//839 942//839 941//839
f 958//840 943//840 942//840
f 958//841 944//841 943//841
f 958//842 945//842 944//842
f 958//843 946//843 945//843
f 958//844 947//844 946//844
f 958//845 957//845 947//845
f 957//846 948//846 947//846
f 957//847 949//847 948//847
f 957//848 950//848 949//848
f 957//849 951//849 950//849
f 957//850 952//850 951//850
f 957//851 953//851 952//851
f 957//852 954//852 953//852
f 957//853 955//853 954//853
f 957//854 956//854 955//854
f 993//855 961//855 960//855
f 993//856 962//856 961//856
f 993//857 963//857 962//857
f 993//858 964//858 963//858
f 993//859 965//859 964//859
f 993//860 966//860 965//860
f 993//861 967//861 966//861
f 993//862 968//862 967//862
f 993//863 969//863 968//863
f 993//864 970//864 969//864
f 993//865 971//865 970//865
f 993//866 972//866 971//866
f 993//867 973//867 972//867
f 993//868 974//868 973//868
f 993//869 975//869 974//869
f 993//870 976//870 975//870
f 992//871 976//871 993//871
f 992//872 977//872 976//872
f 991//873 977//873 992//873
f 991//874 978//874 977//874
f 990//875 978//875 991//875
f 990//876 979//876 978//876
f 989//877 979//877 990//877
f 989//878 980//878 979//878
f 988//879 980//879 989//879
f 988//880 981//880 980//880
f 987//881 981//881 988//881
f 987//882 982//882 981//882
f 986//883 982//883 987//883
f 986//884 983//884 982//884
f 985//885 983//885 986//885
f 985//886 984//886 983//886
f 1090//887 1092//887 1091//887
f 1090//888 1093//888 1092//888
f 1089//889 1093//889 1090//889
f 1089//890 1094//890 1093//890
f 1088//891 1094//891 1089//891
f 1088//892 1095//892 1094//892
f 1088//893 1096//893 1095//893
f 1087//894 1096//894 1088//894
f 1087//895 1097//895 1096//895
f 1086//896 1097//896 1087//896
f 1086//897 1098//897 1097//897
f 1086//898 1099//898 1098//898
f 1085//899 1130//899 1086//899
f 1130//900 1099//900 1086//900
f 1130//901 1129//901 1099//901
f 1129//902 1100//902 1099//902
f 1085//903 1131//903 1130//903
f 1085//904 1132//904 1131//904
f 1128//905 1100//905 1129//905
f 1085//906 1133//906 1132//906
f 1127//907 1100//907 1128//907
f 1084//908 1133//908 1085//908
f 1084//909 1134//909 1133//909
f 1126//910 1100//910 1127//910
f 1126//911 1101//911 1100//911
f 1084//912 1135//912 1134//912
f 1125//913 1101//913 1126//913
f 1084//914 1136//914 1135//914
f 1083//915 1136//915 1084//915
f 1125//916 1102//916 1101//916
f 1124//917 1102//917 1125//917
f 1083//918 1137//918 1136//918
f 1083//919 1138//919 1137//919
f 1123//920 1102//920 1124//920
f 1123//921 1103//921 1102//921
f 1083//922 1139//922 1138//922
f 1122//923 1103//923 1123//923
f 1082//924 1139//924 1083//924
f 1082//925 1140//925 1139//925
f 1122//926 1104//926 1103//926
f 1121//927 1104//927 1122//927
f 1082//928 1141//928 1140//928
f 1081//929 1141//929 1082//929
f 1120//930 1104//930 1121//930
f 1120//931 1105//931 1104//931
f 1120//932 1106//932 1105//932
f 1119//933 1106//933 1120//933
f 1081//934 1142//934 1141//934
f 1119//935 1107//935 1106//935
f 1118//936 1107//936 1119//936
f 1118//937 1108//937 1107//937
f 1117//938 1108//938 1118//938
f 1116//939 1108//939 1117//939
f 1116//940 1109//940 1108//940
f 1115//941 1109//941 1116//941
f 1115//942 1110//942 1109//942
f 1114//943 1110//943 1115//943
f 1114//944 1111//944 1110//944
f 1113//945 1111//945 1114//945
f 1113//946 1112//946 1111//946
f 1081//947 1143//947 1142//947
f 1080//948 1143//948 1081//948
f 1080//949 1144//949 1143//949
f 1080//950 1145//950 1144//950
f 1080//951 1146//951 1145//951
f 1079//952 1146//952 1080//952
f 1079//953 1147//953 1146//953
f 1079//954 1148//954 1147//954
f 1078//955 1148//955 1079//955
f 1078//956 1149//956 1148//956
f 1078//957 1150//957 1149//957
f 1077//958 1150//958 1078//958
f 1077//959 1151//959 1150//959
f 1076//960 1151//960 1077//960
f 1076//961 1152//961 1151//961
f 1076//962 1153//962 1152//962
f 1075//963 1153//963 1076//963
f 1075//964 1154//964 1153//964
f 1074//965 1154//965 1075//965
f 1074//966 1155//966 1154//966
f 1073//967 1155//967 1074//967
f 1073//968 1156//968 1155//968
f 1072//969 1156//969 1073//969
f 1072//970 1157//970 1156//970
f 1071//971 1157//971 1072//971
f 1070//972 1157//972 1071//972
f 1070//973 1158//973 1157//973
f 1069//974 1158//974 1070//974
f 1069//975 1159//975 1158//975
f 1068//976 1159//976 1069//976
f 1067//977 1159//977 1068//977
f 1066//978 1159//978 1067//978
f 1066//979 1160//979 1159//979
f 1065//980 1160//980 1066//980
f 1064//981 1160//981 1065//981
f 1064//982 1161//982 1160//982
f 1063//983 1161//983 1064//983
f 1062//984 1161//984 1063//984
f 1032//985 1034//985 1033//985
f 1032//986 1035//986 1034//986
f 1031//987 1035//987 1032//987
f 1031//988 1036//988 1035//988
f 1030//989 1036//989 1031//989
f 1030//990 1037//990 1036//990
f 1029//991 1037//991 1030//991
f 1029//992 1038//992 1037//992
f 1028//993 1038//993 1029//993
f 1028//994 1039//994 1038//994
f 1027//995 1039//995 1028//995
f 1027//996 1040//996 1039//996
f 1026//997 1040//997 1027//997
f 1026//998 1041//998 1040//998
f 1061//999 1161//999 1062//999
f 1025//1000 1041//1000 1026//1000
f 1025//1001 1042//1001 1041//1001
f 1024//1002 1042//1002 1025//1002
f 1024//1003 1043//1003 1042//1003
f 1061//1004 1162//1004 1161//1004
f 1060//1005 1162//1005 1061//1005
f 1024//1006 1044//1006 1043//1006
f 1059//1007 1162//1007 1060//1007
f 1023//1008 1044//1008 1024//1008
f 1059//1009 1163//1009 1162//1009
f 1058//1010 1163//1010 1059//1010
f 1023//1011 1045//1011 1044//1011
f 1057//1012 1163//1012 1058//1012
f 1022//1013 1045//1013 1023//1013
f 1022//1014 1046//1014 1045//1014
f 1056//1015 1163//1015 1057//1015
f 1056//1016 1164//1016 1163//1016
f 1022//1017 1047//1017 1046//1017
f 1021//1018 1047//1018 1022//1018
f 1055//1019 1164//1019 1056//1019
f 1021//1020 1048//1020 1047//1020
f 1054//1021 1164//1021 1055//1021
f 1020//1022 1048//1022 1021//1022
f 1020//1023 1049//1023 1048//1023
f 1054//1024 1165//1024 1164//1024
f 1053//1025 1165//1025 1054//1025
f 1020//1026 1050//1026 1049//1026
f 1052//1027 1165//1027 1053//1027
f 1020//1028 1051//1028 1050//1028
f 1051//1029 1165//1029 1052//1029
f 1020//1030 1165//1030 1051//1030
f 1019//1031 1165//1031 1020//1031
f 1019//1032 1166//1032 1165//1032
f 1018//1033 1166//1033 1019//1033
f 1017//1034 1166//1034 1018//1034
f 1017//1035 1167//1035 1166//1035
f 1016//1036 1167//1036 1017//1036
f 1016//1037 1168//1037 1167//1037
f 1015//1038 1168//1038 1016//1038
f 1014//1039 1168//1039 1015//1039
f 1014//1040 1169//1040 1168//1040
f 1013//1041 1169//1041 1014//1041
f 1013//1042 1012//1042 1169//1042
f 1232//1043 1233//1043 1170//1043
f 1232//1044 1170//1044 1171//1044
f 1231//1045 1232//1045 1171//1045
f 1231//1046 1171//1046 1172//1046
f 1230//1047 1231//1047 1172//1047
f 1230//1048 1172//1048 1173//1048
f 1229//1049 1230//1049 1173//1049
f 1229//1050 1173//1050 1174//1050
f 1228//1051 1229//1051 1174//1051
f 1228//1052 1174//1052 1175//1052
f 1228//1053 1175//1053 1176//1053
f 1227//1054 1228//1054 1176//1054
f 1227//1055 1176//1055 1177//1055
f 1226//1056 1227//1056 1177//1056
f 1226//1057 1177//1057 1178//1057
f 1225//1058 1226//1058 1178//1058
f 1224//1059 1225//1059 1178//1059
f 1224//1060 1178//1060 1179//1060
f 1223//1061 1224//1061 1179//1061
f 1223//1062 1179//1062 1180//1062
f 1222//1063 1223//1063 1180//1063
f 1222//1064 1180//1064 1181//1064
f 1221//1065 1222//1065 1181//1065
f 1221//1066 1181//1066 1182//1066
f 1220//1067 1221//1067 1182//1067
f 1220//1068 1182//1068 1183//1068
f 1219//1069 1220//1069 1183//1069
f 1219//1070 1183//1070 1184//1070
f 1218//1071 1219//1071 1184//1071
f 1218//1072 1184//1072 1185//1072
f 1217//1073 1218//1073 1185//1073
f 1217//1074 1185//1074 1186//1074
f 1216//1075 1217//1075 1186//1075
f 1216//1076 1186//1076 1187//1076
f 1215//1077 1216//1077 1187//1077
f 1214//1078 1215//1078 1188//1078
f 1188//1079 1215//1079 1187//1079
f 1214//1080 1188//1080 1189//1080
f 1213//1081 1214//1081 1189//1081
f 1213//1082 1189//1082 1190//1082
f 1212//1083 1213//1083 1190//1083
f 1212//1084 1190//1084 1191//1084
f 1211//1085 1212//1085 1191//1085
f 1211//1086 1191//1086 1192//1086
f 1210//1087 1211//1087 1192//1087
f 1210//1088 1192//1088 1193//1088
f 1209//1089 1210//1089 1193//1089
f 1209//1090 1193//1090 1194//1090
f 1208//1091 1209//1091 1194//1091
f 1208//1092 1194//1092 1195//1092
f 1207//1093 1208//1093 1195//1093
f 1207//1094 1195//1094 1196//1094
f 1206//1095 1207//1095 1196//1095
f 1206//1096 1196//1096 1197//1096
f 1205//1097 1206//1097 1197//1097
f 1205//1098 1197//1098 1198//1098
f 1204//1099 1205//1099 1198//1099
f 1204//1100 1198//1100 1199//1100
f 1203//1101 1204//1101 1199//1101
f 1203//1102 1199//1102 1200//1102
f 1202//1103 1203//1103 1200//1103
f 1202//1104 1200//1104 1201//1104
f 1300//1105 1301//1105 1302//1105
f 1300//1106 1302//1106 1303//1106
f 1241//1107 1242//1107 1243//1107
f 1241//1108 1243//1108 1244//1108
f 1299//1109 1300//1109 1303//1109
f 1240//1110 1241//1110 1244//1110
f 1240//1111 1244//1111 1245//1111
f 1299//1112 1303//1112 1304//1112
f 1298//1113 1299//1113 1304//1113
f 1239//1114 1240//1114 1245//1114
f 1239//1115 1245//1115 1246//1115
f 1297//1116 1298//1116 1304//1116
f 1238//1117 1239//1117 1246//1117
f 1238//1118 1246//1118 1247//1118
f 1297//1119 1304//1119 1305//1119
f 1296//1120 1297//1120 1305//1120
f 1237//1121 1238//1121 1247//1121
f 1237//1122 1247//1122 1248//1122
f 1296//1123 1305//1123 1306//1123
f 1237//1124 1248//1124 1249//1124
f 1295//1125 1296//1125 1306//1125
f 1236//1126 1237//1126 1249//1126
f 1236//1127 1249//1127 1250//1127
f 1294//1128 1295//1128 1306//1128
f 1235//1129 1236//1129 1250//1129
f 1294//1130 1306//1130 1307//1130
f 1235//1131 1250//1131 1251//1131
f 1293//1132 1294//1132 1307//1132
f 1234//1133 1235//1133 1251//1133
f 1292//1134 1293//1134 1273//1134
f 1273//1135 1293//1135 1272//1135
f 1272//1136 1293//1136 1271//1136
f 1271//1137 1293//1137 1270//1137
f 1270//1138 1293//1138 1269//1138
f 1269//1139 1293//1139 1268//1139
f 1268//1140 1293//1140 1267//1140
f 1267//1141 1293//1141 1307//1141
f 1315//1142 1234//1142 1251//1142
f 1315//1143 1251//1143 1252//1143
f 1266//1144 1267//1144 1307//1144
f 1265//1145 1266//1145 1307//1145
f 1292//1146 1273//1146 1274//1146
f 1292//1147 1274//1147 1275//1147
f 1314//1148 1315//1148 1252//1148
f 1313//1149 1314//1149 1252//1149
f 1265//1150 1307//1150 1308//1150
f 1312//1151 1313//1151 1252//1151
f 1265//1152 1308//1152 1309//1152
f 1311//1153 1312//1153 1252//1153
f 1265//1154 1309//1154 1310//1154
f 1310//1155 1311//1155 1252//1155
f 1265//1156 1310//1156 1252//1156
f 1291//1157 1292//1157 1275//1157
f 1291//1158 1275//1158 1276//1158
f 1265//1159 1252//1159 1253//1159
f 1290//1160 1291//1160 1276//1160
f 1290//1161 1276//1161 1277//1161
f 1265//1162 1253//1162 1254//1162
f 1264//1163 1265//1163 1254//1163
f 1289//1164 1290//1164 1277//1164
f 1289//1165 1277//1165 1278//1165
f 1264//1166 1254//1166 1255//1166
f 1288//1167 1289//1167 1278//1167
f 1288//1168 1278//1168 1279//1168
f 1264//1169 1255//1169 1256//1169
f 1263//1170 1264//1170 1256//1170
f 1287//1171 1288//1171 1279//1171
f 1287//1172 1279//1172 1280//1172
f 1263//1173 1256//1173 1257//1173
f 1262//1174 1263//1174 1257//1174
f 1286//1175 1287//1175 1280//1175
f 1286//1176 1280//1176 1281//1176
f 1262//1177 1257//1177 1258//1177
f 1285//1178 1286//1178 1281//1178
f 1285//1179 1281//1179 1282//1179
f 1262//1180 1258//1180 1259//1180
f 1261//1181 1262//1181 1259//1181
f 1284//1182 1285//1182 1282//1182
f 1284//1183 1282//1183 1283//1183
f 1261//1184 1259//1184 1260//1184
f 1397//1185 1398//1185 1399//1185
f 1397//1186 1399//1186 1400//1186
f 1396//1187 1397//1187 1400//1187
f 1396//1188 1400//1188 1401//1188
f 1395//1189 1396//1189 1401//1189
f 1395//1190 1401//1190 1402//1190
f 1394//1191 1395//1191 1402//1191
f 1394//1192 1402//1192 1403//1192
f 1393//1193 1394//1193 1403//1193
f 1393//1194 1403//1194 1404//1194
f 1393//1195 1404//1195 1405//1195
f 1392//1196 1393//1196 1405//1196
f 1392//1197 1405//1197 1406//1197
f 1391//1198 1392//1198 1406//1198
f 1391//1199 1406//1199 1407//1199
f 1390//1200 1391//1200 1407//1200
f 1389//1201 1390//1201 1328//1201
f 1328//1202 1390//1202 1327//1202
f 1327//1203 1390//1203 1326//1203
f 1326//1204 1390//1204 1407//1204
f 1326//1205 1407//1205 1325//1205
f 1325//1206 1407//1206 1316//1206
f 1325//1207 1316//1207 1317//1207
f 1325//1208 1317//1208 1318//1208
f 1325//1209 1318//1209 1319//1209
f 1325//1210 1319//1210 1320//1210
f 1325//1211 1320//1211 1321//1211
f 1325//1212 1321//1212 1322//1212
f 1325//1213 1322//1213 1323//1213
f 1325//1214 1323//1214 1324//1214
f 1389//1215 1328//1215 1329//1215
f 1389//1216 1329//1216 1330//1216
f 1389//1217 1330//1217 1331//1217
f 1389//1218 1331//1218 1332//1218
f 1389//1219 1332//1219 1333//1219
f 1389//1220 1333//1220 1334//1220
f 1389//1221 1334//1221 1356//1221
f 1356//1222 1334//1222 1355//1222
f 1355//1223 1334//1223 1354//1223
f 1354//1224 1334//1224 1335//1224
f 1354//1225 1335//1225 1336//1225
f 1354//1226 1336//1226 1337//1226
f 1354//1227 1337//1227 1338//1227
f 1354//1228 1338//1228 1339//1228
f 1354//1229 1339//1229 1340//1229
f 1354//1230 1340//1230 1341//1230
f 1354//1231 1341//1231 1342//1231
f 1354//1232 1342//1232 1343//1232
f 1354//1233 1343//1233 1353//1233
f 1353//1234 1343//1234 1344//1234
f 1353//1235 1344//1235 1345//1235
f 1353//1236 1345//1236 1346//1236
f 1353//1237 1346//1237 1347//1237
f 1353//1238 1347//1238 1348//1238
f 1353//1239 1348//1239 1349//1239
f 1353//1240 1349//1240 1350//1240
f 1353//1241 1350//1241 1351//1241
f 1353//1242 1351//1242 1352//1242
f 1389//1243 1356//1243 1357//1243
f 1389//1244 1357//1244 1358//1244
f 1389//1245 1358//1245 1359//1245
f 1389//1246 1359//1246 1360//1246
f 1389//1247 1360//1247 1361//1247
f 1389//1248 1361//1248 1362//1248
f 1389//1249 1362//1249 1363//1249
f 1389//1250 1363//1250 1364//1250
f 1389//1251 1364//1251 1365//1251
f 1389//1252 1365//1252 1366//1252
f 1389//1253 1366//1253 1367//1253
f 1389//1254 1367//1254 1368//1254
f 1389//1255 1368//1255 1369//1255
f 1389//1256 1369//1256 1370//1256
f 1389//1257 1370//1257 1371//1257
f 1389//1258 1371//1258 1372//1258
f 1388//1259 1389//1259 1372//1259
f 1388//1260 1372//1260 1373//1260
f 1387//1261 1388//1261 1373//1261
f 1387//1262 1373//1262 1374//1262
f 1386//1263 1387//1263 1374//1263
f 1386//1264 1374//1264 1375//1264
f 1385//1265 1386//1265 1375//1265
f 1385//1266 1375//1266 1376//1266
f 1384//1267 1385//1267 1376//1267
f 1384//1268 1376//1268 1377//1268
f 1383//1269 1384//1269 1377//1269
f 1383//1270 1377//1270 1378//1270
f 1382//1271 1383//1271 1378//1271
f 1382//1272 1378//1272 1379//1272
f 1381//1273 1382//1273 1379//1273
f 1381//1274 1379//1274 1380//1274
f 1432//1275 1433//1275 1434//1275
f 1432//1276 1434//1276 1435//1276
f 1431//1277 1432//1277 1435//1277
f 1431//1278 1435//1278 1436//1278
f 1430//1279 1431//1279 1436//1279
f 1430//1280 1436//1280 1437//1280
f 1429//1281 1430//1281 1437//1281
f 1429//1282 1437//1282 1438//1282
f 1428//1283 1429//1283 1438//1283
f 1428//1284 1438//1284 1439//1284
f 1427//1285 1428//1285 1439//1285
f 1427//1286 1439//1286 1440//1286
f 1426//1287 1427//1287 1440//1287
f 1426//1288 1440//1288 1441//1288
f 1425//1289 1426//1289 1472//1289
f 1472//1290 1426//1290 1441//1290
f 1425//1291 1472//1291 1473//1291
f 1471//1292 1472//1292 1441//1292
f 1470//1293 1471//1293 1441//1293
f 1425//1294 1473//1294 1474//1294
f 1470//1295 1441//1295 1442//1295
f 1469//1296 1470//1296 1442//1296
f 1425//1297 1474//1297 1475//1297
f 1424//1298 1425//1298 1475//1298
f 1468//1299 1469//1299 1442//1299
f 1424//1300 1475//1300 1476//1300
f 1468//1301 1442//1301 1443//1301
f 1467//1302 1468//1302 1443//1302
f 1424//1303 1476//1303 1477//1303
f 1423//1304 1424//1304 1477//1304
f 1466//1305 1467//1305 1443//1305
f 1423//1306 1477//1306 1478//1306
f 1466//1307 1443//1307 1444//1307
f 1422//1308 1423//1308 1478//1308
f 1465//1309 1466//1309 1444//1309
f 1422//1310 1478//1310 1479//1310
f 1465//1311 1444//1311 1445//1311
f 1464//1312 1465//1312 1445//1312
f 1421//1313 1422//1313 1479//1313
f 1421//1314 1479//1314 1480//1314
f 1464//1315 1445//1315 1446//1315
f 1463//1316 1464//1316 1446//1316
f 1462//1317 1463//1317 1446//1317
f 1462//1318 1446//1318 1447//1318
f 1461//1319 1462//1319 1447//1319
f 1461//1320 1447//1320 1448//1320
f 1421//1321 1480//1321 1481//1321
f 1460//1322 1461//1322 1448//1322
f 1460//1323 1448//1323 1449//1323
f 1459//1324 1460//1324 1449//1324
f 1459//1325 1449//1325 1450//1325
f 1420//1326 1421//1326 1481//1326
f 1458//1327 1459//1327 1450//1327
f 1458//1328 1450//1328 1451//1328
f 1457//1329 1458//1329 1451//1329
f 1457//1330 1451//1330 1452//1330
f 1456//1331 1457//1331 1452//1331
f 1456//1332 1452//1332 1453//1332
f 1455//1333 1456//1333 1453//1333
f 1455//1334 1453//1334 1454//1334
f 1519//1335 1520//1335 1521//1335
f 1519//1336 1521//1336 1522//1336
f 1518//1337 1519//1337 1522//1337
f 1518//1338 1522//1338 1523//1338
f 1517//1339 1518//1339 1523//1339
f 1517//1340 1523//1340 1524//1340
f 1516//1341 1517//1341 1524//1341
f 1516//1342 1524//1342 1525//1342
f 1515//1343 1516//1343 1525//1343
f 1515//1344 1525//1344 1526//1344
f 1514//1345 1515//1345 1526//1345
f 1514//1346 1526//1346 1527//1346
f 1513//1347 1514//1347 1527//1347
f 1513//1348 1527//1348 1528//1348
f 1512//1349 1513//1349 1528//1349
f 1512//1350 1528//1350 1529//1350
f 1511//1351 1512//1351 1529//1351
f 1511//1352 1529//1352 1502//1352
f 1502//1353 1529//1353 1501//1353
f 1501//1354 1529//1354 1530//1354
f 1510//1355 1511//1355 1502//1355
f 1509//1356 1510//1356 1502//1356
f 1508//1357 1509//1357 1502//1357
f 1507//1358 1508//1358 1502//1358
f 1506//1359 1507//1359 1502//1359
f 1505//1360 1506//1360 1502//1360
f 1504//1361 1505//1361 1502//1361
f 1503//1362 1504//1362 1502//1362
f 1500//1363 1501//1363 1530//1363
f 1499//1364 1500//1364 1530//1364
f 1498//1365 1499//1365 1530//1365
f 1497//1366 1498//1366 1530//1366
f 1497//1367 1530//1367 1531//1367
f 1419//1368 1420//1368 1481//1368
f 1419//1369 1481//1369 1482//1369
f 1496//1370 1497//1370 1531//1370
f 1419//1371 1482//1371 1483//1371
f 1418//1372 1419//1372 1483//1372
f 1495//1373 1496//1373 1531//1373
f 1495//1374 1531//1374 1532//1374
f 1418//1375 1483//1375 1484//1375
f 1417//1376 1418//1376 1484//1376
f 1494//1377 1495//1377 1532//1377
f 1417//1378 1484//1378 1485//1378
f 1493//1379 1494//1379 1532//1379
f 1416//1380 1417//1380 1485//1380
f 1493//1381 1532//1381 1533//1381
f 1416//1382 1485//1382 1486//1382
f 1492//1383 1493//1383 1533//1383
f 1416//1384 1486//1384 1487//1384
f 1491//1385 1492//1385 1533//1385
f 1415//1386 1416//1386 1487//1386
f 1415//1387 1487//1387 1488//1387
f 1490//1388 1491//1388 1533//1388
f 1415//1389 1488//1389 1489//1389
f 1489//1390 1490//1390 1533//1390
f 1415//1391 1489//1391 1533//1391
f 1415//1392 1533//1392 1534//1392
f 1414//1393 1415//1393 1534//1393
f 1413//1394 1414//1394 1534//1394
f 1413//1395 1534//1395 1535//1395
f 1412//1396 1413//1396 1535//1396
f 1412//1397 1535//1397 1536//1397
f 1411//1398 1412//1398 1536//1398
f 1410//1399 1411//1399 1536//1399
f 1410//1400 1536//1400 1537//1400
f 1409//1401 1410//1401 1537//1401
f 1409//1402 1537//1402 1408//1402
f 1578//1403 1579//1403 1580//1403
f 1578//1404 1580//1404 1581//1404
f 1577//1405 1578//1405 1581//1405
f 1576//1406 1577//1406 1581//1406
f 1576//1407 1581//1407 1582//1407
f 1575//1408 1576//1408 1582//1408
f 1574//1409 1575//1409 1582//1409
f 1573//1410 1574//1410 1582//1410
f 1573//1411 1582//1411 1583//1411
f 1572//1412 1573//1412 1583//1412
f 1571//1413 1572//1413 1583//1413
f 1570//1414 1571//1414 1621//1414
f 1621//1415 1571//1415 1620//1415
f 1620//1416 1571//1416 1619//1416
f 1619//1417 1571//1417 1583//1417
f 1619//1418 1583//1418 1584//1418
f 1619//1419 1584//1419 1585//1419
f 1619//1420 1585//1420 1618//1420
f 1618//1421 1585//1421 1586//1421
f 1618//1422 1586//1422 1587//1422
f 1618//1423 1587//1423 1588//1423
f 1618//1424 1588//1424 1644//1424
f 1644//1425 1588//1425 1643//1425
f 1643//1426 1588//1426 1589//1426
f 1642//1427 1643//1427 1589//1427
f 1570//1428 1621//1428 1622//1428
f 1570//1429 1622//1429 1623//1429
f 1641//1430 1642//1430 1589//1430
f 1640//1431 1641//1431 1589//1431
f 1640//1432 1589//1432 1590//1432
f 1639//1433 1640//1433 1590//1433
f 1638//1434 1639//1434 1590//1434
f 1638//1435 1590//1435 1591//1435
f 1637//1436 1638//1436 1591//1436
f 1637//1437 1591//1437 1592//1437
f 1636//1438 1637//1438 1592//1438
f 1636//1439 1592//1439 1593//1439
f 1635//1440 1636//1440 1593//1440
f 1634//1441 1635//1441 1593//1441
f 1634//1442 1593//1442 1594//1442
f 1633//1443 1634//1443 1594//1443
f 1632//1444 1633//1444 1594//1444
f 1632//1445 1594//1445 1595//1445
f 1631//1446 1632//1446 1595//1446
f 1630//1447 1631//1447 1595//1447
f 1630//1448 1595//1448 1596//1448
f 1629//1449 1630//1449 1596//1449
f 1570//1450 1623//1450 1624//1450
f 1570//1451 1624//1451 1625//1451
f 1628//1452 1629//1452 1596//1452
f 1570//1453 1625//1453 1626//1453
f 1570//1454 1626//1454 1627//1454
f 1570//1455 1627//1455 1551//1455
f 1551//1456 1627//1456 1550//1456
f 1550//1457 1627//1457 1549//1457
f 1549//1458 1627//1458 1628//1458
f 1549//1459 1628//1459 1596//1459
f 1549//1460 1596//1460 1597//1460
f 1549//1461 1597//1461 1548//1461
f 1548//1462 1597//1462 1598//1462
f 1548//1463 1598//1463 1599//1463
f 1548//1464 1599//1464 1600//1464
f 1548//1465 1600//1465 1601//1465
f 1548//1466 1601//1466 1602//1466
f 1548//1467 1602//1467 1603//1467
f 1548//1468 1603//1468 1604//1468
f 1548//1469 1604//1469 1605//1469
f 1548//1470 1605//1470 1606//1470
f 1548//1471 1606//1471 1607//1471
f 1548//1472 1607//1472 1608//1472
f 1548//1473 1608//1473 1547//1473
f 1547//1474 1608//1474 1546//1474
f 1546//1475 1608//1475 1545//1475
f 1545//1476 1608//1476 1544//1476
f 1544//1477 1608//1477 1609//1477
f 1543//1478 1544//1478 1609//1478
f 1570//1479 1551//1479 1552//1479
f 1542//1480 1543//1480 1609//1480
f 1570//1481 1552//1481 1553//1481
f 1542//1482 1609//1482 1610//1482
f 1542//1483 1610//1483 1611//1483
f 1569//1484 1570//1484 1553//1484
f 1569//1485 1553//1485 1554//1485
f 1542//1486 1611//1486 1612//1486
f 1568//1487 1569//1487 1554//1487
f 1568//1488 1554//1488 1555//1488
f 1542//1489 1612//1489 1613//1489
f 1541//1490 1542//1490 1613//1490
f 1541//1491 1613//1491 1614//1491
f 1567//1492 1568//1492 1555//1492
f 1567//1493 1555//1493 1556//1493
f 1566//1494 1567//1494 1556//1494
f 1566//1495 1556//1495 1557//1495
f 1540//1496 1541//1496 1614//1496
f 1540//1497 1614//1497 1615//1497
f 1565//1498 1566//1498 1557//1498
f 1565//1499 1557//1499 1558//1499
f 1539//1500 1540//1500 1615//1500
f 1539//1501 1615//1501 1616//1501
f 1564//1502 1565//1502 1558//1502
f 1564//1503 1558//1503 1559//1503
f 1563//1504 1564//1504 1559//1504
f 1563//1505 1559//1505 1560//1505
f 1538//1506 1539//1506 1616//1506
f 1538//1507 1616//1507 1617//1507
f 1562//1508 1563//1508 1560//1508
f 1562//1509 1560//1509 1561//1509
f 1726//1510 1727//1510 1728//1510
f 1726//1511 1728//1511 1729//1511
f 1725//1512 1726//1512 1729//1512
f 1725//1513 1729//1513 1730//1513
f 1724//1514 1725//1514 1730//1514
f 1724//1515 1730//1515 1731//1515
f 1723//1516 1724//1516 1731//1516
f 1723//1517 1731//1517 1732//1517
f 1722//1518 1723//1518 1732//1518
f 1722//1519 1732//1519 1733//1519
f 1722//1520 1733//1520 1734//1520
f 1721//1521 1722//1521 1734//1521
f 1721//1522 1734//1522 1735//1522
f 1720//1523 1721//1523 1735//1523
f 1720//1524 1735//1524 1736//1524
f 1719//1525 1720//1525 1736//1525
f 1718//1526 1719//1526 1657//1526
f 1657//1527 1719//1527 1656//1527
f 1656//1528 1719//1528 1655//1528
f 1655//1529 1719//1529 1736//1529
f 1655//1530 1736//1530 1654//1530
f 1654//1531 1736//1531 1645//1531
f 1654//1532 1645//1532 1646//1532
f 1654//1533 1646//1533 1647//1533
f 1654//1534 1647//1534 1648//1534
f 1654//1535 1648//1535 1649//1535
f 1654//1536 1649//1536 1650//1536
f 1654//1537 1650//1537 1651//1537
f 1654//1538 1651//1538 1652//1538
f 1654//1539 1652//1539 1653//1539
f 1718//1540 1657//1540 1658//1540
f 1718//1541 1658//1541 1659//1541
f 1718//1542 1659//1542 1660//1542
f 1718//1543 1660//1543 1661//1543
f 1718//1544 1661//1544 1662//1544
f 1718//1545 1662//1545 1663//1545
f 1718//1546 1663//1546 1685//1546
f 1685//1547 1663//1547 1684//1547
f 1684//1548 1663//1548 1683//1548
f 1683//1549 1663//1549 1664//1549
f 1683//1550 1664//1550 1665//1550
f 1683//1551 1665//1551 1666//1551
f 1683//1552 1666//1552 1667//1552
f 1683//1553 1667//1553 1668//1553
f 1683//1554 1668//1554 1669//1554
f 1683//1555 1669//1555 1670//1555
f 1683//1556 1670//1556 1671//1556
f 1683//1557 1671//1557 1672//1557
f 1683//1558 1672//1558 1682//1558
f 1682//1559 1672//1559 1673//1559
f 1682//1560 1673//1560 1674//1560
f 1682//1561 1674//1561 1675//1561
f 1682//1562 1675//1562 1676//1562
f 1682//1563 1676//1563 1677//1563
f 1682//1564 1677//1564 1678//1564
f 1682//1565 1678//1565 1679//1565
f 1682//1566 1679//1566 1680//1566
f 1682//1567 1680//1567 1681//1567
f 1718//1568 1685//1568 1686//1568
f 1718//1569 1686//1569 1687//1569
f 1718//1570 1687//1570 1688//1570
f 1718//1571 1688//1571 1689//1571
f 1718//1572 1689//1572 1690//1572
f 1718//1573 1690//1573 1691//1573
f 1718//1574 1691//1574 1692//1574
f 1718//1575 1692//1575 1693//1575
f 1718//1576 1693//1576 1694//1576
f 1718//1577 1694//1577 1695//1577
f 1718//1578 1695//1578 1696//1578
f 1718//1579 1696//1579 1697//1579
f 1718//1580 1697//1580 1698//1580
f 1718//1581 1698//1581 1699//1581
f 1718//1582 1699//1582 1700//1582
f 1718//1583 1700//1583 1701//1583
f 1717//1584 1718//1584 1701//1584
f 1717//1585 1701//1585 1702//1585
f 1716//1586 1717//1586 1702//1586
f 1716//1587 1702//1587 1703//1587
f 1715//1588 1716//1588 1703//1588
f 1715//1589 1703//1589 1704//1589
f 1714//1590 1715//1590 1704//1590
f 1714//1591 1704//1591 1705//1591
f 1713//1592 1714//1592 1705//1592
f 1713//1593 1705//1593 1706//1593
f 1712//1594 1713//1594 1706//1594
f 1712//1595 1706//1595 1707//1595
f 1711//1596 1712//1596 1707//1596
f 1711//1597 1707//1597 1708//1597
f 1710//1598 1711//1598 1708//1598
f 1710//1599 1708//1599 1709//1599
f 1815//1600 1816//1600 1817//1600
f 1815//1601 1817//1601 1818//1601
f 1814//1602 1815//1602 1818//1602
f 1814//1603 1818//1603 1819//1603
f 1813//1604 1814//1604 1819//1604
f 1813//1605 1819//1605 1820//1605
f 1813//1606 1820//1606 1821//1606
f 1812//1607 1813//1607 1821//1607
f 1812//1608 1821//1608 1822//1608
f 1811//1609 1812//1609 1822//1609
f 1811//1610 1822//1610 1823//1610
f 1811//1611 1823//1611 1824//1611
f 1810//1612 1811//1612 1855//1612
f 1855//1613 1811//1613 1824//1613
f 1855//1614 1824//1614 1854//1614
f 1854//1615 1824//1615 1825//1615
f 1810//1616 1855//1616 1856//1616
f 1810//1617 1856//1617 1857//1617
f 1853//1618 1854//1618 1825//1618
f 1810//1619 1857//1619 1858//1619
f 1852//1620 1853//1620 1825//1620
f 1809//1621 1810//1621 1858//1621
f 1809//1622 1858//1622 1859//1622
f 1851//1623 1852//1623 1825//1623
f 1851//1624 1825//1624 1826//1624
f 1809//1625 1859//1625 1860//1625
f 1850//1626 1851//1626 1826//1626
f 1809//1627 1860//1627 1861//1627
f 1808//1628 1809//1628 1861//1628
f 1850//1629 1826//1629 1827//1629
f 1849//1630 1850//1630 1827//1630
f 1808//1631 1861//1631 1862//1631
f 1808//1632 1862//1632 1863//1632
f 1848//1633 1849//1633 1827//1633
f 1848//1634 1827//1634 1828//1634
f 1808//1635 1863//1635 1864//1635
f 1847//1636 1848//1636 1828//1636
f 1807//1637 1808//1637 1864//1637
f 1807//1638 1864//1638 1865//1638
f 1847//1639 1828//1639 1829//1639
f 1846//1640 1847//1640 1829//1640
f 1807//1641 1865//1641 1866//1641
f 1806//1642 1807//1642 1866//1642
f 1845//1643 1846//1643 1829//1643
f 1845//1644 1829//1644 1830//1644
f 1845//1645 1830//1645 1831//1645
f 1844//1646 1845//1646 1831//1646
f 1806//1647 1866//1647 1867//1647
f 1844//1648 1831//1648 1832//1648
f 1843//1649 1844//1649 1832//1649
f 1843//1650 1832//1650 1833//1650
f 1842//1651 1843//1651 1833//1651
f 1841//1652 1842//1652 1833//1652
f 1841//1653 1833//1653 1834//1653
f 1840//1654 1841//1654 1834//1654
f 1840//1655 1834//1655 1835//1655
f 1839//1656 1840//1656 1835//1656
f 1839//1657 1835//1657 1836//1657
f 1838//1658 1839//1658 1836//1658
f 1838//1659 1836//1659 1837//1659
f 1806//1660 1867//1660 1868//1660
f 1805//1661 1806//1661 1868//1661
f 1805//1662 1868//1662 1869//1662
f 1805//1663 1869//1663 1870//1663
f 1805//1664 1870//1664 1871//1664
f 1804//1665 1805//1665 1871//1665
f 1804//1666 1871//1666 1872//1666
f 1804//1667 1872//1667 1873//1667
f 1803//1668 1804//1668 1873//1668
f 1803//1669 1873//1669 1874//1669
f 1803//1670 1874//1670 1875//1670
f 1802//1671 1803//1671 1875//1671
f 1802//1672 1875//1672 1876//1672
f 1801//1673 1802//1673 1876//1673
f 1801//1674 1876//1674 1877//1674
f 1801//1675 1877//1675 1878//1675
f 1800//1676 1801//1676 1878//1676
f 1800//1677 1878//1677 1879//1677
f 1799//1678 1800//1678 1879//1678
f 1799//1679 1879//1679 1880//1679
f 1798//1680 1799//1680 1880//1680
f 1798//1681 1880//1681 1881//1681
f 1797//1682 1798//1682 1881//1682
f 1797//1683 1881//1683 1882//1683
f 1796//1684 1797//1684 1882//1684
f 1795//1685 1796//1685 1882//1685
f 1795//1686 1882//1686 1883//1686
f 1794//1687 1795//1687 1883//1687
f 1794//1688 1883//1688 1884//1688
f 1793//1689 1794//1689 1884//1689
f 1792//1690 1793//1690 1884//1690
f 1791//1691 1792//1691 1884//1691
f 1791//1692 1884//1692 1885//1692
f 1790//1693 1791//1693 1885//1693
f 1789//1694 1790//1694 1885//1694
f 1789//1695 1885//1695 1886//1695
f 1788//1696 1789//1696 1886//1696
f 1787//1697 1788//1697 1886//1697
f 1757//1698 1758//1698 1759//1698
f 1757//1699 1759//1699 1760//1699
f 1756//1700 1757//1700 1760//1700
f 1756//1701 1760//1701 1761//1701
f 1755//1702 1756//1702 1761//1702
f 1755//1703 1761//1703 1762//1703
f 1754//1704 1755//1704 1762//1704
f 1754//1705 1762//1705 1763//1705
f 1753//1706 1754//1706 1763//1706
f 1753//1707 1763//1707 1764//1707
f 1752//1708 1753//1708 1764//1708
f 1752//1709 1764//1709 1765//1709
f 1751//1710 1752//1710 1765//1710
f 1751//1711 1765//1711 1766//1711
f 1786//1712 1787//1712 1886//1712
f 1750//1713 1751//1713 1766//1713
f 1750//1714 1766//1714 1767//1714
f 1749//1715 1750//1715 1767//1715
f 1749//1716 1767//1716 1768//1716
f 1786//1717 1886//1717 1887//1717
f 1785//1718 1786//1718 1887//1718
f 1749//1719 1768//1719 1769//1719
f 1784//1720 1785//1720 1887//1720
f 1748//1721 1749//1721 1769//1721
f 1784//1722 1887//1722 1888//1722
f 1783//1723 1784//1723 1888//1723
f 1748//1724 1769//1724 1770//1724
f 1782//1725 1783//1725 1888//1725
f 1747//1726 1748//1726 1770//1726
f 1747//1727 1770//1727 1771//1727
f 1781//1728 1782//1728 1888//1728
f 1781//1729 1888//1729 1889//1729
f 1747//1730 1771//1730 1772//1730
f 1746//1731 1747//1731 1772//1731
f 1780//1732 1781//1732 1889//1732
f 1746//1733 1772//1733 1773//1733
f 1779//1734 1780//1734 1889//1734
f 1745//1735 1746//1735 1773//1735
f 1745//1736 1773//1736 1774//1736
f 1779//1737 1889//1737 1890//1737
f 1778//1738 1779//1738 1890//1738
f 1745//1739 1774//1739 1775//1739
f 1777//1740 1778//1740 1890//1740
f 1745//1741 1775//1741 1776//1741
f 1776//1742 1777//1742 1890//1742
f 1745//1743 1776//1743 1890//1743
f 1744//1744 1745//1744 1890//1744
f 1744//1745 1890//1745 1891//1745
f 1743//1746 1744//1746 1891//1746
f 1742//1747 1743//1747 1891//1747
f 1742//1748 1891//1748 1892//1748
f 1741//1749 1742//1749 1892//1749
f 1741//1750 1892//1750 1893//1750
f 1740//1751 1741//1751 1893//1751
f 1739//1752 1740//1752 1893//1752
f 1739//1753 1893//1753 1894//1753
f 1738//1754 1739//1754 1894//1754
f 1738//1755 1894//1755 1737//1755
f 1898//1756 1895//1756 1896//1756
f 1900//1757 1897//1757 1898//1757
f 1902//1758 1899//1758 1900//1758
f 1904//1759 1901//1759 1902//1759
f 1906//1760 1903//1760 1904//1760
f 1908//1761 1905//1761 1906//1761
f 1910//1762 1907//1762 1908//1762
f 1912//1763 1909//1763 1910//1763
f 1914//1764 1911//1764 1912//1764
f 1916//1765 1913//1765 1914//1765
f 1918//1766 1915//1766 1916//1766
f 1920//1767 1917//1767 1918//1767
f 1922//1768 1919//1768 1920//1768
f 1924//1769 1921//1769 1922//1769
f 1926//1770 1923//1770 1924//1770
f 1928//1771 1925//1771 1926//1771
f 1930//1772 1927//1772 1928//1772
f 1932//1773 1929//1773 1930//1773
f 1934//1774 1931//1774 1932//1774
f 1936//1775 1933//1775 1934//1775
f 1938//1776 1935//1776 1936//1776
f 1940//1777 1937//1777 1938//1777
f 1942//1778 1939//1778 1940//1778
f 1944//1779 1941//1779 1942//1779
f 1946//1780 1943//1780 1944//1780
f 1948//1781 1945//1781 1946//1781
f 1950//1782 1947//1782 1948//1782
f 1952//1783 1949//1783 1950//1783
f 1954//1784 1951//1784 1952//1784
f 1956//1785 1953//1785 1954//1785
f 1958//1786 1955//1786 1956//1786
f 1960//1787 1957//1787 1958//1787
f 1962//1788 1959//1788 1960//1788
f 1964//1789 1961//1789 1962//1789
f 1966//1790 1963//1790 1964//1790
f 1968//1791 1965//1791 1966//1791
f 1970//1792 1967//1792 1968//1792
f 1972//1793 1969//1793 1970//1793
f 1974//1794 1971//1794 1972//1794
f 1976//1795 1973//1795 1974//1795
f 1978//1796 1975//1796 1976//1796
f 1980//1797 1977//1797 1978//1797
f 1982//1798 1979//1798 1980//1798
f 1984//1799 1981//1799 1982//1799
f 1986//1800 1983//1800 1984//1800
f 1988//1801 1985//1801 1986//1801
f 1990//1802 1987//1802 1988//1802
f 1992//1803 1989//1803 1990//1803
f 1994//1804 1991//1804 1992//1804
f 1996//1805 1993//1805 1994//1805
f 1998//1806 1995//1806 1996//1806
f 2000//1807 1997//1807 1998//1807
f 2002//1808 1999//1808 2000//1808
f 2004//1809 2001//1809 2002//1809
f 2006//1810 2003//1810 2004//1810
f 2008//1811 2005//1811 2006//1811
f 2010//1812 2007//1812 2008//1812
f 2012//1813 2009//1813 2010//1813
f 2014//1814 2011//1814 2012//1814
f 2016//1815 2013//1815 2014//1815
f 2018//1816 2015//1816 2016//1816
f 2020//1817 2017//1817 2018//1817
f 2022//1818 2019//1818 2020//1818
f 2024//1819 2021//1819 2022//1819
f 2026//1820 2023//1820 2024//1820
f 2028//1821 2025//1821 2026//1821
f 2030//1822 2027//1822 2028//1822
f 2032//1823 2029//1823 2030//1823
f 2034//1824 2031//1824 2032//1824
f 2036//1825 2033//1825 2034//1825
f 2038//1826 2035//1826 2036//1826
f 2040//1827 2037//1827 2038//1827
f 2042//1828 2039//1828 2040//1828
f 2044//1829 2041//1829 2042//1829
f 2046//1830 2043//1830 2044//1830
f 2048//1831 2045//1831 2046//1831
f 2050//1832 2047//1832 2048//1832
f 2052//1833 2049//1833 2050//1833
f 2054//1834 2051//1834 2052//1834
f 2056//1835 2053//1835 2054//1835
f 2058//1836 2055//1836 2056//1836
f 2060//1837 2057//1837 2058//1837
f 2062//1838 2059//1838 2060//1838
f 2064//1839 2061//1839 2062//1839
f 2066//1840 2063//1840 2064//1840
f 2068//1841 2065//1841 2066//1841
f 2070//1842 2067//1842 2068//1842
f 2072//1843 2069//1843 2070//1843
f 2074//1844 2071//1844 2072//1844
f 2076//1845 2073//1845 2074//1845
f 2078//1846 2075//1846 2076//1846
f 2080//1847 2077//1847 2078//1847
f 2082//1848 2079//1848 2080//1848
f 2084//1849 2081//1849 2082//1849
f 2086//1850 2083//1850 2084//1850
f 2088//1851 2085//1851 2086//1851
f 2090//1852 2087//1852 2088//1852
f 2092//1853 2089//1853 2090//1853
f 2094//1854 2091//1854 2092//1854
f 2096//1855 2093//1855 2094//1855
f 2098//1856 2095//1856 2096//1856
f 2100//1857 2097//1857 2098//1857
f 2102//1858 2099//1858 2100//1858
f 2104//1859 2101//1859 2102//1859
f 2106//1860 2103//1860 2104//1860
f 2108//1861 2105//1861 2106//1861
f 2110//1862 2107//1862 2108//1862
f 2112//1863 2109//1863 2110//1863
f 2114//1864 2111//1864 2112//1864
f 2116//1865 2113//1865 2114//1865
f 2118//1866 2115//1866 2116//1866
f 2120//1867 2117//1867 2118//1867
f 2122//1868 2119//1868 2120//1868
f 2124//1869 2121//1869 2122//1869
f 2126//1870 2123//1870 2124//1870
f 2128//1871 2125//1871 2126//1871
f 2130//1872 2127//1872 2128//1872
f 2132//1873 2129//1873 2130//1873
f 2134//1874 2131//1874 2132//1874
f 2136//1875 2133//1875 2134//1875
f 2138//1876 2135//1876 2136//1876
f 2140//1877 2137//1877 2138//1877
f 2142//1878 2139//1878 2140//1878
f 2144//1879 2141//1879 2142//1879
f 2146//1880 2143//1880 2144//1880
f 2148//1881 2145//1881 2146//1881
f 2150//1882 2147//1882 2148//1882
f 2152//1883 2149//1883 2150//1883
f 2154//1884 2151//1884 2152//1884
f 2156//1885 2153//1885 2154//1885
f 2158//1886 2155//1886 2156//1886
f 2160//1887 2157//1887 2158//1887
f 2162//1888 2159//1888 2160//1888
f 2164//1889 2161//1889 2162//1889
f 2166//1890 2163//1890 2164//1890
f 2168//1891 2165//1891 2166//1891
f 2170//1892 2167//1892 2168//1892
f 2172//1893 2169//1893 2170//1893
f 2174//1894 2171//1894 2172//1894
f 2176//1895 2173//1895 2174//1895
f 2178//1896 2175//1896 2176//1896
f 2180//1897 2177//1897 2178//1897
f 2182//1898 2179//1898 2180//1898
f 2184//1899 2181//1899 2182//1899
f 2186//1900 2183//1900 2184//1900
f 2188//1901 2185//1901 2186//1901
f 2190//1902 2187//1902 2188//1902
f 2192//1903 2189//1903 2190//1903
f 2194//1904 2191//1904 2192//1904
f 2196//1905 2193//1905 2194//1905
f 2198//1906 2195//1906 2196//1906
f 2200//1907 2197//1907 2198//1907
f 2202//1908 2199//1908 2200//1908
f 2204//1909 2201//1909 2202//1909
f 2206//1910 2203//1910 2204//1910
f 2208//1911 2205//1911 2206//1911
f 2210//1912 2207//1912 2208//1912
f 1896//1913 2209//1913 2210//1913
f 2214//1914 2211//1914 2212//1914
f 2216//1915 2213//1915 2214//1915
f 2218//1916 2215//1916 2216//1916
f 2220//1917 2217//1917 2218//1917
f 2222//1918 2219//1918 2220//1918
f 2224//1919 2221//1919 2222//1919
f 2226//1920 2223//1920 2224//1920
f 2228//1921 2225//1921 2226//1921
f 2230//1922 2227//1922 2228//1922
f 2232//1923 2229//1923 2230//1923
f 2234//1924 2231//1924 2232//1924
f 2236//1925 2233//1925 2234//1925
f 2238//1926 2235//1926 2236//1926
f 2240//1927 2237//1927 2238//1927
f 2242//1928 2239//1928 2240//1928
f 2244//1929 2241//1929 2242//1929
f 2246//1930 2243//1930 2244//1930
f 2248//1931 2245//1931 2246//1931
f 2250//1932 2247//1932 2248//1932
f 2252//1933 2249//1933 2250//1933
f 2254//1934 2251//1934 2252//1934
f 2256//1935 2253//1935 2254//1935
f 2258//1936 2255//1936 2256//1936
f 2260//1937 2257//1937 2258//1937
f 2262//1938 2259//1938 2260//1938
f 2264//1939 2261//1939 2262//1939
f 2266//1940 2263//1940 2264//1940
f 2268//1941 2265//1941 2266//1941
f 2270//1942 2267//1942 2268//1942
f 2272//1943 2269//1943 2270//1943
f 2274//1944 2271//1944 2272//1944
f 2276//1945 2273//1945 2274//1945
f 2278//1946 2275//1946 2276//1946
f 2280//1947 2277//1947 2278//1947
f 2282//1948 2279//1948 2280//1948
f 2284//1949 2281//1949 2282//1949
f 2286//1950 2283//1950 2284//1950
f 2288//1951 2285//1951 2286//1951
f 2290//1952 2287//1952 2288//1952
f 2292//1953 2289//1953 2290//1953
f 2294//1954 2291//1954 2292//1954
f 2296//1955 2293//1955 2294//1955
f 2298//1956 2295//1956 2296//1956
f 2300//1957 2297//1957 2298//1957
f 2302//1958 2299//1958 2300//1958
f 2304//1959 2301//1959 2302//1959
f 2306//1960 2303//1960 2304//1960
f 2308//1961 2305//1961 2306//1961
f 2310//1962 2307//1962 2308//1962
f 2312//1963 2309//1963 2310//1963
f 2314//1964 2311//1964 2312//1964
f 2316//1965 2313//1965 2314//1965
f 2318//1966 2315//1966 2316//1966
f 2320//1967 2317//1967 2318//1967
f 2322//1968 2319//1968 2320//1968
f 2324//1969 2321//1969 2322//1969
f 2326//1970 2323//1970 2324//1970
f 2328//1971 2325//1971 2326//1971
f 2330//1972 2327//1972 2328//1972
f 2332//1973 2329//1973 2330//1973
f 2334//1974 2331//1974 2332//1974
f 2336//1975 2333//1975 2334//1975
f 2338//1976 2335//1976 2336//1976
f 2340//1977 2337//1977 2338//1977
f 2342//1978 2339//1978 2340//1978
f 2344//1979 2341//1979 2342//1979
f 2346//1980 2343//1980 2344//1980
f 2348//1981 2345//1981 2346//1981
f 2350//1982 2347//1982 2348//1982
f 2352//1983 2349//1983 2350//1983
f 2354//1984 2351//1984 2352//1984
f 2356//1985 2353//1985 2354//1985
f 2358//1986 2355//1986 2356//1986
f 2360//1987 2357//1987 2358//1987
f 2362//1988 2359//1988 2360//1988
f 2364//1989 2361//1989 2362//1989
f 2366//1990 2363//1990 2364//1990
f 2368//1991 2365//1991 2366//1991
f 2370//1992 2367//1992 2368//1992
f 2372//1993 2369//1993 2370//1993
f 2374//1994 2371//1994 2372//1994
f 2376//1995 2373//1995 2374//1995
f 2378//1996 2375//1996 2376//1996
f 2380//1997 2377//1997 2378//1997
f 2382//1998 2379//1998 2380//1998
f 2384//1999 2381//1999 2382//1999
f 2386//2000 2383//2000 2384//2000
f 2388//2001 2385//2001 2386//2001
f 2390//2002 2387//2002 2388//2002
f 2392//2003 2389//2003 2390//2003
f 2394//2004 2391//2004 2392//2004
f 2212//2005 2393//2005 2394//2005
f 2398//2006 2395//2006 2396//2006
f 2400//2007 2397//2007 2398//2007
f 2402//2008 2399//2008 2400//2008
f 2404//2009 2401//2009 2402//2009
f 2406//2010 2403//2010 2404//2010
f 2408//2011 2405//2011 2406//2011
f 2410//2012 2407//2012 2408//2012
f 2412//2013 2409//2013 2410//2013
f 2414//2014 2411//2014 2412//2014
f 2416//2015 2413//2015 2414//2015
f 2418//2016 2415//2016 2416//2016
f 2420//2017 2417//2017 2418//2017
f 2422//2018 2419//2018 2420//2018
f 2424//2019 2421//2019 2422//2019
f 2426//2020 2423//2020 2424//2020
f 2428//2021 2425//2021 2426//2021
f 2430//2022 2427//2022 2428//2022
f 2432//2023 2429//2023 2430//2023
f 2434//2024 2431//2024 2432//2024
f 2436//2025 2433//2025 2434//2025
f 2438//2026 2435//2026 2436//2026
f 2440//2027 2437//2027 2438//2027
f 2442//2028 2439//2028 2440//2028
f 2444//2029 2441//2029 2442//2029
f 2446//2030 2443//2030 2444//2030
f 2448//2031 2445//2031 2446//2031
f 2450//2032 2447//2032 2448//2032
f 2452//2033 2449//2033 2450//2033
f 2454//2034 2451//2034 2452//2034
f 2456//2035 2453//2035 2454//2035
f 2458//2036 2455//2036 2456//2036
f 2460//2037 2457//2037 2458//2037
f 2462//2038 2459//2038 2460//2038
f 2464//2039 2461//2039 2462//2039
f 2466//2040 2463//2040 2464//2040
f 2468//2041 2465//2041 2466//2041
f 2470//2042 2467//2042 2468//2042
f 2472//2043 2469//2043 2470//2043
f 2474//2044 2471//2044 2472//2044
f 2476//2045 2473//2045 2474//2045
f 2478//2046 2475//2046 2476//2046
f 2480//2047 2477//2047 2478//2047
f 2482//2048 2479//2048 2480//2048
f 2484//2049 2481//2049 2482//2049
f 2486//2050 2483//2050 2484//2050
f 2488//2051 2485//2051 2486//2051
f 2490//2052 2487//2052 2488//2052
f 2492//2053 2489//2053 2490//2053
f 2494//2054 2491//2054 2492//2054
f 2496//2055 2493//2055 2494//2055
f 2498//2056 2495//2056 2496//2056
f 2500//2057 2497//2057 2498//2057
f 2502//2058 2499//2058 2500//2058
f 2504//2059 2501//2059 2502//2059
f 2506//2060 2503//2060 2504//2060
f 2508//2061 2505//2061 2506//2061
f 2510//2062 2507//2062 2508//2062
f 2512//2063 2509//2063 2510//2063
f 2514//2064 2511//2064 2512//2064
f 2516//2065 2513//2065 2514//2065
f 2518//2066 2515//2066 2516//2066
f 2520//2067 2517//2067 2518//2067
f 2522//2068 2519//2068 2520//2068
f 2524//2069 2521//2069 2522//2069
f 2526//2070 2523//2070 2524//2070
f 2528//2071 2525//2071 2526//2071
f 2530//2072 2527//2072 2528//2072
f 2532//2073 2529//2073 2530//2073
f 2534//2074 2531//2074 2532//2074
f 2536//2075 2533//2075 2534//2075
f 2538//2076 2535//2076 2536//2076
f 2540//2077 2537//2077 2538//2077
f 2542//2078 2539//2078 2540//2078
f 2544//2079 2541//2079 2542//2079
f 2546//2080 2543//2080 2544//2080
f 2548//2081 2545//2081 2546//2081
f 2550//2082 2547//2082 2548//2082
f 2552//2083 2549//2083 2550//2083
f 2554//2084 2551//2084 2552//2084
f 2396//2085 2553//2085 2554//2085
f 2558//2086 2555//2086 2556//2086
f 2560//2087 2557//2087 2558//2087
f 2562//2088 2559//2088 2560//2088
f 2564//2089 2561//2089 2562//2089
f 2566//2090 2563//2090 2564//2090
f 2568//2091 2565//2091 2566//2091
f 2570//2092 2567//2092 2568//2092
f 2572//2093 2569//2093 2570//2093
f 2574//2094 2571//2094 2572//2094
f 2576//2095 2573//2095 2574//2095
f 2578//2096 2575//2096 2576//2096
f 2580//2097 2577//2097 2578//2097
f 2582//2098 2579//2098 2580//2098
f 2584//2099 2581//2099 2582//2099
f 2586//2100 2583//2100 2584//2100
f 2588//2101 2585//2101 2586//2101
f 2590//2102 2587//2102 2588//2102
f 2592//2103 2589//2103 2590//2103
f 2594//2104 2591//2104 2592//2104
f 2596//2105 2593//2105 2594//2105
f 2598//2106 2595//2106 2596//2106
f 2600//2107 2597//2107 2598//2107
f 2602//2108 2599//2108 2600//2108
f 2604//2109 2601//2109 2602//2109
f 2606//2110 2603//2110 2604//2110
f 2608//2111 2605//2111 2606//2111
f 2556//2112 2607//2112 2608//2112
f 2612//2113 2609//2113 2610//2113
f 2614//2114 2611//2114 2612//2114
f 2616//2115 2613//2115 2614//2115
f 2618//2116 2615//2116 2616//2116
f 2620//2117 2617//2117 2618//2117
f 2622//2118 2619//2118 2620//2118
f 2624//2119 2621//2119 2622//2119
f 2626//2120 2623//2120 2624//2120
f 2628//2121 2625//2121 2626//2121
f 2630//2122 2627//2122 2628//2122
f 2632//2123 2629//2123 2630//2123
f 2634//2124 2631//2124 2632//2124
f 2636//2125 2633//2125 2634//2125
f 2638//2126 2635//2126 2636//2126
f 2640//2127 2637//2127 2638//2127
f 2642//2128 2639//2128 2640//2128
f 2644//2129 2641//2129 2642//2129
f 2646//2130 2643//2130 2644//2130
f 2648//2131 2645//2131 2646//2131
f 2650//2132 2647//2132 2648//2132
f 2652//2133 2649//2133 2650//2133
f 2654//2134 2651//2134 2652//2134
f 2656//2135 2653//2135 2654//2135
f 2658//2136 2655//2136 2656//2136
f 2660//2137 2657//2137 2658//2137
f 2662//2138 2659//2138 2660//2138
f 2664//2139 2661//2139 2662//2139
f 2666//2140 2663//2140 2664//2140
f 2668//2141 2665//2141 2666//2141
f 2670//2142 2667//2142 2668//2142
f 2672//2143 2669//2143 2670//2143
f 2674//2144 2671//2144 2672//2144
f 2676//2145 2673//2145 2674//2145
f 2678//2146 2675//2146 2676//2146
f 2680//2147 2677//2147 2678//2147
f 2682//2148 2679//2148 2680//2148
f 2684//2149 2681//2149 2682//2149
f 2686//2150 2683//2150 2684//2150
f 2688//2151 2685//2151 2686//2151
f 2690//2152 2687//2152 2688//2152
f 2692//2153 2689//2153 2690//2153
f 2694//2154 2691//2154 2692//2154
f 2696//2155 2693//2155 2694//2155
f 2698//2156 2695//2156 2696//2156
f 2700//2157 2697//2157 2698//2157
f 2702//2158 2699//2158 2700//2158
f 2704//2159 2701//2159 2702//2159
f 2706//2160 2703//2160 2704//2160
f 2708//2161 2705//2161 2706//2161
f 2710//2162 2707//2162 2708//2162
f 2712//2163 2709//2163 2710//2163
f 2714//2164 2711//2164 2712//2164
f 2716//2165 2713//2165 2714//2165
f 2718//2166 2715//2166 2716//2166
f 2720//2167 2717//2167 2718//2167
f 2722//2168 2719//2168 2720//2168
f 2724//2169 2721//2169 2722//2169
f 2726//2170 2723//2170 2724//2170
f 2728//2171 2725//2171 2726//2171
f 2730//2172 2727//2172 2728//2172
f 2732//2173 2729//2173 2730//2173
f 2734//2174 2731//2174 2732//2174
f 2736//2175 2733//2175 2734//2175
f 2738//2176 2735//2176 2736//2176
f 2740//2177 2737//2177 2738//2177
f 2742//2178 2739//2178 2740//2178
f 2744//2179 2741//2179 2742//2179
f 2746//2180 2743//2180 2744//2180
f 2748//2181 2745//2181 2746//2181
f 2750//2182 2747//2182 2748//2182
f 2752//2183 2749//2183 2750//2183
f 2754//2184 2751//2184 2752//2184
f 2756//2185 2753//2185 2754//2185
f 2758//2186 2755//2186 2756//2186
f 2760//2187 2757//2187 2758//2187
f 2762//2188 2759//2188 2760//2188
f 2764//2189 2761//2189 2762//2189
f 2766//2190 2763//2190 2764//2190
f 2768//2191 2765//2191 2766//2191
f 2770//2192 2767//2192 2768//2192
f 2772//2193 2769//2193 2770//2193
f 2774//2194 2771//2194 2772//2194
f 2776//2195 2773//2195 2774//2195
f 2778//2196 2775//2196 2776//2196
f 2780//2197 2777//2197 2778//2197
f 2782//2198 2779//2198 2780//2198
f 2784//2199 2781//2199 2782//2199
f 2786//2200 2783//2200 2784//2200
f 2788//2201 2785//2201 2786//2201
f 2790//2202 2787//2202 2788//2202
f 2792//2203 2789//2203 2790//2203
f 2794//2204 2791//2204 2792//2204
f 2796//2205 2793//2205 2794//2205
f 2798//2206 2795//2206 2796//2206
f 2800//2207 2797//2207 2798//2207
f 2802//2208 2799//2208 2800//2208
f 2804//2209 2801//2209 2802//2209
f 2806//2210 2803//2210 2804//2210
f 2808//2211 2805//2211 2806//2211
f 2810//2212 2807//2212 2808//2212
f 2812//2213 2809//2213 2810//2213
f 2814//2214 2811//2214 2812//2214
f 2816//2215 2813//2215 2814//2215
f 2818//2216 2815//2216 2816//2216
f 2820//2217 2817//2217 2818//2217
f 2822//2218 2819//2218 2820//2218
f 2824//2219 2821//2219 2822//2219
f 2826//2220 2823//2220 2824//2220
f 2828//2221 2825//2221 2826//2221
f 2830//2222 2827//2222 2828//2222
f 2832//2223 2829//2223 2830//2223
f 2834//2224 2831//2224 2832//2224
f 2836//2225 2833//2225 2834//2225
f 2838//2226 2835//2226 2836//2226
f 2840//2227 2837//2227 2838//2227
f 2842//2228 2839//2228 2840//2228
f 2844//2229 2841//2229 2842//2229
f 2846//2230 2843//2230 2844//2230
f 2848//2231 2845//2231 2846//2231
f 2850//2232 2847//2232 2848//2232
f 2852//2233 2849//2233 2850//2233
f 2854//2234 2851//2234 2852//2234
f 2856//2235 2853//2235 2854//2235
f 2858//2236 2855//2236 2856//2236
f 2860//2237 2857//2237 2858//2237
f 2862//2238 2859//2238 2860//2238
f 2864//2239 2861//2239 2862//2239
f 2866//2240 2863//2240 2864//2240
f 2868//2241 2865//2241 2866//2241
f 2610//2242 2867//2242 2868//2242
f 2872//2243 2869//2243 2870//2243
f 2874//2244 2871//2244 2872//2244
f 2876//2245 2873//2245 2874//2245
f 2878//2246 2875//2246 2876//2246
f 2880//2247 2877//2247 2878//2247
f 2882//2248 2879//2248 2880//2248
f 2884//2249 2881//2249 2882//2249
f 2886//2250 2883//2250 2884//2250
f 2888//2251 2885//2251 2886//2251
f 2890//2252 2887//2252 2888//2252
f 2892//2253 2889//2253 2890//2253
f 2894//2254 2891//2254 2892//2254
f 2896//2255 2893//2255 2894//2255
f 2898//2256 2895//2256 2896//2256
f 2900//2257 2897//2257 2898//2257
f 2902//2258 2899//2258 2900//2258
f 2904//2259 2901//2259 2902//2259
f 2906//2260 2903//2260 2904//2260
f 2908//2261 2905//2261 2906//2261
f 2910//2262 2907//2262 2908//2262
f 2912//2263 2909//2263 2910//2263
f 2914//2264 2911//2264 2912//2264
f 2916//2265 2913//2265 2914//2265
f 2918//2266 2915//2266 2916//2266
f 2920//2267 2917//2267 2918//2267
f 2922//2268 2919//2268 2920//2268
f 2924//2269 2921//2269 2922//2269
f 2926//2270 2923//2270 2924//2270
f 2928//2271 2925//2271 2926//2271
f 2930//2272 2927//2272 2928//2272
f 2932//2273 2929//2273 2930//2273
f 2934//2274 2931//2274 2932//2274
f 2936//2275 2933//2275 2934//2275
f 2938//2276 2935//2276 2936//2276
f 2940//2277 2937//2277 2938//2277
f 2942//2278 2939//2278 2940//2278
f 2944//2279 2941//2279 2942//2279
f 2946//2280 2943//2280 2944//2280
f 2948//2281 2945//2281 2946//2281
f 2950//2282 2947//2282 2948//2282
f 2952//2283 2949//2283 2950//2283
f 2954//2284 2951//2284 2952//2284
f 2956//2285 2953//2285 2954//2285
f 2958//2286 2955//2286 2956//2286
f 2960//2287 2957//2287 2958//2287
f 2962//2288 2959//2288 2960//2288
f 2964//2289 2961//2289 2962//2289
f 2966//2290 2963//2290 2964//2290
f 2968//2291 2965//2291 2966//2291
f 2970//2292 2967//2292 2968//2292
f 2972//2293 2969//2293 2970//2293
f 2974//2294 2971//2294 2972//2294
f 2976//2295 2973//2295 2974//2295
f 2978//2296 2975//2296 2976//2296
f 2980//2297 2977//2297 2978//2297
f 2982//2298 2979//2298 2980//2298
f 2984//2299 2981//2299 2982//2299
f 2986//2300 2983//2300 2984//2300
f 2988//2301 2985//2301 2986//2301
f 2990//2302 2987//2302 2988//2302
f 2992//2303 2989//2303 2990//2303
f 2994//2304 2991//2304 2992//2304
f 2996//2305 2993//2305 2994//2305
f 2998//2306 2995//2306 2996//2306
f 3000//2307 2997//2307 2998//2307
f 3002//2308 2999//2308 3000//2308
f 3004//2309 3001//2309 3002//2309
f 3006//2310 3003//2310 3004//2310
f 3008//2311 3005//2311 3006//2311
f 3010//2312 3007//2312 3008//2312
f 3012//2313 3009//2313 3010//2313
f 3014//2314 3011//2314 3012//2314
f 3016//2315 3013//2315 3014//2315
f 3018//2316 3015//2316 3016//2316
f 3020//2317 3017//2317 3018//2317
f 3022//2318 3019//2318 3020//2318
f 3024//2319 3021//2319 3022//2319
f 3026//2320 3023//2320 3024//2320
f 3028//2321 3025//2321 3026//2321
f 3030//2322 3027//2322 3028//2322
f 3032//2323 3029//2323 3030//2323
f 3034//2324 3031//2324 3032//2324
f 3036//2325 3033//2325 3034//2325
f 3038//2326 3035//2326 3036//2326
f 3040//2327 3037//2327 3038//2327
f 3042//2328 3039//2328 3040//2328
f 3044//2329 3041//2329 3042//2329
f 3046//2330 3043//2330 3044//2330
f 3048//2331 3045//2331 3046//2331
f 3050//2332 3047//2332 3048//2332
f 3052//2333 3049//2333 3050//2333
f 2870//2334 3051//2334 3052//2334
f 3056//2335 3053//2335 3054//2335
f 3058//2336 3055//2336 3056//2336
f 3060//2337 3057//2337 3058//2337
f 3062//2338 3059//2338 3060//2338
f 3064//2339 3061//2339 3062//2339
f 3066//2340 3063//2340 3064//2340
f 3068//2341 3065//2341 3066//2341
f 3070//2342 3067//2342 3068//2342
f 3072//2343 3069//2343 3070//2343
f 3074//2344 3071//2344 3072//2344
f 3076//2345 3073//2345 3074//2345
f 3078//2346 3075//2346 3076//2346
f 3080//2347 3077//2347 3078//2347
f 3082//2348 3079//2348 3080//2348
f 3084//2349 3081//2349 3082//2349
f 3086//2350 3083//2350 3084//2350
f 3088//2351 3085//2351 3086//2351
f 3090//2352 3087//2352 3088//2352
f 3092//2353 3089//2353 3090//2353
f 3094//2354 3091//2354 3092//2354
f 3096//2355 3093//2355 3094//2355
f 3098//2356 3095//2356 3096//2356
f 3100//2357 3097//2357 3098//2357
f 3102//2358 3099//2358 3100//2358
f 3104//2359 3101//2359 3102//2359
f 3106//2360 3103//2360 3104//2360
f 3108//2361 3105//2361 3106//2361
f 3110//2362 3107//2362 3108//2362
f 3112//2363 3109//2363 3110//2363
f 3114//2364 3111//2364 3112//2364
f 3116//2365 3113//2365 3114//2365
f 3118//2366 3115//2366 3116//2366
f 3120//2367 3117//2367 3118//2367
f 3122//2368 3119//2368 3120//2368
f 3124//2369 3121//2369 3122//2369
f 3126//2370 3123//2370 3124//2370
f 3128//2371 3125//2371 3126//2371
f 3130//2372 3127//2372 3128//2372
f 3132//2373 3129//2373 3130//2373
f 3134//2374 3131//2374 3132//2374
f 3136//2375 3133//2375 3134//2375
f 3138//2376 3135//2376 3136//2376
f 3140//2377 3137//2377 3138//2377
f 3142//2378 3139//2378 3140//2378
f 3144//2379 3141//2379 3142//2379
f 3146//2380 3143//2380 3144//2380
f 3148//2381 3145//2381 3146//2381
f 3150//2382 3147//2382 3148//2382
f 3152//2383 3149//2383 3150//2383
f 3154//2384 3151//2384 3152//2384
f 3156//2385 3153//2385 3154//2385
f 3158//2386 3155//2386 3156//2386
f 3160//2387 3157//2387 3158//2387
f 3162//2388 3159//2388 3160//2388
f 3164//2389 3161//2389 3162//2389
f 3166//2390 3163//2390 3164//2390
f 3168//2391 3165//2391 3166//2391
f 3170//2392 3167//2392 3168//2392
f 3172//2393 3169//2393 3170//2393
f 3174//2394 3171//2394 3172//2394
f 3176//2395 3173//2395 3174//2395
f 3178//2396 3175//2396 3176//2396
f 3180//2397 3177//2397 3178//2397
f 3182//2398 3179//2398 3180//2398
f 3184//2399 3181//2399 3182//2399
f 3186//2400 3183//2400 3184//2400
f 3188//2401 3185//2401 3186//2401
f 3190//2402 3187//2402 3188//2402
f 3192//2403 3189//2403 3190//2403
f 3194//2404 3191//2404 3192//2404
f 3196//2405 3193//2405 3194//2405
f 3198//2406 3195//2406 3196//2406
f 3200//2407 3197//2407 3198//2407
f 3202//2408 3199//2408 3200//2408
f 3204//2409 3201//2409 3202//2409
f 3206//2410 3203//2410 3204//2410
f 3208//2411 3205//2411 3206//2411
f 3210//2412 3207//2412 3208//2412
f 3212//2413 3209//2413 3210//2413
f 3214//2414 3211//2414 3212//2414
f 3216//2415 3213//2415 3214//2415
f 3054//2416 3215//2416 3216//2416
f 3220//2417 3217//2417 3218//2417
f 3222//2418 3219//2418 3220//2418
f 3224//2419 3221//2419 3222//2419
f 3226//2420 3223//2420 3224//2420
f 3228//2421 3225//2421 3226//2421
f 3230//2422 3227//2422 3228//2422
f 3232//2423 3229//2423 3230//2423
f 3234//2424 3231//2424 3232//2424
f 3236//2425 3233//2425 3234//2425
f 3238//2426 3235//2426 3236//2426
f 3240//2427 3237//2427 3238//2427
f 3242//2428 3239//2428 3240//2428
f 3244//2429 3241//2429 3242//2429
f 3246//2430 3243//2430 3244//2430
f 3248//2431 3245//2431 3246//2431
f 3250//2432 3247//2432 3248//2432
f 3252//2433 3249//2433 3250//2433
f 3254//2434 3251//2434 3252//2434
f 3256//2435 3253//2435 3254//2435
f 3258//2436 3255//2436 3256//2436
f 3260//2437 3257//2437 3258//2437
f 3262//2438 3259//2438 3260//2438
f 3264//2439 3261//2439 3262//2439
f 3266//2440 3263//2440 3264//2440
f 3268//2441 3265//2441 3266//2441
f 3270//2442 3267//2442 3268//2442
f 3272//2443 3269//2443 3270//2443
f 3274//2444 3271//2444 3272//2444
f 3276//2445 3273//2445 3274//2445
f 3278//2446 3275//2446 3276//2446
f 3280//2447 3277//2447 3278//2447
f 3282//2448 3279//2448 3280//2448
f 3284//2449 3281//2449 3282//2449
f 3286//2450 3283//2450 3284//2450
f 3288//2451 3285//2451 3286//2451
f 3290//2452 3287//2452 3288//2452
f 3292//2453 3289//2453 3290//2453
f 3294//2454 3291//2454 3292//2454
f 3296//2455 3293//2455 3294//2455
f 3298//2456 3295//2456 3296//2456
f 3300//2457 3297//2457 3298//2457
f 3302//2458 3299//2458 3300//2458
f 3304//2459 3301//2459 3302//2459
f 3306//2460 3303//2460 3304//2460
f 3308//2461 3305//2461 3306//2461
f 3310//2462 3307//2462 3308//2462
f 3312//2463 3309//2463 3310//2463
f 3314//2464 3311//2464 3312//2464
f 3316//2465 3313//2465 3314//2465
f 3318//2466 3315//2466 3316//2466
f 3320//2467 3317//2467 3318//2467
f 3322//2468 3319//2468 3320//2468
f 3324//2469 3321//2469 3322//2469
f 3326//2470 3323//2470 3324//2470
f 3328//2471 3325//2471 3326//2471
f 3330//2472 3327//2472 3328//2472
f 3332//2473 3329//2473 3330//2473
f 3334//2474 3331//2474 3332//2474
f 3336//2475 3333//2475 3334//2475
f 3338//2476 3335//2476 3336//2476
f 3340//2477 3337//2477 3338//2477
f 3342//2478 3339//2478 3340//2478
f 3344//2479 3341//2479 3342//2479
f 3218//2480 3343//2480 3344//2480
f 3351//2481 3350//2481 3349//2481
f 3363//2482 3364//2482 3367//2482
f 3346//2483 3357//2483 3345//2483
f 3347//2484 3358//2484 3346//2484
f 3347//2485 3360//2485 3359//2485
f 3349//2486 3360//2486 3348//2486
f 3350//2487 3361//2487 3349//2487
f 3351//2488 3362//2488 3350//2488
f 3352//2489 3363//2489 3351//2489
f 3353//2490 3364//2490 3352//2490
f 3354//2491 3365//2491 3353//2491
f 3355//2492 3366//2492 3354//2492
f 3356//2493 3367//2493 3355//2493
f 3345//2494 3368//2494 3356//2494
f 3371//2495 3370//2495 3369//2495
f 3377//2496 3374//2496 3376//2496
f 3370//2497 3374//2497 3369//2497
f 3371//2498 3375//2498 3370//2498
f 3372//2499 3376//2499 3371//2499
f 3373//2500 3377//2500 3372//2500
f 3369//2501 3378//2501 3373//2501
f 3381//2502 3379//2502 3382//2502
f 3384//2503 3386//2503 3383//2503
f 3380//2504 3383//2504 3379//2504
f 3381//2505 3384//2505 3380//2505
f 3382//2506 3385//2506 3381//2506
f 3379//2507 3386//2507 3382//2507
f 3389//2508 3387//2508 3390//2508
f 3391//2509 3393//2509 3394//2509
f 3388//2510 3391//2510 3387//2510
f 3389//2511 3392//2511 3388//2511
f 3390//2512 3393//2512 3389//2512
f 3387//2513 3394//2513 3390//2513
f 226//2514 225//2514 223//2514
f 228//2515 227//2515 225//2515
f 230//2516 229//2516 227//2516
f 232//2517 231//2517 229//2517
f 234//2518 233//2518 231//2518
f 236//2519 235//2519 233//2519
f 238//2520 237//2520 235//2520
f 240//2521 239//2521 237//2521
f 242//2522 241//2522 239//2522
f 244//2523 243//2523 241//2523
f 246//2524 245//2524 243//2524
f 248//2525 247//2525 245//2525
f 250//2526 249//2526 247//2526
f 252//2527 251//2527 249//2527
f 254//2528 253//2528 251//2528
f 256//2529 255//2529 253//2529
f 258//2530 257//2530 255//2530
f 260//2531 259//2531 257//2531
f 262//2532 261//2532 259//2532
f 264//2533 263//2533 261//2533
f 266//2534 265//2534 263//2534
f 268//2535 267//2535 265//2535
f 270//2536 269//2536 267//2536
f 272//2537 271//2537 269//2537
f 274//2538 273//2538 271//2538
f 276//2539 275//2539 273//2539
f 278//2540 277//2540 275//2540
f 280//2541 279//2541 277//2541
f 282//2542 281//2542 279//2542
f 284//2543 283//2543 281//2543
f 286//2544 285//2544 283//2544
f 288//2545 287//2545 285//2545
f 290//2546 289//2546 287//2546
f 292//2547 291//2547 289//2547
f 294//2548 293//2548 291//2548
f 296//2549 295//2549 293//2549
f 298//2550 297//2550 295//2550
f 300//2551 299//2551 297//2551
f 302//2552 301//2552 299//2552
f 304//2553 303//2553 301//2553
f 306//2554 305//2554 303//2554
f 308//2555 307//2555 305//2555
f 310//2556 309//2556 307//2556
f 312//2557 311//2557 309//2557
f 314//2558 313//2558 311//2558
f 316//2559 315//2559 313//2559
f 318//2560 317//2560 315//2560
f 320//2561 319//2561 317//2561
f 322//2562 321//2562 319//2562
f 324//2563 323//2563 321//2563
f 326//2564 325//2564 323//2564
f 328//2565 327//2565 325//2565
f 330//2566 329//2566 327//2566
f 332//2567 331//2567 329//2567
f 334//2568 333//2568 331//2568
f 336//2569 335//2569 333//2569
f 338//2570 337//2570 335//2570
f 340//2571 339//2571 337//2571
f 342//2572 341//2572 339//2572
f 344//2573 343//2573 341//2573
f 346//2574 345//2574 343//2574
f 348//2575 347//2575 345//2575
f 350//2576 349//2576 347//2576
f 352//2577 351//2577 349//2577
f 354//2578 353//2578 351//2578
f 356//2579 355//2579 353//2579
f 358//2580 357//2580 355//2580
f 360//2581 359//2581 357//2581
f 362//2582 361//2582 359//2582
f 364//2583 363//2583 361//2583
f 366//2584 365//2584 363//2584
f 368//2585 367//2585 365//2585
f 370//2586 369//2586 367//2586
f 372//2587 371//2587 369//2587
f 374//2588 373//2588 371//2588
f 376//2589 375//2589 373//2589
f 378//2590 377//2590 375//2590
f 380//2591 379//2591 377//2591
f 382//2592 381//2592 379//2592
f 384//2593 383//2593 381//2593
f 386//2594 385//2594 383//2594
f 388//2595 387//2595 385//2595
f 390//2596 389//2596 387//2596
f 392//2597 391//2597 389//2597
f 394//2598 393//2598 391//2598
f 396//2599 395//2599 393//2599
f 398//2600 397//2600 395//2600
f 400//2601 399//2601 397//2601
f 402//2602 401//2602 399//2602
f 404//2603 403//2603 401//2603
f 406//2604 405//2604 403//2604
f 408//2605 407//2605 405//2605
f 410//2606 409//2606 407//2606
f 412//2607 411//2607 409//2607
f 414//2608 413//2608 411//2608
f 416//2609 415//2609 413//2609
f 418//2610 417//2610 415//2610
f 420//2611 419//2611 417//2611
f 422//2612 421//2612 419//2612
f 424//2613 423//2613 421//2613
f 426//2614 425//2614 423//2614
f 428//2615 427//2615 425//2615
f 430//2616 429//2616 427//2616
f 432//2617 431//2617 429//2617
f 434//2618 433//2618 431//2618
f 436//2619 435//2619 433//2619
f 438//2620 437//2620 435//2620
f 440//2621 439//2621 437//2621
f 442//2622 441//2622 439//2622
f 444//2623 443//2623 441//2623
f 224//2624 223//2624 443//2624
f 1898//2625 1897//2625 1895//2625
f 1900//2626 1899//2626 1897//2626
f 1902//2627 1901//2627 1899//2627
f 1904//2628 1903//2628 1901//2628
f 1906//2629 1905//2629 1903//2629
f 1908//2630 1907//2630 1905//2630
f 1910//2631 1909//2631 1907//2631
f 1912//2632 1911//2632 1909//2632
f 1914//2633 1913//2633 1911//2633
f 1916//2634 1915//2634 1913//2634
f 1918//2635 1917//2635 1915//2635
f 1920//2636 1919//2636 1917//2636
f 1922//2637 1921//2637 1919//2637
f 1924//2638 1923//2638 1921//2638
f 1926//2639 1925//2639 1923//2639
f 1928//2640 1927//2640 1925//2640
f 1930//2641 1929//2641 1927//2641
f 1932//2642 1931//2642 1929//2642
f 1934//2643 1933//2643 1931//2643
f 1936//2644 1935//2644 1933//2644
f 1938//2645 1937//2645 1935//2645
f 1940//2646 1939//2646 1937//2646
f 1942//2647 1941//2647 1939//2647
f 1944//2648 1943//2648 1941//2648
f 1946//2649 1945//2649 1943//2649
f 1948//2650 1947//2650 1945//2650
f 1950//2651 1949//2651 1947//2651
f 1952//2652 1951//2652 1949//2652
f 1954//2653 1953//2653 1951//2653
f 1956//2654 1955//2654 1953//2654
f 1958//2655 1957//2655 1955//2655
f 1960//2656 1959//2656 1957//2656
f 1962//2657 1961//2657 1959//2657
f 1964//2658 1963//2658 1961//2658
f 1966//2659 1965//2659 1963//2659
f 1968//2660 1967//2660 1965//2660
f 1970//2661 1969//2661 1967//2661
f 1972//2662 1971//2662 1969//2662
f 1974//2663 1973//2663 1971//2663
f 1976//2664 1975//2664 1973//2664
f 1978//2665 1977//2665 1975//2665
f 1980//2666 1979//2666 1977//2666
f 1982//2667 1981//2667 1979//2667
f 1984//2668 1983//2668 1981//2668
f 1986//2669 1985//2669 1983//2669
f 1988//2670 1987//2670 1985//2670
f 1990//2671 1989//2671 1987//2671
f 1992//2672 1991//2672 1989//2672
f 1994//2673 1993//2673 1991//2673
f 1996//2674 1995//2674 1993//2674
f 1998//2675 1997//2675 1995//2675
f 2000//2676 1999//2676 1997//2676
f 2002//2677 2001//2677 1999//2677
f 2004//2678 2003//2678 2001//2678
f 2006//2679 2005//2679 2003//2679
f 2008//2680 2007//2680 2005//2680
f 2010//2681 2009//2681 2007//2681
f 2012//2682 2011//2682 2009//2682
f 2014//2683 2013//2683 2011//2683
f 2016//2684 2015//2684 2013//2684
f 2018//2685 2017//2685 2015//2685
f 2020//2686 2019//2686 2017//2686
f 2022//2687 2021//2687 2019//2687
f 2024//2688 2023//2688 2021//2688
f 2026//2689 2025//2689 2023//2689
f 2028//2690 2027//2690 2025//2690
f 2030//2691 2029//2691 2027//2691
f 2032//2692 2031//2692 2029//2692
f 2034//2693 2033//2693 2031//2693
f 2036//2694 2035//2694 2033//2694
f 2038//2695 2037//2695 2035//2695
f 2040//2696 2039//2696 2037//2696
f 2042//2697 2041//2697 2039//2697
f 2044//2698 2043//2698 2041//2698
f 2046//2699 2045//2699 2043//2699
f 2048//2700 2047//2700 2045//2700
f 2050//2701 2049//2701 2047//2701
f 2052//2702 2051//2702 2049//2702
f 2054//2703 2053//2703 2051//2703
f 2056//2704 2055//2704 2053//2704
f 2058//2705 2057//2705 2055//2705
f 2060//2706 2059//2706 2057//2706
f 2062//2707 2061//2707 2059//2707
f 2064//2708 2063//2708 2061//2708
f 2066//2709 2065//2709 2063//2709
f 2068//2710 2067//2710 2065//2710
f 2070//2711 2069//2711 2067//2711
f 2072//2712 2071//2712 2069//2712
f 2074//2713 2073//2713 2071//2713
f 2076//2714 2075//2714 2073//2714
f 2078//2715 2077//2715 2075//2715
f 2080//2716 2079//2716 2077//2716
f 2082//2717 2081//2717 2079//2717
f 2084//2718 2083//2718 2081//2718
f 2086//2719 2085//2719 2083//2719
f 2088//2720 2087//2720 2085//2720
f 2090//2721 2089//2721 2087//2721
f 2092//2722 2091//2722 2089//2722
f 2094//2723 2093//2723 2091//2723
f 2096//2724 2095//2724 2093//2724
f 2098//2725 2097//2725 2095//2725
f 2100//2726 2099//2726 2097//2726
f 2102//2727 2101//2727 2099//2727
f 2104//2728 2103//2728 2101//2728
f 2106//2729 2105//2729 2103//2729
f 2108//2730 2107//2730 2105//2730
f 2110//2731 2109//2731 2107//2731
f 2112//2732 2111//2732 2109//2732
f 2114//2733 2113//2733 2111//2733
f 2116//2734 2115//2734 2113//2734
f 2118//2735 2117//2735 2115//2735
f 2120//2736 2119//2736 2117//2736
f 2122//2737 2121//2737 2119//2737
f 2124//2738 2123//2738 2121//2738
f 2126//2739 2125//2739 2123//2739
f 2128//2740 2127//2740 2125//2740
f 2130//2741 2129//2741 2127//2741
f 2132//2742 2131//2742 2129//2742
f 2134//2743 2133//2743 2131//2743
f 2136//2744 2135//2744 2133//2744
f 2138//2745 2137//2745 2135//2745
f 2140//2746 2139//2746 2137//2746
f 2142//2747 2141//2747 2139//2747
f 2144//2748 2143//2748 2141//2748
f 2146//2749 2145//2749 2143//2749
f 2148//2750 2147//2750 2145//2750
f 2150//2751 2149//2751 2147//2751
f 2152//2752 2151//2752 2149//2752
f 2154//2753 2153//2753 2151//2753
f 2156//2754 2155//2754 2153//2754
f 2158//2755 2157//2755 2155//2755
f 2160//2756 2159//2756 2157//2756
f 2162//2757 2161//2757 2159//2757
f 2164//2758 2163//2758 2161//2758
f 2166//2759 2165//2759 2163//2759
f 2168//2760 2167//2760 2165//2760
f 2170//2761 2169//2761 2167//2761
f 2172//2762 2171//2762 2169//2762
f 2174//2763 2173//2763 2171//2763
f 2176//2764 2175//2764 2173//2764
f 2178//2765 2177//2765 2175//2765
f 2180//2766 2179//2766 2177//2766
f 2182//2767 2181//2767 2179//2767
f 2184//2768 2183//2768 2181//2768
f 2186//2769 2185//2769 2183//2769
f 2188//2770 2187//2770 2185//2770
f 2190//2771 2189//2771 2187//2771
f 2192//2772 2191//2772 2189//2772
f 2194//2773 2193//2773 2191//2773
f 2196//2774 2195//2774 2193//2774
f 2198//2775 2197//2775 2195//2775
f 2200//2776 2199//2776 2197//2776
f 2202//2777 2201//2777 2199//2777
f 2204//2778 2203//2778 2201//2778
f 2206//2779 2205//2779 2203//2779
f 2208//2780 2207//2780 2205//2780
f 2210//2781 2209//2781 2207//2781
f 1896//2782 1895//2782 2209//2782
f 2214//2783 2213//2783 2211//2783
f 2216//2784 2215//2784 2213//2784
f 2218//2785 2217//2785 2215//2785
f 2220//2786 2219//2786 2217//2786
f 2222//2787 2221//2787 2219//2787
f 2224//2788 2223//2788 2221//2788
f 2226//2789 2225//2789 2223//2789
f 2228//2790 2227//2790 2225//2790
f 2230//2791 2229//2791 2227//2791
f 2232//2792 2231//2792 2229//2792
f 2234//2793 2233//2793 2231//2793
f 2236//2794 2235//2794 2233//2794
f 2238//2795 2237//2795 2235//2795
f 2240//2796 2239//2796 2237//2796
f 2242//2797 2241//2797 2239//2797
f 2244//2798 2243//2798 2241//2798
f 2246//2799 2245//2799 2243//2799
f 2248//2800 2247//2800 2245//2800
f 2250//2801 2249//2801 2247//2801
f 2252//2802 2251//2802 2249//2802
f 2254//2803 2253//2803 2251//2803
f 2256//2804 2255//2804 2253//2804
f 2258//2805 2257//2805 2255//2805
f 2260//2806 2259//2806 2257//2806
f 2262//2807 2261//2807 2259//2807
f 2264//2808 2263//2808 2261//2808
f 2266//2809 2265//2809 2263//2809
f 2268//2810 2267//2810 2265//2810
f 2270//2811 2269//2811 2267//2811
f 2272//2812 2271//2812 2269//2812
f 2274//2813 2273//2813 2271//2813
f 2276//2814 2275//2814 2273//2814
f 2278//2815 2277//2815 2275//2815
f 2280//2816 2279//2816 2277//2816
f 2282//2817 2281//2817 2279//2817
f 2284//2818 2283//2818 2281//2818
f 2286//2819 2285//2819 2283//2819
f 2288//2820 2287//2820 2285//2820
f 2290//2821 2289//2821 2287//2821
f 2292//2822 2291//2822 2289//2822
f 2294//2823 2293//2823 2291//2823
f 2296//2824 2295//2824 2293//2824
f 2298//2825 2297//2825 2295//2825
f 2300//2826 2299//2826 2297//2826
f 2302//2827 2301//2827 2299//2827
f 2304//2828 2303//2828 2301//2828
f 2306//2829 2305//2829 2303//2829
f 2308//2830 2307//2830 2305//2830
f 2310//2831 2309//2831 2307//2831
f 2312//2832 2311//2832 2309//2832
f 2314//2833 2313//2833 2311//2833
f 2316//2834 2315//2834 2313//2834
f 2318//2835 2317//2835 2315//2835
f 2320//2836 2319//2836 2317//2836
f 2322//2837 2321//2837 2319//2837
f 2324//2838 2323//2838 2321//2838
f 2326//2839 2325//2839 2323//2839
f 2328//2840 2327//2840 2325//2840
f 2330//2841 2329//2841 2327//2841
f 2332//2842 2331//2842 2329//2842
f 2334//2843 2333//2843 2331//2843
f 2336//2844 2335//2844 2333//2844
f 2338//2845 2337//2845 2335//2845
f 2340//2846 2339//2846 2337//2846
f 2342//2847 2341//2847 2339//2847
f 2344//2848 2343//2848 2341//2848
f 2346//2849 2345//2849 2343//2849
f 2348//2850 2347//2850 2345//2850
f 2350//2851 2349//2851 2347//2851
f 2352//2852 2351//2852 2349//2852
f 2354//2853 2353//2853 2351//2853
f 2356//2854 2355//2854 2353//2854
f 2358//2855 2357//2855 2355//2855
f 2360//2856 2359//2856 2357//2856
f 2362//2857 2361//2857 2359//2857
f 2364//2858 2363//2858 2361//2858
f 2366//2859 2365//2859 2363//2859
f 2368//2860 2367//2860 2365//2860
f 2370//2861 2369//2861 2367//2861
f 2372//2862 2371//2862 2369//2862
f 2374//2863 2373//2863 2371//2863
f 2376//2864 2375//2864 2373//2864
f 2378//2865 2377//2865 2375//2865
f 2380//2866 2379//2866 2377//2866
f 2382//2867 2381//2867 2379//2867
f 2384//2868 2383//2868 2381//2868
f 2386//2869 2385//2869 2383//2869
f 2388//2870 2387//2870 2385//2870
f 2390//2871 2389//2871 2387//2871
f 2392//2872 2391//2872 2389//2872
f 2394//2873 2393//2873 2391//2873
f 2212//2874 2211//2874 2393//2874
f 2398//2875 2397//2875 2395//2875
f 2400//2876 2399//2876 2397//2876
f 2402//2877 2401//2877 2399//2877
f 2404//2878 2403//2878 2401//2878
f 2406//2879 2405//2879 2403//2879
f 2408//2880 2407//2880 2405//2880
f 2410//2881 2409//2881 2407//2881
f 2412//2882 2411//2882 2409//2882
f 2414//2883 2413//2883 2411//2883
f 2416//2884 2415//2884 2413//2884
f 2418//2885 2417//2885 2415//2885
f 2420//2886 2419//2886 2417//2886
f 2422//2887 2421//2887 2419//2887
f 2424//2888 2423//2888 2421//2888
f 2426//2889 2425//2889 2423//2889
f 2428//2890 2427//2890 2425//2890
f 2430//2891 2429//2891 2427//2891
f 2432//2892 2431//2892 2429//2892
f 2434//2893 2433//2893 2431//2893
f 2436//2894 2435//2894 2433//2894
f 2438//2895 2437//2895 2435//2895
f 2440//2896 2439//2896 2437//2896
f 2442//2897 2441//2897 2439//2897
f 2444//2898 2443//2898 2441//2898
f 2446//2899 2445//2899 2443//2899
f 2448//2900 2447//2900 2445//2900
f 2450//2901 2449//2901 2447//2901
f 2452//2902 2451//2902 2449//2902
f 2454//2903 2453//2903 2451//2903
f 2456//2904 2455//2904 2453//2904
f 2458//2905 2457//2905 2455//2905
f 2460//2906 2459//2906 2457//2906
f 2462//2907 2461//2907 2459//2907
f 2464//2908 2463//2908 2461//2908
f 2466//2909 2465//2909 2463//2909
f 2468//2910 2467//2910 2465//2910
f 2470//2911 2469//2911 2467//2911
f 2472//2912 2471//2912 2469//2912
f 2474//2913 2473//2913 2471//2913
f 2476//2914 2475//2914 2473//2914
f 2478//2915 2477//2915 2475//2915
f 2480//2916 2479//2916 2477//2916
f 2482//2917 2481//2917 2479//2917
f 2484//2918 2483//2918 2481//2918
f 2486//2919 2485//2919 2483//2919
f 2488//2920 2487//2920 2485//2920
f 2490//2921 2489//2921 2487//2921
f 2492//2922 2491//2922 2489//2922
f 2494//2923 2493//2923 2491//2923
f 2496//2924 2495//2924 2493//2924
f 2498//2925 2497//2925 2495//2925
f 2500//2926 2499//2926 2497//2926
f 2502//2927 2501//2927 2499//2927
f 2504//2928 2503//2928 2501//2928
f 2506//2929 2505//2929 2503//2929
f 2508//2930 2507//2930 2505//2930
f 2510//2931 2509//2931 2507//2931
f 2512//2932 2511//2932 2509//2932
f 2514//2933 2513//2933 2511//2933
f 2516//2934 2515//2934 2513//2934
f 2518//2935 2517//2935 2515//2935
f 2520//2936 2519//2936 2517//2936
f 2522//2937 2521//2937 2519//2937
f 2524//2938 2523//2938 2521//2938
f 2526//2939 2525//2939 2523//2939
f 2528//2940 2527//2940 2525//2940
f 2530//2941 2529//2941 2527//2941
f 2532//2942 2531//2942 2529//2942
f 2534//2943 2533//2943 2531//2943
f 2536//2944 2535//2944 2533//2944
f 2538//2945 2537//2945 2535//2945
f 2540//2946 2539//2946 2537//2946
f 2542//2947 2541//2947 2539//2947
f 2544//2948 2543//2948 2541//2948
f 2546//2949 2545//2949 2543//2949
f 2548//2950 2547//2950 2545//2950
f 2550//2951 2549//2951 2547//2951
f 2552//2952 2551//2952 2549//2952
f 2554//2953 2553//2953 2551//2953
f 2396//2954 2395//2954 2553//2954
f 2558//2955 2557//2955 2555//2955
f 2560//2956 2559//2956 2557//2956
f 2562//2957 2561//2957 2559//2957
f 2564//2958 2563//2958 2561//2958
f 2566//2959 2565//2959 2563//2959
f 2568//2960 2567//2960 2565//2960
f 2570//2961 2569//2961 2567//2961
f 2572//2962 2571//2962 2569//2962
f 2574//2963 2573//2963 2571//2963
f 2576//2964 2575//2964 2573//2964
f 2578//2965 2577//2965 2575//2965
f 2580//2966 2579//2966 2577//2966
f 2582//2967 2581//2967 2579//2967
f 2584//2968 2583//2968 2581//2968
f 2586//2969 2585//2969 2583//2969
f 2588//2970 2587//2970 2585//2970
f 2590//2971 2589//2971 2587//2971
f 2592//2972 2591//2972 2589//2972
f 2594//2973 2593//2973 2591//2973
f 2596//2974 2595//2974 2593//2974
f 2598//2975 2597//2975 2595//2975
f 2600//2976 2599//2976 2597//2976
f 2602//2977 2601//2977 2599//2977
f 2604//2978 2603//2978 2601//2978
f 2606//2979 2605//2979 2603//2979
f 2608//2980 2607//2980 2605//2980
f 2556//2981 2555//2981 2607//2981
f 2612//2982 2611//2982 2609//2982
f 2614//2983 2613//2983 2611//2983
f 2616//2984 2615//2984 2613//2984
f 2618//2985 2617//2985 2615//2985
f 2620//2986 2619//2986 2617//2986
f 2622//2987 2621//2987 2619//2987
f 2624//2988 2623//2988 2621//2988
f 2626//2989 2625//2989 2623//2989
f 2628//2990 2627//2990 2625//2990
f 2630//2991 2629//2991 2627//2991
f 2632//2992 2631//2992 2629//2992
f 2634//2993 2633//2993 2631//2993
f 2636//2994 2635//2994 2633//2994
f 2638//2995 2637//2995 2635//2995
f 2640//2996 2639//2996 2637//2996
f 2642//2997 2641//2997 2639//2997
f 2644//2998 2643//2998 2641//2998
f 2646//2999 2645//2999 2643//2999
f 2648//3000 2647//3000 2645//3000
f 2650//3001 2649//3001 2647//3001
f 2652//3002 2651//3002 2649//3002
f 2654//3003 2653//3003 2651//3003
f 2656//3004 2655//3004 2653//3004
f 2658//3005 2657//3005 2655//3005
f 2660//3006 2659//3006 2657//3006
f 2662//3007 2661//3007 2659//3007
f 2664//3008 2663//3008 2661//3008
f 2666//3009 2665//3009 2663//3009
f 2668//3010 2667//3010 2665//3010
f 2670//3011 2669//3011 2667//3011
f 2672//3012 2671//3012 2669//3012
f 2674//3013 2673//3013 2671//3013
f 2676//3014 2675//3014 2673//3014
f 2678//3015 2677//3015 2675//3015
f 2680//3016 2679//3016 2677//3016
f 2682//3017 2681//3017 2679//3017
f 2684//3018 2683//3018 2681//3018
f 2686//3019 2685//3019 2683//3019
f 2688//3020 2687//3020 2685//3020
f 2690//3021 2689//3021 2687//3021
f 2692//3022 2691//3022 2689//3022
f 2694//3023 2693//3023 2691//3023
f 2696//3024 2695//3024 2693//3024
f 2698//3025 2697//3025 2695//3025
f 2700//3026 2699//3026 2697//3026
f 2702//3027 2701//3027 2699//3027
f 2704//3028 2703//3028 2701//3028
f 2706//3029 2705//3029 2703//3029
f 2708//3030 2707//3030 2705//3030
f 2710//3031 2709//3031 2707//3031
f 2712//3032 2711//3032 2709//3032
f 2714//3033 2713//3033 2711//3033
f 2716//3034 2715//3034 2713//3034
f 2718//3035 2717//3035 2715//3035
f 2720//3036 2719//3036 2717//3036
f 2722//3037 2721//3037 2719//3037
f 2724//3038 2723//3038 2721//3038
f 2726//3039 2725//3039 2723//3039
f 2728//3040 2727//3040 2725//3040
f 2730//3041 2729//3041 2727//3041
f 2732//3042 2731//3042 2729//3042
f 2734//3043 2733//3043 2731//3043
f 2736//3044 2735//3044 2733//3044
f 2738//3045 2737//3045 2735//3045
f 2740//3046 2739//3046 2737//3046
f 2742//3047 2741//3047 2739//3047
f 2744//3048 2743//3048 2741//3048
f 2746//3049 2745//3049 2743//3049
f 2748//3050 2747//3050 2745//3050
f 2750//3051 2749//3051 2747//3051
f 2752//3052 2751//3052 2749//3052
f 2754//3053 2753//3053 2751//3053
f 2756//3054 2755//3054 2753//3054
f 2758//3055 2757//3055 2755//3055
f 2760//3056 2759//3056 2757//3056
f 2762//3057 2761//3057 2759//3057
f 2764//3058 2763//3058 2761//3058
f 2766//3059 2765//3059 2763//3059
f 2768//3060 2767//3060 2765//3060
f 2770//3061 2769//3061 2767//3061
f 2772//3062 2771//3062 2769//3062
f 2774//3063 2773//3063 2771//3063
f 2776//3064 2775//3064 2773//3064
f 2778//3065 2777//3065 2775//3065
f 2780//3066 2779//3066 2777//3066
f 2782//3067 2781//3067 2779//3067
f 2784//3068 2783//3068 2781//3068
f 2786//3069 2785//3069 2783//3069
f 2788//3070 2787//3070 2785//3070
f 2790//3071 2789//3071 2787//3071
f 2792//3072 2791//3072 2789//3072
f 2794//3073 2793//3073 2791//3073
f 2796//3074 2795//3074 2793//3074
f 2798//3075 2797//3075 2795//3075
f 2800//3076 2799//3076 2797//3076
f 2802//3077 2801//3077 2799//3077
f 2804//3078 2803//3078 2801//3078
f 2806//3079 2805//3079 2803//3079
f 2808//3080 2807//3080 2805//3080
f 2810//3081 2809//3081 2807//3081
f 2812//3082 2811//3082 2809//3082
f 2814//3083 2813//3083 2811//3083
f 2816//3084 2815//3084 2813//3084
f 2818//3085 2817//3085 2815//3085
f 2820//3086 2819//3086 2817//3086
f 2822//3087 2821//3087 2819//3087
f 2824//3088 2823//3088 2821//3088
f 2826//3089 2825//3089 2823//3089
f 2828//3090 2827//3090 2825//3090
f 2830//3091 2829//3091 2827//3091
f 2832//3092 2831//3092 2829//3092
f 2834//3093 2833//3093 2831//3093
f 2836//3094 2835//3094 2833//3094
f 2838//3095 2837//3095 2835//3095
f 2840//3096 2839//3096 2837//3096
f 2842//3097 2841//3097 2839//3097
f 2844//3098 2843//3098 2841//3098
f 2846//3099 2845//3099 2843//3099
f 2848//3100 2847//3100 2845//3100
f 2850//3101 2849//3101 2847//3101
f 2852//3102 2851//3102 2849//3102
f 2854//3103 2853//3103 2851//3103
f 2856//3104 2855//3104 2853//3104
f 2858//3105 2857//3105 2855//3105
f 2860//3106 2859//3106 2857//3106
f 2862//3107 2861//3107 2859//3107
f 2864//3108 2863//3108 2861//3108
f 2866//3109 2865//3109 2863//3109
f 2868//3110 2867//3110 2865//3110
f 2610//3111 2609//3111 2867//3111
f 2872//3112 2871//3112 2869//3112
f 2874//3113 2873//3113 2871//3113
f 2876//3114 2875//3114 2873//3114
f 2878//3115 2877//3115 2875//3115
f 2880//3116 2879//3116 2877//3116
f 2882//3117 2881//3117 2879//3117
f 2884//3118 2883//3118 2881//3118
f 2886//3119 2885//3119 2883//3119
f 2888//3120 2887//3120 2885//3120
f 2890//3121 2889//3121 2887//3121
f 2892//3122 2891//3122 2889//3122
f 2894//3123 2893//3123 2891//3123
f 2896//3124 2895//3124 2893//3124
f 2898//3125 2897//3125 2895//3125
f 2900//3126 2899//3126 2897//3126
f 2902//3127 2901//3127 2899//3127
f 2904//3128 2903//3128 2901//3128
f 2906//3129 2905//3129 2903//3129
f 2908//3130 2907//3130 2905//3130
f 2910//3131 2909//3131 2907//3131
f 2912//3132 2911//3132 2909//3132
f 2914//3133 2913//3133 2911//3133
f 2916//3134 2915//3134 2913//3134
f 2918//3135 2917//3135 2915//3135
f 2920//3136 2919//3136 2917//3136
f 2922//3137 2921//3137 2919//3137
f 2924//3138 2923//3138 2921//3138
f 2926//3139 2925//3139 2923//3139
f 2928//3140 2927//3140 2925//3140
f 2930//3141 2929//3141 2927//3141
f 2932//3142 2931//3142 2929//3142
f 2934//3143 2933//3143 2931//3143
f 2936//3144 2935//3144 2933//3144
f 2938//3145 2937//3145 2935//3145
f 2940//3146 2939//3146 2937//3146
f 2942//3147 2941//3147 2939//3147
f 2944//3148 2943//3148 2941//3148
f 2946//3149 2945//3149 2943//3149
f 2948//3150 2947//3150 2945//3150
f 2950//3151 2949//3151 2947//3151
f 2952//3152 2951//3152 2949//3152
f 2954//3153 2953//3153 2951//3153
f 2956//3154 2955//3154 2953//3154
f 2958//3155 2957//3155 2955//3155
f 2960//3156 2959//3156 2957//3156
f 2962//3157 2961//3157 2959//3157
f 2964//3158 2963//3158 2961//3158
f 2966//3159 2965//3159 2963//3159
f 2968//3160 2967//3160 2965//3160
f 2970//3161 2969//3161 2967//3161
f 2972//3162 2971//3162 2969//3162
f 2974//3163 2973//3163 2971//3163
f 2976//3164 2975//3164 2973//3164
f 2978//3165 2977//3165 2975//3165
f 2980//3166 2979//3166 2977//3166
f 2982//3167 2981//3167 2979//3167
f 2984//3168 2983//3168 2981//3168
f 2986//3169 2985//3169 2983//3169
f 2988//3170 2987//3170 2985//3170
f 2990//3171 2989//3171 2987//3171
f 2992//3172 2991//3172 2989//3172
f 2994//3173 2993//3173 2991//3173
f 2996//3174 2995//3174 2993//3174
f 2998//3175 2997//3175 2995//3175
f 3000//3176 2999//3176 2997//3176
f 3002//3177 3001//3177 2999//3177
f 3004//3178 3003//3178 3001//3178
f 3006//3179 3005//3179 3003//3179
f 3008//3180 3007//3180 3005//3180
f 3010//3181 3009//3181 3007//3181
f 3012//3182 3011//3182 3009//3182
f 3014//3183 3013//3183 3011//3183
f 3016//3184 3015//3184 3013//3184
f 3018//3185 3017//3185 3015//3185
f 3020//3186 3019//3186 3017//3186
f 3022//3187 3021//3187 3019//3187
f 3024//3188 3023//3188 3021//3188
f 3026//3189 3025//3189 3023//3189
f 3028//3190 3027//3190 3025//3190
f 3030//3191 3029//3191 3027//3191
f 3032//3192 3031//3192 3029//3192
f 3034//3193 3033//3193 3031//3193
f 3036//3194 3035//3194 3033//3194
f 3038//3195 3037//3195 3035//3195
f 3040//3196 3039//3196 3037//3196
f 3042//3197 3041//3197 3039//3197
f 3044//3198 3043//3198 3041//3198
f 3046//3199 3045//3199 3043//3199
f 3048//3200 3047//3200 3045//3200
f 3050//3201 3049//3201 3047//3201
f 3052//3202 3051//3202 3049//3202
f 2870//3203 2869//3203 3051//3203
f 3056//3204 3055//3204 3053//3204
f 3058//3205 3057//3205 3055//3205
f 3060//3206 3059//3206 3057//3206
f 3062//3207 3061//3207 3059//3207
f 3064//3208 3063//3208 3061//3208
f 3066//3209 3065//3209 3063//3209
f 3068//3210 3067//3210 3065//3210
f 3070//3211 3069//3211 3067//3211
f 3072//3212 3071//3212 3069//3212
f 3074//3213 3073//3213 3071//3213
f 3076//3214 3075//3214 3073//3214
f 3078//3215 3077//3215 3075//3215
f 3080//3216 3079//3216 3077//3216
f 3082//3217 3081//3217 3079//3217
f 3084//3218 3083//3218 3081//3218
f 3086//3219 3085//3219 3083//3219
f 3088//3220 3087//3220 3085//3220
f 3090//3221 3089//3221 3087//3221
f 3092//3222 3091//3222 3089//3222
f 3094//3223 3093//3223 3091//3223
f 3096//3224 3095//3224 3093//3224
f 3098//3225 3097//3225 3095//3225
f 3100//3226 3099//3226 3097//3226
f 3102//3227 3101//3227 3099//3227
f 3104//3228 3103//3228 3101//3228
f 3106//3229 3105//3229 3103//3229
f 3108//3230 3107//3230 3105//3230
f 3110//3231 3109//3231 3107//3231
f 3112//3232 3111//3232 3109//3232
f 3114//3233 3113//3233 3111//3233
f 3116//3234 3115//3234 3113//3234
f 3118//3235 3117//3235 3115//3235
f 3120//3236 3119//3236 3117//3236
f 3122//3237 3121//3237 3119//3237
f 3124//3238 3123//3238 3121//3238
f 3126//3239 3125//3239 3123//3239
f 3128//3240 3127//3240 3125//3240
f 3130//3241 3129//3241 3127//3241
f 3132//3242 3131//3242 3129//3242
f 3134//3243 3133//3243 3131//3243
f 3136//3244 3135//3244 3133//3244
f 3138//3245 3137//3245 3135//3245
f 3140//3246 3139//3246 3137//3246
f 3142//3247 3141//3247 3139//3247
f 3144//3248 3143//3248 3141//3248
f 3146//3249 3145//3249 3143//3249
f 3148//3250 3147//3250 3145//3250
f 3150//3251 3149//3251 3147//3251
f 3152//3252 3151//3252 3149//3252
f 3154//3253 3153//3253 3151//3253
f 3156//3254 3155//3254 3153//3254
f 3158//3255 3157//3255 3155//3255
f 3160//3256 3159//3256 3157//3256
f 3162//3257 3161//3257 3159//3257
f 3164//3258 3163//3258 3161//3258
f 3166//3259 3165//3259 3163//3259
f 3168//3260 3167//3260 3165//3260
f 3170//3261 3169//3261 3167//3261
f 3172//3262 3171//3262 3169//3262
f 3174//3263 3173//3263 3171//3263
f 3176//3264 3175//3264 3173//3264
f 3178//3265 3177//3265 3175//3265
f 3180//3266 3179//3266 3177//3266
f 3182//3267 3181//3267 3179//3267
f 3184//3268 3183//3268 3181//3268
f 3186//3269 3185//3269 3183//3269
f 3188//3270 3187//3270 3185//3270
f 3190//3271 3189//3271 3187//3271
f 3192//3272 3191//3272 3189//3272
f 3194//3273 3193//3273 3191//3273
f 3196//3274 3195//3274 3193//3274
f 3198//3275 3197//3275 3195//3275
f 3200//3276 3199//3276 3197//3276
f 3202//3277 3201//3277 3199//3277
f 3204//3278 3203//3278 3201//3278
f 3206//3279 3205//3279 3203//3279
f 3208//3280 3207//3280 3205//3280
f 3210//3281 3209//3281 3207//3281
f 3212//3282 3211//3282 3209//3282
f 3214//3283 3213//3283 3211//3283
f 3216//3284 3215//3284 3213//3284
f 3054//3285 3053//3285 3215//3285
f 3220//3286 3219//3286 3217//3286
f 3222//3287 3221//3287 3219//3287
f 3224//3288 3223//3288 3221//3288
f 3226//3289 3225//3289 3223//3289
f 3228//3290 3227//3290 3225//3290
f 3230//3291 3229//3291 3227//3291
f 3232//3292 3231//3292 3229//3292
f 3234//3293 3233//3293 3231//3293
f 3236//3294 3235//3294 3233//3294
f 3238//3295 3237//3295 3235//3295
f 3240//3296 3239//3296 3237//3296
f 3242//3297 3241//3297 3239//3297
f 3244//3298 3243//3298 3241//3298
f 3246//3299 3245//3299 3243//3299
f 3248//3300 3247//3300 3245//3300
f 3250//3301 3249//3301 3247//3301
f 3252//3302 3251//3302 3249//3302
f 3254//3303 3253//3303 3251//3303
f 3256//3304 3255//3304 3253//3304
f 3258//3305 3257//3305 3255//3305
f 3260//3306 3259//3306 3257//3306
f 3262//3307 3261//3307 3259//3307
f 3264//3308 3263//3308 3261//3308
f 3266//3309 3265//3309 3263//3309
f 3268//3310 3267//3310 3265//3310
f 3270//3311 3269//3311 3267//3311
f 3272//3312 3271//3312 3269//3312
f 3274//3313 3273//3313 3271//3313
f 3276//3314 3275//3314 3273//3314
f 3278//3315 3277//3315 3275//3315
f 3280//3316 3279//3316 3277//3316
f 3282//3317 3281//3317 3279//3317
f 3284//3318 3283//3318 3281//3318
f 3286//3319 3285//3319 3283//3319
f 3288//3320 3287//3320 3285//3320
f 3290//3321 3289//3321 3287//3321
f 3292//3322 3291//3322 3289//3322
f 3294//3323 3293//3323 3291//3323
f 3296//3324 3295//3324 3293//3324
f 3298//3325 3297//3325 3295//3325
f 3300//3326 3299//3326 3297//3326
f 3302//3327 3301//3327 3299//3327
f 3304//3328 3303//3328 3301//3328
f 3306//3329 3305//3329 3303//3329
f 3308//3330 3307//3330 3305//3330
f 3310//3331 3309//3331 3307//3331
f 3312//3332 3311//3332 3309//3332
f 3314//3333 3313//3333 3311//3333
f 3316//3334 3315//3334 3313//3334
f 3318//3335 3317//3335 3315//3335
f 3320//3336 3319//3336 3317//3336
f 3322//3337 3321//3337 3319//3337
f 3324//3338 3323//3338 3321//3338
f 3326//3339 3325//3339 3323//3339
f 3328//3340 3327//3340 3325//3340
f 3330//3341 3329//3341 3327//3341
f 3332//3342 3331//3342 3329//3342
f 3334//3343 3333//3343 3331//3343
f 3336//3344 3335//3344 3333//3344
f 3338//3345 3337//3345 3335//3345
f 3340//3346 3339//3346 3337//3346
f 3342//3347 3341//3347 3339//3347
f 3344//3348 3343//3348 3341//3348
f 3218//3349 3217//3349 3343//3349
f 3345//3350 3356//3350 3346//3350
f 3356//3351 3355//3351 3351//3351
f 3346//3352 3356//3352 3347//3352
f 3355//3353 3354//3353 3352//3353
f 3354//3354 3353//3354 3352//3354
f 3347//3355 3356//3355 3349//3355
f 3349//3356 3348//3356 3347//3356
f 3349//3357 3356//3357 3351//3357
f 3355//3358 3352//3358 3351//3358
f 3368//3359 3357//3359 3358//3359
f 3359//3360 3360//3360 3361//3360
f 3368//3361 3358//3361 3359//3361
f 3365//3362 3366//3362 3364//3362
f 3366//3363 3367//3363 3364//3363
f 3367//3364 3368//3364 3363//3364
f 3368//3365 3359//3365 3361//3365
f 3363//3366 3368//3366 3361//3366
f 3361//3367 3362//3367 3363//3367
f 3346//3368 3358//3368 3357//3368
f 3347//3369 3359//3369 3358//3369
f 3347//3370 3348//3370 3360//3370
f 3349//3371 3361//3371 3360//3371
f 3350//3372 3362//3372 3361//3372
f 3351//3373 3363//3373 3362//3373
f 3352//3374 3364//3374 3363//3374
f 3353//3375 3365//3375 3364//3375
f 3354//3376 3366//3376 3365//3376
f 3355//3377 3367//3377 3366//3377
f 3356//3378 3368//3378 3367//3378
f 3345//3379 3357//3379 3368//3379
f 3369//3380 3373//3380 3372//3380
f 3372//3381 3371//3381 3369//3381
f 3378//3382 3374//3382 3377//3382
f 3374//3383 3375//3383 3376//3383
f 3370//3384 3375//3384 3374//3384
f 3371//3385 3376//3385 3375//3385
f 3372//3386 3377//3386 3376//3386
f 3373//3387 3378//3387 3377//3387
f 3369//3388 3374//3388 3378//3388
f 3381//3389 3380//3389 3379//3389
f 3384//3390 3385//3390 3386//3390
f 3380//3391 3384//3391 3383//3391
f 3381//3392 3385//3392 3384//3392
f 3382//3393 3386//3393 3385//3393
f 3379//3394 3383//3394 3386//3394
f 3389//3395 3388//3395 3387//3395
f 3391//3396 3392//3396 3393//3396
f 3388//3397 3392//3397 3391//3397
f 3389//3398 3393//3398 3392//3398
f 3390//3399 3394//3399 3393//3399
f 3387//3400 3391//3400 3394//3400
