# Original asset generated in Blender
v 0.030860 0.763066 0.156000
v 0.022107 0.763720 0.156000
v 0.014309 0.765681 0.156000
v 0.007468 0.768951 0.156000
v 0.001583 0.773528 0.156000
v -0.003149 0.779216 0.156000
v -0.006528 0.785815 0.156000
v -0.008556 0.793327 0.156000
v -0.009232 0.801751 0.156000
v -0.009232 0.851338 0.156000
v -0.008556 0.859674 0.156000
v -0.006528 0.867098 0.156000
v -0.003149 0.873609 0.156000
v 0.001583 0.879209 0.156000
v 0.007468 0.883709 0.156000
v 0.014309 0.886924 0.156000
v 0.022107 0.888852 0.156000
v 0.030860 0.889495 0.156000
v 0.039625 0.888852 0.156000
v 0.047455 0.886924 0.156000
v 0.054351 0.883709 0.156000
v 0.060313 0.879209 0.156000
v 0.065122 0.873609 0.156000
v 0.068556 0.867098 0.156000
v 0.070617 0.859674 0.156000
v 0.071304 0.851338 0.156000
v 0.071304 0.801751 0.156000
v 0.070617 0.793327 0.156000
v 0.068556 0.785815 0.156000
v 0.065122 0.779216 0.156000
v 0.060313 0.773528 0.156000
v 0.054351 0.768951 0.156000
v 0.047455 0.765681 0.156000
v 0.039625 0.763720 0.156000
v 0.030860 0.780826 0.156000
v 0.035201 0.781161 0.156000
v 0.039081 0.782166 0.156000
v 0.042499 0.783842 0.156000
v 0.045455 0.786189 0.156000
v 0.047840 0.789107 0.156000
v 0.049543 0.792497 0.156000
v 0.050565 0.796360 0.156000
v 0.050906 0.800696 0.156000
v 0.050906 0.852041 0.156000
v 0.050565 0.856377 0.156000
v 0.049543 0.860240 0.156000
v 0.047840 0.863630 0.156000
v 0.045455 0.866548 0.156000
v 0.042499 0.868895 0.156000
v 0.039081 0.870571 0.156000
v 0.035201 0.871576 0.156000
v 0.030860 0.871911 0.156000
v 0.026601 0.871576 0.156000
v 0.022793 0.870571 0.156000
v 0.019436 0.868895 0.156000
v 0.016529 0.866548 0.156000
v 0.014183 0.863630 0.156000
v 0.012507 0.860240 0.156000
v 0.011501 0.856377 0.156000
v 0.011166 0.852041 0.156000
v 0.011166 0.800696 0.156000
v 0.011501 0.796360 0.156000
v 0.012507 0.792497 0.156000
v 0.014183 0.789107 0.156000
v 0.016529 0.786189 0.156000
v 0.019436 0.783842 0.156000
v 0.022793 0.782166 0.156000
v 0.026601 0.781161 0.156000
v -0.052840 0.887561 0.156000
v -0.052148 0.887792 0.156000
v -0.051477 0.887957 0.156000
v -0.050829 0.888056 0.156000
v -0.050203 0.888089 0.156000
v -0.033322 0.888089 0.156000
v -0.032899 0.888050 0.156000
v -0.032509 0.887935 0.156000
v -0.032151 0.887743 0.156000
v -0.031827 0.887473 0.156000
v -0.031558 0.887149 0.156000
v -0.031366 0.886792 0.156000
v -0.031250 0.886402 0.156000
v -0.031212 0.885979 0.156000
v -0.031212 0.767110 0.156000
v -0.031250 0.766687 0.156000
v -0.031366 0.766297 0.156000
v -0.031558 0.765940 0.156000
v -0.031827 0.765615 0.156000
v -0.032151 0.765346 0.156000
v -0.032509 0.765154 0.156000
v -0.032899 0.765038 0.156000
v -0.033322 0.765000 0.156000
v -0.049499 0.765000 0.156000
v -0.049922 0.765038 0.156000
v -0.050313 0.765154 0.156000
v -0.050670 0.765346 0.156000
v -0.050994 0.765615 0.156000
v -0.051263 0.765940 0.156000
v -0.051455 0.766297 0.156000
v -0.051571 0.766687 0.156000
v -0.051609 0.767110 0.156000
v -0.051609 0.866988 0.156000
v -0.051631 0.867158 0.156000
v -0.051697 0.867317 0.156000
v -0.051807 0.867466 0.156000
v -0.051961 0.867603 0.156000
v -0.052137 0.867708 0.156000
v -0.052313 0.867757 0.156000
v -0.052489 0.867752 0.156000
v -0.052664 0.867691 0.156000
v -0.070248 0.862240 0.156000
v -0.070435 0.862163 0.156000
v -0.070644 0.862108 0.156000
v -0.070875 0.862075 0.156000
v -0.071128 0.862064 0.156000
v -0.071463 0.862097 0.156000
v -0.071765 0.862196 0.156000
v -0.072034 0.862361 0.156000
v -0.072271 0.862592 0.156000
v -0.072463 0.862877 0.156000
v -0.072600 0.863207 0.156000
v -0.072683 0.863581 0.156000
v -0.072710 0.863998 0.156000
v -0.073238 0.875604 0.156000
v -0.073150 0.876417 0.156000
v -0.072886 0.877099 0.156000
v -0.072446 0.877648 0.156000
v -0.071831 0.878066 0.156000
v 0.030860 0.763066 0.154000
v 0.022107 0.763720 0.154000
v 0.014309 0.765681 0.154000
v 0.007468 0.768951 0.154000
v 0.001583 0.773528 0.154000
v -0.003149 0.779216 0.154000
v -0.006528 0.785815 0.154000
v -0.008556 0.793327 0.154000
v -0.009232 0.801751 0.154000
v -0.009232 0.851338 0.154000
v -0.008556 0.859674 0.154000
v -0.006528 0.867098 0.154000
v -0.003149 0.873609 0.154000
v 0.001583 0.879209 0.154000
v 0.007468 0.883709 0.154000
v 0.014309 0.886924 0.154000
v 0.022107 0.888852 0.154000
v 0.030860 0.889495 0.154000
v 0.039625 0.888852 0.154000
v 0.047455 0.886924 0.154000
v 0.054351 0.883709 0.154000
v 0.060313 0.879209 0.154000
v 0.065122 0.873609 0.154000
v 0.068556 0.867098 0.154000
v 0.070617 0.859674 0.154000
v 0.071304 0.851338 0.154000
v 0.071304 0.801751 0.154000
v 0.070617 0.793327 0.154000
v 0.068556 0.785815 0.154000
v 0.065122 0.779216 0.154000
v 0.060313 0.773528 0.154000
v 0.054351 0.768951 0.154000
v 0.047455 0.765681 0.154000
v 0.039625 0.763720 0.154000
v 0.030860 0.780826 0.154000
v 0.035201 0.781161 0.154000
v 0.039081 0.782166 0.154000
v 0.042499 0.783842 0.154000
v 0.045455 0.786189 0.154000
v 0.047840 0.789107 0.154000
v 0.049543 0.792497 0.154000
v 0.050565 0.796360 0.154000
v 0.050906 0.800696 0.154000
v 0.050906 0.852041 0.154000
v 0.050565 0.856377 0.154000
v 0.049543 0.860240 0.154000
v 0.047840 0.863630 0.154000
v 0.045455 0.866548 0.154000
v 0.042499 0.868895 0.154000
v 0.039081 0.870571 0.154000
v 0.035201 0.871576 0.154000
v 0.030860 0.871911 0.154000
v 0.026601 0.871576 0.154000
v 0.022793 0.870571 0.154000
v 0.019436 0.868895 0.154000
v 0.016529 0.866548 0.154000
v 0.014183 0.863630 0.154000
v 0.012507 0.860240 0.154000
v 0.011501 0.856377 0.154000
v 0.011166 0.852041 0.154000
v 0.011166 0.800696 0.154000
v 0.011501 0.796360 0.154000
v 0.012507 0.792497 0.154000
v 0.014183 0.789107 0.154000
v 0.016529 0.786189 0.154000
v 0.019436 0.783842 0.154000
v 0.022793 0.782166 0.154000
v 0.026601 0.781161 0.154000
v -0.052840 0.887561 0.154000
v -0.052148 0.887792 0.154000
v -0.051477 0.887957 0.154000
v -0.050829 0.888056 0.154000
v -0.050203 0.888089 0.154000
v -0.033322 0.888089 0.154000
v -0.032899 0.888050 0.154000
v -0.032509 0.887935 0.154000
v -0.032151 0.887743 0.154000
v -0.031827 0.887473 0.154000
v -0.031558 0.887149 0.154000
v -0.031366 0.886792 0.154000
v -0.031250 0.886402 0.154000
v -0.031212 0.885979 0.154000
v -0.031212 0.767110 0.154000
v -0.031250 0.766687 0.154000
v -0.031366 0.766297 0.154000
v -0.031558 0.765940 0.154000
v -0.031827 0.765615 0.154000
v -0.032151 0.765346 0.154000
v -0.032509 0.765154 0.154000
v -0.032899 0.765038 0.154000
v -0.033322 0.765000 0.154000
v -0.049499 0.765000 0.154000
v -0.049922 0.765038 0.154000
v -0.050313 0.765154 0.154000
v -0.050670 0.765346 0.154000
v -0.050994 0.765615 0.154000
v -0.051263 0.765940 0.154000
v -0.051455 0.766297 0.154000
v -0.051571 0.766687 0.154000
v -0.051609 0.767110 0.154000
v -0.051609 0.866988 0.154000
v -0.051631 0.867158 0.154000
v -0.051697 0.867317 0.154000
v -0.051807 0.867466 0.154000
v -0.051961 0.867603 0.154000
v -0.052137 0.867708 0.154000
v -0.052313 0.867757 0.154000
v -0.052489 0.867752 0.154000
v -0.052664 0.867691 0.154000
v -0.070248 0.862240 0.154000
v -0.070435 0.862163 0.154000
v -0.070644 0.862108 0.154000
v -0.070875 0.862075 0.154000
v -0.071128 0.862064 0.154000
v -0.071463 0.862097 0.154000
v -0.071765 0.862196 0.154000
v -0.072034 0.862361 0.154000
v -0.072271 0.862592 0.154000
v -0.072463 0.862877 0.154000
v -0.072600 0.863207 0.154000
v -0.072683 0.863581 0.154000
v -0.072710 0.863998 0.154000
v -0.073238 0.875604 0.154000
v -0.073150 0.876417 0.154000
v -0.072886 0.877099 0.154000
v -0.072446 0.877648 0.154000
v -0.071831 0.878066 0.154000
v -0.052840 0.887561 0.154000
v -0.052840 0.887561 0.156000
v -0.052148 0.887792 0.154000
v -0.052148 0.887792 0.156000
v -0.051477 0.887957 0.154000
v -0.051477 0.887957 0.156000
v -0.050829 0.888056 0.154000
v -0.050829 0.888056 0.156000
v -0.050203 0.888089 0.154000
v -0.050203 0.888089 0.156000
v -0.033322 0.888089 0.154000
v -0.033322 0.888089 0.156000
v -0.032899 0.888050 0.154000
v -0.032899 0.888050 0.156000
v -0.032509 0.887935 0.154000
v -0.032509 0.887935 0.156000
v -0.032151 0.887743 0.154000
v -0.032151 0.887743 0.156000
v -0.031827 0.887473 0.154000
v -0.031827 0.887473 0.156000
v -0.031558 0.887149 0.154000
v -0.031558 0.887149 0.156000
v -0.031366 0.886792 0.154000
v -0.031366 0.886792 0.156000
v -0.031250 0.886402 0.154000
v -0.031250 0.886402 0.156000
v -0.031212 0.885979 0.154000
v -0.031212 0.885979 0.156000
v -0.031212 0.767110 0.154000
v -0.031212 0.767110 0.156000
v -0.031250 0.766687 0.154000
v -0.031250 0.766687 0.156000
v -0.031366 0.766297 0.154000
v -0.031366 0.766297 0.156000
v -0.031558 0.765940 0.154000
v -0.031558 0.765940 0.156000
v -0.031827 0.765615 0.154000
v -0.031827 0.765615 0.156000
v -0.032151 0.765346 0.154000
v -0.032151 0.765346 0.156000
v -0.032509 0.765154 0.154000
v -0.032509 0.765154 0.156000
v -0.032899 0.765038 0.154000
v -0.032899 0.765038 0.156000
v -0.033322 0.765000 0.154000
v -0.033322 0.765000 0.156000
v -0.049499 0.765000 0.154000
v -0.049499 0.765000 0.156000
v -0.049922 0.765038 0.154000
v -0.049922 0.765038 0.156000
v -0.050313 0.765154 0.154000
v -0.050313 0.765154 0.156000
v -0.050670 0.765346 0.154000
v -0.050670 0.765346 0.156000
v -0.050994 0.765615 0.154000
v -0.050994 0.765615 0.156000
v -0.051263 0.765940 0.154000
v -0.051263 0.765940 0.156000
v -0.051455 0.766297 0.154000
v -0.051455 0.766297 0.156000
v -0.051571 0.766687 0.154000
v -0.051571 0.766687 0.156000
v -0.051609 0.767110 0.154000
v -0.051609 0.767110 0.156000
v -0.051609 0.866988 0.154000
v -0.051609 0.866988 0.156000
v -0.051631 0.867158 0.154000
v -0.051631 0.867158 0.156000
v -0.051697 0.867317 0.154000
v -0.051697 0.867317 0.156000
v -0.051807 0.867466 0.154000
v -0.051807 0.867466 0.156000
v -0.051961 0.867603 0.154000
v -0.051961 0.867603 0.156000
v -0.052137 0.867708 0.154000
v -0.052137 0.867708 0.156000
v -0.052313 0.867757 0.154000
v -0.052313 0.867757 0.156000
v -0.052489 0.867752 0.154000
v -0.052489 0.867752 0.156000
v -0.052664 0.867691 0.154000
v -0.052664 0.867691 0.156000
v -0.070248 0.862240 0.154000
v -0.070248 0.862240 0.156000
v -0.070435 0.862163 0.154000
v -0.070435 0.862163 0.156000
v -0.070644 0.862108 0.154000
v -0.070644 0.862108 0.156000
v -0.070875 0.862075 0.154000
v -0.070875 0.862075 0.156000
v -0.071128 0.862064 0.154000
v -0.071128 0.862064 0.156000
v -0.071463 0.862097 0.154000
v -0.071463 0.862097 0.156000
v -0.071765 0.862196 0.154000
v -0.071765 0.862196 0.156000
v -0.072034 0.862361 0.154000
v -0.072034 0.862361 0.156000
v -0.072271 0.862592 0.154000
v -0.072271 0.862592 0.156000
v -0.072463 0.862877 0.154000
v -0.072463 0.862877 0.156000
v -0.072600 0.863207 0.154000
v -0.072600 0.863207 0.156000
v -0.072683 0.863581 0.154000
v -0.072683 0.863581 0.156000
v -0.072710 0.863998 0.154000
v -0.072710 0.863998 0.156000
v -0.073238 0.875604 0.154000
v -0.073238 0.875604 0.156000
v -0.073150 0.876417 0.154000
v -0.073150 0.876417 0.156000
v -0.072886 0.877099 0.154000
v -0.072886 0.877099 0.156000
v -0.072446 0.877648 0.154000
v -0.072446 0.877648 0.156000
v -0.071831 0.878066 0.154000
v -0.071831 0.878066 0.156000
v 0.030860 0.763066 0.154000
v 0.030860 0.763066 0.156000
v 0.022107 0.763720 0.154000
v 0.022107 0.763720 0.156000
v 0.014309 0.765681 0.154000
v 0.014309 0.765681 0.156000
v 0.007468 0.768951 0.154000
v 0.007468 0.768951 0.156000
v 0.001583 0.773528 0.154000
v 0.001583 0.773528 0.156000
v -0.003149 0.779216 0.154000
v -0.003149 0.779216 0.156000
v -0.006528 0.785815 0.154000
v -0.006528 0.785815 0.156000
v -0.008556 0.793327 0.154000
v -0.008556 0.793327 0.156000
v -0.009232 0.801751 0.154000
v -0.009232 0.801751 0.156000
v -0.009232 0.851338 0.154000
v -0.009232 0.851338 0.156000
v -0.008556 0.859674 0.154000
v -0.008556 0.859674 0.156000
v -0.006528 0.867098 0.154000
v -0.006528 0.867098 0.156000
v -0.003149 0.873609 0.154000
v -0.003149 0.873609 0.156000
v 0.001583 0.879209 0.154000
v 0.001583 0.879209 0.156000
v 0.007468 0.883709 0.154000
v 0.007468 0.883709 0.156000
v 0.014309 0.886924 0.154000
v 0.014309 0.886924 0.156000
v 0.022107 0.888852 0.154000
v 0.022107 0.888852 0.156000
v 0.030860 0.889495 0.154000
v 0.030860 0.889495 0.156000
v 0.039625 0.888852 0.154000
v 0.039625 0.888852 0.156000
v 0.047455 0.886924 0.154000
v 0.047455 0.886924 0.156000
v 0.054351 0.883709 0.154000
v 0.054351 0.883709 0.156000
v 0.060313 0.879209 0.154000
v 0.060313 0.879209 0.156000
v 0.065122 0.873609 0.154000
v 0.065122 0.873609 0.156000
v 0.068556 0.867098 0.154000
v 0.068556 0.867098 0.156000
v 0.070617 0.859674 0.154000
v 0.070617 0.859674 0.156000
v 0.071304 0.851338 0.154000
v 0.071304 0.851338 0.156000
v 0.071304 0.801751 0.154000
v 0.071304 0.801751 0.156000
v 0.070617 0.793327 0.154000
v 0.070617 0.793327 0.156000
v 0.068556 0.785815 0.154000
v 0.068556 0.785815 0.156000
v 0.065122 0.779216 0.154000
v 0.065122 0.779216 0.156000
v 0.060313 0.773528 0.154000
v 0.060313 0.773528 0.156000
v 0.054351 0.768951 0.154000
v 0.054351 0.768951 0.156000
v 0.047455 0.765681 0.154000
v 0.047455 0.765681 0.156000
v 0.039625 0.763720 0.154000
v 0.039625 0.763720 0.156000
v 0.030860 0.780826 0.154000
v 0.030860 0.780826 0.156000
v 0.035201 0.781161 0.154000
v 0.035201 0.781161 0.156000
v 0.039081 0.782166 0.154000
v 0.039081 0.782166 0.156000
v 0.042499 0.783842 0.154000
v 0.042499 0.783842 0.156000
v 0.045455 0.786189 0.154000
v 0.045455 0.786189 0.156000
v 0.047840 0.789107 0.154000
v 0.047840 0.789107 0.156000
v 0.049543 0.792497 0.154000
v 0.049543 0.792497 0.156000
v 0.050565 0.796360 0.154000
v 0.050565 0.796360 0.156000
v 0.050906 0.800696 0.154000
v 0.050906 0.800696 0.156000
v 0.050906 0.852041 0.154000
v 0.050906 0.852041 0.156000
v 0.050565 0.856377 0.154000
v 0.050565 0.856377 0.156000
v 0.049543 0.860240 0.154000
v 0.049543 0.860240 0.156000
v 0.047840 0.863630 0.154000
v 0.047840 0.863630 0.156000
v 0.045455 0.866548 0.154000
v 0.045455 0.866548 0.156000
v 0.042499 0.868895 0.154000
v 0.042499 0.868895 0.156000
v 0.039081 0.870571 0.154000
v 0.039081 0.870571 0.156000
v 0.035201 0.871576 0.154000
v 0.035201 0.871576 0.156000
v 0.030860 0.871911 0.154000
v 0.030860 0.871911 0.156000
v 0.026601 0.871576 0.154000
v 0.026601 0.871576 0.156000
v 0.022793 0.870571 0.154000
v 0.022793 0.870571 0.156000
v 0.019436 0.868895 0.154000
v 0.019436 0.868895 0.156000
v 0.016529 0.866548 0.154000
v 0.016529 0.866548 0.156000
v 0.014183 0.863630 0.154000
v 0.014183 0.863630 0.156000
v 0.012507 0.860240 0.154000
v 0.012507 0.860240 0.156000
v 0.011501 0.856377 0.154000
v 0.011501 0.856377 0.156000
v 0.011166 0.852041 0.154000
v 0.011166 0.852041 0.156000
v 0.011166 0.800696 0.154000
v 0.011166 0.800696 0.156000
v 0.011501 0.796360 0.154000
v 0.011501 0.796360 0.156000
v 0.012507 0.792497 0.154000
v 0.012507 0.792497 0.156000
v 0.014183 0.789107 0.154000
v 0.014183 0.789107 0.156000
v 0.016529 0.786189 0.154000
v 0.016529 0.786189 0.156000
v 0.019436 0.783842 0.154000
v 0.019436 0.783842 0.156000
v 0.022793 0.782166 0.154000
v 0.022793 0.782166 0.156000
v 0.026601 0.781161 0.154000
v 0.026601 0.781161 0.156000
v 0.079151 0.237000 0.156000
v 0.079058 0.237009 0.156000
v 0.078971 0.237034 0.156000
v 0.078892 0.237077 0.156000
v 0.078820 0.237136 0.156000
v 0.078760 0.237208 0.156000
v 0.078718 0.237288 0.156000
v 0.078692 0.237374 0.156000
v 0.078683 0.237468 0.156000
v 0.078683 0.263826 0.156000
v 0.078692 0.263919 0.156000
v 0.078718 0.264006 0.156000
v 0.078760 0.264085 0.156000
v 0.078820 0.264157 0.156000
v 0.078892 0.264217 0.156000
v 0.078971 0.264259 0.156000
v 0.079058 0.264285 0.156000
v 0.079151 0.264294 0.156000
v 0.082739 0.264294 0.156000
v 0.082832 0.264285 0.156000
v 0.082919 0.264259 0.156000
v 0.082998 0.264217 0.156000
v 0.083070 0.264157 0.156000
v 0.083130 0.264085 0.156000
v 0.083172 0.264006 0.156000
v 0.083198 0.263919 0.156000
v 0.083206 0.263826 0.156000
v 0.083206 0.241094 0.156000
v 0.083219 0.241009 0.156000
v 0.083255 0.240948 0.156000
v 0.083316 0.240911 0.156000
v 0.083401 0.240899 0.156000
v 0.096463 0.240899 0.156000
v 0.096557 0.240891 0.156000
v 0.096644 0.240865 0.156000
v 0.096723 0.240822 0.156000
v 0.096795 0.240763 0.156000
v 0.096854 0.240691 0.156000
v 0.096897 0.240611 0.156000
v 0.096923 0.240525 0.156000
v 0.096931 0.240431 0.156000
v 0.096931 0.237468 0.156000
v 0.096923 0.237374 0.156000
v 0.096897 0.237288 0.156000
v 0.096854 0.237208 0.156000
v 0.096795 0.237136 0.156000
v 0.096723 0.237077 0.156000
v 0.096644 0.237034 0.156000
v 0.096557 0.237009 0.156000
v 0.096463 0.237000 0.156000
v 0.070339 0.237000 0.156000
v 0.070162 0.237024 0.156000
v 0.070018 0.237097 0.156000
v 0.069908 0.237219 0.156000
v 0.069833 0.237390 0.156000
v 0.068546 0.241562 0.156000
v 0.068504 0.241630 0.156000
v 0.068458 0.241679 0.156000
v 0.068407 0.241708 0.156000
v 0.068351 0.241718 0.156000
v 0.058057 0.241718 0.156000
v 0.058001 0.241708 0.156000
v 0.057950 0.241679 0.156000
v 0.057904 0.241630 0.156000
v 0.057862 0.241562 0.156000
v 0.056576 0.237390 0.156000
v 0.056500 0.237219 0.156000
v 0.056390 0.237097 0.156000
v 0.056247 0.237024 0.156000
v 0.056069 0.237000 0.156000
v 0.052170 0.237000 0.156000
v 0.052060 0.237009 0.156000
v 0.051965 0.237034 0.156000
v 0.051885 0.237077 0.156000
v 0.051819 0.237136 0.156000
v 0.051772 0.237213 0.156000
v 0.051751 0.237307 0.156000
v 0.051753 0.237418 0.156000
v 0.051780 0.237546 0.156000
v 0.060241 0.263904 0.156000
v 0.060316 0.264074 0.156000
v 0.060426 0.264196 0.156000
v 0.060570 0.264269 0.156000
v 0.060748 0.264294 0.156000
v 0.065622 0.264294 0.156000
v 0.065799 0.264269 0.156000
v 0.065943 0.264196 0.156000
v 0.066053 0.264074 0.156000
v 0.066128 0.263904 0.156000
v 0.074628 0.237546 0.156000
v 0.074645 0.237504 0.156000
v 0.074658 0.237458 0.156000
v 0.074665 0.237407 0.156000
v 0.074667 0.237351 0.156000
v 0.074641 0.237197 0.156000
v 0.074560 0.237088 0.156000
v 0.074426 0.237022 0.156000
v 0.074239 0.237000 0.156000
v 0.059071 0.245500 0.156000
v 0.059066 0.245398 0.156000
v 0.059091 0.245325 0.156000
v 0.059144 0.245281 0.156000
v 0.059227 0.245266 0.156000
v 0.067142 0.245266 0.156000
v 0.067240 0.245281 0.156000
v 0.067298 0.245325 0.156000
v 0.067318 0.245398 0.156000
v 0.067298 0.245500 0.156000
v 0.063282 0.258562 0.156000
v 0.063260 0.258630 0.156000
v 0.063233 0.258679 0.156000
v 0.063202 0.258708 0.156000
v 0.063165 0.258718 0.156000
v 0.063129 0.258708 0.156000
v 0.063097 0.258679 0.156000
v 0.063070 0.258630 0.156000
v 0.063048 0.258562 0.156000
v 0.043436 0.263826 0.156000
v 0.043444 0.263919 0.156000
v 0.043470 0.264006 0.156000
v 0.043513 0.264085 0.156000
v 0.043572 0.264157 0.156000
v 0.043644 0.264217 0.156000
v 0.043723 0.264259 0.156000
v 0.043810 0.264285 0.156000
v 0.043904 0.264294 0.156000
v 0.047491 0.264294 0.156000
v 0.047585 0.264285 0.156000
v 0.047671 0.264259 0.156000
v 0.047750 0.264217 0.156000
v 0.047822 0.264157 0.156000
v 0.047882 0.264085 0.156000
v 0.047925 0.264006 0.156000
v 0.047950 0.263919 0.156000
v 0.047959 0.263826 0.156000
v 0.047959 0.237468 0.156000
v 0.047950 0.237374 0.156000
v 0.047925 0.237288 0.156000
v 0.047882 0.237208 0.156000
v 0.047822 0.237136 0.156000
v 0.047750 0.237077 0.156000
v 0.047671 0.237034 0.156000
v 0.047585 0.237009 0.156000
v 0.047491 0.237000 0.156000
v 0.043904 0.237000 0.156000
v 0.043810 0.237009 0.156000
v 0.043723 0.237034 0.156000
v 0.043644 0.237077 0.156000
v 0.043572 0.237136 0.156000
v 0.043513 0.237208 0.156000
v 0.043470 0.237288 0.156000
v 0.043444 0.237374 0.156000
v 0.043436 0.237468 0.156000
v 0.043436 0.248619 0.156000
v 0.043424 0.248705 0.156000
v 0.043387 0.248765 0.156000
v 0.043326 0.248802 0.156000
v 0.043241 0.248814 0.156000
v 0.033298 0.248814 0.156000
v 0.033213 0.248802 0.156000
v 0.033152 0.248765 0.156000
v 0.033115 0.248705 0.156000
v 0.033103 0.248619 0.156000
v 0.033103 0.237468 0.156000
v 0.033095 0.237374 0.156000
v 0.033069 0.237288 0.156000
v 0.033026 0.237208 0.156000
v 0.032967 0.237136 0.156000
v 0.032895 0.237077 0.156000
v 0.032816 0.237034 0.156000
v 0.032729 0.237009 0.156000
v 0.032635 0.237000 0.156000
v 0.029048 0.237000 0.156000
v 0.028954 0.237009 0.156000
v 0.028868 0.237034 0.156000
v 0.028789 0.237077 0.156000
v 0.028717 0.237136 0.156000
v 0.028657 0.237208 0.156000
v 0.028614 0.237288 0.156000
v 0.028589 0.237374 0.156000
v 0.028580 0.237468 0.156000
v 0.028580 0.263826 0.156000
v 0.028589 0.263919 0.156000
v 0.028614 0.264006 0.156000
v 0.028657 0.264085 0.156000
v 0.028717 0.264157 0.156000
v 0.028789 0.264217 0.156000
v 0.028868 0.264259 0.156000
v 0.028954 0.264285 0.156000
v 0.029048 0.264294 0.156000
v 0.032635 0.264294 0.156000
v 0.032729 0.264285 0.156000
v 0.032816 0.264259 0.156000
v 0.032895 0.264217 0.156000
v 0.032967 0.264157 0.156000
v 0.033026 0.264085 0.156000
v 0.033069 0.264006 0.156000
v 0.033095 0.263919 0.156000
v 0.033103 0.263826 0.156000
v 0.033103 0.252908 0.156000
v 0.033115 0.252823 0.156000
v 0.033152 0.252762 0.156000
v 0.033213 0.252725 0.156000
v 0.033298 0.252713 0.156000
v 0.043241 0.252713 0.156000
v 0.043326 0.252725 0.156000
v 0.043387 0.252762 0.156000
v 0.043424 0.252823 0.156000
v 0.043436 0.252908 0.156000
v 0.013998 0.236688 0.156000
v 0.012579 0.236760 0.156000
v 0.011249 0.236976 0.156000
v 0.010006 0.237335 0.156000
v 0.008851 0.237838 0.156000
v 0.007803 0.238471 0.156000
v 0.006882 0.239218 0.156000
v 0.006087 0.240079 0.156000
v 0.005420 0.241055 0.156000
v 0.004891 0.242130 0.156000
v 0.004513 0.243287 0.156000
v 0.004287 0.244528 0.156000
v 0.004211 0.245851 0.156000
v 0.004211 0.255482 0.156000
v 0.004287 0.256805 0.156000
v 0.004513 0.258045 0.156000
v 0.004891 0.259203 0.156000
v 0.005420 0.260278 0.156000
v 0.006087 0.261252 0.156000
v 0.006882 0.262110 0.156000
v 0.007803 0.262851 0.156000
v 0.008851 0.263475 0.156000
v 0.010006 0.263969 0.156000
v 0.011249 0.264323 0.156000
v 0.012579 0.264535 0.156000
v 0.013998 0.264606 0.156000
v 0.015399 0.264537 0.156000
v 0.016717 0.264333 0.156000
v 0.017953 0.263991 0.156000
v 0.019106 0.263514 0.156000
v 0.020153 0.262912 0.156000
v 0.021075 0.262198 0.156000
v 0.021869 0.261372 0.156000
v 0.022537 0.260433 0.156000
v 0.023066 0.259400 0.156000
v 0.023443 0.258289 0.156000
v 0.023670 0.257100 0.156000
v 0.023745 0.255833 0.156000
v 0.023737 0.255739 0.156000
v 0.023711 0.255652 0.156000
v 0.023669 0.255573 0.156000
v 0.023609 0.255501 0.156000
v 0.023537 0.255441 0.156000
v 0.023458 0.255399 0.156000
v 0.023371 0.255373 0.156000
v 0.023278 0.255365 0.156000
v 0.019690 0.255170 0.156000
v 0.019486 0.255197 0.156000
v 0.019339 0.255277 0.156000
v 0.019252 0.255411 0.156000
v 0.019222 0.255599 0.156000
v 0.019134 0.256693 0.156000
v 0.018867 0.257675 0.156000
v 0.018422 0.258545 0.156000
v 0.017799 0.259303 0.156000
v 0.017028 0.259917 0.156000
v 0.016137 0.260355 0.156000
v 0.015127 0.260619 0.156000
v 0.013998 0.260706 0.156000
v 0.012867 0.260619 0.156000
v 0.011853 0.260355 0.156000
v 0.010956 0.259917 0.156000
v 0.010177 0.259303 0.156000
v 0.009545 0.258545 0.156000
v 0.009095 0.257675 0.156000
v 0.008824 0.256693 0.156000
v 0.008734 0.255599 0.156000
v 0.008734 0.245656 0.156000
v 0.008824 0.244579 0.156000
v 0.009095 0.243609 0.156000
v 0.009545 0.242746 0.156000
v 0.010177 0.241991 0.156000
v 0.010956 0.241377 0.156000
v 0.011853 0.240938 0.156000
v 0.012867 0.240675 0.156000
v 0.013998 0.240587 0.156000
v 0.015127 0.240674 0.156000
v 0.016137 0.240933 0.156000
v 0.017028 0.241366 0.156000
v 0.017799 0.241971 0.156000
v 0.018422 0.242721 0.156000
v 0.018867 0.243585 0.156000
v 0.019134 0.244563 0.156000
v 0.019222 0.245656 0.156000
v 0.019252 0.245844 0.156000
v 0.019339 0.245978 0.156000
v 0.019486 0.246058 0.156000
v 0.019690 0.246085 0.156000
v 0.023278 0.245929 0.156000
v 0.023371 0.245922 0.156000
v 0.023458 0.245900 0.156000
v 0.023537 0.245863 0.156000
v 0.023609 0.245812 0.156000
v 0.023669 0.245751 0.156000
v 0.023711 0.245685 0.156000
v 0.023737 0.245615 0.156000
v 0.023745 0.245539 0.156000
v 0.023670 0.244254 0.156000
v 0.023443 0.243048 0.156000
v 0.023066 0.241924 0.156000
v 0.022537 0.240880 0.156000
v 0.021869 0.239933 0.156000
v 0.021075 0.239101 0.156000
v 0.020153 0.238383 0.156000
v 0.019106 0.237780 0.156000
v 0.017953 0.237302 0.156000
v 0.016717 0.236961 0.156000
v 0.015399 0.236756 0.156000
v 0.000273 0.260862 0.156000
v 0.000264 0.260769 0.156000
v 0.000239 0.260682 0.156000
v 0.000196 0.260603 0.156000
v 0.000136 0.260531 0.156000
v 0.000065 0.260471 0.156000
v -0.000015 0.260429 0.156000
v -0.000101 0.260403 0.156000
v -0.000195 0.260394 0.156000
v -0.013491 0.260394 0.156000
v -0.013576 0.260382 0.156000
v -0.013637 0.260346 0.156000
v -0.013674 0.260285 0.156000
v -0.013686 0.260200 0.156000
v -0.013686 0.252908 0.156000
v -0.013674 0.252823 0.156000
v -0.013637 0.252762 0.156000
v -0.013576 0.252725 0.156000
v -0.013491 0.252713 0.156000
v -0.004562 0.252713 0.156000
v -0.004468 0.252705 0.156000
v -0.004382 0.252679 0.156000
v -0.004302 0.252637 0.156000
v -0.004231 0.252577 0.156000
v -0.004171 0.252505 0.156000
v -0.004128 0.252426 0.156000
v -0.004103 0.252339 0.156000
v -0.004094 0.252245 0.156000
v -0.004094 0.249282 0.156000
v -0.004103 0.249188 0.156000
v -0.004128 0.249102 0.156000
v -0.004171 0.249023 0.156000
v -0.004231 0.248951 0.156000
v -0.004302 0.248891 0.156000
v -0.004382 0.248848 0.156000
v -0.004468 0.248823 0.156000
v -0.004562 0.248814 0.156000
v -0.013491 0.248814 0.156000
v -0.013576 0.248802 0.156000
v -0.013637 0.248765 0.156000
v -0.013674 0.248705 0.156000
v -0.013686 0.248619 0.156000
v -0.013686 0.241094 0.156000
v -0.013674 0.241009 0.156000
v -0.013637 0.240948 0.156000
v -0.013576 0.240911 0.156000
v -0.013491 0.240899 0.156000
v -0.000195 0.240899 0.156000
v -0.000101 0.240891 0.156000
v -0.000015 0.240865 0.156000
v 0.000065 0.240822 0.156000
v 0.000136 0.240763 0.156000
v 0.000196 0.240691 0.156000
v 0.000239 0.240611 0.156000
v 0.000264 0.240525 0.156000
v 0.000273 0.240431 0.156000
v 0.000273 0.237468 0.156000
v 0.000264 0.237374 0.156000
v 0.000239 0.237288 0.156000
v 0.000196 0.237208 0.156000
v 0.000136 0.237136 0.156000
v 0.000065 0.237077 0.156000
v -0.000015 0.237034 0.156000
v -0.000101 0.237009 0.156000
v -0.000195 0.237000 0.156000
v -0.017741 0.237000 0.156000
v -0.017835 0.237009 0.156000
v -0.017921 0.237034 0.156000
v -0.018000 0.237077 0.156000
v -0.018072 0.237136 0.156000
v -0.018132 0.237208 0.156000
v -0.018175 0.237288 0.156000
v -0.018200 0.237374 0.156000
v -0.018209 0.237468 0.156000
v -0.018209 0.263826 0.156000
v -0.018200 0.263919 0.156000
v -0.018175 0.264006 0.156000
v -0.018132 0.264085 0.156000
v -0.018072 0.264157 0.156000
v -0.018000 0.264217 0.156000
v -0.017921 0.264259 0.156000
v -0.017835 0.264285 0.156000
v -0.017741 0.264294 0.156000
v -0.000195 0.264294 0.156000
v -0.000101 0.264285 0.156000
v -0.000015 0.264259 0.156000
v 0.000065 0.264217 0.156000
v 0.000136 0.264157 0.156000
v 0.000196 0.264085 0.156000
v 0.000239 0.264006 0.156000
v 0.000264 0.263919 0.156000
v 0.000273 0.263826 0.156000
v -0.026787 0.237000 0.156000
v -0.026967 0.237022 0.156000
v -0.027118 0.237088 0.156000
v -0.027240 0.237197 0.156000
v -0.027333 0.237351 0.156000
v -0.032479 0.248580 0.156000
v -0.032523 0.248649 0.156000
v -0.032577 0.248697 0.156000
v -0.032640 0.248726 0.156000
v -0.032713 0.248736 0.156000
v -0.037392 0.248736 0.156000
v -0.037477 0.248724 0.156000
v -0.037538 0.248688 0.156000
v -0.037575 0.248627 0.156000
v -0.037587 0.248541 0.156000
v -0.037587 0.237468 0.156000
v -0.037596 0.237374 0.156000
v -0.037621 0.237288 0.156000
v -0.037664 0.237208 0.156000
v -0.037724 0.237136 0.156000
v -0.037796 0.237077 0.156000
v -0.037875 0.237034 0.156000
v -0.037961 0.237009 0.156000
v -0.038055 0.237000 0.156000
v -0.041642 0.237000 0.156000
v -0.041736 0.237009 0.156000
v -0.041823 0.237034 0.156000
v -0.041902 0.237077 0.156000
v -0.041974 0.237136 0.156000
v -0.042033 0.237208 0.156000
v -0.042076 0.237288 0.156000
v -0.042102 0.237374 0.156000
v -0.042110 0.237468 0.156000
v -0.042110 0.263826 0.156000
v -0.042102 0.263919 0.156000
v -0.042076 0.264006 0.156000
v -0.042033 0.264085 0.156000
v -0.041974 0.264157 0.156000
v -0.041902 0.264217 0.156000
v -0.041823 0.264259 0.156000
v -0.041736 0.264285 0.156000
v -0.041642 0.264294 0.156000
v -0.030920 0.264294 0.156000
v -0.029765 0.264231 0.156000
v -0.028678 0.264045 0.156000
v -0.027659 0.263734 0.156000
v -0.026709 0.263299 0.156000
v -0.025844 0.262751 0.156000
v -0.025081 0.262100 0.156000
v -0.024420 0.261347 0.156000
v -0.023862 0.260492 0.156000
v -0.023419 0.259553 0.156000
v -0.023102 0.258547 0.156000
v -0.022912 0.257476 0.156000
v -0.022849 0.256339 0.156000
v -0.022935 0.255044 0.156000
v -0.023195 0.253849 0.156000
v -0.023627 0.252753 0.156000
v -0.024233 0.251758 0.156000
v -0.024992 0.250884 0.156000
v -0.025885 0.250154 0.156000
v -0.026912 0.249568 0.156000
v -0.028073 0.249126 0.156000
v -0.028110 0.249121 0.156000
v -0.028142 0.249107 0.156000
v -0.028168 0.249082 0.156000
v -0.028190 0.249048 0.156000
v -0.028205 0.249009 0.156000
v -0.028210 0.248970 0.156000
v -0.028205 0.248931 0.156000
v -0.028190 0.248892 0.156000
v -0.022693 0.237546 0.156000
v -0.022659 0.237473 0.156000
v -0.022634 0.237409 0.156000
v -0.022620 0.237356 0.156000
v -0.022615 0.237312 0.156000
v -0.022641 0.237175 0.156000
v -0.022722 0.237078 0.156000
v -0.022856 0.237019 0.156000
v -0.023044 0.237000 0.156000
v -0.037392 0.260394 0.156000
v -0.037477 0.260382 0.156000
v -0.037538 0.260346 0.156000
v -0.037575 0.260285 0.156000
v -0.037587 0.260200 0.156000
v -0.037587 0.252440 0.156000
v -0.037575 0.252355 0.156000
v -0.037538 0.252294 0.156000
v -0.037477 0.252258 0.156000
v -0.037392 0.252245 0.156000
v -0.031544 0.252245 0.156000
v -0.030653 0.252315 0.156000
v -0.029852 0.252523 0.156000
v -0.029142 0.252871 0.156000
v -0.028522 0.253357 0.156000
v -0.028019 0.253957 0.156000
v -0.027659 0.254648 0.156000
v -0.027443 0.255429 0.156000
v -0.027372 0.256300 0.156000
v -0.027443 0.257173 0.156000
v -0.027659 0.257958 0.156000
v -0.028019 0.258655 0.156000
v -0.028522 0.259264 0.156000
v -0.029142 0.259758 0.156000
v -0.029852 0.260112 0.156000
v -0.030653 0.260324 0.156000
v -0.031544 0.260394 0.156000
v -0.050454 0.237000 0.156000
v -0.050632 0.237024 0.156000
v -0.050776 0.237097 0.156000
v -0.050885 0.237219 0.156000
v -0.050961 0.237390 0.156000
v -0.052248 0.241562 0.156000
v -0.052289 0.241630 0.156000
v -0.052335 0.241679 0.156000
v -0.052387 0.241708 0.156000
v -0.052443 0.241718 0.156000
v -0.062736 0.241718 0.156000
v -0.062792 0.241708 0.156000
v -0.062843 0.241679 0.156000
v -0.062890 0.241630 0.156000
v -0.062931 0.241562 0.156000
v -0.064218 0.237390 0.156000
v -0.064293 0.237219 0.156000
v -0.064403 0.237097 0.156000
v -0.064547 0.237024 0.156000
v -0.064725 0.237000 0.156000
v -0.068624 0.237000 0.156000
v -0.068734 0.237009 0.156000
v -0.068829 0.237034 0.156000
v -0.068909 0.237077 0.156000
v -0.068975 0.237136 0.156000
v -0.069021 0.237213 0.156000
v -0.069043 0.237307 0.156000
v -0.069041 0.237418 0.156000
v -0.069014 0.237546 0.156000
v -0.060553 0.263904 0.156000
v -0.060477 0.264074 0.156000
v -0.060368 0.264196 0.156000
v -0.060224 0.264269 0.156000
v -0.060046 0.264294 0.156000
v -0.055172 0.264294 0.156000
v -0.054994 0.264269 0.156000
v -0.054850 0.264196 0.156000
v -0.054741 0.264074 0.156000
v -0.054665 0.263904 0.156000
v -0.046165 0.237546 0.156000
v -0.046148 0.237504 0.156000
v -0.046136 0.237458 0.156000
v -0.046129 0.237407 0.156000
v -0.046126 0.237351 0.156000
v -0.046153 0.237197 0.156000
v -0.046233 0.237088 0.156000
v -0.046367 0.237022 0.156000
v -0.046555 0.237000 0.156000
v -0.061722 0.245500 0.156000
v -0.061727 0.245398 0.156000
v -0.061703 0.245325 0.156000
v -0.061649 0.245281 0.156000
v -0.061567 0.245266 0.156000
v -0.053651 0.245266 0.156000
v -0.053554 0.245281 0.156000
v -0.053495 0.245325 0.156000
v -0.053476 0.245398 0.156000
v -0.053495 0.245500 0.156000
v -0.057511 0.258562 0.156000
v -0.057533 0.258630 0.156000
v -0.057560 0.258679 0.156000
v -0.057592 0.258708 0.156000
v -0.057628 0.258718 0.156000
v -0.057665 0.258708 0.156000
v -0.057697 0.258679 0.156000
v -0.057723 0.258630 0.156000
v -0.057745 0.258562 0.156000
v -0.077670 0.263982 0.156000
v -0.077562 0.264118 0.156000
v -0.077436 0.264216 0.156000
v -0.077290 0.264274 0.156000
v -0.077124 0.264294 0.156000
v -0.073537 0.264294 0.156000
v -0.073443 0.264285 0.156000
v -0.073356 0.264259 0.156000
v -0.073277 0.264217 0.156000
v -0.073205 0.264157 0.156000
v -0.073146 0.264085 0.156000
v -0.073103 0.264006 0.156000
v -0.073077 0.263919 0.156000
v -0.073069 0.263826 0.156000
v -0.073069 0.237468 0.156000
v -0.073077 0.237374 0.156000
v -0.073103 0.237288 0.156000
v -0.073146 0.237208 0.156000
v -0.073205 0.237136 0.156000
v -0.073277 0.237077 0.156000
v -0.073356 0.237034 0.156000
v -0.073443 0.237009 0.156000
v -0.073537 0.237000 0.156000
v -0.077124 0.237000 0.156000
v -0.077218 0.237009 0.156000
v -0.077304 0.237034 0.156000
v -0.077383 0.237077 0.156000
v -0.077455 0.237136 0.156000
v -0.077515 0.237208 0.156000
v -0.077558 0.237288 0.156000
v -0.077583 0.237374 0.156000
v -0.077592 0.237468 0.156000
v -0.077592 0.256067 0.156000
v -0.077598 0.256120 0.156000
v -0.077616 0.256164 0.156000
v -0.077647 0.256198 0.156000
v -0.077689 0.256222 0.156000
v -0.077734 0.256232 0.156000
v -0.077772 0.256222 0.156000
v -0.077803 0.256193 0.156000
v -0.077826 0.256144 0.156000
v -0.082700 0.248658 0.156000
v -0.082807 0.248522 0.156000
v -0.082933 0.248424 0.156000
v -0.083080 0.248366 0.156000
v -0.083245 0.248346 0.156000
v -0.085039 0.248346 0.156000
v -0.085205 0.248366 0.156000
v -0.085351 0.248424 0.156000
v -0.085478 0.248522 0.156000
v -0.085585 0.248658 0.156000
v -0.090498 0.256105 0.156000
v -0.090521 0.256154 0.156000
v -0.090551 0.256184 0.156000
v -0.090589 0.256193 0.156000
v -0.090634 0.256184 0.156000
v -0.090677 0.256159 0.156000
v -0.090707 0.256125 0.156000
v -0.090726 0.256081 0.156000
v -0.090732 0.256028 0.156000
v -0.090732 0.237468 0.156000
v -0.090740 0.237374 0.156000
v -0.090766 0.237288 0.156000
v -0.090808 0.237208 0.156000
v -0.090868 0.237136 0.156000
v -0.090940 0.237077 0.156000
v -0.091019 0.237034 0.156000
v -0.091106 0.237009 0.156000
v -0.091200 0.237000 0.156000
v -0.094787 0.237000 0.156000
v -0.094881 0.237009 0.156000
v -0.094967 0.237034 0.156000
v -0.095046 0.237077 0.156000
v -0.095118 0.237136 0.156000
v -0.095178 0.237208 0.156000
v -0.095220 0.237288 0.156000
v -0.095246 0.237374 0.156000
v -0.095255 0.237468 0.156000
v -0.095255 0.263826 0.156000
v -0.095246 0.263919 0.156000
v -0.095220 0.264006 0.156000
v -0.095178 0.264085 0.156000
v -0.095118 0.264157 0.156000
v -0.095046 0.264217 0.156000
v -0.094967 0.264259 0.156000
v -0.094881 0.264285 0.156000
v -0.094787 0.264294 0.156000
v -0.091200 0.264294 0.156000
v -0.091034 0.264274 0.156000
v -0.090888 0.264216 0.156000
v -0.090761 0.264118 0.156000
v -0.090654 0.263982 0.156000
v -0.084298 0.254351 0.156000
v -0.084259 0.254317 0.156000
v -0.084220 0.254292 0.156000
v -0.084181 0.254278 0.156000
v -0.084142 0.254273 0.156000
v -0.084106 0.254278 0.156000
v -0.084074 0.254292 0.156000
v -0.084047 0.254317 0.156000
v -0.084025 0.254351 0.156000
v 0.079151 0.237000 0.154000
v 0.079058 0.237009 0.154000
v 0.078971 0.237034 0.154000
v 0.078892 0.237077 0.154000
v 0.078820 0.237136 0.154000
v 0.078760 0.237208 0.154000
v 0.078718 0.237288 0.154000
v 0.078692 0.237374 0.154000
v 0.078683 0.237468 0.154000
v 0.078683 0.263826 0.154000
v 0.078692 0.263919 0.154000
v 0.078718 0.264006 0.154000
v 0.078760 0.264085 0.154000
v 0.078820 0.264157 0.154000
v 0.078892 0.264217 0.154000
v 0.078971 0.264259 0.154000
v 0.079058 0.264285 0.154000
v 0.079151 0.264294 0.154000
v 0.082739 0.264294 0.154000
v 0.082832 0.264285 0.154000
v 0.082919 0.264259 0.154000
v 0.082998 0.264217 0.154000
v 0.083070 0.264157 0.154000
v 0.083130 0.264085 0.154000
v 0.083172 0.264006 0.154000
v 0.083198 0.263919 0.154000
v 0.083206 0.263826 0.154000
v 0.083206 0.241094 0.154000
v 0.083219 0.241009 0.154000
v 0.083255 0.240948 0.154000
v 0.083316 0.240911 0.154000
v 0.083401 0.240899 0.154000
v 0.096463 0.240899 0.154000
v 0.096557 0.240891 0.154000
v 0.096644 0.240865 0.154000
v 0.096723 0.240822 0.154000
v 0.096795 0.240763 0.154000
v 0.096854 0.240691 0.154000
v 0.096897 0.240611 0.154000
v 0.096923 0.240525 0.154000
v 0.096931 0.240431 0.154000
v 0.096931 0.237468 0.154000
v 0.096923 0.237374 0.154000
v 0.096897 0.237288 0.154000
v 0.096854 0.237208 0.154000
v 0.096795 0.237136 0.154000
v 0.096723 0.237077 0.154000
v 0.096644 0.237034 0.154000
v 0.096557 0.237009 0.154000
v 0.096463 0.237000 0.154000
v 0.070339 0.237000 0.154000
v 0.070162 0.237024 0.154000
v 0.070018 0.237097 0.154000
v 0.069908 0.237219 0.154000
v 0.069833 0.237390 0.154000
v 0.068546 0.241562 0.154000
v 0.068504 0.241630 0.154000
v 0.068458 0.241679 0.154000
v 0.068407 0.241708 0.154000
v 0.068351 0.241718 0.154000
v 0.058057 0.241718 0.154000
v 0.058001 0.241708 0.154000
v 0.057950 0.241679 0.154000
v 0.057904 0.241630 0.154000
v 0.057862 0.241562 0.154000
v 0.056576 0.237390 0.154000
v 0.056500 0.237219 0.154000
v 0.056390 0.237097 0.154000
v 0.056247 0.237024 0.154000
v 0.056069 0.237000 0.154000
v 0.052170 0.237000 0.154000
v 0.052060 0.237009 0.154000
v 0.051965 0.237034 0.154000
v 0.051885 0.237077 0.154000
v 0.051819 0.237136 0.154000
v 0.051772 0.237213 0.154000
v 0.051751 0.237307 0.154000
v 0.051753 0.237418 0.154000
v 0.051780 0.237546 0.154000
v 0.060241 0.263904 0.154000
v 0.060316 0.264074 0.154000
v 0.060426 0.264196 0.154000
v 0.060570 0.264269 0.154000
v 0.060748 0.264294 0.154000
v 0.065622 0.264294 0.154000
v 0.065799 0.264269 0.154000
v 0.065943 0.264196 0.154000
v 0.066053 0.264074 0.154000
v 0.066128 0.263904 0.154000
v 0.074628 0.237546 0.154000
v 0.074645 0.237504 0.154000
v 0.074658 0.237458 0.154000
v 0.074665 0.237407 0.154000
v 0.074667 0.237351 0.154000
v 0.074641 0.237197 0.154000
v 0.074560 0.237088 0.154000
v 0.074426 0.237022 0.154000
v 0.074239 0.237000 0.154000
v 0.059071 0.245500 0.154000
v 0.059066 0.245398 0.154000
v 0.059091 0.245325 0.154000
v 0.059144 0.245281 0.154000
v 0.059227 0.245266 0.154000
v 0.067142 0.245266 0.154000
v 0.067240 0.245281 0.154000
v 0.067298 0.245325 0.154000
v 0.067318 0.245398 0.154000
v 0.067298 0.245500 0.154000
v 0.063282 0.258562 0.154000
v 0.063260 0.258630 0.154000
v 0.063233 0.258679 0.154000
v 0.063202 0.258708 0.154000
v 0.063165 0.258718 0.154000
v 0.063129 0.258708 0.154000
v 0.063097 0.258679 0.154000
v 0.063070 0.258630 0.154000
v 0.063048 0.258562 0.154000
v 0.043436 0.263826 0.154000
v 0.043444 0.263919 0.154000
v 0.043470 0.264006 0.154000
v 0.043513 0.264085 0.154000
v 0.043572 0.264157 0.154000
v 0.043644 0.264217 0.154000
v 0.043723 0.264259 0.154000
v 0.043810 0.264285 0.154000
v 0.043904 0.264294 0.154000
v 0.047491 0.264294 0.154000
v 0.047585 0.264285 0.154000
v 0.047671 0.264259 0.154000
v 0.047750 0.264217 0.154000
v 0.047822 0.264157 0.154000
v 0.047882 0.264085 0.154000
v 0.047925 0.264006 0.154000
v 0.047950 0.263919 0.154000
v 0.047959 0.263826 0.154000
v 0.047959 0.237468 0.154000
v 0.047950 0.237374 0.154000
v 0.047925 0.237288 0.154000
v 0.047882 0.237208 0.154000
v 0.047822 0.237136 0.154000
v 0.047750 0.237077 0.154000
v 0.047671 0.237034 0.154000
v 0.047585 0.237009 0.154000
v 0.047491 0.237000 0.154000
v 0.043904 0.237000 0.154000
v 0.043810 0.237009 0.154000
v 0.043723 0.237034 0.154000
v 0.043644 0.237077 0.154000
v 0.043572 0.237136 0.154000
v 0.043513 0.237208 0.154000
v 0.043470 0.237288 0.154000
v 0.043444 0.237374 0.154000
v 0.043436 0.237468 0.154000
v 0.043436 0.248619 0.154000
v 0.043424 0.248705 0.154000
v 0.043387 0.248765 0.154000
v 0.043326 0.248802 0.154000
v 0.043241 0.248814 0.154000
v 0.033298 0.248814 0.154000
v 0.033213 0.248802 0.154000
v 0.033152 0.248765 0.154000
v 0.033115 0.248705 0.154000
v 0.033103 0.248619 0.154000
v 0.033103 0.237468 0.154000
v 0.033095 0.237374 0.154000
v 0.033069 0.237288 0.154000
v 0.033026 0.237208 0.154000
v 0.032967 0.237136 0.154000
v 0.032895 0.237077 0.154000
v 0.032816 0.237034 0.154000
v 0.032729 0.237009 0.154000
v 0.032635 0.237000 0.154000
v 0.029048 0.237000 0.154000
v 0.028954 0.237009 0.154000
v 0.028868 0.237034 0.154000
v 0.028789 0.237077 0.154000
v 0.028717 0.237136 0.154000
v 0.028657 0.237208 0.154000
v 0.028614 0.237288 0.154000
v 0.028589 0.237374 0.154000
v 0.028580 0.237468 0.154000
v 0.028580 0.263826 0.154000
v 0.028589 0.263919 0.154000
v 0.028614 0.264006 0.154000
v 0.028657 0.264085 0.154000
v 0.028717 0.264157 0.154000
v 0.028789 0.264217 0.154000
v 0.028868 0.264259 0.154000
v 0.028954 0.264285 0.154000
v 0.029048 0.264294 0.154000
v 0.032635 0.264294 0.154000
v 0.032729 0.264285 0.154000
v 0.032816 0.264259 0.154000
v 0.032895 0.264217 0.154000
v 0.032967 0.264157 0.154000
v 0.033026 0.264085 0.154000
v 0.033069 0.264006 0.154000
v 0.033095 0.263919 0.154000
v 0.033103 0.263826 0.154000
v 0.033103 0.252908 0.154000
v 0.033115 0.252823 0.154000
v 0.033152 0.252762 0.154000
v 0.033213 0.252725 0.154000
v 0.033298 0.252713 0.154000
v 0.043241 0.252713 0.154000
v 0.043326 0.252725 0.154000
v 0.043387 0.252762 0.154000
v 0.043424 0.252823 0.154000
v 0.043436 0.252908 0.154000
v 0.013998 0.236688 0.154000
v 0.012579 0.236760 0.154000
v 0.011249 0.236976 0.154000
v 0.010006 0.237335 0.154000
v 0.008851 0.237838 0.154000
v 0.007803 0.238471 0.154000
v 0.006882 0.239218 0.154000
v 0.006087 0.240079 0.154000
v 0.005420 0.241055 0.154000
v 0.004891 0.242130 0.154000
v 0.004513 0.243287 0.154000
v 0.004287 0.244528 0.154000
v 0.004211 0.245851 0.154000
v 0.004211 0.255482 0.154000
v 0.004287 0.256805 0.154000
v 0.004513 0.258045 0.154000
v 0.004891 0.259203 0.154000
v 0.005420 0.260278 0.154000
v 0.006087 0.261252 0.154000
v 0.006882 0.262110 0.154000
v 0.007803 0.262851 0.154000
v 0.008851 0.263475 0.154000
v 0.010006 0.263969 0.154000
v 0.011249 0.264323 0.154000
v 0.012579 0.264535 0.154000
v 0.013998 0.264606 0.154000
v 0.015399 0.264537 0.154000
v 0.016717 0.264333 0.154000
v 0.017953 0.263991 0.154000
v 0.019106 0.263514 0.154000
v 0.020153 0.262912 0.154000
v 0.021075 0.262198 0.154000
v 0.021869 0.261372 0.154000
v 0.022537 0.260433 0.154000
v 0.023066 0.259400 0.154000
v 0.023443 0.258289 0.154000
v 0.023670 0.257100 0.154000
v 0.023745 0.255833 0.154000
v 0.023737 0.255739 0.154000
v 0.023711 0.255652 0.154000
v 0.023669 0.255573 0.154000
v 0.023609 0.255501 0.154000
v 0.023537 0.255441 0.154000
v 0.023458 0.255399 0.154000
v 0.023371 0.255373 0.154000
v 0.023278 0.255365 0.154000
v 0.019690 0.255170 0.154000
v 0.019486 0.255197 0.154000
v 0.019339 0.255277 0.154000
v 0.019252 0.255411 0.154000
v 0.019222 0.255599 0.154000
v 0.019134 0.256693 0.154000
v 0.018867 0.257675 0.154000
v 0.018422 0.258545 0.154000
v 0.017799 0.259303 0.154000
v 0.017028 0.259917 0.154000
v 0.016137 0.260355 0.154000
v 0.015127 0.260619 0.154000
v 0.013998 0.260706 0.154000
v 0.012867 0.260619 0.154000
v 0.011853 0.260355 0.154000
v 0.010956 0.259917 0.154000
v 0.010177 0.259303 0.154000
v 0.009545 0.258545 0.154000
v 0.009095 0.257675 0.154000
v 0.008824 0.256693 0.154000
v 0.008734 0.255599 0.154000
v 0.008734 0.245656 0.154000
v 0.008824 0.244579 0.154000
v 0.009095 0.243609 0.154000
v 0.009545 0.242746 0.154000
v 0.010177 0.241991 0.154000
v 0.010956 0.241377 0.154000
v 0.011853 0.240938 0.154000
v 0.012867 0.240675 0.154000
v 0.013998 0.240587 0.154000
v 0.015127 0.240674 0.154000
v 0.016137 0.240933 0.154000
v 0.017028 0.241366 0.154000
v 0.017799 0.241971 0.154000
v 0.018422 0.242721 0.154000
v 0.018867 0.243585 0.154000
v 0.019134 0.244563 0.154000
v 0.019222 0.245656 0.154000
v 0.019252 0.245844 0.154000
v 0.019339 0.245978 0.154000
v 0.019486 0.246058 0.154000
v 0.019690 0.246085 0.154000
v 0.023278 0.245929 0.154000
v 0.023371 0.245922 0.154000
v 0.023458 0.245900 0.154000
v 0.023537 0.245863 0.154000
v 0.023609 0.245812 0.154000
v 0.023669 0.245751 0.154000
v 0.023711 0.245685 0.154000
v 0.023737 0.245615 0.154000
v 0.023745 0.245539 0.154000
v 0.023670 0.244254 0.154000
v 0.023443 0.243048 0.154000
v 0.023066 0.241924 0.154000
v 0.022537 0.240880 0.154000
v 0.021869 0.239933 0.154000
v 0.021075 0.239101 0.154000
v 0.020153 0.238383 0.154000
v 0.019106 0.237780 0.154000
v 0.017953 0.237302 0.154000
v 0.016717 0.236961 0.154000
v 0.015399 0.236756 0.154000
v 0.000273 0.260862 0.154000
v 0.000264 0.260769 0.154000
v 0.000239 0.260682 0.154000
v 0.000196 0.260603 0.154000
v 0.000136 0.260531 0.154000
v 0.000065 0.260471 0.154000
v -0.000015 0.260429 0.154000
v -0.000101 0.260403 0.154000
v -0.000195 0.260394 0.154000
v -0.013491 0.260394 0.154000
v -0.013576 0.260382 0.154000
v -0.013637 0.260346 0.154000
v -0.013674 0.260285 0.154000
v -0.013686 0.260200 0.154000
v -0.013686 0.252908 0.154000
v -0.013674 0.252823 0.154000
v -0.013637 0.252762 0.154000
v -0.013576 0.252725 0.154000
v -0.013491 0.252713 0.154000
v -0.004562 0.252713 0.154000
v -0.004468 0.252705 0.154000
v -0.004382 0.252679 0.154000
v -0.004302 0.252637 0.154000
v -0.004231 0.252577 0.154000
v -0.004171 0.252505 0.154000
v -0.004128 0.252426 0.154000
v -0.004103 0.252339 0.154000
v -0.004094 0.252245 0.154000
v -0.004094 0.249282 0.154000
v -0.004103 0.249188 0.154000
v -0.004128 0.249102 0.154000
v -0.004171 0.249023 0.154000
v -0.004231 0.248951 0.154000
v -0.004302 0.248891 0.154000
v -0.004382 0.248848 0.154000
v -0.004468 0.248823 0.154000
v -0.004562 0.248814 0.154000
v -0.013491 0.248814 0.154000
v -0.013576 0.248802 0.154000
v -0.013637 0.248765 0.154000
v -0.013674 0.248705 0.154000
v -0.013686 0.248619 0.154000
v -0.013686 0.241094 0.154000
v -0.013674 0.241009 0.154000
v -0.013637 0.240948 0.154000
v -0.013576 0.240911 0.154000
v -0.013491 0.240899 0.154000
v -0.000195 0.240899 0.154000
v -0.000101 0.240891 0.154000
v -0.000015 0.240865 0.154000
v 0.000065 0.240822 0.154000
v 0.000136 0.240763 0.154000
v 0.000196 0.240691 0.154000
v 0.000239 0.240611 0.154000
v 0.000264 0.240525 0.154000
v 0.000273 0.240431 0.154000
v 0.000273 0.237468 0.154000
v 0.000264 0.237374 0.154000
v 0.000239 0.237288 0.154000
v 0.000196 0.237208 0.154000
v 0.000136 0.237136 0.154000
v 0.000065 0.237077 0.154000
v -0.000015 0.237034 0.154000
v -0.000101 0.237009 0.154000
v -0.000195 0.237000 0.154000
v -0.017741 0.237000 0.154000
v -0.017835 0.237009 0.154000
v -0.017921 0.237034 0.154000
v -0.018000 0.237077 0.154000
v -0.018072 0.237136 0.154000
v -0.018132 0.237208 0.154000
v -0.018175 0.237288 0.154000
v -0.018200 0.237374 0.154000
v -0.018209 0.237468 0.154000
v -0.018209 0.263826 0.154000
v -0.018200 0.263919 0.154000
v -0.018175 0.264006 0.154000
v -0.018132 0.264085 0.154000
v -0.018072 0.264157 0.154000
v -0.018000 0.264217 0.154000
v -0.017921 0.264259 0.154000
v -0.017835 0.264285 0.154000
v -0.017741 0.264294 0.154000
v -0.000195 0.264294 0.154000
v -0.000101 0.264285 0.154000
v -0.000015 0.264259 0.154000
v 0.000065 0.264217 0.154000
v 0.000136 0.264157 0.154000
v 0.000196 0.264085 0.154000
v 0.000239 0.264006 0.154000
v 0.000264 0.263919 0.154000
v 0.000273 0.263826 0.154000
v -0.026787 0.237000 0.154000
v -0.026967 0.237022 0.154000
v -0.027118 0.237088 0.154000
v -0.027240 0.237197 0.154000
v -0.027333 0.237351 0.154000
v -0.032479 0.248580 0.154000
v -0.032523 0.248649 0.154000
v -0.032577 0.248697 0.154000
v -0.032640 0.248726 0.154000
v -0.032713 0.248736 0.154000
v -0.037392 0.248736 0.154000
v -0.037477 0.248724 0.154000
v -0.037538 0.248688 0.154000
v -0.037575 0.248627 0.154000
v -0.037587 0.248541 0.154000
v -0.037587 0.237468 0.154000
v -0.037596 0.237374 0.154000
v -0.037621 0.237288 0.154000
v -0.037664 0.237208 0.154000
v -0.037724 0.237136 0.154000
v -0.037796 0.237077 0.154000
v -0.037875 0.237034 0.154000
v -0.037961 0.237009 0.154000
v -0.038055 0.237000 0.154000
v -0.041642 0.237000 0.154000
v -0.041736 0.237009 0.154000
v -0.041823 0.237034 0.154000
v -0.041902 0.237077 0.154000
v -0.041974 0.237136 0.154000
v -0.042033 0.237208 0.154000
v -0.042076 0.237288 0.154000
v -0.042102 0.237374 0.154000
v -0.042110 0.237468 0.154000
v -0.042110 0.263826 0.154000
v -0.042102 0.263919 0.154000
v -0.042076 0.264006 0.154000
v -0.042033 0.264085 0.154000
v -0.041974 0.264157 0.154000
v -0.041902 0.264217 0.154000
v -0.041823 0.264259 0.154000
v -0.041736 0.264285 0.154000
v -0.041642 0.264294 0.154000
v -0.030920 0.264294 0.154000
v -0.029765 0.264231 0.154000
v -0.028678 0.264045 0.154000
v -0.027659 0.263734 0.154000
v -0.026709 0.263299 0.154000
v -0.025844 0.262751 0.154000
v -0.025081 0.262100 0.154000
v -0.024420 0.261347 0.154000
v -0.023862 0.260492 0.154000
v -0.023419 0.259553 0.154000
v -0.023102 0.258547 0.154000
v -0.022912 0.257476 0.154000
v -0.022849 0.256339 0.154000
v -0.022935 0.255044 0.154000
v -0.023195 0.253849 0.154000
v -0.023627 0.252753 0.154000
v -0.024233 0.251758 0.154000
v -0.024992 0.250884 0.154000
v -0.025885 0.250154 0.154000
v -0.026912 0.249568 0.154000
v -0.028073 0.249126 0.154000
v -0.028110 0.249121 0.154000
v -0.028142 0.249107 0.154000
v -0.028168 0.249082 0.154000
v -0.028190 0.249048 0.154000
v -0.028205 0.249009 0.154000
v -0.028210 0.248970 0.154000
v -0.028205 0.248931 0.154000
v -0.028190 0.248892 0.154000
v -0.022693 0.237546 0.154000
v -0.022659 0.237473 0.154000
v -0.022634 0.237409 0.154000
v -0.022620 0.237356 0.154000
v -0.022615 0.237312 0.154000
v -0.022641 0.237175 0.154000
v -0.022722 0.237078 0.154000
v -0.022856 0.237019 0.154000
v -0.023044 0.237000 0.154000
v -0.037392 0.260394 0.154000
v -0.037477 0.260382 0.154000
v -0.037538 0.260346 0.154000
v -0.037575 0.260285 0.154000
v -0.037587 0.260200 0.154000
v -0.037587 0.252440 0.154000
v -0.037575 0.252355 0.154000
v -0.037538 0.252294 0.154000
v -0.037477 0.252258 0.154000
v -0.037392 0.252245 0.154000
v -0.031544 0.252245 0.154000
v -0.030653 0.252315 0.154000
v -0.029852 0.252523 0.154000
v -0.029142 0.252871 0.154000
v -0.028522 0.253357 0.154000
v -0.028019 0.253957 0.154000
v -0.027659 0.254648 0.154000
v -0.027443 0.255429 0.154000
v -0.027372 0.256300 0.154000
v -0.027443 0.257173 0.154000
v -0.027659 0.257958 0.154000
v -0.028019 0.258655 0.154000
v -0.028522 0.259264 0.154000
v -0.029142 0.259758 0.154000
v -0.029852 0.260112 0.154000
v -0.030653 0.260324 0.154000
v -0.031544 0.260394 0.154000
v -0.050454 0.237000 0.154000
v -0.050632 0.237024 0.154000
v -0.050776 0.237097 0.154000
v -0.050885 0.237219 0.154000
v -0.050961 0.237390 0.154000
v -0.052248 0.241562 0.154000
v -0.052289 0.241630 0.154000
v -0.052335 0.241679 0.154000
v -0.052387 0.241708 0.154000
v -0.052443 0.241718 0.154000
v -0.062736 0.241718 0.154000
v -0.062792 0.241708 0.154000
v -0.062843 0.241679 0.154000
v -0.062890 0.241630 0.154000
v -0.062931 0.241562 0.154000
v -0.064218 0.237390 0.154000
v -0.064293 0.237219 0.154000
v -0.064403 0.237097 0.154000
v -0.064547 0.237024 0.154000
v -0.064725 0.237000 0.154000
v -0.068624 0.237000 0.154000
v -0.068734 0.237009 0.154000
v -0.068829 0.237034 0.154000
v -0.068909 0.237077 0.154000
v -0.068975 0.237136 0.154000
v -0.069021 0.237213 0.154000
v -0.069043 0.237307 0.154000
v -0.069041 0.237418 0.154000
v -0.069014 0.237546 0.154000
v -0.060553 0.263904 0.154000
v -0.060477 0.264074 0.154000
v -0.060368 0.264196 0.154000
v -0.060224 0.264269 0.154000
v -0.060046 0.264294 0.154000
v -0.055172 0.264294 0.154000
v -0.054994 0.264269 0.154000
v -0.054850 0.264196 0.154000
v -0.054741 0.264074 0.154000
v -0.054665 0.263904 0.154000
v -0.046165 0.237546 0.154000
v -0.046148 0.237504 0.154000
v -0.046136 0.237458 0.154000
v -0.046129 0.237407 0.154000
v -0.046126 0.237351 0.154000
v -0.046153 0.237197 0.154000
v -0.046233 0.237088 0.154000
v -0.046367 0.237022 0.154000
v -0.046555 0.237000 0.154000
v -0.061722 0.245500 0.154000
v -0.061727 0.245398 0.154000
v -0.061703 0.245325 0.154000
v -0.061649 0.245281 0.154000
v -0.061567 0.245266 0.154000
v -0.053651 0.245266 0.154000
v -0.053554 0.245281 0.154000
v -0.053495 0.245325 0.154000
v -0.053476 0.245398 0.154000
v -0.053495 0.245500 0.154000
v -0.057511 0.258562 0.154000
v -0.057533 0.258630 0.154000
v -0.057560 0.258679 0.154000
v -0.057592 0.258708 0.154000
v -0.057628 0.258718 0.154000
v -0.057665 0.258708 0.154000
v -0.057697 0.258679 0.154000
v -0.057723 0.258630 0.154000
v -0.057745 0.258562 0.154000
v -0.077670 0.263982 0.154000
v -0.077562 0.264118 0.154000
v -0.077436 0.264216 0.154000
v -0.077290 0.264274 0.154000
v -0.077124 0.264294 0.154000
v -0.073537 0.264294 0.154000
v -0.073443 0.264285 0.154000
v -0.073356 0.264259 0.154000
v -0.073277 0.264217 0.154000
v -0.073205 0.264157 0.154000
v -0.073146 0.264085 0.154000
v -0.073103 0.264006 0.154000
v -0.073077 0.263919 0.154000
v -0.073069 0.263826 0.154000
v -0.073069 0.237468 0.154000
v -0.073077 0.237374 0.154000
v -0.073103 0.237288 0.154000
v -0.073146 0.237208 0.154000
v -0.073205 0.237136 0.154000
v -0.073277 0.237077 0.154000
v -0.073356 0.237034 0.154000
v -0.073443 0.237009 0.154000
v -0.073537 0.237000 0.154000
v -0.077124 0.237000 0.154000
v -0.077218 0.237009 0.154000
v -0.077304 0.237034 0.154000
v -0.077383 0.237077 0.154000
v -0.077455 0.237136 0.154000
v -0.077515 0.237208 0.154000
v -0.077558 0.237288 0.154000
v -0.077583 0.237374 0.154000
v -0.077592 0.237468 0.154000
v -0.077592 0.256067 0.154000
v -0.077598 0.256120 0.154000
v -0.077616 0.256164 0.154000
v -0.077647 0.256198 0.154000
v -0.077689 0.256222 0.154000
v -0.077734 0.256232 0.154000
v -0.077772 0.256222 0.154000
v -0.077803 0.256193 0.154000
v -0.077826 0.256144 0.154000
v -0.082700 0.248658 0.154000
v -0.082807 0.248522 0.154000
v -0.082933 0.248424 0.154000
v -0.083080 0.248366 0.154000
v -0.083245 0.248346 0.154000
v -0.085039 0.248346 0.154000
v -0.085205 0.248366 0.154000
v -0.085351 0.248424 0.154000
v -0.085478 0.248522 0.154000
v -0.085585 0.248658 0.154000
v -0.090498 0.256105 0.154000
v -0.090521 0.256154 0.154000
v -0.090551 0.256184 0.154000
v -0.090589 0.256193 0.154000
v -0.090634 0.256184 0.154000
v -0.090677 0.256159 0.154000
v -0.090707 0.256125 0.154000
v -0.090726 0.256081 0.154000
v -0.090732 0.256028 0.154000
v -0.090732 0.237468 0.154000
v -0.090740 0.237374 0.154000
v -0.090766 0.237288 0.154000
v -0.090808 0.237208 0.154000
v -0.090868 0.237136 0.154000
v -0.090940 0.237077 0.154000
v -0.091019 0.237034 0.154000
v -0.091106 0.237009 0.154000
v -0.091200 0.237000 0.154000
v -0.094787 0.237000 0.154000
v -0.094881 0.237009 0.154000
v -0.094967 0.237034 0.154000
v -0.095046 0.237077 0.154000
v -0.095118 0.237136 0.154000
v -0.095178 0.237208 0.154000
v -0.095220 0.237288 0.154000
v -0.095246 0.237374 0.154000
v -0.095255 0.237468 0.154000
v -0.095255 0.263826 0.154000
v -0.095246 0.263919 0.154000
v -0.095220 0.264006 0.154000
v -0.095178 0.264085 0.154000
v -0.095118 0.264157 0.154000
v -0.095046 0.264217 0.154000
v -0.094967 0.264259 0.154000
v -0.094881 0.264285 0.154000
v -0.094787 0.264294 0.154000
v -0.091200 0.264294 0.154000
v -0.091034 0.264274 0.154000
v -0.090888 0.264216 0.154000
v -0.090761 0.264118 0.154000
v -0.090654 0.263982 0.154000
v -0.084298 0.254351 0.154000
v -0.084259 0.254317 0.154000
v -0.084220 0.254292 0.154000
v -0.084181 0.254278 0.154000
v -0.084142 0.254273 0.154000
v -0.084106 0.254278 0.154000
v -0.084074 0.254292 0.154000
v -0.084047 0.254317 0.154000
v -0.084025 0.254351 0.154000
v -0.077670 0.263982 0.154000
v -0.077670 0.263982 0.156000
v -0.077562 0.264118 0.154000
v -0.077562 0.264118 0.156000
v -0.077436 0.264216 0.154000
v -0.077436 0.264216 0.156000
v -0.077290 0.264274 0.154000
v -0.077290 0.264274 0.156000
v -0.077124 0.264294 0.154000
v -0.077124 0.264294 0.156000
v -0.073537 0.264294 0.154000
v -0.073537 0.264294 0.156000
v -0.073443 0.264285 0.154000
v -0.073443 0.264285 0.156000
v -0.073356 0.264259 0.154000
v -0.073356 0.264259 0.156000
v -0.073277 0.264217 0.154000
v -0.073277 0.264217 0.156000
v -0.073205 0.264157 0.154000
v -0.073205 0.264157 0.156000
v -0.073146 0.264085 0.154000
v -0.073146 0.264085 0.156000
v -0.073103 0.264006 0.154000
v -0.073103 0.264006 0.156000
v -0.073077 0.263919 0.154000
v -0.073077 0.263919 0.156000
v -0.073069 0.263826 0.154000
v -0.073069 0.263826 0.156000
v -0.073069 0.237468 0.154000
v -0.073069 0.237468 0.156000
v -0.073077 0.237374 0.154000
v -0.073077 0.237374 0.156000
v -0.073103 0.237288 0.154000
v -0.073103 0.237288 0.156000
v -0.073146 0.237208 0.154000
v -0.073146 0.237208 0.156000
v -0.073205 0.237136 0.154000
v -0.073205 0.237136 0.156000
v -0.073277 0.237077 0.154000
v -0.073277 0.237077 0.156000
v -0.073356 0.237034 0.154000
v -0.073356 0.237034 0.156000
v -0.073443 0.237009 0.154000
v -0.073443 0.237009 0.156000
v -0.073537 0.237000 0.154000
v -0.073537 0.237000 0.156000
v -0.077124 0.237000 0.154000
v -0.077124 0.237000 0.156000
v -0.077218 0.237009 0.154000
v -0.077218 0.237009 0.156000
v -0.077304 0.237034 0.154000
v -0.077304 0.237034 0.156000
v -0.077383 0.237077 0.154000
v -0.077383 0.237077 0.156000
v -0.077455 0.237136 0.154000
v -0.077455 0.237136 0.156000
v -0.077515 0.237208 0.154000
v -0.077515 0.237208 0.156000
v -0.077558 0.237288 0.154000
v -0.077558 0.237288 0.156000
v -0.077583 0.237374 0.154000
v -0.077583 0.237374 0.156000
v -0.077592 0.237468 0.154000
v -0.077592 0.237468 0.156000
v -0.077592 0.256067 0.154000
v -0.077592 0.256067 0.156000
v -0.077598 0.256120 0.154000
v -0.077598 0.256120 0.156000
v -0.077616 0.256164 0.154000
v -0.077616 0.256164 0.156000
v -0.077647 0.256198 0.154000
v -0.077647 0.256198 0.156000
v -0.077689 0.256222 0.154000
v -0.077689 0.256222 0.156000
v -0.077734 0.256232 0.154000
v -0.077734 0.256232 0.156000
v -0.077772 0.256222 0.154000
v -0.077772 0.256222 0.156000
v -0.077803 0.256193 0.154000
v -0.077803 0.256193 0.156000
v -0.077826 0.256144 0.154000
v -0.077826 0.256144 0.156000
v -0.082700 0.248658 0.154000
v -0.082700 0.248658 0.156000
v -0.082807 0.248522 0.154000
v -0.082807 0.248522 0.156000
v -0.082933 0.248424 0.154000
v -0.082933 0.248424 0.156000
v -0.083080 0.248366 0.154000
v -0.083080 0.248366 0.156000
v -0.083245 0.248346 0.154000
v -0.083245 0.248346 0.156000
v -0.085039 0.248346 0.154000
v -0.085039 0.248346 0.156000
v -0.085205 0.248366 0.154000
v -0.085205 0.248366 0.156000
v -0.085351 0.248424 0.154000
v -0.085351 0.248424 0.156000
v -0.085478 0.248522 0.154000
v -0.085478 0.248522 0.156000
v -0.085585 0.248658 0.154000
v -0.085585 0.248658 0.156000
v -0.090498 0.256105 0.154000
v -0.090498 0.256105 0.156000
v -0.090521 0.256154 0.154000
v -0.090521 0.256154 0.156000
v -0.090551 0.256184 0.154000
v -0.090551 0.256184 0.156000
v -0.090589 0.256193 0.154000
v -0.090589 0.256193 0.156000
v -0.090634 0.256184 0.154000
v -0.090634 0.256184 0.156000
v -0.090677 0.256159 0.154000
v -0.090677 0.256159 0.156000
v -0.090707 0.256125 0.154000
v -0.090707 0.256125 0.156000
v -0.090726 0.256081 0.154000
v -0.090726 0.256081 0.156000
v -0.090732 0.256028 0.154000
v -0.090732 0.256028 0.156000
v -0.090732 0.237468 0.154000
v -0.090732 0.237468 0.156000
v -0.090740 0.237374 0.154000
v -0.090740 0.237374 0.156000
v -0.090766 0.237288 0.154000
v -0.090766 0.237288 0.156000
v -0.090808 0.237208 0.154000
v -0.090808 0.237208 0.156000
v -0.090868 0.237136 0.154000
v -0.090868 0.237136 0.156000
v -0.090940 0.237077 0.154000
v -0.090940 0.237077 0.156000
v -0.091019 0.237034 0.154000
v -0.091019 0.237034 0.156000
v -0.091106 0.237009 0.154000
v -0.091106 0.237009 0.156000
v -0.091200 0.237000 0.154000
v -0.091200 0.237000 0.156000
v -0.094787 0.237000 0.154000
v -0.094787 0.237000 0.156000
v -0.094881 0.237009 0.154000
v -0.094881 0.237009 0.156000
v -0.094967 0.237034 0.154000
v -0.094967 0.237034 0.156000
v -0.095046 0.237077 0.154000
v -0.095046 0.237077 0.156000
v -0.095118 0.237136 0.154000
v -0.095118 0.237136 0.156000
v -0.095178 0.237208 0.154000
v -0.095178 0.237208 0.156000
v -0.095220 0.237288 0.154000
v -0.095220 0.237288 0.156000
v -0.095246 0.237374 0.154000
v -0.095246 0.237374 0.156000
v -0.095255 0.237468 0.154000
v -0.095255 0.237468 0.156000
v -0.095255 0.263826 0.154000
v -0.095255 0.263826 0.156000
v -0.095246 0.263919 0.154000
v -0.095246 0.263919 0.156000
v -0.095220 0.264006 0.154000
v -0.095220 0.264006 0.156000
v -0.095178 0.264085 0.154000
v -0.095178 0.264085 0.156000
v -0.095118 0.264157 0.154000
v -0.095118 0.264157 0.156000
v -0.095046 0.264217 0.154000
v -0.095046 0.264217 0.156000
v -0.094967 0.264259 0.154000
v -0.094967 0.264259 0.156000
v -0.094881 0.264285 0.154000
v -0.094881 0.264285 0.156000
v -0.094787 0.264294 0.154000
v -0.094787 0.264294 0.156000
v -0.091200 0.264294 0.154000
v -0.091200 0.264294 0.156000
v -0.091034 0.264274 0.154000
v -0.091034 0.264274 0.156000
v -0.090888 0.264216 0.154000
v -0.090888 0.264216 0.156000
v -0.090761 0.264118 0.154000
v -0.090761 0.264118 0.156000
v -0.090654 0.263982 0.154000
v -0.090654 0.263982 0.156000
v -0.084298 0.254351 0.154000
v -0.084298 0.254351 0.156000
v -0.084259 0.254317 0.154000
v -0.084259 0.254317 0.156000
v -0.084220 0.254292 0.154000
v -0.084220 0.254292 0.156000
v -0.084181 0.254278 0.154000
v -0.084181 0.254278 0.156000
v -0.084142 0.254273 0.154000
v -0.084142 0.254273 0.156000
v -0.084106 0.254278 0.154000
v -0.084106 0.254278 0.156000
v -0.084074 0.254292 0.154000
v -0.084074 0.254292 0.156000
v -0.084047 0.254317 0.154000
v -0.084047 0.254317 0.156000
v -0.084025 0.254351 0.154000
v -0.084025 0.254351 0.156000
v -0.050454 0.237000 0.154000
v -0.050454 0.237000 0.156000
v -0.050632 0.237024 0.154000
v -0.050632 0.237024 0.156000
v -0.050776 0.237097 0.154000
v -0.050776 0.237097 0.156000
v -0.050885 0.237219 0.154000
v -0.050885 0.237219 0.156000
v -0.050961 0.237390 0.154000
v -0.050961 0.237390 0.156000
v -0.052248 0.241562 0.154000
v -0.052248 0.241562 0.156000
v -0.052289 0.241630 0.154000
v -0.052289 0.241630 0.156000
v -0.052335 0.241679 0.154000
v -0.052335 0.241679 0.156000
v -0.052387 0.241708 0.154000
v -0.052387 0.241708 0.156000
v -0.052443 0.241718 0.154000
v -0.052443 0.241718 0.156000
v -0.062736 0.241718 0.154000
v -0.062736 0.241718 0.156000
v -0.062792 0.241708 0.154000
v -0.062792 0.241708 0.156000
v -0.062843 0.241679 0.154000
v -0.062843 0.241679 0.156000
v -0.062890 0.241630 0.154000
v -0.062890 0.241630 0.156000
v -0.062931 0.241562 0.154000
v -0.062931 0.241562 0.156000
v -0.064218 0.237390 0.154000
v -0.064218 0.237390 0.156000
v -0.064293 0.237219 0.154000
v -0.064293 0.237219 0.156000
v -0.064403 0.237097 0.154000
v -0.064403 0.237097 0.156000
v -0.064547 0.237024 0.154000
v -0.064547 0.237024 0.156000
v -0.064725 0.237000 0.154000
v -0.064725 0.237000 0.156000
v -0.068624 0.237000 0.154000
v -0.068624 0.237000 0.156000
v -0.068734 0.237009 0.154000
v -0.068734 0.237009 0.156000
v -0.068829 0.237034 0.154000
v -0.068829 0.237034 0.156000
v -0.068909 0.237077 0.154000
v -0.068909 0.237077 0.156000
v -0.068975 0.237136 0.154000
v -0.068975 0.237136 0.156000
v -0.069021 0.237213 0.154000
v -0.069021 0.237213 0.156000
v -0.069043 0.237307 0.154000
v -0.069043 0.237307 0.156000
v -0.069041 0.237418 0.154000
v -0.069041 0.237418 0.156000
v -0.069014 0.237546 0.154000
v -0.069014 0.237546 0.156000
v -0.060553 0.263904 0.154000
v -0.060553 0.263904 0.156000
v -0.060477 0.264074 0.154000
v -0.060477 0.264074 0.156000
v -0.060368 0.264196 0.154000
v -0.060368 0.264196 0.156000
v -0.060224 0.264269 0.154000
v -0.060224 0.264269 0.156000
v -0.060046 0.264294 0.154000
v -0.060046 0.264294 0.156000
v -0.055172 0.264294 0.154000
v -0.055172 0.264294 0.156000
v -0.054994 0.264269 0.154000
v -0.054994 0.264269 0.156000
v -0.054850 0.264196 0.154000
v -0.054850 0.264196 0.156000
v -0.054741 0.264074 0.154000
v -0.054741 0.264074 0.156000
v -0.054665 0.263904 0.154000
v -0.054665 0.263904 0.156000
v -0.046165 0.237546 0.154000
v -0.046165 0.237546 0.156000
v -0.046148 0.237504 0.154000
v -0.046148 0.237504 0.156000
v -0.046136 0.237458 0.154000
v -0.046136 0.237458 0.156000
v -0.046129 0.237407 0.154000
v -0.046129 0.237407 0.156000
v -0.046126 0.237351 0.154000
v -0.046126 0.237351 0.156000
v -0.046153 0.237197 0.154000
v -0.046153 0.237197 0.156000
v -0.046233 0.237088 0.154000
v -0.046233 0.237088 0.156000
v -0.046367 0.237022 0.154000
v -0.046367 0.237022 0.156000
v -0.046555 0.237000 0.154000
v -0.046555 0.237000 0.156000
v -0.061722 0.245500 0.154000
v -0.061722 0.245500 0.156000
v -0.061727 0.245398 0.154000
v -0.061727 0.245398 0.156000
v -0.061703 0.245325 0.154000
v -0.061703 0.245325 0.156000
v -0.061649 0.245281 0.154000
v -0.061649 0.245281 0.156000
v -0.061567 0.245266 0.154000
v -0.061567 0.245266 0.156000
v -0.053651 0.245266 0.154000
v -0.053651 0.245266 0.156000
v -0.053554 0.245281 0.154000
v -0.053554 0.245281 0.156000
v -0.053495 0.245325 0.154000
v -0.053495 0.245325 0.156000
v -0.053476 0.245398 0.154000
v -0.053476 0.245398 0.156000
v -0.053495 0.245500 0.154000
v -0.053495 0.245500 0.156000
v -0.057511 0.258562 0.154000
v -0.057511 0.258562 0.156000
v -0.057533 0.258630 0.154000
v -0.057533 0.258630 0.156000
v -0.057560 0.258679 0.154000
v -0.057560 0.258679 0.156000
v -0.057592 0.258708 0.154000
v -0.057592 0.258708 0.156000
v -0.057628 0.258718 0.154000
v -0.057628 0.258718 0.156000
v -0.057665 0.258708 0.154000
v -0.057665 0.258708 0.156000
v -0.057697 0.258679 0.154000
v -0.057697 0.258679 0.156000
v -0.057723 0.258630 0.154000
v -0.057723 0.258630 0.156000
v -0.057745 0.258562 0.154000
v -0.057745 0.258562 0.156000
v -0.026787 0.237000 0.154000
v -0.026787 0.237000 0.156000
v -0.026967 0.237022 0.154000
v -0.026967 0.237022 0.156000
v -0.027118 0.237088 0.154000
v -0.027118 0.237088 0.156000
v -0.027240 0.237197 0.154000
v -0.027240 0.237197 0.156000
v -0.027333 0.237351 0.154000
v -0.027333 0.237351 0.156000
v -0.032479 0.248580 0.154000
v -0.032479 0.248580 0.156000
v -0.032523 0.248649 0.154000
v -0.032523 0.248649 0.156000
v -0.032577 0.248697 0.154000
v -0.032577 0.248697 0.156000
v -0.032640 0.248726 0.154000
v -0.032640 0.248726 0.156000
v -0.032713 0.248736 0.154000
v -0.032713 0.248736 0.156000
v -0.037392 0.248736 0.154000
v -0.037392 0.248736 0.156000
v -0.037477 0.248724 0.154000
v -0.037477 0.248724 0.156000
v -0.037538 0.248688 0.154000
v -0.037538 0.248688 0.156000
v -0.037575 0.248627 0.154000
v -0.037575 0.248627 0.156000
v -0.037587 0.248541 0.154000
v -0.037587 0.248541 0.156000
v -0.037587 0.237468 0.154000
v -0.037587 0.237468 0.156000
v -0.037596 0.237374 0.154000
v -0.037596 0.237374 0.156000
v -0.037621 0.237288 0.154000
v -0.037621 0.237288 0.156000
v -0.037664 0.237208 0.154000
v -0.037664 0.237208 0.156000
v -0.037724 0.237136 0.154000
v -0.037724 0.237136 0.156000
v -0.037796 0.237077 0.154000
v -0.037796 0.237077 0.156000
v -0.037875 0.237034 0.154000
v -0.037875 0.237034 0.156000
v -0.037961 0.237009 0.154000
v -0.037961 0.237009 0.156000
v -0.038055 0.237000 0.154000
v -0.038055 0.237000 0.156000
v -0.041642 0.237000 0.154000
v -0.041642 0.237000 0.156000
v -0.041736 0.237009 0.154000
v -0.041736 0.237009 0.156000
v -0.041823 0.237034 0.154000
v -0.041823 0.237034 0.156000
v -0.041902 0.237077 0.154000
v -0.041902 0.237077 0.156000
v -0.041974 0.237136 0.154000
v -0.041974 0.237136 0.156000
v -0.042033 0.237208 0.154000
v -0.042033 0.237208 0.156000
v -0.042076 0.237288 0.154000
v -0.042076 0.237288 0.156000
v -0.042102 0.237374 0.154000
v -0.042102 0.237374 0.156000
v -0.042110 0.237468 0.154000
v -0.042110 0.237468 0.156000
v -0.042110 0.263826 0.154000
v -0.042110 0.263826 0.156000
v -0.042102 0.263919 0.154000
v -0.042102 0.263919 0.156000
v -0.042076 0.264006 0.154000
v -0.042076 0.264006 0.156000
v -0.042033 0.264085 0.154000
v -0.042033 0.264085 0.156000
v -0.041974 0.264157 0.154000
v -0.041974 0.264157 0.156000
v -0.041902 0.264217 0.154000
v -0.041902 0.264217 0.156000
v -0.041823 0.264259 0.154000
v -0.041823 0.264259 0.156000
v -0.041736 0.264285 0.154000
v -0.041736 0.264285 0.156000
v -0.041642 0.264294 0.154000
v -0.041642 0.264294 0.156000
v -0.030920 0.264294 0.154000
v -0.030920 0.264294 0.156000
v -0.029765 0.264231 0.154000
v -0.029765 0.264231 0.156000
v -0.028678 0.264045 0.154000
v -0.028678 0.264045 0.156000
v -0.027659 0.263734 0.154000
v -0.027659 0.263734 0.156000
v -0.026709 0.263299 0.154000
v -0.026709 0.263299 0.156000
v -0.025844 0.262751 0.154000
v -0.025844 0.262751 0.156000
v -0.025081 0.262100 0.154000
v -0.025081 0.262100 0.156000
v -0.024420 0.261347 0.154000
v -0.024420 0.261347 0.156000
v -0.023862 0.260492 0.154000
v -0.023862 0.260492 0.156000
v -0.023419 0.259553 0.154000
v -0.023419 0.259553 0.156000
v -0.023102 0.258547 0.154000
v -0.023102 0.258547 0.156000
v -0.022912 0.257476 0.154000
v -0.022912 0.257476 0.156000
v -0.022849 0.256339 0.154000
v -0.022849 0.256339 0.156000
v -0.022935 0.255044 0.154000
v -0.022935 0.255044 0.156000
v -0.023195 0.253849 0.154000
v -0.023195 0.253849 0.156000
v -0.023627 0.252753 0.154000
v -0.023627 0.252753 0.156000
v -0.024233 0.251758 0.154000
v -0.024233 0.251758 0.156000
v -0.024992 0.250884 0.154000
v -0.024992 0.250884 0.156000
v -0.025885 0.250154 0.154000
v -0.025885 0.250154 0.156000
v -0.026912 0.249568 0.154000
v -0.026912 0.249568 0.156000
v -0.028073 0.249126 0.154000
v -0.028073 0.249126 0.156000
v -0.028110 0.249121 0.154000
v -0.028110 0.249121 0.156000
v -0.028142 0.249107 0.154000
v -0.028142 0.249107 0.156000
v -0.028168 0.249082 0.154000
v -0.028168 0.249082 0.156000
v -0.028190 0.249048 0.154000
v -0.028190 0.249048 0.156000
v -0.028205 0.249009 0.154000
v -0.028205 0.249009 0.156000
v -0.028210 0.248970 0.154000
v -0.028210 0.248970 0.156000
v -0.028205 0.248931 0.154000
v -0.028205 0.248931 0.156000
v -0.028190 0.248892 0.154000
v -0.028190 0.248892 0.156000
v -0.022693 0.237546 0.154000
v -0.022693 0.237546 0.156000
v -0.022659 0.237473 0.154000
v -0.022659 0.237473 0.156000
v -0.022634 0.237409 0.154000
v -0.022634 0.237409 0.156000
v -0.022620 0.237356 0.154000
v -0.022620 0.237356 0.156000
v -0.022615 0.237312 0.154000
v -0.022615 0.237312 0.156000
v -0.022641 0.237175 0.154000
v -0.022641 0.237175 0.156000
v -0.022722 0.237078 0.154000
v -0.022722 0.237078 0.156000
v -0.022856 0.237019 0.154000
v -0.022856 0.237019 0.156000
v -0.023044 0.237000 0.154000
v -0.023044 0.237000 0.156000
v -0.037392 0.260394 0.154000
v -0.037392 0.260394 0.156000
v -0.037477 0.260382 0.154000
v -0.037477 0.260382 0.156000
v -0.037538 0.260346 0.154000
v -0.037538 0.260346 0.156000
v -0.037575 0.260285 0.154000
v -0.037575 0.260285 0.156000
v -0.037587 0.260200 0.154000
v -0.037587 0.260200 0.156000
v -0.037587 0.252440 0.154000
v -0.037587 0.252440 0.156000
v -0.037575 0.252355 0.154000
v -0.037575 0.252355 0.156000
v -0.037538 0.252294 0.154000
v -0.037538 0.252294 0.156000
v -0.037477 0.252258 0.154000
v -0.037477 0.252258 0.156000
v -0.037392 0.252245 0.154000
v -0.037392 0.252245 0.156000
v -0.031544 0.252245 0.154000
v -0.031544 0.252245 0.156000
v -0.030653 0.252315 0.154000
v -0.030653 0.252315 0.156000
v -0.029852 0.252523 0.154000
v -0.029852 0.252523 0.156000
v -0.029142 0.252871 0.154000
v -0.029142 0.252871 0.156000
v -0.028522 0.253357 0.154000
v -0.028522 0.253357 0.156000
v -0.028019 0.253957 0.154000
v -0.028019 0.253957 0.156000
v -0.027659 0.254648 0.154000
v -0.027659 0.254648 0.156000
v -0.027443 0.255429 0.154000
v -0.027443 0.255429 0.156000
v -0.027372 0.256300 0.154000
v -0.027372 0.256300 0.156000
v -0.027443 0.257173 0.154000
v -0.027443 0.257173 0.156000
v -0.027659 0.257958 0.154000
v -0.027659 0.257958 0.156000
v -0.028019 0.258655 0.154000
v -0.028019 0.258655 0.156000
v -0.028522 0.259264 0.154000
v -0.028522 0.259264 0.156000
v -0.029142 0.259758 0.154000
v -0.029142 0.259758 0.156000
v -0.029852 0.260112 0.154000
v -0.029852 0.260112 0.156000
v -0.030653 0.260324 0.154000
v -0.030653 0.260324 0.156000
v -0.031544 0.260394 0.154000
v -0.031544 0.260394 0.156000
v 0.000273 0.260862 0.154000
v 0.000273 0.260862 0.156000
v 0.000264 0.260769 0.154000
v 0.000264 0.260769 0.156000
v 0.000239 0.260682 0.154000
v 0.000239 0.260682 0.156000
v 0.000196 0.260603 0.154000
v 0.000196 0.260603 0.156000
v 0.000136 0.260531 0.154000
v 0.000136 0.260531 0.156000
v 0.000065 0.260471 0.154000
v 0.000065 0.260471 0.156000
v -0.000015 0.260429 0.154000
v -0.000015 0.260429 0.156000
v -0.000101 0.260403 0.154000
v -0.000101 0.260403 0.156000
v -0.000195 0.260394 0.154000
v -0.000195 0.260394 0.156000
v -0.013491 0.260394 0.154000
v -0.013491 0.260394 0.156000
v -0.013576 0.260382 0.154000
v -0.013576 0.260382 0.156000
v -0.013637 0.260346 0.154000
v -0.013637 0.260346 0.156000
v -0.013674 0.260285 0.154000
v -0.013674 0.260285 0.156000
v -0.013686 0.260200 0.154000
v -0.013686 0.260200 0.156000
v -0.013686 0.252908 0.154000
v -0.013686 0.252908 0.156000
v -0.013674 0.252823 0.154000
v -0.013674 0.252823 0.156000
v -0.013637 0.252762 0.154000
v -0.013637 0.252762 0.156000
v -0.013576 0.252725 0.154000
v -0.013576 0.252725 0.156000
v -0.013491 0.252713 0.154000
v -0.013491 0.252713 0.156000
v -0.004562 0.252713 0.154000
v -0.004562 0.252713 0.156000
v -0.004468 0.252705 0.154000
v -0.004468 0.252705 0.156000
v -0.004382 0.252679 0.154000
v -0.004382 0.252679 0.156000
v -0.004302 0.252637 0.154000
v -0.004302 0.252637 0.156000
v -0.004231 0.252577 0.154000
v -0.004231 0.252577 0.156000
v -0.004171 0.252505 0.154000
v -0.004171 0.252505 0.156000
v -0.004128 0.252426 0.154000
v -0.004128 0.252426 0.156000
v -0.004103 0.252339 0.154000
v -0.004103 0.252339 0.156000
v -0.004094 0.252245 0.154000
v -0.004094 0.252245 0.156000
v -0.004094 0.249282 0.154000
v -0.004094 0.249282 0.156000
v -0.004103 0.249188 0.154000
v -0.004103 0.249188 0.156000
v -0.004128 0.249102 0.154000
v -0.004128 0.249102 0.156000
v -0.004171 0.249023 0.154000
v -0.004171 0.249023 0.156000
v -0.004231 0.248951 0.154000
v -0.004231 0.248951 0.156000
v -0.004302 0.248891 0.154000
v -0.004302 0.248891 0.156000
v -0.004382 0.248848 0.154000
v -0.004382 0.248848 0.156000
v -0.004468 0.248823 0.154000
v -0.004468 0.248823 0.156000
v -0.004562 0.248814 0.154000
v -0.004562 0.248814 0.156000
v -0.013491 0.248814 0.154000
v -0.013491 0.248814 0.156000
v -0.013576 0.248802 0.154000
v -0.013576 0.248802 0.156000
v -0.013637 0.248765 0.154000
v -0.013637 0.248765 0.156000
v -0.013674 0.248705 0.154000
v -0.013674 0.248705 0.156000
v -0.013686 0.248619 0.154000
v -0.013686 0.248619 0.156000
v -0.013686 0.241094 0.154000
v -0.013686 0.241094 0.156000
v -0.013674 0.241009 0.154000
v -0.013674 0.241009 0.156000
v -0.013637 0.240948 0.154000
v -0.013637 0.240948 0.156000
v -0.013576 0.240911 0.154000
v -0.013576 0.240911 0.156000
v -0.013491 0.240899 0.154000
v -0.013491 0.240899 0.156000
v -0.000195 0.240899 0.154000
v -0.000195 0.240899 0.156000
v -0.000101 0.240891 0.154000
v -0.000101 0.240891 0.156000
v -0.000015 0.240865 0.154000
v -0.000015 0.240865 0.156000
v 0.000065 0.240822 0.154000
v 0.000065 0.240822 0.156000
v 0.000136 0.240763 0.154000
v 0.000136 0.240763 0.156000
v 0.000196 0.240691 0.154000
v 0.000196 0.240691 0.156000
v 0.000239 0.240611 0.154000
v 0.000239 0.240611 0.156000
v 0.000264 0.240525 0.154000
v 0.000264 0.240525 0.156000
v 0.000273 0.240431 0.154000
v 0.000273 0.240431 0.156000
v 0.000273 0.237468 0.154000
v 0.000273 0.237468 0.156000
v 0.000264 0.237374 0.154000
v 0.000264 0.237374 0.156000
v 0.000239 0.237288 0.154000
v 0.000239 0.237288 0.156000
v 0.000196 0.237208 0.154000
v 0.000196 0.237208 0.156000
v 0.000136 0.237136 0.154000
v 0.000136 0.237136 0.156000
v 0.000065 0.237077 0.154000
v 0.000065 0.237077 0.156000
v -0.000015 0.237034 0.154000
v -0.000015 0.237034 0.156000
v -0.000101 0.237009 0.154000
v -0.000101 0.237009 0.156000
v -0.000195 0.237000 0.154000
v -0.000195 0.237000 0.156000
v -0.017741 0.237000 0.154000
v -0.017741 0.237000 0.156000
v -0.017835 0.237009 0.154000
v -0.017835 0.237009 0.156000
v -0.017921 0.237034 0.154000
v -0.017921 0.237034 0.156000
v -0.018000 0.237077 0.154000
v -0.018000 0.237077 0.156000
v -0.018072 0.237136 0.154000
v -0.018072 0.237136 0.156000
v -0.018132 0.237208 0.154000
v -0.018132 0.237208 0.156000
v -0.018175 0.237288 0.154000
v -0.018175 0.237288 0.156000
v -0.018200 0.237374 0.154000
v -0.018200 0.237374 0.156000
v -0.018209 0.237468 0.154000
v -0.018209 0.237468 0.156000
v -0.018209 0.263826 0.154000
v -0.018209 0.263826 0.156000
v -0.018200 0.263919 0.154000
v -0.018200 0.263919 0.156000
v -0.018175 0.264006 0.154000
v -0.018175 0.264006 0.156000
v -0.018132 0.264085 0.154000
v -0.018132 0.264085 0.156000
v -0.018072 0.264157 0.154000
v -0.018072 0.264157 0.156000
v -0.018000 0.264217 0.154000
v -0.018000 0.264217 0.156000
v -0.017921 0.264259 0.154000
v -0.017921 0.264259 0.156000
v -0.017835 0.264285 0.154000
v -0.017835 0.264285 0.156000
v -0.017741 0.264294 0.154000
v -0.017741 0.264294 0.156000
v -0.000195 0.264294 0.154000
v -0.000195 0.264294 0.156000
v -0.000101 0.264285 0.154000
v -0.000101 0.264285 0.156000
v -0.000015 0.264259 0.154000
v -0.000015 0.264259 0.156000
v 0.000065 0.264217 0.154000
v 0.000065 0.264217 0.156000
v 0.000136 0.264157 0.154000
v 0.000136 0.264157 0.156000
v 0.000196 0.264085 0.154000
v 0.000196 0.264085 0.156000
v 0.000239 0.264006 0.154000
v 0.000239 0.264006 0.156000
v 0.000264 0.263919 0.154000
v 0.000264 0.263919 0.156000
v 0.000273 0.263826 0.154000
v 0.000273 0.263826 0.156000
v 0.013998 0.236688 0.154000
v 0.013998 0.236688 0.156000
v 0.012579 0.236760 0.154000
v 0.012579 0.236760 0.156000
v 0.011249 0.236976 0.154000
v 0.011249 0.236976 0.156000
v 0.010006 0.237335 0.154000
v 0.010006 0.237335 0.156000
v 0.008851 0.237838 0.154000
v 0.008851 0.237838 0.156000
v 0.007803 0.238471 0.154000
v 0.007803 0.238471 0.156000
v 0.006882 0.239218 0.154000
v 0.006882 0.239218 0.156000
v 0.006087 0.240079 0.154000
v 0.006087 0.240079 0.156000
v 0.005420 0.241055 0.154000
v 0.005420 0.241055 0.156000
v 0.004891 0.242130 0.154000
v 0.004891 0.242130 0.156000
v 0.004513 0.243287 0.154000
v 0.004513 0.243287 0.156000
v 0.004287 0.244528 0.154000
v 0.004287 0.244528 0.156000
v 0.004211 0.245851 0.154000
v 0.004211 0.245851 0.156000
v 0.004211 0.255482 0.154000
v 0.004211 0.255482 0.156000
v 0.004287 0.256805 0.154000
v 0.004287 0.256805 0.156000
v 0.004513 0.258045 0.154000
v 0.004513 0.258045 0.156000
v 0.004891 0.259203 0.154000
v 0.004891 0.259203 0.156000
v 0.005420 0.260278 0.154000
v 0.005420 0.260278 0.156000
v 0.006087 0.261252 0.154000
v 0.006087 0.261252 0.156000
v 0.006882 0.262110 0.154000
v 0.006882 0.262110 0.156000
v 0.007803 0.262851 0.154000
v 0.007803 0.262851 0.156000
v 0.008851 0.263475 0.154000
v 0.008851 0.263475 0.156000
v 0.010006 0.263969 0.154000
v 0.010006 0.263969 0.156000
v 0.011249 0.264323 0.154000
v 0.011249 0.264323 0.156000
v 0.012579 0.264535 0.154000
v 0.012579 0.264535 0.156000
v 0.013998 0.264606 0.154000
v 0.013998 0.264606 0.156000
v 0.015399 0.264537 0.154000
v 0.015399 0.264537 0.156000
v 0.016717 0.264333 0.154000
v 0.016717 0.264333 0.156000
v 0.017953 0.263991 0.154000
v 0.017953 0.263991 0.156000
v 0.019106 0.263514 0.154000
v 0.019106 0.263514 0.156000
v 0.020153 0.262912 0.154000
v 0.020153 0.262912 0.156000
v 0.021075 0.262198 0.154000
v 0.021075 0.262198 0.156000
v 0.021869 0.261372 0.154000
v 0.021869 0.261372 0.156000
v 0.022537 0.260433 0.154000
v 0.022537 0.260433 0.156000
v 0.023066 0.259400 0.154000
v 0.023066 0.259400 0.156000
v 0.023443 0.258289 0.154000
v 0.023443 0.258289 0.156000
v 0.023670 0.257100 0.154000
v 0.023670 0.257100 0.156000
v 0.023745 0.255833 0.154000
v 0.023745 0.255833 0.156000
v 0.023737 0.255739 0.154000
v 0.023737 0.255739 0.156000
v 0.023711 0.255652 0.154000
v 0.023711 0.255652 0.156000
v 0.023669 0.255573 0.154000
v 0.023669 0.255573 0.156000
v 0.023609 0.255501 0.154000
v 0.023609 0.255501 0.156000
v 0.023537 0.255441 0.154000
v 0.023537 0.255441 0.156000
v 0.023458 0.255399 0.154000
v 0.023458 0.255399 0.156000
v 0.023371 0.255373 0.154000
v 0.023371 0.255373 0.156000
v 0.023278 0.255365 0.154000
v 0.023278 0.255365 0.156000
v 0.019690 0.255170 0.154000
v 0.019690 0.255170 0.156000
v 0.019486 0.255197 0.154000
v 0.019486 0.255197 0.156000
v 0.019339 0.255277 0.154000
v 0.019339 0.255277 0.156000
v 0.019252 0.255411 0.154000
v 0.019252 0.255411 0.156000
v 0.019222 0.255599 0.154000
v 0.019222 0.255599 0.156000
v 0.019134 0.256693 0.154000
v 0.019134 0.256693 0.156000
v 0.018867 0.257675 0.154000
v 0.018867 0.257675 0.156000
v 0.018422 0.258545 0.154000
v 0.018422 0.258545 0.156000
v 0.017799 0.259303 0.154000
v 0.017799 0.259303 0.156000
v 0.017028 0.259917 0.154000
v 0.017028 0.259917 0.156000
v 0.016137 0.260355 0.154000
v 0.016137 0.260355 0.156000
v 0.015127 0.260619 0.154000
v 0.015127 0.260619 0.156000
v 0.013998 0.260706 0.154000
v 0.013998 0.260706 0.156000
v 0.012867 0.260619 0.154000
v 0.012867 0.260619 0.156000
v 0.011853 0.260355 0.154000
v 0.011853 0.260355 0.156000
v 0.010956 0.259917 0.154000
v 0.010956 0.259917 0.156000
v 0.010177 0.259303 0.154000
v 0.010177 0.259303 0.156000
v 0.009545 0.258545 0.154000
v 0.009545 0.258545 0.156000
v 0.009095 0.257675 0.154000
v 0.009095 0.257675 0.156000
v 0.008824 0.256693 0.154000
v 0.008824 0.256693 0.156000
v 0.008734 0.255599 0.154000
v 0.008734 0.255599 0.156000
v 0.008734 0.245656 0.154000
v 0.008734 0.245656 0.156000
v 0.008824 0.244579 0.154000
v 0.008824 0.244579 0.156000
v 0.009095 0.243609 0.154000
v 0.009095 0.243609 0.156000
v 0.009545 0.242746 0.154000
v 0.009545 0.242746 0.156000
v 0.010177 0.241991 0.154000
v 0.010177 0.241991 0.156000
v 0.010956 0.241377 0.154000
v 0.010956 0.241377 0.156000
v 0.011853 0.240938 0.154000
v 0.011853 0.240938 0.156000
v 0.012867 0.240675 0.154000
v 0.012867 0.240675 0.156000
v 0.013998 0.240587 0.154000
v 0.013998 0.240587 0.156000
v 0.015127 0.240674 0.154000
v 0.015127 0.240674 0.156000
v 0.016137 0.240933 0.154000
v 0.016137 0.240933 0.156000
v 0.017028 0.241366 0.154000
v 0.017028 0.241366 0.156000
v 0.017799 0.241971 0.154000
v 0.017799 0.241971 0.156000
v 0.018422 0.242721 0.154000
v 0.018422 0.242721 0.156000
v 0.018867 0.243585 0.154000
v 0.018867 0.243585 0.156000
v 0.019134 0.244563 0.154000
v 0.019134 0.244563 0.156000
v 0.019222 0.245656 0.154000
v 0.019222 0.245656 0.156000
v 0.019252 0.245844 0.154000
v 0.019252 0.245844 0.156000
v 0.019339 0.245978 0.154000
v 0.019339 0.245978 0.156000
v 0.019486 0.246058 0.154000
v 0.019486 0.246058 0.156000
v 0.019690 0.246085 0.154000
v 0.019690 0.246085 0.156000
v 0.023278 0.245929 0.154000
v 0.023278 0.245929 0.156000
v 0.023371 0.245922 0.154000
v 0.023371 0.245922 0.156000
v 0.023458 0.245900 0.154000
v 0.023458 0.245900 0.156000
v 0.023537 0.245863 0.154000
v 0.023537 0.245863 0.156000
v 0.023609 0.245812 0.154000
v 0.023609 0.245812 0.156000
v 0.023669 0.245751 0.154000
v 0.023669 0.245751 0.156000
v 0.023711 0.245685 0.154000
v 0.023711 0.245685 0.156000
v 0.023737 0.245615 0.154000
v 0.023737 0.245615 0.156000
v 0.023745 0.245539 0.154000
v 0.023745 0.245539 0.156000
v 0.023670 0.244254 0.154000
v 0.023670 0.244254 0.156000
v 0.023443 0.243048 0.154000
v 0.023443 0.243048 0.156000
v 0.023066 0.241924 0.154000
v 0.023066 0.241924 0.156000
v 0.022537 0.240880 0.154000
v 0.022537 0.240880 0.156000
v 0.021869 0.239933 0.154000
v 0.021869 0.239933 0.156000
v 0.021075 0.239101 0.154000
v 0.021075 0.239101 0.156000
v 0.020153 0.238383 0.154000
v 0.020153 0.238383 0.156000
v 0.019106 0.237780 0.154000
v 0.019106 0.237780 0.156000
v 0.017953 0.237302 0.154000
v 0.017953 0.237302 0.156000
v 0.016717 0.236961 0.154000
v 0.016717 0.236961 0.156000
v 0.015399 0.236756 0.154000
v 0.015399 0.236756 0.156000
v 0.043436 0.263826 0.154000
v 0.043436 0.263826 0.156000
v 0.043444 0.263919 0.154000
v 0.043444 0.263919 0.156000
v 0.043470 0.264006 0.154000
v 0.043470 0.264006 0.156000
v 0.043513 0.264085 0.154000
v 0.043513 0.264085 0.156000
v 0.043572 0.264157 0.154000
v 0.043572 0.264157 0.156000
v 0.043644 0.264217 0.154000
v 0.043644 0.264217 0.156000
v 0.043723 0.264259 0.154000
v 0.043723 0.264259 0.156000
v 0.043810 0.264285 0.154000
v 0.043810 0.264285 0.156000
v 0.043904 0.264294 0.154000
v 0.043904 0.264294 0.156000
v 0.047491 0.264294 0.154000
v 0.047491 0.264294 0.156000
v 0.047585 0.264285 0.154000
v 0.047585 0.264285 0.156000
v 0.047671 0.264259 0.154000
v 0.047671 0.264259 0.156000
v 0.047750 0.264217 0.154000
v 0.047750 0.264217 0.156000
v 0.047822 0.264157 0.154000
v 0.047822 0.264157 0.156000
v 0.047882 0.264085 0.154000
v 0.047882 0.264085 0.156000
v 0.047925 0.264006 0.154000
v 0.047925 0.264006 0.156000
v 0.047950 0.263919 0.154000
v 0.047950 0.263919 0.156000
v 0.047959 0.263826 0.154000
v 0.047959 0.263826 0.156000
v 0.047959 0.237468 0.154000
v 0.047959 0.237468 0.156000
v 0.047950 0.237374 0.154000
v 0.047950 0.237374 0.156000
v 0.047925 0.237288 0.154000
v 0.047925 0.237288 0.156000
v 0.047882 0.237208 0.154000
v 0.047882 0.237208 0.156000
v 0.047822 0.237136 0.154000
v 0.047822 0.237136 0.156000
v 0.047750 0.237077 0.154000
v 0.047750 0.237077 0.156000
v 0.047671 0.237034 0.154000
v 0.047671 0.237034 0.156000
v 0.047585 0.237009 0.154000
v 0.047585 0.237009 0.156000
v 0.047491 0.237000 0.154000
v 0.047491 0.237000 0.156000
v 0.043904 0.237000 0.154000
v 0.043904 0.237000 0.156000
v 0.043810 0.237009 0.154000
v 0.043810 0.237009 0.156000
v 0.043723 0.237034 0.154000
v 0.043723 0.237034 0.156000
v 0.043644 0.237077 0.154000
v 0.043644 0.237077 0.156000
v 0.043572 0.237136 0.154000
v 0.043572 0.237136 0.156000
v 0.043513 0.237208 0.154000
v 0.043513 0.237208 0.156000
v 0.043470 0.237288 0.154000
v 0.043470 0.237288 0.156000
v 0.043444 0.237374 0.154000
v 0.043444 0.237374 0.156000
v 0.043436 0.237468 0.154000
v 0.043436 0.237468 0.156000
v 0.043436 0.248619 0.154000
v 0.043436 0.248619 0.156000
v 0.043424 0.248705 0.154000
v 0.043424 0.248705 0.156000
v 0.043387 0.248765 0.154000
v 0.043387 0.248765 0.156000
v 0.043326 0.248802 0.154000
v 0.043326 0.248802 0.156000
v 0.043241 0.248814 0.154000
v 0.043241 0.248814 0.156000
v 0.033298 0.248814 0.154000
v 0.033298 0.248814 0.156000
v 0.033213 0.248802 0.154000
v 0.033213 0.248802 0.156000
v 0.033152 0.248765 0.154000
v 0.033152 0.248765 0.156000
v 0.033115 0.248705 0.154000
v 0.033115 0.248705 0.156000
v 0.033103 0.248619 0.154000
v 0.033103 0.248619 0.156000
v 0.033103 0.237468 0.154000
v 0.033103 0.237468 0.156000
v 0.033095 0.237374 0.154000
v 0.033095 0.237374 0.156000
v 0.033069 0.237288 0.154000
v 0.033069 0.237288 0.156000
v 0.033026 0.237208 0.154000
v 0.033026 0.237208 0.156000
v 0.032967 0.237136 0.154000
v 0.032967 0.237136 0.156000
v 0.032895 0.237077 0.154000
v 0.032895 0.237077 0.156000
v 0.032816 0.237034 0.154000
v 0.032816 0.237034 0.156000
v 0.032729 0.237009 0.154000
v 0.032729 0.237009 0.156000
v 0.032635 0.237000 0.154000
v 0.032635 0.237000 0.156000
v 0.029048 0.237000 0.154000
v 0.029048 0.237000 0.156000
v 0.028954 0.237009 0.154000
v 0.028954 0.237009 0.156000
v 0.028868 0.237034 0.154000
v 0.028868 0.237034 0.156000
v 0.028789 0.237077 0.154000
v 0.028789 0.237077 0.156000
v 0.028717 0.237136 0.154000
v 0.028717 0.237136 0.156000
v 0.028657 0.237208 0.154000
v 0.028657 0.237208 0.156000
v 0.028614 0.237288 0.154000
v 0.028614 0.237288 0.156000
v 0.028589 0.237374 0.154000
v 0.028589 0.237374 0.156000
v 0.028580 0.237468 0.154000
v 0.028580 0.237468 0.156000
v 0.028580 0.263826 0.154000
v 0.028580 0.263826 0.156000
v 0.028589 0.263919 0.154000
v 0.028589 0.263919 0.156000
v 0.028614 0.264006 0.154000
v 0.028614 0.264006 0.156000
v 0.028657 0.264085 0.154000
v 0.028657 0.264085 0.156000
v 0.028717 0.264157 0.154000
v 0.028717 0.264157 0.156000
v 0.028789 0.264217 0.154000
v 0.028789 0.264217 0.156000
v 0.028868 0.264259 0.154000
v 0.028868 0.264259 0.156000
v 0.028954 0.264285 0.154000
v 0.028954 0.264285 0.156000
v 0.029048 0.264294 0.154000
v 0.029048 0.264294 0.156000
v 0.032635 0.264294 0.154000
v 0.032635 0.264294 0.156000
v 0.032729 0.264285 0.154000
v 0.032729 0.264285 0.156000
v 0.032816 0.264259 0.154000
v 0.032816 0.264259 0.156000
v 0.032895 0.264217 0.154000
v 0.032895 0.264217 0.156000
v 0.032967 0.264157 0.154000
v 0.032967 0.264157 0.156000
v 0.033026 0.264085 0.154000
v 0.033026 0.264085 0.156000
v 0.033069 0.264006 0.154000
v 0.033069 0.264006 0.156000
v 0.033095 0.263919 0.154000
v 0.033095 0.263919 0.156000
v 0.033103 0.263826 0.154000
v 0.033103 0.263826 0.156000
v 0.033103 0.252908 0.154000
v 0.033103 0.252908 0.156000
v 0.033115 0.252823 0.154000
v 0.033115 0.252823 0.156000
v 0.033152 0.252762 0.154000
v 0.033152 0.252762 0.156000
v 0.033213 0.252725 0.154000
v 0.033213 0.252725 0.156000
v 0.033298 0.252713 0.154000
v 0.033298 0.252713 0.156000
v 0.043241 0.252713 0.154000
v 0.043241 0.252713 0.156000
v 0.043326 0.252725 0.154000
v 0.043326 0.252725 0.156000
v 0.043387 0.252762 0.154000
v 0.043387 0.252762 0.156000
v 0.043424 0.252823 0.154000
v 0.043424 0.252823 0.156000
v 0.043436 0.252908 0.154000
v 0.043436 0.252908 0.156000
v 0.070339 0.237000 0.154000
v 0.070339 0.237000 0.156000
v 0.070162 0.237024 0.154000
v 0.070162 0.237024 0.156000
v 0.070018 0.237097 0.154000
v 0.070018 0.237097 0.156000
v 0.069908 0.237219 0.154000
v 0.069908 0.237219 0.156000
v 0.069833 0.237390 0.154000
v 0.069833 0.237390 0.156000
v 0.068546 0.241562 0.154000
v 0.068546 0.241562 0.156000
v 0.068504 0.241630 0.154000
v 0.068504 0.241630 0.156000
v 0.068458 0.241679 0.154000
v 0.068458 0.241679 0.156000
v 0.068407 0.241708 0.154000
v 0.068407 0.241708 0.156000
v 0.068351 0.241718 0.154000
v 0.068351 0.241718 0.156000
v 0.058057 0.241718 0.154000
v 0.058057 0.241718 0.156000
v 0.058001 0.241708 0.154000
v 0.058001 0.241708 0.156000
v 0.057950 0.241679 0.154000
v 0.057950 0.241679 0.156000
v 0.057904 0.241630 0.154000
v 0.057904 0.241630 0.156000
v 0.057862 0.241562 0.154000
v 0.057862 0.241562 0.156000
v 0.056576 0.237390 0.154000
v 0.056576 0.237390 0.156000
v 0.056500 0.237219 0.154000
v 0.056500 0.237219 0.156000
v 0.056390 0.237097 0.154000
v 0.056390 0.237097 0.156000
v 0.056247 0.237024 0.154000
v 0.056247 0.237024 0.156000
v 0.056069 0.237000 0.154000
v 0.056069 0.237000 0.156000
v 0.052170 0.237000 0.154000
v 0.052170 0.237000 0.156000
v 0.052060 0.237009 0.154000
v 0.052060 0.237009 0.156000
v 0.051965 0.237034 0.154000
v 0.051965 0.237034 0.156000
v 0.051885 0.237077 0.154000
v 0.051885 0.237077 0.156000
v 0.051819 0.237136 0.154000
v 0.051819 0.237136 0.156000
v 0.051772 0.237213 0.154000
v 0.051772 0.237213 0.156000
v 0.051751 0.237307 0.154000
v 0.051751 0.237307 0.156000
v 0.051753 0.237418 0.154000
v 0.051753 0.237418 0.156000
v 0.051780 0.237546 0.154000
v 0.051780 0.237546 0.156000
v 0.060241 0.263904 0.154000
v 0.060241 0.263904 0.156000
v 0.060316 0.264074 0.154000
v 0.060316 0.264074 0.156000
v 0.060426 0.264196 0.154000
v 0.060426 0.264196 0.156000
v 0.060570 0.264269 0.154000
v 0.060570 0.264269 0.156000
v 0.060748 0.264294 0.154000
v 0.060748 0.264294 0.156000
v 0.065622 0.264294 0.154000
v 0.065622 0.264294 0.156000
v 0.065799 0.264269 0.154000
v 0.065799 0.264269 0.156000
v 0.065943 0.264196 0.154000
v 0.065943 0.264196 0.156000
v 0.066053 0.264074 0.154000
v 0.066053 0.264074 0.156000
v 0.066128 0.263904 0.154000
v 0.066128 0.263904 0.156000
v 0.074628 0.237546 0.154000
v 0.074628 0.237546 0.156000
v 0.074645 0.237504 0.154000
v 0.074645 0.237504 0.156000
v 0.074658 0.237458 0.154000
v 0.074658 0.237458 0.156000
v 0.074665 0.237407 0.154000
v 0.074665 0.237407 0.156000
v 0.074667 0.237351 0.154000
v 0.074667 0.237351 0.156000
v 0.074641 0.237197 0.154000
v 0.074641 0.237197 0.156000
v 0.074560 0.237088 0.154000
v 0.074560 0.237088 0.156000
v 0.074426 0.237022 0.154000
v 0.074426 0.237022 0.156000
v 0.074239 0.237000 0.154000
v 0.074239 0.237000 0.156000
v 0.059071 0.245500 0.154000
v 0.059071 0.245500 0.156000
v 0.059066 0.245398 0.154000
v 0.059066 0.245398 0.156000
v 0.059091 0.245325 0.154000
v 0.059091 0.245325 0.156000
v 0.059144 0.245281 0.154000
v 0.059144 0.245281 0.156000
v 0.059227 0.245266 0.154000
v 0.059227 0.245266 0.156000
v 0.067142 0.245266 0.154000
v 0.067142 0.245266 0.156000
v 0.067240 0.245281 0.154000
v 0.067240 0.245281 0.156000
v 0.067298 0.245325 0.154000
v 0.067298 0.245325 0.156000
v 0.067318 0.245398 0.154000
v 0.067318 0.245398 0.156000
v 0.067298 0.245500 0.154000
v 0.067298 0.245500 0.156000
v 0.063282 0.258562 0.154000
v 0.063282 0.258562 0.156000
v 0.063260 0.258630 0.154000
v 0.063260 0.258630 0.156000
v 0.063233 0.258679 0.154000
v 0.063233 0.258679 0.156000
v 0.063202 0.258708 0.154000
v 0.063202 0.258708 0.156000
v 0.063165 0.258718 0.154000
v 0.063165 0.258718 0.156000
v 0.063129 0.258708 0.154000
v 0.063129 0.258708 0.156000
v 0.063097 0.258679 0.154000
v 0.063097 0.258679 0.156000
v 0.063070 0.258630 0.154000
v 0.063070 0.258630 0.156000
v 0.063048 0.258562 0.154000
v 0.063048 0.258562 0.156000
v 0.079151 0.237000 0.154000
v 0.079151 0.237000 0.156000
v 0.079058 0.237009 0.154000
v 0.079058 0.237009 0.156000
v 0.078971 0.237034 0.154000
v 0.078971 0.237034 0.156000
v 0.078892 0.237077 0.154000
v 0.078892 0.237077 0.156000
v 0.078820 0.237136 0.154000
v 0.078820 0.237136 0.156000
v 0.078760 0.237208 0.154000
v 0.078760 0.237208 0.156000
v 0.078718 0.237288 0.154000
v 0.078718 0.237288 0.156000
v 0.078692 0.237374 0.154000
v 0.078692 0.237374 0.156000
v 0.078683 0.237468 0.154000
v 0.078683 0.237468 0.156000
v 0.078683 0.263826 0.154000
v 0.078683 0.263826 0.156000
v 0.078692 0.263919 0.154000
v 0.078692 0.263919 0.156000
v 0.078718 0.264006 0.154000
v 0.078718 0.264006 0.156000
v 0.078760 0.264085 0.154000
v 0.078760 0.264085 0.156000
v 0.078820 0.264157 0.154000
v 0.078820 0.264157 0.156000
v 0.078892 0.264217 0.154000
v 0.078892 0.264217 0.156000
v 0.078971 0.264259 0.154000
v 0.078971 0.264259 0.156000
v 0.079058 0.264285 0.154000
v 0.079058 0.264285 0.156000
v 0.079151 0.264294 0.154000
v 0.079151 0.264294 0.156000
v 0.082739 0.264294 0.154000
v 0.082739 0.264294 0.156000
v 0.082832 0.264285 0.154000
v 0.082832 0.264285 0.156000
v 0.082919 0.264259 0.154000
v 0.082919 0.264259 0.156000
v 0.082998 0.264217 0.154000
v 0.082998 0.264217 0.156000
v 0.083070 0.264157 0.154000
v 0.083070 0.264157 0.156000
v 0.083130 0.264085 0.154000
v 0.083130 0.264085 0.156000
v 0.083172 0.264006 0.154000
v 0.083172 0.264006 0.156000
v 0.083198 0.263919 0.154000
v 0.083198 0.263919 0.156000
v 0.083206 0.263826 0.154000
v 0.083206 0.263826 0.156000
v 0.083206 0.241094 0.154000
v 0.083206 0.241094 0.156000
v 0.083219 0.241009 0.154000
v 0.083219 0.241009 0.156000
v 0.083255 0.240948 0.154000
v 0.083255 0.240948 0.156000
v 0.083316 0.240911 0.154000
v 0.083316 0.240911 0.156000
v 0.083401 0.240899 0.154000
v 0.083401 0.240899 0.156000
v 0.096463 0.240899 0.154000
v 0.096463 0.240899 0.156000
v 0.096557 0.240891 0.154000
v 0.096557 0.240891 0.156000
v 0.096644 0.240865 0.154000
v 0.096644 0.240865 0.156000
v 0.096723 0.240822 0.154000
v 0.096723 0.240822 0.156000
v 0.096795 0.240763 0.154000
v 0.096795 0.240763 0.156000
v 0.096854 0.240691 0.154000
v 0.096854 0.240691 0.156000
v 0.096897 0.240611 0.154000
v 0.096897 0.240611 0.156000
v 0.096923 0.240525 0.154000
v 0.096923 0.240525 0.156000
v 0.096931 0.240431 0.154000
v 0.096931 0.240431 0.156000
v 0.096931 0.237468 0.154000
v 0.096931 0.237468 0.156000
v 0.096923 0.237374 0.154000
v 0.096923 0.237374 0.156000
v 0.096897 0.237288 0.154000
v 0.096897 0.237288 0.156000
v 0.096854 0.237208 0.154000
v 0.096854 0.237208 0.156000
v 0.096795 0.237136 0.154000
v 0.096795 0.237136 0.156000
v 0.096723 0.237077 0.154000
v 0.096723 0.237077 0.156000
v 0.096644 0.237034 0.154000
v 0.096644 0.237034 0.156000
v 0.096557 0.237009 0.154000
v 0.096557 0.237009 0.156000
v 0.096463 0.237000 0.154000
v 0.096463 0.237000 0.156000
v -0.090000 0.570000 0.151000
v 0.065000 0.570000 0.151000
v 0.085000 0.520000 0.151000
v 0.130000 0.495000 0.151000
v 0.085000 0.475000 0.151000
v 0.065000 0.405000 0.151000
v 0.025000 0.390000 0.151000
v 0.025000 0.355000 0.151000
v 0.150000 0.310000 0.151000
v -0.160000 0.310000 0.151000
v -0.095000 0.380000 0.151000
v -0.100000 0.480000 0.151000
v -0.090000 0.570000 0.145000
v 0.065000 0.570000 0.145000
v 0.085000 0.520000 0.145000
v 0.130000 0.495000 0.145000
v 0.085000 0.475000 0.145000
v 0.065000 0.405000 0.145000
v 0.025000 0.390000 0.145000
v 0.025000 0.355000 0.145000
v 0.150000 0.310000 0.145000
v -0.160000 0.310000 0.145000
v -0.095000 0.380000 0.145000
v -0.100000 0.480000 0.145000
v -0.200000 0.575000 0.151000
v -0.150000 0.660000 0.151000
v -0.075000 0.625000 0.151000
v 0.035000 0.630000 0.151000
v 0.140000 0.685000 0.151000
v 0.205000 0.570000 0.151000
v -0.200000 0.575000 0.145000
v -0.150000 0.660000 0.145000
v -0.075000 0.625000 0.145000
v 0.035000 0.630000 0.145000
v 0.140000 0.685000 0.145000
v 0.205000 0.570000 0.145000
v 0.117000 0.680000 0.151000
v 0.116481 0.685267 0.151000
v 0.114945 0.690332 0.151000
v 0.112450 0.695000 0.151000
v 0.109092 0.699092 0.151000
v 0.105000 0.702450 0.151000
v 0.100332 0.704945 0.151000
v 0.095267 0.706481 0.151000
v 0.090000 0.707000 0.151000
v 0.084733 0.706481 0.151000
v 0.079668 0.704945 0.151000
v 0.075000 0.702450 0.151000
v 0.070908 0.699092 0.151000
v 0.067550 0.695000 0.151000
v 0.065055 0.690332 0.151000
v 0.063519 0.685267 0.151000
v 0.063000 0.680000 0.151000
v 0.063519 0.674733 0.151000
v 0.065055 0.669668 0.151000
v 0.067550 0.665000 0.151000
v 0.070908 0.660908 0.151000
v 0.075000 0.657550 0.151000
v 0.079668 0.655055 0.151000
v 0.084733 0.653519 0.151000
v 0.090000 0.653000 0.151000
v 0.095267 0.653519 0.151000
v 0.100332 0.655055 0.151000
v 0.105000 0.657550 0.151000
v 0.109092 0.660908 0.151000
v 0.112450 0.665000 0.151000
v 0.114945 0.669668 0.151000
v 0.116481 0.674733 0.151000
v 0.117000 0.680000 0.145000
v 0.116481 0.685267 0.145000
v 0.114945 0.690332 0.145000
v 0.112450 0.695000 0.145000
v 0.109092 0.699092 0.145000
v 0.105000 0.702450 0.145000
v 0.100332 0.704945 0.145000
v 0.095267 0.706481 0.145000
v 0.090000 0.707000 0.145000
v 0.084733 0.706481 0.145000
v 0.079668 0.704945 0.145000
v 0.075000 0.702450 0.145000
v 0.070908 0.699092 0.145000
v 0.067550 0.695000 0.145000
v 0.065055 0.690332 0.145000
v 0.063519 0.685267 0.145000
v 0.063000 0.680000 0.145000
v 0.063519 0.674733 0.145000
v 0.065055 0.669668 0.145000
v 0.067550 0.665000 0.145000
v 0.070908 0.660908 0.145000
v 0.075000 0.657550 0.145000
v 0.079668 0.655055 0.145000
v 0.084733 0.653519 0.145000
v 0.090000 0.653000 0.145000
v 0.095267 0.653519 0.145000
v 0.100332 0.655055 0.145000
v 0.105000 0.657550 0.145000
v 0.109092 0.660908 0.145000
v 0.112450 0.665000 0.145000
v 0.114945 0.669668 0.145000
v 0.116481 0.674733 0.145000
v 0.133000 0.712000 0.151000
v 0.132558 0.716487 0.151000
v 0.131249 0.720802 0.151000
v 0.129124 0.724778 0.151000
v 0.126263 0.728263 0.151000
v 0.122778 0.731124 0.151000
v 0.118802 0.733249 0.151000
v 0.114487 0.734558 0.151000
v 0.110000 0.735000 0.151000
v 0.105513 0.734558 0.151000
v 0.101198 0.733249 0.151000
v 0.097222 0.731124 0.151000
v 0.093737 0.728263 0.151000
v 0.090876 0.724778 0.151000
v 0.088751 0.720802 0.151000
v 0.087442 0.716487 0.151000
v 0.087000 0.712000 0.151000
v 0.087442 0.707513 0.151000
v 0.088751 0.703198 0.151000
v 0.090876 0.699222 0.151000
v 0.093737 0.695737 0.151000
v 0.097222 0.692876 0.151000
v 0.101198 0.690751 0.151000
v 0.105513 0.689442 0.151000
v 0.110000 0.689000 0.151000
v 0.114487 0.689442 0.151000
v 0.118802 0.690751 0.151000
v 0.122778 0.692876 0.151000
v 0.126263 0.695737 0.151000
v 0.129124 0.699222 0.151000
v 0.131249 0.703198 0.151000
v 0.132558 0.707513 0.151000
v 0.133000 0.712000 0.145000
v 0.132558 0.716487 0.145000
v 0.131249 0.720802 0.145000
v 0.129124 0.724778 0.145000
v 0.126263 0.728263 0.145000
v 0.122778 0.731124 0.145000
v 0.118802 0.733249 0.145000
v 0.114487 0.734558 0.145000
v 0.110000 0.735000 0.145000
v 0.105513 0.734558 0.145000
v 0.101198 0.733249 0.145000
v 0.097222 0.731124 0.145000
v 0.093737 0.728263 0.145000
v 0.090876 0.724778 0.145000
v 0.088751 0.720802 0.145000
v 0.087442 0.716487 0.145000
v 0.087000 0.712000 0.145000
v 0.087442 0.707513 0.145000
v 0.088751 0.703198 0.145000
v 0.090876 0.699222 0.145000
v 0.093737 0.695737 0.145000
v 0.097222 0.692876 0.145000
v 0.101198 0.690751 0.145000
v 0.105513 0.689442 0.145000
v 0.110000 0.689000 0.145000
v 0.114487 0.689442 0.145000
v 0.118802 0.690751 0.145000
v 0.122778 0.692876 0.145000
v 0.126263 0.695737 0.145000
v 0.129124 0.699222 0.145000
v 0.131249 0.703198 0.145000
v 0.132558 0.707513 0.145000
v 0.148000 0.735000 0.151000
v 0.147654 0.738512 0.151000
v 0.146630 0.741888 0.151000
v 0.144966 0.745000 0.151000
v 0.142728 0.747728 0.151000
v 0.140000 0.749966 0.151000
v 0.136888 0.751630 0.151000
v 0.133512 0.752654 0.151000
v 0.130000 0.753000 0.151000
v 0.126488 0.752654 0.151000
v 0.123112 0.751630 0.151000
v 0.120000 0.749966 0.151000
v 0.117272 0.747728 0.151000
v 0.115034 0.745000 0.151000
v 0.113370 0.741888 0.151000
v 0.112346 0.738512 0.151000
v 0.112000 0.735000 0.151000
v 0.112346 0.731488 0.151000
v 0.113370 0.728112 0.151000
v 0.115034 0.725000 0.151000
v 0.117272 0.722272 0.151000
v 0.120000 0.720034 0.151000
v 0.123112 0.718370 0.151000
v 0.126488 0.717346 0.151000
v 0.130000 0.717000 0.151000
v 0.133512 0.717346 0.151000
v 0.136888 0.718370 0.151000
v 0.140000 0.720034 0.151000
v 0.142728 0.722272 0.151000
v 0.144966 0.725000 0.151000
v 0.146630 0.728112 0.151000
v 0.147654 0.731488 0.151000
v 0.148000 0.735000 0.145000
v 0.147654 0.738512 0.145000
v 0.146630 0.741888 0.145000
v 0.144966 0.745000 0.145000
v 0.142728 0.747728 0.145000
v 0.140000 0.749966 0.145000
v 0.136888 0.751630 0.145000
v 0.133512 0.752654 0.145000
v 0.130000 0.753000 0.145000
v 0.126488 0.752654 0.145000
v 0.123112 0.751630 0.145000
v 0.120000 0.749966 0.145000
v 0.117272 0.747728 0.145000
v 0.115034 0.745000 0.145000
v 0.113370 0.741888 0.145000
v 0.112346 0.738512 0.145000
v 0.112000 0.735000 0.145000
v 0.112346 0.731488 0.145000
v 0.113370 0.728112 0.145000
v 0.115034 0.725000 0.145000
v 0.117272 0.722272 0.145000
v 0.120000 0.720034 0.145000
v 0.123112 0.718370 0.145000
v 0.126488 0.717346 0.145000
v 0.130000 0.717000 0.145000
v 0.133512 0.717346 0.145000
v 0.136888 0.718370 0.145000
v 0.140000 0.720034 0.145000
v 0.142728 0.722272 0.145000
v 0.144966 0.725000 0.145000
v 0.146630 0.728112 0.145000
v 0.147654 0.731488 0.145000
v -0.122198 0.337308 0.151000
v 0.017802 0.297308 0.151000
v 0.022198 0.312692 0.151000
v -0.117802 0.352692 0.151000
v -0.122198 0.337308 0.145000
v 0.017802 0.297308 0.145000
v 0.022198 0.312692 0.145000
v -0.117802 0.352692 0.145000
vn 0.000000 -0.000000 1.000000
vn 0.000000 -0.000000 1.000000
vn 0.000000 -0.000000 1.000000
vn 0.000000 -0.000000 1.000000
vn 0.000000 -0.000000 1.000000
vn 0.000000 -0.000000 1.000000
vn 0.000000 -0.000000 1.000000
vn 0.000000 -0.000000 1.000000
vn 0.000000 -0.000000 1.000000
vn 0.000000 -0.000000 1.000000
vn 0.000000 -0.000000 1.000000
vn 0.000000 -0.000000 1.000000
vn 0.000000 -0.000000 1.000000
vn 0.000000 -0.000000 1.000000
vn 0.000000 -0.000000 1.000000
vn 0.000000 -0.000000 1.000000
vn 0.000000 -0.000000 1.000000
vn 0.000000 -0.000000 1.000000
vn 0.000000 -0.000000 1.000000
vn 0.000000 -0.000000 1.000000
vn 0.000000 -0.000000 1.000000
vn 0.000000 -0.000000 1.000000
vn 0.000000 -0.000000 1.000000
vn 0.000000 -0.000000 1.000000
vn 0.000000 -0.000000 1.000000
vn 0.000000 -0.000000 1.000000
vn 0.000000 -0.000000 1.000000
vn 0.000000 -0.000000 1.000000
vn 0.000000 -0.000000 1.000000
vn 0.000000 -0.000000 1.000000
vn 0.000000 -0.000000 1.000000
vn 0.000000 -0.000000 1.000000
vn 0.000000 -0.000000 1.000000
vn 0.000000 -0.000000 1.000000
vn 0.000000 -0.000000 1.000000
vn 0.000000 -0.000000 1.000000
vn 0.000000 -0.000000 1.000000
vn 0.000000 -0.000000 1.000000
vn 0.000000 -0.000000 1.000000
vn 0.000000 -0.000000 1.000000
vn 0.000000 -0.000000 1.000000
vn 0.000000 -0.000000 1.000000
vn 0.000000 -0.000000 1.000000
vn 0.000000 -0.000000 1.000000
vn 0.000000 -0.000000 1.000000
vn 0.000000 -0.000000 1.000000
vn 0.000000 -0.000000 1.000000
vn 0.000000 -0.000000 1.000000
vn 0.000000 -0.000000 1.000000
vn 0.000000 -0.000000 1.000000
vn 0.000000 -0.000000 1.000000
vn 0.000000 -0.000000 1.000000
vn 0.000000 -0.000000 1.000000
vn 0.000000 -0.000000 1.000000
vn 0.000000 -0.000000 1.000000
vn 0.000000 -0.000000 1.000000
vn 0.000000 -0.000000 1.000000
vn 0.000000 -0.000000 1.000000
vn 0.000000 -0.000000 1.000000
vn 0.000000 -0.000000 1.000000
vn 0.000000 -0.000000 1.000000
vn 0.000000 -0.000000 1.000000
vn 0.000000 -0.000000 1.000000
vn 0.000000 -0.000000 1.000000
vn 0.000000 -0.000000 1.000000
vn 0.000000 -0.000000 1.000000
vn 0.000000 -0.000000 1.000000
vn 0.000000 -0.000000 1.000000
vn 0.000000 -0.000000 1.000000
vn 0.000000 -0.000000 1.000000
vn 0.000000 -0.000000 1.000000
vn 0.000000 -0.000000 1.000000
vn 0.000000 -0.000000 1.000000
vn 0.000000 -0.000000 1.000000
vn 0.000000 -0.000000 1.000000
vn 0.000000 -0.000000 1.000000
vn 0.000000 -0.000000 1.000000
vn 0.000000 -0.000000 1.000000
vn 0.000000 -0.000000 1.000000
vn 0.000000 -0.000000 1.000000
vn 0.000000 -0.000000 1.000000
vn 0.000000 -0.000000 1.000000
vn 0.000000 -0.000000 1.000000
vn 0.000000 -0.000000 1.000000
vn 0.000000 -0.000000 1.000000
vn 0.000000 -0.000000 1.000000
vn 0.000000 -0.000000 1.000000
vn 0.000000 -0.000000 1.000000
vn 0.000000 -0.000000 1.000000
vn 0.000000 -0.000000 1.000000
vn 0.000000 -0.000000 1.000000
vn 0.000000 -0.000000 1.000000
vn 0.000000 -0.000000 1.000000
vn 0.000000 -0.000000 1.000000
vn 0.000000 -0.000000 1.000000
vn 0.000000 -0.000000 1.000000
vn 0.000000 -0.000000 1.000000
vn 0.000000 -0.000000 1.000000
vn 0.000000 -0.000000 1.000000
vn 0.000000 -0.000000 1.000000
vn 0.000000 -0.000000 1.000000
vn 0.000000 -0.000000 1.000000
vn 0.000000 -0.000000 1.000000
vn 0.000000 -0.000000 1.000000
vn 0.000000 -0.000000 1.000000
vn 0.000000 -0.000000 1.000000
vn 0.000000 -0.000000 1.000000
vn 0.000000 -0.000000 1.000000
vn 0.000000 -0.000000 1.000000
vn 0.000000 -0.000000 1.000000
vn 0.000000 -0.000000 1.000000
vn 0.000000 -0.000000 1.000000
vn 0.000000 -0.000000 1.000000
vn 0.000000 -0.000000 1.000000
vn 0.000000 -0.000000 1.000000
vn 0.000000 -0.000000 1.000000
vn 0.000000 -0.000000 1.000000
vn 0.000000 -0.000000 1.000000
vn 0.000000 -0.000000 1.000000
vn 0.000000 -0.000000 1.000000
vn 0.000000 -0.000000 1.000000
vn 0.000000 -0.000000 1.000000
vn 0.000000 -0.000000 1.000000
vn 0.000000 -0.000000 1.000000
vn 0.000000 -0.000000 1.000000
vn 0.000000 0.000000 -1.000000
vn 0.000000 0.000000 -1.000000
vn 0.000000 0.000000 -1.000000
vn 0.000000 0.000000 -1.000000
vn 0.000000 0.000000 -1.000000
vn 0.000000 0.000000 -1.000000
vn 0.000000 0.000000 -1.000000
vn 0.000000 0.000000 -1.000000
vn 0.000000 0.000000 -1.000000
vn 0.000000 0.000000 -1.000000
vn 0.000000 0.000000 -1.000000
vn 0.000000 0.000000 -1.000000
vn 0.000000 0.000000 -1.000000
vn 0.000000 0.000000 -1.000000
vn 0.000000 0.000000 -1.000000
vn 0.000000 0.000000 -1.000000
vn 0.000000 0.000000 -1.000000
vn 0.000000 0.000000 -1.000000
vn 0.000000 0.000000 -1.000000
vn 0.000000 0.000000 -1.000000
vn 0.000000 0.000000 -1.000000
vn 0.000000 0.000000 -1.000000
vn 0.000000 0.000000 -1.000000
vn 0.000000 0.000000 -1.000000
vn 0.000000 0.000000 -1.000000
vn 0.000000 0.000000 -1.000000
vn 0.000000 0.000000 -1.000000
vn 0.000000 0.000000 -1.000000
vn 0.000000 0.000000 -1.000000
vn 0.000000 0.000000 -1.000000
vn 0.000000 0.000000 -1.000000
vn 0.000000 0.000000 -1.000000
vn 0.000000 0.000000 -1.000000
vn 0.000000 0.000000 -1.000000
vn 0.000000 0.000000 -1.000000
vn 0.000000 0.000000 -1.000000
vn 0.000000 0.000000 -1.000000
vn 0.000000 0.000000 -1.000000
vn 0.000000 0.000000 -1.000000
vn 0.000000 0.000000 -1.000000
vn 0.000000 0.000000 -1.000000
vn 0.000000 0.000000 -1.000000
vn 0.000000 0.000000 -1.000000
vn 0.000000 0.000000 -1.000000
vn 0.000000 0.000000 -1.000000
vn 0.000000 0.000000 -1.000000
vn 0.000000 0.000000 -1.000000
vn 0.000000 0.000000 -1.000000
vn 0.000000 0.000000 -1.000000
vn 0.000000 0.000000 -1.000000
vn 0.000000 0.000000 -1.000000
vn 0.000000 0.000000 -1.000000
vn 0.000000 0.000000 -1.000000
vn 0.000000 0.000000 -1.000000
vn 0.000000 0.000000 -1.000000
vn 0.000000 0.000000 -1.000000
vn 0.000000 0.000000 -1.000000
vn 0.000000 0.000000 -1.000000
vn 0.000000 0.000000 -1.000000
vn 0.000000 0.000000 -1.000000
vn 0.000000 0.000000 -1.000000
vn 0.000000 0.000000 -1.000000
vn 0.000000 0.000000 -1.000000
vn 0.000000 0.000000 -1.000000
vn 0.000000 0.000000 -1.000000
vn 0.000000 0.000000 -1.000000
vn 0.000000 0.000000 -1.000000
vn 0.000000 0.000000 -1.000000
vn 0.000000 0.000000 -1.000000
vn 0.000000 0.000000 -1.000000
vn 0.000000 0.000000 -1.000000
vn 0.000000 0.000000 -1.000000
vn 0.000000 0.000000 -1.000000
vn 0.000000 0.000000 -1.000000
vn 0.000000 0.000000 -1.000000
vn 0.000000 0.000000 -1.000000
vn 0.000000 0.000000 -1.000000
vn 0.000000 0.000000 -1.000000
vn 0.000000 0.000000 -1.000000
vn 0.000000 0.000000 -1.000000
vn 0.000000 0.000000 -1.000000
vn 0.000000 0.000000 -1.000000
vn 0.000000 0.000000 -1.000000
vn 0.000000 0.000000 -1.000000
vn 0.000000 0.000000 -1.000000
vn 0.000000 0.000000 -1.000000
vn 0.000000 0.000000 -1.000000
vn 0.000000 0.000000 -1.000000
vn 0.000000 0.000000 -1.000000
vn 0.000000 0.000000 -1.000000
vn 0.000000 0.000000 -1.000000
vn 0.000000 0.000000 -1.000000
vn 0.000000 0.000000 -1.000000
vn 0.000000 0.000000 -1.000000
vn 0.000000 0.000000 -1.000000
vn 0.000000 0.000000 -1.000000
vn 0.000000 0.000000 -1.000000
vn 0.000000 0.000000 -1.000000
vn 0.000000 0.000000 -1.000000
vn 0.000000 0.000000 -1.000000
vn 0.000000 0.000000 -1.000000
vn 0.000000 0.000000 -1.000000
vn 0.000000 0.000000 -1.000000
vn 0.000000 0.000000 -1.000000
vn 0.000000 0.000000 -1.000000
vn 0.000000 0.000000 -1.000000
vn 0.000000 0.000000 -1.000000
vn 0.000000 0.000000 -1.000000
vn 0.000000 0.000000 -1.000000
vn 0.000000 0.000000 -1.000000
vn 0.000000 0.000000 -1.000000
vn 0.000000 0.000000 -1.000000
vn 0.000000 0.000000 -1.000000
vn 0.000000 0.000000 -1.000000
vn 0.000000 0.000000 -1.000000
vn 0.000000 0.000000 -1.000000
vn 0.000000 0.000000 -1.000000
vn 0.000000 0.000000 -1.000000
vn 0.000000 0.000000 -1.000000
vn 0.000000 0.000000 -1.000000
vn 0.000000 0.000000 -1.000000
vn 0.000000 0.000000 -1.000000
vn 0.000000 0.000000 -1.000000
vn 0.000000 0.000000 -1.000000
vn 0.000000 0.000000 -1.000000
vn -0.316225 0.948684 0.000000
vn -0.238788 0.971072 0.000000
vn -0.150803 0.988564 0.000000
vn -0.052557 0.998618 0.000000
vn 0.000000 1.000000 0.000000
vn 0.090540 0.995893 0.000000
vn 0.283627 0.958935 0.000000
vn 0.474092 0.880476 0.000000
vn 0.638899 0.769290 0.000000
vn 0.769287 0.638904 0.000000
vn 0.880474 0.474095 0.000000
vn 0.958935 0.283624 0.000000
vn 0.995893 0.090535 0.000000
vn 1.000000 0.000000 -0.000000
vn 0.995893 -0.090536 -0.000000
vn 0.958935 -0.283626 -0.000000
vn 0.880472 -0.474099 -0.000000
vn 0.769289 -0.638901 -0.000000
vn 0.638899 -0.769291 -0.000000
vn 0.474100 -0.880471 -0.000000
vn 0.283629 -0.958934 -0.000000
vn 0.090536 -0.995893 -0.000000
vn 0.000000 -1.000000 -0.000000
vn -0.090536 -0.995893 -0.000000
vn -0.283629 -0.958934 -0.000000
vn -0.474100 -0.880471 -0.000000
vn -0.638904 -0.769287 -0.000000
vn -0.769289 -0.638901 -0.000000
vn -0.880472 -0.474099 -0.000000
vn -0.958935 -0.283626 -0.000000
vn -0.995893 -0.090541 -0.000000
vn -1.000000 0.000000 -0.000000
vn -0.991779 -0.127963 -0.000000
vn -0.924012 -0.382363 -0.000000
vn -0.803555 -0.595231 -0.000000
vn -0.666008 -0.745945 -0.000000
vn -0.510528 -0.859861 -0.000000
vn -0.270754 -0.962649 -0.000000
vn 0.031212 -0.999513 -0.000000
vn 0.325092 -0.945683 -0.000000
vn 0.296099 -0.955157 -0.000000
vn 0.380781 -0.924665 -0.000000
vn 0.254485 -0.967077 -0.000000
vn 0.141417 -0.989950 -0.000000
vn 0.043464 -0.999055 -0.000000
vn -0.097907 -0.995196 -0.000000
vn -0.311050 -0.950394 -0.000000
vn -0.522155 -0.852850 -0.000000
vn -0.698723 -0.715392 -0.000000
vn -0.829589 -0.558374 -0.000000
vn -0.923079 -0.384609 -0.000000
vn -0.976524 -0.215411 -0.000000
vn -0.997842 -0.065654 -0.000000
vn -0.998969 -0.045408 -0.000000
vn -0.994207 0.107486 0.000000
vn -0.932567 0.360998 0.000000
vn -0.780871 0.624692 0.000000
vn -0.561501 0.827476 0.000000
vn -0.447214 0.894427 0.000000
vn -0.074494 -0.997221 -0.000000
vn -0.243983 -0.969780 -0.000000
vn -0.431199 -0.902257 -0.000000
vn -0.613941 -0.789352 -0.000000
vn -0.768769 -0.639527 -0.000000
vn -0.890087 -0.455790 -0.000000
vn -0.965445 -0.260606 -0.000000
vn -0.996797 -0.079978 -0.000000
vn -1.000000 0.000000 -0.000000
vn -0.996729 0.080816 0.000000
vn -0.964665 0.263480 0.000000
vn -0.887585 0.460645 0.000000
vn -0.763841 0.645405 0.000000
vn -0.607450 0.794358 0.000000
vn -0.425272 0.905065 0.000000
vn -0.240121 0.970743 0.000000
vn -0.073248 0.997314 0.000000
vn 0.073158 0.997320 0.000000
vn 0.239167 0.970978 0.000000
vn 0.422490 0.906368 0.000000
vn 0.602469 0.798142 0.000000
vn 0.758678 0.651466 0.000000
vn 0.884513 0.466516 0.000000
vn 0.963569 0.267460 0.000000
vn 0.996622 0.082120 0.000000
vn 1.000000 0.000000 -0.000000
vn 0.996692 -0.081269 -0.000000
vn 0.964372 -0.264550 -0.000000
vn 0.887071 -0.461632 -0.000000
vn 0.763667 -0.645611 -0.000000
vn 0.608969 -0.793194 -0.000000
vn 0.428396 -0.903591 -0.000000
vn 0.243016 -0.970022 -0.000000
vn 0.074401 -0.997228 -0.000000
vn -0.076986 0.997032 0.000000
vn -0.250914 0.968009 0.000000
vn -0.440271 0.897865 0.000000
vn -0.621673 0.783277 0.000000
vn -0.774282 0.632841 0.000000
vn -0.893557 0.448951 0.000000
vn -0.966735 0.255780 0.000000
vn -0.996927 0.078339 0.000000
vn -1.000000 0.000000 -0.000000
vn -0.996927 -0.078339 -0.000000
vn -0.966735 -0.255780 -0.000000
vn -0.893556 -0.448951 -0.000000
vn -0.774282 -0.632841 -0.000000
vn -0.621671 -0.783278 -0.000000
vn -0.440272 -0.897865 -0.000000
vn -0.250914 -0.968009 -0.000000
vn -0.076987 -0.997032 -0.000000
vn 0.078466 -0.996917 -0.000000
vn 0.255317 -0.966857 -0.000000
vn 0.446628 -0.894720 -0.000000
vn 0.628098 -0.778134 -0.000000
vn 0.779292 -0.626661 -0.000000
vn 0.896452 -0.443141 -0.000000
vn 0.967749 -0.251918 -0.000000
vn 0.997025 -0.077083 -0.000000
vn 1.000000 0.000000 -0.000000
vn 0.997025 0.077083 0.000000
vn 0.967749 0.251918 0.000000
vn 0.896452 0.443141 0.000000
vn 0.779292 0.626661 0.000000
vn 0.628098 0.778135 0.000000
vn 0.446628 0.894720 0.000000
vn 0.255317 0.966857 0.000000
vn 0.078467 0.996917 0.000000
vn 0.000000 -0.000000 1.000000
vn 0.000000 -0.000000 1.000000
vn 0.000000 -0.000000 1.000000
vn 0.000000 -0.000000 1.000000
vn 0.000000 -0.000000 1.000000
vn 0.000000 -0.000000 1.000000
vn 0.000000 -0.000000 1.000000
vn 0.000000 -0.000000 1.000000
vn 0.000000 -0.000000 1.000000
vn 0.000000 -0.000000 1.000000
vn 0.000000 -0.000000 1.000000
vn 0.000000 -0.000000 1.000000
vn 0.000000 -0.000000 1.000000
vn 0.000000 -0.000000 1.000000
vn 0.000000 -0.000000 1.000000
vn 0.000000 -0.000000 1.000000
vn 0.000000 -0.000000 1.000000
vn 0.000000 -0.000000 1.000000
vn 0.000000 -0.000000 1.000000
vn 0.000000 -0.000000 1.000000
vn 0.000000 -0.000000 1.000000
vn 0.000000 -0.000000 1.000000
vn 0.000000 -0.000000 1.000000
vn 0.000000 -0.000000 1.000000
vn 0.000000 -0.000000 1.000000
vn 0.000000 -0.000000 1.000000
vn 0.000000 -0.000000 1.000000
vn 0.000000 -0.000000 1.000000
vn 0.000000 -0.000000 1.000000
vn 0.000000 -0.000000 1.000000
vn 0.000000 -0.000000 1.000000
vn 0.000000 -0.000000 1.000000
vn 0.000000 -0.000000 1.000000
vn 0.000000 -0.000000 1.000000
vn 0.000000 -0.000000 1.000000
vn 0.000000 -0.000000 1.000000
vn 0.000000 -0.000000 1.000000
vn 0.000000 -0.000000 1.000000
vn 0.000000 -0.000000 1.000000
vn 0.000000 -0.000000 1.000000
vn 0.000000 -0.000000 1.000000
vn 0.000000 -0.000000 1.000000
vn 0.000000 -0.000000 1.000000
vn 0.000000 -0.000000 1.000000
vn 0.000000 -0.000000 1.000000
vn 0.000000 -0.000000 1.000000
vn 0.000000 -0.000000 1.000000
vn 0.000000 -0.000000 1.000000
vn 0.000000 -0.000000 1.000000
vn 0.000000 -0.000000 1.000000
vn 0.000000 -0.000000 1.000000
vn 0.000000 -0.000000 1.000000
vn 0.000000 -0.000000 1.000000
vn 0.000000 -0.000000 1.000000
vn 0.000000 -0.000000 1.000000
vn 0.000000 -0.000000 1.000000
vn 0.000000 -0.000000 1.000000
vn 0.000000 -0.000000 1.000000
vn 0.000000 -0.000000 1.000000
vn 0.000000 -0.000000 1.000000
vn 0.000000 -0.000000 1.000000
vn 0.000000 -0.000000 1.000000
vn 0.000000 -0.000000 1.000000
vn 0.000000 -0.000000 1.000000
vn 0.000000 -0.000000 1.000000
vn 0.000000 -0.000000 1.000000
vn 0.000000 -0.000000 1.000000
vn 0.000000 -0.000000 1.000000
vn 0.000000 -0.000000 1.000000
vn 0.000000 -0.000000 1.000000
vn 0.000000 -0.000000 1.000000
vn 0.000000 -0.000000 1.000000
vn 0.000000 -0.000000 1.000000
vn 0.000000 -0.000000 1.000000
vn 0.000000 -0.000000 1.000000
vn 0.000000 -0.000000 1.000000
vn 0.000000 -0.000000 1.000000
vn 0.000000 -0.000000 1.000000
vn 0.000000 -0.000000 1.000000
vn 0.000000 -0.000000 1.000000
vn 0.000000 -0.000000 1.000000
vn 0.000000 -0.000000 1.000000
vn 0.000000 -0.000000 1.000000
vn 0.000000 -0.000000 1.000000
vn 0.000000 -0.000000 1.000000
vn 0.000000 -0.000000 1.000000
vn 0.000000 -0.000000 1.000000
vn 0.000000 -0.000000 1.000000
vn 0.000000 -0.000000 1.000000
vn 0.000000 -0.000000 1.000000
vn 0.000000 -0.000000 1.000000
vn 0.000000 -0.000000 1.000000
vn 0.000000 -0.000000 1.000000
vn 0.000000 -0.000000 1.000000
vn 0.000000 -0.000000 1.000000
vn 0.000000 -0.000000 1.000000
vn 0.000000 -0.000000 1.000000
vn 0.000000 -0.000000 1.000000
vn 0.000000 -0.000000 1.000000
vn 0.000000 -0.000000 1.000000
vn 0.000000 -0.000000 1.000000
vn 0.000000 -0.000000 1.000000
vn 0.000000 -0.000000 1.000000
vn 0.000000 -0.000000 1.000000
vn 0.000000 -0.000000 1.000000
vn 0.000000 -0.000000 1.000000
vn 0.000000 -0.000000 1.000000
vn 0.000000 -0.000000 1.000000
vn 0.000000 -0.000000 1.000000
vn 0.000000 -0.000000 1.000000
vn 0.000000 -0.000000 1.000000
vn 0.000000 -0.000000 1.000000
vn 0.000000 -0.000000 1.000000
vn 0.000000 -0.000000 1.000000
vn 0.000000 -0.000000 1.000000
vn 0.000000 -0.000000 1.000000
vn 0.000000 -0.000000 1.000000
vn 0.000000 -0.000000 1.000000
vn 0.000000 -0.000000 1.000000
vn 0.000000 -0.000000 1.000000
vn 0.000000 -0.000000 1.000000
vn 0.000000 -0.000000 1.000000
vn 0.000000 -0.000000 1.000000
vn 0.000000 -0.000000 1.000000
vn 0.000000 -0.000000 1.000000
vn 0.000000 -0.000000 1.000000
vn 0.000000 -0.000000 1.000000
vn 0.000000 -0.000000 1.000000
vn 0.000000 -0.000000 1.000000
vn 0.000000 -0.000000 1.000000
vn 0.000000 -0.000000 1.000000
vn 0.000000 -0.000000 1.000000
vn 0.000000 -0.000000 1.000000
vn 0.000000 -0.000000 1.000000
vn 0.000000 -0.000000 1.000000
vn 0.000000 -0.000000 1.000000
vn 0.000000 -0.000000 1.000000
vn 0.000000 -0.000000 1.000000
vn 0.000000 -0.000000 1.000000
vn 0.000000 -0.000000 1.000000
vn 0.000000 -0.000000 1.000000
vn 0.000000 -0.000000 1.000000
vn 0.000000 -0.000000 1.000000
vn 0.000000 -0.000000 1.000000
vn 0.000000 -0.000000 1.000000
vn 0.000000 -0.000000 1.000000
vn 0.000000 -0.000000 1.000000
vn 0.000000 -0.000000 1.000000
vn 0.000000 -0.000000 1.000000
vn 0.000000 -0.000000 1.000000
vn 0.000000 -0.000000 1.000000
vn 0.000000 -0.000000 1.000000
vn 0.000000 -0.000000 1.000000
vn 0.000000 -0.000000 1.000000
vn 0.000000 -0.000000 1.000000
vn 0.000000 -0.000000 1.000000
vn 0.000000 -0.000000 1.000000
vn 0.000000 -0.000000 1.000000
vn 0.000000 -0.000000 1.000000
vn 0.000000 -0.000000 1.000000
vn 0.000000 -0.000000 1.000000
vn 0.000000 -0.000000 1.000000
vn 0.000000 -0.000000 1.000000
vn 0.000000 -0.000000 1.000000
vn 0.000000 -0.000000 1.000000
vn 0.000000 -0.000000 1.000000
vn 0.000000 -0.000000 1.000000
vn 0.000000 -0.000000 1.000000
vn 0.000000 -0.000000 1.000000
vn 0.000000 -0.000000 1.000000
vn 0.000000 -0.000000 1.000000
vn 0.000000 -0.000000 1.000000
vn 0.000000 -0.000000 1.000000
vn 0.000000 -0.000000 1.000000
vn 0.000000 -0.000000 1.000000
vn 0.000000 -0.000000 1.000000
vn 0.000000 -0.000000 1.000000
vn 0.000000 -0.000000 1.000000
vn 0.000000 -0.000000 1.000000
vn 0.000000 -0.000000 1.000000
vn 0.000000 -0.000000 1.000000
vn 0.000000 -0.000000 1.000000
vn 0.000000 -0.000000 1.000000
vn 0.000000 -0.000000 1.000000
vn 0.000000 -0.000000 1.000000
vn 0.000000 -0.000000 1.000000
vn 0.000000 -0.000000 1.000000
vn 0.000000 -0.000000 1.000000
vn 0.000000 -0.000000 1.000000
vn 0.000000 -0.000000 1.000000
vn 0.000000 -0.000000 1.000000
vn 0.000000 -0.000000 1.000000
vn 0.000000 -0.000000 1.000000
vn 0.000000 -0.000000 1.000000
vn 0.000000 -0.000000 1.000000
vn 0.000000 -0.000000 1.000000
vn 0.000000 -0.000000 1.000000
vn 0.000000 -0.000000 1.000000
vn 0.000000 -0.000000 1.000000
vn 0.000000 -0.000000 1.000000
vn 0.000000 -0.000000 1.000000
vn 0.000000 -0.000000 1.000000
vn 0.000000 -0.000000 1.000000
vn 0.000000 -0.000000 1.000000
vn 0.000000 -0.000000 1.000000
vn 0.000000 -0.000000 1.000000
vn 0.000000 -0.000000 1.000000
vn 0.000000 -0.000000 1.000000
vn 0.000000 -0.000000 1.000000
vn 0.000000 -0.000000 1.000000
vn 0.000000 -0.000000 1.000000
vn 0.000000 -0.000000 1.000000
vn 0.000000 -0.000000 1.000000
vn 0.000000 -0.000000 1.000000
vn 0.000000 -0.000000 1.000000
vn 0.000000 -0.000000 1.000000
vn 0.000000 -0.000000 1.000000
vn 0.000000 -0.000000 1.000000
vn 0.000000 -0.000000 1.000000
vn 0.000000 -0.000000 1.000000
vn 0.000000 -0.000000 1.000000
vn 0.000000 -0.000000 1.000000
vn 0.000000 -0.000000 1.000000
vn 0.000000 -0.000000 1.000000
vn 0.000000 -0.000000 1.000000
vn 0.000000 -0.000000 1.000000
vn 0.000000 -0.000000 1.000000
vn 0.000000 -0.000000 1.000000
vn 0.000000 -0.000000 1.000000
vn 0.000000 -0.000000 1.000000
vn 0.000000 -0.000000 1.000000
vn 0.000000 -0.000000 1.000000
vn 0.000000 -0.000000 1.000000
vn 0.000000 -0.000000 1.000000
vn 0.000000 -0.000000 1.000000
vn 0.000000 -0.000000 1.000000
vn 0.000000 -0.000000 1.000000
vn 0.000000 -0.000000 1.000000
vn 0.000000 -0.000000 1.000000
vn 0.000000 -0.000000 1.000000
vn 0.000000 -0.000000 1.000000
vn 0.000000 -0.000000 1.000000
vn 0.000000 -0.000000 1.000000
vn 0.000000 -0.000000 1.000000
vn 0.000000 -0.000000 1.000000
vn 0.000000 -0.000000 1.000000
vn 0.000000 -0.000000 1.000000
vn 0.000000 -0.000000 1.000000
vn 0.000000 -0.000000 1.000000
vn 0.000000 -0.000000 1.000000
vn 0.000000 -0.000000 1.000000
vn 0.000000 -0.000000 1.000000
vn 0.000000 -0.000000 1.000000
vn 0.000000 -0.000000 1.000000
vn 0.000000 -0.000000 1.000000
vn 0.000000 -0.000000 1.000000
vn 0.000000 -0.000000 1.000000
vn 0.000000 -0.000000 1.000000
vn 0.000000 -0.000000 1.000000
vn 0.000000 -0.000000 1.000000
vn 0.000000 -0.000000 1.000000
vn 0.000000 -0.000000 1.000000
vn 0.000000 -0.000000 1.000000
vn 0.000000 -0.000000 1.000000
vn 0.000000 -0.000000 1.000000
vn 0.000000 -0.000000 1.000000
vn 0.000000 -0.000000 1.000000
vn 0.000000 -0.000000 1.000000
vn 0.000000 -0.000000 1.000000
vn 0.000000 -0.000000 1.000000
vn 0.000000 -0.000000 1.000000
vn 0.000000 -0.000000 1.000000
vn 0.000000 -0.000000 1.000000
vn 0.000000 -0.000000 1.000000
vn 0.000000 -0.000000 1.000000
vn 0.000000 -0.000000 1.000000
vn 0.000000 -0.000000 1.000000
vn 0.000000 -0.000000 1.000000
vn 0.000000 -0.000000 1.000000
vn 0.000000 -0.000000 1.000000
vn 0.000000 -0.000000 1.000000
vn 0.000000 -0.000000 1.000000
vn 0.000000 -0.000000 1.000000
vn 0.000000 -0.000000 1.000000
vn 0.000000 -0.000000 1.000000
vn 0.000000 -0.000000 1.000000
vn 0.000000 -0.000000 1.000000
vn 0.000000 -0.000000 1.000000
vn 0.000000 -0.000000 1.000000
vn 0.000000 -0.000000 1.000000
vn 0.000000 -0.000000 1.000000
vn 0.000000 -0.000000 1.000000
vn 0.000000 -0.000000 1.000000
vn 0.000000 -0.000000 1.000000
vn 0.000000 -0.000000 1.000000
vn 0.000000 -0.000000 1.000000
vn 0.000000 -0.000000 1.000000
vn 0.000000 -0.000000 1.000000
vn 0.000000 -0.000000 1.000000
vn 0.000000 -0.000000 1.000000
vn 0.000000 -0.000000 1.000000
vn 0.000000 -0.000000 1.000000
vn 0.000000 -0.000000 1.000000
vn 0.000000 -0.000000 1.000000
vn 0.000000 -0.000000 1.000000
vn 0.000000 -0.000000 1.000000
vn 0.000000 -0.000000 1.000000
vn 0.000000 -0.000000 1.000000
vn 0.000000 -0.000000 1.000000
vn 0.000000 -0.000000 1.000000
vn 0.000000 -0.000000 1.000000
vn 0.000000 -0.000000 1.000000
vn 0.000000 -0.000000 1.000000
vn 0.000000 -0.000000 1.000000
vn 0.000000 -0.000000 1.000000
vn 0.000000 -0.000000 1.000000
vn 0.000000 -0.000000 1.000000
vn 0.000000 -0.000000 1.000000
vn 0.000000 -0.000000 1.000000
vn 0.000000 -0.000000 1.000000
vn 0.000000 -0.000000 1.000000
vn 0.000000 -0.000000 1.000000
vn 0.000000 -0.000000 1.000000
vn 0.000000 -0.000000 1.000000
vn 0.000000 -0.000000 1.000000
vn 0.000000 -0.000000 1.000000
vn 0.000000 -0.000000 1.000000
vn 0.000000 -0.000000 1.000000
vn 0.000000 -0.000000 1.000000
vn 0.000000 -0.000000 1.000000
vn 0.000000 -0.000000 1.000000
vn 0.000000 -0.000000 1.000000
vn 0.000000 -0.000000 1.000000
vn 0.000000 -0.000000 1.000000
vn 0.000000 -0.000000 1.000000
vn 0.000000 -0.000000 1.000000
vn 0.000000 -0.000000 1.000000
vn 0.000000 -0.000000 1.000000
vn 0.000000 -0.000000 1.000000
vn 0.000000 -0.000000 1.000000
vn 0.000000 -0.000000 1.000000
vn 0.000000 -0.000000 1.000000
vn 0.000000 -0.000000 1.000000
vn 0.000000 -0.000000 1.000000
vn 0.000000 -0.000000 1.000000
vn 0.000000 -0.000000 1.000000
vn 0.000000 -0.000000 1.000000
vn 0.000000 -0.000000 1.000000
vn 0.000000 -0.000000 1.000000
vn 0.000000 -0.000000 1.000000
vn 0.000000 -0.000000 1.000000
vn 0.000000 -0.000000 1.000000
vn 0.000000 -0.000000 1.000000
vn 0.000000 -0.000000 1.000000
vn 0.000000 -0.000000 1.000000
vn 0.000000 -0.000000 1.000000
vn 0.000000 -0.000000 1.000000
vn 0.000000 -0.000000 1.000000
vn 0.000000 -0.000000 1.000000
vn 0.000000 -0.000000 1.000000
vn 0.000000 -0.000000 1.000000
vn 0.000000 -0.000000 1.000000
vn 0.000000 -0.000000 1.000000
vn 0.000000 -0.000000 1.000000
vn 0.000000 -0.000000 1.000000
vn 0.000000 -0.000000 1.000000
vn 0.000000 -0.000000 1.000000
vn 0.000000 -0.000000 1.000000
vn 0.000000 -0.000000 1.000000
vn 0.000000 -0.000000 1.000000
vn 0.000000 -0.000000 1.000000
vn 0.000000 -0.000000 1.000000
vn 0.000000 -0.000000 1.000000
vn 0.000000 -0.000000 1.000000
vn 0.000000 -0.000000 1.000000
vn 0.000000 -0.000000 1.000000
vn 0.000000 -0.000000 1.000000
vn 0.000000 -0.000000 1.000000
vn 0.000000 -0.000000 1.000000
vn 0.000000 -0.000000 1.000000
vn 0.000000 -0.000000 1.000000
vn 0.000000 -0.000000 1.000000
vn 0.000000 -0.000000 1.000000
vn 0.000000 -0.000000 1.000000
vn 0.000000 -0.000000 1.000000
vn 0.000000 -0.000000 1.000000
vn 0.000000 -0.000000 1.000000
vn 0.000000 -0.000000 1.000000
vn 0.000000 -0.000000 1.000000
vn 0.000000 -0.000000 1.000000
vn 0.000000 -0.000000 1.000000
vn 0.000000 -0.000000 1.000000
vn 0.000000 -0.000000 1.000000
vn 0.000000 -0.000000 1.000000
vn 0.000000 -0.000000 1.000000
vn 0.000000 -0.000000 1.000000
vn 0.000000 -0.000000 1.000000
vn 0.000000 -0.000000 1.000000
vn 0.000000 -0.000000 1.000000
vn 0.000000 -0.000000 1.000000
vn 0.000000 -0.000000 1.000000
vn 0.000000 -0.000000 1.000000
vn 0.000000 -0.000000 1.000000
vn 0.000000 -0.000000 1.000000
vn 0.000000 -0.000000 1.000000
vn 0.000000 -0.000000 1.000000
vn 0.000000 -0.000000 1.000000
vn 0.000000 -0.000000 1.000000
vn 0.000000 -0.000000 1.000000
vn 0.000000 -0.000000 1.000000
vn 0.000000 -0.000000 1.000000
vn 0.000000 -0.000000 1.000000
vn 0.000000 -0.000000 1.000000
vn 0.000000 -0.000000 1.000000
vn 0.000000 -0.000000 1.000000
vn 0.000000 -0.000000 1.000000
vn 0.000000 -0.000000 1.000000
vn 0.000000 -0.000000 1.000000
vn 0.000000 -0.000000 1.000000
vn 0.000000 -0.000000 1.000000
vn 0.000000 -0.000000 1.000000
vn 0.000000 -0.000000 1.000000
vn 0.000000 -0.000000 1.000000
vn 0.000000 -0.000000 1.000000
vn 0.000000 -0.000000 1.000000
vn 0.000000 -0.000000 1.000000
vn 0.000000 -0.000000 1.000000
vn 0.000000 -0.000000 1.000000
vn 0.000000 -0.000000 1.000000
vn 0.000000 -0.000000 1.000000
vn 0.000000 -0.000000 1.000000
vn 0.000000 -0.000000 1.000000
vn 0.000000 -0.000000 1.000000
vn 0.000000 -0.000000 1.000000
vn 0.000000 -0.000000 1.000000
vn 0.000000 -0.000000 1.000000
vn 0.000000 -0.000000 1.000000
vn 0.000000 -0.000000 1.000000
vn 0.000000 -0.000000 1.000000
vn 0.000000 -0.000000 1.000000
vn 0.000000 -0.000000 1.000000
vn 0.000000 -0.000000 1.000000
vn 0.000000 -0.000000 1.000000
vn 0.000000 -0.000000 1.000000
vn 0.000000 -0.000000 1.000000
vn 0.000000 -0.000000 1.000000
vn 0.000000 -0.000000 1.000000
vn 0.000000 -0.000000 1.000000
vn 0.000000 -0.000000 1.000000
vn 0.000000 -0.000000 1.000000
vn 0.000000 -0.000000 1.000000
vn 0.000000 -0.000000 1.000000
vn 0.000000 -0.000000 1.000000
vn 0.000000 -0.000000 1.000000
vn 0.000000 -0.000000 1.000000
vn 0.000000 -0.000000 1.000000
vn 0.000000 -0.000000 1.000000
vn 0.000000 -0.000000 1.000000
vn 0.000000 -0.000000 1.000000
vn 0.000000 -0.000000 1.000000
vn 0.000000 -0.000000 1.000000
vn 0.000000 -0.000000 1.000000
vn 0.000000 -0.000000 1.000000
vn 0.000000 -0.000000 1.000000
vn 0.000000 -0.000000 1.000000
vn 0.000000 -0.000000 1.000000
vn 0.000000 -0.000000 1.000000
vn 0.000000 -0.000000 1.000000
vn 0.000000 -0.000000 1.000000
vn 0.000000 -0.000000 1.000000
vn 0.000000 -0.000000 1.000000
vn 0.000000 -0.000000 1.000000
vn 0.000000 -0.000000 1.000000
vn 0.000000 -0.000000 1.000000
vn 0.000000 -0.000000 1.000000
vn 0.000000 -0.000000 1.000000
vn 0.000000 -0.000000 1.000000
vn 0.000000 -0.000000 1.000000
vn 0.000000 -0.000000 1.000000
vn 0.000000 -0.000000 1.000000
vn 0.000000 -0.000000 1.000000
vn 0.000000 -0.000000 1.000000
vn 0.000000 -0.000000 1.000000
vn 0.000000 -0.000000 1.000000
vn 0.000000 -0.000000 1.000000
vn 0.000000 -0.000000 1.000000
vn 0.000000 -0.000000 1.000000
vn 0.000000 -0.000000 1.000000
vn 0.000000 -0.000000 1.000000
vn 0.000000 -0.000000 1.000000
vn 0.000000 -0.000000 1.000000
vn 0.000000 -0.000000 1.000000
vn 0.000000 -0.000000 1.000000
vn 0.000000 -0.000000 1.000000
vn 0.000000 -0.000000 1.000000
vn 0.000000 -0.000000 1.000000
vn 0.000000 -0.000000 1.000000
vn 0.000000 -0.000000 1.000000
vn 0.000000 -0.000000 1.000000
vn 0.000000 -0.000000 1.000000
vn 0.000000 -0.000000 1.000000
vn 0.000000 -0.000000 1.000000
vn 0.000000 -0.000000 1.000000
vn 0.000000 -0.000000 1.000000
vn 0.000000 -0.000000 1.000000
vn 0.000000 -0.000000 1.000000
vn 0.000000 -0.000000 1.000000
vn 0.000000 -0.000000 1.000000
vn 0.000000 -0.000000 1.000000
vn 0.000000 -0.000000 1.000000
vn 0.000000 -0.000000 1.000000
vn 0.000000 -0.000000 1.000000
vn 0.000000 -0.000000 1.000000
vn 0.000000 -0.000000 1.000000
vn 0.000000 -0.000000 1.000000
vn 0.000000 -0.000000 1.000000
vn 0.000000 -0.000000 1.000000
vn 0.000000 -0.000000 1.000000
vn 0.000000 -0.000000 1.000000
vn 0.000000 -0.000000 1.000000
vn 0.000000 -0.000000 1.000000
vn 0.000000 -0.000000 1.000000
vn 0.000000 -0.000000 1.000000
vn 0.000000 -0.000000 1.000000
vn 0.000000 -0.000000 1.000000
vn 0.000000 -0.000000 1.000000
vn 0.000000 -0.000000 1.000000
vn 0.000000 -0.000000 1.000000
vn 0.000000 -0.000000 1.000000
vn 0.000000 -0.000000 1.000000
vn 0.000000 -0.000000 1.000000
vn 0.000000 -0.000000 1.000000
vn 0.000000 -0.000000 1.000000
vn 0.000000 -0.000000 1.000000
vn 0.000000 -0.000000 1.000000
vn 0.000000 -0.000000 1.000000
vn 0.000000 -0.000000 1.000000
vn 0.000000 -0.000000 1.000000
vn 0.000000 -0.000000 1.000000
vn 0.000000 -0.000000 1.000000
vn 0.000000 -0.000000 1.000000
vn 0.000000 -0.000000 1.000000
vn 0.000000 -0.000000 1.000000
vn 0.000000 -0.000000 1.000000
vn 0.000000 -0.000000 1.000000
vn 0.000000 -0.000000 1.000000
vn 0.000000 -0.000000 1.000000
vn 0.000000 -0.000000 1.000000
vn 0.000000 -0.000000 1.000000
vn 0.000000 -0.000000 1.000000
vn 0.000000 -0.000000 1.000000
vn 0.000000 -0.000000 1.000000
vn 0.000000 -0.000000 1.000000
vn 0.000000 -0.000000 1.000000
vn 0.000000 -0.000000 1.000000
vn 0.000000 -0.000000 1.000000
vn 0.000000 -0.000000 1.000000
vn 0.000000 -0.000000 1.000000
vn 0.000000 -0.000000 1.000000
vn 0.000000 -0.000000 1.000000
vn 0.000000 -0.000000 1.000000
vn 0.000000 -0.000000 1.000000
vn 0.000000 -0.000000 1.000000
vn 0.000000 -0.000000 1.000000
vn 0.000000 -0.000000 1.000000
vn 0.000000 -0.000000 1.000000
vn 0.000000 -0.000000 1.000000
vn 0.000000 -0.000000 1.000000
vn 0.000000 -0.000000 1.000000
vn 0.000000 -0.000000 1.000000
vn 0.000000 -0.000000 1.000000
vn 0.000000 -0.000000 1.000000
vn 0.000000 -0.000000 1.000000
vn 0.000000 -0.000000 1.000000
vn 0.000000 -0.000000 1.000000
vn 0.000000 -0.000000 1.000000
vn 0.000000 -0.000000 1.000000
vn 0.000000 -0.000000 1.000000
vn 0.000000 -0.000000 1.000000
vn 0.000000 -0.000000 1.000000
vn 0.000000 -0.000000 1.000000
vn 0.000000 -0.000000 1.000000
vn 0.000000 -0.000000 1.000000
vn 0.000000 -0.000000 1.000000
vn 0.000000 -0.000000 1.000000
vn 0.000000 -0.000000 1.000000
vn 0.000000 -0.000000 1.000000
vn 0.000000 -0.000000 1.000000
vn 0.000000 -0.000000 1.000000
vn 0.000000 -0.000000 1.000000
vn 0.000000 -0.000000 1.000000
vn 0.000000 -0.000000 1.000000
vn 0.000000 -0.000000 1.000000
vn 0.000000 -0.000000 1.000000
vn 0.000000 -0.000000 1.000000
vn 0.000000 -0.000000 1.000000
vn 0.000000 -0.000000 1.000000
vn 0.000000 -0.000000 1.000000
vn 0.000000 -0.000000 1.000000
vn 0.000000 -0.000000 1.000000
vn 0.000000 -0.000000 1.000000
vn 0.000000 -0.000000 1.000000
vn 0.000000 -0.000000 1.000000
vn 0.000000 -0.000000 1.000000
vn 0.000000 -0.000000 1.000000
vn 0.000000 -0.000000 1.000000
vn 0.000000 -0.000000 1.000000
vn 0.000000 -0.000000 1.000000
vn 0.000000 -0.000000 1.000000
vn 0.000000 -0.000000 1.000000
vn 0.000000 -0.000000 1.000000
vn 0.000000 -0.000000 1.000000
vn 0.000000 -0.000000 1.000000
vn 0.000000 -0.000000 1.000000
vn 0.000000 -0.000000 1.000000
vn 0.000000 -0.000000 1.000000
vn 0.000000 -0.000000 1.000000
vn 0.000000 -0.000000 1.000000
vn 0.000000 -0.000000 1.000000
vn 0.000000 -0.000000 1.000000
vn 0.000000 -0.000000 1.000000
vn 0.000000 -0.000000 1.000000
vn 0.000000 -0.000000 1.000000
vn 0.000000 -0.000000 1.000000
vn 0.000000 -0.000000 1.000000
vn 0.000000 -0.000000 1.000000
vn 0.000000 -0.000000 1.000000
vn 0.000000 -0.000000 1.000000
vn 0.000000 -0.000000 1.000000
vn 0.000000 -0.000000 1.000000
vn 0.000000 -0.000000 1.000000
vn 0.000000 -0.000000 1.000000
vn 0.000000 -0.000000 1.000000
vn 0.000000 -0.000000 1.000000
vn 0.000000 -0.000000 1.000000
vn 0.000000 -0.000000 1.000000
vn 0.000000 -0.000000 1.000000
vn 0.000000 -0.000000 1.000000
vn 0.000000 -0.000000 1.000000
vn 0.000000 -0.000000 1.000000
vn 0.000000 -0.000000 1.000000
vn 0.000000 -0.000000 1.000000
vn 0.000000 -0.000000 1.000000
vn 0.000000 -0.000000 1.000000
vn 0.000000 -0.000000 1.000000
vn 0.000000 -0.000000 1.000000
vn 0.000000 -0.000000 1.000000
vn 0.000000 -0.000000 1.000000
vn 0.000000 -0.000000 1.000000
vn 0.000000 -0.000000 1.000000
vn 0.000000 -0.000000 1.000000
vn 0.000000 -0.000000 1.000000
vn 0.000000 -0.000000 1.000000
vn 0.000000 -0.000000 1.000000
vn 0.000000 -0.000000 1.000000
vn 0.000000 -0.000000 1.000000
vn 0.000000 -0.000000 1.000000
vn 0.000000 -0.000000 1.000000
vn 0.000000 -0.000000 1.000000
vn 0.000000 -0.000000 1.000000
vn 0.000000 -0.000000 1.000000
vn 0.000000 -0.000000 1.000000
vn 0.000000 -0.000000 1.000000
vn 0.000000 -0.000000 1.000000
vn 0.000000 -0.000000 1.000000
vn 0.000000 -0.000000 1.000000
vn 0.000000 -0.000000 1.000000
vn 0.000000 -0.000000 1.000000
vn 0.000000 -0.000000 1.000000
vn 0.000000 -0.000000 1.000000
vn 0.000000 -0.000000 1.000000
vn 0.000000 -0.000000 1.000000
vn 0.000000 -0.000000 1.000000
vn 0.000000 -0.000000 1.000000
vn 0.000000 0.000000 -1.000000
vn 0.000000 0.000000 -1.000000
vn 0.000000 0.000000 -1.000000
vn 0.000000 0.000000 -1.000000
vn 0.000000 0.000000 -1.000000
vn 0.000000 0.000000 -1.000000
vn 0.000000 0.000000 -1.000000
vn 0.000000 0.000000 -1.000000
vn 0.000000 0.000000 -1.000000
vn 0.000000 0.000000 -1.000000
vn 0.000000 0.000000 -1.000000
vn 0.000000 0.000000 -1.000000
vn 0.000000 0.000000 -1.000000
vn 0.000000 0.000000 -1.000000
vn 0.000000 0.000000 -1.000000
vn 0.000000 0.000000 -1.000000
vn 0.000000 0.000000 -1.000000
vn 0.000000 0.000000 -1.000000
vn 0.000000 0.000000 -1.000000
vn 0.000000 0.000000 -1.000000
vn 0.000000 0.000000 -1.000000
vn 0.000000 0.000000 -1.000000
vn 0.000000 0.000000 -1.000000
vn 0.000000 0.000000 -1.000000
vn 0.000000 0.000000 -1.000000
vn 0.000000 0.000000 -1.000000
vn 0.000000 0.000000 -1.000000
vn 0.000000 0.000000 -1.000000
vn 0.000000 0.000000 -1.000000
vn 0.000000 0.000000 -1.000000
vn 0.000000 0.000000 -1.000000
vn 0.000000 0.000000 -1.000000
vn 0.000000 0.000000 -1.000000
vn 0.000000 0.000000 -1.000000
vn 0.000000 0.000000 -1.000000
vn 0.000000 0.000000 -1.000000
vn 0.000000 0.000000 -1.000000
vn 0.000000 0.000000 -1.000000
vn 0.000000 0.000000 -1.000000
vn 0.000000 0.000000 -1.000000
vn 0.000000 0.000000 -1.000000
vn 0.000000 0.000000 -1.000000
vn 0.000000 0.000000 -1.000000
vn 0.000000 0.000000 -1.000000
vn 0.000000 0.000000 -1.000000
vn 0.000000 0.000000 -1.000000
vn 0.000000 0.000000 -1.000000
vn 0.000000 0.000000 -1.000000
vn 0.000000 0.000000 -1.000000
vn 0.000000 0.000000 -1.000000
vn 0.000000 0.000000 -1.000000
vn 0.000000 0.000000 -1.000000
vn 0.000000 0.000000 -1.000000
vn 0.000000 0.000000 -1.000000
vn 0.000000 0.000000 -1.000000
vn 0.000000 0.000000 -1.000000
vn 0.000000 0.000000 -1.000000
vn 0.000000 0.000000 -1.000000
vn 0.000000 0.000000 -1.000000
vn 0.000000 0.000000 -1.000000
vn 0.000000 0.000000 -1.000000
vn 0.000000 0.000000 -1.000000
vn 0.000000 0.000000 -1.000000
vn 0.000000 0.000000 -1.000000
vn 0.000000 0.000000 -1.000000
vn 0.000000 0.000000 -1.000000
vn 0.000000 0.000000 -1.000000
vn 0.000000 0.000000 -1.000000
vn 0.000000 0.000000 -1.000000
vn 0.000000 0.000000 -1.000000
vn 0.000000 0.000000 -1.000000
vn 0.000000 0.000000 -1.000000
vn 0.000000 0.000000 -1.000000
vn 0.000000 0.000000 -1.000000
vn 0.000000 0.000000 -1.000000
vn 0.000000 0.000000 -1.000000
vn 0.000000 0.000000 -1.000000
vn 0.000000 0.000000 -1.000000
vn 0.000000 0.000000 -1.000000
vn 0.000000 0.000000 -1.000000
vn 0.000000 0.000000 -1.000000
vn 0.000000 0.000000 -1.000000
vn 0.000000 0.000000 -1.000000
vn 0.000000 0.000000 -1.000000
vn 0.000000 0.000000 -1.000000
vn 0.000000 0.000000 -1.000000
vn 0.000000 0.000000 -1.000000
vn 0.000000 0.000000 -1.000000
vn 0.000000 0.000000 -1.000000
vn 0.000000 0.000000 -1.000000
vn 0.000000 0.000000 -1.000000
vn 0.000000 0.000000 -1.000000
vn 0.000000 0.000000 -1.000000
vn 0.000000 0.000000 -1.000000
vn 0.000000 0.000000 -1.000000
vn 0.000000 0.000000 -1.000000
vn 0.000000 0.000000 -1.000000
vn 0.000000 0.000000 -1.000000
vn 0.000000 0.000000 -1.000000
vn 0.000000 0.000000 -1.000000
vn 0.000000 0.000000 -1.000000
vn 0.000000 0.000000 -1.000000
vn 0.000000 0.000000 -1.000000
vn 0.000000 0.000000 -1.000000
vn 0.000000 0.000000 -1.000000
vn 0.000000 0.000000 -1.000000
vn 0.000000 0.000000 -1.000000
vn 0.000000 0.000000 -1.000000
vn 0.000000 0.000000 -1.000000
vn 0.000000 0.000000 -1.000000
vn 0.000000 0.000000 -1.000000
vn 0.000000 0.000000 -1.000000
vn 0.000000 0.000000 -1.000000
vn 0.000000 0.000000 -1.000000
vn 0.000000 0.000000 -1.000000
vn 0.000000 0.000000 -1.000000
vn 0.000000 0.000000 -1.000000
vn 0.000000 0.000000 -1.000000
vn 0.000000 0.000000 -1.000000
vn 0.000000 0.000000 -1.000000
vn 0.000000 0.000000 -1.000000
vn 0.000000 0.000000 -1.000000
vn 0.000000 0.000000 -1.000000
vn 0.000000 0.000000 -1.000000
vn 0.000000 0.000000 -1.000000
vn 0.000000 0.000000 -1.000000
vn 0.000000 0.000000 -1.000000
vn 0.000000 0.000000 -1.000000
vn 0.000000 0.000000 -1.000000
vn 0.000000 0.000000 -1.000000
vn 0.000000 0.000000 -1.000000
vn 0.000000 0.000000 -1.000000
vn 0.000000 0.000000 -1.000000
vn 0.000000 0.000000 -1.000000
vn 0.000000 0.000000 -1.000000
vn 0.000000 0.000000 -1.000000
vn 0.000000 0.000000 -1.000000
vn 0.000000 0.000000 -1.000000
vn 0.000000 0.000000 -1.000000
vn 0.000000 0.000000 -1.000000
vn 0.000000 0.000000 -1.000000
vn 0.000000 0.000000 -1.000000
vn 0.000000 0.000000 -1.000000
vn 0.000000 0.000000 -1.000000
vn 0.000000 0.000000 -1.000000
vn 0.000000 0.000000 -1.000000
vn 0.000000 0.000000 -1.000000
vn 0.000000 0.000000 -1.000000
vn 0.000000 0.000000 -1.000000
vn 0.000000 0.000000 -1.000000
vn 0.000000 0.000000 -1.000000
vn 0.000000 0.000000 -1.000000
vn 0.000000 0.000000 -1.000000
vn 0.000000 0.000000 -1.000000
vn 0.000000 0.000000 -1.000000
vn 0.000000 0.000000 -1.000000
vn 0.000000 0.000000 -1.000000
vn 0.000000 0.000000 -1.000000
vn 0.000000 0.000000 -1.000000
vn 0.000000 0.000000 -1.000000
vn 0.000000 0.000000 -1.000000
vn 0.000000 0.000000 -1.000000
vn 0.000000 0.000000 -1.000000
vn 0.000000 0.000000 -1.000000
vn 0.000000 0.000000 -1.000000
vn 0.000000 0.000000 -1.000000
vn 0.000000 0.000000 -1.000000
vn 0.000000 0.000000 -1.000000
vn 0.000000 0.000000 -1.000000
vn 0.000000 0.000000 -1.000000
vn 0.000000 0.000000 -1.000000
vn 0.000000 0.000000 -1.000000
vn 0.000000 0.000000 -1.000000
vn 0.000000 0.000000 -1.000000
vn 0.000000 0.000000 -1.000000
vn 0.000000 0.000000 -1.000000
vn 0.000000 0.000000 -1.000000
vn 0.000000 0.000000 -1.000000
vn 0.000000 0.000000 -1.000000
vn 0.000000 0.000000 -1.000000
vn 0.000000 0.000000 -1.000000
vn 0.000000 0.000000 -1.000000
vn 0.000000 0.000000 -1.000000
vn 0.000000 0.000000 -1.000000
vn 0.000000 0.000000 -1.000000
vn 0.000000 0.000000 -1.000000
vn 0.000000 0.000000 -1.000000
vn 0.000000 0.000000 -1.000000
vn 0.000000 0.000000 -1.000000
vn 0.000000 0.000000 -1.000000
vn 0.000000 0.000000 -1.000000
vn 0.000000 0.000000 -1.000000
vn 0.000000 0.000000 -1.000000
vn 0.000000 0.000000 -1.000000
vn 0.000000 0.000000 -1.000000
vn 0.000000 0.000000 -1.000000
vn 0.000000 0.000000 -1.000000
vn 0.000000 0.000000 -1.000000
vn 0.000000 0.000000 -1.000000
vn 0.000000 0.000000 -1.000000
vn 0.000000 0.000000 -1.000000
vn 0.000000 0.000000 -1.000000
vn 0.000000 0.000000 -1.000000
vn 0.000000 0.000000 -1.000000
vn 0.000000 0.000000 -1.000000
vn 0.000000 0.000000 -1.000000
vn 0.000000 0.000000 -1.000000
vn 0.000000 0.000000 -1.000000
vn 0.000000 0.000000 -1.000000
vn 0.000000 0.000000 -1.000000
vn 0.000000 0.000000 -1.000000
vn 0.000000 0.000000 -1.000000
vn 0.000000 0.000000 -1.000000
vn 0.000000 0.000000 -1.000000
vn 0.000000 0.000000 -1.000000
vn 0.000000 0.000000 -1.000000
vn 0.000000 0.000000 -1.000000
vn 0.000000 0.000000 -1.000000
vn 0.000000 0.000000 -1.000000
vn 0.000000 0.000000 -1.000000
vn 0.000000 0.000000 -1.000000
vn 0.000000 0.000000 -1.000000
vn 0.000000 0.000000 -1.000000
vn 0.000000 0.000000 -1.000000
vn 0.000000 0.000000 -1.000000
vn 0.000000 0.000000 -1.000000
vn 0.000000 0.000000 -1.000000
vn 0.000000 0.000000 -1.000000
vn 0.000000 0.000000 -1.000000
vn 0.000000 0.000000 -1.000000
vn 0.000000 0.000000 -1.000000
vn 0.000000 0.000000 -1.000000
vn 0.000000 0.000000 -1.000000
vn 0.000000 0.000000 -1.000000
vn 0.000000 0.000000 -1.000000
vn 0.000000 0.000000 -1.000000
vn 0.000000 0.000000 -1.000000
vn 0.000000 0.000000 -1.000000
vn 0.000000 0.000000 -1.000000
vn 0.000000 0.000000 -1.000000
vn 0.000000 0.000000 -1.000000
vn 0.000000 0.000000 -1.000000
vn 0.000000 0.000000 -1.000000
vn 0.000000 0.000000 -1.000000
vn 0.000000 0.000000 -1.000000
vn 0.000000 0.000000 -1.000000
vn 0.000000 0.000000 -1.000000
vn 0.000000 0.000000 -1.000000
vn 0.000000 0.000000 -1.000000
vn 0.000000 0.000000 -1.000000
vn 0.000000 0.000000 -1.000000
vn 0.000000 0.000000 -1.000000
vn 0.000000 0.000000 -1.000000
vn 0.000000 0.000000 -1.000000
vn 0.000000 0.000000 -1.000000
vn 0.000000 0.000000 -1.000000
vn 0.000000 0.000000 -1.000000
vn 0.000000 0.000000 -1.000000
vn 0.000000 0.000000 -1.000000
vn 0.000000 0.000000 -1.000000
vn 0.000000 0.000000 -1.000000
vn 0.000000 0.000000 -1.000000
vn 0.000000 0.000000 -1.000000
vn 0.000000 0.000000 -1.000000
vn 0.000000 0.000000 -1.000000
vn 0.000000 0.000000 -1.000000
vn 0.000000 0.000000 -1.000000
vn 0.000000 0.000000 -1.000000
vn 0.000000 0.000000 -1.000000
vn 0.000000 0.000000 -1.000000
vn 0.000000 0.000000 -1.000000
vn 0.000000 0.000000 -1.000000
vn 0.000000 0.000000 -1.000000
vn 0.000000 0.000000 -1.000000
vn 0.000000 0.000000 -1.000000
vn 0.000000 0.000000 -1.000000
vn 0.000000 0.000000 -1.000000
vn 0.000000 0.000000 -1.000000
vn 0.000000 0.000000 -1.000000
vn 0.000000 0.000000 -1.000000
vn 0.000000 0.000000 -1.000000
vn 0.000000 0.000000 -1.000000
vn 0.000000 0.000000 -1.000000
vn 0.000000 0.000000 -1.000000
vn 0.000000 0.000000 -1.000000
vn 0.000000 0.000000 -1.000000
vn 0.000000 0.000000 -1.000000
vn 0.000000 0.000000 -1.000000
vn 0.000000 0.000000 -1.000000
vn 0.000000 0.000000 -1.000000
vn 0.000000 0.000000 -1.000000
vn 0.000000 0.000000 -1.000000
vn 0.000000 0.000000 -1.000000
vn 0.000000 0.000000 -1.000000
vn 0.000000 0.000000 -1.000000
vn 0.000000 0.000000 -1.000000
vn 0.000000 0.000000 -1.000000
vn 0.000000 0.000000 -1.000000
vn 0.000000 0.000000 -1.000000
vn 0.000000 0.000000 -1.000000
vn 0.000000 0.000000 -1.000000
vn 0.000000 0.000000 -1.000000
vn 0.000000 0.000000 -1.000000
vn 0.000000 0.000000 -1.000000
vn 0.000000 0.000000 -1.000000
vn 0.000000 0.000000 -1.000000
vn 0.000000 0.000000 -1.000000
vn 0.000000 0.000000 -1.000000
vn 0.000000 0.000000 -1.000000
vn 0.000000 0.000000 -1.000000
vn 0.000000 0.000000 -1.000000
vn 0.000000 0.000000 -1.000000
vn 0.000000 0.000000 -1.000000
vn 0.000000 0.000000 -1.000000
vn 0.000000 0.000000 -1.000000
vn 0.000000 0.000000 -1.000000
vn 0.000000 0.000000 -1.000000
vn 0.000000 0.000000 -1.000000
vn 0.000000 0.000000 -1.000000
vn 0.000000 0.000000 -1.000000
vn 0.000000 0.000000 -1.000000
vn 0.000000 0.000000 -1.000000
vn 0.000000 0.000000 -1.000000
vn 0.000000 0.000000 -1.000000
vn 0.000000 0.000000 -1.000000
vn 0.000000 0.000000 -1.000000
vn 0.000000 0.000000 -1.000000
vn 0.000000 0.000000 -1.000000
vn 0.000000 0.000000 -1.000000
vn 0.000000 0.000000 -1.000000
vn 0.000000 0.000000 -1.000000
vn 0.000000 0.000000 -1.000000
vn 0.000000 0.000000 -1.000000
vn 0.000000 0.000000 -1.000000
vn 0.000000 0.000000 -1.000000
vn 0.000000 0.000000 -1.000000
vn 0.000000 0.000000 -1.000000
vn 0.000000 0.000000 -1.000000
vn 0.000000 0.000000 -1.000000
vn 0.000000 0.000000 -1.000000
vn 0.000000 0.000000 -1.000000
vn 0.000000 0.000000 -1.000000
vn 0.000000 0.000000 -1.000000
vn 0.000000 0.000000 -1.000000
vn 0.000000 0.000000 -1.000000
vn 0.000000 0.000000 -1.000000
vn 0.000000 0.000000 -1.000000
vn 0.000000 0.000000 -1.000000
vn 0.000000 0.000000 -1.000000
vn 0.000000 0.000000 -1.000000
vn 0.000000 0.000000 -1.000000
vn 0.000000 0.000000 -1.000000
vn 0.000000 0.000000 -1.000000
vn 0.000000 0.000000 -1.000000
vn 0.000000 0.000000 -1.000000
vn 0.000000 0.000000 -1.000000
vn 0.000000 0.000000 -1.000000
vn 0.000000 0.000000 -1.000000
vn 0.000000 0.000000 -1.000000
vn 0.000000 0.000000 -1.000000
vn 0.000000 0.000000 -1.000000
vn 0.000000 0.000000 -1.000000
vn 0.000000 0.000000 -1.000000
vn 0.000000 0.000000 -1.000000
vn 0.000000 0.000000 -1.000000
vn 0.000000 0.000000 -1.000000
vn 0.000000 0.000000 -1.000000
vn 0.000000 0.000000 -1.000000
vn 0.000000 0.000000 -1.000000
vn 0.000000 0.000000 -1.000000
vn 0.000000 0.000000 -1.000000
vn 0.000000 0.000000 -1.000000
vn 0.000000 0.000000 -1.000000
vn 0.000000 0.000000 -1.000000
vn 0.000000 0.000000 -1.000000
vn 0.000000 0.000000 -1.000000
vn 0.000000 0.000000 -1.000000
vn 0.000000 0.000000 -1.000000
vn 0.000000 0.000000 -1.000000
vn 0.000000 0.000000 -1.000000
vn 0.000000 0.000000 -1.000000
vn 0.000000 0.000000 -1.000000
vn 0.000000 0.000000 -1.000000
vn 0.000000 0.000000 -1.000000
vn 0.000000 0.000000 -1.000000
vn 0.000000 0.000000 -1.000000
vn 0.000000 0.000000 -1.000000
vn 0.000000 0.000000 -1.000000
vn 0.000000 0.000000 -1.000000
vn 0.000000 0.000000 -1.000000
vn 0.000000 0.000000 -1.000000
vn 0.000000 0.000000 -1.000000
vn 0.000000 0.000000 -1.000000
vn 0.000000 0.000000 -1.000000
vn 0.000000 0.000000 -1.000000
vn 0.000000 0.000000 -1.000000
vn 0.000000 0.000000 -1.000000
vn 0.000000 0.000000 -1.000000
vn 0.000000 0.000000 -1.000000
vn 0.000000 0.000000 -1.000000
vn 0.000000 0.000000 -1.000000
vn 0.000000 0.000000 -1.000000
vn 0.000000 0.000000 -1.000000
vn 0.000000 0.000000 -1.000000
vn 0.000000 0.000000 -1.000000
vn 0.000000 0.000000 -1.000000
vn 0.000000 0.000000 -1.000000
vn 0.000000 0.000000 -1.000000
vn 0.000000 0.000000 -1.000000
vn 0.000000 0.000000 -1.000000
vn 0.000000 0.000000 -1.000000
vn 0.000000 0.000000 -1.000000
vn 0.000000 0.000000 -1.000000
vn 0.000000 0.000000 -1.000000
vn 0.000000 0.000000 -1.000000
vn 0.000000 0.000000 -1.000000
vn 0.000000 0.000000 -1.000000
vn 0.000000 0.000000 -1.000000
vn 0.000000 0.000000 -1.000000
vn 0.000000 0.000000 -1.000000
vn 0.000000 0.000000 -1.000000
vn 0.000000 0.000000 -1.000000
vn 0.000000 0.000000 -1.000000
vn 0.000000 0.000000 -1.000000
vn 0.000000 0.000000 -1.000000
vn 0.000000 0.000000 -1.000000
vn 0.000000 0.000000 -1.000000
vn 0.000000 0.000000 -1.000000
vn 0.000000 0.000000 -1.000000
vn 0.000000 0.000000 -1.000000
vn 0.000000 0.000000 -1.000000
vn 0.000000 0.000000 -1.000000
vn 0.000000 0.000000 -1.000000
vn 0.000000 0.000000 -1.000000
vn 0.000000 0.000000 -1.000000
vn 0.000000 0.000000 -1.000000
vn 0.000000 0.000000 -1.000000
vn 0.000000 0.000000 -1.000000
vn 0.000000 0.000000 -1.000000
vn 0.000000 0.000000 -1.000000
vn 0.000000 0.000000 -1.000000
vn 0.000000 0.000000 -1.000000
vn 0.000000 0.000000 -1.000000
vn 0.000000 0.000000 -1.000000
vn 0.000000 0.000000 -1.000000
vn 0.000000 0.000000 -1.000000
vn 0.000000 0.000000 -1.000000
vn 0.000000 0.000000 -1.000000
vn 0.000000 0.000000 -1.000000
vn 0.000000 0.000000 -1.000000
vn 0.000000 0.000000 -1.000000
vn 0.000000 0.000000 -1.000000
vn 0.000000 0.000000 -1.000000
vn 0.000000 0.000000 -1.000000
vn 0.000000 0.000000 -1.000000
vn 0.000000 0.000000 -1.000000
vn 0.000000 0.000000 -1.000000
vn 0.000000 0.000000 -1.000000
vn 0.000000 0.000000 -1.000000
vn 0.000000 0.000000 -1.000000
vn 0.000000 0.000000 -1.000000
vn 0.000000 0.000000 -1.000000
vn 0.000000 0.000000 -1.000000
vn 0.000000 0.000000 -1.000000
vn 0.000000 0.000000 -1.000000
vn 0.000000 0.000000 -1.000000
vn 0.000000 0.000000 -1.000000
vn 0.000000 0.000000 -1.000000
vn 0.000000 0.000000 -1.000000
vn 0.000000 0.000000 -1.000000
vn 0.000000 0.000000 -1.000000
vn 0.000000 0.000000 -1.000000
vn 0.000000 0.000000 -1.000000
vn 0.000000 0.000000 -1.000000
vn 0.000000 0.000000 -1.000000
vn 0.000000 0.000000 -1.000000
vn 0.000000 0.000000 -1.000000
vn 0.000000 0.000000 -1.000000
vn 0.000000 0.000000 -1.000000
vn 0.000000 0.000000 -1.000000
vn 0.000000 0.000000 -1.000000
vn 0.000000 0.000000 -1.000000
vn 0.000000 0.000000 -1.000000
vn 0.000000 0.000000 -1.000000
vn 0.000000 0.000000 -1.000000
vn 0.000000 0.000000 -1.000000
vn 0.000000 0.000000 -1.000000
vn 0.000000 0.000000 -1.000000
vn 0.000000 0.000000 -1.000000
vn 0.000000 0.000000 -1.000000
vn 0.000000 0.000000 -1.000000
vn 0.000000 0.000000 -1.000000
vn 0.000000 0.000000 -1.000000
vn 0.000000 0.000000 -1.000000
vn 0.000000 0.000000 -1.000000
vn 0.000000 0.000000 -1.000000
vn 0.000000 0.000000 -1.000000
vn 0.000000 0.000000 -1.000000
vn 0.000000 0.000000 -1.000000
vn 0.000000 0.000000 -1.000000
vn 0.000000 0.000000 -1.000000
vn 0.000000 0.000000 -1.000000
vn 0.000000 0.000000 -1.000000
vn 0.000000 0.000000 -1.000000
vn 0.000000 0.000000 -1.000000
vn 0.000000 0.000000 -1.000000
vn 0.000000 0.000000 -1.000000
vn 0.000000 0.000000 -1.000000
vn 0.000000 0.000000 -1.000000
vn 0.000000 0.000000 -1.000000
vn 0.000000 0.000000 -1.000000
vn 0.000000 0.000000 -1.000000
vn 0.000000 0.000000 -1.000000
vn 0.000000 0.000000 -1.000000
vn 0.000000 0.000000 -1.000000
vn 0.000000 0.000000 -1.000000
vn 0.000000 0.000000 -1.000000
vn 0.000000 0.000000 -1.000000
vn 0.000000 0.000000 -1.000000
vn 0.000000 0.000000 -1.000000
vn 0.000000 0.000000 -1.000000
vn 0.000000 0.000000 -1.000000
vn 0.000000 0.000000 -1.000000
vn 0.000000 0.000000 -1.000000
vn 0.000000 0.000000 -1.000000
vn 0.000000 0.000000 -1.000000
vn 0.000000 0.000000 -1.000000
vn 0.000000 0.000000 -1.000000
vn 0.000000 0.000000 -1.000000
vn 0.000000 0.000000 -1.000000
vn 0.000000 0.000000 -1.000000
vn 0.000000 0.000000 -1.000000
vn 0.000000 0.000000 -1.000000
vn 0.000000 0.000000 -1.000000
vn 0.000000 0.000000 -1.000000
vn 0.000000 0.000000 -1.000000
vn 0.000000 0.000000 -1.000000
vn 0.000000 0.000000 -1.000000
vn 0.000000 0.000000 -1.000000
vn 0.000000 0.000000 -1.000000
vn 0.000000 0.000000 -1.000000
vn 0.000000 0.000000 -1.000000
vn 0.000000 0.000000 -1.000000
vn 0.000000 0.000000 -1.000000
vn 0.000000 0.000000 -1.000000
vn 0.000000 0.000000 -1.000000
vn 0.000000 0.000000 -1.000000
vn 0.000000 0.000000 -1.000000
vn 0.000000 0.000000 -1.000000
vn 0.000000 0.000000 -1.000000
vn 0.000000 0.000000 -1.000000
vn 0.000000 0.000000 -1.000000
vn 0.000000 0.000000 -1.000000
vn 0.000000 0.000000 -1.000000
vn 0.000000 0.000000 -1.000000
vn 0.000000 0.000000 -1.000000
vn 0.000000 0.000000 -1.000000
vn 0.000000 0.000000 -1.000000
vn 0.000000 0.000000 -1.000000
vn 0.000000 0.000000 -1.000000
vn 0.000000 0.000000 -1.000000
vn 0.000000 0.000000 -1.000000
vn 0.000000 0.000000 -1.000000
vn 0.000000 0.000000 -1.000000
vn 0.000000 0.000000 -1.000000
vn 0.000000 0.000000 -1.000000
vn 0.000000 0.000000 -1.000000
vn 0.000000 0.000000 -1.000000
vn 0.000000 0.000000 -1.000000
vn 0.000000 0.000000 -1.000000
vn 0.000000 0.000000 -1.000000
vn 0.000000 0.000000 -1.000000
vn 0.000000 0.000000 -1.000000
vn 0.000000 0.000000 -1.000000
vn 0.000000 0.000000 -1.000000
vn 0.000000 0.000000 -1.000000
vn 0.000000 0.000000 -1.000000
vn 0.000000 0.000000 -1.000000
vn 0.000000 0.000000 -1.000000
vn 0.000000 0.000000 -1.000000
vn 0.000000 0.000000 -1.000000
vn 0.000000 0.000000 -1.000000
vn 0.000000 0.000000 -1.000000
vn 0.000000 0.000000 -1.000000
vn 0.000000 0.000000 -1.000000
vn 0.000000 0.000000 -1.000000
vn 0.000000 0.000000 -1.000000
vn 0.000000 0.000000 -1.000000
vn 0.000000 0.000000 -1.000000
vn 0.000000 0.000000 -1.000000
vn 0.000000 0.000000 -1.000000
vn 0.000000 0.000000 -1.000000
vn 0.000000 0.000000 -1.000000
vn 0.000000 0.000000 -1.000000
vn 0.000000 0.000000 -1.000000
vn 0.000000 0.000000 -1.000000
vn 0.000000 0.000000 -1.000000
vn 0.000000 0.000000 -1.000000
vn 0.000000 0.000000 -1.000000
vn 0.000000 0.000000 -1.000000
vn 0.000000 0.000000 -1.000000
vn 0.000000 0.000000 -1.000000
vn 0.000000 0.000000 -1.000000
vn 0.000000 0.000000 -1.000000
vn 0.000000 0.000000 -1.000000
vn 0.000000 0.000000 -1.000000
vn 0.000000 0.000000 -1.000000
vn 0.000000 0.000000 -1.000000
vn 0.000000 0.000000 -1.000000
vn 0.000000 0.000000 -1.000000
vn 0.000000 0.000000 -1.000000
vn 0.000000 0.000000 -1.000000
vn 0.000000 0.000000 -1.000000
vn 0.000000 0.000000 -1.000000
vn 0.000000 0.000000 -1.000000
vn 0.000000 0.000000 -1.000000
vn 0.000000 0.000000 -1.000000
vn 0.000000 0.000000 -1.000000
vn 0.000000 0.000000 -1.000000
vn 0.000000 0.000000 -1.000000
vn 0.000000 0.000000 -1.000000
vn 0.000000 0.000000 -1.000000
vn 0.000000 0.000000 -1.000000
vn 0.000000 0.000000 -1.000000
vn 0.000000 0.000000 -1.000000
vn 0.000000 0.000000 -1.000000
vn 0.000000 0.000000 -1.000000
vn 0.000000 0.000000 -1.000000
vn 0.000000 0.000000 -1.000000
vn 0.000000 0.000000 -1.000000
vn 0.000000 0.000000 -1.000000
vn 0.000000 0.000000 -1.000000
vn 0.000000 0.000000 -1.000000
vn 0.000000 0.000000 -1.000000
vn 0.000000 0.000000 -1.000000
vn 0.000000 0.000000 -1.000000
vn 0.000000 0.000000 -1.000000
vn 0.000000 0.000000 -1.000000
vn 0.000000 0.000000 -1.000000
vn 0.000000 0.000000 -1.000000
vn 0.000000 0.000000 -1.000000
vn 0.000000 0.000000 -1.000000
vn 0.000000 0.000000 -1.000000
vn 0.000000 0.000000 -1.000000
vn 0.000000 0.000000 -1.000000
vn 0.000000 0.000000 -1.000000
vn 0.000000 0.000000 -1.000000
vn 0.000000 0.000000 -1.000000
vn 0.000000 0.000000 -1.000000
vn 0.000000 0.000000 -1.000000
vn 0.000000 0.000000 -1.000000
vn 0.000000 0.000000 -1.000000
vn 0.000000 0.000000 -1.000000
vn 0.000000 0.000000 -1.000000
vn 0.000000 0.000000 -1.000000
vn 0.000000 0.000000 -1.000000
vn 0.000000 0.000000 -1.000000
vn 0.000000 0.000000 -1.000000
vn 0.000000 0.000000 -1.000000
vn 0.000000 0.000000 -1.000000
vn 0.000000 0.000000 -1.000000
vn 0.000000 0.000000 -1.000000
vn 0.000000 0.000000 -1.000000
vn 0.000000 0.000000 -1.000000
vn 0.000000 0.000000 -1.000000
vn 0.000000 0.000000 -1.000000
vn 0.000000 0.000000 -1.000000
vn 0.000000 0.000000 -1.000000
vn 0.000000 0.000000 -1.000000
vn 0.000000 0.000000 -1.000000
vn 0.000000 0.000000 -1.000000
vn 0.000000 0.000000 -1.000000
vn 0.000000 0.000000 -1.000000
vn 0.000000 0.000000 -1.000000
vn -0.786366 0.617761 0.000000
vn -0.609621 0.792693 0.000000
vn -0.371309 0.928509 0.000000
vn -0.116815 0.993154 0.000000
vn 0.000000 1.000000 0.000000
vn 0.090479 0.995898 0.000000
vn 0.283458 0.958985 0.000000
vn 0.474367 0.880327 0.000000
vn 0.638599 0.769540 0.000000
vn 0.769279 0.638913 0.000000
vn 0.880503 0.474041 0.000000
vn 0.958950 0.283574 0.000000
vn 0.995891 0.090557 0.000000
vn 1.000000 0.000000 -0.000000
vn 0.995891 -0.090557 -0.000000
vn 0.958950 -0.283574 -0.000000
vn 0.880354 -0.474317 -0.000000
vn 0.769279 -0.638913 -0.000000
vn 0.639015 -0.769194 -0.000000
vn 0.474367 -0.880327 -0.000000
vn 0.283458 -0.958985 -0.000000
vn 0.090472 -0.995899 -0.000000
vn 0.000000 -1.000000 -0.000000
vn -0.090479 -0.995898 -0.000000
vn -0.283458 -0.958985 -0.000000
vn -0.474367 -0.880327 -0.000000
vn -0.638976 -0.769227 -0.000000
vn -0.769279 -0.638913 -0.000000
vn -0.880354 -0.474317 -0.000000
vn -0.958973 -0.283498 -0.000000
vn -0.995891 -0.090557 -0.000000
vn -1.000000 0.000000 -0.000000
vn -0.993594 -0.113009 -0.000000
vn -0.923095 -0.384571 -0.000000
vn -0.746330 -0.665576 -0.000000
vn -0.496270 -0.868169 -0.000000
vn -0.210665 -0.977558 -0.000000
vn 0.249092 -0.968480 -0.000000
vn 0.692855 -0.721077 -0.000000
vn 0.903352 -0.428899 -0.000000
vn 0.838044 -0.545603 -0.000000
vn 0.786235 -0.617928 -0.000000
vn 0.609855 -0.792513 -0.000000
vn 0.371309 -0.928509 -0.000000
vn 0.116815 -0.993154 -0.000000
vn 0.000000 -1.000000 -0.000000
vn -0.116810 -0.993154 -0.000000
vn -0.371309 -0.928509 -0.000000
vn -0.609855 -0.792513 -0.000000
vn -0.786235 -0.617928 -0.000000
vn -0.834730 -0.550659 -0.000000
vn -0.903352 -0.428899 -0.000000
vn -0.692855 -0.721077 -0.000000
vn -0.249092 -0.968480 -0.000000
vn 0.210665 -0.977558 -0.000000
vn 0.496270 -0.868169 -0.000000
vn 0.746250 -0.665666 -0.000000
vn 0.923095 -0.384571 -0.000000
vn 0.993594 -0.113009 -0.000000
vn 1.000000 0.000000 -0.000000
vn 0.995891 -0.090557 -0.000000
vn 0.958973 -0.283498 -0.000000
vn 0.880354 -0.474317 -0.000000
vn 0.769279 -0.638913 -0.000000
vn 0.639015 -0.769194 -0.000000
vn 0.474367 -0.880327 -0.000000
vn 0.283458 -0.958985 -0.000000
vn 0.090472 -0.995899 -0.000000
vn 0.000000 -1.000000 -0.000000
vn -0.090479 -0.995898 -0.000000
vn -0.283458 -0.958985 -0.000000
vn -0.474367 -0.880327 -0.000000
vn -0.638976 -0.769227 -0.000000
vn -0.769279 -0.638913 -0.000000
vn -0.880354 -0.474317 -0.000000
vn -0.958973 -0.283498 -0.000000
vn -0.995891 -0.090557 -0.000000
vn -1.000000 0.000000 -0.000000
vn -0.995891 0.090557 0.000000
vn -0.958973 0.283498 0.000000
vn -0.880503 0.474041 0.000000
vn -0.769279 0.638913 0.000000
vn -0.638638 0.769507 0.000000
vn -0.474367 0.880327 0.000000
vn -0.283458 0.958985 0.000000
vn -0.090472 0.995899 0.000000
vn 0.000000 1.000000 0.000000
vn 0.116815 0.993154 0.000000
vn 0.371309 0.928509 0.000000
vn 0.609621 0.792693 0.000000
vn 0.786366 0.617761 0.000000
vn 0.834641 0.550795 0.000000
vn 0.658270 0.752782 0.000000
vn 0.530159 0.847898 0.000000
vn 0.350751 0.936469 0.000000
vn 0.124361 0.992237 0.000000
vn -0.132534 0.991179 0.000000
vn -0.418625 0.908159 0.000000
vn -0.672796 0.739828 0.000000
vn -0.840987 0.541055 0.000000
vn -0.834641 0.550795 0.000000
vn -0.135767 -0.990741 -0.000000
vn -0.453089 -0.891465 -0.000000
vn -0.743418 -0.668827 -0.000000
vn -0.914359 -0.404904 -0.000000
vn -0.955584 -0.294718 -0.000000
vn -0.854847 -0.518881 -0.000000
vn -0.725127 -0.688616 -0.000000
vn -0.496438 -0.868072 -0.000000
vn -0.170788 -0.985308 -0.000000
vn 0.000000 -1.000000 -0.000000
vn 0.170788 -0.985308 -0.000000
vn 0.496411 -0.868088 -0.000000
vn 0.725099 -0.688645 -0.000000
vn 0.854888 -0.518813 -0.000000
vn 0.955584 -0.294717 -0.000000
vn 0.914359 -0.404904 -0.000000
vn 0.743407 -0.668839 -0.000000
vn 0.453080 -0.891470 -0.000000
vn 0.135772 -0.990740 -0.000000
vn 0.000000 -1.000000 -0.000000
vn -0.077489 -0.996993 -0.000000
vn -0.259811 -0.965660 -0.000000
vn -0.468752 -0.883330 -0.000000
vn -0.672113 -0.740448 -0.000000
vn -0.856155 -0.516720 -0.000000
vn -0.973741 -0.227660 -0.000000
vn -0.999759 0.021959 0.000000
vn -0.978737 0.205120 0.000000
vn -0.952146 0.305644 0.000000
vn -0.914359 0.404904 0.000000
vn -0.743256 0.669007 0.000000
vn -0.453089 0.891465 0.000000
vn -0.135767 0.990741 0.000000
vn 0.000000 1.000000 0.000000
vn 0.135767 0.990741 0.000000
vn 0.453080 0.891470 0.000000
vn 0.743256 0.669007 0.000000
vn 0.914359 0.404904 0.000000
vn 0.951735 0.306920 0.000000
vn 0.924702 0.380691 0.000000
vn 0.967086 0.254451 0.000000
vn 0.989931 0.141553 0.000000
vn 0.999058 0.043397 0.000000
vn 0.985087 -0.172056 -0.000000
vn 0.806435 -0.591322 -0.000000
vn 0.440705 -0.897652 -0.000000
vn 0.116104 -0.993237 -0.000000
vn 0.000000 -1.000000 -0.000000
vn 0.998868 -0.047558 -0.000000
vn 0.948635 0.316373 0.000000
vn 0.633261 0.773938 0.000000
vn 0.174263 0.984699 0.000000
vn 0.000000 1.000000 0.000000
vn -0.148745 0.988876 0.000000
vn -0.600033 0.799976 0.000000
vn -0.966210 0.257758 0.000000
vn -0.982324 -0.187189 -0.000000
vn -0.955841 -0.293885 -0.000000
vn -0.952037 -0.305982 -0.000000
vn -0.876284 -0.481795 -0.000000
vn -0.677820 -0.735228 -0.000000
vn -0.258349 -0.966052 -0.000000
vn 0.258349 -0.966052 -0.000000
vn 0.677820 -0.735228 -0.000000
vn 0.876284 -0.481795 -0.000000
vn 0.952052 -0.305935 -0.000000
vn 0.956639 -0.291275 -0.000000
vn -0.120745 -0.992683 -0.000000
vn -0.399302 -0.916819 -0.000000
vn -0.669000 -0.743263 -0.000000
vn -0.856225 -0.516603 -0.000000
vn -0.909065 -0.416654 -0.000000
vn -0.841223 -0.540688 -0.000000
vn -0.672371 -0.740215 -0.000000
vn -0.419329 -0.907834 -0.000000
vn -0.131734 -0.991285 -0.000000
vn 0.000000 -1.000000 -0.000000
vn 0.141131 -0.989991 -0.000000
vn 0.514326 -0.857595 -0.000000
vn 0.857474 -0.514527 -0.000000
vn 0.989949 -0.141427 -0.000000
vn 1.000000 0.000000 -0.000000
vn 0.995891 -0.090557 -0.000000
vn 0.958962 -0.283536 -0.000000
vn 0.880354 -0.474317 -0.000000
vn 0.769299 -0.638889 -0.000000
vn 0.639015 -0.769194 -0.000000
vn 0.474367 -0.880327 -0.000000
vn 0.283447 -0.958988 -0.000000
vn 0.090475 -0.995899 -0.000000
vn 0.000000 -1.000000 -0.000000
vn -0.090475 -0.995899 -0.000000
vn -0.283447 -0.958988 -0.000000
vn -0.474367 -0.880327 -0.000000
vn -0.639015 -0.769194 -0.000000
vn -0.769279 -0.638913 -0.000000
vn -0.880354 -0.474317 -0.000000
vn -0.958962 -0.283536 -0.000000
vn -0.995895 -0.090518 -0.000000
vn -1.000000 0.000000 -0.000000
vn -0.995891 0.090557 0.000000
vn -0.958962 0.283536 0.000000
vn -0.880503 0.474041 0.000000
vn -0.769299 0.638889 0.000000
vn -0.638638 0.769507 0.000000
vn -0.474367 0.880327 0.000000
vn -0.283447 0.958988 0.000000
vn -0.090475 0.995899 0.000000
vn 0.000000 1.000000 0.000000
vn 0.053691 0.998558 0.000000
vn 0.169072 0.985604 0.000000
vn 0.291763 0.956491 0.000000
vn 0.416175 0.909285 0.000000
vn 0.535332 0.844642 0.000000
vn 0.648980 0.760806 0.000000
vn 0.751838 0.659348 0.000000
vn 0.837505 0.546430 0.000000
vn 0.904285 0.426928 0.000000
vn 0.953757 0.300578 0.000000
vn 0.984614 0.174743 0.000000
vn 0.998451 0.055647 0.000000
vn 0.997777 -0.066644 -0.000000
vn 0.977230 -0.212182 -0.000000
vn 0.930111 -0.367280 -0.000000
vn 0.854333 -0.519726 -0.000000
vn 0.754872 -0.655872 -0.000000
vn 0.632778 -0.774334 -0.000000
vn 0.495554 -0.868577 -0.000000
vn 0.355971 -0.934497 -0.000000
vn 0.132528 -0.991179 -0.000000
vn 0.418625 -0.908159 -0.000000
vn 0.672796 -0.739828 -0.000000
vn 0.841008 -0.541022 -0.000000
vn 0.936285 -0.351241 -0.000000
vn 0.992295 -0.123895 -0.000000
vn 0.992272 0.124081 0.000000
vn 0.936285 0.351241 0.000000
vn 0.899925 0.436046 0.000000
vn 0.906115 0.423032 0.000000
vn 0.933346 0.358977 0.000000
vn 0.964811 0.262944 0.000000
vn 0.993883 0.110436 0.000000
vn 0.981241 -0.192784 -0.000000
vn 0.771492 -0.636239 -0.000000
vn 0.399865 -0.916574 -0.000000
vn 0.103314 -0.994649 -0.000000
vn 0.000000 -1.000000 -0.000000
vn 0.141131 -0.989991 -0.000000
vn 0.514326 -0.857595 -0.000000
vn 0.857474 -0.514527 -0.000000
vn 0.989949 -0.141427 -0.000000
vn 1.000000 0.000000 -0.000000
vn 0.989949 0.141427 0.000000
vn 0.857474 0.514527 0.000000
vn 0.514326 0.857595 0.000000
vn 0.141131 0.989991 0.000000
vn 0.000000 1.000000 0.000000
vn -0.077725 0.996975 0.000000
vn -0.251838 0.967770 0.000000
vn -0.439238 0.898371 0.000000
vn -0.616908 0.787035 0.000000
vn -0.766559 0.642173 0.000000
vn -0.887117 0.461544 0.000000
vn -0.963928 0.266162 0.000000
vn -0.996612 0.082241 0.000000
vn -0.996622 -0.082124 -0.000000
vn -0.964244 -0.265016 -0.000000
vn -0.888763 -0.458367 -0.000000
vn -0.770989 -0.636848 -0.000000
vn -0.623587 -0.781754 -0.000000
vn -0.445351 -0.895356 -0.000000
vn -0.256015 -0.966673 -0.000000
vn -0.079051 -0.996871 -0.000000
vn 0.000000 -1.000000 -0.000000
vn 0.995893 -0.090538 -0.000000
vn 0.958913 -0.283699 -0.000000
vn 0.880508 -0.474031 -0.000000
vn 0.769261 -0.638934 -0.000000
vn 0.639024 -0.769187 -0.000000
vn 0.473850 -0.880606 -0.000000
vn 0.283450 -0.958987 -0.000000
vn 0.091102 -0.995842 -0.000000
vn 0.000000 -1.000000 -0.000000
vn 0.141134 -0.989991 -0.000000
vn 0.514326 -0.857595 -0.000000
vn 0.857469 -0.514536 -0.000000
vn 0.989950 -0.141417 -0.000000
vn 1.000000 0.000000 -0.000000
vn 0.989950 0.141417 0.000000
vn 0.857469 0.514536 0.000000
vn 0.514326 0.857595 0.000000
vn 0.141812 0.989894 0.000000
vn 0.000000 1.000000 0.000000
vn 0.090475 0.995899 0.000000
vn 0.283453 0.958986 0.000000
vn 0.473853 0.880604 0.000000
vn 0.639020 0.769190 0.000000
vn 0.769259 0.638937 0.000000
vn 0.880507 0.474033 0.000000
vn 0.958911 0.283706 0.000000
vn 0.995893 0.090538 0.000000
vn 1.000000 0.000000 -0.000000
vn 0.995893 -0.090538 -0.000000
vn 0.958964 -0.283526 -0.000000
vn 0.880507 -0.474033 -0.000000
vn 0.769259 -0.638937 -0.000000
vn 0.638643 -0.769503 -0.000000
vn 0.474367 -0.880327 -0.000000
vn 0.283453 -0.958986 -0.000000
vn 0.090475 -0.995899 -0.000000
vn 0.000000 -1.000000 -0.000000
vn 0.141812 -0.989894 -0.000000
vn 0.514326 -0.857595 -0.000000
vn 0.857469 -0.514536 -0.000000
vn 0.989950 -0.141417 -0.000000
vn 1.000000 0.000000 -0.000000
vn 0.989950 0.141417 0.000000
vn 0.857691 0.514166 0.000000
vn 0.514326 0.857595 0.000000
vn 0.141134 0.989991 0.000000
vn 0.000000 1.000000 0.000000
vn 0.090475 0.995899 0.000000
vn 0.284058 0.958807 0.000000
vn 0.473850 0.880606 0.000000
vn 0.639024 0.769187 0.000000
vn 0.769261 0.638935 0.000000
vn 0.880508 0.474031 0.000000
vn 0.958913 0.283699 0.000000
vn 0.995893 0.090538 0.000000
vn 1.000000 0.000000 -0.000000
vn 0.995893 -0.090538 -0.000000
vn 0.958966 -0.283520 -0.000000
vn 0.880359 -0.474308 -0.000000
vn 0.769261 -0.638934 -0.000000
vn 0.639024 -0.769187 -0.000000
vn 0.474363 -0.880329 -0.000000
vn 0.283450 -0.958987 -0.000000
vn 0.090475 -0.995899 -0.000000
vn 0.000000 -1.000000 -0.000000
vn -0.090475 -0.995899 -0.000000
vn -0.283453 -0.958986 -0.000000
vn -0.474367 -0.880327 -0.000000
vn -0.639025 -0.769186 -0.000000
vn -0.769259 -0.638937 -0.000000
vn -0.880354 -0.474317 -0.000000
vn -0.958967 -0.283517 -0.000000
vn -0.995893 -0.090538 -0.000000
vn -1.000000 0.000000 -0.000000
vn -0.995893 0.090538 0.000000
vn -0.958967 0.283517 0.000000
vn -0.880503 0.474041 0.000000
vn -0.769259 0.638937 0.000000
vn -0.638648 0.769499 0.000000
vn -0.474367 0.880327 0.000000
vn -0.283453 0.958986 0.000000
vn -0.090475 0.995899 0.000000
vn 0.000000 1.000000 0.000000
vn 0.090475 0.995899 0.000000
vn 0.283450 0.958987 0.000000
vn 0.474363 0.880329 0.000000
vn 0.638646 0.769501 0.000000
vn 0.769261 0.638935 0.000000
vn 0.880508 0.474031 0.000000
vn 0.958967 0.283519 0.000000
vn 0.995893 0.090538 0.000000
vn 1.000000 0.000000 -0.000000
vn -0.050618 -0.998718 -0.000000
vn -0.159986 -0.987119 -0.000000
vn -0.277850 -0.960625 -0.000000
vn -0.399369 -0.916790 -0.000000
vn -0.516704 -0.856164 -0.000000
vn -0.629813 -0.776747 -0.000000
vn -0.735127 -0.677929 -0.000000
vn -0.825326 -0.564656 -0.000000
vn -0.897265 -0.441492 -0.000000
vn -0.950664 -0.310221 -0.000000
vn -0.983714 -0.179739 -0.000000
vn -0.998374 -0.056996 -0.000000
vn -1.000000 0.000000 -0.000000
vn -0.998374 0.056998 0.000000
vn -0.983716 0.179731 0.000000
vn -0.950664 0.310221 0.000000
vn -0.897255 0.441512 0.000000
vn -0.825005 0.565126 0.000000
vn -0.733673 0.679503 0.000000
vn -0.626704 0.779257 0.000000
vn -0.511571 0.859241 0.000000
vn -0.393700 0.919239 0.000000
vn -0.273463 0.961883 0.000000
vn -0.157356 0.987542 0.000000
vn -0.049781 0.998760 0.000000
vn 0.048648 0.998816 0.000000
vn 0.153459 0.988155 0.000000
vn 0.266135 0.963936 0.000000
vn 0.382835 0.923817 0.000000
vn 0.498071 0.867136 0.000000
vn 0.612661 0.790346 0.000000
vn 0.720794 0.693150 0.000000
vn 0.814722 0.579852 0.000000
vn 0.890187 0.455595 0.000000
vn 0.946801 0.321821 0.000000
vn 0.982321 0.187204 0.000000
vn 0.998228 0.059510 0.000000
vn 0.995891 -0.090557 -0.000000
vn 0.958914 -0.283697 -0.000000
vn 0.880512 -0.474024 -0.000000
vn 0.769259 -0.638937 -0.000000
vn 0.639015 -0.769194 -0.000000
vn 0.473853 -0.880604 -0.000000
vn 0.284060 -0.958807 -0.000000
vn 0.090475 -0.995899 -0.000000
vn 0.054271 -0.998526 -0.000000
vn -0.129920 -0.991524 -0.000000
vn -0.481864 -0.876246 -0.000000
vn -0.836741 -0.547600 -0.000000
vn -0.988072 -0.153994 -0.000000
vn -0.996712 -0.081025 -0.000000
vn -0.965014 -0.262199 -0.000000
vn -0.890403 -0.455174 -0.000000
vn -0.772677 -0.634800 -0.000000
vn -0.622885 -0.782313 -0.000000
vn -0.441793 -0.897117 -0.000000
vn -0.252160 -0.967686 -0.000000
vn -0.077444 -0.996997 -0.000000
vn 0.077361 -0.997003 -0.000000
vn 0.251308 -0.967907 -0.000000
vn 0.439372 -0.898305 -0.000000
vn 0.618690 -0.785636 -0.000000
vn 0.768419 -0.639947 -0.000000
vn 0.887869 -0.460097 -0.000000
vn 0.964100 -0.265540 -0.000000
vn 0.996622 -0.082129 -0.000000
vn 1.000000 0.000000 -0.000000
vn 0.996515 0.083419 0.000000
vn 0.963239 0.268645 0.000000
vn 0.886282 0.463146 0.000000
vn 0.767401 0.641167 0.000000
vn 0.618690 0.785636 0.000000
vn 0.439372 0.898305 0.000000
vn 0.251308 0.967907 0.000000
vn 0.077361 0.997003 0.000000
vn -0.076398 0.997077 0.000000
vn -0.248841 0.968544 0.000000
vn -0.436844 0.899538 0.000000
vn -0.617552 0.786530 0.000000
vn -0.769140 0.639080 0.000000
vn -0.889103 0.457707 0.000000
vn -0.964763 0.263121 0.000000
vn -0.996705 0.081114 0.000000
vn -0.988072 0.153994 0.000000
vn -0.836741 0.547600 0.000000
vn -0.481864 0.876246 0.000000
vn -0.129920 0.991524 0.000000
vn 0.043443 0.999056 0.000000
vn 0.077904 0.996961 0.000000
vn 0.245770 0.969328 0.000000
vn 0.418907 0.908029 0.000000
vn 0.579663 0.814856 0.000000
vn 0.714510 0.699625 0.000000
vn 0.838958 0.544196 0.000000
vn 0.940300 0.340348 0.000000
vn 0.993690 0.112162 0.000000
vn 0.998277 -0.058669 -0.000000
vn 0.982771 -0.184826 -0.000000
vn 0.947960 -0.318389 -0.000000
vn 0.892124 -0.451791 -0.000000
vn 0.817205 -0.576347 -0.000000
vn 0.723328 -0.690505 -0.000000
vn 0.614604 -0.788836 -0.000000
vn 0.498849 -0.866689 -0.000000
vn 0.382794 -0.923834 -0.000000
vn 0.266178 -0.963924 -0.000000
vn 0.153415 -0.988162 -0.000000
vn 0.048648 -0.998816 -0.000000
vn -0.995891 0.090557 0.000000
vn -0.958962 0.283536 0.000000
vn -0.880503 0.474041 0.000000
vn -0.769259 0.638937 0.000000
vn -0.638657 0.769491 0.000000
vn -0.474367 0.880327 0.000000
vn -0.283447 0.958988 0.000000
vn -0.090475 0.995899 0.000000
vn 0.000000 1.000000 0.000000
vn 0.090475 0.995899 0.000000
vn 0.283458 0.958985 0.000000
vn 0.474367 0.880327 0.000000
vn 0.638638 0.769507 0.000000
vn 0.769259 0.638937 0.000000
vn 0.880503 0.474041 0.000000
vn 0.958962 0.283536 0.000000
vn 0.995895 0.090518 0.000000
vn 1.000000 0.000000 -0.000000
vn 0.995891 -0.090557 -0.000000
vn 0.958962 -0.283536 -0.000000
vn 0.880354 -0.474317 -0.000000
vn 0.769279 -0.638913 -0.000000
vn 0.639015 -0.769194 -0.000000
vn 0.474367 -0.880327 -0.000000
vn 0.283458 -0.958985 -0.000000
vn 0.090475 -0.995899 -0.000000
vn 0.000000 -1.000000 -0.000000
vn -0.090475 -0.995899 -0.000000
vn -0.283447 -0.958988 -0.000000
vn -0.474367 -0.880327 -0.000000
vn -0.639035 -0.769178 -0.000000
vn -0.769259 -0.638937 -0.000000
vn -0.880354 -0.474317 -0.000000
vn -0.958962 -0.283536 -0.000000
vn -0.995891 -0.090557 -0.000000
vn -1.000000 0.000000 -0.000000
vn -0.989949 -0.141427 -0.000000
vn -0.857474 -0.514527 -0.000000
vn -0.514349 -0.857581 -0.000000
vn -0.141815 -0.989893 -0.000000
vn 0.000000 -1.000000 -0.000000
vn 0.141809 -0.989894 -0.000000
vn 0.514326 -0.857595 -0.000000
vn 0.857474 -0.514527 -0.000000
vn 0.989949 -0.141427 -0.000000
vn 1.000000 0.000000 -0.000000
vn 0.995891 -0.090557 -0.000000
vn 0.958962 -0.283536 -0.000000
vn 0.880354 -0.474317 -0.000000
vn 0.769279 -0.638913 -0.000000
vn 0.639015 -0.769194 -0.000000
vn 0.474367 -0.880327 -0.000000
vn 0.283458 -0.958985 -0.000000
vn 0.090475 -0.995899 -0.000000
vn 0.000000 -1.000000 -0.000000
vn -0.090475 -0.995899 -0.000000
vn -0.283453 -0.958986 -0.000000
vn -0.474367 -0.880327 -0.000000
vn -0.639025 -0.769186 -0.000000
vn -0.769269 -0.638925 -0.000000
vn -0.880354 -0.474317 -0.000000
vn -0.958962 -0.283536 -0.000000
vn -0.995893 -0.090538 -0.000000
vn -1.000000 0.000000 -0.000000
vn -0.995893 0.090538 0.000000
vn -0.958962 0.283536 0.000000
vn -0.880503 0.474041 0.000000
vn -0.769269 0.638925 0.000000
vn -0.638648 0.769499 0.000000
vn -0.474367 0.880327 0.000000
vn -0.283453 0.958986 0.000000
vn -0.090475 0.995899 0.000000
vn 0.000000 1.000000 0.000000
vn 0.090475 0.995899 0.000000
vn 0.283458 0.958985 0.000000
vn 0.474367 0.880327 0.000000
vn 0.638638 0.769507 0.000000
vn 0.769259 0.638937 0.000000
vn 0.880503 0.474041 0.000000
vn 0.958962 0.283536 0.000000
vn 0.995895 0.090518 0.000000
vn 1.000000 0.000000 -0.000000
vn 0.989949 0.141427 0.000000
vn 0.857474 0.514527 0.000000
vn 0.514326 0.857595 0.000000
vn 0.141809 0.989894 0.000000
vn 0.000000 1.000000 0.000000
vn -0.141815 0.989893 0.000000
vn -0.514349 0.857581 0.000000
vn -0.857474 0.514527 0.000000
vn -0.989949 0.141427 0.000000
vn -1.000000 0.000000 -0.000000
vn -0.135767 -0.990741 -0.000000
vn -0.453080 -0.891470 -0.000000
vn -0.743407 -0.668839 -0.000000
vn -0.914359 -0.404904 -0.000000
vn -0.955584 -0.294717 -0.000000
vn -0.854847 -0.518881 -0.000000
vn -0.725154 -0.688586 -0.000000
vn -0.496411 -0.868088 -0.000000
vn -0.170788 -0.985308 -0.000000
vn 0.000000 -1.000000 -0.000000
vn 0.170799 -0.985306 -0.000000
vn 0.496438 -0.868072 -0.000000
vn 0.725127 -0.688616 -0.000000
vn 0.854826 -0.518915 -0.000000
vn 0.955585 -0.294717 -0.000000
vn 0.914352 -0.404921 -0.000000
vn 0.743418 -0.668827 -0.000000
vn 0.453089 -0.891465 -0.000000
vn 0.135767 -0.990741 -0.000000
vn 0.000000 -1.000000 -0.000000
vn -0.077492 -0.996993 -0.000000
vn -0.259811 -0.965660 -0.000000
vn -0.468769 -0.883321 -0.000000
vn -0.672093 -0.740467 -0.000000
vn -0.856118 -0.516781 -0.000000
vn -0.973741 -0.227660 -0.000000
vn -0.999759 0.021959 0.000000
vn -0.978725 0.205174 0.000000
vn -0.952146 0.305644 0.000000
vn -0.914359 0.404904 0.000000
vn -0.743256 0.669007 0.000000
vn -0.453080 0.891470 0.000000
vn -0.135767 0.990741 0.000000
vn 0.000000 1.000000 0.000000
vn 0.135767 0.990741 0.000000
vn 0.453080 0.891470 0.000000
vn 0.743267 0.668995 0.000000
vn 0.914359 0.404904 0.000000
vn 0.951735 0.306920 0.000000
vn 0.924644 0.380833 0.000000
vn 0.967105 0.254378 0.000000
vn 0.989941 0.141482 0.000000
vn 0.999058 0.043397 0.000000
vn 0.985087 -0.172056 -0.000000
vn 0.806449 -0.591304 -0.000000
vn 0.440715 -0.897647 -0.000000
vn 0.116104 -0.993237 -0.000000
vn 0.000000 -1.000000 -0.000000
vn 0.998868 -0.047558 -0.000000
vn 0.948635 0.316373 0.000000
vn 0.633261 0.773938 0.000000
vn 0.174263 0.984699 0.000000
vn 0.000000 1.000000 0.000000
vn -0.148740 0.988876 0.000000
vn -0.600033 0.799976 0.000000
vn -0.966222 0.257712 0.000000
vn -0.982330 -0.187155 -0.000000
vn -0.955841 -0.293885 -0.000000
vn -0.952037 -0.305982 -0.000000
vn -0.876284 -0.481795 -0.000000
vn -0.677820 -0.735228 -0.000000
vn -0.258349 -0.966052 -0.000000
vn 0.258349 -0.966052 -0.000000
vn 0.677820 -0.735228 -0.000000
vn 0.876284 -0.481795 -0.000000
vn 0.952037 -0.305982 -0.000000
vn 0.956639 -0.291275 -0.000000
vn -0.090479 -0.995898 -0.000000
vn -0.283458 -0.958985 -0.000000
vn -0.474367 -0.880327 -0.000000
vn -0.638976 -0.769227 -0.000000
vn -0.769279 -0.638913 -0.000000
vn -0.880354 -0.474317 -0.000000
vn -0.958973 -0.283498 -0.000000
vn -0.995891 -0.090557 -0.000000
vn -1.000000 0.000000 -0.000000
vn -0.995891 0.090557 0.000000
vn -0.958973 0.283498 0.000000
vn -0.880503 0.474041 0.000000
vn -0.769279 0.638913 0.000000
vn -0.638638 0.769507 0.000000
vn -0.474367 0.880327 0.000000
vn -0.283458 0.958985 0.000000
vn -0.090472 0.995899 0.000000
vn 0.000000 1.000000 0.000000
vn 0.090479 0.995898 0.000000
vn 0.283458 0.958985 0.000000
vn 0.474367 0.880327 0.000000
vn 0.638599 0.769540 0.000000
vn 0.769279 0.638913 0.000000
vn 0.880503 0.474041 0.000000
vn 0.958973 0.283498 0.000000
vn 0.995891 0.090557 0.000000
vn 1.000000 0.000000 -0.000000
vn 0.989955 0.141385 0.000000
vn 0.857696 0.514157 0.000000
vn 0.514326 0.857595 0.000000
vn 0.141131 0.989991 0.000000
vn 0.000000 1.000000 0.000000
vn 0.090479 0.995898 0.000000
vn 0.284066 0.958805 0.000000
vn 0.473853 0.880604 0.000000
vn 0.638976 0.769227 0.000000
vn 0.769279 0.638913 0.000000
vn 0.880503 0.474041 0.000000
vn 0.958920 0.283678 0.000000
vn 0.995891 0.090557 0.000000
vn 1.000000 0.000000 -0.000000
vn 0.995891 -0.090557 -0.000000
vn 0.958973 -0.283498 -0.000000
vn 0.880354 -0.474317 -0.000000
vn 0.769279 -0.638913 -0.000000
vn 0.639015 -0.769194 -0.000000
vn 0.474367 -0.880327 -0.000000
vn 0.283458 -0.958985 -0.000000
vn 0.090472 -0.995899 -0.000000
vn 0.000000 -1.000000 -0.000000
vn 0.000000 -0.000000 1.000000
vn 0.000000 0.000000 -1.000000
vn 0.000000 1.000000 0.000000
vn 0.928477 0.371391 0.000000
vn 0.485643 0.874157 0.000000
vn 0.406139 -0.913811 -0.000000
vn 0.961524 -0.274721 -0.000000
vn 0.351124 -0.936329 -0.000000
vn 1.000000 0.000000 -0.000000
vn 0.338719 0.940887 0.000000
vn 0.000000 -1.000000 -0.000000
vn -0.732794 0.680451 0.000000
vn -0.998752 -0.049938 -0.000000
vn -0.993884 0.110431 0.000000
vn 0.000000 -0.000000 1.000000
vn 0.000000 0.000000 -1.000000
vn -0.861934 0.507020 0.000000
vn 0.422886 0.906183 0.000000
vn -0.045408 0.998969 0.000000
vn -0.464007 0.885832 0.000000
vn 0.870563 0.492057 0.000000
vn -0.012345 -0.999924 -0.000000
vn 0.000000 0.000000 -1.000000
vn 0.000000 -0.000000 1.000000
vn -0.995185 -0.098017 -0.000000
vn -0.956941 -0.290284 -0.000000
vn -0.881921 -0.471397 -0.000000
vn -0.773012 -0.634392 -0.000000
vn -0.634390 -0.773013 -0.000000
vn -0.471394 -0.881923 -0.000000
vn -0.290290 -0.956939 -0.000000
vn -0.098017 -0.995185 -0.000000
vn 0.098017 -0.995185 -0.000000
vn 0.290290 -0.956939 -0.000000
vn 0.471394 -0.881923 -0.000000
vn 0.634390 -0.773013 -0.000000
vn 0.773012 -0.634391 -0.000000
vn 0.881921 -0.471398 -0.000000
vn 0.956941 -0.290284 -0.000000
vn 0.995185 -0.098017 -0.000000
vn 0.995185 0.098017 0.000000
vn 0.956941 0.290284 0.000000
vn 0.881921 0.471398 0.000000
vn 0.773012 0.634391 0.000000
vn 0.634390 0.773013 0.000000
vn 0.471403 0.881918 0.000000
vn 0.290280 0.956942 0.000000
vn 0.098017 0.995185 0.000000
vn -0.098017 0.995185 0.000000
vn -0.290280 0.956942 0.000000
vn -0.471403 0.881918 0.000000
vn -0.634390 0.773013 0.000000
vn -0.773012 0.634392 0.000000
vn -0.881921 0.471397 0.000000
vn -0.956941 0.290284 0.000000
vn -0.995185 0.098017 0.000000
vn 0.000000 0.000000 -1.000000
vn 0.000000 -0.000000 1.000000
vn -0.995185 -0.098018 -0.000000
vn -0.956941 -0.290283 -0.000000
vn -0.881922 -0.471396 -0.000000
vn -0.773008 -0.634396 -0.000000
vn -0.634397 -0.773008 -0.000000
vn -0.471399 -0.881920 -0.000000
vn -0.290278 -0.956942 -0.000000
vn -0.098024 -0.995184 -0.000000
vn 0.098024 -0.995184 -0.000000
vn 0.290278 -0.956942 -0.000000
vn 0.471399 -0.881920 -0.000000
vn 0.634397 -0.773008 -0.000000
vn 0.773009 -0.634395 -0.000000
vn 0.881922 -0.471396 -0.000000
vn 0.956941 -0.290284 -0.000000
vn 0.995185 -0.098018 -0.000000
vn 0.995185 0.098017 0.000000
vn 0.956941 0.290284 0.000000
vn 0.881919 0.471401 0.000000
vn 0.773014 0.634389 0.000000
vn 0.634389 0.773014 0.000000
vn 0.471399 0.881920 0.000000
vn 0.290290 0.956939 0.000000
vn 0.098011 0.995185 0.000000
vn -0.098011 0.995185 0.000000
vn -0.290290 0.956939 0.000000
vn -0.471399 0.881920 0.000000
vn -0.634389 0.773014 0.000000
vn -0.773013 0.634390 0.000000
vn -0.881919 0.471401 0.000000
vn -0.956941 0.290283 0.000000
vn -0.995185 0.098017 0.000000
vn 0.000000 0.000000 -1.000000
vn 0.000000 -0.000000 1.000000
vn -0.995185 -0.098019 -0.000000
vn -0.956940 -0.290286 -0.000000
vn -0.881922 -0.471396 -0.000000
vn -0.773014 -0.634389 -0.000000
vn -0.634390 -0.773013 -0.000000
vn -0.471397 -0.881921 -0.000000
vn -0.290286 -0.956940 -0.000000
vn -0.098023 -0.995184 -0.000000
vn 0.098023 -0.995184 -0.000000
vn 0.290285 -0.956940 -0.000000
vn 0.471399 -0.881920 -0.000000
vn 0.634390 -0.773013 -0.000000
vn 0.773013 -0.634390 -0.000000
vn 0.881921 -0.471397 -0.000000
vn 0.956940 -0.290284 -0.000000
vn 0.995185 -0.098017 -0.000000
vn 0.995185 0.098016 0.000000
vn 0.956940 0.290284 0.000000
vn 0.881921 0.471397 0.000000
vn 0.773007 0.634398 0.000000
vn 0.634400 0.773005 0.000000
vn 0.471399 0.881920 0.000000
vn 0.290270 0.956945 0.000000
vn 0.098023 0.995184 0.000000
vn -0.098023 0.995184 0.000000
vn -0.290271 0.956945 0.000000
vn -0.471397 0.881921 0.000000
vn -0.634400 0.773005 0.000000
vn -0.773008 0.634397 0.000000
vn -0.881922 0.471396 0.000000
vn -0.956940 0.290286 0.000000
vn -0.995185 0.098018 0.000000
vn 0.000000 0.000000 -1.000000
vn 0.000000 -0.000000 1.000000
vn 0.274721 0.961524 0.000000
vn -0.961524 0.274721 0.000000
vn -0.274721 -0.961524 -0.000000
vn 0.961524 -0.274721 -0.000000
vn -0.316225 0.948684 0.000000
vn -0.238788 0.971072 0.000000
vn -0.150803 0.988564 0.000000
vn -0.052557 0.998618 0.000000
vn 0.000000 1.000000 0.000000
vn 0.090540 0.995893 0.000000
vn 0.283627 0.958935 0.000000
vn 0.474092 0.880476 0.000000
vn 0.638899 0.769290 0.000000
vn 0.769287 0.638904 0.000000
vn 0.880474 0.474095 0.000000
vn 0.958935 0.283624 0.000000
vn 0.995893 0.090535 0.000000
vn 1.000000 0.000000 -0.000000
vn 0.995893 -0.090536 -0.000000
vn 0.958935 -0.283626 -0.000000
vn 0.880472 -0.474099 -0.000000
vn 0.769289 -0.638901 -0.000000
vn 0.638899 -0.769291 -0.000000
vn 0.474100 -0.880471 -0.000000
vn 0.283629 -0.958934 -0.000000
vn 0.090536 -0.995893 -0.000000
vn 0.000000 -1.000000 -0.000000
vn -0.090536 -0.995893 -0.000000
vn -0.283629 -0.958934 -0.000000
vn -0.474100 -0.880471 -0.000000
vn -0.638904 -0.769287 -0.000000
vn -0.769289 -0.638901 -0.000000
vn -0.880472 -0.474099 -0.000000
vn -0.958935 -0.283626 -0.000000
vn -0.995893 -0.090541 -0.000000
vn -1.000000 0.000000 -0.000000
vn -0.991779 -0.127963 -0.000000
vn -0.924012 -0.382363 -0.000000
vn -0.803555 -0.595231 -0.000000
vn -0.666008 -0.745945 -0.000000
vn -0.510528 -0.859861 -0.000000
vn -0.270754 -0.962649 -0.000000
vn 0.031212 -0.999513 -0.000000
vn 0.325092 -0.945683 -0.000000
vn 0.296099 -0.955157 -0.000000
vn 0.380781 -0.924665 -0.000000
vn 0.254485 -0.967077 -0.000000
vn 0.141417 -0.989950 -0.000000
vn 0.043464 -0.999055 -0.000000
vn -0.097907 -0.995196 -0.000000
vn -0.311050 -0.950394 -0.000000
vn -0.522155 -0.852850 -0.000000
vn -0.698723 -0.715392 -0.000000
vn -0.829589 -0.558374 -0.000000
vn -0.923079 -0.384609 -0.000000
vn -0.976524 -0.215411 -0.000000
vn -0.997842 -0.065654 -0.000000
vn -0.998969 -0.045408 -0.000000
vn -0.994207 0.107486 0.000000
vn -0.932567 0.360998 0.000000
vn -0.780871 0.624692 0.000000
vn -0.561501 0.827476 0.000000
vn -0.447214 0.894427 0.000000
vn -0.074494 -0.997221 -0.000000
vn -0.243983 -0.969780 -0.000000
vn -0.431199 -0.902257 -0.000000
vn -0.613941 -0.789352 -0.000000
vn -0.768769 -0.639527 -0.000000
vn -0.890087 -0.455790 -0.000000
vn -0.965445 -0.260606 -0.000000
vn -0.996797 -0.079978 -0.000000
vn -1.000000 0.000000 -0.000000
vn -0.996729 0.080816 0.000000
vn -0.964665 0.263480 0.000000
vn -0.887585 0.460645 0.000000
vn -0.763841 0.645405 0.000000
vn -0.607450 0.794358 0.000000
vn -0.425272 0.905065 0.000000
vn -0.240121 0.970743 0.000000
vn -0.073248 0.997314 0.000000
vn 0.073158 0.997320 0.000000
vn 0.239167 0.970978 0.000000
vn 0.422490 0.906368 0.000000
vn 0.602469 0.798142 0.000000
vn 0.758678 0.651466 0.000000
vn 0.884513 0.466516 0.000000
vn 0.963569 0.267460 0.000000
vn 0.996622 0.082120 0.000000
vn 1.000000 0.000000 -0.000000
vn 0.996692 -0.081269 -0.000000
vn 0.964372 -0.264550 -0.000000
vn 0.887071 -0.461632 -0.000000
vn 0.763667 -0.645611 -0.000000
vn 0.608969 -0.793194 -0.000000
vn 0.428396 -0.903591 -0.000000
vn 0.243016 -0.970022 -0.000000
vn 0.074401 -0.997228 -0.000000
vn -0.076986 0.997032 0.000000
vn -0.250914 0.968009 0.000000
vn -0.440271 0.897865 0.000000
vn -0.621673 0.783277 0.000000
vn -0.774282 0.632841 0.000000
vn -0.893557 0.448951 0.000000
vn -0.966735 0.255780 0.000000
vn -0.996927 0.078339 0.000000
vn -1.000000 0.000000 -0.000000
vn -0.996927 -0.078339 -0.000000
vn -0.966735 -0.255780 -0.000000
vn -0.893556 -0.448951 -0.000000
vn -0.774282 -0.632841 -0.000000
vn -0.621671 -0.783278 -0.000000
vn -0.440272 -0.897865 -0.000000
vn -0.250914 -0.968009 -0.000000
vn -0.076987 -0.997032 -0.000000
vn 0.078466 -0.996917 -0.000000
vn 0.255317 -0.966857 -0.000000
vn 0.446628 -0.894720 -0.000000
vn 0.628098 -0.778134 -0.000000
vn 0.779292 -0.626661 -0.000000
vn 0.896452 -0.443141 -0.000000
vn 0.967749 -0.251918 -0.000000
vn 0.997025 -0.077083 -0.000000
vn 1.000000 0.000000 -0.000000
vn 0.997025 0.077083 0.000000
vn 0.967749 0.251918 0.000000
vn 0.896452 0.443141 0.000000
vn 0.779292 0.626661 0.000000
vn 0.628098 0.778135 0.000000
vn 0.446628 0.894720 0.000000
vn 0.255317 0.966857 0.000000
vn 0.078467 0.996917 0.000000
vn -0.786366 0.617761 0.000000
vn -0.609621 0.792693 0.000000
vn -0.371309 0.928509 0.000000
vn -0.116815 0.993154 0.000000
vn 0.000000 1.000000 0.000000
vn 0.090479 0.995898 0.000000
vn 0.283458 0.958985 0.000000
vn 0.474367 0.880327 0.000000
vn 0.638599 0.769540 0.000000
vn 0.769279 0.638913 0.000000
vn 0.880503 0.474041 0.000000
vn 0.958950 0.283574 0.000000
vn 0.995891 0.090557 0.000000
vn 1.000000 0.000000 -0.000000
vn 0.995891 -0.090557 -0.000000
vn 0.958950 -0.283574 -0.000000
vn 0.880354 -0.474317 -0.000000
vn 0.769279 -0.638913 -0.000000
vn 0.639015 -0.769194 -0.000000
vn 0.474367 -0.880327 -0.000000
vn 0.283458 -0.958985 -0.000000
vn 0.090472 -0.995899 -0.000000
vn 0.000000 -1.000000 -0.000000
vn -0.090479 -0.995898 -0.000000
vn -0.283458 -0.958985 -0.000000
vn -0.474367 -0.880327 -0.000000
vn -0.638976 -0.769227 -0.000000
vn -0.769279 -0.638913 -0.000000
vn -0.880354 -0.474317 -0.000000
vn -0.958973 -0.283498 -0.000000
vn -0.995891 -0.090557 -0.000000
vn -1.000000 0.000000 -0.000000
vn -0.993594 -0.113009 -0.000000
vn -0.923095 -0.384571 -0.000000
vn -0.746330 -0.665576 -0.000000
vn -0.496270 -0.868169 -0.000000
vn -0.210665 -0.977558 -0.000000
vn 0.249092 -0.968480 -0.000000
vn 0.692855 -0.721077 -0.000000
vn 0.903352 -0.428899 -0.000000
vn 0.838044 -0.545603 -0.000000
vn 0.786235 -0.617928 -0.000000
vn 0.609855 -0.792513 -0.000000
vn 0.371309 -0.928509 -0.000000
vn 0.116815 -0.993154 -0.000000
vn 0.000000 -1.000000 -0.000000
vn -0.116810 -0.993154 -0.000000
vn -0.371309 -0.928509 -0.000000
vn -0.609855 -0.792513 -0.000000
vn -0.786235 -0.617928 -0.000000
vn -0.834730 -0.550659 -0.000000
vn -0.903352 -0.428899 -0.000000
vn -0.692855 -0.721077 -0.000000
vn -0.249092 -0.968480 -0.000000
vn 0.210665 -0.977558 -0.000000
vn 0.496270 -0.868169 -0.000000
vn 0.746250 -0.665666 -0.000000
vn 0.923095 -0.384571 -0.000000
vn 0.993594 -0.113009 -0.000000
vn 1.000000 0.000000 -0.000000
vn 0.995891 -0.090557 -0.000000
vn 0.958973 -0.283498 -0.000000
vn 0.880354 -0.474317 -0.000000
vn 0.769279 -0.638913 -0.000000
vn 0.639015 -0.769194 -0.000000
vn 0.474367 -0.880327 -0.000000
vn 0.283458 -0.958985 -0.000000
vn 0.090472 -0.995899 -0.000000
vn 0.000000 -1.000000 -0.000000
vn -0.090479 -0.995898 -0.000000
vn -0.283458 -0.958985 -0.000000
vn -0.474367 -0.880327 -0.000000
vn -0.638976 -0.769227 -0.000000
vn -0.769279 -0.638913 -0.000000
vn -0.880354 -0.474317 -0.000000
vn -0.958973 -0.283498 -0.000000
vn -0.995891 -0.090557 -0.000000
vn -1.000000 0.000000 -0.000000
vn -0.995891 0.090557 0.000000
vn -0.958973 0.283498 0.000000
vn -0.880503 0.474041 0.000000
vn -0.769279 0.638913 0.000000
vn -0.638638 0.769507 0.000000
vn -0.474367 0.880327 0.000000
vn -0.283458 0.958985 0.000000
vn -0.090472 0.995899 0.000000
vn 0.000000 1.000000 0.000000
vn 0.116815 0.993154 0.000000
vn 0.371309 0.928509 0.000000
vn 0.609621 0.792693 0.000000
vn 0.786366 0.617761 0.000000
vn 0.834641 0.550795 0.000000
vn 0.658270 0.752782 0.000000
vn 0.530159 0.847898 0.000000
vn 0.350751 0.936469 0.000000
vn 0.124361 0.992237 0.000000
vn -0.132534 0.991179 0.000000
vn -0.418625 0.908159 0.000000
vn -0.672796 0.739828 0.000000
vn -0.840987 0.541055 0.000000
vn -0.834641 0.550795 0.000000
vn -0.135767 -0.990741 -0.000000
vn -0.453089 -0.891465 -0.000000
vn -0.743418 -0.668827 -0.000000
vn -0.914359 -0.404904 -0.000000
vn -0.955584 -0.294718 -0.000000
vn -0.854847 -0.518881 -0.000000
vn -0.725127 -0.688616 -0.000000
vn -0.496438 -0.868072 -0.000000
vn -0.170788 -0.985308 -0.000000
vn 0.000000 -1.000000 -0.000000
vn 0.170788 -0.985308 -0.000000
vn 0.496411 -0.868088 -0.000000
vn 0.725099 -0.688645 -0.000000
vn 0.854888 -0.518813 -0.000000
vn 0.955584 -0.294717 -0.000000
vn 0.914359 -0.404904 -0.000000
vn 0.743407 -0.668839 -0.000000
vn 0.453080 -0.891470 -0.000000
vn 0.135772 -0.990740 -0.000000
vn 0.000000 -1.000000 -0.000000
vn -0.077489 -0.996993 -0.000000
vn -0.259811 -0.965660 -0.000000
vn -0.468752 -0.883330 -0.000000
vn -0.672113 -0.740448 -0.000000
vn -0.856155 -0.516720 -0.000000
vn -0.973741 -0.227660 -0.000000
vn -0.999759 0.021959 0.000000
vn -0.978737 0.205120 0.000000
vn -0.952146 0.305644 0.000000
vn -0.914359 0.404904 0.000000
vn -0.743256 0.669007 0.000000
vn -0.453089 0.891465 0.000000
vn -0.135767 0.990741 0.000000
vn 0.000000 1.000000 0.000000
vn 0.135767 0.990741 0.000000
vn 0.453080 0.891470 0.000000
vn 0.743256 0.669007 0.000000
vn 0.914359 0.404904 0.000000
vn 0.951735 0.306920 0.000000
vn 0.924702 0.380691 0.000000
vn 0.967086 0.254451 0.000000
vn 0.989931 0.141553 0.000000
vn 0.999058 0.043397 0.000000
vn 0.985087 -0.172056 -0.000000
vn 0.806435 -0.591322 -0.000000
vn 0.440705 -0.897652 -0.000000
vn 0.116104 -0.993237 -0.000000
vn 0.000000 -1.000000 -0.000000
vn 0.998868 -0.047558 -0.000000
vn 0.948635 0.316373 0.000000
vn 0.633261 0.773938 0.000000
vn 0.174263 0.984699 0.000000
vn 0.000000 1.000000 0.000000
vn -0.148745 0.988876 0.000000
vn -0.600033 0.799976 0.000000
vn -0.966210 0.257758 0.000000
vn -0.982324 -0.187189 -0.000000
vn -0.955841 -0.293885 -0.000000
vn -0.952037 -0.305982 -0.000000
vn -0.876284 -0.481795 -0.000000
vn -0.677820 -0.735228 -0.000000
vn -0.258349 -0.966052 -0.000000
vn 0.258349 -0.966052 -0.000000
vn 0.677820 -0.735228 -0.000000
vn 0.876284 -0.481795 -0.000000
vn 0.952052 -0.305935 -0.000000
vn 0.956639 -0.291275 -0.000000
vn -0.120745 -0.992683 -0.000000
vn -0.399302 -0.916819 -0.000000
vn -0.669000 -0.743263 -0.000000
vn -0.856225 -0.516603 -0.000000
vn -0.909065 -0.416654 -0.000000
vn -0.841223 -0.540688 -0.000000
vn -0.672371 -0.740215 -0.000000
vn -0.419329 -0.907834 -0.000000
vn -0.131734 -0.991285 -0.000000
vn 0.000000 -1.000000 -0.000000
vn 0.141131 -0.989991 -0.000000
vn 0.514326 -0.857595 -0.000000
vn 0.857474 -0.514527 -0.000000
vn 0.989949 -0.141427 -0.000000
vn 1.000000 0.000000 -0.000000
vn 0.995891 -0.090557 -0.000000
vn 0.958962 -0.283536 -0.000000
vn 0.880354 -0.474317 -0.000000
vn 0.769299 -0.638889 -0.000000
vn 0.639015 -0.769194 -0.000000
vn 0.474367 -0.880327 -0.000000
vn 0.283447 -0.958988 -0.000000
vn 0.090475 -0.995899 -0.000000
vn 0.000000 -1.000000 -0.000000
vn -0.090475 -0.995899 -0.000000
vn -0.283447 -0.958988 -0.000000
vn -0.474367 -0.880327 -0.000000
vn -0.639015 -0.769194 -0.000000
vn -0.769279 -0.638913 -0.000000
vn -0.880354 -0.474317 -0.000000
vn -0.958962 -0.283536 -0.000000
vn -0.995895 -0.090518 -0.000000
vn -1.000000 0.000000 -0.000000
vn -0.995891 0.090557 0.000000
vn -0.958962 0.283536 0.000000
vn -0.880503 0.474041 0.000000
vn -0.769299 0.638889 0.000000
vn -0.638638 0.769507 0.000000
vn -0.474367 0.880327 0.000000
vn -0.283447 0.958988 0.000000
vn -0.090475 0.995899 0.000000
vn 0.000000 1.000000 0.000000
vn 0.053691 0.998558 0.000000
vn 0.169072 0.985604 0.000000
vn 0.291763 0.956491 0.000000
vn 0.416175 0.909285 0.000000
vn 0.535332 0.844642 0.000000
vn 0.648980 0.760806 0.000000
vn 0.751838 0.659348 0.000000
vn 0.837505 0.546430 0.000000
vn 0.904285 0.426928 0.000000
vn 0.953757 0.300578 0.000000
vn 0.984614 0.174743 0.000000
vn 0.998451 0.055647 0.000000
vn 0.997777 -0.066644 -0.000000
vn 0.977230 -0.212182 -0.000000
vn 0.930111 -0.367280 -0.000000
vn 0.854333 -0.519726 -0.000000
vn 0.754872 -0.655872 -0.000000
vn 0.632778 -0.774334 -0.000000
vn 0.495554 -0.868577 -0.000000
vn 0.355971 -0.934497 -0.000000
vn 0.132528 -0.991179 -0.000000
vn 0.418625 -0.908159 -0.000000
vn 0.672796 -0.739828 -0.000000
vn 0.841008 -0.541022 -0.000000
vn 0.936285 -0.351241 -0.000000
vn 0.992295 -0.123895 -0.000000
vn 0.992272 0.124081 0.000000
vn 0.936285 0.351241 0.000000
vn 0.899925 0.436046 0.000000
vn 0.906115 0.423032 0.000000
vn 0.933346 0.358977 0.000000
vn 0.964811 0.262944 0.000000
vn 0.993883 0.110436 0.000000
vn 0.981241 -0.192784 -0.000000
vn 0.771492 -0.636239 -0.000000
vn 0.399865 -0.916574 -0.000000
vn 0.103314 -0.994649 -0.000000
vn 0.000000 -1.000000 -0.000000
vn 0.141131 -0.989991 -0.000000
vn 0.514326 -0.857595 -0.000000
vn 0.857474 -0.514527 -0.000000
vn 0.989949 -0.141427 -0.000000
vn 1.000000 0.000000 -0.000000
vn 0.989949 0.141427 0.000000
vn 0.857474 0.514527 0.000000
vn 0.514326 0.857595 0.000000
vn 0.141131 0.989991 0.000000
vn 0.000000 1.000000 0.000000
vn -0.077725 0.996975 0.000000
vn -0.251838 0.967770 0.000000
vn -0.439238 0.898371 0.000000
vn -0.616908 0.787035 0.000000
vn -0.766559 0.642173 0.000000
vn -0.887117 0.461544 0.000000
vn -0.963928 0.266162 0.000000
vn -0.996612 0.082241 0.000000
vn -0.996622 -0.082124 -0.000000
vn -0.964244 -0.265016 -0.000000
vn -0.888763 -0.458367 -0.000000
vn -0.770989 -0.636848 -0.000000
vn -0.623587 -0.781754 -0.000000
vn -0.445351 -0.895356 -0.000000
vn -0.256015 -0.966673 -0.000000
vn -0.079051 -0.996871 -0.000000
vn 0.000000 -1.000000 -0.000000
vn 0.995893 -0.090538 -0.000000
vn 0.958913 -0.283699 -0.000000
vn 0.880508 -0.474031 -0.000000
vn 0.769261 -0.638934 -0.000000
vn 0.639024 -0.769187 -0.000000
vn 0.473850 -0.880606 -0.000000
vn 0.283450 -0.958987 -0.000000
vn 0.091102 -0.995842 -0.000000
vn 0.000000 -1.000000 -0.000000
vn 0.141134 -0.989991 -0.000000
vn 0.514326 -0.857595 -0.000000
vn 0.857469 -0.514536 -0.000000
vn 0.989950 -0.141417 -0.000000
vn 1.000000 0.000000 -0.000000
vn 0.989950 0.141417 0.000000
vn 0.857469 0.514536 0.000000
vn 0.514326 0.857595 0.000000
vn 0.141812 0.989894 0.000000
vn 0.000000 1.000000 0.000000
vn 0.090475 0.995899 0.000000
vn 0.283453 0.958986 0.000000
vn 0.473853 0.880604 0.000000
vn 0.639020 0.769190 0.000000
vn 0.769259 0.638937 0.000000
vn 0.880507 0.474033 0.000000
vn 0.958911 0.283706 0.000000
vn 0.995893 0.090538 0.000000
vn 1.000000 0.000000 -0.000000
vn 0.995893 -0.090538 -0.000000
vn 0.958964 -0.283526 -0.000000
vn 0.880507 -0.474033 -0.000000
vn 0.769259 -0.638937 -0.000000
vn 0.638643 -0.769503 -0.000000
vn 0.474367 -0.880327 -0.000000
vn 0.283453 -0.958986 -0.000000
vn 0.090475 -0.995899 -0.000000
vn 0.000000 -1.000000 -0.000000
vn 0.141812 -0.989894 -0.000000
vn 0.514326 -0.857595 -0.000000
vn 0.857469 -0.514536 -0.000000
vn 0.989950 -0.141417 -0.000000
vn 1.000000 0.000000 -0.000000
vn 0.989950 0.141417 0.000000
vn 0.857691 0.514166 0.000000
vn 0.514326 0.857595 0.000000
vn 0.141134 0.989991 0.000000
vn 0.000000 1.000000 0.000000
vn 0.090475 0.995899 0.000000
vn 0.284058 0.958807 0.000000
vn 0.473850 0.880606 0.000000
vn 0.639024 0.769187 0.000000
vn 0.769261 0.638935 0.000000
vn 0.880508 0.474031 0.000000
vn 0.958913 0.283699 0.000000
vn 0.995893 0.090538 0.000000
vn 1.000000 0.000000 -0.000000
vn 0.995893 -0.090538 -0.000000
vn 0.958966 -0.283520 -0.000000
vn 0.880359 -0.474308 -0.000000
vn 0.769261 -0.638934 -0.000000
vn 0.639024 -0.769187 -0.000000
vn 0.474363 -0.880329 -0.000000
vn 0.283450 -0.958987 -0.000000
vn 0.090475 -0.995899 -0.000000
vn 0.000000 -1.000000 -0.000000
vn -0.090475 -0.995899 -0.000000
vn -0.283453 -0.958986 -0.000000
vn -0.474367 -0.880327 -0.000000
vn -0.639025 -0.769186 -0.000000
vn -0.769259 -0.638937 -0.000000
vn -0.880354 -0.474317 -0.000000
vn -0.958967 -0.283517 -0.000000
vn -0.995893 -0.090538 -0.000000
vn -1.000000 0.000000 -0.000000
vn -0.995893 0.090538 0.000000
vn -0.958967 0.283517 0.000000
vn -0.880503 0.474041 0.000000
vn -0.769259 0.638937 0.000000
vn -0.638648 0.769499 0.000000
vn -0.474367 0.880327 0.000000
vn -0.283453 0.958986 0.000000
vn -0.090475 0.995899 0.000000
vn 0.000000 1.000000 0.000000
vn 0.090475 0.995899 0.000000
vn 0.283450 0.958987 0.000000
vn 0.474363 0.880329 0.000000
vn 0.638646 0.769501 0.000000
vn 0.769261 0.638935 0.000000
vn 0.880508 0.474031 0.000000
vn 0.958967 0.283519 0.000000
vn 0.995893 0.090538 0.000000
vn 1.000000 0.000000 -0.000000
vn -0.050618 -0.998718 -0.000000
vn -0.159986 -0.987119 -0.000000
vn -0.277850 -0.960625 -0.000000
vn -0.399369 -0.916790 -0.000000
vn -0.516704 -0.856164 -0.000000
vn -0.629813 -0.776747 -0.000000
vn -0.735127 -0.677929 -0.000000
vn -0.825326 -0.564656 -0.000000
vn -0.897265 -0.441492 -0.000000
vn -0.950664 -0.310221 -0.000000
vn -0.983714 -0.179739 -0.000000
vn -0.998374 -0.056996 -0.000000
vn -1.000000 0.000000 -0.000000
vn -0.998374 0.056998 0.000000
vn -0.983716 0.179731 0.000000
vn -0.950664 0.310221 0.000000
vn -0.897255 0.441512 0.000000
vn -0.825005 0.565126 0.000000
vn -0.733673 0.679503 0.000000
vn -0.626704 0.779257 0.000000
vn -0.511571 0.859241 0.000000
vn -0.393700 0.919239 0.000000
vn -0.273463 0.961883 0.000000
vn -0.157356 0.987542 0.000000
vn -0.049781 0.998760 0.000000
vn 0.048648 0.998816 0.000000
vn 0.153459 0.988155 0.000000
vn 0.266135 0.963936 0.000000
vn 0.382835 0.923817 0.000000
vn 0.498071 0.867136 0.000000
vn 0.612661 0.790346 0.000000
vn 0.720794 0.693150 0.000000
vn 0.814722 0.579852 0.000000
vn 0.890187 0.455595 0.000000
vn 0.946801 0.321821 0.000000
vn 0.982321 0.187204 0.000000
vn 0.998228 0.059510 0.000000
vn 0.995891 -0.090557 -0.000000
vn 0.958914 -0.283697 -0.000000
vn 0.880512 -0.474024 -0.000000
vn 0.769259 -0.638937 -0.000000
vn 0.639015 -0.769194 -0.000000
vn 0.473853 -0.880604 -0.000000
vn 0.284060 -0.958807 -0.000000
vn 0.090475 -0.995899 -0.000000
vn 0.054271 -0.998526 -0.000000
vn -0.129920 -0.991524 -0.000000
vn -0.481864 -0.876246 -0.000000
vn -0.836741 -0.547600 -0.000000
vn -0.988072 -0.153994 -0.000000
vn -0.996712 -0.081025 -0.000000
vn -0.965014 -0.262199 -0.000000
vn -0.890403 -0.455174 -0.000000
vn -0.772677 -0.634800 -0.000000
vn -0.622885 -0.782313 -0.000000
vn -0.441793 -0.897117 -0.000000
vn -0.252160 -0.967686 -0.000000
vn -0.077444 -0.996997 -0.000000
vn 0.077361 -0.997003 -0.000000
vn 0.251308 -0.967907 -0.000000
vn 0.439372 -0.898305 -0.000000
vn 0.618690 -0.785636 -0.000000
vn 0.768419 -0.639947 -0.000000
vn 0.887869 -0.460097 -0.000000
vn 0.964100 -0.265540 -0.000000
vn 0.996622 -0.082129 -0.000000
vn 1.000000 0.000000 -0.000000
vn 0.996515 0.083419 0.000000
vn 0.963239 0.268645 0.000000
vn 0.886282 0.463146 0.000000
vn 0.767401 0.641167 0.000000
vn 0.618690 0.785636 0.000000
vn 0.439372 0.898305 0.000000
vn 0.251308 0.967907 0.000000
vn 0.077361 0.997003 0.000000
vn -0.076398 0.997077 0.000000
vn -0.248841 0.968544 0.000000
vn -0.436844 0.899538 0.000000
vn -0.617552 0.786530 0.000000
vn -0.769140 0.639080 0.000000
vn -0.889103 0.457707 0.000000
vn -0.964763 0.263121 0.000000
vn -0.996705 0.081114 0.000000
vn -0.988072 0.153994 0.000000
vn -0.836741 0.547600 0.000000
vn -0.481864 0.876246 0.000000
vn -0.129920 0.991524 0.000000
vn 0.043443 0.999056 0.000000
vn 0.077904 0.996961 0.000000
vn 0.245770 0.969328 0.000000
vn 0.418907 0.908029 0.000000
vn 0.579663 0.814856 0.000000
vn 0.714510 0.699625 0.000000
vn 0.838958 0.544196 0.000000
vn 0.940300 0.340348 0.000000
vn 0.993690 0.112162 0.000000
vn 0.998277 -0.058669 -0.000000
vn 0.982771 -0.184826 -0.000000
vn 0.947960 -0.318389 -0.000000
vn 0.892124 -0.451791 -0.000000
vn 0.817205 -0.576347 -0.000000
vn 0.723328 -0.690505 -0.000000
vn 0.614604 -0.788836 -0.000000
vn 0.498849 -0.866689 -0.000000
vn 0.382794 -0.923834 -0.000000
vn 0.266178 -0.963924 -0.000000
vn 0.153415 -0.988162 -0.000000
vn 0.048648 -0.998816 -0.000000
vn -0.995891 0.090557 0.000000
vn -0.958962 0.283536 0.000000
vn -0.880503 0.474041 0.000000
vn -0.769259 0.638937 0.000000
vn -0.638657 0.769491 0.000000
vn -0.474367 0.880327 0.000000
vn -0.283447 0.958988 0.000000
vn -0.090475 0.995899 0.000000
vn 0.000000 1.000000 0.000000
vn 0.090475 0.995899 0.000000
vn 0.283458 0.958985 0.000000
vn 0.474367 0.880327 0.000000
vn 0.638638 0.769507 0.000000
vn 0.769259 0.638937 0.000000
vn 0.880503 0.474041 0.000000
vn 0.958962 0.283536 0.000000
vn 0.995895 0.090518 0.000000
vn 1.000000 0.000000 -0.000000
vn 0.995891 -0.090557 -0.000000
vn 0.958962 -0.283536 -0.000000
vn 0.880354 -0.474317 -0.000000
vn 0.769279 -0.638913 -0.000000
vn 0.639015 -0.769194 -0.000000
vn 0.474367 -0.880327 -0.000000
vn 0.283458 -0.958985 -0.000000
vn 0.090475 -0.995899 -0.000000
vn 0.000000 -1.000000 -0.000000
vn -0.090475 -0.995899 -0.000000
vn -0.283447 -0.958988 -0.000000
vn -0.474367 -0.880327 -0.000000
vn -0.639035 -0.769178 -0.000000
vn -0.769259 -0.638937 -0.000000
vn -0.880354 -0.474317 -0.000000
vn -0.958962 -0.283536 -0.000000
vn -0.995891 -0.090557 -0.000000
vn -1.000000 0.000000 -0.000000
vn -0.989949 -0.141427 -0.000000
vn -0.857474 -0.514527 -0.000000
vn -0.514349 -0.857581 -0.000000
vn -0.141815 -0.989893 -0.000000
vn 0.000000 -1.000000 -0.000000
vn 0.141809 -0.989894 -0.000000
vn 0.514326 -0.857595 -0.000000
vn 0.857474 -0.514527 -0.000000
vn 0.989949 -0.141427 -0.000000
vn 1.000000 0.000000 -0.000000
vn 0.995891 -0.090557 -0.000000
vn 0.958962 -0.283536 -0.000000
vn 0.880354 -0.474317 -0.000000
vn 0.769279 -0.638913 -0.000000
vn 0.639015 -0.769194 -0.000000
vn 0.474367 -0.880327 -0.000000
vn 0.283458 -0.958985 -0.000000
vn 0.090475 -0.995899 -0.000000
vn 0.000000 -1.000000 -0.000000
vn -0.090475 -0.995899 -0.000000
vn -0.283453 -0.958986 -0.000000
vn -0.474367 -0.880327 -0.000000
vn -0.639025 -0.769186 -0.000000
vn -0.769269 -0.638925 -0.000000
vn -0.880354 -0.474317 -0.000000
vn -0.958962 -0.283536 -0.000000
vn -0.995893 -0.090538 -0.000000
vn -1.000000 0.000000 -0.000000
vn -0.995893 0.090538 0.000000
vn -0.958962 0.283536 0.000000
vn -0.880503 0.474041 0.000000
vn -0.769269 0.638925 0.000000
vn -0.638648 0.769499 0.000000
vn -0.474367 0.880327 0.000000
vn -0.283453 0.958986 0.000000
vn -0.090475 0.995899 0.000000
vn 0.000000 1.000000 0.000000
vn 0.090475 0.995899 0.000000
vn 0.283458 0.958985 0.000000
vn 0.474367 0.880327 0.000000
vn 0.638638 0.769507 0.000000
vn 0.769259 0.638937 0.000000
vn 0.880503 0.474041 0.000000
vn 0.958962 0.283536 0.000000
vn 0.995895 0.090518 0.000000
vn 1.000000 0.000000 -0.000000
vn 0.989949 0.141427 0.000000
vn 0.857474 0.514527 0.000000
vn 0.514326 0.857595 0.000000
vn 0.141809 0.989894 0.000000
vn 0.000000 1.000000 0.000000
vn -0.141815 0.989893 0.000000
vn -0.514349 0.857581 0.000000
vn -0.857474 0.514527 0.000000
vn -0.989949 0.141427 0.000000
vn -1.000000 0.000000 -0.000000
vn -0.135767 -0.990741 -0.000000
vn -0.453080 -0.891470 -0.000000
vn -0.743407 -0.668839 -0.000000
vn -0.914359 -0.404904 -0.000000
vn -0.955584 -0.294717 -0.000000
vn -0.854847 -0.518881 -0.000000
vn -0.725154 -0.688586 -0.000000
vn -0.496411 -0.868088 -0.000000
vn -0.170788 -0.985308 -0.000000
vn 0.000000 -1.000000 -0.000000
vn 0.170799 -0.985306 -0.000000
vn 0.496438 -0.868072 -0.000000
vn 0.725127 -0.688616 -0.000000
vn 0.854826 -0.518915 -0.000000
vn 0.955585 -0.294717 -0.000000
vn 0.914352 -0.404921 -0.000000
vn 0.743418 -0.668827 -0.000000
vn 0.453089 -0.891465 -0.000000
vn 0.135767 -0.990741 -0.000000
vn 0.000000 -1.000000 -0.000000
vn -0.077492 -0.996993 -0.000000
vn -0.259811 -0.965660 -0.000000
vn -0.468769 -0.883321 -0.000000
vn -0.672093 -0.740467 -0.000000
vn -0.856118 -0.516781 -0.000000
vn -0.973741 -0.227660 -0.000000
vn -0.999759 0.021959 0.000000
vn -0.978725 0.205174 0.000000
vn -0.952146 0.305644 0.000000
vn -0.914359 0.404904 0.000000
vn -0.743256 0.669007 0.000000
vn -0.453080 0.891470 0.000000
vn -0.135767 0.990741 0.000000
vn 0.000000 1.000000 0.000000
vn 0.135767 0.990741 0.000000
vn 0.453080 0.891470 0.000000
vn 0.743267 0.668995 0.000000
vn 0.914359 0.404904 0.000000
vn 0.951735 0.306920 0.000000
vn 0.924644 0.380833 0.000000
vn 0.967105 0.254378 0.000000
vn 0.989941 0.141482 0.000000
vn 0.999058 0.043397 0.000000
vn 0.985087 -0.172056 -0.000000
vn 0.806449 -0.591304 -0.000000
vn 0.440715 -0.897647 -0.000000
vn 0.116104 -0.993237 -0.000000
vn 0.000000 -1.000000 -0.000000
vn 0.998868 -0.047558 -0.000000
vn 0.948635 0.316373 0.000000
vn 0.633261 0.773938 0.000000
vn 0.174263 0.984699 0.000000
vn 0.000000 1.000000 0.000000
vn -0.148740 0.988876 0.000000
vn -0.600033 0.799976 0.000000
vn -0.966222 0.257712 0.000000
vn -0.982330 -0.187155 -0.000000
vn -0.955841 -0.293885 -0.000000
vn -0.952037 -0.305982 -0.000000
vn -0.876284 -0.481795 -0.000000
vn -0.677820 -0.735228 -0.000000
vn -0.258349 -0.966052 -0.000000
vn 0.258349 -0.966052 -0.000000
vn 0.677820 -0.735228 -0.000000
vn 0.876284 -0.481795 -0.000000
vn 0.952037 -0.305982 -0.000000
vn 0.956639 -0.291275 -0.000000
vn -0.090479 -0.995898 -0.000000
vn -0.283458 -0.958985 -0.000000
vn -0.474367 -0.880327 -0.000000
vn -0.638976 -0.769227 -0.000000
vn -0.769279 -0.638913 -0.000000
vn -0.880354 -0.474317 -0.000000
vn -0.958973 -0.283498 -0.000000
vn -0.995891 -0.090557 -0.000000
vn -1.000000 0.000000 -0.000000
vn -0.995891 0.090557 0.000000
vn -0.958973 0.283498 0.000000
vn -0.880503 0.474041 0.000000
vn -0.769279 0.638913 0.000000
vn -0.638638 0.769507 0.000000
vn -0.474367 0.880327 0.000000
vn -0.283458 0.958985 0.000000
vn -0.090472 0.995899 0.000000
vn 0.000000 1.000000 0.000000
vn 0.090479 0.995898 0.000000
vn 0.283458 0.958985 0.000000
vn 0.474367 0.880327 0.000000
vn 0.638599 0.769540 0.000000
vn 0.769279 0.638913 0.000000
vn 0.880503 0.474041 0.000000
vn 0.958973 0.283498 0.000000
vn 0.995891 0.090557 0.000000
vn 1.000000 0.000000 -0.000000
vn 0.989955 0.141385 0.000000
vn 0.857696 0.514157 0.000000
vn 0.514326 0.857595 0.000000
vn 0.141131 0.989991 0.000000
vn 0.000000 1.000000 0.000000
vn 0.090479 0.995898 0.000000
vn 0.284066 0.958805 0.000000
vn 0.473853 0.880604 0.000000
vn 0.638976 0.769227 0.000000
vn 0.769279 0.638913 0.000000
vn 0.880503 0.474041 0.000000
vn 0.958920 0.283678 0.000000
vn 0.995891 0.090557 0.000000
vn 1.000000 0.000000 -0.000000
vn 0.995891 -0.090557 -0.000000
vn 0.958973 -0.283498 -0.000000
vn 0.880354 -0.474317 -0.000000
vn 0.769279 -0.638913 -0.000000
vn 0.639015 -0.769194 -0.000000
vn 0.474367 -0.880327 -0.000000
vn 0.283458 -0.958985 -0.000000
vn 0.090472 -0.995899 -0.000000
vn 0.000000 -1.000000 -0.000000
vn 0.000000 0.000000 1.000000
vn 0.000000 -0.000000 1.000000
vn 0.000000 -0.000000 1.000000
vn 0.000000 -0.000000 1.000000
vn 0.000000 -0.000000 1.000000
vn 0.000000 0.000000 1.000000
vn -0.000000 0.000000 1.000000
vn 0.000000 -0.000000 1.000000
vn 0.000000 -0.000000 1.000000
vn 0.000000 -0.000000 -1.000000
vn 0.000000 -0.000000 -1.000000
vn -0.000000 0.000000 -1.000000
vn 0.000000 0.000000 -1.000000
vn 0.000000 0.000000 -1.000000
vn 0.000000 0.000000 -1.000000
vn -0.000000 -0.000000 -1.000000
vn 0.000000 0.000000 -1.000000
vn 0.000000 0.000000 -1.000000
vn 0.000000 1.000000 0.000000
vn 0.928477 0.371391 0.000000
vn 0.485643 0.874157 0.000000
vn 0.406139 -0.913811 -0.000000
vn 0.961524 -0.274721 -0.000000
vn 0.351124 -0.936329 -0.000000
vn 1.000000 0.000000 -0.000000
vn 0.338719 0.940887 0.000000
vn 0.000000 -1.000000 -0.000000
vn -0.732794 0.680451 0.000000
vn -0.998752 -0.049938 -0.000000
vn -0.993884 0.110431 0.000000
vn 0.000000 -0.000000 1.000000
vn 0.000000 -0.000000 1.000000
vn 0.000000 -0.000000 1.000000
vn 0.000000 0.000000 -1.000000
vn 0.000000 0.000000 -1.000000
vn 0.000000 0.000000 -1.000000
vn -0.861934 0.507020 0.000000
vn 0.422886 0.906183 0.000000
vn -0.045408 0.998969 0.000000
vn -0.464007 0.885832 0.000000
vn 0.870563 0.492057 0.000000
vn -0.012345 -0.999924 -0.000000
vn 0.000000 0.000000 -1.000000
vn 0.000000 0.000000 -1.000000
vn 0.000000 0.000000 -1.000000
vn 0.000000 0.000000 -1.000000
vn 0.000000 0.000000 -1.000000
vn 0.000000 0.000000 -1.000000
vn 0.000000 0.000000 -1.000000
vn 0.000000 0.000000 -1.000000
vn 0.000000 0.000000 -1.000000
vn 0.000000 0.000000 -1.000000
vn 0.000000 0.000000 -1.000000
vn 0.000000 0.000000 -1.000000
vn 0.000000 0.000000 -1.000000
vn 0.000000 0.000000 -1.000000
vn 0.000000 0.000000 -1.000000
vn 0.000000 0.000000 -1.000000
vn 0.000000 0.000000 -1.000000
vn 0.000000 0.000000 -1.000000
vn 0.000000 0.000000 -1.000000
vn 0.000000 0.000000 -1.000000
vn 0.000000 0.000000 -1.000000
vn 0.000000 0.000000 -1.000000
vn 0.000000 0.000000 -1.000000
vn 0.000000 0.000000 -1.000000
vn 0.000000 0.000000 -1.000000
vn 0.000000 0.000000 -1.000000
vn 0.000000 0.000000 -1.000000
vn 0.000000 0.000000 -1.000000
vn 0.000000 0.000000 -1.000000
vn 0.000000 -0.000000 1.000000
vn 0.000000 -0.000000 1.000000
vn 0.000000 -0.000000 1.000000
vn 0.000000 -0.000000 1.000000
vn 0.000000 -0.000000 1.000000
vn 0.000000 -0.000000 1.000000
vn 0.000000 -0.000000 1.000000
vn 0.000000 -0.000000 1.000000
vn 0.000000 -0.000000 1.000000
vn 0.000000 -0.000000 1.000000
vn 0.000000 -0.000000 1.000000
vn 0.000000 -0.000000 1.000000
vn 0.000000 -0.000000 1.000000
vn 0.000000 -0.000000 1.000000
vn 0.000000 -0.000000 1.000000
vn 0.000000 -0.000000 1.000000
vn 0.000000 -0.000000 1.000000
vn 0.000000 -0.000000 1.000000
vn 0.000000 -0.000000 1.000000
vn 0.000000 -0.000000 1.000000
vn 0.000000 -0.000000 1.000000
vn 0.000000 -0.000000 1.000000
vn 0.000000 -0.000000 1.000000
vn 0.000000 -0.000000 1.000000
vn 0.000000 -0.000000 1.000000
vn 0.000000 -0.000000 1.000000
vn 0.000000 -0.000000 1.000000
vn 0.000000 -0.000000 1.000000
vn 0.000000 -0.000000 1.000000
vn -0.995185 -0.098017 -0.000000
vn -0.956941 -0.290284 -0.000000
vn -0.881921 -0.471397 -0.000000
vn -0.773012 -0.634392 -0.000000
vn -0.634390 -0.773013 -0.000000
vn -0.471394 -0.881923 -0.000000
vn -0.290290 -0.956939 -0.000000
vn -0.098017 -0.995185 -0.000000
vn 0.098017 -0.995185 -0.000000
vn 0.290290 -0.956939 -0.000000
vn 0.471394 -0.881923 -0.000000
vn 0.634390 -0.773013 -0.000000
vn 0.773012 -0.634391 -0.000000
vn 0.881921 -0.471398 -0.000000
vn 0.956941 -0.290284 -0.000000
vn 0.995185 -0.098017 -0.000000
vn 0.995185 0.098017 0.000000
vn 0.956941 0.290284 0.000000
vn 0.881921 0.471398 0.000000
vn 0.773012 0.634391 0.000000
vn 0.634390 0.773013 0.000000
vn 0.471403 0.881918 0.000000
vn 0.290280 0.956942 0.000000
vn 0.098017 0.995185 0.000000
vn -0.098017 0.995185 0.000000
vn -0.290280 0.956942 0.000000
vn -0.471403 0.881918 0.000000
vn -0.634390 0.773013 0.000000
vn -0.773012 0.634392 0.000000
vn -0.881921 0.471397 0.000000
vn -0.956941 0.290284 0.000000
vn -0.995185 0.098017 0.000000
vn 0.000000 0.000000 -1.000000
vn 0.000000 0.000000 -1.000000
vn 0.000000 0.000000 -1.000000
vn 0.000000 0.000000 -1.000000
vn 0.000000 0.000000 -1.000000
vn 0.000000 0.000000 -1.000000
vn 0.000000 0.000000 -1.000000
vn 0.000000 0.000000 -1.000000
vn 0.000000 0.000000 -1.000000
vn 0.000000 0.000000 -1.000000
vn 0.000000 0.000000 -1.000000
vn 0.000000 0.000000 -1.000000
vn 0.000000 0.000000 -1.000000
vn 0.000000 0.000000 -1.000000
vn 0.000000 0.000000 -1.000000
vn 0.000000 0.000000 -1.000000
vn 0.000000 0.000000 -1.000000
vn 0.000000 0.000000 -1.000000
vn 0.000000 0.000000 -1.000000
vn 0.000000 0.000000 -1.000000
vn 0.000000 0.000000 -1.000000
vn 0.000000 0.000000 -1.000000
vn 0.000000 0.000000 -1.000000
vn 0.000000 0.000000 -1.000000
vn 0.000000 0.000000 -1.000000
vn 0.000000 0.000000 -1.000000
vn 0.000000 0.000000 -1.000000
vn 0.000000 0.000000 -1.000000
vn 0.000000 0.000000 -1.000000
vn 0.000000 -0.000000 1.000000
vn 0.000000 -0.000000 1.000000
vn 0.000000 -0.000000 1.000000
vn 0.000000 -0.000000 1.000000
vn 0.000000 -0.000000 1.000000
vn 0.000000 -0.000000 1.000000
vn 0.000000 -0.000000 1.000000
vn 0.000000 -0.000000 1.000000
vn 0.000000 -0.000000 1.000000
vn 0.000000 -0.000000 1.000000
vn 0.000000 -0.000000 1.000000
vn 0.000000 -0.000000 1.000000
vn 0.000000 -0.000000 1.000000
vn 0.000000 -0.000000 1.000000
vn 0.000000 -0.000000 1.000000
vn 0.000000 -0.000000 1.000000
vn 0.000000 -0.000000 1.000000
vn 0.000000 -0.000000 1.000000
vn 0.000000 -0.000000 1.000000
vn 0.000000 -0.000000 1.000000
vn 0.000000 -0.000000 1.000000
vn 0.000000 -0.000000 1.000000
vn 0.000000 -0.000000 1.000000
vn 0.000000 -0.000000 1.000000
vn 0.000000 -0.000000 1.000000
vn 0.000000 -0.000000 1.000000
vn 0.000000 -0.000000 1.000000
vn 0.000000 -0.000000 1.000000
vn 0.000000 -0.000000 1.000000
vn -0.995185 -0.098018 -0.000000
vn -0.956941 -0.290283 -0.000000
vn -0.881922 -0.471396 -0.000000
vn -0.773008 -0.634396 -0.000000
vn -0.634397 -0.773008 -0.000000
vn -0.471399 -0.881920 -0.000000
vn -0.290278 -0.956942 -0.000000
vn -0.098024 -0.995184 -0.000000
vn 0.098024 -0.995184 -0.000000
vn 0.290278 -0.956942 -0.000000
vn 0.471399 -0.881920 -0.000000
vn 0.634397 -0.773008 -0.000000
vn 0.773009 -0.634395 -0.000000
vn 0.881922 -0.471396 -0.000000
vn 0.956941 -0.290284 -0.000000
vn 0.995185 -0.098018 -0.000000
vn 0.995185 0.098017 0.000000
vn 0.956941 0.290284 0.000000
vn 0.881919 0.471401 0.000000
vn 0.773014 0.634389 0.000000
vn 0.634389 0.773014 0.000000
vn 0.471399 0.881920 0.000000
vn 0.290290 0.956939 0.000000
vn 0.098011 0.995185 0.000000
vn -0.098011 0.995185 0.000000
vn -0.290290 0.956939 0.000000
vn -0.471399 0.881920 0.000000
vn -0.634389 0.773014 0.000000
vn -0.773013 0.634390 0.000000
vn -0.881919 0.471401 0.000000
vn -0.956941 0.290283 0.000000
vn -0.995185 0.098017 0.000000
vn 0.000000 0.000000 -1.000000
vn 0.000000 0.000000 -1.000000
vn 0.000000 0.000000 -1.000000
vn 0.000000 0.000000 -1.000000
vn 0.000000 0.000000 -1.000000
vn 0.000000 0.000000 -1.000000
vn 0.000000 0.000000 -1.000000
vn 0.000000 0.000000 -1.000000
vn 0.000000 0.000000 -1.000000
vn 0.000000 0.000000 -1.000000
vn 0.000000 0.000000 -1.000000
vn 0.000000 0.000000 -1.000000
vn 0.000000 0.000000 -1.000000
vn 0.000000 0.000000 -1.000000
vn 0.000000 0.000000 -1.000000
vn 0.000000 0.000000 -1.000000
vn 0.000000 0.000000 -1.000000
vn 0.000000 0.000000 -1.000000
vn 0.000000 0.000000 -1.000000
vn 0.000000 0.000000 -1.000000
vn 0.000000 0.000000 -1.000000
vn 0.000000 0.000000 -1.000000
vn 0.000000 0.000000 -1.000000
vn 0.000000 0.000000 -1.000000
vn 0.000000 0.000000 -1.000000
vn 0.000000 0.000000 -1.000000
vn 0.000000 0.000000 -1.000000
vn 0.000000 0.000000 -1.000000
vn 0.000000 0.000000 -1.000000
vn 0.000000 -0.000000 1.000000
vn 0.000000 -0.000000 1.000000
vn 0.000000 -0.000000 1.000000
vn 0.000000 -0.000000 1.000000
vn 0.000000 -0.000000 1.000000
vn 0.000000 -0.000000 1.000000
vn 0.000000 -0.000000 1.000000
vn 0.000000 -0.000000 1.000000
vn 0.000000 -0.000000 1.000000
vn 0.000000 -0.000000 1.000000
vn 0.000000 -0.000000 1.000000
vn 0.000000 -0.000000 1.000000
vn 0.000000 -0.000000 1.000000
vn 0.000000 -0.000000 1.000000
vn 0.000000 -0.000000 1.000000
vn 0.000000 -0.000000 1.000000
vn 0.000000 -0.000000 1.000000
vn 0.000000 -0.000000 1.000000
vn 0.000000 -0.000000 1.000000
vn 0.000000 -0.000000 1.000000
vn 0.000000 -0.000000 1.000000
vn 0.000000 -0.000000 1.000000
vn 0.000000 -0.000000 1.000000
vn 0.000000 -0.000000 1.000000
vn 0.000000 -0.000000 1.000000
vn 0.000000 -0.000000 1.000000
vn 0.000000 -0.000000 1.000000
vn 0.000000 -0.000000 1.000000
vn 0.000000 -0.000000 1.000000
vn -0.995185 -0.098019 -0.000000
vn -0.956940 -0.290286 -0.000000
vn -0.881922 -0.471396 -0.000000
vn -0.773014 -0.634389 -0.000000
vn -0.634390 -0.773013 -0.000000
vn -0.471397 -0.881921 -0.000000
vn -0.290286 -0.956940 -0.000000
vn -0.098023 -0.995184 -0.000000
vn 0.098023 -0.995184 -0.000000
vn 0.290285 -0.956940 -0.000000
vn 0.471399 -0.881920 -0.000000
vn 0.634390 -0.773013 -0.000000
vn 0.773013 -0.634390 -0.000000
vn 0.881921 -0.471397 -0.000000
vn 0.956940 -0.290284 -0.000000
vn 0.995185 -0.098017 -0.000000
vn 0.995185 0.098016 0.000000
vn 0.956940 0.290284 0.000000
vn 0.881921 0.471397 0.000000
vn 0.773007 0.634398 0.000000
vn 0.634400 0.773005 0.000000
vn 0.471399 0.881920 0.000000
vn 0.290270 0.956945 0.000000
vn 0.098023 0.995184 0.000000
vn -0.098023 0.995184 0.000000
vn -0.290271 0.956945 0.000000
vn -0.471397 0.881921 0.000000
vn -0.634400 0.773005 0.000000
vn -0.773008 0.634397 0.000000
vn -0.881922 0.471396 0.000000
vn -0.956940 0.290286 0.000000
vn -0.995185 0.098018 0.000000
vn 0.000000 0.000000 -1.000000
vn 0.000000 -0.000000 1.000000
vn 0.274721 0.961524 0.000000
vn -0.961524 0.274721 0.000000
vn -0.274721 -0.961524 -0.000000
vn 0.961524 -0.274721 -0.000000
f 17//1 19//1 18//1
f 16//2 19//2 17//2
f 16//3 20//3 19//3
f 15//4 20//4 16//4
f 15//5 21//5 20//5
f 14//6 21//6 15//6
f 14//7 22//7 21//7
f 13//8 22//8 14//8
f 13//9 23//9 22//9
f 12//10 53//10 13//10
f 53//11 52//11 13//11
f 52//12 23//12 13//12
f 52//13 51//13 23//13
f 51//14 24//14 23//14
f 12//15 54//15 53//15
f 50//16 24//16 51//16
f 12//17 55//17 54//17
f 49//18 24//18 50//18
f 12//19 56//19 55//19
f 48//20 24//20 49//20
f 11//21 56//21 12//21
f 48//22 25//22 24//22
f 11//23 57//23 56//23
f 47//24 25//24 48//24
f 11//25 58//25 57//25
f 46//26 25//26 47//26
f 11//27 59//27 58//27
f 45//28 25//28 46//28
f 10//29 59//29 11//29
f 45//30 26//30 25//30
f 10//31 60//31 59//31
f 44//32 26//32 45//32
f 10//33 61//33 60//33
f 43//34 26//34 44//34
f 9//35 61//35 10//35
f 43//36 27//36 26//36
f 8//37 61//37 9//37
f 43//38 28//38 27//38
f 8//39 62//39 61//39
f 42//40 28//40 43//40
f 8//41 63//41 62//41
f 41//42 28//42 42//42
f 7//43 63//43 8//43
f 41//44 29//44 28//44
f 7//45 64//45 63//45
f 40//46 29//46 41//46
f 7//47 65//47 64//47
f 39//48 29//48 40//48
f 7//49 66//49 65//49
f 38//50 29//50 39//50
f 6//51 66//51 7//51
f 38//52 30//52 29//52
f 6//53 67//53 66//53
f 37//54 30//54 38//54
f 6//55 68//55 67//55
f 36//56 30//56 37//56
f 6//57 35//57 68//57
f 35//58 30//58 36//58
f 6//59 30//59 35//59
f 6//60 31//60 30//60
f 5//61 31//61 6//61
f 4//62 31//62 5//62
f 4//63 32//63 31//63
f 3//64 32//64 4//64
f 3//65 33//65 32//65
f 2//66 33//66 3//66
f 2//67 34//67 33//67
f 2//68 1//68 34//68
f 72//69 74//69 73//69
f 72//70 75//70 74//70
f 71//71 75//71 72//71
f 71//72 76//72 75//72
f 70//73 76//73 71//73
f 70//74 77//74 76//74
f 69//75 77//75 70//75
f 69//76 78//76 77//76
f 127//77 78//77 69//77
f 127//78 79//78 78//78
f 127//79 80//79 79//79
f 127//80 81//80 80//80
f 127//81 82//81 81//81
f 127//82 106//82 82//82
f 106//83 105//83 82//83
f 105//84 104//84 82//84
f 104//85 103//85 82//85
f 103//86 102//86 82//86
f 102//87 83//87 82//87
f 126//88 106//88 127//88
f 125//89 106//89 126//89
f 124//90 106//90 125//90
f 123//91 106//91 124//91
f 122//92 108//92 123//92
f 108//93 107//93 123//93
f 107//94 106//94 123//94
f 122//95 109//95 108//95
f 122//96 110//96 109//96
f 101//97 83//97 102//97
f 100//98 83//98 101//98
f 121//99 110//99 122//99
f 120//100 110//100 121//100
f 119//101 110//101 120//101
f 118//102 110//102 119//102
f 117//103 110//103 118//103
f 116//104 110//104 117//104
f 116//105 111//105 110//105
f 115//106 111//106 116//106
f 115//107 112//107 111//107
f 115//108 113//108 112//108
f 114//109 113//109 115//109
f 99//110 83//110 100//110
f 99//111 84//111 83//111
f 98//112 84//112 99//112
f 98//113 85//113 84//113
f 97//114 85//114 98//114
f 97//115 86//115 85//115
f 97//116 87//116 86//116
f 96//117 87//117 97//117
f 95//118 87//118 96//118
f 95//119 88//119 87//119
f 94//120 88//120 95//120
f 94//121 89//121 88//121
f 94//122 90//122 89//122
f 93//123 90//123 94//123
f 93//124 91//124 90//124
f 92//125 91//125 93//125
f 144//126 145//126 146//126
f 143//127 144//127 146//127
f 143//128 146//128 147//128
f 142//129 143//129 147//129
f 142//130 147//130 148//130
f 141//131 142//131 148//131
f 141//132 148//132 149//132
f 140//133 141//133 149//133
f 140//134 149//134 150//134
f 139//135 140//135 180//135
f 180//136 140//136 179//136
f 179//137 140//137 150//137
f 179//138 150//138 178//138
f 178//139 150//139 151//139
f 139//140 180//140 181//140
f 177//141 178//141 151//141
f 139//142 181//142 182//142
f 176//143 177//143 151//143
f 139//144 182//144 183//144
f 175//145 176//145 151//145
f 138//146 139//146 183//146
f 175//147 151//147 152//147
f 138//148 183//148 184//148
f 174//149 175//149 152//149
f 138//150 184//150 185//150
f 173//151 174//151 152//151
f 138//152 185//152 186//152
f 172//153 173//153 152//153
f 137//154 138//154 186//154
f 172//155 152//155 153//155
f 137//156 186//156 187//156
f 171//157 172//157 153//157
f 137//158 187//158 188//158
f 170//159 171//159 153//159
f 136//160 137//160 188//160
f 170//161 153//161 154//161
f 135//162 136//162 188//162
f 170//163 154//163 155//163
f 135//164 188//164 189//164
f 169//165 170//165 155//165
f 135//166 189//166 190//166
f 168//167 169//167 155//167
f 134//168 135//168 190//168
f 168//169 155//169 156//169
f 134//170 190//170 191//170
f 167//171 168//171 156//171
f 134//172 191//172 192//172
f 166//173 167//173 156//173
f 134//174 192//174 193//174
f 165//175 166//175 156//175
f 133//176 134//176 193//176
f 165//177 156//177 157//177
f 133//178 193//178 194//178
f 164//179 165//179 157//179
f 133//180 194//180 195//180
f 163//181 164//181 157//181
f 133//182 195//182 162//182
f 162//183 163//183 157//183
f 133//184 162//184 157//184
f 133//185 157//185 158//185
f 132//186 133//186 158//186
f 131//187 132//187 158//187
f 131//188 158//188 159//188
f 130//189 131//189 159//189
f 130//190 159//190 160//190
f 129//191 130//191 160//191
f 129//192 160//192 161//192
f 129//193 161//193 128//193
f 199//194 200//194 201//194
f 199//195 201//195 202//195
f 198//196 199//196 202//196
f 198//197 202//197 203//197
f 197//198 198//198 203//198
f 197//199 203//199 204//199
f 196//200 197//200 204//200
f 196//201 204//201 205//201
f 254//202 196//202 205//202
f 254//203 205//203 206//203
f 254//204 206//204 207//204
f 254//205 207//205 208//205
f 254//206 208//206 209//206
f 254//207 209//207 233//207
f 233//208 209//208 232//208
f 232//209 209//209 231//209
f 231//210 209//210 230//210
f 230//211 209//211 229//211
f 229//212 209//212 210//212
f 253//213 254//213 233//213
f 252//214 253//214 233//214
f 251//215 252//215 233//215
f 250//216 251//216 233//216
f 249//217 250//217 235//217
f 235//218 250//218 234//218
f 234//219 250//219 233//219
f 249//220 235//220 236//220
f 249//221 236//221 237//221
f 228//222 229//222 210//222
f 227//223 228//223 210//223
f 248//224 249//224 237//224
f 247//225 248//225 237//225
f 246//226 247//226 237//226
f 245//227 246//227 237//227
f 244//228 245//228 237//228
f 243//229 244//229 237//229
f 243//230 237//230 238//230
f 242//231 243//231 238//231
f 242//232 238//232 239//232
f 242//233 239//233 240//233
f 241//234 242//234 240//234
f 226//235 227//235 210//235
f 226//236 210//236 211//236
f 225//237 226//237 211//237
f 225//238 211//238 212//238
f 224//239 225//239 212//239
f 224//240 212//240 213//240
f 224//241 213//241 214//241
f 223//242 224//242 214//242
f 222//243 223//243 214//243
f 222//244 214//244 215//244
f 221//245 222//245 215//245
f 221//246 215//246 216//246
f 221//247 216//247 217//247
f 220//248 221//248 217//248
f 220//249 217//249 218//249
f 219//250 220//250 218//250
f 258//251 255//251 256//251
f 260//252 257//252 258//252
f 262//253 259//253 260//253
f 264//254 261//254 262//254
f 266//255 263//255 264//255
f 268//256 265//256 266//256
f 270//257 267//257 268//257
f 272//258 269//258 270//258
f 274//259 271//259 272//259
f 276//260 273//260 274//260
f 278//261 275//261 276//261
f 280//262 277//262 278//262
f 282//263 279//263 280//263
f 284//264 281//264 282//264
f 286//265 283//265 284//265
f 288//266 285//266 286//266
f 290//267 287//267 288//267
f 292//268 289//268 290//268
f 294//269 291//269 292//269
f 296//270 293//270 294//270
f 298//271 295//271 296//271
f 300//272 297//272 298//272
f 302//273 299//273 300//273
f 304//274 301//274 302//274
f 306//275 303//275 304//275
f 308//276 305//276 306//276
f 310//277 307//277 308//277
f 312//278 309//278 310//278
f 314//279 311//279 312//279
f 316//280 313//280 314//280
f 318//281 315//281 316//281
f 320//282 317//282 318//282
f 322//283 319//283 320//283
f 324//284 321//284 322//284
f 326//285 323//285 324//285
f 328//286 325//286 326//286
f 330//287 327//287 328//287
f 332//288 329//288 330//288
f 334//289 331//289 332//289
f 336//290 333//290 334//290
f 338//291 335//291 336//291
f 340//292 337//292 338//292
f 342//293 339//293 340//293
f 344//294 341//294 342//294
f 346//295 343//295 344//295
f 348//296 345//296 346//296
f 350//297 347//297 348//297
f 352//298 349//298 350//298
f 354//299 351//299 352//299
f 356//300 353//300 354//300
f 358//301 355//301 356//301
f 360//302 357//302 358//302
f 362//303 359//303 360//303
f 364//304 361//304 362//304
f 366//305 363//305 364//305
f 368//306 365//306 366//306
f 370//307 367//307 368//307
f 372//308 369//308 370//308
f 256//309 371//309 372//309
f 376//310 373//310 374//310
f 378//311 375//311 376//311
f 380//312 377//312 378//312
f 382//313 379//313 380//313
f 384//314 381//314 382//314
f 386//315 383//315 384//315
f 388//316 385//316 386//316
f 390//317 387//317 388//317
f 392//318 389//318 390//318
f 394//319 391//319 392//319
f 396//320 393//320 394//320
f 398//321 395//321 396//321
f 400//322 397//322 398//322
f 402//323 399//323 400//323
f 404//324 401//324 402//324
f 406//325 403//325 404//325
f 408//326 405//326 406//326
f 410//327 407//327 408//327
f 412//328 409//328 410//328
f 414//329 411//329 412//329
f 416//330 413//330 414//330
f 418//331 415//331 416//331
f 420//332 417//332 418//332
f 422//333 419//333 420//333
f 424//334 421//334 422//334
f 426//335 423//335 424//335
f 428//336 425//336 426//336
f 430//337 427//337 428//337
f 432//338 429//338 430//338
f 434//339 431//339 432//339
f 436//340 433//340 434//340
f 438//341 435//341 436//341
f 440//342 437//342 438//342
f 374//343 439//343 440//343
f 444//344 441//344 442//344
f 446//345 443//345 444//345
f 448//346 445//346 446//346
f 450//347 447//347 448//347
f 452//348 449//348 450//348
f 454//349 451//349 452//349
f 456//350 453//350 454//350
f 458//351 455//351 456//351
f 460//352 457//352 458//352
f 462//353 459//353 460//353
f 464//354 461//354 462//354
f 466//355 463//355 464//355
f 468//356 465//356 466//356
f 470//357 467//357 468//357
f 472//358 469//358 470//358
f 474//359 471//359 472//359
f 476//360 473//360 474//360
f 478//361 475//361 476//361
f 480//362 477//362 478//362
f 482//363 479//363 480//363
f 484//364 481//364 482//364
f 486//365 483//365 484//365
f 488//366 485//366 486//366
f 490//367 487//367 488//367
f 492//368 489//368 490//368
f 494//369 491//369 492//369
f 496//370 493//370 494//370
f 498//371 495//371 496//371
f 500//372 497//372 498//372
f 502//373 499//373 500//373
f 504//374 501//374 502//374
f 506//375 503//375 504//375
f 508//376 505//376 506//376
f 442//377 507//377 508//377
f 525//378 527//378 526//378
f 525//379 528//379 527//379
f 524//380 528//380 525//380
f 524//381 529//381 528//381
f 523//382 529//382 524//382
f 523//383 530//383 529//383
f 522//384 530//384 523//384
f 522//385 531//385 530//385
f 521//386 531//386 522//386
f 521//387 532//387 531//387
f 521//388 533//388 532//388
f 520//389 533//389 521//389
f 520//390 534//390 533//390
f 519//391 534//391 520//391
f 519//392 535//392 534//392
f 518//393 535//393 519//393
f 517//394 535//394 518//394
f 517//395 536//395 535//395
f 517//396 537//396 536//396
f 517//397 538//397 537//397
f 517//398 539//398 538//398
f 517//399 540//399 539//399
f 517//400 541//400 540//400
f 517//401 542//401 541//401
f 517//402 543//402 542//402
f 517//403 544//403 543//403
f 517//404 545//404 544//404
f 517//405 546//405 545//405
f 517//406 547//406 546//406
f 517//407 548//407 547//407
f 517//408 549//408 548//408
f 517//409 550//409 549//409
f 516//410 550//410 517//410
f 516//411 551//411 550//411
f 515//412 551//412 516//412
f 515//413 552//413 551//413
f 514//414 552//414 515//414
f 514//415 553//415 552//415
f 513//416 553//416 514//416
f 513//417 554//417 553//417
f 512//418 554//418 513//418
f 512//419 555//419 554//419
f 511//420 555//420 512//420
f 511//421 556//421 555//421
f 510//422 556//422 511//422
f 510//423 557//423 556//423
f 509//424 557//424 510//424
f 509//425 558//425 557//425
f 591//426 593//426 592//426
f 591//427 594//427 593//427
f 590//428 594//428 591//428
f 590//429 595//429 594//429
f 589//430 595//430 590//430
f 589//431 596//431 595//431
f 588//432 596//432 589//432
f 588//433 597//433 596//433
f 587//434 624//434 588//434
f 624//435 623//435 588//435
f 623//436 597//436 588//436
f 623//437 622//437 597//437
f 622//438 621//438 597//438
f 621//439 620//439 597//439
f 620//440 619//440 597//440
f 619//441 618//441 597//441
f 618//442 598//442 597//442
f 587//443 625//443 624//443
f 617//444 598//444 618//444
f 587//445 607//445 625//445
f 616//446 598//446 617//446
f 587//447 608//447 607//447
f 615//448 598//448 616//448
f 587//449 609//449 608//449
f 614//450 598//450 615//450
f 587//451 610//451 609//451
f 613//452 598//452 614//452
f 587//453 611//453 610//453
f 612//454 598//454 613//454
f 587//455 571//455 611//455
f 571//456 570//456 611//456
f 570//457 612//457 611//457
f 570//458 569//458 612//458
f 569//459 568//459 612//459
f 568//460 567//460 612//460
f 567//461 566//461 612//461
f 566//462 598//462 612//462
f 587//463 572//463 571//463
f 565//464 598//464 566//464
f 587//465 573//465 572//465
f 564//466 598//466 565//466
f 587//467 574//467 573//467
f 563//468 598//468 564//468
f 586//469 574//469 587//469
f 563//470 599//470 598//470
f 563//471 600//471 599//471
f 563//472 601//472 600//472
f 585//473 574//473 586//473
f 563//474 602//474 601//474
f 585//475 575//475 574//475
f 562//476 602//476 563//476
f 562//477 603//477 602//477
f 584//478 575//478 585//478
f 584//479 576//479 575//479
f 561//480 603//480 562//480
f 583//481 576//481 584//481
f 561//482 604//482 603//482
f 582//483 576//483 583//483
f 582//484 577//484 576//484
f 560//485 604//485 561//485
f 560//486 605//486 604//486
f 581//487 577//487 582//487
f 580//488 577//488 581//488
f 580//489 578//489 577//489
f 559//490 605//490 560//490
f 559//491 606//491 605//491
f 579//492 578//492 580//492
f 697//493 699//493 698//493
f 697//494 700//494 699//494
f 633//495 635//495 634//495
f 633//496 636//496 635//496
f 696//497 700//497 697//497
f 696//498 701//498 700//498
f 632//499 636//499 633//499
f 632//500 637//500 636//500
f 695//501 701//501 696//501
f 695//502 702//502 701//502
f 631//503 637//503 632//503
f 631//504 638//504 637//504
f 694//505 702//505 695//505
f 694//506 703//506 702//506
f 630//507 638//507 631//507
f 630//508 639//508 638//508
f 693//509 703//509 694//509
f 693//510 704//510 703//510
f 629//511 639//511 630//511
f 629//512 640//512 639//512
f 693//513 705//513 704//513
f 629//514 641//514 640//514
f 692//515 705//515 693//515
f 628//516 641//516 629//516
f 692//517 706//517 705//517
f 628//518 642//518 641//518
f 691//519 706//519 692//519
f 627//520 642//520 628//520
f 691//521 707//521 706//521
f 627//522 643//522 642//522
f 690//523 707//523 691//523
f 626//524 643//524 627//524
f 689//525 707//525 690//525
f 689//526 708//526 707//526
f 717//527 643//527 626//527
f 717//528 644//528 643//528
f 689//529 709//529 708//529
f 716//530 644//530 717//530
f 715//531 644//531 716//531
f 689//532 710//532 709//532
f 714//533 644//533 715//533
f 689//534 711//534 710//534
f 713//535 644//535 714//535
f 689//536 712//536 711//536
f 689//537 670//537 712//537
f 670//538 669//538 712//538
f 669//539 668//539 712//539
f 668//540 713//540 712//540
f 668//541 667//541 713//541
f 667//542 666//542 713//542
f 666//543 665//543 713//543
f 665//544 664//544 713//544
f 664//545 663//545 713//545
f 663//546 644//546 713//546
f 689//547 671//547 670//547
f 662//548 644//548 663//548
f 689//549 672//549 671//549
f 661//550 644//550 662//550
f 688//551 672//551 689//551
f 688//552 673//552 672//552
f 660//553 644//553 661//553
f 660//554 645//554 644//554
f 687//555 673//555 688//555
f 659//556 645//556 660//556
f 687//557 674//557 673//557
f 659//558 646//558 645//558
f 686//559 674//559 687//559
f 658//560 646//560 659//560
f 686//561 675//561 674//561
f 658//562 647//562 646//562
f 685//563 675//563 686//563
f 657//564 647//564 658//564
f 685//565 676//565 675//565
f 657//566 648//566 647//566
f 684//567 676//567 685//567
f 684//568 677//568 676//568
f 656//569 648//569 657//569
f 656//570 649//570 648//570
f 683//571 677//571 684//571
f 683//572 678//572 677//572
f 655//573 649//573 656//573
f 655//574 650//574 649//574
f 682//575 678//575 683//575
f 654//576 650//576 655//576
f 682//577 679//577 678//577
f 654//578 651//578 650//578
f 681//579 679//579 682//579
f 653//580 651//580 654//580
f 681//581 680//581 679//581
f 653//582 652//582 651//582
f 742//583 744//583 743//583
f 742//584 745//584 744//584
f 741//585 745//585 742//585
f 741//586 746//586 745//586
f 740//587 746//587 741//587
f 740//588 747//588 746//588
f 739//589 747//589 740//589
f 739//590 748//590 747//590
f 738//591 748//591 739//591
f 738//592 749//592 748//592
f 737//593 749//593 738//593
f 737//594 750//594 749//594
f 736//595 750//595 737//595
f 736//596 751//596 750//596
f 735//597 776//597 736//597
f 776//598 751//598 736//598
f 735//599 777//599 776//599
f 775//600 751//600 776//600
f 735//601 778//601 777//601
f 774//602 751//602 775//602
f 774//603 752//603 751//603
f 735//604 779//604 778//604
f 773//605 752//605 774//605
f 734//606 779//606 735//606
f 734//607 780//607 779//607
f 772//608 752//608 773//608
f 772//609 753//609 752//609
f 734//610 781//610 780//610
f 771//611 753//611 772//611
f 733//612 781//612 734//612
f 733//613 782//613 781//613
f 770//614 753//614 771//614
f 770//615 754//615 753//615
f 732//616 782//616 733//616
f 732//617 783//617 782//617
f 769//618 754//618 770//618
f 769//619 755//619 754//619
f 731//620 783//620 732//620
f 731//621 784//621 783//621
f 768//622 755//622 769//622
f 768//623 756//623 755//623
f 768//624 757//624 756//624
f 768//625 758//625 757//625
f 731//626 785//626 784//626
f 767//627 758//627 768//627
f 767//628 759//628 758//628
f 767//629 760//629 759//629
f 730//630 785//630 731//630
f 767//631 761//631 760//631
f 766//632 761//632 767//632
f 766//633 762//633 761//633
f 766//634 763//634 762//634
f 766//635 764//635 763//635
f 765//636 764//636 766//636
f 804//637 806//637 805//637
f 803//638 806//638 804//638
f 802//639 806//639 803//639
f 802//640 807//640 806//640
f 802//641 808//641 807//641
f 802//642 809//642 808//642
f 802//643 810//643 809//643
f 729//644 785//644 730//644
f 801//645 810//645 802//645
f 801//646 811//646 810//646
f 801//647 812//647 811//647
f 801//648 813//648 812//648
f 729//649 786//649 785//649
f 800//650 813//650 801//650
f 800//651 814//651 813//651
f 800//652 815//652 814//652
f 729//653 787//653 786//653
f 799//654 815//654 800//654
f 728//655 787//655 729//655
f 799//656 816//656 815//656
f 728//657 788//657 787//657
f 798//658 816//658 799//658
f 727//659 788//659 728//659
f 798//660 817//660 816//660
f 727//661 789//661 788//661
f 797//662 817//662 798//662
f 726//663 789//663 727//663
f 726//664 790//664 789//664
f 796//665 817//665 797//665
f 796//666 818//666 817//666
f 726//667 791//667 790//667
f 795//668 818//668 796//668
f 725//669 791//669 726//669
f 725//670 792//670 791//670
f 794//671 818//671 795//671
f 794//672 819//672 818//672
f 725//673 793//673 792//673
f 793//674 819//674 794//674
f 725//675 819//675 793//675
f 724//676 819//676 725//676
f 724//677 820//677 819//677
f 723//678 820//678 724//678
f 723//679 821//679 820//679
f 722//680 821//680 723//680
f 722//681 822//681 821//681
f 721//682 822//682 722//682
f 721//683 823//683 822//683
f 720//684 823//684 721//684
f 720//685 824//685 823//685
f 719//686 824//686 720//686
f 719//687 825//687 824//687
f 718//688 825//688 719//688
f 907//689 909//689 908//689
f 907//690 910//690 909//690
f 906//691 910//691 907//691
f 906//692 911//692 910//692
f 905//693 911//693 906//693
f 905//694 912//694 911//694
f 904//695 912//695 905//695
f 904//696 913//696 912//696
f 903//697 913//697 904//697
f 903//698 914//698 913//698
f 903//699 915//699 914//699
f 902//700 915//700 903//700
f 902//701 916//701 915//701
f 901//702 916//702 902//702
f 901//703 917//703 916//703
f 900//704 917//704 901//704
f 899//705 838//705 900//705
f 838//706 837//706 900//706
f 837//707 836//707 900//707
f 836//708 917//708 900//708
f 836//709 835//709 917//709
f 835//710 826//710 917//710
f 835//711 827//711 826//711
f 835//712 828//712 827//712
f 835//713 829//713 828//713
f 835//714 830//714 829//714
f 835//715 831//715 830//715
f 835//716 832//716 831//716
f 835//717 833//717 832//717
f 835//718 834//718 833//718
f 899//719 839//719 838//719
f 899//720 840//720 839//720
f 899//721 841//721 840//721
f 899//722 842//722 841//722
f 899//723 843//723 842//723
f 899//724 844//724 843//724
f 899//725 866//725 844//725
f 866//726 865//726 844//726
f 865//727 864//727 844//727
f 864//728 845//728 844//728
f 864//729 846//729 845//729
f 864//730 847//730 846//730
f 864//731 848//731 847//731
f 864//732 849//732 848//732
f 864//733 850//733 849//733
f 864//734 851//734 850//734
f 864//735 852//735 851//735
f 864//736 853//736 852//736
f 864//737 863//737 853//737
f 863//738 854//738 853//738
f 863//739 855//739 854//739
f 863//740 856//740 855//740
f 863//741 857//741 856//741
f 863//742 858//742 857//742
f 863//743 859//743 858//743
f 863//744 860//744 859//744
f 863//745 861//745 860//745
f 863//746 862//746 861//746
f 899//747 867//747 866//747
f 899//748 868//748 867//748
f 899//749 869//749 868//749
f 899//750 870//750 869//750
f 899//751 871//751 870//751
f 899//752 872//752 871//752
f 899//753 873//753 872//753
f 899//754 874//754 873//754
f 899//755 875//755 874//755
f 899//756 876//756 875//756
f 899//757 877//757 876//757
f 899//758 878//758 877//758
f 899//759 879//759 878//759
f 899//760 880//760 879//760
f 899//761 881//761 880//761
f 899//762 882//762 881//762
f 898//763 882//763 899//763
f 898//764 883//764 882//764
f 897//765 883//765 898//765
f 897//766 884//766 883//766
f 896//767 884//767 897//767
f 896//768 885//768 884//768
f 895//769 885//769 896//769
f 895//770 886//770 885//770
f 894//771 886//771 895//771
f 894//772 887//772 886//772
f 893//773 887//773 894//773
f 893//774 888//774 887//774
f 892//775 888//775 893//775
f 892//776 889//776 888//776
f 891//777 889//777 892//777
f 891//778 890//778 889//778
f 958//779 960//779 959//779
f 958//780 961//780 960//780
f 957//781 961//781 958//781
f 956//782 961//782 957//782
f 956//783 962//783 961//783
f 955//784 962//784 956//784
f 954//785 962//785 955//785
f 953//786 962//786 954//786
f 953//787 963//787 962//787
f 952//788 963//788 953//788
f 951//789 963//789 952//789
f 950//790 1001//790 951//790
f 1001//791 1000//791 951//791
f 1000//792 999//792 951//792
f 999//793 963//793 951//793
f 999//794 964//794 963//794
f 999//795 965//795 964//795
f 999//796 998//796 965//796
f 998//797 966//797 965//797
f 998//798 967//798 966//798
f 998//799 968//799 967//799
f 998//800 1024//800 968//800
f 1024//801 1023//801 968//801
f 1023//802 969//802 968//802
f 1022//803 969//803 1023//803
f 950//804 1002//804 1001//804
f 950//805 1003//805 1002//805
f 1021//806 969//806 1022//806
f 1020//807 969//807 1021//807
f 1020//808 970//808 969//808
f 1019//809 970//809 1020//809
f 1018//810 970//810 1019//810
f 1018//811 971//811 970//811
f 1017//812 971//812 1018//812
f 1017//813 972//813 971//813
f 1016//814 972//814 1017//814
f 1016//815 973//815 972//815
f 1015//816 973//816 1016//816
f 1014//817 973//817 1015//817
f 1014//818 974//818 973//818
f 1013//819 974//819 1014//819
f 1012//820 974//820 1013//820
f 1012//821 975//821 974//821
f 1011//822 975//822 1012//822
f 1010//823 975//823 1011//823
f 1010//824 976//824 975//824
f 1009//825 976//825 1010//825
f 950//826 1004//826 1003//826
f 950//827 1005//827 1004//827
f 1008//828 976//828 1009//828
f 950//829 1006//829 1005//829
f 950//830 1007//830 1006//830
f 950//831 931//831 1007//831
f 931//832 930//832 1007//832
f 930//833 929//833 1007//833
f 929//834 1008//834 1007//834
f 929//835 976//835 1008//835
f 929//836 977//836 976//836
f 929//837 928//837 977//837
f 928//838 978//838 977//838
f 928//839 979//839 978//839
f 928//840 980//840 979//840
f 928//841 981//841 980//841
f 928//842 982//842 981//842
f 928//843 983//843 982//843
f 928//844 984//844 983//844
f 928//845 985//845 984//845
f 928//846 986//846 985//846
f 928//847 987//847 986//847
f 928//848 988//848 987//848
f 928//849 927//849 988//849
f 927//850 926//850 988//850
f 926//851 925//851 988//851
f 925//852 924//852 988//852
f 924//853 989//853 988//853
f 923//854 989//854 924//854
f 950//855 932//855 931//855
f 922//856 989//856 923//856
f 950//857 933//857 932//857
f 922//858 990//858 989//858
f 922//859 991//859 990//859
f 949//860 933//860 950//860
f 949//861 934//861 933//861
f 922//862 992//862 991//862
f 948//863 934//863 949//863
f 948//864 935//864 934//864
f 922//865 993//865 992//865
f 921//866 993//866 922//866
f 921//867 994//867 993//867
f 947//868 935//868 948//868
f 947//869 936//869 935//869
f 946//870 936//870 947//870
f 946//871 937//871 936//871
f 920//872 994//872 921//872
f 920//873 995//873 994//873
f 945//874 937//874 946//874
f 945//875 938//875 937//875
f 919//876 995//876 920//876
f 919//877 996//877 995//877
f 944//878 938//878 945//878
f 944//879 939//879 938//879
f 943//880 939//880 944//880
f 943//881 940//881 939//881
f 918//882 996//882 919//882
f 918//883 997//883 996//883
f 942//884 940//884 943//884
f 942//885 941//885 940//885
f 1057//886 1059//886 1058//886
f 1057//887 1060//887 1059//887
f 1056//888 1060//888 1057//888
f 1056//889 1061//889 1060//889
f 1055//890 1061//890 1056//890
f 1055//891 1062//891 1061//891
f 1054//892 1062//892 1055//892
f 1054//893 1063//893 1062//893
f 1053//894 1090//894 1054//894
f 1090//895 1089//895 1054//895
f 1089//896 1063//896 1054//896
f 1089//897 1088//897 1063//897
f 1088//898 1087//898 1063//898
f 1087//899 1086//899 1063//899
f 1086//900 1085//900 1063//900
f 1085//901 1084//901 1063//901
f 1084//902 1064//902 1063//902
f 1053//903 1091//903 1090//903
f 1083//904 1064//904 1084//904
f 1053//905 1073//905 1091//905
f 1082//906 1064//906 1083//906
f 1053//907 1074//907 1073//907
f 1081//908 1064//908 1082//908
f 1053//909 1075//909 1074//909
f 1080//910 1064//910 1081//910
f 1053//911 1076//911 1075//911
f 1079//912 1064//912 1080//912
f 1053//913 1077//913 1076//913
f 1078//914 1064//914 1079//914
f 1053//915 1037//915 1077//915
f 1037//916 1036//916 1077//916
f 1036//917 1078//917 1077//917
f 1036//918 1035//918 1078//918
f 1035//919 1034//919 1078//919
f 1034//920 1033//920 1078//920
f 1033//921 1032//921 1078//921
f 1032//922 1064//922 1078//922
f 1053//923 1038//923 1037//923
f 1031//924 1064//924 1032//924
f 1053//925 1039//925 1038//925
f 1030//926 1064//926 1031//926
f 1053//927 1040//927 1039//927
f 1029//928 1064//928 1030//928
f 1052//929 1040//929 1053//929
f 1029//930 1065//930 1064//930
f 1029//931 1066//931 1065//931
f 1029//932 1067//932 1066//932
f 1051//933 1040//933 1052//933
f 1029//934 1068//934 1067//934
f 1051//935 1041//935 1040//935
f 1028//936 1068//936 1029//936
f 1028//937 1069//937 1068//937
f 1050//938 1041//938 1051//938
f 1050//939 1042//939 1041//939
f 1027//940 1069//940 1028//940
f 1049//941 1042//941 1050//941
f 1027//942 1070//942 1069//942
f 1048//943 1042//943 1049//943
f 1048//944 1043//944 1042//944
f 1026//945 1070//945 1027//945
f 1026//946 1071//946 1070//946
f 1047//947 1043//947 1048//947
f 1046//948 1043//948 1047//948
f 1046//949 1044//949 1043//949
f 1025//950 1071//950 1026//950
f 1025//951 1072//951 1071//951
f 1045//952 1044//952 1046//952
f 1177//953 1179//953 1178//953
f 1177//954 1180//954 1179//954
f 1095//955 1097//955 1096//955
f 1095//956 1098//956 1097//956
f 1176//957 1180//957 1177//957
f 1095//958 1099//958 1098//958
f 1176//959 1181//959 1180//959
f 1094//960 1099//960 1095//960
f 1175//961 1181//961 1176//961
f 1094//962 1100//962 1099//962
f 1174//963 1181//963 1175//963
f 1094//964 1101//964 1100//964
f 1174//965 1182//965 1181//965
f 1093//966 1101//966 1094//966
f 1173//967 1182//967 1174//967
f 1093//968 1102//968 1101//968
f 1173//969 1183//969 1182//969
f 1092//970 1102//970 1093//970
f 1092//971 1103//971 1102//971
f 1172//972 1183//972 1173//972
f 1092//973 1104//973 1103//973
f 1171//974 1183//974 1172//974
f 1171//975 1184//975 1183//975
f 1192//976 1104//976 1092//976
f 1192//977 1105//977 1104//977
f 1170//978 1184//978 1171//978
f 1169//979 1150//979 1170//979
f 1150//980 1149//980 1170//980
f 1149//981 1148//981 1170//981
f 1148//982 1147//982 1170//982
f 1147//983 1146//983 1170//983
f 1146//984 1145//984 1170//984
f 1145//985 1184//985 1170//985
f 1192//986 1130//986 1105//986
f 1130//987 1129//987 1105//987
f 1129//988 1128//988 1105//988
f 1128//989 1127//989 1105//989
f 1127//990 1126//990 1105//990
f 1126//991 1125//991 1105//991
f 1125//992 1106//992 1105//992
f 1192//993 1131//993 1130//993
f 1192//994 1132//994 1131//994
f 1144//995 1184//995 1145//995
f 1143//996 1184//996 1144//996
f 1192//997 1133//997 1132//997
f 1124//998 1106//998 1125//998
f 1142//999 1184//999 1143//999
f 1169//1000 1151//1000 1150//1000
f 1123//1001 1106//1001 1124//1001
f 1169//1002 1152//1002 1151//1002
f 1142//1003 1185//1003 1184//1003
f 1191//1004 1133//1004 1192//1004
f 1190//1005 1133//1005 1191//1005
f 1142//1006 1186//1006 1185//1006
f 1189//1007 1133//1007 1190//1007
f 1142//1008 1187//1008 1186//1008
f 1188//1009 1133//1009 1189//1009
f 1142//1010 1188//1010 1187//1010
f 1142//1011 1133//1011 1188//1011
f 1141//1012 1133//1012 1142//1012
f 1141//1013 1134//1013 1133//1013
f 1140//1014 1134//1014 1141//1014
f 1140//1015 1135//1015 1134//1015
f 1139//1016 1135//1016 1140//1016
f 1139//1017 1136//1017 1135//1017
f 1138//1018 1136//1018 1139//1018
f 1138//1019 1137//1019 1136//1019
f 1168//1020 1152//1020 1169//1020
f 1168//1021 1153//1021 1152//1021
f 1122//1022 1106//1022 1123//1022
f 1122//1023 1107//1023 1106//1023
f 1167//1024 1153//1024 1168//1024
f 1121//1025 1107//1025 1122//1025
f 1167//1026 1154//1026 1153//1026
f 1121//1027 1108//1027 1107//1027
f 1166//1028 1154//1028 1167//1028
f 1120//1029 1108//1029 1121//1029
f 1166//1030 1155//1030 1154//1030
f 1120//1031 1109//1031 1108//1031
f 1165//1032 1155//1032 1166//1032
f 1119//1033 1109//1033 1120//1033
f 1165//1034 1156//1034 1155//1034
f 1119//1035 1110//1035 1109//1035
f 1164//1036 1156//1036 1165//1036
f 1164//1037 1157//1037 1156//1037
f 1118//1038 1110//1038 1119//1038
f 1118//1039 1111//1039 1110//1039
f 1163//1040 1157//1040 1164//1040
f 1163//1041 1158//1041 1157//1041
f 1117//1042 1111//1042 1118//1042
f 1117//1043 1112//1043 1111//1043
f 1162//1044 1158//1044 1163//1044
f 1116//1045 1112//1045 1117//1045
f 1162//1046 1159//1046 1158//1046
f 1116//1047 1113//1047 1112//1047
f 1161//1048 1159//1048 1162//1048
f 1115//1049 1113//1049 1116//1049
f 1161//1050 1160//1050 1159//1050
f 1115//1051 1114//1051 1113//1051
f 1209//1052 1210//1052 1211//1052
f 1209//1053 1211//1053 1212//1053
f 1208//1054 1209//1054 1212//1054
f 1208//1055 1212//1055 1213//1055
f 1207//1056 1208//1056 1213//1056
f 1207//1057 1213//1057 1214//1057
f 1206//1058 1207//1058 1214//1058
f 1206//1059 1214//1059 1215//1059
f 1205//1060 1206//1060 1215//1060
f 1205//1061 1215//1061 1216//1061
f 1205//1062 1216//1062 1217//1062
f 1204//1063 1205//1063 1217//1063
f 1204//1064 1217//1064 1218//1064
f 1203//1065 1204//1065 1218//1065
f 1203//1066 1218//1066 1219//1066
f 1202//1067 1203//1067 1219//1067
f 1201//1068 1202//1068 1219//1068
f 1201//1069 1219//1069 1220//1069
f 1201//1070 1220//1070 1221//1070
f 1201//1071 1221//1071 1222//1071
f 1201//1072 1222//1072 1223//1072
f 1201//1073 1223//1073 1224//1073
f 1201//1074 1224//1074 1225//1074
f 1201//1075 1225//1075 1226//1075
f 1201//1076 1226//1076 1227//1076
f 1201//1077 1227//1077 1228//1077
f 1201//1078 1228//1078 1229//1078
f 1201//1079 1229//1079 1230//1079
f 1201//1080 1230//1080 1231//1080
f 1201//1081 1231//1081 1232//1081
f 1201//1082 1232//1082 1233//1082
f 1201//1083 1233//1083 1234//1083
f 1200//1084 1201//1084 1234//1084
f 1200//1085 1234//1085 1235//1085
f 1199//1086 1200//1086 1235//1086
f 1199//1087 1235//1087 1236//1087
f 1198//1088 1199//1088 1236//1088
f 1198//1089 1236//1089 1237//1089
f 1197//1090 1198//1090 1237//1090
f 1197//1091 1237//1091 1238//1091
f 1196//1092 1197//1092 1238//1092
f 1196//1093 1238//1093 1239//1093
f 1195//1094 1196//1094 1239//1094
f 1195//1095 1239//1095 1240//1095
f 1194//1096 1195//1096 1240//1096
f 1194//1097 1240//1097 1241//1097
f 1193//1098 1194//1098 1241//1098
f 1193//1099 1241//1099 1242//1099
f 1275//1100 1276//1100 1277//1100
f 1275//1101 1277//1101 1278//1101
f 1274//1102 1275//1102 1278//1102
f 1274//1103 1278//1103 1279//1103
f 1273//1104 1274//1104 1279//1104
f 1273//1105 1279//1105 1280//1105
f 1272//1106 1273//1106 1280//1106
f 1272//1107 1280//1107 1281//1107
f 1271//1108 1272//1108 1308//1108
f 1308//1109 1272//1109 1307//1109
f 1307//1110 1272//1110 1281//1110
f 1307//1111 1281//1111 1306//1111
f 1306//1112 1281//1112 1305//1112
f 1305//1113 1281//1113 1304//1113
f 1304//1114 1281//1114 1303//1114
f 1303//1115 1281//1115 1302//1115
f 1302//1116 1281//1116 1282//1116
f 1271//1117 1308//1117 1309//1117
f 1301//1118 1302//1118 1282//1118
f 1271//1119 1309//1119 1291//1119
f 1300//1120 1301//1120 1282//1120
f 1271//1121 1291//1121 1292//1121
f 1299//1122 1300//1122 1282//1122
f 1271//1123 1292//1123 1293//1123
f 1298//1124 1299//1124 1282//1124
f 1271//1125 1293//1125 1294//1125
f 1297//1126 1298//1126 1282//1126
f 1271//1127 1294//1127 1295//1127
f 1296//1128 1297//1128 1282//1128
f 1271//1129 1295//1129 1255//1129
f 1255//1130 1295//1130 1254//1130
f 1254//1131 1295//1131 1296//1131
f 1254//1132 1296//1132 1253//1132
f 1253//1133 1296//1133 1252//1133
f 1252//1134 1296//1134 1251//1134
f 1251//1135 1296//1135 1250//1135
f 1250//1136 1296//1136 1282//1136
f 1271//1137 1255//1137 1256//1137
f 1249//1138 1250//1138 1282//1138
f 1271//1139 1256//1139 1257//1139
f 1248//1140 1249//1140 1282//1140
f 1271//1141 1257//1141 1258//1141
f 1247//1142 1248//1142 1282//1142
f 1270//1143 1271//1143 1258//1143
f 1247//1144 1282//1144 1283//1144
f 1247//1145 1283//1145 1284//1145
f 1247//1146 1284//1146 1285//1146
f 1269//1147 1270//1147 1258//1147
f 1247//1148 1285//1148 1286//1148
f 1269//1149 1258//1149 1259//1149
f 1246//1150 1247//1150 1286//1150
f 1246//1151 1286//1151 1287//1151
f 1268//1152 1269//1152 1259//1152
f 1268//1153 1259//1153 1260//1153
f 1245//1154 1246//1154 1287//1154
f 1267//1155 1268//1155 1260//1155
f 1245//1156 1287//1156 1288//1156
f 1266//1157 1267//1157 1260//1157
f 1266//1158 1260//1158 1261//1158
f 1244//1159 1245//1159 1288//1159
f 1244//1160 1288//1160 1289//1160
f 1265//1161 1266//1161 1261//1161
f 1264//1162 1265//1162 1261//1162
f 1264//1163 1261//1163 1262//1163
f 1243//1164 1244//1164 1289//1164
f 1243//1165 1289//1165 1290//1165
f 1263//1166 1264//1166 1262//1166
f 1381//1167 1382//1167 1383//1167
f 1381//1168 1383//1168 1384//1168
f 1317//1169 1318//1169 1319//1169
f 1317//1170 1319//1170 1320//1170
f 1380//1171 1381//1171 1384//1171
f 1380//1172 1384//1172 1385//1172
f 1316//1173 1317//1173 1320//1173
f 1316//1174 1320//1174 1321//1174
f 1379//1175 1380//1175 1385//1175
f 1379//1176 1385//1176 1386//1176
f 1315//1177 1316//1177 1321//1177
f 1315//1178 1321//1178 1322//1178
f 1378//1179 1379//1179 1386//1179
f 1378//1180 1386//1180 1387//1180
f 1314//1181 1315//1181 1322//1181
f 1314//1182 1322//1182 1323//1182
f 1377//1183 1378//1183 1387//1183
f 1377//1184 1387//1184 1388//1184
f 1313//1185 1314//1185 1323//1185
f 1313//1186 1323//1186 1324//1186
f 1377//1187 1388//1187 1389//1187
f 1313//1188 1324//1188 1325//1188
f 1376//1189 1377//1189 1389//1189
f 1312//1190 1313//1190 1325//1190
f 1376//1191 1389//1191 1390//1191
f 1312//1192 1325//1192 1326//1192
f 1375//1193 1376//1193 1390//1193
f 1311//1194 1312//1194 1326//1194
f 1375//1195 1390//1195 1391//1195
f 1311//1196 1326//1196 1327//1196
f 1374//1197 1375//1197 1391//1197
f 1310//1198 1311//1198 1327//1198
f 1373//1199 1374//1199 1391//1199
f 1373//1200 1391//1200 1392//1200
f 1401//1201 1310//1201 1327//1201
f 1401//1202 1327//1202 1328//1202
f 1373//1203 1392//1203 1393//1203
f 1400//1204 1401//1204 1328//1204
f 1399//1205 1400//1205 1328//1205
f 1373//1206 1393//1206 1394//1206
f 1398//1207 1399//1207 1328//1207
f 1373//1208 1394//1208 1395//1208
f 1397//1209 1398//1209 1328//1209
f 1373//1210 1395//1210 1396//1210
f 1373//1211 1396//1211 1354//1211
f 1354//1212 1396//1212 1353//1212
f 1353//1213 1396//1213 1352//1213
f 1352//1214 1396//1214 1397//1214
f 1352//1215 1397//1215 1351//1215
f 1351//1216 1397//1216 1350//1216
f 1350//1217 1397//1217 1349//1217
f 1349//1218 1397//1218 1348//1218
f 1348//1219 1397//1219 1347//1219
f 1347//1220 1397//1220 1328//1220
f 1373//1221 1354//1221 1355//1221
f 1346//1222 1347//1222 1328//1222
f 1373//1223 1355//1223 1356//1223
f 1345//1224 1346//1224 1328//1224
f 1372//1225 1373//1225 1356//1225
f 1372//1226 1356//1226 1357//1226
f 1344//1227 1345//1227 1328//1227
f 1344//1228 1328//1228 1329//1228
f 1371//1229 1372//1229 1357//1229
f 1343//1230 1344//1230 1329//1230
f 1371//1231 1357//1231 1358//1231
f 1343//1232 1329//1232 1330//1232
f 1370//1233 1371//1233 1358//1233
f 1342//1234 1343//1234 1330//1234
f 1370//1235 1358//1235 1359//1235
f 1342//1236 1330//1236 1331//1236
f 1369//1237 1370//1237 1359//1237
f 1341//1238 1342//1238 1331//1238
f 1369//1239 1359//1239 1360//1239
f 1341//1240 1331//1240 1332//1240
f 1368//1241 1369//1241 1360//1241
f 1368//1242 1360//1242 1361//1242
f 1340//1243 1341//1243 1332//1243
f 1340//1244 1332//1244 1333//1244
f 1367//1245 1368//1245 1361//1245
f 1367//1246 1361//1246 1362//1246
f 1339//1247 1340//1247 1333//1247
f 1339//1248 1333//1248 1334//1248
f 1366//1249 1367//1249 1362//1249
f 1338//1250 1339//1250 1334//1250
f 1366//1251 1362//1251 1363//1251
f 1338//1252 1334//1252 1335//1252
f 1365//1253 1366//1253 1363//1253
f 1337//1254 1338//1254 1335//1254
f 1365//1255 1363//1255 1364//1255
f 1337//1256 1335//1256 1336//1256
f 1426//1257 1427//1257 1428//1257
f 1426//1258 1428//1258 1429//1258
f 1425//1259 1426//1259 1429//1259
f 1425//1260 1429//1260 1430//1260
f 1424//1261 1425//1261 1430//1261
f 1424//1262 1430//1262 1431//1262
f 1423//1263 1424//1263 1431//1263
f 1423//1264 1431//1264 1432//1264
f 1422//1265 1423//1265 1432//1265
f 1422//1266 1432//1266 1433//1266
f 1421//1267 1422//1267 1433//1267
f 1421//1268 1433//1268 1434//1268
f 1420//1269 1421//1269 1434//1269
f 1420//1270 1434//1270 1435//1270
f 1419//1271 1420//1271 1460//1271
f 1460//1272 1420//1272 1435//1272
f 1419//1273 1460//1273 1461//1273
f 1459//1274 1460//1274 1435//1274
f 1419//1275 1461//1275 1462//1275
f 1458//1276 1459//1276 1435//1276
f 1458//1277 1435//1277 1436//1277
f 1419//1278 1462//1278 1463//1278
f 1457//1279 1458//1279 1436//1279
f 1418//1280 1419//1280 1463//1280
f 1418//1281 1463//1281 1464//1281
f 1456//1282 1457//1282 1436//1282
f 1456//1283 1436//1283 1437//1283
f 1418//1284 1464//1284 1465//1284
f 1455//1285 1456//1285 1437//1285
f 1417//1286 1418//1286 1465//1286
f 1417//1287 1465//1287 1466//1287
f 1454//1288 1455//1288 1437//1288
f 1454//1289 1437//1289 1438//1289
f 1416//1290 1417//1290 1466//1290
f 1416//1291 1466//1291 1467//1291
f 1453//1292 1454//1292 1438//1292
f 1453//1293 1438//1293 1439//1293
f 1415//1294 1416//1294 1467//1294
f 1415//1295 1467//1295 1468//1295
f 1452//1296 1453//1296 1439//1296
f 1452//1297 1439//1297 1440//1297
f 1452//1298 1440//1298 1441//1298
f 1452//1299 1441//1299 1442//1299
f 1415//1300 1468//1300 1469//1300
f 1451//1301 1452//1301 1442//1301
f 1451//1302 1442//1302 1443//1302
f 1451//1303 1443//1303 1444//1303
f 1414//1304 1415//1304 1469//1304
f 1451//1305 1444//1305 1445//1305
f 1450//1306 1451//1306 1445//1306
f 1450//1307 1445//1307 1446//1307
f 1450//1308 1446//1308 1447//1308
f 1450//1309 1447//1309 1448//1309
f 1449//1310 1450//1310 1448//1310
f 1488//1311 1489//1311 1490//1311
f 1487//1312 1488//1312 1490//1312
f 1486//1313 1487//1313 1490//1313
f 1486//1314 1490//1314 1491//1314
f 1486//1315 1491//1315 1492//1315
f 1486//1316 1492//1316 1493//1316
f 1486//1317 1493//1317 1494//1317
f 1413//1318 1414//1318 1469//1318
f 1485//1319 1486//1319 1494//1319
f 1485//1320 1494//1320 1495//1320
f 1485//1321 1495//1321 1496//1321
f 1485//1322 1496//1322 1497//1322
f 1413//1323 1469//1323 1470//1323
f 1484//1324 1485//1324 1497//1324
f 1484//1325 1497//1325 1498//1325
f 1484//1326 1498//1326 1499//1326
f 1413//1327 1470//1327 1471//1327
f 1483//1328 1484//1328 1499//1328
f 1412//1329 1413//1329 1471//1329
f 1483//1330 1499//1330 1500//1330
f 1412//1331 1471//1331 1472//1331
f 1482//1332 1483//1332 1500//1332
f 1411//1333 1412//1333 1472//1333
f 1482//1334 1500//1334 1501//1334
f 1411//1335 1472//1335 1473//1335
f 1481//1336 1482//1336 1501//1336
f 1410//1337 1411//1337 1473//1337
f 1410//1338 1473//1338 1474//1338
f 1480//1339 1481//1339 1501//1339
f 1480//1340 1501//1340 1502//1340
f 1410//1341 1474//1341 1475//1341
f 1479//1342 1480//1342 1502//1342
f 1409//1343 1410//1343 1475//1343
f 1409//1344 1475//1344 1476//1344
f 1478//1345 1479//1345 1502//1345
f 1478//1346 1502//1346 1503//1346
f 1409//1347 1476//1347 1477//1347
f 1477//1348 1478//1348 1503//1348
f 1409//1349 1477//1349 1503//1349
f 1408//1350 1409//1350 1503//1350
f 1408//1351 1503//1351 1504//1351
f 1407//1352 1408//1352 1504//1352
f 1407//1353 1504//1353 1505//1353
f 1406//1354 1407//1354 1505//1354
f 1406//1355 1505//1355 1506//1355
f 1405//1356 1406//1356 1506//1356
f 1405//1357 1506//1357 1507//1357
f 1404//1358 1405//1358 1507//1358
f 1404//1359 1507//1359 1508//1359
f 1403//1360 1404//1360 1508//1360
f 1403//1361 1508//1361 1509//1361
f 1402//1362 1403//1362 1509//1362
f 1591//1363 1592//1363 1593//1363
f 1591//1364 1593//1364 1594//1364
f 1590//1365 1591//1365 1594//1365
f 1590//1366 1594//1366 1595//1366
f 1589//1367 1590//1367 1595//1367
f 1589//1368 1595//1368 1596//1368
f 1588//1369 1589//1369 1596//1369
f 1588//1370 1596//1370 1597//1370
f 1587//1371 1588//1371 1597//1371
f 1587//1372 1597//1372 1598//1372
f 1587//1373 1598//1373 1599//1373
f 1586//1374 1587//1374 1599//1374
f 1586//1375 1599//1375 1600//1375
f 1585//1376 1586//1376 1600//1376
f 1585//1377 1600//1377 1601//1377
f 1584//1378 1585//1378 1601//1378
f 1583//1379 1584//1379 1522//1379
f 1522//1380 1584//1380 1521//1380
f 1521//1381 1584//1381 1520//1381
f 1520//1382 1584//1382 1601//1382
f 1520//1383 1601//1383 1519//1383
f 1519//1384 1601//1384 1510//1384
f 1519//1385 1510//1385 1511//1385
f 1519//1386 1511//1386 1512//1386
f 1519//1387 1512//1387 1513//1387
f 1519//1388 1513//1388 1514//1388
f 1519//1389 1514//1389 1515//1389
f 1519//1390 1515//1390 1516//1390
f 1519//1391 1516//1391 1517//1391
f 1519//1392 1517//1392 1518//1392
f 1583//1393 1522//1393 1523//1393
f 1583//1394 1523//1394 1524//1394
f 1583//1395 1524//1395 1525//1395
f 1583//1396 1525//1396 1526//1396
f 1583//1397 1526//1397 1527//1397
f 1583//1398 1527//1398 1528//1398
f 1583//1399 1528//1399 1550//1399
f 1550//1400 1528//1400 1549//1400
f 1549//1401 1528//1401 1548//1401
f 1548//1402 1528//1402 1529//1402
f 1548//1403 1529//1403 1530//1403
f 1548//1404 1530//1404 1531//1404
f 1548//1405 1531//1405 1532//1405
f 1548//1406 1532//1406 1533//1406
f 1548//1407 1533//1407 1534//1407
f 1548//1408 1534//1408 1535//1408
f 1548//1409 1535//1409 1536//1409
f 1548//1410 1536//1410 1537//1410
f 1548//1411 1537//1411 1547//1411
f 1547//1412 1537//1412 1538//1412
f 1547//1413 1538//1413 1539//1413
f 1547//1414 1539//1414 1540//1414
f 1547//1415 1540//1415 1541//1415
f 1547//1416 1541//1416 1542//1416
f 1547//1417 1542//1417 1543//1417
f 1547//1418 1543//1418 1544//1418
f 1547//1419 1544//1419 1545//1419
f 1547//1420 1545//1420 1546//1420
f 1583//1421 1550//1421 1551//1421
f 1583//1422 1551//1422 1552//1422
f 1583//1423 1552//1423 1553//1423
f 1583//1424 1553//1424 1554//1424
f 1583//1425 1554//1425 1555//1425
f 1583//1426 1555//1426 1556//1426
f 1583//1427 1556//1427 1557//1427
f 1583//1428 1557//1428 1558//1428
f 1583//1429 1558//1429 1559//1429
f 1583//1430 1559//1430 1560//1430
f 1583//1431 1560//1431 1561//1431
f 1583//1432 1561//1432 1562//1432
f 1583//1433 1562//1433 1563//1433
f 1583//1434 1563//1434 1564//1434
f 1583//1435 1564//1435 1565//1435
f 1583//1436 1565//1436 1566//1436
f 1582//1437 1583//1437 1566//1437
f 1582//1438 1566//1438 1567//1438
f 1581//1439 1582//1439 1567//1439
f 1581//1440 1567//1440 1568//1440
f 1580//1441 1581//1441 1568//1441
f 1580//1442 1568//1442 1569//1442
f 1579//1443 1580//1443 1569//1443
f 1579//1444 1569//1444 1570//1444
f 1578//1445 1579//1445 1570//1445
f 1578//1446 1570//1446 1571//1446
f 1577//1447 1578//1447 1571//1447
f 1577//1448 1571//1448 1572//1448
f 1576//1449 1577//1449 1572//1449
f 1576//1450 1572//1450 1573//1450
f 1575//1451 1576//1451 1573//1451
f 1575//1452 1573//1452 1574//1452
f 1642//1453 1643//1453 1644//1453
f 1642//1454 1644//1454 1645//1454
f 1641//1455 1642//1455 1645//1455
f 1640//1456 1641//1456 1645//1456
f 1640//1457 1645//1457 1646//1457
f 1639//1458 1640//1458 1646//1458
f 1638//1459 1639//1459 1646//1459
f 1637//1460 1638//1460 1646//1460
f 1637//1461 1646//1461 1647//1461
f 1636//1462 1637//1462 1647//1462
f 1635//1463 1636//1463 1647//1463
f 1634//1464 1635//1464 1685//1464
f 1685//1465 1635//1465 1684//1465
f 1684//1466 1635//1466 1683//1466
f 1683//1467 1635//1467 1647//1467
f 1683//1468 1647//1468 1648//1468
f 1683//1469 1648//1469 1649//1469
f 1683//1470 1649//1470 1682//1470
f 1682//1471 1649//1471 1650//1471
f 1682//1472 1650//1472 1651//1472
f 1682//1473 1651//1473 1652//1473
f 1682//1474 1652//1474 1708//1474
f 1708//1475 1652//1475 1707//1475
f 1707//1476 1652//1476 1653//1476
f 1706//1477 1707//1477 1653//1477
f 1634//1478 1685//1478 1686//1478
f 1634//1479 1686//1479 1687//1479
f 1705//1480 1706//1480 1653//1480
f 1704//1481 1705//1481 1653//1481
f 1704//1482 1653//1482 1654//1482
f 1703//1483 1704//1483 1654//1483
f 1702//1484 1703//1484 1654//1484
f 1702//1485 1654//1485 1655//1485
f 1701//1486 1702//1486 1655//1486
f 1701//1487 1655//1487 1656//1487
f 1700//1488 1701//1488 1656//1488
f 1700//1489 1656//1489 1657//1489
f 1699//1490 1700//1490 1657//1490
f 1698//1491 1699//1491 1657//1491
f 1698//1492 1657//1492 1658//1492
f 1697//1493 1698//1493 1658//1493
f 1696//1494 1697//1494 1658//1494
f 1696//1495 1658//1495 1659//1495
f 1695//1496 1696//1496 1659//1496
f 1694//1497 1695//1497 1659//1497
f 1694//1498 1659//1498 1660//1498
f 1693//1499 1694//1499 1660//1499
f 1634//1500 1687//1500 1688//1500
f 1634//1501 1688//1501 1689//1501
f 1692//1502 1693//1502 1660//1502
f 1634//1503 1689//1503 1690//1503
f 1634//1504 1690//1504 1691//1504
f 1634//1505 1691//1505 1615//1505
f 1615//1506 1691//1506 1614//1506
f 1614//1507 1691//1507 1613//1507
f 1613//1508 1691//1508 1692//1508
f 1613//1509 1692//1509 1660//1509
f 1613//1510 1660//1510 1661//1510
f 1613//1511 1661//1511 1612//1511
f 1612//1512 1661//1512 1662//1512
f 1612//1513 1662//1513 1663//1513
f 1612//1514 1663//1514 1664//1514
f 1612//1515 1664//1515 1665//1515
f 1612//1516 1665//1516 1666//1516
f 1612//1517 1666//1517 1667//1517
f 1612//1518 1667//1518 1668//1518
f 1612//1519 1668//1519 1669//1519
f 1612//1520 1669//1520 1670//1520
f 1612//1521 1670//1521 1671//1521
f 1612//1522 1671//1522 1672//1522
f 1612//1523 1672//1523 1611//1523
f 1611//1524 1672//1524 1610//1524
f 1610//1525 1672//1525 1609//1525
f 1609//1526 1672//1526 1608//1526
f 1608//1527 1672//1527 1673//1527
f 1607//1528 1608//1528 1673//1528
f 1634//1529 1615//1529 1616//1529
f 1606//1530 1607//1530 1673//1530
f 1634//1531 1616//1531 1617//1531
f 1606//1532 1673//1532 1674//1532
f 1606//1533 1674//1533 1675//1533
f 1633//1534 1634//1534 1617//1534
f 1633//1535 1617//1535 1618//1535
f 1606//1536 1675//1536 1676//1536
f 1632//1537 1633//1537 1618//1537
f 1632//1538 1618//1538 1619//1538
f 1606//1539 1676//1539 1677//1539
f 1605//1540 1606//1540 1677//1540
f 1605//1541 1677//1541 1678//1541
f 1631//1542 1632//1542 1619//1542
f 1631//1543 1619//1543 1620//1543
f 1630//1544 1631//1544 1620//1544
f 1630//1545 1620//1545 1621//1545
f 1604//1546 1605//1546 1678//1546
f 1604//1547 1678//1547 1679//1547
f 1629//1548 1630//1548 1621//1548
f 1629//1549 1621//1549 1622//1549
f 1603//1550 1604//1550 1679//1550
f 1603//1551 1679//1551 1680//1551
f 1628//1552 1629//1552 1622//1552
f 1628//1553 1622//1553 1623//1553
f 1627//1554 1628//1554 1623//1554
f 1627//1555 1623//1555 1624//1555
f 1602//1556 1603//1556 1680//1556
f 1602//1557 1680//1557 1681//1557
f 1626//1558 1627//1558 1624//1558
f 1626//1559 1624//1559 1625//1559
f 1741//1560 1742//1560 1743//1560
f 1741//1561 1743//1561 1744//1561
f 1740//1562 1741//1562 1744//1562
f 1740//1563 1744//1563 1745//1563
f 1739//1564 1740//1564 1745//1564
f 1739//1565 1745//1565 1746//1565
f 1738//1566 1739//1566 1746//1566
f 1738//1567 1746//1567 1747//1567
f 1737//1568 1738//1568 1774//1568
f 1774//1569 1738//1569 1773//1569
f 1773//1570 1738//1570 1747//1570
f 1773//1571 1747//1571 1772//1571
f 1772//1572 1747//1572 1771//1572
f 1771//1573 1747//1573 1770//1573
f 1770//1574 1747//1574 1769//1574
f 1769//1575 1747//1575 1768//1575
f 1768//1576 1747//1576 1748//1576
f 1737//1577 1774//1577 1775//1577
f 1767//1578 1768//1578 1748//1578
f 1737//1579 1775//1579 1757//1579
f 1766//1580 1767//1580 1748//1580
f 1737//1581 1757//1581 1758//1581
f 1765//1582 1766//1582 1748//1582
f 1737//1583 1758//1583 1759//1583
f 1764//1584 1765//1584 1748//1584
f 1737//1585 1759//1585 1760//1585
f 1763//1586 1764//1586 1748//1586
f 1737//1587 1760//1587 1761//1587
f 1762//1588 1763//1588 1748//1588
f 1737//1589 1761//1589 1721//1589
f 1721//1590 1761//1590 1720//1590
f 1720//1591 1761//1591 1762//1591
f 1720//1592 1762//1592 1719//1592
f 1719//1593 1762//1593 1718//1593
f 1718//1594 1762//1594 1717//1594
f 1717//1595 1762//1595 1716//1595
f 1716//1596 1762//1596 1748//1596
f 1737//1597 1721//1597 1722//1597
f 1715//1598 1716//1598 1748//1598
f 1737//1599 1722//1599 1723//1599
f 1714//1600 1715//1600 1748//1600
f 1737//1601 1723//1601 1724//1601
f 1713//1602 1714//1602 1748//1602
f 1736//1603 1737//1603 1724//1603
f 1713//1604 1748//1604 1749//1604
f 1713//1605 1749//1605 1750//1605
f 1713//1606 1750//1606 1751//1606
f 1735//1607 1736//1607 1724//1607
f 1713//1608 1751//1608 1752//1608
f 1735//1609 1724//1609 1725//1609
f 1712//1610 1713//1610 1752//1610
f 1712//1611 1752//1611 1753//1611
f 1734//1612 1735//1612 1725//1612
f 1734//1613 1725//1613 1726//1613
f 1711//1614 1712//1614 1753//1614
f 1733//1615 1734//1615 1726//1615
f 1711//1616 1753//1616 1754//1616
f 1732//1617 1733//1617 1726//1617
f 1732//1618 1726//1618 1727//1618
f 1710//1619 1711//1619 1754//1619
f 1710//1620 1754//1620 1755//1620
f 1731//1621 1732//1621 1727//1621
f 1730//1622 1731//1622 1727//1622
f 1730//1623 1727//1623 1728//1623
f 1709//1624 1710//1624 1755//1624
f 1709//1625 1755//1625 1756//1625
f 1729//1626 1730//1626 1728//1626
f 1861//1627 1862//1627 1863//1627
f 1861//1628 1863//1628 1864//1628
f 1779//1629 1780//1629 1781//1629
f 1779//1630 1781//1630 1782//1630
f 1860//1631 1861//1631 1864//1631
f 1779//1632 1782//1632 1783//1632
f 1860//1633 1864//1633 1865//1633
f 1778//1634 1779//1634 1783//1634
f 1859//1635 1860//1635 1865//1635
f 1778//1636 1783//1636 1784//1636
f 1858//1637 1859//1637 1865//1637
f 1778//1638 1784//1638 1785//1638
f 1858//1639 1865//1639 1866//1639
f 1777//1640 1778//1640 1785//1640
f 1857//1641 1858//1641 1866//1641
f 1777//1642 1785//1642 1786//1642
f 1857//1643 1866//1643 1867//1643
f 1776//1644 1777//1644 1786//1644
f 1776//1645 1786//1645 1787//1645
f 1856//1646 1857//1646 1867//1646
f 1776//1647 1787//1647 1788//1647
f 1855//1648 1856//1648 1867//1648
f 1855//1649 1867//1649 1868//1649
f 1876//1650 1776//1650 1788//1650
f 1876//1651 1788//1651 1789//1651
f 1854//1652 1855//1652 1868//1652
f 1853//1653 1854//1653 1834//1653
f 1834//1654 1854//1654 1833//1654
f 1833//1655 1854//1655 1832//1655
f 1832//1656 1854//1656 1831//1656
f 1831//1657 1854//1657 1830//1657
f 1830//1658 1854//1658 1829//1658
f 1829//1659 1854//1659 1868//1659
f 1876//1660 1789//1660 1814//1660
f 1814//1661 1789//1661 1813//1661
f 1813//1662 1789//1662 1812//1662
f 1812//1663 1789//1663 1811//1663
f 1811//1664 1789//1664 1810//1664
f 1810//1665 1789//1665 1809//1665
f 1809//1666 1789//1666 1790//1666
f 1876//1667 1814//1667 1815//1667
f 1876//1668 1815//1668 1816//1668
f 1828//1669 1829//1669 1868//1669
f 1827//1670 1828//1670 1868//1670
f 1876//1671 1816//1671 1817//1671
f 1808//1672 1809//1672 1790//1672
f 1826//1673 1827//1673 1868//1673
f 1853//1674 1834//1674 1835//1674
f 1807//1675 1808//1675 1790//1675
f 1853//1676 1835//1676 1836//1676
f 1826//1677 1868//1677 1869//1677
f 1875//1678 1876//1678 1817//1678
f 1874//1679 1875//1679 1817//1679
f 1826//1680 1869//1680 1870//1680
f 1873//1681 1874//1681 1817//1681
f 1826//1682 1870//1682 1871//1682
f 1872//1683 1873//1683 1817//1683
f 1826//1684 1871//1684 1872//1684
f 1826//1685 1872//1685 1817//1685
f 1825//1686 1826//1686 1817//1686
f 1825//1687 1817//1687 1818//1687
f 1824//1688 1825//1688 1818//1688
f 1824//1689 1818//1689 1819//1689
f 1823//1690 1824//1690 1819//1690
f 1823//1691 1819//1691 1820//1691
f 1822//1692 1823//1692 1820//1692
f 1822//1693 1820//1693 1821//1693
f 1852//1694 1853//1694 1836//1694
f 1852//1695 1836//1695 1837//1695
f 1806//1696 1807//1696 1790//1696
f 1806//1697 1790//1697 1791//1697
f 1851//1698 1852//1698 1837//1698
f 1805//1699 1806//1699 1791//1699
f 1851//1700 1837//1700 1838//1700
f 1805//1701 1791//1701 1792//1701
f 1850//1702 1851//1702 1838//1702
f 1804//1703 1805//1703 1792//1703
f 1850//1704 1838//1704 1839//1704
f 1804//1705 1792//1705 1793//1705
f 1849//1706 1850//1706 1839//1706
f 1803//1707 1804//1707 1793//1707
f 1849//1708 1839//1708 1840//1708
f 1803//1709 1793//1709 1794//1709
f 1848//1710 1849//1710 1840//1710
f 1848//1711 1840//1711 1841//1711
f 1802//1712 1803//1712 1794//1712
f 1802//1713 1794//1713 1795//1713
f 1847//1714 1848//1714 1841//1714
f 1847//1715 1841//1715 1842//1715
f 1801//1716 1802//1716 1795//1716
f 1801//1717 1795//1717 1796//1717
f 1846//1718 1847//1718 1842//1718
f 1800//1719 1801//1719 1796//1719
f 1846//1720 1842//1720 1843//1720
f 1800//1721 1796//1721 1797//1721
f 1845//1722 1846//1722 1843//1722
f 1799//1723 1800//1723 1797//1723
f 1845//1724 1843//1724 1844//1724
f 1799//1725 1797//1725 1798//1725
f 1880//1726 1877//1726 1878//1726
f 1882//1727 1879//1727 1880//1727
f 1884//1728 1881//1728 1882//1728
f 1886//1729 1883//1729 1884//1729
f 1888//1730 1885//1730 1886//1730
f 1890//1731 1887//1731 1888//1731
f 1892//1732 1889//1732 1890//1732
f 1894//1733 1891//1733 1892//1733
f 1896//1734 1893//1734 1894//1734
f 1898//1735 1895//1735 1896//1735
f 1900//1736 1897//1736 1898//1736
f 1902//1737 1899//1737 1900//1737
f 1904//1738 1901//1738 1902//1738
f 1906//1739 1903//1739 1904//1739
f 1908//1740 1905//1740 1906//1740
f 1910//1741 1907//1741 1908//1741
f 1912//1742 1909//1742 1910//1742
f 1914//1743 1911//1743 1912//1743
f 1916//1744 1913//1744 1914//1744
f 1918//1745 1915//1745 1916//1745
f 1920//1746 1917//1746 1918//1746
f 1922//1747 1919//1747 1920//1747
f 1924//1748 1921//1748 1922//1748
f 1926//1749 1923//1749 1924//1749
f 1928//1750 1925//1750 1926//1750
f 1930//1751 1927//1751 1928//1751
f 1932//1752 1929//1752 1930//1752
f 1934//1753 1931//1753 1932//1753
f 1936//1754 1933//1754 1934//1754
f 1938//1755 1935//1755 1936//1755
f 1940//1756 1937//1756 1938//1756
f 1942//1757 1939//1757 1940//1757
f 1944//1758 1941//1758 1942//1758
f 1946//1759 1943//1759 1944//1759
f 1948//1760 1945//1760 1946//1760
f 1950//1761 1947//1761 1948//1761
f 1952//1762 1949//1762 1950//1762
f 1954//1763 1951//1763 1952//1763
f 1956//1764 1953//1764 1954//1764
f 1958//1765 1955//1765 1956//1765
f 1960//1766 1957//1766 1958//1766
f 1962//1767 1959//1767 1960//1767
f 1964//1768 1961//1768 1962//1768
f 1966//1769 1963//1769 1964//1769
f 1968//1770 1965//1770 1966//1770
f 1970//1771 1967//1771 1968//1771
f 1972//1772 1969//1772 1970//1772
f 1974//1773 1971//1773 1972//1773
f 1976//1774 1973//1774 1974//1774
f 1978//1775 1975//1775 1976//1775
f 1980//1776 1977//1776 1978//1776
f 1982//1777 1979//1777 1980//1777
f 1984//1778 1981//1778 1982//1778
f 1986//1779 1983//1779 1984//1779
f 1988//1780 1985//1780 1986//1780
f 1990//1781 1987//1781 1988//1781
f 1992//1782 1989//1782 1990//1782
f 1994//1783 1991//1783 1992//1783
f 1996//1784 1993//1784 1994//1784
f 1998//1785 1995//1785 1996//1785
f 2000//1786 1997//1786 1998//1786
f 2002//1787 1999//1787 2000//1787
f 2004//1788 2001//1788 2002//1788
f 2006//1789 2003//1789 2004//1789
f 2008//1790 2005//1790 2006//1790
f 2010//1791 2007//1791 2008//1791
f 2012//1792 2009//1792 2010//1792
f 2014//1793 2011//1793 2012//1793
f 2016//1794 2013//1794 2014//1794
f 2018//1795 2015//1795 2016//1795
f 2020//1796 2017//1796 2018//1796
f 2022//1797 2019//1797 2020//1797
f 2024//1798 2021//1798 2022//1798
f 2026//1799 2023//1799 2024//1799
f 2028//1800 2025//1800 2026//1800
f 2030//1801 2027//1801 2028//1801
f 2032//1802 2029//1802 2030//1802
f 2034//1803 2031//1803 2032//1803
f 2036//1804 2033//1804 2034//1804
f 2038//1805 2035//1805 2036//1805
f 2040//1806 2037//1806 2038//1806
f 2042//1807 2039//1807 2040//1807
f 2044//1808 2041//1808 2042//1808
f 2046//1809 2043//1809 2044//1809
f 2048//1810 2045//1810 2046//1810
f 2050//1811 2047//1811 2048//1811
f 2052//1812 2049//1812 2050//1812
f 2054//1813 2051//1813 2052//1813
f 2056//1814 2053//1814 2054//1814
f 2058//1815 2055//1815 2056//1815
f 2060//1816 2057//1816 2058//1816
f 2062//1817 2059//1817 2060//1817
f 2064//1818 2061//1818 2062//1818
f 2066//1819 2063//1819 2064//1819
f 2068//1820 2065//1820 2066//1820
f 2070//1821 2067//1821 2068//1821
f 2072//1822 2069//1822 2070//1822
f 2074//1823 2071//1823 2072//1823
f 2076//1824 2073//1824 2074//1824
f 2078//1825 2075//1825 2076//1825
f 1878//1826 2077//1826 2078//1826
f 2082//1827 2079//1827 2080//1827
f 2084//1828 2081//1828 2082//1828
f 2086//1829 2083//1829 2084//1829
f 2088//1830 2085//1830 2086//1830
f 2090//1831 2087//1831 2088//1831
f 2092//1832 2089//1832 2090//1832
f 2094//1833 2091//1833 2092//1833
f 2096//1834 2093//1834 2094//1834
f 2098//1835 2095//1835 2096//1835
f 2100//1836 2097//1836 2098//1836
f 2102//1837 2099//1837 2100//1837
f 2104//1838 2101//1838 2102//1838
f 2106//1839 2103//1839 2104//1839
f 2108//1840 2105//1840 2106//1840
f 2110//1841 2107//1841 2108//1841
f 2112//1842 2109//1842 2110//1842
f 2114//1843 2111//1843 2112//1843
f 2116//1844 2113//1844 2114//1844
f 2118//1845 2115//1845 2116//1845
f 2120//1846 2117//1846 2118//1846
f 2122//1847 2119//1847 2120//1847
f 2124//1848 2121//1848 2122//1848
f 2126//1849 2123//1849 2124//1849
f 2128//1850 2125//1850 2126//1850
f 2130//1851 2127//1851 2128//1851
f 2132//1852 2129//1852 2130//1852
f 2134//1853 2131//1853 2132//1853
f 2136//1854 2133//1854 2134//1854
f 2138//1855 2135//1855 2136//1855
f 2140//1856 2137//1856 2138//1856
f 2142//1857 2139//1857 2140//1857
f 2144//1858 2141//1858 2142//1858
f 2146//1859 2143//1859 2144//1859
f 2148//1860 2145//1860 2146//1860
f 2150//1861 2147//1861 2148//1861
f 2152//1862 2149//1862 2150//1862
f 2154//1863 2151//1863 2152//1863
f 2156//1864 2153//1864 2154//1864
f 2158//1865 2155//1865 2156//1865
f 2160//1866 2157//1866 2158//1866
f 2162//1867 2159//1867 2160//1867
f 2164//1868 2161//1868 2162//1868
f 2166//1869 2163//1869 2164//1869
f 2168//1870 2165//1870 2166//1870
f 2170//1871 2167//1871 2168//1871
f 2172//1872 2169//1872 2170//1872
f 2174//1873 2171//1873 2172//1873
f 2080//1874 2173//1874 2174//1874
f 2178//1875 2175//1875 2176//1875
f 2180//1876 2177//1876 2178//1876
f 2182//1877 2179//1877 2180//1877
f 2184//1878 2181//1878 2182//1878
f 2186//1879 2183//1879 2184//1879
f 2188//1880 2185//1880 2186//1880
f 2190//1881 2187//1881 2188//1881
f 2192//1882 2189//1882 2190//1882
f 2194//1883 2191//1883 2192//1883
f 2196//1884 2193//1884 2194//1884
f 2198//1885 2195//1885 2196//1885
f 2200//1886 2197//1886 2198//1886
f 2202//1887 2199//1887 2200//1887
f 2204//1888 2201//1888 2202//1888
f 2206//1889 2203//1889 2204//1889
f 2208//1890 2205//1890 2206//1890
f 2210//1891 2207//1891 2208//1891
f 2212//1892 2209//1892 2210//1892
f 2176//1893 2211//1893 2212//1893
f 2216//1894 2213//1894 2214//1894
f 2218//1895 2215//1895 2216//1895
f 2220//1896 2217//1896 2218//1896
f 2222//1897 2219//1897 2220//1897
f 2224//1898 2221//1898 2222//1898
f 2226//1899 2223//1899 2224//1899
f 2228//1900 2225//1900 2226//1900
f 2230//1901 2227//1901 2228//1901
f 2232//1902 2229//1902 2230//1902
f 2234//1903 2231//1903 2232//1903
f 2236//1904 2233//1904 2234//1904
f 2238//1905 2235//1905 2236//1905
f 2240//1906 2237//1906 2238//1906
f 2242//1907 2239//1907 2240//1907
f 2244//1908 2241//1908 2242//1908
f 2246//1909 2243//1909 2244//1909
f 2248//1910 2245//1910 2246//1910
f 2250//1911 2247//1911 2248//1911
f 2252//1912 2249//1912 2250//1912
f 2254//1913 2251//1913 2252//1913
f 2256//1914 2253//1914 2254//1914
f 2258//1915 2255//1915 2256//1915
f 2260//1916 2257//1916 2258//1916
f 2262//1917 2259//1917 2260//1917
f 2264//1918 2261//1918 2262//1918
f 2266//1919 2263//1919 2264//1919
f 2268//1920 2265//1920 2266//1920
f 2270//1921 2267//1921 2268//1921
f 2272//1922 2269//1922 2270//1922
f 2274//1923 2271//1923 2272//1923
f 2276//1924 2273//1924 2274//1924
f 2278//1925 2275//1925 2276//1925
f 2280//1926 2277//1926 2278//1926
f 2282//1927 2279//1927 2280//1927
f 2284//1928 2281//1928 2282//1928
f 2286//1929 2283//1929 2284//1929
f 2288//1930 2285//1930 2286//1930
f 2290//1931 2287//1931 2288//1931
f 2292//1932 2289//1932 2290//1932
f 2294//1933 2291//1933 2292//1933
f 2296//1934 2293//1934 2294//1934
f 2298//1935 2295//1935 2296//1935
f 2300//1936 2297//1936 2298//1936
f 2302//1937 2299//1937 2300//1937
f 2304//1938 2301//1938 2302//1938
f 2306//1939 2303//1939 2304//1939
f 2308//1940 2305//1940 2306//1940
f 2310//1941 2307//1941 2308//1941
f 2312//1942 2309//1942 2310//1942
f 2314//1943 2311//1943 2312//1943
f 2316//1944 2313//1944 2314//1944
f 2318//1945 2315//1945 2316//1945
f 2320//1946 2317//1946 2318//1946
f 2322//1947 2319//1947 2320//1947
f 2324//1948 2321//1948 2322//1948
f 2326//1949 2323//1949 2324//1949
f 2328//1950 2325//1950 2326//1950
f 2330//1951 2327//1951 2328//1951
f 2332//1952 2329//1952 2330//1952
f 2334//1953 2331//1953 2332//1953
f 2336//1954 2333//1954 2334//1954
f 2338//1955 2335//1955 2336//1955
f 2340//1956 2337//1956 2338//1956
f 2342//1957 2339//1957 2340//1957
f 2344//1958 2341//1958 2342//1958
f 2346//1959 2343//1959 2344//1959
f 2348//1960 2345//1960 2346//1960
f 2350//1961 2347//1961 2348//1961
f 2352//1962 2349//1962 2350//1962
f 2354//1963 2351//1963 2352//1963
f 2356//1964 2353//1964 2354//1964
f 2358//1965 2355//1965 2356//1965
f 2360//1966 2357//1966 2358//1966
f 2362//1967 2359//1967 2360//1967
f 2364//1968 2361//1968 2362//1968
f 2366//1969 2363//1969 2364//1969
f 2368//1970 2365//1970 2366//1970
f 2370//1971 2367//1971 2368//1971
f 2372//1972 2369//1972 2370//1972
f 2214//1973 2371//1973 2372//1973
f 2376//1974 2373//1974 2374//1974
f 2378//1975 2375//1975 2376//1975
f 2380//1976 2377//1976 2378//1976
f 2382//1977 2379//1977 2380//1977
f 2384//1978 2381//1978 2382//1978
f 2386//1979 2383//1979 2384//1979
f 2388//1980 2385//1980 2386//1980
f 2390//1981 2387//1981 2388//1981
f 2392//1982 2389//1982 2390//1982
f 2394//1983 2391//1983 2392//1983
f 2396//1984 2393//1984 2394//1984
f 2398//1985 2395//1985 2396//1985
f 2400//1986 2397//1986 2398//1986
f 2402//1987 2399//1987 2400//1987
f 2404//1988 2401//1988 2402//1988
f 2406//1989 2403//1989 2404//1989
f 2408//1990 2405//1990 2406//1990
f 2410//1991 2407//1991 2408//1991
f 2412//1992 2409//1992 2410//1992
f 2414//1993 2411//1993 2412//1993
f 2416//1994 2413//1994 2414//1994
f 2418//1995 2415//1995 2416//1995
f 2420//1996 2417//1996 2418//1996
f 2422//1997 2419//1997 2420//1997
f 2424//1998 2421//1998 2422//1998
f 2426//1999 2423//1999 2424//1999
f 2374//2000 2425//2000 2426//2000
f 2430//2001 2427//2001 2428//2001
f 2432//2002 2429//2002 2430//2002
f 2434//2003 2431//2003 2432//2003
f 2436//2004 2433//2004 2434//2004
f 2438//2005 2435//2005 2436//2005
f 2440//2006 2437//2006 2438//2006
f 2442//2007 2439//2007 2440//2007
f 2444//2008 2441//2008 2442//2008
f 2446//2009 2443//2009 2444//2009
f 2448//2010 2445//2010 2446//2010
f 2450//2011 2447//2011 2448//2011
f 2452//2012 2449//2012 2450//2012
f 2454//2013 2451//2013 2452//2013
f 2456//2014 2453//2014 2454//2014
f 2458//2015 2455//2015 2456//2015
f 2460//2016 2457//2016 2458//2016
f 2462//2017 2459//2017 2460//2017
f 2464//2018 2461//2018 2462//2018
f 2466//2019 2463//2019 2464//2019
f 2468//2020 2465//2020 2466//2020
f 2470//2021 2467//2021 2468//2021
f 2472//2022 2469//2022 2470//2022
f 2474//2023 2471//2023 2472//2023
f 2476//2024 2473//2024 2474//2024
f 2478//2025 2475//2025 2476//2025
f 2480//2026 2477//2026 2478//2026
f 2482//2027 2479//2027 2480//2027
f 2484//2028 2481//2028 2482//2028
f 2486//2029 2483//2029 2484//2029
f 2488//2030 2485//2030 2486//2030
f 2490//2031 2487//2031 2488//2031
f 2492//2032 2489//2032 2490//2032
f 2494//2033 2491//2033 2492//2033
f 2496//2034 2493//2034 2494//2034
f 2498//2035 2495//2035 2496//2035
f 2500//2036 2497//2036 2498//2036
f 2502//2037 2499//2037 2500//2037
f 2504//2038 2501//2038 2502//2038
f 2506//2039 2503//2039 2504//2039
f 2508//2040 2505//2040 2506//2040
f 2510//2041 2507//2041 2508//2041
f 2512//2042 2509//2042 2510//2042
f 2514//2043 2511//2043 2512//2043
f 2516//2044 2513//2044 2514//2044
f 2518//2045 2515//2045 2516//2045
f 2520//2046 2517//2046 2518//2046
f 2522//2047 2519//2047 2520//2047
f 2524//2048 2521//2048 2522//2048
f 2526//2049 2523//2049 2524//2049
f 2528//2050 2525//2050 2526//2050
f 2530//2051 2527//2051 2528//2051
f 2532//2052 2529//2052 2530//2052
f 2534//2053 2531//2053 2532//2053
f 2536//2054 2533//2054 2534//2054
f 2538//2055 2535//2055 2536//2055
f 2540//2056 2537//2056 2538//2056
f 2542//2057 2539//2057 2540//2057
f 2544//2058 2541//2058 2542//2058
f 2546//2059 2543//2059 2544//2059
f 2548//2060 2545//2060 2546//2060
f 2550//2061 2547//2061 2548//2061
f 2552//2062 2549//2062 2550//2062
f 2554//2063 2551//2063 2552//2063
f 2556//2064 2553//2064 2554//2064
f 2558//2065 2555//2065 2556//2065
f 2560//2066 2557//2066 2558//2066
f 2562//2067 2559//2067 2560//2067
f 2564//2068 2561//2068 2562//2068
f 2566//2069 2563//2069 2564//2069
f 2568//2070 2565//2070 2566//2070
f 2570//2071 2567//2071 2568//2071
f 2572//2072 2569//2072 2570//2072
f 2574//2073 2571//2073 2572//2073
f 2576//2074 2573//2074 2574//2074
f 2578//2075 2575//2075 2576//2075
f 2580//2076 2577//2076 2578//2076
f 2582//2077 2579//2077 2580//2077
f 2584//2078 2581//2078 2582//2078
f 2586//2079 2583//2079 2584//2079
f 2588//2080 2585//2080 2586//2080
f 2590//2081 2587//2081 2588//2081
f 2592//2082 2589//2082 2590//2082
f 2594//2083 2591//2083 2592//2083
f 2596//2084 2593//2084 2594//2084
f 2598//2085 2595//2085 2596//2085
f 2600//2086 2597//2086 2598//2086
f 2602//2087 2599//2087 2600//2087
f 2604//2088 2601//2088 2602//2088
f 2606//2089 2603//2089 2604//2089
f 2608//2090 2605//2090 2606//2090
f 2610//2091 2607//2091 2608//2091
f 2428//2092 2609//2092 2610//2092
f 2614//2093 2611//2093 2612//2093
f 2616//2094 2613//2094 2614//2094
f 2618//2095 2615//2095 2616//2095
f 2620//2096 2617//2096 2618//2096
f 2622//2097 2619//2097 2620//2097
f 2624//2098 2621//2098 2622//2098
f 2626//2099 2623//2099 2624//2099
f 2628//2100 2625//2100 2626//2100
f 2630//2101 2627//2101 2628//2101
f 2632//2102 2629//2102 2630//2102
f 2634//2103 2631//2103 2632//2103
f 2636//2104 2633//2104 2634//2104
f 2638//2105 2635//2105 2636//2105
f 2640//2106 2637//2106 2638//2106
f 2642//2107 2639//2107 2640//2107
f 2644//2108 2641//2108 2642//2108
f 2646//2109 2643//2109 2644//2109
f 2648//2110 2645//2110 2646//2110
f 2650//2111 2647//2111 2648//2111
f 2652//2112 2649//2112 2650//2112
f 2654//2113 2651//2113 2652//2113
f 2656//2114 2653//2114 2654//2114
f 2658//2115 2655//2115 2656//2115
f 2660//2116 2657//2116 2658//2116
f 2662//2117 2659//2117 2660//2117
f 2664//2118 2661//2118 2662//2118
f 2666//2119 2663//2119 2664//2119
f 2668//2120 2665//2120 2666//2120
f 2670//2121 2667//2121 2668//2121
f 2672//2122 2669//2122 2670//2122
f 2674//2123 2671//2123 2672//2123
f 2676//2124 2673//2124 2674//2124
f 2678//2125 2675//2125 2676//2125
f 2680//2126 2677//2126 2678//2126
f 2682//2127 2679//2127 2680//2127
f 2684//2128 2681//2128 2682//2128
f 2686//2129 2683//2129 2684//2129
f 2688//2130 2685//2130 2686//2130
f 2690//2131 2687//2131 2688//2131
f 2692//2132 2689//2132 2690//2132
f 2694//2133 2691//2133 2692//2133
f 2696//2134 2693//2134 2694//2134
f 2698//2135 2695//2135 2696//2135
f 2700//2136 2697//2136 2698//2136
f 2702//2137 2699//2137 2700//2137
f 2704//2138 2701//2138 2702//2138
f 2706//2139 2703//2139 2704//2139
f 2708//2140 2705//2140 2706//2140
f 2710//2141 2707//2141 2708//2141
f 2712//2142 2709//2142 2710//2142
f 2714//2143 2711//2143 2712//2143
f 2716//2144 2713//2144 2714//2144
f 2718//2145 2715//2145 2716//2145
f 2720//2146 2717//2146 2718//2146
f 2722//2147 2719//2147 2720//2147
f 2724//2148 2721//2148 2722//2148
f 2726//2149 2723//2149 2724//2149
f 2728//2150 2725//2150 2726//2150
f 2730//2151 2727//2151 2728//2151
f 2732//2152 2729//2152 2730//2152
f 2734//2153 2731//2153 2732//2153
f 2736//2154 2733//2154 2734//2154
f 2738//2155 2735//2155 2736//2155
f 2740//2156 2737//2156 2738//2156
f 2742//2157 2739//2157 2740//2157
f 2744//2158 2741//2158 2742//2158
f 2746//2159 2743//2159 2744//2159
f 2748//2160 2745//2160 2746//2160
f 2750//2161 2747//2161 2748//2161
f 2752//2162 2749//2162 2750//2162
f 2754//2163 2751//2163 2752//2163
f 2756//2164 2753//2164 2754//2164
f 2758//2165 2755//2165 2756//2165
f 2760//2166 2757//2166 2758//2166
f 2762//2167 2759//2167 2760//2167
f 2764//2168 2761//2168 2762//2168
f 2766//2169 2763//2169 2764//2169
f 2768//2170 2765//2170 2766//2170
f 2770//2171 2767//2171 2768//2171
f 2772//2172 2769//2172 2770//2172
f 2774//2173 2771//2173 2772//2173
f 2776//2174 2773//2174 2774//2174
f 2778//2175 2775//2175 2776//2175
f 2780//2176 2777//2176 2778//2176
f 2782//2177 2779//2177 2780//2177
f 2784//2178 2781//2178 2782//2178
f 2786//2179 2783//2179 2784//2179
f 2788//2180 2785//2180 2786//2180
f 2790//2181 2787//2181 2788//2181
f 2792//2182 2789//2182 2790//2182
f 2794//2183 2791//2183 2792//2183
f 2796//2184 2793//2184 2794//2184
f 2798//2185 2795//2185 2796//2185
f 2800//2186 2797//2186 2798//2186
f 2802//2187 2799//2187 2800//2187
f 2804//2188 2801//2188 2802//2188
f 2806//2189 2803//2189 2804//2189
f 2808//2190 2805//2190 2806//2190
f 2810//2191 2807//2191 2808//2191
f 2812//2192 2809//2192 2810//2192
f 2814//2193 2811//2193 2812//2193
f 2816//2194 2813//2194 2814//2194
f 2818//2195 2815//2195 2816//2195
f 2820//2196 2817//2196 2818//2196
f 2822//2197 2819//2197 2820//2197
f 2824//2198 2821//2198 2822//2198
f 2826//2199 2823//2199 2824//2199
f 2612//2200 2825//2200 2826//2200
f 2830//2201 2827//2201 2828//2201
f 2832//2202 2829//2202 2830//2202
f 2834//2203 2831//2203 2832//2203
f 2836//2204 2833//2204 2834//2204
f 2838//2205 2835//2205 2836//2205
f 2840//2206 2837//2206 2838//2206
f 2842//2207 2839//2207 2840//2207
f 2844//2208 2841//2208 2842//2208
f 2846//2209 2843//2209 2844//2209
f 2848//2210 2845//2210 2846//2210
f 2850//2211 2847//2211 2848//2211
f 2852//2212 2849//2212 2850//2212
f 2854//2213 2851//2213 2852//2213
f 2856//2214 2853//2214 2854//2214
f 2858//2215 2855//2215 2856//2215
f 2860//2216 2857//2216 2858//2216
f 2862//2217 2859//2217 2860//2217
f 2864//2218 2861//2218 2862//2218
f 2866//2219 2863//2219 2864//2219
f 2868//2220 2865//2220 2866//2220
f 2870//2221 2867//2221 2868//2221
f 2872//2222 2869//2222 2870//2222
f 2874//2223 2871//2223 2872//2223
f 2876//2224 2873//2224 2874//2224
f 2878//2225 2875//2225 2876//2225
f 2880//2226 2877//2226 2878//2226
f 2882//2227 2879//2227 2880//2227
f 2884//2228 2881//2228 2882//2228
f 2886//2229 2883//2229 2884//2229
f 2888//2230 2885//2230 2886//2230
f 2890//2231 2887//2231 2888//2231
f 2892//2232 2889//2232 2890//2232
f 2894//2233 2891//2233 2892//2233
f 2896//2234 2893//2234 2894//2234
f 2898//2235 2895//2235 2896//2235
f 2900//2236 2897//2236 2898//2236
f 2902//2237 2899//2237 2900//2237
f 2904//2238 2901//2238 2902//2238
f 2906//2239 2903//2239 2904//2239
f 2908//2240 2905//2240 2906//2240
f 2910//2241 2907//2241 2908//2241
f 2912//2242 2909//2242 2910//2242
f 2914//2243 2911//2243 2912//2243
f 2916//2244 2913//2244 2914//2244
f 2918//2245 2915//2245 2916//2245
f 2920//2246 2917//2246 2918//2246
f 2922//2247 2919//2247 2920//2247
f 2924//2248 2921//2248 2922//2248
f 2926//2249 2923//2249 2924//2249
f 2928//2250 2925//2250 2926//2250
f 2930//2251 2927//2251 2928//2251
f 2932//2252 2929//2252 2930//2252
f 2934//2253 2931//2253 2932//2253
f 2936//2254 2933//2254 2934//2254
f 2938//2255 2935//2255 2936//2255
f 2940//2256 2937//2256 2938//2256
f 2942//2257 2939//2257 2940//2257
f 2944//2258 2941//2258 2942//2258
f 2946//2259 2943//2259 2944//2259
f 2948//2260 2945//2260 2946//2260
f 2950//2261 2947//2261 2948//2261
f 2952//2262 2949//2262 2950//2262
f 2954//2263 2951//2263 2952//2263
f 2956//2264 2953//2264 2954//2264
f 2958//2265 2955//2265 2956//2265
f 2960//2266 2957//2266 2958//2266
f 2962//2267 2959//2267 2960//2267
f 2964//2268 2961//2268 2962//2268
f 2966//2269 2963//2269 2964//2269
f 2968//2270 2965//2270 2966//2270
f 2970//2271 2967//2271 2968//2271
f 2972//2272 2969//2272 2970//2272
f 2974//2273 2971//2273 2972//2273
f 2976//2274 2973//2274 2974//2274
f 2978//2275 2975//2275 2976//2275
f 2980//2276 2977//2276 2978//2276
f 2982//2277 2979//2277 2980//2277
f 2984//2278 2981//2278 2982//2278
f 2986//2279 2983//2279 2984//2279
f 2988//2280 2985//2280 2986//2280
f 2990//2281 2987//2281 2988//2281
f 2992//2282 2989//2282 2990//2282
f 2994//2283 2991//2283 2992//2283
f 2996//2284 2993//2284 2994//2284
f 2998//2285 2995//2285 2996//2285
f 3000//2286 2997//2286 2998//2286
f 3002//2287 2999//2287 3000//2287
f 3004//2288 3001//2288 3002//2288
f 3006//2289 3003//2289 3004//2289
f 3008//2290 3005//2290 3006//2290
f 3010//2291 3007//2291 3008//2291
f 2828//2292 3009//2292 3010//2292
f 3014//2293 3011//2293 3012//2293
f 3016//2294 3013//2294 3014//2294
f 3018//2295 3015//2295 3016//2295
f 3020//2296 3017//2296 3018//2296
f 3022//2297 3019//2297 3020//2297
f 3024//2298 3021//2298 3022//2298
f 3026//2299 3023//2299 3024//2299
f 3028//2300 3025//2300 3026//2300
f 3030//2301 3027//2301 3028//2301
f 3032//2302 3029//2302 3030//2302
f 3034//2303 3031//2303 3032//2303
f 3036//2304 3033//2304 3034//2304
f 3038//2305 3035//2305 3036//2305
f 3040//2306 3037//2306 3038//2306
f 3042//2307 3039//2307 3040//2307
f 3044//2308 3041//2308 3042//2308
f 3046//2309 3043//2309 3044//2309
f 3048//2310 3045//2310 3046//2310
f 3050//2311 3047//2311 3048//2311
f 3052//2312 3049//2312 3050//2312
f 3054//2313 3051//2313 3052//2313
f 3056//2314 3053//2314 3054//2314
f 3058//2315 3055//2315 3056//2315
f 3060//2316 3057//2316 3058//2316
f 3062//2317 3059//2317 3060//2317
f 3064//2318 3061//2318 3062//2318
f 3066//2319 3063//2319 3064//2319
f 3068//2320 3065//2320 3066//2320
f 3070//2321 3067//2321 3068//2321
f 3072//2322 3069//2322 3070//2322
f 3074//2323 3071//2323 3072//2323
f 3076//2324 3073//2324 3074//2324
f 3078//2325 3075//2325 3076//2325
f 3080//2326 3077//2326 3078//2326
f 3082//2327 3079//2327 3080//2327
f 3084//2328 3081//2328 3082//2328
f 3086//2329 3083//2329 3084//2329
f 3088//2330 3085//2330 3086//2330
f 3090//2331 3087//2331 3088//2331
f 3092//2332 3089//2332 3090//2332
f 3094//2333 3091//2333 3092//2333
f 3096//2334 3093//2334 3094//2334
f 3098//2335 3095//2335 3096//2335
f 3100//2336 3097//2336 3098//2336
f 3102//2337 3099//2337 3100//2337
f 3104//2338 3101//2338 3102//2338
f 3106//2339 3103//2339 3104//2339
f 3012//2340 3105//2340 3106//2340
f 3110//2341 3107//2341 3108//2341
f 3112//2342 3109//2342 3110//2342
f 3114//2343 3111//2343 3112//2343
f 3116//2344 3113//2344 3114//2344
f 3118//2345 3115//2345 3116//2345
f 3120//2346 3117//2346 3118//2346
f 3122//2347 3119//2347 3120//2347
f 3124//2348 3121//2348 3122//2348
f 3126//2349 3123//2349 3124//2349
f 3128//2350 3125//2350 3126//2350
f 3130//2351 3127//2351 3128//2351
f 3132//2352 3129//2352 3130//2352
f 3134//2353 3131//2353 3132//2353
f 3136//2354 3133//2354 3134//2354
f 3138//2355 3135//2355 3136//2355
f 3140//2356 3137//2356 3138//2356
f 3142//2357 3139//2357 3140//2357
f 3144//2358 3141//2358 3142//2358
f 3108//2359 3143//2359 3144//2359
f 3148//2360 3145//2360 3146//2360
f 3150//2361 3147//2361 3148//2361
f 3152//2362 3149//2362 3150//2362
f 3154//2363 3151//2363 3152//2363
f 3156//2364 3153//2364 3154//2364
f 3158//2365 3155//2365 3156//2365
f 3160//2366 3157//2366 3158//2366
f 3162//2367 3159//2367 3160//2367
f 3164//2368 3161//2368 3162//2368
f 3166//2369 3163//2369 3164//2369
f 3168//2370 3165//2370 3166//2370
f 3170//2371 3167//2371 3168//2371
f 3172//2372 3169//2372 3170//2372
f 3174//2373 3171//2373 3172//2373
f 3176//2374 3173//2374 3174//2374
f 3178//2375 3175//2375 3176//2375
f 3180//2376 3177//2376 3178//2376
f 3182//2377 3179//2377 3180//2377
f 3184//2378 3181//2378 3182//2378
f 3186//2379 3183//2379 3184//2379
f 3188//2380 3185//2380 3186//2380
f 3190//2381 3187//2381 3188//2381
f 3192//2382 3189//2382 3190//2382
f 3194//2383 3191//2383 3192//2383
f 3196//2384 3193//2384 3194//2384
f 3198//2385 3195//2385 3196//2385
f 3200//2386 3197//2386 3198//2386
f 3202//2387 3199//2387 3200//2387
f 3204//2388 3201//2388 3202//2388
f 3206//2389 3203//2389 3204//2389
f 3208//2390 3205//2390 3206//2390
f 3210//2391 3207//2391 3208//2391
f 3212//2392 3209//2392 3210//2392
f 3214//2393 3211//2393 3212//2393
f 3216//2394 3213//2394 3214//2394
f 3218//2395 3215//2395 3216//2395
f 3220//2396 3217//2396 3218//2396
f 3222//2397 3219//2397 3220//2397
f 3224//2398 3221//2398 3222//2398
f 3226//2399 3223//2399 3224//2399
f 3228//2400 3225//2400 3226//2400
f 3230//2401 3227//2401 3228//2401
f 3232//2402 3229//2402 3230//2402
f 3234//2403 3231//2403 3232//2403
f 3236//2404 3233//2404 3234//2404
f 3238//2405 3235//2405 3236//2405
f 3240//2406 3237//2406 3238//2406
f 3242//2407 3239//2407 3240//2407
f 3244//2408 3241//2408 3242//2408
f 3146//2409 3243//2409 3244//2409
f 3251//2410 3250//2410 3249//2410
f 3263//2411 3264//2411 3267//2411
f 3246//2412 3257//2412 3245//2412
f 3247//2413 3258//2413 3246//2413
f 3247//2414 3260//2414 3259//2414
f 3249//2415 3260//2415 3248//2415
f 3250//2416 3261//2416 3249//2416
f 3251//2417 3262//2417 3250//2417
f 3252//2418 3263//2418 3251//2418
f 3253//2419 3264//2419 3252//2419
f 3254//2420 3265//2420 3253//2420
f 3255//2421 3266//2421 3254//2421
f 3256//2422 3267//2422 3255//2422
f 3245//2423 3268//2423 3256//2423
f 3272//2424 3271//2424 3269//2424
f 3275//2425 3278//2425 3280//2425
f 3270//2426 3275//2426 3269//2426
f 3271//2427 3276//2427 3270//2427
f 3272//2428 3277//2428 3271//2428
f 3273//2429 3278//2429 3272//2429
f 3274//2430 3279//2430 3273//2430
f 3269//2431 3280//2431 3274//2431
f 3297//2432 3289//2432 3281//2432
f 3340//2433 3344//2433 3328//2433
f 3282//2434 3313//2434 3281//2434
f 3283//2435 3314//2435 3282//2435
f 3284//2436 3315//2436 3283//2436
f 3285//2437 3316//2437 3284//2437
f 3286//2438 3317//2438 3285//2438
f 3287//2439 3318//2439 3286//2439
f 3288//2440 3319//2440 3287//2440
f 3289//2441 3320//2441 3288//2441
f 3290//2442 3321//2442 3289//2442
f 3291//2443 3322//2443 3290//2443
f 3292//2444 3323//2444 3291//2444
f 3293//2445 3324//2445 3292//2445
f 3294//2446 3325//2446 3293//2446
f 3295//2447 3326//2447 3294//2447
f 3296//2448 3327//2448 3295//2448
f 3297//2449 3328//2449 3296//2449
f 3298//2450 3329//2450 3297//2450
f 3299//2451 3330//2451 3298//2451
f 3300//2452 3331//2452 3299//2452
f 3301//2453 3332//2453 3300//2453
f 3302//2454 3333//2454 3301//2454
f 3303//2455 3334//2455 3302//2455
f 3304//2456 3335//2456 3303//2456
f 3305//2457 3336//2457 3304//2457
f 3306//2458 3337//2458 3305//2458
f 3307//2459 3338//2459 3306//2459
f 3308//2460 3339//2460 3307//2460
f 3309//2461 3340//2461 3308//2461
f 3310//2462 3341//2462 3309//2462
f 3311//2463 3342//2463 3310//2463
f 3312//2464 3343//2464 3311//2464
f 3281//2465 3344//2465 3312//2465
f 3345//2466 3369//2466 3361//2466
f 3408//2467 3384//2467 3392//2467
f 3346//2468 3377//2468 3345//2468
f 3347//2469 3378//2469 3346//2469
f 3348//2470 3379//2470 3347//2470
f 3349//2471 3380//2471 3348//2471
f 3350//2472 3381//2472 3349//2472
f 3351//2473 3382//2473 3350//2473
f 3352//2474 3383//2474 3351//2474
f 3353//2475 3384//2475 3352//2475
f 3354//2476 3385//2476 3353//2476
f 3355//2477 3386//2477 3354//2477
f 3356//2478 3387//2478 3355//2478
f 3357//2479 3388//2479 3356//2479
f 3358//2480 3389//2480 3357//2480
f 3359//2481 3390//2481 3358//2481
f 3360//2482 3391//2482 3359//2482
f 3361//2483 3392//2483 3360//2483
f 3362//2484 3393//2484 3361//2484
f 3363//2485 3394//2485 3362//2485
f 3364//2486 3395//2486 3363//2486
f 3365//2487 3396//2487 3364//2487
f 3366//2488 3397//2488 3365//2488
f 3367//2489 3398//2489 3366//2489
f 3368//2490 3399//2490 3367//2490
f 3369//2491 3400//2491 3368//2491
f 3370//2492 3401//2492 3369//2492
f 3371//2493 3402//2493 3370//2493
f 3372//2494 3403//2494 3371//2494
f 3373//2495 3404//2495 3372//2495
f 3374//2496 3405//2496 3373//2496
f 3375//2497 3406//2497 3374//2497
f 3376//2498 3407//2498 3375//2498
f 3345//2499 3408//2499 3376//2499
f 3425//2500 3417//2500 3409//2500
f 3456//2501 3464//2501 3472//2501
f 3410//2502 3441//2502 3409//2502
f 3411//2503 3442//2503 3410//2503
f 3412//2504 3443//2504 3411//2504
f 3413//2505 3444//2505 3412//2505
f 3414//2506 3445//2506 3413//2506
f 3415//2507 3446//2507 3414//2507
f 3416//2508 3447//2508 3415//2508
f 3417//2509 3448//2509 3416//2509
f 3418//2510 3449//2510 3417//2510
f 3419//2511 3450//2511 3418//2511
f 3420//2512 3451//2512 3419//2512
f 3421//2513 3452//2513 3420//2513
f 3422//2514 3453//2514 3421//2514
f 3423//2515 3454//2515 3422//2515
f 3424//2516 3455//2516 3423//2516
f 3425//2517 3456//2517 3424//2517
f 3426//2518 3457//2518 3425//2518
f 3427//2519 3458//2519 3426//2519
f 3428//2520 3459//2520 3427//2520
f 3429//2521 3460//2521 3428//2521
f 3430//2522 3461//2522 3429//2522
f 3431//2523 3462//2523 3430//2523
f 3432//2524 3463//2524 3431//2524
f 3433//2525 3464//2525 3432//2525
f 3434//2526 3465//2526 3433//2526
f 3435//2527 3466//2527 3434//2527
f 3436//2528 3467//2528 3435//2528
f 3437//2529 3468//2529 3436//2529
f 3438//2530 3469//2530 3437//2530
f 3439//2531 3470//2531 3438//2531
f 3440//2532 3471//2532 3439//2532
f 3409//2533 3472//2533 3440//2533
f 3475//2534 3473//2534 3476//2534
f 3477//2535 3479//2535 3480//2535
f 3474//2536 3477//2536 3473//2536
f 3475//2537 3478//2537 3474//2537
f 3476//2538 3479//2538 3475//2538
f 3473//2539 3480//2539 3476//2539
f 258//2540 257//2540 255//2540
f 260//2541 259//2541 257//2541
f 262//2542 261//2542 259//2542
f 264//2543 263//2543 261//2543
f 266//2544 265//2544 263//2544
f 268//2545 267//2545 265//2545
f 270//2546 269//2546 267//2546
f 272//2547 271//2547 269//2547
f 274//2548 273//2548 271//2548
f 276//2549 275//2549 273//2549
f 278//2550 277//2550 275//2550
f 280//2551 279//2551 277//2551
f 282//2552 281//2552 279//2552
f 284//2553 283//2553 281//2553
f 286//2554 285//2554 283//2554
f 288//2555 287//2555 285//2555
f 290//2556 289//2556 287//2556
f 292//2557 291//2557 289//2557
f 294//2558 293//2558 291//2558
f 296//2559 295//2559 293//2559
f 298//2560 297//2560 295//2560
f 300//2561 299//2561 297//2561
f 302//2562 301//2562 299//2562
f 304//2563 303//2563 301//2563
f 306//2564 305//2564 303//2564
f 308//2565 307//2565 305//2565
f 310//2566 309//2566 307//2566
f 312//2567 311//2567 309//2567
f 314//2568 313//2568 311//2568
f 316//2569 315//2569 313//2569
f 318//2570 317//2570 315//2570
f 320//2571 319//2571 317//2571
f 322//2572 321//2572 319//2572
f 324//2573 323//2573 321//2573
f 326//2574 325//2574 323//2574
f 328//2575 327//2575 325//2575
f 330//2576 329//2576 327//2576
f 332//2577 331//2577 329//2577
f 334//2578 333//2578 331//2578
f 336//2579 335//2579 333//2579
f 338//2580 337//2580 335//2580
f 340//2581 339//2581 337//2581
f 342//2582 341//2582 339//2582
f 344//2583 343//2583 341//2583
f 346//2584 345//2584 343//2584
f 348//2585 347//2585 345//2585
f 350//2586 349//2586 347//2586
f 352//2587 351//2587 349//2587
f 354//2588 353//2588 351//2588
f 356//2589 355//2589 353//2589
f 358//2590 357//2590 355//2590
f 360//2591 359//2591 357//2591
f 362//2592 361//2592 359//2592
f 364//2593 363//2593 361//2593
f 366//2594 365//2594 363//2594
f 368//2595 367//2595 365//2595
f 370//2596 369//2596 367//2596
f 372//2597 371//2597 369//2597
f 256//2598 255//2598 371//2598
f 376//2599 375//2599 373//2599
f 378//2600 377//2600 375//2600
f 380//2601 379//2601 377//2601
f 382//2602 381//2602 379//2602
f 384//2603 383//2603 381//2603
f 386//2604 385//2604 383//2604
f 388//2605 387//2605 385//2605
f 390//2606 389//2606 387//2606
f 392//2607 391//2607 389//2607
f 394//2608 393//2608 391//2608
f 396//2609 395//2609 393//2609
f 398//2610 397//2610 395//2610
f 400//2611 399//2611 397//2611
f 402//2612 401//2612 399//2612
f 404//2613 403//2613 401//2613
f 406//2614 405//2614 403//2614
f 408//2615 407//2615 405//2615
f 410//2616 409//2616 407//2616
f 412//2617 411//2617 409//2617
f 414//2618 413//2618 411//2618
f 416//2619 415//2619 413//2619
f 418//2620 417//2620 415//2620
f 420//2621 419//2621 417//2621
f 422//2622 421//2622 419//2622
f 424//2623 423//2623 421//2623
f 426//2624 425//2624 423//2624
f 428//2625 427//2625 425//2625
f 430//2626 429//2626 427//2626
f 432//2627 431//2627 429//2627
f 434//2628 433//2628 431//2628
f 436//2629 435//2629 433//2629
f 438//2630 437//2630 435//2630
f 440//2631 439//2631 437//2631
f 374//2632 373//2632 439//2632
f 444//2633 443//2633 441//2633
f 446//2634 445//2634 443//2634
f 448//2635 447//2635 445//2635
f 450//2636 449//2636 447//2636
f 452//2637 451//2637 449//2637
f 454//2638 453//2638 451//2638
f 456//2639 455//2639 453//2639
f 458//2640 457//2640 455//2640
f 460//2641 459//2641 457//2641
f 462//2642 461//2642 459//2642
f 464//2643 463//2643 461//2643
f 466//2644 465//2644 463//2644
f 468//2645 467//2645 465//2645
f 470//2646 469//2646 467//2646
f 472//2647 471//2647 469//2647
f 474//2648 473//2648 471//2648
f 476//2649 475//2649 473//2649
f 478//2650 477//2650 475//2650
f 480//2651 479//2651 477//2651
f 482//2652 481//2652 479//2652
f 484//2653 483//2653 481//2653
f 486//2654 485//2654 483//2654
f 488//2655 487//2655 485//2655
f 490//2656 489//2656 487//2656
f 492//2657 491//2657 489//2657
f 494//2658 493//2658 491//2658
f 496//2659 495//2659 493//2659
f 498//2660 497//2660 495//2660
f 500//2661 499//2661 497//2661
f 502//2662 501//2662 499//2662
f 504//2663 503//2663 501//2663
f 506//2664 505//2664 503//2664
f 508//2665 507//2665 505//2665
f 442//2666 441//2666 507//2666
f 1880//2667 1879//2667 1877//2667
f 1882//2668 1881//2668 1879//2668
f 1884//2669 1883//2669 1881//2669
f 1886//2670 1885//2670 1883//2670
f 1888//2671 1887//2671 1885//2671
f 1890//2672 1889//2672 1887//2672
f 1892//2673 1891//2673 1889//2673
f 1894//2674 1893//2674 1891//2674
f 1896//2675 1895//2675 1893//2675
f 1898//2676 1897//2676 1895//2676
f 1900//2677 1899//2677 1897//2677
f 1902//2678 1901//2678 1899//2678
f 1904//2679 1903//2679 1901//2679
f 1906//2680 1905//2680 1903//2680
f 1908//2681 1907//2681 1905//2681
f 1910//2682 1909//2682 1907//2682
f 1912//2683 1911//2683 1909//2683
f 1914//2684 1913//2684 1911//2684
f 1916//2685 1915//2685 1913//2685
f 1918//2686 1917//2686 1915//2686
f 1920//2687 1919//2687 1917//2687
f 1922//2688 1921//2688 1919//2688
f 1924//2689 1923//2689 1921//2689
f 1926//2690 1925//2690 1923//2690
f 1928//2691 1927//2691 1925//2691
f 1930//2692 1929//2692 1927//2692
f 1932//2693 1931//2693 1929//2693
f 1934//2694 1933//2694 1931//2694
f 1936//2695 1935//2695 1933//2695
f 1938//2696 1937//2696 1935//2696
f 1940//2697 1939//2697 1937//2697
f 1942//2698 1941//2698 1939//2698
f 1944//2699 1943//2699 1941//2699
f 1946//2700 1945//2700 1943//2700
f 1948//2701 1947//2701 1945//2701
f 1950//2702 1949//2702 1947//2702
f 1952//2703 1951//2703 1949//2703
f 1954//2704 1953//2704 1951//2704
f 1956//2705 1955//2705 1953//2705
f 1958//2706 1957//2706 1955//2706
f 1960//2707 1959//2707 1957//2707
f 1962//2708 1961//2708 1959//2708
f 1964//2709 1963//2709 1961//2709
f 1966//2710 1965//2710 1963//2710
f 1968//2711 1967//2711 1965//2711
f 1970//2712 1969//2712 1967//2712
f 1972//2713 1971//2713 1969//2713
f 1974//2714 1973//2714 1971//2714
f 1976//2715 1975//2715 1973//2715
f 1978//2716 1977//2716 1975//2716
f 1980//2717 1979//2717 1977//2717
f 1982//2718 1981//2718 1979//2718
f 1984//2719 1983//2719 1981//2719
f 1986//2720 1985//2720 1983//2720
f 1988//2721 1987//2721 1985//2721
f 1990//2722 1989//2722 1987//2722
f 1992//2723 1991//2723 1989//2723
f 1994//2724 1993//2724 1991//2724
f 1996//2725 1995//2725 1993//2725
f 1998//2726 1997//2726 1995//2726
f 2000//2727 1999//2727 1997//2727
f 2002//2728 2001//2728 1999//2728
f 2004//2729 2003//2729 2001//2729
f 2006//2730 2005//2730 2003//2730
f 2008//2731 2007//2731 2005//2731
f 2010//2732 2009//2732 2007//2732
f 2012//2733 2011//2733 2009//2733
f 2014//2734 2013//2734 2011//2734
f 2016//2735 2015//2735 2013//2735
f 2018//2736 2017//2736 2015//2736
f 2020//2737 2019//2737 2017//2737
f 2022//2738 2021//2738 2019//2738
f 2024//2739 2023//2739 2021//2739
f 2026//2740 2025//2740 2023//2740
f 2028//2741 2027//2741 2025//2741
f 2030//2742 2029//2742 2027//2742
f 2032//2743 2031//2743 2029//2743
f 2034//2744 2033//2744 2031//2744
f 2036//2745 2035//2745 2033//2745
f 2038//2746 2037//2746 2035//2746
f 2040//2747 2039//2747 2037//2747
f 2042//2748 2041//2748 2039//2748
f 2044//2749 2043//2749 2041//2749
f 2046//2750 2045//2750 2043//2750
f 2048//2751 2047//2751 2045//2751
f 2050//2752 2049//2752 2047//2752
f 2052//2753 2051//2753 2049//2753
f 2054//2754 2053//2754 2051//2754
f 2056//2755 2055//2755 2053//2755
f 2058//2756 2057//2756 2055//2756
f 2060//2757 2059//2757 2057//2757
f 2062//2758 2061//2758 2059//2758
f 2064//2759 2063//2759 2061//2759
f 2066//2760 2065//2760 2063//2760
f 2068//2761 2067//2761 2065//2761
f 2070//2762 2069//2762 2067//2762
f 2072//2763 2071//2763 2069//2763
f 2074//2764 2073//2764 2071//2764
f 2076//2765 2075//2765 2073//2765
f 2078//2766 2077//2766 2075//2766
f 1878//2767 1877//2767 2077//2767
f 2082//2768 2081//2768 2079//2768
f 2084//2769 2083//2769 2081//2769
f 2086//2770 2085//2770 2083//2770
f 2088//2771 2087//2771 2085//2771
f 2090//2772 2089//2772 2087//2772
f 2092//2773 2091//2773 2089//2773
f 2094//2774 2093//2774 2091//2774
f 2096//2775 2095//2775 2093//2775
f 2098//2776 2097//2776 2095//2776
f 2100//2777 2099//2777 2097//2777
f 2102//2778 2101//2778 2099//2778
f 2104//2779 2103//2779 2101//2779
f 2106//2780 2105//2780 2103//2780
f 2108//2781 2107//2781 2105//2781
f 2110//2782 2109//2782 2107//2782
f 2112//2783 2111//2783 2109//2783
f 2114//2784 2113//2784 2111//2784
f 2116//2785 2115//2785 2113//2785
f 2118//2786 2117//2786 2115//2786
f 2120//2787 2119//2787 2117//2787
f 2122//2788 2121//2788 2119//2788
f 2124//2789 2123//2789 2121//2789
f 2126//2790 2125//2790 2123//2790
f 2128//2791 2127//2791 2125//2791
f 2130//2792 2129//2792 2127//2792
f 2132//2793 2131//2793 2129//2793
f 2134//2794 2133//2794 2131//2794
f 2136//2795 2135//2795 2133//2795
f 2138//2796 2137//2796 2135//2796
f 2140//2797 2139//2797 2137//2797
f 2142//2798 2141//2798 2139//2798
f 2144//2799 2143//2799 2141//2799
f 2146//2800 2145//2800 2143//2800
f 2148//2801 2147//2801 2145//2801
f 2150//2802 2149//2802 2147//2802
f 2152//2803 2151//2803 2149//2803
f 2154//2804 2153//2804 2151//2804
f 2156//2805 2155//2805 2153//2805
f 2158//2806 2157//2806 2155//2806
f 2160//2807 2159//2807 2157//2807
f 2162//2808 2161//2808 2159//2808
f 2164//2809 2163//2809 2161//2809
f 2166//2810 2165//2810 2163//2810
f 2168//2811 2167//2811 2165//2811
f 2170//2812 2169//2812 2167//2812
f 2172//2813 2171//2813 2169//2813
f 2174//2814 2173//2814 2171//2814
f 2080//2815 2079//2815 2173//2815
f 2178//2816 2177//2816 2175//2816
f 2180//2817 2179//2817 2177//2817
f 2182//2818 2181//2818 2179//2818
f 2184//2819 2183//2819 2181//2819
f 2186//2820 2185//2820 2183//2820
f 2188//2821 2187//2821 2185//2821
f 2190//2822 2189//2822 2187//2822
f 2192//2823 2191//2823 2189//2823
f 2194//2824 2193//2824 2191//2824
f 2196//2825 2195//2825 2193//2825
f 2198//2826 2197//2826 2195//2826
f 2200//2827 2199//2827 2197//2827
f 2202//2828 2201//2828 2199//2828
f 2204//2829 2203//2829 2201//2829
f 2206//2830 2205//2830 2203//2830
f 2208//2831 2207//2831 2205//2831
f 2210//2832 2209//2832 2207//2832
f 2212//2833 2211//2833 2209//2833
f 2176//2834 2175//2834 2211//2834
f 2216//2835 2215//2835 2213//2835
f 2218//2836 2217//2836 2215//2836
f 2220//2837 2219//2837 2217//2837
f 2222//2838 2221//2838 2219//2838
f 2224//2839 2223//2839 2221//2839
f 2226//2840 2225//2840 2223//2840
f 2228//2841 2227//2841 2225//2841
f 2230//2842 2229//2842 2227//2842
f 2232//2843 2231//2843 2229//2843
f 2234//2844 2233//2844 2231//2844
f 2236//2845 2235//2845 2233//2845
f 2238//2846 2237//2846 2235//2846
f 2240//2847 2239//2847 2237//2847
f 2242//2848 2241//2848 2239//2848
f 2244//2849 2243//2849 2241//2849
f 2246//2850 2245//2850 2243//2850
f 2248//2851 2247//2851 2245//2851
f 2250//2852 2249//2852 2247//2852
f 2252//2853 2251//2853 2249//2853
f 2254//2854 2253//2854 2251//2854
f 2256//2855 2255//2855 2253//2855
f 2258//2856 2257//2856 2255//2856
f 2260//2857 2259//2857 2257//2857
f 2262//2858 2261//2858 2259//2858
f 2264//2859 2263//2859 2261//2859
f 2266//2860 2265//2860 2263//2860
f 2268//2861 2267//2861 2265//2861
f 2270//2862 2269//2862 2267//2862
f 2272//2863 2271//2863 2269//2863
f 2274//2864 2273//2864 2271//2864
f 2276//2865 2275//2865 2273//2865
f 2278//2866 2277//2866 2275//2866
f 2280//2867 2279//2867 2277//2867
f 2282//2868 2281//2868 2279//2868
f 2284//2869 2283//2869 2281//2869
f 2286//2870 2285//2870 2283//2870
f 2288//2871 2287//2871 2285//2871
f 2290//2872 2289//2872 2287//2872
f 2292//2873 2291//2873 2289//2873
f 2294//2874 2293//2874 2291//2874
f 2296//2875 2295//2875 2293//2875
f 2298//2876 2297//2876 2295//2876
f 2300//2877 2299//2877 2297//2877
f 2302//2878 2301//2878 2299//2878
f 2304//2879 2303//2879 2301//2879
f 2306//2880 2305//2880 2303//2880
f 2308//2881 2307//2881 2305//2881
f 2310//2882 2309//2882 2307//2882
f 2312//2883 2311//2883 2309//2883
f 2314//2884 2313//2884 2311//2884
f 2316//2885 2315//2885 2313//2885
f 2318//2886 2317//2886 2315//2886
f 2320//2887 2319//2887 2317//2887
f 2322//2888 2321//2888 2319//2888
f 2324//2889 2323//2889 2321//2889
f 2326//2890 2325//2890 2323//2890
f 2328//2891 2327//2891 2325//2891
f 2330//2892 2329//2892 2327//2892
f 2332//2893 2331//2893 2329//2893
f 2334//2894 2333//2894 2331//2894
f 2336//2895 2335//2895 2333//2895
f 2338//2896 2337//2896 2335//2896
f 2340//2897 2339//2897 2337//2897
f 2342//2898 2341//2898 2339//2898
f 2344//2899 2343//2899 2341//2899
f 2346//2900 2345//2900 2343//2900
f 2348//2901 2347//2901 2345//2901
f 2350//2902 2349//2902 2347//2902
f 2352//2903 2351//2903 2349//2903
f 2354//2904 2353//2904 2351//2904
f 2356//2905 2355//2905 2353//2905
f 2358//2906 2357//2906 2355//2906
f 2360//2907 2359//2907 2357//2907
f 2362//2908 2361//2908 2359//2908
f 2364//2909 2363//2909 2361//2909
f 2366//2910 2365//2910 2363//2910
f 2368//2911 2367//2911 2365//2911
f 2370//2912 2369//2912 2367//2912
f 2372//2913 2371//2913 2369//2913
f 2214//2914 2213//2914 2371//2914
f 2376//2915 2375//2915 2373//2915
f 2378//2916 2377//2916 2375//2916
f 2380//2917 2379//2917 2377//2917
f 2382//2918 2381//2918 2379//2918
f 2384//2919 2383//2919 2381//2919
f 2386//2920 2385//2920 2383//2920
f 2388//2921 2387//2921 2385//2921
f 2390//2922 2389//2922 2387//2922
f 2392//2923 2391//2923 2389//2923
f 2394//2924 2393//2924 2391//2924
f 2396//2925 2395//2925 2393//2925
f 2398//2926 2397//2926 2395//2926
f 2400//2927 2399//2927 2397//2927
f 2402//2928 2401//2928 2399//2928
f 2404//2929 2403//2929 2401//2929
f 2406//2930 2405//2930 2403//2930
f 2408//2931 2407//2931 2405//2931
f 2410//2932 2409//2932 2407//2932
f 2412//2933 2411//2933 2409//2933
f 2414//2934 2413//2934 2411//2934
f 2416//2935 2415//2935 2413//2935
f 2418//2936 2417//2936 2415//2936
f 2420//2937 2419//2937 2417//2937
f 2422//2938 2421//2938 2419//2938
f 2424//2939 2423//2939 2421//2939
f 2426//2940 2425//2940 2423//2940
f 2374//2941 2373//2941 2425//2941
f 2430//2942 2429//2942 2427//2942
f 2432//2943 2431//2943 2429//2943
f 2434//2944 2433//2944 2431//2944
f 2436//2945 2435//2945 2433//2945
f 2438//2946 2437//2946 2435//2946
f 2440//2947 2439//2947 2437//2947
f 2442//2948 2441//2948 2439//2948
f 2444//2949 2443//2949 2441//2949
f 2446//2950 2445//2950 2443//2950
f 2448//2951 2447//2951 2445//2951
f 2450//2952 2449//2952 2447//2952
f 2452//2953 2451//2953 2449//2953
f 2454//2954 2453//2954 2451//2954
f 2456//2955 2455//2955 2453//2955
f 2458//2956 2457//2956 2455//2956
f 2460//2957 2459//2957 2457//2957
f 2462//2958 2461//2958 2459//2958
f 2464//2959 2463//2959 2461//2959
f 2466//2960 2465//2960 2463//2960
f 2468//2961 2467//2961 2465//2961
f 2470//2962 2469//2962 2467//2962
f 2472//2963 2471//2963 2469//2963
f 2474//2964 2473//2964 2471//2964
f 2476//2965 2475//2965 2473//2965
f 2478//2966 2477//2966 2475//2966
f 2480//2967 2479//2967 2477//2967
f 2482//2968 2481//2968 2479//2968
f 2484//2969 2483//2969 2481//2969
f 2486//2970 2485//2970 2483//2970
f 2488//2971 2487//2971 2485//2971
f 2490//2972 2489//2972 2487//2972
f 2492//2973 2491//2973 2489//2973
f 2494//2974 2493//2974 2491//2974
f 2496//2975 2495//2975 2493//2975
f 2498//2976 2497//2976 2495//2976
f 2500//2977 2499//2977 2497//2977
f 2502//2978 2501//2978 2499//2978
f 2504//2979 2503//2979 2501//2979
f 2506//2980 2505//2980 2503//2980
f 2508//2981 2507//2981 2505//2981
f 2510//2982 2509//2982 2507//2982
f 2512//2983 2511//2983 2509//2983
f 2514//2984 2513//2984 2511//2984
f 2516//2985 2515//2985 2513//2985
f 2518//2986 2517//2986 2515//2986
f 2520//2987 2519//2987 2517//2987
f 2522//2988 2521//2988 2519//2988
f 2524//2989 2523//2989 2521//2989
f 2526//2990 2525//2990 2523//2990
f 2528//2991 2527//2991 2525//2991
f 2530//2992 2529//2992 2527//2992
f 2532//2993 2531//2993 2529//2993
f 2534//2994 2533//2994 2531//2994
f 2536//2995 2535//2995 2533//2995
f 2538//2996 2537//2996 2535//2996
f 2540//2997 2539//2997 2537//2997
f 2542//2998 2541//2998 2539//2998
f 2544//2999 2543//2999 2541//2999
f 2546//3000 2545//3000 2543//3000
f 2548//3001 2547//3001 2545//3001
f 2550//3002 2549//3002 2547//3002
f 2552//3003 2551//3003 2549//3003
f 2554//3004 2553//3004 2551//3004
f 2556//3005 2555//3005 2553//3005
f 2558//3006 2557//3006 2555//3006
f 2560//3007 2559//3007 2557//3007
f 2562//3008 2561//3008 2559//3008
f 2564//3009 2563//3009 2561//3009
f 2566//3010 2565//3010 2563//3010
f 2568//3011 2567//3011 2565//3011
f 2570//3012 2569//3012 2567//3012
f 2572//3013 2571//3013 2569//3013
f 2574//3014 2573//3014 2571//3014
f 2576//3015 2575//3015 2573//3015
f 2578//3016 2577//3016 2575//3016
f 2580//3017 2579//3017 2577//3017
f 2582//3018 2581//3018 2579//3018
f 2584//3019 2583//3019 2581//3019
f 2586//3020 2585//3020 2583//3020
f 2588//3021 2587//3021 2585//3021
f 2590//3022 2589//3022 2587//3022
f 2592//3023 2591//3023 2589//3023
f 2594//3024 2593//3024 2591//3024
f 2596//3025 2595//3025 2593//3025
f 2598//3026 2597//3026 2595//3026
f 2600//3027 2599//3027 2597//3027
f 2602//3028 2601//3028 2599//3028
f 2604//3029 2603//3029 2601//3029
f 2606//3030 2605//3030 2603//3030
f 2608//3031 2607//3031 2605//3031
f 2610//3032 2609//3032 2607//3032
f 2428//3033 2427//3033 2609//3033
f 2614//3034 2613//3034 2611//3034
f 2616//3035 2615//3035 2613//3035
f 2618//3036 2617//3036 2615//3036
f 2620//3037 2619//3037 2617//3037
f 2622//3038 2621//3038 2619//3038
f 2624//3039 2623//3039 2621//3039
f 2626//3040 2625//3040 2623//3040
f 2628//3041 2627//3041 2625//3041
f 2630//3042 2629//3042 2627//3042
f 2632//3043 2631//3043 2629//3043
f 2634//3044 2633//3044 2631//3044
f 2636//3045 2635//3045 2633//3045
f 2638//3046 2637//3046 2635//3046
f 2640//3047 2639//3047 2637//3047
f 2642//3048 2641//3048 2639//3048
f 2644//3049 2643//3049 2641//3049
f 2646//3050 2645//3050 2643//3050
f 2648//3051 2647//3051 2645//3051
f 2650//3052 2649//3052 2647//3052
f 2652//3053 2651//3053 2649//3053
f 2654//3054 2653//3054 2651//3054
f 2656//3055 2655//3055 2653//3055
f 2658//3056 2657//3056 2655//3056
f 2660//3057 2659//3057 2657//3057
f 2662//3058 2661//3058 2659//3058
f 2664//3059 2663//3059 2661//3059
f 2666//3060 2665//3060 2663//3060
f 2668//3061 2667//3061 2665//3061
f 2670//3062 2669//3062 2667//3062
f 2672//3063 2671//3063 2669//3063
f 2674//3064 2673//3064 2671//3064
f 2676//3065 2675//3065 2673//3065
f 2678//3066 2677//3066 2675//3066
f 2680//3067 2679//3067 2677//3067
f 2682//3068 2681//3068 2679//3068
f 2684//3069 2683//3069 2681//3069
f 2686//3070 2685//3070 2683//3070
f 2688//3071 2687//3071 2685//3071
f 2690//3072 2689//3072 2687//3072
f 2692//3073 2691//3073 2689//3073
f 2694//3074 2693//3074 2691//3074
f 2696//3075 2695//3075 2693//3075
f 2698//3076 2697//3076 2695//3076
f 2700//3077 2699//3077 2697//3077
f 2702//3078 2701//3078 2699//3078
f 2704//3079 2703//3079 2701//3079
f 2706//3080 2705//3080 2703//3080
f 2708//3081 2707//3081 2705//3081
f 2710//3082 2709//3082 2707//3082
f 2712//3083 2711//3083 2709//3083
f 2714//3084 2713//3084 2711//3084
f 2716//3085 2715//3085 2713//3085
f 2718//3086 2717//3086 2715//3086
f 2720//3087 2719//3087 2717//3087
f 2722//3088 2721//3088 2719//3088
f 2724//3089 2723//3089 2721//3089
f 2726//3090 2725//3090 2723//3090
f 2728//3091 2727//3091 2725//3091
f 2730//3092 2729//3092 2727//3092
f 2732//3093 2731//3093 2729//3093
f 2734//3094 2733//3094 2731//3094
f 2736//3095 2735//3095 2733//3095
f 2738//3096 2737//3096 2735//3096
f 2740//3097 2739//3097 2737//3097
f 2742//3098 2741//3098 2739//3098
f 2744//3099 2743//3099 2741//3099
f 2746//3100 2745//3100 2743//3100
f 2748//3101 2747//3101 2745//3101
f 2750//3102 2749//3102 2747//3102
f 2752//3103 2751//3103 2749//3103
f 2754//3104 2753//3104 2751//3104
f 2756//3105 2755//3105 2753//3105
f 2758//3106 2757//3106 2755//3106
f 2760//3107 2759//3107 2757//3107
f 2762//3108 2761//3108 2759//3108
f 2764//3109 2763//3109 2761//3109
f 2766//3110 2765//3110 2763//3110
f 2768//3111 2767//3111 2765//3111
f 2770//3112 2769//3112 2767//3112
f 2772//3113 2771//3113 2769//3113
f 2774//3114 2773//3114 2771//3114
f 2776//3115 2775//3115 2773//3115
f 2778//3116 2777//3116 2775//3116
f 2780//3117 2779//3117 2777//3117
f 2782//3118 2781//3118 2779//3118
f 2784//3119 2783//3119 2781//3119
f 2786//3120 2785//3120 2783//3120
f 2788//3121 2787//3121 2785//3121
f 2790//3122 2789//3122 2787//3122
f 2792//3123 2791//3123 2789//3123
f 2794//3124 2793//3124 2791//3124
f 2796//3125 2795//3125 2793//3125
f 2798//3126 2797//3126 2795//3126
f 2800//3127 2799//3127 2797//3127
f 2802//3128 2801//3128 2799//3128
f 2804//3129 2803//3129 2801//3129
f 2806//3130 2805//3130 2803//3130
f 2808//3131 2807//3131 2805//3131
f 2810//3132 2809//3132 2807//3132
f 2812//3133 2811//3133 2809//3133
f 2814//3134 2813//3134 2811//3134
f 2816//3135 2815//3135 2813//3135
f 2818//3136 2817//3136 2815//3136
f 2820//3137 2819//3137 2817//3137
f 2822//3138 2821//3138 2819//3138
f 2824//3139 2823//3139 2821//3139
f 2826//3140 2825//3140 2823//3140
f 2612//3141 2611//3141 2825//3141
f 2830//3142 2829//3142 2827//3142
f 2832//3143 2831//3143 2829//3143
f 2834//3144 2833//3144 2831//3144
f 2836//3145 2835//3145 2833//3145
f 2838//3146 2837//3146 2835//3146
f 2840//3147 2839//3147 2837//3147
f 2842//3148 2841//3148 2839//3148
f 2844//3149 2843//3149 2841//3149
f 2846//3150 2845//3150 2843//3150
f 2848//3151 2847//3151 2845//3151
f 2850//3152 2849//3152 2847//3152
f 2852//3153 2851//3153 2849//3153
f 2854//3154 2853//3154 2851//3154
f 2856//3155 2855//3155 2853//3155
f 2858//3156 2857//3156 2855//3156
f 2860//3157 2859//3157 2857//3157
f 2862//3158 2861//3158 2859//3158
f 2864//3159 2863//3159 2861//3159
f 2866//3160 2865//3160 2863//3160
f 2868//3161 2867//3161 2865//3161
f 2870//3162 2869//3162 2867//3162
f 2872//3163 2871//3163 2869//3163
f 2874//3164 2873//3164 2871//3164
f 2876//3165 2875//3165 2873//3165
f 2878//3166 2877//3166 2875//3166
f 2880//3167 2879//3167 2877//3167
f 2882//3168 2881//3168 2879//3168
f 2884//3169 2883//3169 2881//3169
f 2886//3170 2885//3170 2883//3170
f 2888//3171 2887//3171 2885//3171
f 2890//3172 2889//3172 2887//3172
f 2892//3173 2891//3173 2889//3173
f 2894//3174 2893//3174 2891//3174
f 2896//3175 2895//3175 2893//3175
f 2898//3176 2897//3176 2895//3176
f 2900//3177 2899//3177 2897//3177
f 2902//3178 2901//3178 2899//3178
f 2904//3179 2903//3179 2901//3179
f 2906//3180 2905//3180 2903//3180
f 2908//3181 2907//3181 2905//3181
f 2910//3182 2909//3182 2907//3182
f 2912//3183 2911//3183 2909//3183
f 2914//3184 2913//3184 2911//3184
f 2916//3185 2915//3185 2913//3185
f 2918//3186 2917//3186 2915//3186
f 2920//3187 2919//3187 2917//3187
f 2922//3188 2921//3188 2919//3188
f 2924//3189 2923//3189 2921//3189
f 2926//3190 2925//3190 2923//3190
f 2928//3191 2927//3191 2925//3191
f 2930//3192 2929//3192 2927//3192
f 2932//3193 2931//3193 2929//3193
f 2934//3194 2933//3194 2931//3194
f 2936//3195 2935//3195 2933//3195
f 2938//3196 2937//3196 2935//3196
f 2940//3197 2939//3197 2937//3197
f 2942//3198 2941//3198 2939//3198
f 2944//3199 2943//3199 2941//3199
f 2946//3200 2945//3200 2943//3200
f 2948//3201 2947//3201 2945//3201
f 2950//3202 2949//3202 2947//3202
f 2952//3203 2951//3203 2949//3203
f 2954//3204 2953//3204 2951//3204
f 2956//3205 2955//3205 2953//3205
f 2958//3206 2957//3206 2955//3206
f 2960//3207 2959//3207 2957//3207
f 2962//3208 2961//3208 2959//3208
f 2964//3209 2963//3209 2961//3209
f 2966//3210 2965//3210 2963//3210
f 2968//3211 2967//3211 2965//3211
f 2970//3212 2969//3212 2967//3212
f 2972//3213 2971//3213 2969//3213
f 2974//3214 2973//3214 2971//3214
f 2976//3215 2975//3215 2973//3215
f 2978//3216 2977//3216 2975//3216
f 2980//3217 2979//3217 2977//3217
f 2982//3218 2981//3218 2979//3218
f 2984//3219 2983//3219 2981//3219
f 2986//3220 2985//3220 2983//3220
f 2988//3221 2987//3221 2985//3221
f 2990//3222 2989//3222 2987//3222
f 2992//3223 2991//3223 2989//3223
f 2994//3224 2993//3224 2991//3224
f 2996//3225 2995//3225 2993//3225
f 2998//3226 2997//3226 2995//3226
f 3000//3227 2999//3227 2997//3227
f 3002//3228 3001//3228 2999//3228
f 3004//3229 3003//3229 3001//3229
f 3006//3230 3005//3230 3003//3230
f 3008//3231 3007//3231 3005//3231
f 3010//3232 3009//3232 3007//3232
f 2828//3233 2827//3233 3009//3233
f 3014//3234 3013//3234 3011//3234
f 3016//3235 3015//3235 3013//3235
f 3018//3236 3017//3236 3015//3236
f 3020//3237 3019//3237 3017//3237
f 3022//3238 3021//3238 3019//3238
f 3024//3239 3023//3239 3021//3239
f 3026//3240 3025//3240 3023//3240
f 3028//3241 3027//3241 3025//3241
f 3030//3242 3029//3242 3027//3242
f 3032//3243 3031//3243 3029//3243
f 3034//3244 3033//3244 3031//3244
f 3036//3245 3035//3245 3033//3245
f 3038//3246 3037//3246 3035//3246
f 3040//3247 3039//3247 3037//3247
f 3042//3248 3041//3248 3039//3248
f 3044//3249 3043//3249 3041//3249
f 3046//3250 3045//3250 3043//3250
f 3048//3251 3047//3251 3045//3251
f 3050//3252 3049//3252 3047//3252
f 3052//3253 3051//3253 3049//3253
f 3054//3254 3053//3254 3051//3254
f 3056//3255 3055//3255 3053//3255
f 3058//3256 3057//3256 3055//3256
f 3060//3257 3059//3257 3057//3257
f 3062//3258 3061//3258 3059//3258
f 3064//3259 3063//3259 3061//3259
f 3066//3260 3065//3260 3063//3260
f 3068//3261 3067//3261 3065//3261
f 3070//3262 3069//3262 3067//3262
f 3072//3263 3071//3263 3069//3263
f 3074//3264 3073//3264 3071//3264
f 3076//3265 3075//3265 3073//3265
f 3078//3266 3077//3266 3075//3266
f 3080//3267 3079//3267 3077//3267
f 3082//3268 3081//3268 3079//3268
f 3084//3269 3083//3269 3081//3269
f 3086//3270 3085//3270 3083//3270
f 3088//3271 3087//3271 3085//3271
f 3090//3272 3089//3272 3087//3272
f 3092//3273 3091//3273 3089//3273
f 3094//3274 3093//3274 3091//3274
f 3096//3275 3095//3275 3093//3275
f 3098//3276 3097//3276 3095//3276
f 3100//3277 3099//3277 3097//3277
f 3102//3278 3101//3278 3099//3278
f 3104//3279 3103//3279 3101//3279
f 3106//3280 3105//3280 3103//3280
f 3012//3281 3011//3281 3105//3281
f 3110//3282 3109//3282 3107//3282
f 3112//3283 3111//3283 3109//3283
f 3114//3284 3113//3284 3111//3284
f 3116//3285 3115//3285 3113//3285
f 3118//3286 3117//3286 3115//3286
f 3120//3287 3119//3287 3117//3287
f 3122//3288 3121//3288 3119//3288
f 3124//3289 3123//3289 3121//3289
f 3126//3290 3125//3290 3123//3290
f 3128//3291 3127//3291 3125//3291
f 3130//3292 3129//3292 3127//3292
f 3132//3293 3131//3293 3129//3293
f 3134//3294 3133//3294 3131//3294
f 3136//3295 3135//3295 3133//3295
f 3138//3296 3137//3296 3135//3296
f 3140//3297 3139//3297 3137//3297
f 3142//3298 3141//3298 3139//3298
f 3144//3299 3143//3299 3141//3299
f 3108//3300 3107//3300 3143//3300
f 3148//3301 3147//3301 3145//3301
f 3150//3302 3149//3302 3147//3302
f 3152//3303 3151//3303 3149//3303
f 3154//3304 3153//3304 3151//3304
f 3156//3305 3155//3305 3153//3305
f 3158//3306 3157//3306 3155//3306
f 3160//3307 3159//3307 3157//3307
f 3162//3308 3161//3308 3159//3308
f 3164//3309 3163//3309 3161//3309
f 3166//3310 3165//3310 3163//3310
f 3168//3311 3167//3311 3165//3311
f 3170//3312 3169//3312 3167//3312
f 3172//3313 3171//3313 3169//3313
f 3174//3314 3173//3314 3171//3314
f 3176//3315 3175//3315 3173//3315
f 3178//3316 3177//3316 3175//3316
f 3180//3317 3179//3317 3177//3317
f 3182//3318 3181//3318 3179//3318
f 3184//3319 3183//3319 3181//3319
f 3186//3320 3185//3320 3183//3320
f 3188//3321 3187//3321 3185//3321
f 3190//3322 3189//3322 3187//3322
f 3192//3323 3191//3323 3189//3323
f 3194//3324 3193//3324 3191//3324
f 3196//3325 3195//3325 3193//3325
f 3198//3326 3197//3326 3195//3326
f 3200//3327 3199//3327 3197//3327
f 3202//3328 3201//3328 3199//3328
f 3204//3329 3203//3329 3201//3329
f 3206//3330 3205//3330 3203//3330
f 3208//3331 3207//3331 3205//3331
f 3210//3332 3209//3332 3207//3332
f 3212//3333 3211//3333 3209//3333
f 3214//3334 3213//3334 3211//3334
f 3216//3335 3215//3335 3213//3335
f 3218//3336 3217//3336 3215//3336
f 3220//3337 3219//3337 3217//3337
f 3222//3338 3221//3338 3219//3338
f 3224//3339 3223//3339 3221//3339
f 3226//3340 3225//3340 3223//3340
f 3228//3341 3227//3341 3225//3341
f 3230//3342 3229//3342 3227//3342
f 3232//3343 3231//3343 3229//3343
f 3234//3344 3233//3344 3231//3344
f 3236//3345 3235//3345 3233//3345
f 3238//3346 3237//3346 3235//3346
f 3240//3347 3239//3347 3237//3347
f 3242//3348 3241//3348 3239//3348
f 3244//3349 3243//3349 3241//3349
f 3146//3350 3145//3350 3243//3350
f 3245//3351 3256//3351 3246//3351
f 3256//3352 3255//3352 3251//3352
f 3246//3353 3256//3353 3247//3353
f 3255//3354 3254//3354 3252//3354
f 3254//3355 3253//3355 3252//3355
f 3247//3356 3256//3356 3249//3356
f 3249//3357 3248//3357 3247//3357
f 3249//3358 3256//3358 3251//3358
f 3255//3359 3252//3359 3251//3359
f 3268//3360 3257//3360 3258//3360
f 3259//3361 3260//3361 3261//3361
f 3268//3362 3258//3362 3259//3362
f 3265//3363 3266//3363 3264//3363
f 3266//3364 3267//3364 3264//3364
f 3267//3365 3268//3365 3263//3365
f 3268//3366 3259//3366 3261//3366
f 3263//3367 3268//3367 3261//3367
f 3261//3368 3262//3368 3263//3368
f 3246//3369 3258//3369 3257//3369
f 3247//3370 3259//3370 3258//3370
f 3247//3371 3248//3371 3260//3371
f 3249//3372 3261//3372 3260//3372
f 3250//3373 3262//3373 3261//3373
f 3251//3374 3263//3374 3262//3374
f 3252//3375 3264//3375 3263//3375
f 3253//3376 3265//3376 3264//3376
f 3254//3377 3266//3377 3265//3377
f 3255//3378 3267//3378 3266//3378
f 3256//3379 3268//3379 3267//3379
f 3245//3380 3257//3380 3268//3380
f 3274//3381 3273//3381 3272//3381
f 3271//3382 3270//3382 3269//3382
f 3274//3383 3272//3383 3269//3383
f 3275//3384 3276//3384 3277//3384
f 3278//3385 3279//3385 3280//3385
f 3275//3386 3277//3386 3278//3386
f 3270//3387 3276//3387 3275//3387
f 3271//3388 3277//3388 3276//3388
f 3272//3389 3278//3389 3277//3389
f 3273//3390 3279//3390 3278//3390
f 3274//3391 3280//3391 3279//3391
f 3269//3392 3275//3392 3280//3392
f 3281//3393 3312//3393 3311//3393
f 3311//3394 3310//3394 3281//3394
f 3310//3395 3309//3395 3281//3395
f 3309//3396 3308//3396 3305//3396
f 3308//3397 3307//3397 3305//3397
f 3307//3398 3306//3398 3305//3398
f 3305//3399 3304//3399 3303//3399
f 3303//3400 3302//3400 3305//3400
f 3302//3401 3301//3401 3305//3401
f 3301//3402 3300//3402 3297//3402
f 3300//3403 3299//3403 3297//3403
f 3299//3404 3298//3404 3297//3404
f 3297//3405 3296//3405 3295//3405
f 3295//3406 3294//3406 3297//3406
f 3294//3407 3293//3407 3297//3407
f 3293//3408 3292//3408 3291//3408
f 3291//3409 3290//3409 3289//3409
f 3289//3410 3288//3410 3287//3410
f 3287//3411 3286//3411 3285//3411
f 3285//3412 3284//3412 3281//3412
f 3284//3413 3283//3413 3281//3413
f 3283//3414 3282//3414 3281//3414
f 3293//3415 3291//3415 3297//3415
f 3291//3416 3289//3416 3297//3416
f 3289//3417 3287//3417 3281//3417
f 3287//3418 3285//3418 3281//3418
f 3281//3419 3309//3419 3305//3419
f 3305//3420 3301//3420 3297//3420
f 3281//3421 3305//3421 3297//3421
f 3344//3422 3313//3422 3314//3422
f 3314//3423 3315//3423 3316//3423
f 3316//3424 3317//3424 3318//3424
f 3318//3425 3319//3425 3316//3425
f 3319//3426 3320//3426 3316//3426
f 3320//3427 3321//3427 3322//3427
f 3322//3428 3323//3428 3320//3428
f 3323//3429 3324//3429 3320//3429
f 3324//3430 3325//3430 3326//3430
f 3326//3431 3327//3431 3328//3431
f 3328//3432 3329//3432 3330//3432
f 3330//3433 3331//3433 3332//3433
f 3332//3434 3333//3434 3334//3434
f 3334//3435 3335//3435 3336//3435
f 3336//3436 3337//3436 3338//3436
f 3338//3437 3339//3437 3340//3437
f 3340//3438 3341//3438 3342//3438
f 3342//3439 3343//3439 3344//3439
f 3344//3440 3314//3440 3320//3440
f 3314//3441 3316//3441 3320//3441
f 3324//3442 3326//3442 3328//3442
f 3328//3443 3330//3443 3332//3443
f 3332//3444 3334//3444 3328//3444
f 3334//3445 3336//3445 3328//3445
f 3336//3446 3338//3446 3340//3446
f 3340//3447 3342//3447 3344//3447
f 3320//3448 3324//3448 3344//3448
f 3324//3449 3328//3449 3344//3449
f 3336//3450 3340//3450 3328//3450
f 3282//3451 3314//3451 3313//3451
f 3283//3452 3315//3452 3314//3452
f 3284//3453 3316//3453 3315//3453
f 3285//3454 3317//3454 3316//3454
f 3286//3455 3318//3455 3317//3455
f 3287//3456 3319//3456 3318//3456
f 3288//3457 3320//3457 3319//3457
f 3289//3458 3321//3458 3320//3458
f 3290//3459 3322//3459 3321//3459
f 3291//3460 3323//3460 3322//3460
f 3292//3461 3324//3461 3323//3461
f 3293//3462 3325//3462 3324//3462
f 3294//3463 3326//3463 3325//3463
f 3295//3464 3327//3464 3326//3464
f 3296//3465 3328//3465 3327//3465
f 3297//3466 3329//3466 3328//3466
f 3298//3467 3330//3467 3329//3467
f 3299//3468 3331//3468 3330//3468
f 3300//3469 3332//3469 3331//3469
f 3301//3470 3333//3470 3332//3470
f 3302//3471 3334//3471 3333//3471
f 3303//3472 3335//3472 3334//3472
f 3304//3473 3336//3473 3335//3473
f 3305//3474 3337//3474 3336//3474
f 3306//3475 3338//3475 3337//3475
f 3307//3476 3339//3476 3338//3476
f 3308//3477 3340//3477 3339//3477
f 3309//3478 3341//3478 3340//3478
f 3310//3479 3342//3479 3341//3479
f 3311//3480 3343//3480 3342//3480
f 3312//3481 3344//3481 3343//3481
f 3281//3482 3313//3482 3344//3482
f 3345//3483 3376//3483 3375//3483
f 3375//3484 3374//3484 3345//3484
f 3374//3485 3373//3485 3345//3485
f 3373//3486 3372//3486 3369//3486
f 3372//3487 3371//3487 3369//3487
f 3371//3488 3370//3488 3369//3488
f 3369//3489 3368//3489 3367//3489
f 3367//3490 3366//3490 3369//3490
f 3366//3491 3365//3491 3369//3491
f 3365//3492 3364//3492 3361//3492
f 3364//3493 3363//3493 3361//3493
f 3363//3494 3362//3494 3361//3494
f 3361//3495 3360//3495 3357//3495
f 3360//3496 3359//3496 3357//3496
f 3359//3497 3358//3497 3357//3497
f 3357//3498 3356//3498 3355//3498
f 3355//3499 3354//3499 3357//3499
f 3354//3500 3353//3500 3357//3500
f 3353//3501 3352//3501 3349//3501
f 3352//3502 3351//3502 3349//3502
f 3351//3503 3350//3503 3349//3503
f 3349//3504 3348//3504 3347//3504
f 3347//3505 3346//3505 3349//3505
f 3346//3506 3345//3506 3349//3506
f 3345//3507 3373//3507 3369//3507
f 3369//3508 3365//3508 3361//3508
f 3361//3509 3357//3509 3353//3509
f 3353//3510 3349//3510 3361//3510
f 3349//3511 3345//3511 3361//3511
f 3408//3512 3377//3512 3378//3512
f 3378//3513 3379//3513 3380//3513
f 3380//3514 3381//3514 3384//3514
f 3381//3515 3382//3515 3384//3515
f 3382//3516 3383//3516 3384//3516
f 3384//3517 3385//3517 3386//3517
f 3386//3518 3387//3518 3388//3518
f 3388//3519 3389//3519 3392//3519
f 3389//3520 3390//3520 3392//3520
f 3390//3521 3391//3521 3392//3521
f 3392//3522 3393//3522 3396//3522
f 3393//3523 3394//3523 3396//3523
f 3394//3524 3395//3524 3396//3524
f 3396//3525 3397//3525 3398//3525
f 3398//3526 3399//3526 3400//3526
f 3400//3527 3401//3527 3404//3527
f 3401//3528 3402//3528 3404//3528
f 3402//3529 3403//3529 3404//3529
f 3404//3530 3405//3530 3406//3530
f 3406//3531 3407//3531 3408//3531
f 3408//3532 3378//3532 3384//3532
f 3378//3533 3380//3533 3384//3533
f 3384//3534 3386//3534 3392//3534
f 3386//3535 3388//3535 3392//3535
f 3396//3536 3398//3536 3392//3536
f 3398//3537 3400//3537 3392//3537
f 3404//3538 3406//3538 3408//3538
f 3400//3539 3404//3539 3392//3539
f 3404//3540 3408//3540 3392//3540
f 3346//3541 3378//3541 3377//3541
f 3347//3542 3379//3542 3378//3542
f 3348//3543 3380//3543 3379//3543
f 3349//3544 3381//3544 3380//3544
f 3350//3545 3382//3545 3381//3545
f 3351//3546 3383//3546 3382//3546
f 3352//3547 3384//3547 3383//3547
f 3353//3548 3385//3548 3384//3548
f 3354//3549 3386//3549 3385//3549
f 3355//3550 3387//3550 3386//3550
f 3356//3551 3388//3551 3387//3551
f 3357//3552 3389//3552 3388//3552
f 3358//3553 3390//3553 3389//3553
f 3359//3554 3391//3554 3390//3554
f 3360//3555 3392//3555 3391//3555
f 3361//3556 3393//3556 3392//3556
f 3362//3557 3394//3557 3393//3557
f 3363//3558 3395//3558 3394//3558
f 3364//3559 3396//3559 3395//3559
f 3365//3560 3397//3560 3396//3560
f 3366//3561 3398//3561 3397//3561
f 3367//3562 3399//3562 3398//3562
f 3368//3563 3400//3563 3399//3563
f 3369//3564 3401//3564 3400//3564
f 3370//3565 3402//3565 3401//3565
f 3371//3566 3403//3566 3402//3566
f 3372//3567 3404//3567 3403//3567
f 3373//3568 3405//3568 3404//3568
f 3374//3569 3406//3569 3405//3569
f 3375//3570 3407//3570 3406//3570
f 3376//3571 3408//3571 3407//3571
f 3345//3572 3377//3572 3408//3572
f 3409//3573 3440//3573 3437//3573
f 3440//3574 3439//3574 3437//3574
f 3439//3575 3438//3575 3437//3575
f 3437//3576 3436//3576 3435//3576
f 3435//3577 3434//3577 3437//3577
f 3434//3578 3433//3578 3437//3578
f 3433//3579 3432//3579 3429//3579
f 3432//3580 3431//3580 3429//3580
f 3431//3581 3430//3581 3429//3581
f 3429//3582 3428//3582 3427//3582
f 3427//3583 3426//3583 3429//3583
f 3426//3584 3425//3584 3429//3584
f 3425//3585 3424//3585 3423//3585
f 3423//3586 3422//3586 3425//3586
f 3422//3587 3421//3587 3425//3587
f 3421//3588 3420//3588 3419//3588
f 3419//3589 3418//3589 3417//3589
f 3417//3590 3416//3590 3415//3590
f 3415//3591 3414//3591 3413//3591
f 3413//3592 3412//3592 3409//3592
f 3412//3593 3411//3593 3409//3593
f 3411//3594 3410//3594 3409//3594
f 3421//3595 3419//3595 3425//3595
f 3419//3596 3417//3596 3425//3596
f 3417//3597 3415//3597 3409//3597
f 3415//3598 3413//3598 3409//3598
f 3409//3599 3437//3599 3425//3599
f 3437//3600 3433//3600 3425//3600
f 3433//3601 3429//3601 3425//3601
f 3472//3602 3441//3602 3442//3602
f 3442//3603 3443//3603 3472//3603
f 3443//3604 3444//3604 3472//3604
f 3444//3605 3445//3605 3446//3605
f 3446//3606 3447//3606 3444//3606
f 3447//3607 3448//3607 3444//3607
f 3448//3608 3449//3608 3450//3608
f 3450//3609 3451//3609 3452//3609
f 3452//3610 3453//3610 3454//3610
f 3454//3611 3455//3611 3456//3611
f 3456//3612 3457//3612 3458//3612
f 3458//3613 3459//3613 3460//3613
f 3460//3614 3461//3614 3464//3614
f 3461//3615 3462//3615 3464//3615
f 3462//3616 3463//3616 3464//3616
f 3464//3617 3465//3617 3466//3617
f 3466//3618 3467//3618 3468//3618
f 3468//3619 3469//3619 3472//3619
f 3469//3620 3470//3620 3472//3620
f 3470//3621 3471//3621 3472//3621
f 3448//3622 3450//3622 3452//3622
f 3452//3623 3454//3623 3448//3623
f 3454//3624 3456//3624 3448//3624
f 3456//3625 3458//3625 3464//3625
f 3458//3626 3460//3626 3464//3626
f 3464//3627 3466//3627 3472//3627
f 3466//3628 3468//3628 3472//3628
f 3472//3629 3444//3629 3456//3629
f 3444//3630 3448//3630 3456//3630
f 3410//3631 3442//3631 3441//3631
f 3411//3632 3443//3632 3442//3632
f 3412//3633 3444//3633 3443//3633
f 3413//3634 3445//3634 3444//3634
f 3414//3635 3446//3635 3445//3635
f 3415//3636 3447//3636 3446//3636
f 3416//3637 3448//3637 3447//3637
f 3417//3638 3449//3638 3448//3638
f 3418//3639 3450//3639 3449//3639
f 3419//3640 3451//3640 3450//3640
f 3420//3641 3452//3641 3451//3641
f 3421//3642 3453//3642 3452//3642
f 3422//3643 3454//3643 3453//3643
f 3423//3644 3455//3644 3454//3644
f 3424//3645 3456//3645 3455//3645
f 3425//3646 3457//3646 3456//3646
f 3426//3647 3458//3647 3457//3647
f 3427//3648 3459//3648 3458//3648
f 3428//3649 3460//3649 3459//3649
f 3429//3650 3461//3650 3460//3650
f 3430//3651 3462//3651 3461//3651
f 3431//3652 3463//3652 3462//3652
f 3432//3653 3464//3653 3463//3653
f 3433//3654 3465//3654 3464//3654
f 3434//3655 3466//3655 3465//3655
f 3435//3656 3467//3656 3466//3656
f 3436//3657 3468//3657 3467//3657
f 3437//3658 3469//3658 3468//3658
f 3438//3659 3470//3659 3469//3659
f 3439//3660 3471//3660 3470//3660
f 3440//3661 3472//3661 3471//3661
f 3409//3662 3441//3662 3472//3662
f 3475//3663 3474//3663 3473//3663
f 3477//3664 3478//3664 3479//3664
f 3474//3665 3478//3665 3477//3665
f 3475//3666 3479//3666 3478//3666
f 3476//3667 3480//3667 3479//3667
f 3473//3668 3477//3668 3480//3668
