# Original asset generated in Blender
v -0.039388 0.765000 0.156000
v -0.039811 0.765038 0.156000
v -0.040202 0.765154 0.156000
v -0.040559 0.765346 0.156000
v -0.040883 0.765615 0.156000
v -0.041152 0.765940 0.156000
v -0.041345 0.766297 0.156000
v -0.041460 0.766687 0.156000
v -0.041498 0.767110 0.156000
v -0.041498 0.885979 0.156000
v -0.041460 0.886402 0.156000
v -0.041345 0.886792 0.156000
v -0.041152 0.887149 0.156000
v -0.040883 0.887473 0.156000
v -0.040559 0.887743 0.156000
v -0.040202 0.887935 0.156000
v -0.039811 0.888050 0.156000
v -0.039388 0.888089 0.156000
v 0.003517 0.888089 0.156000
v 0.009572 0.887814 0.156000
v 0.015254 0.886990 0.156000
v 0.020562 0.885616 0.156000
v 0.025497 0.883693 0.156000
v 0.029975 0.881258 0.156000
v 0.033915 0.878352 0.156000
v 0.037317 0.874972 0.156000
v 0.040180 0.871120 0.156000
v 0.042449 0.866861 0.156000
v 0.044070 0.862262 0.156000
v 0.045043 0.857322 0.156000
v 0.045367 0.852041 0.156000
v 0.045367 0.801047 0.156000
v 0.045043 0.795767 0.156000
v 0.044070 0.790827 0.156000
v 0.042449 0.786227 0.156000
v 0.040180 0.781969 0.156000
v 0.037317 0.778117 0.156000
v 0.033915 0.774737 0.156000
v 0.029975 0.771830 0.156000
v 0.025497 0.769396 0.156000
v 0.020562 0.767473 0.156000
v 0.015254 0.766099 0.156000
v 0.009572 0.765275 0.156000
v 0.003517 0.765000 0.156000
v -0.021101 0.783463 0.156000
v -0.021046 0.783079 0.156000
v -0.020881 0.782804 0.156000
v -0.020606 0.782639 0.156000
v -0.020222 0.782584 0.156000
v 0.004396 0.782584 0.156000
v 0.008820 0.782952 0.156000
v 0.012770 0.784057 0.156000
v 0.016249 0.785898 0.156000
v 0.019255 0.788475 0.156000
v 0.021689 0.791667 0.156000
v 0.023453 0.795355 0.156000
v 0.024546 0.799536 0.156000
v 0.024969 0.804213 0.156000
v 0.024969 0.848700 0.156000
v 0.024618 0.853454 0.156000
v 0.023563 0.857690 0.156000
v 0.021804 0.861410 0.156000
v 0.019343 0.864614 0.156000
v 0.016287 0.867191 0.156000
v 0.012748 0.869032 0.156000
v 0.008726 0.870136 0.156000
v 0.004220 0.870505 0.156000
v -0.020222 0.870505 0.156000
v -0.020606 0.870450 0.156000
v -0.020881 0.870285 0.156000
v -0.021046 0.870010 0.156000
v -0.021101 0.869625 0.156000
v -0.039388 0.765000 0.154000
v -0.039811 0.765038 0.154000
v -0.040202 0.765154 0.154000
v -0.040559 0.765346 0.154000
v -0.040883 0.765615 0.154000
v -0.041152 0.765940 0.154000
v -0.041345 0.766297 0.154000
v -0.041460 0.766687 0.154000
v -0.041498 0.767110 0.154000
v -0.041498 0.885979 0.154000
v -0.041460 0.886402 0.154000
v -0.041345 0.886792 0.154000
v -0.041152 0.887149 0.154000
v -0.040883 0.887473 0.154000
v -0.040559 0.887743 0.154000
v -0.040202 0.887935 0.154000
v -0.039811 0.888050 0.154000
v -0.039388 0.888089 0.154000
v 0.003517 0.888089 0.154000
v 0.009572 0.887814 0.154000
v 0.015254 0.886990 0.154000
v 0.020562 0.885616 0.154000
v 0.025497 0.883693 0.154000
v 0.029975 0.881258 0.154000
v 0.033915 0.878352 0.154000
v 0.037317 0.874972 0.154000
v 0.040180 0.871120 0.154000
v 0.042449 0.866861 0.154000
v 0.044070 0.862262 0.154000
v 0.045043 0.857322 0.154000
v 0.045367 0.852041 0.154000
v 0.045367 0.801047 0.154000
v 0.045043 0.795767 0.154000
v 0.044070 0.790827 0.154000
v 0.042449 0.786227 0.154000
v 0.040180 0.781969 0.154000
v 0.037317 0.778117 0.154000
v 0.033915 0.774737 0.154000
v 0.029975 0.771830 0.154000
v 0.025497 0.769396 0.154000
v 0.020562 0.767473 0.154000
v 0.015254 0.766099 0.154000
v 0.009572 0.765275 0.154000
v 0.003517 0.765000 0.154000
v -0.021101 0.783463 0.154000
v -0.021046 0.783079 0.154000
v -0.020881 0.782804 0.154000
v -0.020606 0.782639 0.154000
v -0.020222 0.782584 0.154000
v 0.004396 0.782584 0.154000
v 0.008820 0.782952 0.154000
v 0.012770 0.784057 0.154000
v 0.016249 0.785898 0.154000
v 0.019255 0.788475 0.154000
v 0.021689 0.791667 0.154000
v 0.023453 0.795355 0.154000
v 0.024546 0.799536 0.154000
v 0.024969 0.804213 0.154000
v 0.024969 0.848700 0.154000
v 0.024618 0.853454 0.154000
v 0.023563 0.857690 0.154000
v 0.021804 0.861410 0.154000
v 0.019343 0.864614 0.154000
v 0.016287 0.867191 0.154000
v 0.012748 0.869032 0.154000
v 0.008726 0.870136 0.154000
v 0.004220 0.870505 0.154000
v -0.020222 0.870505 0.154000
v -0.020606 0.870450 0.154000
v -0.020881 0.870285 0.154000
v -0.021046 0.870010 0.154000
v -0.021101 0.869625 0.154000
v -0.039388 0.765000 0.154000
v -0.039388 0.765000 0.156000
v -0.039811 0.765038 0.154000
v -0.039811 0.765038 0.156000
v -0.040202 0.765154 0.154000
v -0.040202 0.765154 0.156000
v -0.040559 0.765346 0.154000
v -0.040559 0.765346 0.156000
v -0.040883 0.765615 0.154000
v -0.040883 0.765615 0.156000
v -0.041152 0.765940 0.154000
v -0.041152 0.765940 0.156000
v -0.041345 0.766297 0.154000
v -0.041345 0.766297 0.156000
v -0.041460 0.766687 0.154000
v -0.041460 0.766687 0.156000
v -0.041498 0.767110 0.154000
v -0.041498 0.767110 0.156000
v -0.041498 0.885979 0.154000
v -0.041498 0.885979 0.156000
v -0.041460 0.886402 0.154000
v -0.041460 0.886402 0.156000
v -0.041345 0.886792 0.154000
v -0.041345 0.886792 0.156000
v -0.041152 0.887149 0.154000
v -0.041152 0.887149 0.156000
v -0.040883 0.887473 0.154000
v -0.040883 0.887473 0.156000
v -0.040559 0.887743 0.154000
v -0.040559 0.887743 0.156000
v -0.040202 0.887935 0.154000
v -0.040202 0.887935 0.156000
v -0.039811 0.888050 0.154000
v -0.039811 0.888050 0.156000
v -0.039388 0.888089 0.154000
v -0.039388 0.888089 0.156000
v 0.003517 0.888089 0.154000
v 0.003517 0.888089 0.156000
v 0.009572 0.887814 0.154000
v 0.009572 0.887814 0.156000
v 0.015254 0.886990 0.154000
v 0.015254 0.886990 0.156000
v 0.020562 0.885616 0.154000
v 0.020562 0.885616 0.156000
v 0.025497 0.883693 0.154000
v 0.025497 0.883693 0.156000
v 0.029975 0.881258 0.154000
v 0.029975 0.881258 0.156000
v 0.033915 0.878352 0.154000
v 0.033915 0.878352 0.156000
v 0.037317 0.874972 0.154000
v 0.037317 0.874972 0.156000
v 0.040180 0.871120 0.154000
v 0.040180 0.871120 0.156000
v 0.042449 0.866861 0.154000
v 0.042449 0.866861 0.156000
v 0.044070 0.862262 0.154000
v 0.044070 0.862262 0.156000
v 0.045043 0.857322 0.154000
v 0.045043 0.857322 0.156000
v 0.045367 0.852041 0.154000
v 0.045367 0.852041 0.156000
v 0.045367 0.801047 0.154000
v 0.045367 0.801047 0.156000
v 0.045043 0.795767 0.154000
v 0.045043 0.795767 0.156000
v 0.044070 0.790827 0.154000
v 0.044070 0.790827 0.156000
v 0.042449 0.786227 0.154000
v 0.042449 0.786227 0.156000
v 0.040180 0.781969 0.154000
v 0.040180 0.781969 0.156000
v 0.037317 0.778117 0.154000
v 0.037317 0.778117 0.156000
v 0.033915 0.774737 0.154000
v 0.033915 0.774737 0.156000
v 0.029975 0.771830 0.154000
v 0.029975 0.771830 0.156000
v 0.025497 0.769396 0.154000
v 0.025497 0.769396 0.156000
v 0.020562 0.767473 0.154000
v 0.020562 0.767473 0.156000
v 0.015254 0.766099 0.154000
v 0.015254 0.766099 0.156000
v 0.009572 0.765275 0.154000
v 0.009572 0.765275 0.156000
v 0.003517 0.765000 0.154000
v 0.003517 0.765000 0.156000
v -0.021101 0.783463 0.154000
v -0.021101 0.783463 0.156000
v -0.021046 0.783079 0.154000
v -0.021046 0.783079 0.156000
v -0.020881 0.782804 0.154000
v -0.020881 0.782804 0.156000
v -0.020606 0.782639 0.154000
v -0.020606 0.782639 0.156000
v -0.020222 0.782584 0.154000
v -0.020222 0.782584 0.156000
v 0.004396 0.782584 0.154000
v 0.004396 0.782584 0.156000
v 0.008820 0.782952 0.154000
v 0.008820 0.782952 0.156000
v 0.012770 0.784057 0.154000
v 0.012770 0.784057 0.156000
v 0.016249 0.785898 0.154000
v 0.016249 0.785898 0.156000
v 0.019255 0.788475 0.154000
v 0.019255 0.788475 0.156000
v 0.021689 0.791667 0.154000
v 0.021689 0.791667 0.156000
v 0.023453 0.795355 0.154000
v 0.023453 0.795355 0.156000
v 0.024546 0.799536 0.154000
v 0.024546 0.799536 0.156000
v 0.024969 0.804213 0.154000
v 0.024969 0.804213 0.156000
v 0.024969 0.848700 0.154000
v 0.024969 0.848700 0.156000
v 0.024618 0.853454 0.154000
v 0.024618 0.853454 0.156000
v 0.023563 0.857690 0.154000
v 0.023563 0.857690 0.156000
v 0.021804 0.861410 0.154000
v 0.021804 0.861410 0.156000
v 0.019343 0.864614 0.154000
v 0.019343 0.864614 0.156000
v 0.016287 0.867191 0.154000
v 0.016287 0.867191 0.156000
v 0.012748 0.869032 0.154000
v 0.012748 0.869032 0.156000
v 0.008726 0.870136 0.154000
v 0.008726 0.870136 0.156000
v 0.004220 0.870505 0.154000
v 0.004220 0.870505 0.156000
v -0.020222 0.870505 0.154000
v -0.020222 0.870505 0.156000
v -0.020606 0.870450 0.154000
v -0.020606 0.870450 0.156000
v -0.020881 0.870285 0.154000
v -0.020881 0.870285 0.156000
v -0.021046 0.870010 0.154000
v -0.021046 0.870010 0.156000
v -0.021101 0.869625 0.154000
v -0.021101 0.869625 0.156000
v 0.072406 0.236688 0.156000
v 0.071005 0.236759 0.156000
v 0.069686 0.236971 0.156000
v 0.068451 0.237324 0.156000
v 0.067298 0.237819 0.156000
v 0.066249 0.238444 0.156000
v 0.065324 0.239188 0.156000
v 0.064524 0.240052 0.156000
v 0.063847 0.241036 0.156000
v 0.063310 0.242119 0.156000
v 0.062926 0.243282 0.156000
v 0.062696 0.244526 0.156000
v 0.062619 0.245851 0.156000
v 0.062619 0.263826 0.156000
v 0.062628 0.263919 0.156000
v 0.062653 0.264006 0.156000
v 0.062696 0.264085 0.156000
v 0.062756 0.264157 0.156000
v 0.062828 0.264217 0.156000
v 0.062907 0.264259 0.156000
v 0.062993 0.264285 0.156000
v 0.063087 0.264294 0.156000
v 0.066674 0.264294 0.156000
v 0.066768 0.264285 0.156000
v 0.066855 0.264259 0.156000
v 0.066934 0.264217 0.156000
v 0.067006 0.264157 0.156000
v 0.067065 0.264085 0.156000
v 0.067108 0.264006 0.156000
v 0.067134 0.263919 0.156000
v 0.067142 0.263826 0.156000
v 0.067142 0.245773 0.156000
v 0.067232 0.244676 0.156000
v 0.067503 0.243687 0.156000
v 0.067954 0.242805 0.156000
v 0.068585 0.242030 0.156000
v 0.069365 0.241399 0.156000
v 0.070261 0.240948 0.156000
v 0.071275 0.240677 0.156000
v 0.072406 0.240587 0.156000
v 0.073537 0.240677 0.156000
v 0.074550 0.240948 0.156000
v 0.075447 0.241399 0.156000
v 0.076227 0.242030 0.156000
v 0.076858 0.242805 0.156000
v 0.077309 0.243687 0.156000
v 0.077580 0.244676 0.156000
v 0.077670 0.245773 0.156000
v 0.077670 0.263826 0.156000
v 0.077678 0.263919 0.156000
v 0.077704 0.264006 0.156000
v 0.077746 0.264085 0.156000
v 0.077806 0.264157 0.156000
v 0.077878 0.264217 0.156000
v 0.077957 0.264259 0.156000
v 0.078044 0.264285 0.156000
v 0.078138 0.264294 0.156000
v 0.081725 0.264294 0.156000
v 0.081819 0.264285 0.156000
v 0.081905 0.264259 0.156000
v 0.081984 0.264217 0.156000
v 0.082056 0.264157 0.156000
v 0.082116 0.264085 0.156000
v 0.082159 0.264006 0.156000
v 0.082184 0.263919 0.156000
v 0.082193 0.263826 0.156000
v 0.082193 0.245851 0.156000
v 0.082117 0.244526 0.156000
v 0.081890 0.243282 0.156000
v 0.081513 0.242119 0.156000
v 0.080984 0.241036 0.156000
v 0.080316 0.240052 0.156000
v 0.079522 0.239188 0.156000
v 0.078601 0.238444 0.156000
v 0.077553 0.237819 0.156000
v 0.076398 0.237324 0.156000
v 0.075155 0.236971 0.156000
v 0.073824 0.236759 0.156000
v 0.054509 0.237000 0.156000
v 0.054331 0.237024 0.156000
v 0.054188 0.237097 0.156000
v 0.054078 0.237219 0.156000
v 0.054002 0.237390 0.156000
v 0.052716 0.241562 0.156000
v 0.052674 0.241630 0.156000
v 0.052628 0.241679 0.156000
v 0.052577 0.241708 0.156000
v 0.052521 0.241718 0.156000
v 0.042227 0.241718 0.156000
v 0.042171 0.241708 0.156000
v 0.042120 0.241679 0.156000
v 0.042074 0.241630 0.156000
v 0.042032 0.241562 0.156000
v 0.040745 0.237390 0.156000
v 0.040670 0.237219 0.156000
v 0.040560 0.237097 0.156000
v 0.040416 0.237024 0.156000
v 0.040239 0.237000 0.156000
v 0.036339 0.237000 0.156000
v 0.036230 0.237009 0.156000
v 0.036135 0.237034 0.156000
v 0.036054 0.237077 0.156000
v 0.035989 0.237136 0.156000
v 0.035942 0.237213 0.156000
v 0.035920 0.237307 0.156000
v 0.035923 0.237418 0.156000
v 0.035950 0.237546 0.156000
v 0.044411 0.263904 0.156000
v 0.044486 0.264074 0.156000
v 0.044596 0.264196 0.156000
v 0.044740 0.264269 0.156000
v 0.044917 0.264294 0.156000
v 0.049791 0.264294 0.156000
v 0.049969 0.264269 0.156000
v 0.050113 0.264196 0.156000
v 0.050223 0.264074 0.156000
v 0.050298 0.263904 0.156000
v 0.058798 0.237546 0.156000
v 0.058815 0.237504 0.156000
v 0.058827 0.237458 0.156000
v 0.058835 0.237407 0.156000
v 0.058837 0.237351 0.156000
v 0.058810 0.237197 0.156000
v 0.058730 0.237088 0.156000
v 0.058596 0.237022 0.156000
v 0.058408 0.237000 0.156000
v 0.043241 0.245500 0.156000
v 0.043236 0.245398 0.156000
v 0.043260 0.245325 0.156000
v 0.043314 0.245281 0.156000
v 0.043397 0.245266 0.156000
v 0.051312 0.245266 0.156000
v 0.051409 0.245281 0.156000
v 0.051468 0.245325 0.156000
v 0.051487 0.245398 0.156000
v 0.051468 0.245500 0.156000
v 0.047452 0.258562 0.156000
v 0.047430 0.258630 0.156000
v 0.047403 0.258679 0.156000
v 0.047371 0.258708 0.156000
v 0.047335 0.258718 0.156000
v 0.047298 0.258708 0.156000
v 0.047267 0.258679 0.156000
v 0.047240 0.258630 0.156000
v 0.047218 0.258562 0.156000
v 0.032986 0.260862 0.156000
v 0.032978 0.260769 0.156000
v 0.032952 0.260682 0.156000
v 0.032909 0.260603 0.156000
v 0.032850 0.260531 0.156000
v 0.032778 0.260471 0.156000
v 0.032699 0.260429 0.156000
v 0.032612 0.260403 0.156000
v 0.032518 0.260394 0.156000
v 0.019222 0.260394 0.156000
v 0.019137 0.260382 0.156000
v 0.019076 0.260346 0.156000
v 0.019040 0.260285 0.156000
v 0.019028 0.260200 0.156000
v 0.019028 0.252908 0.156000
v 0.019040 0.252823 0.156000
v 0.019076 0.252762 0.156000
v 0.019137 0.252725 0.156000
v 0.019222 0.252713 0.156000
v 0.028151 0.252713 0.156000
v 0.028245 0.252705 0.156000
v 0.028332 0.252679 0.156000
v 0.028411 0.252637 0.156000
v 0.028483 0.252577 0.156000
v 0.028543 0.252505 0.156000
v 0.028585 0.252426 0.156000
v 0.028611 0.252339 0.156000
v 0.028619 0.252245 0.156000
v 0.028619 0.249282 0.156000
v 0.028611 0.249188 0.156000
v 0.028585 0.249102 0.156000
v 0.028543 0.249023 0.156000
v 0.028483 0.248951 0.156000
v 0.028411 0.248891 0.156000
v 0.028332 0.248848 0.156000
v 0.028245 0.248823 0.156000
v 0.028151 0.248814 0.156000
v 0.019222 0.248814 0.156000
v 0.019137 0.248802 0.156000
v 0.019076 0.248765 0.156000
v 0.019040 0.248705 0.156000
v 0.019028 0.248619 0.156000
v 0.019028 0.241094 0.156000
v 0.019040 0.241009 0.156000
v 0.019076 0.240948 0.156000
v 0.019137 0.240911 0.156000
v 0.019222 0.240899 0.156000
v 0.032518 0.240899 0.156000
v 0.032612 0.240891 0.156000
v 0.032699 0.240865 0.156000
v 0.032778 0.240822 0.156000
v 0.032850 0.240763 0.156000
v 0.032909 0.240691 0.156000
v 0.032952 0.240611 0.156000
v 0.032978 0.240525 0.156000
v 0.032986 0.240431 0.156000
v 0.032986 0.237468 0.156000
v 0.032978 0.237374 0.156000
v 0.032952 0.237288 0.156000
v 0.032909 0.237208 0.156000
v 0.032850 0.237136 0.156000
v 0.032778 0.237077 0.156000
v 0.032699 0.237034 0.156000
v 0.032612 0.237009 0.156000
v 0.032518 0.237000 0.156000
v 0.014972 0.237000 0.156000
v 0.014879 0.237009 0.156000
v 0.014792 0.237034 0.156000
v 0.014713 0.237077 0.156000
v 0.014641 0.237136 0.156000
v 0.014581 0.237208 0.156000
v 0.014539 0.237288 0.156000
v 0.014513 0.237374 0.156000
v 0.014505 0.237468 0.156000
v 0.014505 0.263826 0.156000
v 0.014513 0.263919 0.156000
v 0.014539 0.264006 0.156000
v 0.014581 0.264085 0.156000
v 0.014641 0.264157 0.156000
v 0.014713 0.264217 0.156000
v 0.014792 0.264259 0.156000
v 0.014879 0.264285 0.156000
v 0.014972 0.264294 0.156000
v 0.032518 0.264294 0.156000
v 0.032612 0.264285 0.156000
v 0.032699 0.264259 0.156000
v 0.032778 0.264217 0.156000
v 0.032850 0.264157 0.156000
v 0.032909 0.264085 0.156000
v 0.032952 0.264006 0.156000
v 0.032978 0.263919 0.156000
v 0.032986 0.263826 0.156000
v 0.002261 0.264333 0.156000
v 0.003453 0.264269 0.156000
v 0.004572 0.264079 0.156000
v 0.005617 0.263762 0.156000
v 0.006589 0.263319 0.156000
v 0.007473 0.262760 0.156000
v 0.008251 0.262095 0.156000
v 0.008925 0.261327 0.156000
v 0.009494 0.260453 0.156000
v 0.009946 0.259492 0.156000
v 0.010269 0.258460 0.156000
v 0.010463 0.257357 0.156000
v 0.010528 0.256184 0.156000
v 0.010462 0.255028 0.156000
v 0.010264 0.253941 0.156000
v 0.009935 0.252923 0.156000
v 0.009475 0.251972 0.156000
v 0.008894 0.251109 0.156000
v 0.008203 0.250349 0.156000
v 0.007402 0.249695 0.156000
v 0.006492 0.249146 0.156000
v 0.005489 0.248711 0.156000
v 0.004411 0.248400 0.156000
v 0.003257 0.248214 0.156000
v 0.002028 0.248151 0.156000
v -0.004211 0.248151 0.156000
v -0.004296 0.248139 0.156000
v -0.004357 0.248103 0.156000
v -0.004394 0.248042 0.156000
v -0.004406 0.247956 0.156000
v -0.004406 0.237468 0.156000
v -0.004414 0.237374 0.156000
v -0.004440 0.237288 0.156000
v -0.004483 0.237208 0.156000
v -0.004542 0.237136 0.156000
v -0.004614 0.237077 0.156000
v -0.004694 0.237034 0.156000
v -0.004780 0.237009 0.156000
v -0.004874 0.237000 0.156000
v -0.008461 0.237000 0.156000
v -0.008555 0.237009 0.156000
v -0.008641 0.237034 0.156000
v -0.008721 0.237077 0.156000
v -0.008792 0.237136 0.156000
v -0.008852 0.237208 0.156000
v -0.008895 0.237288 0.156000
v -0.008920 0.237374 0.156000
v -0.008929 0.237468 0.156000
v -0.008929 0.263865 0.156000
v -0.008920 0.263959 0.156000
v -0.008895 0.264045 0.156000
v -0.008852 0.264124 0.156000
v -0.008792 0.264196 0.156000
v -0.008721 0.264256 0.156000
v -0.008641 0.264298 0.156000
v -0.008555 0.264324 0.156000
v -0.008461 0.264333 0.156000
v 0.001599 0.251817 0.156000
v 0.002544 0.251890 0.156000
v 0.003392 0.252109 0.156000
v 0.004143 0.252474 0.156000
v 0.004796 0.252986 0.156000
v 0.005325 0.253617 0.156000
v 0.005702 0.254341 0.156000
v 0.005929 0.255158 0.156000
v 0.006005 0.256067 0.156000
v 0.005929 0.256995 0.156000
v 0.005702 0.257831 0.156000
v 0.005325 0.258574 0.156000
v 0.004796 0.259225 0.156000
v 0.004143 0.259754 0.156000
v 0.003392 0.260131 0.156000
v 0.002544 0.260358 0.156000
v 0.001599 0.260433 0.156000
v -0.004211 0.260433 0.156000
v -0.004296 0.260421 0.156000
v -0.004357 0.260385 0.156000
v -0.004394 0.260324 0.156000
v -0.004406 0.260239 0.156000
v -0.004406 0.252011 0.156000
v -0.004394 0.251926 0.156000
v -0.004357 0.251865 0.156000
v -0.004296 0.251829 0.156000
v -0.004211 0.251817 0.156000
v -0.017039 0.237000 0.156000
v -0.017217 0.237024 0.156000
v -0.017361 0.237097 0.156000
v -0.017470 0.237219 0.156000
v -0.017546 0.237390 0.156000
v -0.018833 0.241562 0.156000
v -0.018874 0.241630 0.156000
v -0.018920 0.241679 0.156000
v -0.018971 0.241708 0.156000
v -0.019028 0.241718 0.156000
v -0.029321 0.241718 0.156000
v -0.029377 0.241708 0.156000
v -0.029428 0.241679 0.156000
v -0.029475 0.241630 0.156000
v -0.029516 0.241562 0.156000
v -0.030803 0.237390 0.156000
v -0.030878 0.237219 0.156000
v -0.030988 0.237097 0.156000
v -0.031132 0.237024 0.156000
v -0.031310 0.237000 0.156000
v -0.035209 0.237000 0.156000
v -0.035318 0.237009 0.156000
v -0.035413 0.237034 0.156000
v -0.035494 0.237077 0.156000
v -0.035560 0.237136 0.156000
v -0.035606 0.237213 0.156000
v -0.035628 0.237307 0.156000
v -0.035625 0.237418 0.156000
v -0.035599 0.237546 0.156000
v -0.027138 0.263904 0.156000
v -0.027062 0.264074 0.156000
v -0.026952 0.264196 0.156000
v -0.026809 0.264269 0.156000
v -0.026631 0.264294 0.156000
v -0.021757 0.264294 0.156000
v -0.021579 0.264269 0.156000
v -0.021435 0.264196 0.156000
v -0.021326 0.264074 0.156000
v -0.021250 0.263904 0.156000
v -0.012750 0.237546 0.156000
v -0.012733 0.237504 0.156000
v -0.012721 0.237458 0.156000
v -0.012713 0.237407 0.156000
v -0.012711 0.237351 0.156000
v -0.012738 0.237197 0.156000
v -0.012818 0.237088 0.156000
v -0.012952 0.237022 0.156000
v -0.013140 0.237000 0.156000
v -0.028307 0.245500 0.156000
v -0.028312 0.245398 0.156000
v -0.028288 0.245325 0.156000
v -0.028234 0.245281 0.156000
v -0.028151 0.245266 0.156000
v -0.020236 0.245266 0.156000
v -0.020139 0.245281 0.156000
v -0.020080 0.245325 0.156000
v -0.020061 0.245398 0.156000
v -0.020080 0.245500 0.156000
v -0.024096 0.258562 0.156000
v -0.024118 0.258630 0.156000
v -0.024145 0.258679 0.156000
v -0.024177 0.258708 0.156000
v -0.024213 0.258718 0.156000
v -0.024250 0.258708 0.156000
v -0.024282 0.258679 0.156000
v -0.024308 0.258630 0.156000
v -0.024330 0.258562 0.156000
v -0.042539 0.237000 0.156000
v -0.042719 0.237022 0.156000
v -0.042870 0.237088 0.156000
v -0.042992 0.237197 0.156000
v -0.043085 0.237351 0.156000
v -0.048232 0.248580 0.156000
v -0.048276 0.248649 0.156000
v -0.048329 0.248697 0.156000
v -0.048392 0.248726 0.156000
v -0.048466 0.248736 0.156000
v -0.053144 0.248736 0.156000
v -0.053230 0.248724 0.156000
v -0.053291 0.248688 0.156000
v -0.053327 0.248627 0.156000
v -0.053339 0.248541 0.156000
v -0.053339 0.237468 0.156000
v -0.053348 0.237374 0.156000
v -0.053374 0.237288 0.156000
v -0.053416 0.237208 0.156000
v -0.053476 0.237136 0.156000
v -0.053548 0.237077 0.156000
v -0.053627 0.237034 0.156000
v -0.053714 0.237009 0.156000
v -0.053807 0.237000 0.156000
v -0.057394 0.237000 0.156000
v -0.057488 0.237009 0.156000
v -0.057575 0.237034 0.156000
v -0.057654 0.237077 0.156000
v -0.057726 0.237136 0.156000
v -0.057786 0.237208 0.156000
v -0.057828 0.237288 0.156000
v -0.057854 0.237374 0.156000
v -0.057862 0.237468 0.156000
v -0.057862 0.263826 0.156000
v -0.057854 0.263919 0.156000
v -0.057828 0.264006 0.156000
v -0.057786 0.264085 0.156000
v -0.057726 0.264157 0.156000
v -0.057654 0.264217 0.156000
v -0.057575 0.264259 0.156000
v -0.057488 0.264285 0.156000
v -0.057394 0.264294 0.156000
v -0.046672 0.264294 0.156000
v -0.045517 0.264231 0.156000
v -0.044430 0.264045 0.156000
v -0.043411 0.263734 0.156000
v -0.042461 0.263299 0.156000
v -0.041596 0.262751 0.156000
v -0.040833 0.262100 0.156000
v -0.040173 0.261347 0.156000
v -0.039615 0.260492 0.156000
v -0.039171 0.259553 0.156000
v -0.038854 0.258547 0.156000
v -0.038664 0.257476 0.156000
v -0.038601 0.256339 0.156000
v -0.038687 0.255044 0.156000
v -0.038947 0.253849 0.156000
v -0.039380 0.252753 0.156000
v -0.039985 0.251758 0.156000
v -0.040744 0.250884 0.156000
v -0.041637 0.250154 0.156000
v -0.042664 0.249568 0.156000
v -0.043826 0.249126 0.156000
v -0.043862 0.249121 0.156000
v -0.043894 0.249107 0.156000
v -0.043921 0.249082 0.156000
v -0.043943 0.249048 0.156000
v -0.043957 0.249009 0.156000
v -0.043962 0.248970 0.156000
v -0.043957 0.248931 0.156000
v -0.043943 0.248892 0.156000
v -0.038445 0.237546 0.156000
v -0.038411 0.237473 0.156000
v -0.038386 0.237409 0.156000
v -0.038372 0.237356 0.156000
v -0.038367 0.237312 0.156000
v -0.038394 0.237175 0.156000
v -0.038474 0.237078 0.156000
v -0.038608 0.237019 0.156000
v -0.038796 0.237000 0.156000
v -0.053144 0.260394 0.156000
v -0.053230 0.260382 0.156000
v -0.053291 0.260346 0.156000
v -0.053327 0.260285 0.156000
v -0.053339 0.260200 0.156000
v -0.053339 0.252440 0.156000
v -0.053327 0.252355 0.156000
v -0.053291 0.252294 0.156000
v -0.053230 0.252258 0.156000
v -0.053144 0.252245 0.156000
v -0.047296 0.252245 0.156000
v -0.046405 0.252315 0.156000
v -0.045605 0.252523 0.156000
v -0.044894 0.252871 0.156000
v -0.044274 0.253357 0.156000
v -0.043771 0.253957 0.156000
v -0.043411 0.254648 0.156000
v -0.043196 0.255429 0.156000
v -0.043124 0.256300 0.156000
v -0.043196 0.257173 0.156000
v -0.043411 0.257958 0.156000
v -0.043771 0.258655 0.156000
v -0.044274 0.259264 0.156000
v -0.044894 0.259758 0.156000
v -0.045605 0.260112 0.156000
v -0.046405 0.260324 0.156000
v -0.047296 0.260394 0.156000
v -0.081491 0.237000 0.156000
v -0.081585 0.237009 0.156000
v -0.081671 0.237034 0.156000
v -0.081750 0.237077 0.156000
v -0.081822 0.237136 0.156000
v -0.081882 0.237208 0.156000
v -0.081925 0.237288 0.156000
v -0.081950 0.237374 0.156000
v -0.081959 0.237468 0.156000
v -0.081959 0.263826 0.156000
v -0.081950 0.263919 0.156000
v -0.081925 0.264006 0.156000
v -0.081882 0.264085 0.156000
v -0.081822 0.264157 0.156000
v -0.081750 0.264217 0.156000
v -0.081671 0.264259 0.156000
v -0.081585 0.264285 0.156000
v -0.081491 0.264294 0.156000
v -0.071977 0.264294 0.156000
v -0.070634 0.264233 0.156000
v -0.069374 0.264050 0.156000
v -0.068197 0.263745 0.156000
v -0.067103 0.263319 0.156000
v -0.066110 0.262779 0.156000
v -0.065237 0.262134 0.156000
v -0.064482 0.261385 0.156000
v -0.063847 0.260531 0.156000
v -0.063344 0.259587 0.156000
v -0.062985 0.258567 0.156000
v -0.062769 0.257471 0.156000
v -0.062697 0.256300 0.156000
v -0.062697 0.244993 0.156000
v -0.062769 0.243822 0.156000
v -0.062985 0.242727 0.156000
v -0.063344 0.241707 0.156000
v -0.063847 0.240763 0.156000
v -0.064482 0.239908 0.156000
v -0.065237 0.239159 0.156000
v -0.066110 0.238515 0.156000
v -0.067103 0.237975 0.156000
v -0.068197 0.237548 0.156000
v -0.069374 0.237244 0.156000
v -0.070634 0.237061 0.156000
v -0.071977 0.237000 0.156000
v -0.077436 0.241094 0.156000
v -0.077424 0.241009 0.156000
v -0.077387 0.240948 0.156000
v -0.077326 0.240911 0.156000
v -0.077241 0.240899 0.156000
v -0.071782 0.240899 0.156000
v -0.070801 0.240981 0.156000
v -0.069925 0.241226 0.156000
v -0.069154 0.241634 0.156000
v -0.068487 0.242205 0.156000
v -0.067948 0.242913 0.156000
v -0.067556 0.243731 0.156000
v -0.067314 0.244658 0.156000
v -0.067220 0.245695 0.156000
v -0.067220 0.255560 0.156000
v -0.067298 0.256614 0.156000
v -0.067532 0.257553 0.156000
v -0.067922 0.258378 0.156000
v -0.068468 0.259088 0.156000
v -0.069145 0.259660 0.156000
v -0.069930 0.260068 0.156000
v -0.070822 0.260313 0.156000
v -0.071821 0.260394 0.156000
v -0.077241 0.260394 0.156000
v -0.077326 0.260382 0.156000
v -0.077387 0.260346 0.156000
v -0.077424 0.260285 0.156000
v -0.077436 0.260200 0.156000
v 0.072406 0.236688 0.154000
v 0.071005 0.236759 0.154000
v 0.069686 0.236971 0.154000
v 0.068451 0.237324 0.154000
v 0.067298 0.237819 0.154000
v 0.066249 0.238444 0.154000
v 0.065324 0.239188 0.154000
v 0.064524 0.240052 0.154000
v 0.063847 0.241036 0.154000
v 0.063310 0.242119 0.154000
v 0.062926 0.243282 0.154000
v 0.062696 0.244526 0.154000
v 0.062619 0.245851 0.154000
v 0.062619 0.263826 0.154000
v 0.062628 0.263919 0.154000
v 0.062653 0.264006 0.154000
v 0.062696 0.264085 0.154000
v 0.062756 0.264157 0.154000
v 0.062828 0.264217 0.154000
v 0.062907 0.264259 0.154000
v 0.062993 0.264285 0.154000
v 0.063087 0.264294 0.154000
v 0.066674 0.264294 0.154000
v 0.066768 0.264285 0.154000
v 0.066855 0.264259 0.154000
v 0.066934 0.264217 0.154000
v 0.067006 0.264157 0.154000
v 0.067065 0.264085 0.154000
v 0.067108 0.264006 0.154000
v 0.067134 0.263919 0.154000
v 0.067142 0.263826 0.154000
v 0.067142 0.245773 0.154000
v 0.067232 0.244676 0.154000
v 0.067503 0.243687 0.154000
v 0.067954 0.242805 0.154000
v 0.068585 0.242030 0.154000
v 0.069365 0.241399 0.154000
v 0.070261 0.240948 0.154000
v 0.071275 0.240677 0.154000
v 0.072406 0.240587 0.154000
v 0.073537 0.240677 0.154000
v 0.074550 0.240948 0.154000
v 0.075447 0.241399 0.154000
v 0.076227 0.242030 0.154000
v 0.076858 0.242805 0.154000
v 0.077309 0.243687 0.154000
v 0.077580 0.244676 0.154000
v 0.077670 0.245773 0.154000
v 0.077670 0.263826 0.154000
v 0.077678 0.263919 0.154000
v 0.077704 0.264006 0.154000
v 0.077746 0.264085 0.154000
v 0.077806 0.264157 0.154000
v 0.077878 0.264217 0.154000
v 0.077957 0.264259 0.154000
v 0.078044 0.264285 0.154000
v 0.078138 0.264294 0.154000
v 0.081725 0.264294 0.154000
v 0.081819 0.264285 0.154000
v 0.081905 0.264259 0.154000
v 0.081984 0.264217 0.154000
v 0.082056 0.264157 0.154000
v 0.082116 0.264085 0.154000
v 0.082159 0.264006 0.154000
v 0.082184 0.263919 0.154000
v 0.082193 0.263826 0.154000
v 0.082193 0.245851 0.154000
v 0.082117 0.244526 0.154000
v 0.081890 0.243282 0.154000
v 0.081513 0.242119 0.154000
v 0.080984 0.241036 0.154000
v 0.080316 0.240052 0.154000
v 0.079522 0.239188 0.154000
v 0.078601 0.238444 0.154000
v 0.077553 0.237819 0.154000
v 0.076398 0.237324 0.154000
v 0.075155 0.236971 0.154000
v 0.073824 0.236759 0.154000
v 0.054509 0.237000 0.154000
v 0.054331 0.237024 0.154000
v 0.054188 0.237097 0.154000
v 0.054078 0.237219 0.154000
v 0.054002 0.237390 0.154000
v 0.052716 0.241562 0.154000
v 0.052674 0.241630 0.154000
v 0.052628 0.241679 0.154000
v 0.052577 0.241708 0.154000
v 0.052521 0.241718 0.154000
v 0.042227 0.241718 0.154000
v 0.042171 0.241708 0.154000
v 0.042120 0.241679 0.154000
v 0.042074 0.241630 0.154000
v 0.042032 0.241562 0.154000
v 0.040745 0.237390 0.154000
v 0.040670 0.237219 0.154000
v 0.040560 0.237097 0.154000
v 0.040416 0.237024 0.154000
v 0.040239 0.237000 0.154000
v 0.036339 0.237000 0.154000
v 0.036230 0.237009 0.154000
v 0.036135 0.237034 0.154000
v 0.036054 0.237077 0.154000
v 0.035989 0.237136 0.154000
v 0.035942 0.237213 0.154000
v 0.035920 0.237307 0.154000
v 0.035923 0.237418 0.154000
v 0.035950 0.237546 0.154000
v 0.044411 0.263904 0.154000
v 0.044486 0.264074 0.154000
v 0.044596 0.264196 0.154000
v 0.044740 0.264269 0.154000
v 0.044917 0.264294 0.154000
v 0.049791 0.264294 0.154000
v 0.049969 0.264269 0.154000
v 0.050113 0.264196 0.154000
v 0.050223 0.264074 0.154000
v 0.050298 0.263904 0.154000
v 0.058798 0.237546 0.154000
v 0.058815 0.237504 0.154000
v 0.058827 0.237458 0.154000
v 0.058835 0.237407 0.154000
v 0.058837 0.237351 0.154000
v 0.058810 0.237197 0.154000
v 0.058730 0.237088 0.154000
v 0.058596 0.237022 0.154000
v 0.058408 0.237000 0.154000
v 0.043241 0.245500 0.154000
v 0.043236 0.245398 0.154000
v 0.043260 0.245325 0.154000
v 0.043314 0.245281 0.154000
v 0.043397 0.245266 0.154000
v 0.051312 0.245266 0.154000
v 0.051409 0.245281 0.154000
v 0.051468 0.245325 0.154000
v 0.051487 0.245398 0.154000
v 0.051468 0.245500 0.154000
v 0.047452 0.258562 0.154000
v 0.047430 0.258630 0.154000
v 0.047403 0.258679 0.154000
v 0.047371 0.258708 0.154000
v 0.047335 0.258718 0.154000
v 0.047298 0.258708 0.154000
v 0.047267 0.258679 0.154000
v 0.047240 0.258630 0.154000
v 0.047218 0.258562 0.154000
v 0.032986 0.260862 0.154000
v 0.032978 0.260769 0.154000
v 0.032952 0.260682 0.154000
v 0.032909 0.260603 0.154000
v 0.032850 0.260531 0.154000
v 0.032778 0.260471 0.154000
v 0.032699 0.260429 0.154000
v 0.032612 0.260403 0.154000
v 0.032518 0.260394 0.154000
v 0.019222 0.260394 0.154000
v 0.019137 0.260382 0.154000
v 0.019076 0.260346 0.154000
v 0.019040 0.260285 0.154000
v 0.019028 0.260200 0.154000
v 0.019028 0.252908 0.154000
v 0.019040 0.252823 0.154000
v 0.019076 0.252762 0.154000
v 0.019137 0.252725 0.154000
v 0.019222 0.252713 0.154000
v 0.028151 0.252713 0.154000
v 0.028245 0.252705 0.154000
v 0.028332 0.252679 0.154000
v 0.028411 0.252637 0.154000
v 0.028483 0.252577 0.154000
v 0.028543 0.252505 0.154000
v 0.028585 0.252426 0.154000
v 0.028611 0.252339 0.154000
v 0.028619 0.252245 0.154000
v 0.028619 0.249282 0.154000
v 0.028611 0.249188 0.154000
v 0.028585 0.249102 0.154000
v 0.028543 0.249023 0.154000
v 0.028483 0.248951 0.154000
v 0.028411 0.248891 0.154000
v 0.028332 0.248848 0.154000
v 0.028245 0.248823 0.154000
v 0.028151 0.248814 0.154000
v 0.019222 0.248814 0.154000
v 0.019137 0.248802 0.154000
v 0.019076 0.248765 0.154000
v 0.019040 0.248705 0.154000
v 0.019028 0.248619 0.154000
v 0.019028 0.241094 0.154000
v 0.019040 0.241009 0.154000
v 0.019076 0.240948 0.154000
v 0.019137 0.240911 0.154000
v 0.019222 0.240899 0.154000
v 0.032518 0.240899 0.154000
v 0.032612 0.240891 0.154000
v 0.032699 0.240865 0.154000
v 0.032778 0.240822 0.154000
v 0.032850 0.240763 0.154000
v 0.032909 0.240691 0.154000
v 0.032952 0.240611 0.154000
v 0.032978 0.240525 0.154000
v 0.032986 0.240431 0.154000
v 0.032986 0.237468 0.154000
v 0.032978 0.237374 0.154000
v 0.032952 0.237288 0.154000
v 0.032909 0.237208 0.154000
v 0.032850 0.237136 0.154000
v 0.032778 0.237077 0.154000
v 0.032699 0.237034 0.154000
v 0.032612 0.237009 0.154000
v 0.032518 0.237000 0.154000
v 0.014972 0.237000 0.154000
v 0.014879 0.237009 0.154000
v 0.014792 0.237034 0.154000
v 0.014713 0.237077 0.154000
v 0.014641 0.237136 0.154000
v 0.014581 0.237208 0.154000
v 0.014539 0.237288 0.154000
v 0.014513 0.237374 0.154000
v 0.014505 0.237468 0.154000
v 0.014505 0.263826 0.154000
v 0.014513 0.263919 0.154000
v 0.014539 0.264006 0.154000
v 0.014581 0.264085 0.154000
v 0.014641 0.264157 0.154000
v 0.014713 0.264217 0.154000
v 0.014792 0.264259 0.154000
v 0.014879 0.264285 0.154000
v 0.014972 0.264294 0.154000
v 0.032518 0.264294 0.154000
v 0.032612 0.264285 0.154000
v 0.032699 0.264259 0.154000
v 0.032778 0.264217 0.154000
v 0.032850 0.264157 0.154000
v 0.032909 0.264085 0.154000
v 0.032952 0.264006 0.154000
v 0.032978 0.263919 0.154000
v 0.032986 0.263826 0.154000
v 0.002261 0.264333 0.154000
v 0.003453 0.264269 0.154000
v 0.004572 0.264079 0.154000
v 0.005617 0.263762 0.154000
v 0.006589 0.263319 0.154000
v 0.007473 0.262760 0.154000
v 0.008251 0.262095 0.154000
v 0.008925 0.261327 0.154000
v 0.009494 0.260453 0.154000
v 0.009946 0.259492 0.154000
v 0.010269 0.258460 0.154000
v 0.010463 0.257357 0.154000
v 0.010528 0.256184 0.154000
v 0.010462 0.255028 0.154000
v 0.010264 0.253941 0.154000
v 0.009935 0.252923 0.154000
v 0.009475 0.251972 0.154000
v 0.008894 0.251109 0.154000
v 0.008203 0.250349 0.154000
v 0.007402 0.249695 0.154000
v 0.006492 0.249146 0.154000
v 0.005489 0.248711 0.154000
v 0.004411 0.248400 0.154000
v 0.003257 0.248214 0.154000
v 0.002028 0.248151 0.154000
v -0.004211 0.248151 0.154000
v -0.004296 0.248139 0.154000
v -0.004357 0.248103 0.154000
v -0.004394 0.248042 0.154000
v -0.004406 0.247956 0.154000
v -0.004406 0.237468 0.154000
v -0.004414 0.237374 0.154000
v -0.004440 0.237288 0.154000
v -0.004483 0.237208 0.154000
v -0.004542 0.237136 0.154000
v -0.004614 0.237077 0.154000
v -0.004694 0.237034 0.154000
v -0.004780 0.237009 0.154000
v -0.004874 0.237000 0.154000
v -0.008461 0.237000 0.154000
v -0.008555 0.237009 0.154000
v -0.008641 0.237034 0.154000
v -0.008721 0.237077 0.154000
v -0.008792 0.237136 0.154000
v -0.008852 0.237208 0.154000
v -0.008895 0.237288 0.154000
v -0.008920 0.237374 0.154000
v -0.008929 0.237468 0.154000
v -0.008929 0.263865 0.154000
v -0.008920 0.263959 0.154000
v -0.008895 0.264045 0.154000
v -0.008852 0.264124 0.154000
v -0.008792 0.264196 0.154000
v -0.008721 0.264256 0.154000
v -0.008641 0.264298 0.154000
v -0.008555 0.264324 0.154000
v -0.008461 0.264333 0.154000
v 0.001599 0.251817 0.154000
v 0.002544 0.251890 0.154000
v 0.003392 0.252109 0.154000
v 0.004143 0.252474 0.154000
v 0.004796 0.252986 0.154000
v 0.005325 0.253617 0.154000
v 0.005702 0.254341 0.154000
v 0.005929 0.255158 0.154000
v 0.006005 0.256067 0.154000
v 0.005929 0.256995 0.154000
v 0.005702 0.257831 0.154000
v 0.005325 0.258574 0.154000
v 0.004796 0.259225 0.154000
v 0.004143 0.259754 0.154000
v 0.003392 0.260131 0.154000
v 0.002544 0.260358 0.154000
v 0.001599 0.260433 0.154000
v -0.004211 0.260433 0.154000
v -0.004296 0.260421 0.154000
v -0.004357 0.260385 0.154000
v -0.004394 0.260324 0.154000
v -0.004406 0.260239 0.154000
v -0.004406 0.252011 0.154000
v -0.004394 0.251926 0.154000
v -0.004357 0.251865 0.154000
v -0.004296 0.251829 0.154000
v -0.004211 0.251817 0.154000
v -0.017039 0.237000 0.154000
v -0.017217 0.237024 0.154000
v -0.017361 0.237097 0.154000
v -0.017470 0.237219 0.154000
v -0.017546 0.237390 0.154000
v -0.018833 0.241562 0.154000
v -0.018874 0.241630 0.154000
v -0.018920 0.241679 0.154000
v -0.018971 0.241708 0.154000
v -0.019028 0.241718 0.154000
v -0.029321 0.241718 0.154000
v -0.029377 0.241708 0.154000
v -0.029428 0.241679 0.154000
v -0.029475 0.241630 0.154000
v -0.029516 0.241562 0.154000
v -0.030803 0.237390 0.154000
v -0.030878 0.237219 0.154000
v -0.030988 0.237097 0.154000
v -0.031132 0.237024 0.154000
v -0.031310 0.237000 0.154000
v -0.035209 0.237000 0.154000
v -0.035318 0.237009 0.154000
v -0.035413 0.237034 0.154000
v -0.035494 0.237077 0.154000
v -0.035560 0.237136 0.154000
v -0.035606 0.237213 0.154000
v -0.035628 0.237307 0.154000
v -0.035625 0.237418 0.154000
v -0.035599 0.237546 0.154000
v -0.027138 0.263904 0.154000
v -0.027062 0.264074 0.154000
v -0.026952 0.264196 0.154000
v -0.026809 0.264269 0.154000
v -0.026631 0.264294 0.154000
v -0.021757 0.264294 0.154000
v -0.021579 0.264269 0.154000
v -0.021435 0.264196 0.154000
v -0.021326 0.264074 0.154000
v -0.021250 0.263904 0.154000
v -0.012750 0.237546 0.154000
v -0.012733 0.237504 0.154000
v -0.012721 0.237458 0.154000
v -0.012713 0.237407 0.154000
v -0.012711 0.237351 0.154000
v -0.012738 0.237197 0.154000
v -0.012818 0.237088 0.154000
v -0.012952 0.237022 0.154000
v -0.013140 0.237000 0.154000
v -0.028307 0.245500 0.154000
v -0.028312 0.245398 0.154000
v -0.028288 0.245325 0.154000
v -0.028234 0.245281 0.154000
v -0.028151 0.245266 0.154000
v -0.020236 0.245266 0.154000
v -0.020139 0.245281 0.154000
v -0.020080 0.245325 0.154000
v -0.020061 0.245398 0.154000
v -0.020080 0.245500 0.154000
v -0.024096 0.258562 0.154000
v -0.024118 0.258630 0.154000
v -0.024145 0.258679 0.154000
v -0.024177 0.258708 0.154000
v -0.024213 0.258718 0.154000
v -0.024250 0.258708 0.154000
v -0.024282 0.258679 0.154000
v -0.024308 0.258630 0.154000
v -0.024330 0.258562 0.154000
v -0.042539 0.237000 0.154000
v -0.042719 0.237022 0.154000
v -0.042870 0.237088 0.154000
v -0.042992 0.237197 0.154000
v -0.043085 0.237351 0.154000
v -0.048232 0.248580 0.154000
v -0.048276 0.248649 0.154000
v -0.048329 0.248697 0.154000
v -0.048392 0.248726 0.154000
v -0.048466 0.248736 0.154000
v -0.053144 0.248736 0.154000
v -0.053230 0.248724 0.154000
v -0.053291 0.248688 0.154000
v -0.053327 0.248627 0.154000
v -0.053339 0.248541 0.154000
v -0.053339 0.237468 0.154000
v -0.053348 0.237374 0.154000
v -0.053374 0.237288 0.154000
v -0.053416 0.237208 0.154000
v -0.053476 0.237136 0.154000
v -0.053548 0.237077 0.154000
v -0.053627 0.237034 0.154000
v -0.053714 0.237009 0.154000
v -0.053807 0.237000 0.154000
v -0.057394 0.237000 0.154000
v -0.057488 0.237009 0.154000
v -0.057575 0.237034 0.154000
v -0.057654 0.237077 0.154000
v -0.057726 0.237136 0.154000
v -0.057786 0.237208 0.154000
v -0.057828 0.237288 0.154000
v -0.057854 0.237374 0.154000
v -0.057862 0.237468 0.154000
v -0.057862 0.263826 0.154000
v -0.057854 0.263919 0.154000
v -0.057828 0.264006 0.154000
v -0.057786 0.264085 0.154000
v -0.057726 0.264157 0.154000
v -0.057654 0.264217 0.154000
v -0.057575 0.264259 0.154000
v -0.057488 0.264285 0.154000
v -0.057394 0.264294 0.154000
v -0.046672 0.264294 0.154000
v -0.045517 0.264231 0.154000
v -0.044430 0.264045 0.154000
v -0.043411 0.263734 0.154000
v -0.042461 0.263299 0.154000
v -0.041596 0.262751 0.154000
v -0.040833 0.262100 0.154000
v -0.040173 0.261347 0.154000
v -0.039615 0.260492 0.154000
v -0.039171 0.259553 0.154000
v -0.038854 0.258547 0.154000
v -0.038664 0.257476 0.154000
v -0.038601 0.256339 0.154000
v -0.038687 0.255044 0.154000
v -0.038947 0.253849 0.154000
v -0.039380 0.252753 0.154000
v -0.039985 0.251758 0.154000
v -0.040744 0.250884 0.154000
v -0.041637 0.250154 0.154000
v -0.042664 0.249568 0.154000
v -0.043826 0.249126 0.154000
v -0.043862 0.249121 0.154000
v -0.043894 0.249107 0.154000
v -0.043921 0.249082 0.154000
v -0.043943 0.249048 0.154000
v -0.043957 0.249009 0.154000
v -0.043962 0.248970 0.154000
v -0.043957 0.248931 0.154000
v -0.043943 0.248892 0.154000
v -0.038445 0.237546 0.154000
v -0.038411 0.237473 0.154000
v -0.038386 0.237409 0.154000
v -0.038372 0.237356 0.154000
v -0.038367 0.237312 0.154000
v -0.038394 0.237175 0.154000
v -0.038474 0.237078 0.154000
v -0.038608 0.237019 0.154000
v -0.038796 0.237000 0.154000
v -0.053144 0.260394 0.154000
v -0.053230 0.260382 0.154000
v -0.053291 0.260346 0.154000
v -0.053327 0.260285 0.154000
v -0.053339 0.260200 0.154000
v -0.053339 0.252440 0.154000
v -0.053327 0.252355 0.154000
v -0.053291 0.252294 0.154000
v -0.053230 0.252258 0.154000
v -0.053144 0.252245 0.154000
v -0.047296 0.252245 0.154000
v -0.046405 0.252315 0.154000
v -0.045605 0.252523 0.154000
v -0.044894 0.252871 0.154000
v -0.044274 0.253357 0.154000
v -0.043771 0.253957 0.154000
v -0.043411 0.254648 0.154000
v -0.043196 0.255429 0.154000
v -0.043124 0.256300 0.154000
v -0.043196 0.257173 0.154000
v -0.043411 0.257958 0.154000
v -0.043771 0.258655 0.154000
v -0.044274 0.259264 0.154000
v -0.044894 0.259758 0.154000
v -0.045605 0.260112 0.154000
v -0.046405 0.260324 0.154000
v -0.047296 0.260394 0.154000
v -0.081491 0.237000 0.154000
v -0.081585 0.237009 0.154000
v -0.081671 0.237034 0.154000
v -0.081750 0.237077 0.154000
v -0.081822 0.237136 0.154000
v -0.081882 0.237208 0.154000
v -0.081925 0.237288 0.154000
v -0.081950 0.237374 0.154000
v -0.081959 0.237468 0.154000
v -0.081959 0.263826 0.154000
v -0.081950 0.263919 0.154000
v -0.081925 0.264006 0.154000
v -0.081882 0.264085 0.154000
v -0.081822 0.264157 0.154000
v -0.081750 0.264217 0.154000
v -0.081671 0.264259 0.154000
v -0.081585 0.264285 0.154000
v -0.081491 0.264294 0.154000
v -0.071977 0.264294 0.154000
v -0.070634 0.264233 0.154000
v -0.069374 0.264050 0.154000
v -0.068197 0.263745 0.154000
v -0.067103 0.263319 0.154000
v -0.066110 0.262779 0.154000
v -0.065237 0.262134 0.154000
v -0.064482 0.261385 0.154000
v -0.063847 0.260531 0.154000
v -0.063344 0.259587 0.154000
v -0.062985 0.258567 0.154000
v -0.062769 0.257471 0.154000
v -0.062697 0.256300 0.154000
v -0.062697 0.244993 0.154000
v -0.062769 0.243822 0.154000
v -0.062985 0.242727 0.154000
v -0.063344 0.241707 0.154000
v -0.063847 0.240763 0.154000
v -0.064482 0.239908 0.154000
v -0.065237 0.239159 0.154000
v -0.066110 0.238515 0.154000
v -0.067103 0.237975 0.154000
v -0.068197 0.237548 0.154000
v -0.069374 0.237244 0.154000
v -0.070634 0.237061 0.154000
v -0.071977 0.237000 0.154000
v -0.077436 0.241094 0.154000
v -0.077424 0.241009 0.154000
v -0.077387 0.240948 0.154000
v -0.077326 0.240911 0.154000
v -0.077241 0.240899 0.154000
v -0.071782 0.240899 0.154000
v -0.070801 0.240981 0.154000
v -0.069925 0.241226 0.154000
v -0.069154 0.241634 0.154000
v -0.068487 0.242205 0.154000
v -0.067948 0.242913 0.154000
v -0.067556 0.243731 0.154000
v -0.067314 0.244658 0.154000
v -0.067220 0.245695 0.154000
v -0.067220 0.255560 0.154000
v -0.067298 0.256614 0.154000
v -0.067532 0.257553 0.154000
v -0.067922 0.258378 0.154000
v -0.068468 0.259088 0.154000
v -0.069145 0.259660 0.154000
v -0.069930 0.260068 0.154000
v -0.070822 0.260313 0.154000
v -0.071821 0.260394 0.154000
v -0.077241 0.260394 0.154000
v -0.077326 0.260382 0.154000
v -0.077387 0.260346 0.154000
v -0.077424 0.260285 0.154000
v -0.077436 0.260200 0.154000
v -0.081491 0.237000 0.154000
v -0.081491 0.237000 0.156000
v -0.081585 0.237009 0.154000
v -0.081585 0.237009 0.156000
v -0.081671 0.237034 0.154000
v -0.081671 0.237034 0.156000
v -0.081750 0.237077 0.154000
v -0.081750 0.237077 0.156000
v -0.081822 0.237136 0.154000
v -0.081822 0.237136 0.156000
v -0.081882 0.237208 0.154000
v -0.081882 0.237208 0.156000
v -0.081925 0.237288 0.154000
v -0.081925 0.237288 0.156000
v -0.081950 0.237374 0.154000
v -0.081950 0.237374 0.156000
v -0.081959 0.237468 0.154000
v -0.081959 0.237468 0.156000
v -0.081959 0.263826 0.154000
v -0.081959 0.263826 0.156000
v -0.081950 0.263919 0.154000
v -0.081950 0.263919 0.156000
v -0.081925 0.264006 0.154000
v -0.081925 0.264006 0.156000
v -0.081882 0.264085 0.154000
v -0.081882 0.264085 0.156000
v -0.081822 0.264157 0.154000
v -0.081822 0.264157 0.156000
v -0.081750 0.264217 0.154000
v -0.081750 0.264217 0.156000
v -0.081671 0.264259 0.154000
v -0.081671 0.264259 0.156000
v -0.081585 0.264285 0.154000
v -0.081585 0.264285 0.156000
v -0.081491 0.264294 0.154000
v -0.081491 0.264294 0.156000
v -0.071977 0.264294 0.154000
v -0.071977 0.264294 0.156000
v -0.070634 0.264233 0.154000
v -0.070634 0.264233 0.156000
v -0.069374 0.264050 0.154000
v -0.069374 0.264050 0.156000
v -0.068197 0.263745 0.154000
v -0.068197 0.263745 0.156000
v -0.067103 0.263319 0.154000
v -0.067103 0.263319 0.156000
v -0.066110 0.262779 0.154000
v -0.066110 0.262779 0.156000
v -0.065237 0.262134 0.154000
v -0.065237 0.262134 0.156000
v -0.064482 0.261385 0.154000
v -0.064482 0.261385 0.156000
v -0.063847 0.260531 0.154000
v -0.063847 0.260531 0.156000
v -0.063344 0.259587 0.154000
v -0.063344 0.259587 0.156000
v -0.062985 0.258567 0.154000
v -0.062985 0.258567 0.156000
v -0.062769 0.257471 0.154000
v -0.062769 0.257471 0.156000
v -0.062697 0.256300 0.154000
v -0.062697 0.256300 0.156000
v -0.062697 0.244993 0.154000
v -0.062697 0.244993 0.156000
v -0.062769 0.243822 0.154000
v -0.062769 0.243822 0.156000
v -0.062985 0.242727 0.154000
v -0.062985 0.242727 0.156000
v -0.063344 0.241707 0.154000
v -0.063344 0.241707 0.156000
v -0.063847 0.240763 0.154000
v -0.063847 0.240763 0.156000
v -0.064482 0.239908 0.154000
v -0.064482 0.239908 0.156000
v -0.065237 0.239159 0.154000
v -0.065237 0.239159 0.156000
v -0.066110 0.238515 0.154000
v -0.066110 0.238515 0.156000
v -0.067103 0.237975 0.154000
v -0.067103 0.237975 0.156000
v -0.068197 0.237548 0.154000
v -0.068197 0.237548 0.156000
v -0.069374 0.237244 0.154000
v -0.069374 0.237244 0.156000
v -0.070634 0.237061 0.154000
v -0.070634 0.237061 0.156000
v -0.071977 0.237000 0.154000
v -0.071977 0.237000 0.156000
v -0.077436 0.241094 0.154000
v -0.077436 0.241094 0.156000
v -0.077424 0.241009 0.154000
v -0.077424 0.241009 0.156000
v -0.077387 0.240948 0.154000
v -0.077387 0.240948 0.156000
v -0.077326 0.240911 0.154000
v -0.077326 0.240911 0.156000
v -0.077241 0.240899 0.154000
v -0.077241 0.240899 0.156000
v -0.071782 0.240899 0.154000
v -0.071782 0.240899 0.156000
v -0.070801 0.240981 0.154000
v -0.070801 0.240981 0.156000
v -0.069925 0.241226 0.154000
v -0.069925 0.241226 0.156000
v -0.069154 0.241634 0.154000
v -0.069154 0.241634 0.156000
v -0.068487 0.242205 0.154000
v -0.068487 0.242205 0.156000
v -0.067948 0.242913 0.154000
v -0.067948 0.242913 0.156000
v -0.067556 0.243731 0.154000
v -0.067556 0.243731 0.156000
v -0.067314 0.244658 0.154000
v -0.067314 0.244658 0.156000
v -0.067220 0.245695 0.154000
v -0.067220 0.245695 0.156000
v -0.067220 0.255560 0.154000
v -0.067220 0.255560 0.156000
v -0.067298 0.256614 0.154000
v -0.067298 0.256614 0.156000
v -0.067532 0.257553 0.154000
v -0.067532 0.257553 0.156000
v -0.067922 0.258378 0.154000
v -0.067922 0.258378 0.156000
v -0.068468 0.259088 0.154000
v -0.068468 0.259088 0.156000
v -0.069145 0.259660 0.154000
v -0.069145 0.259660 0.156000
v -0.069930 0.260068 0.154000
v -0.069930 0.260068 0.156000
v -0.070822 0.260313 0.154000
v -0.070822 0.260313 0.156000
v -0.071821 0.260394 0.154000
v -0.071821 0.260394 0.156000
v -0.077241 0.260394 0.154000
v -0.077241 0.260394 0.156000
v -0.077326 0.260382 0.154000
v -0.077326 0.260382 0.156000
v -0.077387 0.260346 0.154000
v -0.077387 0.260346 0.156000
v -0.077424 0.260285 0.154000
v -0.077424 0.260285 0.156000
v -0.077436 0.260200 0.154000
v -0.077436 0.260200 0.156000
v -0.042539 0.237000 0.154000
v -0.042539 0.237000 0.156000
v -0.042719 0.237022 0.154000
v -0.042719 0.237022 0.156000
v -0.042870 0.237088 0.154000
v -0.042870 0.237088 0.156000
v -0.042992 0.237197 0.154000
v -0.042992 0.237197 0.156000
v -0.043085 0.237351 0.154000
v -0.043085 0.237351 0.156000
v -0.048232 0.248580 0.154000
v -0.048232 0.248580 0.156000
v -0.048276 0.248649 0.154000
v -0.048276 0.248649 0.156000
v -0.048329 0.248697 0.154000
v -0.048329 0.248697 0.156000
v -0.048392 0.248726 0.154000
v -0.048392 0.248726 0.156000
v -0.048466 0.248736 0.154000
v -0.048466 0.248736 0.156000
v -0.053144 0.248736 0.154000
v -0.053144 0.248736 0.156000
v -0.053230 0.248724 0.154000
v -0.053230 0.248724 0.156000
v -0.053291 0.248688 0.154000
v -0.053291 0.248688 0.156000
v -0.053327 0.248627 0.154000
v -0.053327 0.248627 0.156000
v -0.053339 0.248541 0.154000
v -0.053339 0.248541 0.156000
v -0.053339 0.237468 0.154000
v -0.053339 0.237468 0.156000
v -0.053348 0.237374 0.154000
v -0.053348 0.237374 0.156000
v -0.053374 0.237288 0.154000
v -0.053374 0.237288 0.156000
v -0.053416 0.237208 0.154000
v -0.053416 0.237208 0.156000
v -0.053476 0.237136 0.154000
v -0.053476 0.237136 0.156000
v -0.053548 0.237077 0.154000
v -0.053548 0.237077 0.156000
v -0.053627 0.237034 0.154000
v -0.053627 0.237034 0.156000
v -0.053714 0.237009 0.154000
v -0.053714 0.237009 0.156000
v -0.053807 0.237000 0.154000
v -0.053807 0.237000 0.156000
v -0.057394 0.237000 0.154000
v -0.057394 0.237000 0.156000
v -0.057488 0.237009 0.154000
v -0.057488 0.237009 0.156000
v -0.057575 0.237034 0.154000
v -0.057575 0.237034 0.156000
v -0.057654 0.237077 0.154000
v -0.057654 0.237077 0.156000
v -0.057726 0.237136 0.154000
v -0.057726 0.237136 0.156000
v -0.057786 0.237208 0.154000
v -0.057786 0.237208 0.156000
v -0.057828 0.237288 0.154000
v -0.057828 0.237288 0.156000
v -0.057854 0.237374 0.154000
v -0.057854 0.237374 0.156000
v -0.057862 0.237468 0.154000
v -0.057862 0.237468 0.156000
v -0.057862 0.263826 0.154000
v -0.057862 0.263826 0.156000
v -0.057854 0.263919 0.154000
v -0.057854 0.263919 0.156000
v -0.057828 0.264006 0.154000
v -0.057828 0.264006 0.156000
v -0.057786 0.264085 0.154000
v -0.057786 0.264085 0.156000
v -0.057726 0.264157 0.154000
v -0.057726 0.264157 0.156000
v -0.057654 0.264217 0.154000
v -0.057654 0.264217 0.156000
v -0.057575 0.264259 0.154000
v -0.057575 0.264259 0.156000
v -0.057488 0.264285 0.154000
v -0.057488 0.264285 0.156000
v -0.057394 0.264294 0.154000
v -0.057394 0.264294 0.156000
v -0.046672 0.264294 0.154000
v -0.046672 0.264294 0.156000
v -0.045517 0.264231 0.154000
v -0.045517 0.264231 0.156000
v -0.044430 0.264045 0.154000
v -0.044430 0.264045 0.156000
v -0.043411 0.263734 0.154000
v -0.043411 0.263734 0.156000
v -0.042461 0.263299 0.154000
v -0.042461 0.263299 0.156000
v -0.041596 0.262751 0.154000
v -0.041596 0.262751 0.156000
v -0.040833 0.262100 0.154000
v -0.040833 0.262100 0.156000
v -0.040173 0.261347 0.154000
v -0.040173 0.261347 0.156000
v -0.039615 0.260492 0.154000
v -0.039615 0.260492 0.156000
v -0.039171 0.259553 0.154000
v -0.039171 0.259553 0.156000
v -0.038854 0.258547 0.154000
v -0.038854 0.258547 0.156000
v -0.038664 0.257476 0.154000
v -0.038664 0.257476 0.156000
v -0.038601 0.256339 0.154000
v -0.038601 0.256339 0.156000
v -0.038687 0.255044 0.154000
v -0.038687 0.255044 0.156000
v -0.038947 0.253849 0.154000
v -0.038947 0.253849 0.156000
v -0.039380 0.252753 0.154000
v -0.039380 0.252753 0.156000
v -0.039985 0.251758 0.154000
v -0.039985 0.251758 0.156000
v -0.040744 0.250884 0.154000
v -0.040744 0.250884 0.156000
v -0.041637 0.250154 0.154000
v -0.041637 0.250154 0.156000
v -0.042664 0.249568 0.154000
v -0.042664 0.249568 0.156000
v -0.043826 0.249126 0.154000
v -0.043826 0.249126 0.156000
v -0.043862 0.249121 0.154000
v -0.043862 0.249121 0.156000
v -0.043894 0.249107 0.154000
v -0.043894 0.249107 0.156000
v -0.043921 0.249082 0.154000
v -0.043921 0.249082 0.156000
v -0.043943 0.249048 0.154000
v -0.043943 0.249048 0.156000
v -0.043957 0.249009 0.154000
v -0.043957 0.249009 0.156000
v -0.043962 0.248970 0.154000
v -0.043962 0.248970 0.156000
v -0.043957 0.248931 0.154000
v -0.043957 0.248931 0.156000
v -0.043943 0.248892 0.154000
v -0.043943 0.248892 0.156000
v -0.038445 0.237546 0.154000
v -0.038445 0.237546 0.156000
v -0.038411 0.237473 0.154000
v -0.038411 0.237473 0.156000
v -0.038386 0.237409 0.154000
v -0.038386 0.237409 0.156000
v -0.038372 0.237356 0.154000
v -0.038372 0.237356 0.156000
v -0.038367 0.237312 0.154000
v -0.038367 0.237312 0.156000
v -0.038394 0.237175 0.154000
v -0.038394 0.237175 0.156000
v -0.038474 0.237078 0.154000
v -0.038474 0.237078 0.156000
v -0.038608 0.237019 0.154000
v -0.038608 0.237019 0.156000
v -0.038796 0.237000 0.154000
v -0.038796 0.237000 0.156000
v -0.053144 0.260394 0.154000
v -0.053144 0.260394 0.156000
v -0.053230 0.260382 0.154000
v -0.053230 0.260382 0.156000
v -0.053291 0.260346 0.154000
v -0.053291 0.260346 0.156000
v -0.053327 0.260285 0.154000
v -0.053327 0.260285 0.156000
v -0.053339 0.260200 0.154000
v -0.053339 0.260200 0.156000
v -0.053339 0.252440 0.154000
v -0.053339 0.252440 0.156000
v -0.053327 0.252355 0.154000
v -0.053327 0.252355 0.156000
v -0.053291 0.252294 0.154000
v -0.053291 0.252294 0.156000
v -0.053230 0.252258 0.154000
v -0.053230 0.252258 0.156000
v -0.053144 0.252245 0.154000
v -0.053144 0.252245 0.156000
v -0.047296 0.252245 0.154000
v -0.047296 0.252245 0.156000
v -0.046405 0.252315 0.154000
v -0.046405 0.252315 0.156000
v -0.045605 0.252523 0.154000
v -0.045605 0.252523 0.156000
v -0.044894 0.252871 0.154000
v -0.044894 0.252871 0.156000
v -0.044274 0.253357 0.154000
v -0.044274 0.253357 0.156000
v -0.043771 0.253957 0.154000
v -0.043771 0.253957 0.156000
v -0.043411 0.254648 0.154000
v -0.043411 0.254648 0.156000
v -0.043196 0.255429 0.154000
v -0.043196 0.255429 0.156000
v -0.043124 0.256300 0.154000
v -0.043124 0.256300 0.156000
v -0.043196 0.257173 0.154000
v -0.043196 0.257173 0.156000
v -0.043411 0.257958 0.154000
v -0.043411 0.257958 0.156000
v -0.043771 0.258655 0.154000
v -0.043771 0.258655 0.156000
v -0.044274 0.259264 0.154000
v -0.044274 0.259264 0.156000
v -0.044894 0.259758 0.154000
v -0.044894 0.259758 0.156000
v -0.045605 0.260112 0.154000
v -0.045605 0.260112 0.156000
v -0.046405 0.260324 0.154000
v -0.046405 0.260324 0.156000
v -0.047296 0.260394 0.154000
v -0.047296 0.260394 0.156000
v -0.017039 0.237000 0.154000
v -0.017039 0.237000 0.156000
v -0.017217 0.237024 0.154000
v -0.017217 0.237024 0.156000
v -0.017361 0.237097 0.154000
v -0.017361 0.237097 0.156000
v -0.017470 0.237219 0.154000
v -0.017470 0.237219 0.156000
v -0.017546 0.237390 0.154000
v -0.017546 0.237390 0.156000
v -0.018833 0.241562 0.154000
v -0.018833 0.241562 0.156000
v -0.018874 0.241630 0.154000
v -0.018874 0.241630 0.156000
v -0.018920 0.241679 0.154000
v -0.018920 0.241679 0.156000
v -0.018971 0.241708 0.154000
v -0.018971 0.241708 0.156000
v -0.019028 0.241718 0.154000
v -0.019028 0.241718 0.156000
v -0.029321 0.241718 0.154000
v -0.029321 0.241718 0.156000
v -0.029377 0.241708 0.154000
v -0.029377 0.241708 0.156000
v -0.029428 0.241679 0.154000
v -0.029428 0.241679 0.156000
v -0.029475 0.241630 0.154000
v -0.029475 0.241630 0.156000
v -0.029516 0.241562 0.154000
v -0.029516 0.241562 0.156000
v -0.030803 0.237390 0.154000
v -0.030803 0.237390 0.156000
v -0.030878 0.237219 0.154000
v -0.030878 0.237219 0.156000
v -0.030988 0.237097 0.154000
v -0.030988 0.237097 0.156000
v -0.031132 0.237024 0.154000
v -0.031132 0.237024 0.156000
v -0.031310 0.237000 0.154000
v -0.031310 0.237000 0.156000
v -0.035209 0.237000 0.154000
v -0.035209 0.237000 0.156000
v -0.035318 0.237009 0.154000
v -0.035318 0.237009 0.156000
v -0.035413 0.237034 0.154000
v -0.035413 0.237034 0.156000
v -0.035494 0.237077 0.154000
v -0.035494 0.237077 0.156000
v -0.035560 0.237136 0.154000
v -0.035560 0.237136 0.156000
v -0.035606 0.237213 0.154000
v -0.035606 0.237213 0.156000
v -0.035628 0.237307 0.154000
v -0.035628 0.237307 0.156000
v -0.035625 0.237418 0.154000
v -0.035625 0.237418 0.156000
v -0.035599 0.237546 0.154000
v -0.035599 0.237546 0.156000
v -0.027138 0.263904 0.154000
v -0.027138 0.263904 0.156000
v -0.027062 0.264074 0.154000
v -0.027062 0.264074 0.156000
v -0.026952 0.264196 0.154000
v -0.026952 0.264196 0.156000
v -0.026809 0.264269 0.154000
v -0.026809 0.264269 0.156000
v -0.026631 0.264294 0.154000
v -0.026631 0.264294 0.156000
v -0.021757 0.264294 0.154000
v -0.021757 0.264294 0.156000
v -0.021579 0.264269 0.154000
v -0.021579 0.264269 0.156000
v -0.021435 0.264196 0.154000
v -0.021435 0.264196 0.156000
v -0.021326 0.264074 0.154000
v -0.021326 0.264074 0.156000
v -0.021250 0.263904 0.154000
v -0.021250 0.263904 0.156000
v -0.012750 0.237546 0.154000
v -0.012750 0.237546 0.156000
v -0.012733 0.237504 0.154000
v -0.012733 0.237504 0.156000
v -0.012721 0.237458 0.154000
v -0.012721 0.237458 0.156000
v -0.012713 0.237407 0.154000
v -0.012713 0.237407 0.156000
v -0.012711 0.237351 0.154000
v -0.012711 0.237351 0.156000
v -0.012738 0.237197 0.154000
v -0.012738 0.237197 0.156000
v -0.012818 0.237088 0.154000
v -0.012818 0.237088 0.156000
v -0.012952 0.237022 0.154000
v -0.012952 0.237022 0.156000
v -0.013140 0.237000 0.154000
v -0.013140 0.237000 0.156000
v -0.028307 0.245500 0.154000
v -0.028307 0.245500 0.156000
v -0.028312 0.245398 0.154000
v -0.028312 0.245398 0.156000
v -0.028288 0.245325 0.154000
v -0.028288 0.245325 0.156000
v -0.028234 0.245281 0.154000
v -0.028234 0.245281 0.156000
v -0.028151 0.245266 0.154000
v -0.028151 0.245266 0.156000
v -0.020236 0.245266 0.154000
v -0.020236 0.245266 0.156000
v -0.020139 0.245281 0.154000
v -0.020139 0.245281 0.156000
v -0.020080 0.245325 0.154000
v -0.020080 0.245325 0.156000
v -0.020061 0.245398 0.154000
v -0.020061 0.245398 0.156000
v -0.020080 0.245500 0.154000
v -0.020080 0.245500 0.156000
v -0.024096 0.258562 0.154000
v -0.024096 0.258562 0.156000
v -0.024118 0.258630 0.154000
v -0.024118 0.258630 0.156000
v -0.024145 0.258679 0.154000
v -0.024145 0.258679 0.156000
v -0.024177 0.258708 0.154000
v -0.024177 0.258708 0.156000
v -0.024213 0.258718 0.154000
v -0.024213 0.258718 0.156000
v -0.024250 0.258708 0.154000
v -0.024250 0.258708 0.156000
v -0.024282 0.258679 0.154000
v -0.024282 0.258679 0.156000
v -0.024308 0.258630 0.154000
v -0.024308 0.258630 0.156000
v -0.024330 0.258562 0.154000
v -0.024330 0.258562 0.156000
v 0.002261 0.264333 0.154000
v 0.002261 0.264333 0.156000
v 0.003453 0.264269 0.154000
v 0.003453 0.264269 0.156000
v 0.004572 0.264079 0.154000
v 0.004572 0.264079 0.156000
v 0.005617 0.263762 0.154000
v 0.005617 0.263762 0.156000
v 0.006589 0.263319 0.154000
v 0.006589 0.263319 0.156000
v 0.007473 0.262760 0.154000
v 0.007473 0.262760 0.156000
v 0.008251 0.262095 0.154000
v 0.008251 0.262095 0.156000
v 0.008925 0.261327 0.154000
v 0.008925 0.261327 0.156000
v 0.009494 0.260453 0.154000
v 0.009494 0.260453 0.156000
v 0.009946 0.259492 0.154000
v 0.009946 0.259492 0.156000
v 0.010269 0.258460 0.154000
v 0.010269 0.258460 0.156000
v 0.010463 0.257357 0.154000
v 0.010463 0.257357 0.156000
v 0.010528 0.256184 0.154000
v 0.010528 0.256184 0.156000
v 0.010462 0.255028 0.154000
v 0.010462 0.255028 0.156000
v 0.010264 0.253941 0.154000
v 0.010264 0.253941 0.156000
v 0.009935 0.252923 0.154000
v 0.009935 0.252923 0.156000
v 0.009475 0.251972 0.154000
v 0.009475 0.251972 0.156000
v 0.008894 0.251109 0.154000
v 0.008894 0.251109 0.156000
v 0.008203 0.250349 0.154000
v 0.008203 0.250349 0.156000
v 0.007402 0.249695 0.154000
v 0.007402 0.249695 0.156000
v 0.006492 0.249146 0.154000
v 0.006492 0.249146 0.156000
v 0.005489 0.248711 0.154000
v 0.005489 0.248711 0.156000
v 0.004411 0.248400 0.154000
v 0.004411 0.248400 0.156000
v 0.003257 0.248214 0.154000
v 0.003257 0.248214 0.156000
v 0.002028 0.248151 0.154000
v 0.002028 0.248151 0.156000
v -0.004211 0.248151 0.154000
v -0.004211 0.248151 0.156000
v -0.004296 0.248139 0.154000
v -0.004296 0.248139 0.156000
v -0.004357 0.248103 0.154000
v -0.004357 0.248103 0.156000
v -0.004394 0.248042 0.154000
v -0.004394 0.248042 0.156000
v -0.004406 0.247956 0.154000
v -0.004406 0.247956 0.156000
v -0.004406 0.237468 0.154000
v -0.004406 0.237468 0.156000
v -0.004414 0.237374 0.154000
v -0.004414 0.237374 0.156000
v -0.004440 0.237288 0.154000
v -0.004440 0.237288 0.156000
v -0.004483 0.237208 0.154000
v -0.004483 0.237208 0.156000
v -0.004542 0.237136 0.154000
v -0.004542 0.237136 0.156000
v -0.004614 0.237077 0.154000
v -0.004614 0.237077 0.156000
v -0.004694 0.237034 0.154000
v -0.004694 0.237034 0.156000
v -0.004780 0.237009 0.154000
v -0.004780 0.237009 0.156000
v -0.004874 0.237000 0.154000
v -0.004874 0.237000 0.156000
v -0.008461 0.237000 0.154000
v -0.008461 0.237000 0.156000
v -0.008555 0.237009 0.154000
v -0.008555 0.237009 0.156000
v -0.008641 0.237034 0.154000
v -0.008641 0.237034 0.156000
v -0.008721 0.237077 0.154000
v -0.008721 0.237077 0.156000
v -0.008792 0.237136 0.154000
v -0.008792 0.237136 0.156000
v -0.008852 0.237208 0.154000
v -0.008852 0.237208 0.156000
v -0.008895 0.237288 0.154000
v -0.008895 0.237288 0.156000
v -0.008920 0.237374 0.154000
v -0.008920 0.237374 0.156000
v -0.008929 0.237468 0.154000
v -0.008929 0.237468 0.156000
v -0.008929 0.263865 0.154000
v -0.008929 0.263865 0.156000
v -0.008920 0.263959 0.154000
v -0.008920 0.263959 0.156000
v -0.008895 0.264045 0.154000
v -0.008895 0.264045 0.156000
v -0.008852 0.264124 0.154000
v -0.008852 0.264124 0.156000
v -0.008792 0.264196 0.154000
v -0.008792 0.264196 0.156000
v -0.008721 0.264256 0.154000
v -0.008721 0.264256 0.156000
v -0.008641 0.264298 0.154000
v -0.008641 0.264298 0.156000
v -0.008555 0.264324 0.154000
v -0.008555 0.264324 0.156000
v -0.008461 0.264333 0.154000
v -0.008461 0.264333 0.156000
v 0.001599 0.251817 0.154000
v 0.001599 0.251817 0.156000
v 0.002544 0.251890 0.154000
v 0.002544 0.251890 0.156000
v 0.003392 0.252109 0.154000
v 0.003392 0.252109 0.156000
v 0.004143 0.252474 0.154000
v 0.004143 0.252474 0.156000
v 0.004796 0.252986 0.154000
v 0.004796 0.252986 0.156000
v 0.005325 0.253617 0.154000
v 0.005325 0.253617 0.156000
v 0.005702 0.254341 0.154000
v 0.005702 0.254341 0.156000
v 0.005929 0.255158 0.154000
v 0.005929 0.255158 0.156000
v 0.006005 0.256067 0.154000
v 0.006005 0.256067 0.156000
v 0.005929 0.256995 0.154000
v 0.005929 0.256995 0.156000
v 0.005702 0.257831 0.154000
v 0.005702 0.257831 0.156000
v 0.005325 0.258574 0.154000
v 0.005325 0.258574 0.156000
v 0.004796 0.259225 0.154000
v 0.004796 0.259225 0.156000
v 0.004143 0.259754 0.154000
v 0.004143 0.259754 0.156000
v 0.003392 0.260131 0.154000
v 0.003392 0.260131 0.156000
v 0.002544 0.260358 0.154000
v 0.002544 0.260358 0.156000
v 0.001599 0.260433 0.154000
v 0.001599 0.260433 0.156000
v -0.004211 0.260433 0.154000
v -0.004211 0.260433 0.156000
v -0.004296 0.260421 0.154000
v -0.004296 0.260421 0.156000
v -0.004357 0.260385 0.154000
v -0.004357 0.260385 0.156000
v -0.004394 0.260324 0.154000
v -0.004394 0.260324 0.156000
v -0.004406 0.260239 0.154000
v -0.004406 0.260239 0.156000
v -0.004406 0.252011 0.154000
v -0.004406 0.252011 0.156000
v -0.004394 0.251926 0.154000
v -0.004394 0.251926 0.156000
v -0.004357 0.251865 0.154000
v -0.004357 0.251865 0.156000
v -0.004296 0.251829 0.154000
v -0.004296 0.251829 0.156000
v -0.004211 0.251817 0.154000
v -0.004211 0.251817 0.156000
v 0.032986 0.260862 0.154000
v 0.032986 0.260862 0.156000
v 0.032978 0.260769 0.154000
v 0.032978 0.260769 0.156000
v 0.032952 0.260682 0.154000
v 0.032952 0.260682 0.156000
v 0.032909 0.260603 0.154000
v 0.032909 0.260603 0.156000
v 0.032850 0.260531 0.154000
v 0.032850 0.260531 0.156000
v 0.032778 0.260471 0.154000
v 0.032778 0.260471 0.156000
v 0.032699 0.260429 0.154000
v 0.032699 0.260429 0.156000
v 0.032612 0.260403 0.154000
v 0.032612 0.260403 0.156000
v 0.032518 0.260394 0.154000
v 0.032518 0.260394 0.156000
v 0.019222 0.260394 0.154000
v 0.019222 0.260394 0.156000
v 0.019137 0.260382 0.154000
v 0.019137 0.260382 0.156000
v 0.019076 0.260346 0.154000
v 0.019076 0.260346 0.156000
v 0.019040 0.260285 0.154000
v 0.019040 0.260285 0.156000
v 0.019028 0.260200 0.154000
v 0.019028 0.260200 0.156000
v 0.019028 0.252908 0.154000
v 0.019028 0.252908 0.156000
v 0.019040 0.252823 0.154000
v 0.019040 0.252823 0.156000
v 0.019076 0.252762 0.154000
v 0.019076 0.252762 0.156000
v 0.019137 0.252725 0.154000
v 0.019137 0.252725 0.156000
v 0.019222 0.252713 0.154000
v 0.019222 0.252713 0.156000
v 0.028151 0.252713 0.154000
v 0.028151 0.252713 0.156000
v 0.028245 0.252705 0.154000
v 0.028245 0.252705 0.156000
v 0.028332 0.252679 0.154000
v 0.028332 0.252679 0.156000
v 0.028411 0.252637 0.154000
v 0.028411 0.252637 0.156000
v 0.028483 0.252577 0.154000
v 0.028483 0.252577 0.156000
v 0.028543 0.252505 0.154000
v 0.028543 0.252505 0.156000
v 0.028585 0.252426 0.154000
v 0.028585 0.252426 0.156000
v 0.028611 0.252339 0.154000
v 0.028611 0.252339 0.156000
v 0.028619 0.252245 0.154000
v 0.028619 0.252245 0.156000
v 0.028619 0.249282 0.154000
v 0.028619 0.249282 0.156000
v 0.028611 0.249188 0.154000
v 0.028611 0.249188 0.156000
v 0.028585 0.249102 0.154000
v 0.028585 0.249102 0.156000
v 0.028543 0.249023 0.154000
v 0.028543 0.249023 0.156000
v 0.028483 0.248951 0.154000
v 0.028483 0.248951 0.156000
v 0.028411 0.248891 0.154000
v 0.028411 0.248891 0.156000
v 0.028332 0.248848 0.154000
v 0.028332 0.248848 0.156000
v 0.028245 0.248823 0.154000
v 0.028245 0.248823 0.156000
v 0.028151 0.248814 0.154000
v 0.028151 0.248814 0.156000
v 0.019222 0.248814 0.154000
v 0.019222 0.248814 0.156000
v 0.019137 0.248802 0.154000
v 0.019137 0.248802 0.156000
v 0.019076 0.248765 0.154000
v 0.019076 0.248765 0.156000
v 0.019040 0.248705 0.154000
v 0.019040 0.248705 0.156000
v 0.019028 0.248619 0.154000
v 0.019028 0.248619 0.156000
v 0.019028 0.241094 0.154000
v 0.019028 0.241094 0.156000
v 0.019040 0.241009 0.154000
v 0.019040 0.241009 0.156000
v 0.019076 0.240948 0.154000
v 0.019076 0.240948 0.156000
v 0.019137 0.240911 0.154000
v 0.019137 0.240911 0.156000
v 0.019222 0.240899 0.154000
v 0.019222 0.240899 0.156000
v 0.032518 0.240899 0.154000
v 0.032518 0.240899 0.156000
v 0.032612 0.240891 0.154000
v 0.032612 0.240891 0.156000
v 0.032699 0.240865 0.154000
v 0.032699 0.240865 0.156000
v 0.032778 0.240822 0.154000
v 0.032778 0.240822 0.156000
v 0.032850 0.240763 0.154000
v 0.032850 0.240763 0.156000
v 0.032909 0.240691 0.154000
v 0.032909 0.240691 0.156000
v 0.032952 0.240611 0.154000
v 0.032952 0.240611 0.156000
v 0.032978 0.240525 0.154000
v 0.032978 0.240525 0.156000
v 0.032986 0.240431 0.154000
v 0.032986 0.240431 0.156000
v 0.032986 0.237468 0.154000
v 0.032986 0.237468 0.156000
v 0.032978 0.237374 0.154000
v 0.032978 0.237374 0.156000
v 0.032952 0.237288 0.154000
v 0.032952 0.237288 0.156000
v 0.032909 0.237208 0.154000
v 0.032909 0.237208 0.156000
v 0.032850 0.237136 0.154000
v 0.032850 0.237136 0.156000
v 0.032778 0.237077 0.154000
v 0.032778 0.237077 0.156000
v 0.032699 0.237034 0.154000
v 0.032699 0.237034 0.156000
v 0.032612 0.237009 0.154000
v 0.032612 0.237009 0.156000
v 0.032518 0.237000 0.154000
v 0.032518 0.237000 0.156000
v 0.014972 0.237000 0.154000
v 0.014972 0.237000 0.156000
v 0.014879 0.237009 0.154000
v 0.014879 0.237009 0.156000
v 0.014792 0.237034 0.154000
v 0.014792 0.237034 0.156000
v 0.014713 0.237077 0.154000
v 0.014713 0.237077 0.156000
v 0.014641 0.237136 0.154000
v 0.014641 0.237136 0.156000
v 0.014581 0.237208 0.154000
v 0.014581 0.237208 0.156000
v 0.014539 0.237288 0.154000
v 0.014539 0.237288 0.156000
v 0.014513 0.237374 0.154000
v 0.014513 0.237374 0.156000
v 0.014505 0.237468 0.154000
v 0.014505 0.237468 0.156000
v 0.014505 0.263826 0.154000
v 0.014505 0.263826 0.156000
v 0.014513 0.263919 0.154000
v 0.014513 0.263919 0.156000
v 0.014539 0.264006 0.154000
v 0.014539 0.264006 0.156000
v 0.014581 0.264085 0.154000
v 0.014581 0.264085 0.156000
v 0.014641 0.264157 0.154000
v 0.014641 0.264157 0.156000
v 0.014713 0.264217 0.154000
v 0.014713 0.264217 0.156000
v 0.014792 0.264259 0.154000
v 0.014792 0.264259 0.156000
v 0.014879 0.264285 0.154000
v 0.014879 0.264285 0.156000
v 0.014972 0.264294 0.154000
v 0.014972 0.264294 0.156000
v 0.032518 0.264294 0.154000
v 0.032518 0.264294 0.156000
v 0.032612 0.264285 0.154000
v 0.032612 0.264285 0.156000
v 0.032699 0.264259 0.154000
v 0.032699 0.264259 0.156000
v 0.032778 0.264217 0.154000
v 0.032778 0.264217 0.156000
v 0.032850 0.264157 0.154000
v 0.032850 0.264157 0.156000
v 0.032909 0.264085 0.154000
v 0.032909 0.264085 0.156000
v 0.032952 0.264006 0.154000
v 0.032952 0.264006 0.156000
v 0.032978 0.263919 0.154000
v 0.032978 0.263919 0.156000
v 0.032986 0.263826 0.154000
v 0.032986 0.263826 0.156000
v 0.054509 0.237000 0.154000
v 0.054509 0.237000 0.156000
v 0.054331 0.237024 0.154000
v 0.054331 0.237024 0.156000
v 0.054188 0.237097 0.154000
v 0.054188 0.237097 0.156000
v 0.054078 0.237219 0.154000
v 0.054078 0.237219 0.156000
v 0.054002 0.237390 0.154000
v 0.054002 0.237390 0.156000
v 0.052716 0.241562 0.154000
v 0.052716 0.241562 0.156000
v 0.052674 0.241630 0.154000
v 0.052674 0.241630 0.156000
v 0.052628 0.241679 0.154000
v 0.052628 0.241679 0.156000
v 0.052577 0.241708 0.154000
v 0.052577 0.241708 0.156000
v 0.052521 0.241718 0.154000
v 0.052521 0.241718 0.156000
v 0.042227 0.241718 0.154000
v 0.042227 0.241718 0.156000
v 0.042171 0.241708 0.154000
v 0.042171 0.241708 0.156000
v 0.042120 0.241679 0.154000
v 0.042120 0.241679 0.156000
v 0.042074 0.241630 0.154000
v 0.042074 0.241630 0.156000
v 0.042032 0.241562 0.154000
v 0.042032 0.241562 0.156000
v 0.040745 0.237390 0.154000
v 0.040745 0.237390 0.156000
v 0.040670 0.237219 0.154000
v 0.040670 0.237219 0.156000
v 0.040560 0.237097 0.154000
v 0.040560 0.237097 0.156000
v 0.040416 0.237024 0.154000
v 0.040416 0.237024 0.156000
v 0.040239 0.237000 0.154000
v 0.040239 0.237000 0.156000
v 0.036339 0.237000 0.154000
v 0.036339 0.237000 0.156000
v 0.036230 0.237009 0.154000
v 0.036230 0.237009 0.156000
v 0.036135 0.237034 0.154000
v 0.036135 0.237034 0.156000
v 0.036054 0.237077 0.154000
v 0.036054 0.237077 0.156000
v 0.035989 0.237136 0.154000
v 0.035989 0.237136 0.156000
v 0.035942 0.237213 0.154000
v 0.035942 0.237213 0.156000
v 0.035920 0.237307 0.154000
v 0.035920 0.237307 0.156000
v 0.035923 0.237418 0.154000
v 0.035923 0.237418 0.156000
v 0.035950 0.237546 0.154000
v 0.035950 0.237546 0.156000
v 0.044411 0.263904 0.154000
v 0.044411 0.263904 0.156000
v 0.044486 0.264074 0.154000
v 0.044486 0.264074 0.156000
v 0.044596 0.264196 0.154000
v 0.044596 0.264196 0.156000
v 0.044740 0.264269 0.154000
v 0.044740 0.264269 0.156000
v 0.044917 0.264294 0.154000
v 0.044917 0.264294 0.156000
v 0.049791 0.264294 0.154000
v 0.049791 0.264294 0.156000
v 0.049969 0.264269 0.154000
v 0.049969 0.264269 0.156000
v 0.050113 0.264196 0.154000
v 0.050113 0.264196 0.156000
v 0.050223 0.264074 0.154000
v 0.050223 0.264074 0.156000
v 0.050298 0.263904 0.154000
v 0.050298 0.263904 0.156000
v 0.058798 0.237546 0.154000
v 0.058798 0.237546 0.156000
v 0.058815 0.237504 0.154000
v 0.058815 0.237504 0.156000
v 0.058827 0.237458 0.154000
v 0.058827 0.237458 0.156000
v 0.058835 0.237407 0.154000
v 0.058835 0.237407 0.156000
v 0.058837 0.237351 0.154000
v 0.058837 0.237351 0.156000
v 0.058810 0.237197 0.154000
v 0.058810 0.237197 0.156000
v 0.058730 0.237088 0.154000
v 0.058730 0.237088 0.156000
v 0.058596 0.237022 0.154000
v 0.058596 0.237022 0.156000
v 0.058408 0.237000 0.154000
v 0.058408 0.237000 0.156000
v 0.043241 0.245500 0.154000
v 0.043241 0.245500 0.156000
v 0.043236 0.245398 0.154000
v 0.043236 0.245398 0.156000
v 0.043260 0.245325 0.154000
v 0.043260 0.245325 0.156000
v 0.043314 0.245281 0.154000
v 0.043314 0.245281 0.156000
v 0.043397 0.245266 0.154000
v 0.043397 0.245266 0.156000
v 0.051312 0.245266 0.154000
v 0.051312 0.245266 0.156000
v 0.051409 0.245281 0.154000
v 0.051409 0.245281 0.156000
v 0.051468 0.245325 0.154000
v 0.051468 0.245325 0.156000
v 0.051487 0.245398 0.154000
v 0.051487 0.245398 0.156000
v 0.051468 0.245500 0.154000
v 0.051468 0.245500 0.156000
v 0.047452 0.258562 0.154000
v 0.047452 0.258562 0.156000
v 0.047430 0.258630 0.154000
v 0.047430 0.258630 0.156000
v 0.047403 0.258679 0.154000
v 0.047403 0.258679 0.156000
v 0.047371 0.258708 0.154000
v 0.047371 0.258708 0.156000
v 0.047335 0.258718 0.154000
v 0.047335 0.258718 0.156000
v 0.047298 0.258708 0.154000
v 0.047298 0.258708 0.156000
v 0.047267 0.258679 0.154000
v 0.047267 0.258679 0.156000
v 0.047240 0.258630 0.154000
v 0.047240 0.258630 0.156000
v 0.047218 0.258562 0.154000
v 0.047218 0.258562 0.156000
v 0.072406 0.236688 0.154000
v 0.072406 0.236688 0.156000
v 0.071005 0.236759 0.154000
v 0.071005 0.236759 0.156000
v 0.069686 0.236971 0.154000
v 0.069686 0.236971 0.156000
v 0.068451 0.237324 0.154000
v 0.068451 0.237324 0.156000
v 0.067298 0.237819 0.154000
v 0.067298 0.237819 0.156000
v 0.066249 0.238444 0.154000
v 0.066249 0.238444 0.156000
v 0.065324 0.239188 0.154000
v 0.065324 0.239188 0.156000
v 0.064524 0.240052 0.154000
v 0.064524 0.240052 0.156000
v 0.063847 0.241036 0.154000
v 0.063847 0.241036 0.156000
v 0.063310 0.242119 0.154000
v 0.063310 0.242119 0.156000
v 0.062926 0.243282 0.154000
v 0.062926 0.243282 0.156000
v 0.062696 0.244526 0.154000
v 0.062696 0.244526 0.156000
v 0.062619 0.245851 0.154000
v 0.062619 0.245851 0.156000
v 0.062619 0.263826 0.154000
v 0.062619 0.263826 0.156000
v 0.062628 0.263919 0.154000
v 0.062628 0.263919 0.156000
v 0.062653 0.264006 0.154000
v 0.062653 0.264006 0.156000
v 0.062696 0.264085 0.154000
v 0.062696 0.264085 0.156000
v 0.062756 0.264157 0.154000
v 0.062756 0.264157 0.156000
v 0.062828 0.264217 0.154000
v 0.062828 0.264217 0.156000
v 0.062907 0.264259 0.154000
v 0.062907 0.264259 0.156000
v 0.062993 0.264285 0.154000
v 0.062993 0.264285 0.156000
v 0.063087 0.264294 0.154000
v 0.063087 0.264294 0.156000
v 0.066674 0.264294 0.154000
v 0.066674 0.264294 0.156000
v 0.066768 0.264285 0.154000
v 0.066768 0.264285 0.156000
v 0.066855 0.264259 0.154000
v 0.066855 0.264259 0.156000
v 0.066934 0.264217 0.154000
v 0.066934 0.264217 0.156000
v 0.067006 0.264157 0.154000
v 0.067006 0.264157 0.156000
v 0.067065 0.264085 0.154000
v 0.067065 0.264085 0.156000
v 0.067108 0.264006 0.154000
v 0.067108 0.264006 0.156000
v 0.067134 0.263919 0.154000
v 0.067134 0.263919 0.156000
v 0.067142 0.263826 0.154000
v 0.067142 0.263826 0.156000
v 0.067142 0.245773 0.154000
v 0.067142 0.245773 0.156000
v 0.067232 0.244676 0.154000
v 0.067232 0.244676 0.156000
v 0.067503 0.243687 0.154000
v 0.067503 0.243687 0.156000
v 0.067954 0.242805 0.154000
v 0.067954 0.242805 0.156000
v 0.068585 0.242030 0.154000
v 0.068585 0.242030 0.156000
v 0.069365 0.241399 0.154000
v 0.069365 0.241399 0.156000
v 0.070261 0.240948 0.154000
v 0.070261 0.240948 0.156000
v 0.071275 0.240677 0.154000
v 0.071275 0.240677 0.156000
v 0.072406 0.240587 0.154000
v 0.072406 0.240587 0.156000
v 0.073537 0.240677 0.154000
v 0.073537 0.240677 0.156000
v 0.074550 0.240948 0.154000
v 0.074550 0.240948 0.156000
v 0.075447 0.241399 0.154000
v 0.075447 0.241399 0.156000
v 0.076227 0.242030 0.154000
v 0.076227 0.242030 0.156000
v 0.076858 0.242805 0.154000
v 0.076858 0.242805 0.156000
v 0.077309 0.243687 0.154000
v 0.077309 0.243687 0.156000
v 0.077580 0.244676 0.154000
v 0.077580 0.244676 0.156000
v 0.077670 0.245773 0.154000
v 0.077670 0.245773 0.156000
v 0.077670 0.263826 0.154000
v 0.077670 0.263826 0.156000
v 0.077678 0.263919 0.154000
v 0.077678 0.263919 0.156000
v 0.077704 0.264006 0.154000
v 0.077704 0.264006 0.156000
v 0.077746 0.264085 0.154000
v 0.077746 0.264085 0.156000
v 0.077806 0.264157 0.154000
v 0.077806 0.264157 0.156000
v 0.077878 0.264217 0.154000
v 0.077878 0.264217 0.156000
v 0.077957 0.264259 0.154000
v 0.077957 0.264259 0.156000
v 0.078044 0.264285 0.154000
v 0.078044 0.264285 0.156000
v 0.078138 0.264294 0.154000
v 0.078138 0.264294 0.156000
v 0.081725 0.264294 0.154000
v 0.081725 0.264294 0.156000
v 0.081819 0.264285 0.154000
v 0.081819 0.264285 0.156000
v 0.081905 0.264259 0.154000
v 0.081905 0.264259 0.156000
v 0.081984 0.264217 0.154000
v 0.081984 0.264217 0.156000
v 0.082056 0.264157 0.154000
v 0.082056 0.264157 0.156000
v 0.082116 0.264085 0.154000
v 0.082116 0.264085 0.156000
v 0.082159 0.264006 0.154000
v 0.082159 0.264006 0.156000
v 0.082184 0.263919 0.154000
v 0.082184 0.263919 0.156000
v 0.082193 0.263826 0.154000
v 0.082193 0.263826 0.156000
v 0.082193 0.245851 0.154000
v 0.082193 0.245851 0.156000
v 0.082117 0.244526 0.154000
v 0.082117 0.244526 0.156000
v 0.081890 0.243282 0.154000
v 0.081890 0.243282 0.156000
v 0.081513 0.242119 0.154000
v 0.081513 0.242119 0.156000
v 0.080984 0.241036 0.154000
v 0.080984 0.241036 0.156000
v 0.080316 0.240052 0.154000
v 0.080316 0.240052 0.156000
v 0.079522 0.239188 0.154000
v 0.079522 0.239188 0.156000
v 0.078601 0.238444 0.154000
v 0.078601 0.238444 0.156000
v 0.077553 0.237819 0.154000
v 0.077553 0.237819 0.156000
v 0.076398 0.237324 0.154000
v 0.076398 0.237324 0.156000
v 0.075155 0.236971 0.154000
v 0.075155 0.236971 0.156000
v 0.073824 0.236759 0.154000
v 0.073824 0.236759 0.156000
v -0.121000 0.310000 0.151000
v -0.121000 0.670000 0.151000
v -0.139000 0.670000 0.151000
v -0.139000 0.310000 0.151000
v -0.121000 0.310000 0.145000
v -0.121000 0.670000 0.145000
v -0.139000 0.670000 0.145000
v -0.139000 0.310000 0.145000
v -0.120000 0.660000 0.151000
v 0.040000 0.680000 0.151000
v 0.170000 0.630000 0.151000
v 0.160000 0.450000 0.151000
v 0.025000 0.500000 0.151000
v -0.120000 0.470000 0.151000
v -0.120000 0.660000 0.145000
v 0.040000 0.680000 0.145000
v 0.170000 0.630000 0.145000
v 0.160000 0.450000 0.145000
v 0.025000 0.500000 0.145000
v -0.120000 0.470000 0.145000
vn 0.000000 -0.000000 1.000000
vn 0.000000 -0.000000 1.000000
vn 0.000000 -0.000000 1.000000
vn 0.000000 -0.000000 1.000000
vn 0.000000 -0.000000 1.000000
vn 0.000000 -0.000000 1.000000
vn 0.000000 -0.000000 1.000000
vn 0.000000 -0.000000 1.000000
vn 0.000000 -0.000000 1.000000
vn 0.000000 -0.000000 1.000000
vn 0.000000 -0.000000 1.000000
vn 0.000000 -0.000000 1.000000
vn 0.000000 -0.000000 1.000000
vn 0.000000 -0.000000 1.000000
vn 0.000000 -0.000000 1.000000
vn 0.000000 -0.000000 1.000000
vn 0.000000 -0.000000 1.000000
vn 0.000000 -0.000000 1.000000
vn 0.000000 -0.000000 1.000000
vn 0.000000 -0.000000 1.000000
vn 0.000000 -0.000000 1.000000
vn 0.000000 -0.000000 1.000000
vn 0.000000 -0.000000 1.000000
vn 0.000000 -0.000000 1.000000
vn 0.000000 -0.000000 1.000000
vn 0.000000 -0.000000 1.000000
vn 0.000000 -0.000000 1.000000
vn 0.000000 -0.000000 1.000000
vn 0.000000 -0.000000 1.000000
vn 0.000000 -0.000000 1.000000
vn 0.000000 -0.000000 1.000000
vn 0.000000 -0.000000 1.000000
vn 0.000000 -0.000000 1.000000
vn 0.000000 -0.000000 1.000000
vn 0.000000 -0.000000 1.000000
vn 0.000000 -0.000000 1.000000
vn 0.000000 -0.000000 1.000000
vn 0.000000 -0.000000 1.000000
vn 0.000000 -0.000000 1.000000
vn 0.000000 -0.000000 1.000000
vn 0.000000 -0.000000 1.000000
vn 0.000000 -0.000000 1.000000
vn 0.000000 -0.000000 1.000000
vn 0.000000 -0.000000 1.000000
vn 0.000000 -0.000000 1.000000
vn 0.000000 -0.000000 1.000000
vn 0.000000 -0.000000 1.000000
vn 0.000000 -0.000000 1.000000
vn 0.000000 -0.000000 1.000000
vn 0.000000 -0.000000 1.000000
vn 0.000000 -0.000000 1.000000
vn 0.000000 -0.000000 1.000000
vn 0.000000 -0.000000 1.000000
vn 0.000000 -0.000000 1.000000
vn 0.000000 -0.000000 1.000000
vn 0.000000 -0.000000 1.000000
vn 0.000000 -0.000000 1.000000
vn 0.000000 -0.000000 1.000000
vn 0.000000 -0.000000 1.000000
vn 0.000000 -0.000000 1.000000
vn 0.000000 -0.000000 1.000000
vn 0.000000 -0.000000 1.000000
vn 0.000000 -0.000000 1.000000
vn 0.000000 -0.000000 1.000000
vn 0.000000 -0.000000 1.000000
vn 0.000000 -0.000000 1.000000
vn 0.000000 -0.000000 1.000000
vn 0.000000 -0.000000 1.000000
vn 0.000000 -0.000000 1.000000
vn 0.000000 -0.000000 1.000000
vn 0.000000 -0.000000 1.000000
vn 0.000000 -0.000000 1.000000
vn 0.000000 0.000000 -1.000000
vn 0.000000 0.000000 -1.000000
vn 0.000000 0.000000 -1.000000
vn 0.000000 0.000000 -1.000000
vn 0.000000 0.000000 -1.000000
vn 0.000000 0.000000 -1.000000
vn 0.000000 0.000000 -1.000000
vn 0.000000 0.000000 -1.000000
vn 0.000000 0.000000 -1.000000
vn 0.000000 0.000000 -1.000000
vn 0.000000 0.000000 -1.000000
vn 0.000000 0.000000 -1.000000
vn 0.000000 0.000000 -1.000000
vn 0.000000 0.000000 -1.000000
vn 0.000000 0.000000 -1.000000
vn 0.000000 0.000000 -1.000000
vn 0.000000 0.000000 -1.000000
vn 0.000000 0.000000 -1.000000
vn 0.000000 0.000000 -1.000000
vn 0.000000 0.000000 -1.000000
vn 0.000000 0.000000 -1.000000
vn 0.000000 0.000000 -1.000000
vn 0.000000 0.000000 -1.000000
vn 0.000000 0.000000 -1.000000
vn 0.000000 0.000000 -1.000000
vn 0.000000 0.000000 -1.000000
vn 0.000000 0.000000 -1.000000
vn 0.000000 0.000000 -1.000000
vn 0.000000 0.000000 -1.000000
vn 0.000000 0.000000 -1.000000
vn 0.000000 0.000000 -1.000000
vn 0.000000 0.000000 -1.000000
vn 0.000000 0.000000 -1.000000
vn 0.000000 0.000000 -1.000000
vn 0.000000 0.000000 -1.000000
vn 0.000000 0.000000 -1.000000
vn 0.000000 0.000000 -1.000000
vn 0.000000 0.000000 -1.000000
vn 0.000000 0.000000 -1.000000
vn 0.000000 0.000000 -1.000000
vn 0.000000 0.000000 -1.000000
vn 0.000000 0.000000 -1.000000
vn 0.000000 0.000000 -1.000000
vn 0.000000 0.000000 -1.000000
vn 0.000000 0.000000 -1.000000
vn 0.000000 0.000000 -1.000000
vn 0.000000 0.000000 -1.000000
vn 0.000000 0.000000 -1.000000
vn 0.000000 0.000000 -1.000000
vn 0.000000 0.000000 -1.000000
vn 0.000000 0.000000 -1.000000
vn 0.000000 0.000000 -1.000000
vn 0.000000 0.000000 -1.000000
vn 0.000000 0.000000 -1.000000
vn 0.000000 0.000000 -1.000000
vn 0.000000 0.000000 -1.000000
vn 0.000000 0.000000 -1.000000
vn 0.000000 0.000000 -1.000000
vn 0.000000 0.000000 -1.000000
vn 0.000000 0.000000 -1.000000
vn 0.000000 0.000000 -1.000000
vn 0.000000 0.000000 -1.000000
vn 0.000000 0.000000 -1.000000
vn 0.000000 0.000000 -1.000000
vn 0.000000 0.000000 -1.000000
vn 0.000000 0.000000 -1.000000
vn 0.000000 0.000000 -1.000000
vn 0.000000 0.000000 -1.000000
vn 0.000000 0.000000 -1.000000
vn 0.000000 0.000000 -1.000000
vn 0.000000 0.000000 -1.000000
vn 0.000000 0.000000 -1.000000
vn -0.090536 -0.995893 -0.000000
vn -0.283629 -0.958934 -0.000000
vn -0.474100 -0.880471 -0.000000
vn -0.638899 -0.769291 -0.000000
vn -0.769289 -0.638901 -0.000000
vn -0.880472 -0.474099 -0.000000
vn -0.958935 -0.283626 -0.000000
vn -0.995893 -0.090541 -0.000000
vn -1.000000 0.000000 -0.000000
vn -0.995893 0.090539 0.000000
vn -0.958935 0.283624 0.000000
vn -0.880474 0.474095 0.000000
vn -0.769287 0.638904 0.000000
vn -0.638899 0.769290 0.000000
vn -0.474092 0.880476 0.000000
vn -0.283627 0.958935 0.000000
vn -0.090540 0.995893 0.000000
vn 0.000000 1.000000 0.000000
vn 0.045326 0.998972 0.000000
vn 0.143565 0.989641 0.000000
vn 0.250545 0.968105 0.000000
vn 0.363146 0.931732 0.000000
vn 0.477566 0.878596 0.000000
vn 0.593697 0.804689 0.000000
vn 0.704812 0.709395 0.000000
vn 0.802603 0.596514 0.000000
vn 0.882511 0.470292 0.000000
vn 0.943136 0.332408 0.000000
vn 0.981164 0.193177 0.000000
vn 0.998121 0.061279 0.000000
vn 1.000000 0.000000 -0.000000
vn 0.998121 -0.061279 -0.000000
vn 0.981164 -0.193177 -0.000000
vn 0.943136 -0.332408 -0.000000
vn 0.882511 -0.470292 -0.000000
vn 0.802602 -0.596514 -0.000000
vn 0.704811 -0.709395 -0.000000
vn 0.593697 -0.804689 -0.000000
vn 0.477567 -0.878595 -0.000000
vn 0.363147 -0.931732 -0.000000
vn 0.250545 -0.968105 -0.000000
vn 0.143565 -0.989641 -0.000000
vn 0.045325 -0.998972 -0.000000
vn 0.000000 -1.000000 -0.000000
vn 0.989950 0.141421 0.000000
vn 0.857492 0.514497 0.000000
vn 0.514491 0.857496 0.000000
vn 0.141420 0.989950 0.000000
vn 0.000000 1.000000 0.000000
vn -0.082943 0.996554 0.000000
vn -0.269232 0.963075 0.000000
vn -0.467759 0.883856 0.000000
vn -0.650906 0.759159 0.000000
vn -0.795211 0.606332 0.000000
vn -0.902089 0.431551 0.000000
vn -0.967469 0.252991 0.000000
vn -0.995931 0.090114 0.000000
vn -1.000000 0.000000 -0.000000
vn -0.997274 -0.073787 -0.000000
vn -0.970364 -0.241647 -0.000000
vn -0.904091 -0.427340 -0.000000
vn -0.792927 -0.609316 -0.000000
vn -0.644771 -0.764376 -0.000000
vn -0.461483 -0.887149 -0.000000
vn -0.264790 -0.964306 -0.000000
vn -0.081435 -0.996679 -0.000000
vn 0.000000 -1.000000 -0.000000
vn 0.141434 -0.989948 -0.000000
vn 0.514495 -0.857494 -0.000000
vn 0.857489 -0.514503 -0.000000
vn 0.989950 -0.141421 -0.000000
vn 1.000000 0.000000 -0.000000
vn 0.000000 -0.000000 1.000000
vn 0.000000 -0.000000 1.000000
vn 0.000000 -0.000000 1.000000
vn 0.000000 -0.000000 1.000000
vn 0.000000 -0.000000 1.000000
vn 0.000000 -0.000000 1.000000
vn 0.000000 -0.000000 1.000000
vn 0.000000 -0.000000 1.000000
vn 0.000000 -0.000000 1.000000
vn 0.000000 -0.000000 1.000000
vn 0.000000 -0.000000 1.000000
vn 0.000000 -0.000000 1.000000
vn 0.000000 -0.000000 1.000000
vn 0.000000 -0.000000 1.000000
vn 0.000000 -0.000000 1.000000
vn 0.000000 -0.000000 1.000000
vn 0.000000 -0.000000 1.000000
vn 0.000000 -0.000000 1.000000
vn 0.000000 -0.000000 1.000000
vn 0.000000 -0.000000 1.000000
vn 0.000000 -0.000000 1.000000
vn 0.000000 -0.000000 1.000000
vn 0.000000 -0.000000 1.000000
vn 0.000000 -0.000000 1.000000
vn 0.000000 -0.000000 1.000000
vn 0.000000 -0.000000 1.000000
vn 0.000000 -0.000000 1.000000
vn 0.000000 -0.000000 1.000000
vn 0.000000 -0.000000 1.000000
vn 0.000000 -0.000000 1.000000
vn 0.000000 -0.000000 1.000000
vn 0.000000 -0.000000 1.000000
vn 0.000000 -0.000000 1.000000
vn 0.000000 -0.000000 1.000000
vn 0.000000 -0.000000 1.000000
vn 0.000000 -0.000000 1.000000
vn 0.000000 -0.000000 1.000000
vn 0.000000 -0.000000 1.000000
vn 0.000000 -0.000000 1.000000
vn 0.000000 -0.000000 1.000000
vn 0.000000 -0.000000 1.000000
vn 0.000000 -0.000000 1.000000
vn 0.000000 -0.000000 1.000000
vn 0.000000 -0.000000 1.000000
vn 0.000000 -0.000000 1.000000
vn 0.000000 -0.000000 1.000000
vn 0.000000 -0.000000 1.000000
vn 0.000000 -0.000000 1.000000
vn 0.000000 -0.000000 1.000000
vn 0.000000 -0.000000 1.000000
vn 0.000000 -0.000000 1.000000
vn 0.000000 -0.000000 1.000000
vn 0.000000 -0.000000 1.000000
vn 0.000000 -0.000000 1.000000
vn 0.000000 -0.000000 1.000000
vn 0.000000 -0.000000 1.000000
vn 0.000000 -0.000000 1.000000
vn 0.000000 -0.000000 1.000000
vn 0.000000 -0.000000 1.000000
vn 0.000000 -0.000000 1.000000
vn 0.000000 -0.000000 1.000000
vn 0.000000 -0.000000 1.000000
vn 0.000000 -0.000000 1.000000
vn 0.000000 -0.000000 1.000000
vn 0.000000 -0.000000 1.000000
vn 0.000000 -0.000000 1.000000
vn 0.000000 -0.000000 1.000000
vn 0.000000 -0.000000 1.000000
vn 0.000000 -0.000000 1.000000
vn 0.000000 -0.000000 1.000000
vn 0.000000 -0.000000 1.000000
vn 0.000000 -0.000000 1.000000
vn 0.000000 -0.000000 1.000000
vn 0.000000 -0.000000 1.000000
vn 0.000000 -0.000000 1.000000
vn 0.000000 -0.000000 1.000000
vn 0.000000 -0.000000 1.000000
vn 0.000000 -0.000000 1.000000
vn 0.000000 -0.000000 1.000000
vn 0.000000 -0.000000 1.000000
vn 0.000000 -0.000000 1.000000
vn 0.000000 -0.000000 1.000000
vn 0.000000 -0.000000 1.000000
vn 0.000000 -0.000000 1.000000
vn 0.000000 -0.000000 1.000000
vn 0.000000 -0.000000 1.000000
vn 0.000000 -0.000000 1.000000
vn 0.000000 -0.000000 1.000000
vn 0.000000 -0.000000 1.000000
vn 0.000000 -0.000000 1.000000
vn 0.000000 -0.000000 1.000000
vn 0.000000 -0.000000 1.000000
vn 0.000000 -0.000000 1.000000
vn 0.000000 -0.000000 1.000000
vn 0.000000 -0.000000 1.000000
vn 0.000000 -0.000000 1.000000
vn 0.000000 -0.000000 1.000000
vn 0.000000 -0.000000 1.000000
vn 0.000000 -0.000000 1.000000
vn 0.000000 -0.000000 1.000000
vn 0.000000 -0.000000 1.000000
vn 0.000000 -0.000000 1.000000
vn 0.000000 -0.000000 1.000000
vn 0.000000 -0.000000 1.000000
vn 0.000000 -0.000000 1.000000
vn 0.000000 -0.000000 1.000000
vn 0.000000 -0.000000 1.000000
vn 0.000000 -0.000000 1.000000
vn 0.000000 -0.000000 1.000000
vn 0.000000 -0.000000 1.000000
vn 0.000000 -0.000000 1.000000
vn 0.000000 -0.000000 1.000000
vn 0.000000 -0.000000 1.000000
vn 0.000000 -0.000000 1.000000
vn 0.000000 -0.000000 1.000000
vn 0.000000 -0.000000 1.000000
vn 0.000000 -0.000000 1.000000
vn 0.000000 -0.000000 1.000000
vn 0.000000 -0.000000 1.000000
vn 0.000000 -0.000000 1.000000
vn 0.000000 -0.000000 1.000000
vn 0.000000 -0.000000 1.000000
vn 0.000000 -0.000000 1.000000
vn 0.000000 -0.000000 1.000000
vn 0.000000 -0.000000 1.000000
vn 0.000000 -0.000000 1.000000
vn 0.000000 -0.000000 1.000000
vn 0.000000 -0.000000 1.000000
vn 0.000000 -0.000000 1.000000
vn 0.000000 -0.000000 1.000000
vn 0.000000 -0.000000 1.000000
vn 0.000000 -0.000000 1.000000
vn 0.000000 -0.000000 1.000000
vn 0.000000 -0.000000 1.000000
vn 0.000000 -0.000000 1.000000
vn 0.000000 -0.000000 1.000000
vn 0.000000 -0.000000 1.000000
vn 0.000000 -0.000000 1.000000
vn 0.000000 -0.000000 1.000000
vn 0.000000 -0.000000 1.000000
vn 0.000000 -0.000000 1.000000
vn 0.000000 -0.000000 1.000000
vn 0.000000 -0.000000 1.000000
vn 0.000000 -0.000000 1.000000
vn 0.000000 -0.000000 1.000000
vn 0.000000 -0.000000 1.000000
vn 0.000000 -0.000000 1.000000
vn 0.000000 -0.000000 1.000000
vn 0.000000 -0.000000 1.000000
vn 0.000000 -0.000000 1.000000
vn 0.000000 -0.000000 1.000000
vn 0.000000 -0.000000 1.000000
vn 0.000000 -0.000000 1.000000
vn 0.000000 -0.000000 1.000000
vn 0.000000 -0.000000 1.000000
vn 0.000000 -0.000000 1.000000
vn 0.000000 -0.000000 1.000000
vn 0.000000 -0.000000 1.000000
vn 0.000000 -0.000000 1.000000
vn 0.000000 -0.000000 1.000000
vn 0.000000 -0.000000 1.000000
vn 0.000000 -0.000000 1.000000
vn 0.000000 -0.000000 1.000000
vn 0.000000 -0.000000 1.000000
vn 0.000000 -0.000000 1.000000
vn 0.000000 -0.000000 1.000000
vn 0.000000 -0.000000 1.000000
vn 0.000000 -0.000000 1.000000
vn 0.000000 -0.000000 1.000000
vn 0.000000 -0.000000 1.000000
vn 0.000000 -0.000000 1.000000
vn 0.000000 -0.000000 1.000000
vn 0.000000 -0.000000 1.000000
vn 0.000000 -0.000000 1.000000
vn 0.000000 -0.000000 1.000000
vn 0.000000 -0.000000 1.000000
vn 0.000000 -0.000000 1.000000
vn 0.000000 -0.000000 1.000000
vn 0.000000 -0.000000 1.000000
vn 0.000000 -0.000000 1.000000
vn 0.000000 -0.000000 1.000000
vn 0.000000 -0.000000 1.000000
vn 0.000000 -0.000000 1.000000
vn 0.000000 -0.000000 1.000000
vn 0.000000 -0.000000 1.000000
vn 0.000000 -0.000000 1.000000
vn 0.000000 -0.000000 1.000000
vn 0.000000 -0.000000 1.000000
vn 0.000000 -0.000000 1.000000
vn 0.000000 -0.000000 1.000000
vn 0.000000 -0.000000 1.000000
vn 0.000000 -0.000000 1.000000
vn 0.000000 -0.000000 1.000000
vn 0.000000 -0.000000 1.000000
vn 0.000000 -0.000000 1.000000
vn 0.000000 -0.000000 1.000000
vn 0.000000 -0.000000 1.000000
vn 0.000000 -0.000000 1.000000
vn 0.000000 -0.000000 1.000000
vn 0.000000 -0.000000 1.000000
vn 0.000000 -0.000000 1.000000
vn 0.000000 -0.000000 1.000000
vn 0.000000 -0.000000 1.000000
vn 0.000000 -0.000000 1.000000
vn 0.000000 -0.000000 1.000000
vn 0.000000 -0.000000 1.000000
vn 0.000000 -0.000000 1.000000
vn 0.000000 -0.000000 1.000000
vn 0.000000 -0.000000 1.000000
vn 0.000000 -0.000000 1.000000
vn 0.000000 -0.000000 1.000000
vn 0.000000 -0.000000 1.000000
vn 0.000000 -0.000000 1.000000
vn 0.000000 -0.000000 1.000000
vn 0.000000 -0.000000 1.000000
vn 0.000000 -0.000000 1.000000
vn 0.000000 -0.000000 1.000000
vn 0.000000 -0.000000 1.000000
vn 0.000000 -0.000000 1.000000
vn 0.000000 -0.000000 1.000000
vn 0.000000 -0.000000 1.000000
vn 0.000000 -0.000000 1.000000
vn 0.000000 -0.000000 1.000000
vn 0.000000 -0.000000 1.000000
vn 0.000000 -0.000000 1.000000
vn 0.000000 -0.000000 1.000000
vn 0.000000 -0.000000 1.000000
vn 0.000000 -0.000000 1.000000
vn 0.000000 -0.000000 1.000000
vn 0.000000 -0.000000 1.000000
vn 0.000000 -0.000000 1.000000
vn 0.000000 -0.000000 1.000000
vn 0.000000 -0.000000 1.000000
vn 0.000000 -0.000000 1.000000
vn 0.000000 -0.000000 1.000000
vn 0.000000 -0.000000 1.000000
vn 0.000000 -0.000000 1.000000
vn 0.000000 -0.000000 1.000000
vn 0.000000 -0.000000 1.000000
vn 0.000000 -0.000000 1.000000
vn 0.000000 -0.000000 1.000000
vn 0.000000 -0.000000 1.000000
vn 0.000000 -0.000000 1.000000
vn 0.000000 -0.000000 1.000000
vn 0.000000 -0.000000 1.000000
vn 0.000000 -0.000000 1.000000
vn 0.000000 -0.000000 1.000000
vn 0.000000 -0.000000 1.000000
vn 0.000000 -0.000000 1.000000
vn 0.000000 -0.000000 1.000000
vn 0.000000 -0.000000 1.000000
vn 0.000000 -0.000000 1.000000
vn 0.000000 -0.000000 1.000000
vn 0.000000 -0.000000 1.000000
vn 0.000000 -0.000000 1.000000
vn 0.000000 -0.000000 1.000000
vn 0.000000 -0.000000 1.000000
vn 0.000000 -0.000000 1.000000
vn 0.000000 -0.000000 1.000000
vn 0.000000 -0.000000 1.000000
vn 0.000000 -0.000000 1.000000
vn 0.000000 -0.000000 1.000000
vn 0.000000 -0.000000 1.000000
vn 0.000000 -0.000000 1.000000
vn 0.000000 -0.000000 1.000000
vn 0.000000 -0.000000 1.000000
vn 0.000000 -0.000000 1.000000
vn 0.000000 -0.000000 1.000000
vn 0.000000 -0.000000 1.000000
vn 0.000000 -0.000000 1.000000
vn 0.000000 -0.000000 1.000000
vn 0.000000 -0.000000 1.000000
vn 0.000000 -0.000000 1.000000
vn 0.000000 -0.000000 1.000000
vn 0.000000 -0.000000 1.000000
vn 0.000000 -0.000000 1.000000
vn 0.000000 -0.000000 1.000000
vn 0.000000 -0.000000 1.000000
vn 0.000000 -0.000000 1.000000
vn 0.000000 -0.000000 1.000000
vn 0.000000 -0.000000 1.000000
vn 0.000000 -0.000000 1.000000
vn 0.000000 -0.000000 1.000000
vn 0.000000 -0.000000 1.000000
vn 0.000000 -0.000000 1.000000
vn 0.000000 -0.000000 1.000000
vn 0.000000 -0.000000 1.000000
vn 0.000000 -0.000000 1.000000
vn 0.000000 -0.000000 1.000000
vn 0.000000 -0.000000 1.000000
vn 0.000000 -0.000000 1.000000
vn 0.000000 -0.000000 1.000000
vn 0.000000 -0.000000 1.000000
vn 0.000000 -0.000000 1.000000
vn 0.000000 -0.000000 1.000000
vn 0.000000 -0.000000 1.000000
vn 0.000000 -0.000000 1.000000
vn 0.000000 -0.000000 1.000000
vn 0.000000 -0.000000 1.000000
vn 0.000000 -0.000000 1.000000
vn 0.000000 -0.000000 1.000000
vn 0.000000 -0.000000 1.000000
vn 0.000000 -0.000000 1.000000
vn 0.000000 -0.000000 1.000000
vn 0.000000 -0.000000 1.000000
vn 0.000000 -0.000000 1.000000
vn 0.000000 -0.000000 1.000000
vn 0.000000 -0.000000 1.000000
vn 0.000000 -0.000000 1.000000
vn 0.000000 -0.000000 1.000000
vn 0.000000 -0.000000 1.000000
vn 0.000000 -0.000000 1.000000
vn 0.000000 -0.000000 1.000000
vn 0.000000 -0.000000 1.000000
vn 0.000000 -0.000000 1.000000
vn 0.000000 -0.000000 1.000000
vn 0.000000 -0.000000 1.000000
vn 0.000000 -0.000000 1.000000
vn 0.000000 -0.000000 1.000000
vn 0.000000 -0.000000 1.000000
vn 0.000000 -0.000000 1.000000
vn 0.000000 -0.000000 1.000000
vn 0.000000 -0.000000 1.000000
vn 0.000000 -0.000000 1.000000
vn 0.000000 -0.000000 1.000000
vn 0.000000 -0.000000 1.000000
vn 0.000000 -0.000000 1.000000
vn 0.000000 -0.000000 1.000000
vn 0.000000 -0.000000 1.000000
vn 0.000000 -0.000000 1.000000
vn 0.000000 -0.000000 1.000000
vn 0.000000 -0.000000 1.000000
vn 0.000000 -0.000000 1.000000
vn 0.000000 -0.000000 1.000000
vn 0.000000 -0.000000 1.000000
vn 0.000000 -0.000000 1.000000
vn 0.000000 -0.000000 1.000000
vn 0.000000 -0.000000 1.000000
vn 0.000000 -0.000000 1.000000
vn 0.000000 -0.000000 1.000000
vn 0.000000 -0.000000 1.000000
vn 0.000000 -0.000000 1.000000
vn 0.000000 -0.000000 1.000000
vn 0.000000 -0.000000 1.000000
vn 0.000000 -0.000000 1.000000
vn 0.000000 -0.000000 1.000000
vn 0.000000 -0.000000 1.000000
vn 0.000000 -0.000000 1.000000
vn 0.000000 -0.000000 1.000000
vn 0.000000 -0.000000 1.000000
vn 0.000000 -0.000000 1.000000
vn 0.000000 -0.000000 1.000000
vn 0.000000 -0.000000 1.000000
vn 0.000000 -0.000000 1.000000
vn 0.000000 -0.000000 1.000000
vn 0.000000 -0.000000 1.000000
vn 0.000000 -0.000000 1.000000
vn 0.000000 -0.000000 1.000000
vn 0.000000 -0.000000 1.000000
vn 0.000000 -0.000000 1.000000
vn 0.000000 -0.000000 1.000000
vn 0.000000 -0.000000 1.000000
vn 0.000000 -0.000000 1.000000
vn 0.000000 -0.000000 1.000000
vn 0.000000 -0.000000 1.000000
vn 0.000000 -0.000000 1.000000
vn 0.000000 -0.000000 1.000000
vn 0.000000 -0.000000 1.000000
vn 0.000000 -0.000000 1.000000
vn 0.000000 -0.000000 1.000000
vn 0.000000 -0.000000 1.000000
vn 0.000000 -0.000000 1.000000
vn 0.000000 -0.000000 1.000000
vn 0.000000 -0.000000 1.000000
vn 0.000000 -0.000000 1.000000
vn 0.000000 -0.000000 1.000000
vn 0.000000 -0.000000 1.000000
vn 0.000000 -0.000000 1.000000
vn 0.000000 -0.000000 1.000000
vn 0.000000 -0.000000 1.000000
vn 0.000000 -0.000000 1.000000
vn 0.000000 -0.000000 1.000000
vn 0.000000 -0.000000 1.000000
vn 0.000000 -0.000000 1.000000
vn 0.000000 -0.000000 1.000000
vn 0.000000 -0.000000 1.000000
vn 0.000000 -0.000000 1.000000
vn 0.000000 -0.000000 1.000000
vn 0.000000 -0.000000 1.000000
vn 0.000000 -0.000000 1.000000
vn 0.000000 -0.000000 1.000000
vn 0.000000 -0.000000 1.000000
vn 0.000000 -0.000000 1.000000
vn 0.000000 -0.000000 1.000000
vn 0.000000 -0.000000 1.000000
vn 0.000000 -0.000000 1.000000
vn 0.000000 -0.000000 1.000000
vn 0.000000 -0.000000 1.000000
vn 0.000000 -0.000000 1.000000
vn 0.000000 -0.000000 1.000000
vn 0.000000 -0.000000 1.000000
vn 0.000000 -0.000000 1.000000
vn 0.000000 -0.000000 1.000000
vn 0.000000 -0.000000 1.000000
vn 0.000000 -0.000000 1.000000
vn 0.000000 -0.000000 1.000000
vn 0.000000 -0.000000 1.000000
vn 0.000000 -0.000000 1.000000
vn 0.000000 -0.000000 1.000000
vn 0.000000 -0.000000 1.000000
vn 0.000000 -0.000000 1.000000
vn 0.000000 -0.000000 1.000000
vn 0.000000 -0.000000 1.000000
vn 0.000000 -0.000000 1.000000
vn 0.000000 -0.000000 1.000000
vn 0.000000 -0.000000 1.000000
vn 0.000000 -0.000000 1.000000
vn 0.000000 -0.000000 1.000000
vn 0.000000 -0.000000 1.000000
vn 0.000000 -0.000000 1.000000
vn 0.000000 -0.000000 1.000000
vn 0.000000 -0.000000 1.000000
vn 0.000000 -0.000000 1.000000
vn 0.000000 -0.000000 1.000000
vn 0.000000 -0.000000 1.000000
vn 0.000000 -0.000000 1.000000
vn 0.000000 -0.000000 1.000000
vn 0.000000 -0.000000 1.000000
vn 0.000000 -0.000000 1.000000
vn 0.000000 -0.000000 1.000000
vn 0.000000 -0.000000 1.000000
vn 0.000000 -0.000000 1.000000
vn 0.000000 -0.000000 1.000000
vn 0.000000 -0.000000 1.000000
vn 0.000000 -0.000000 1.000000
vn 0.000000 -0.000000 1.000000
vn 0.000000 -0.000000 1.000000
vn 0.000000 -0.000000 1.000000
vn 0.000000 -0.000000 1.000000
vn 0.000000 -0.000000 1.000000
vn 0.000000 -0.000000 1.000000
vn 0.000000 -0.000000 1.000000
vn 0.000000 -0.000000 1.000000
vn 0.000000 -0.000000 1.000000
vn 0.000000 -0.000000 1.000000
vn 0.000000 -0.000000 1.000000
vn 0.000000 -0.000000 1.000000
vn 0.000000 -0.000000 1.000000
vn 0.000000 -0.000000 1.000000
vn 0.000000 -0.000000 1.000000
vn 0.000000 -0.000000 1.000000
vn 0.000000 -0.000000 1.000000
vn 0.000000 -0.000000 1.000000
vn 0.000000 -0.000000 1.000000
vn 0.000000 -0.000000 1.000000
vn 0.000000 -0.000000 1.000000
vn 0.000000 -0.000000 1.000000
vn 0.000000 -0.000000 1.000000
vn 0.000000 -0.000000 1.000000
vn 0.000000 -0.000000 1.000000
vn 0.000000 -0.000000 1.000000
vn 0.000000 -0.000000 1.000000
vn 0.000000 -0.000000 1.000000
vn 0.000000 -0.000000 1.000000
vn 0.000000 -0.000000 1.000000
vn 0.000000 -0.000000 1.000000
vn 0.000000 -0.000000 1.000000
vn 0.000000 -0.000000 1.000000
vn 0.000000 -0.000000 1.000000
vn 0.000000 -0.000000 1.000000
vn 0.000000 -0.000000 1.000000
vn 0.000000 -0.000000 1.000000
vn 0.000000 -0.000000 1.000000
vn 0.000000 -0.000000 1.000000
vn 0.000000 -0.000000 1.000000
vn 0.000000 -0.000000 1.000000
vn 0.000000 -0.000000 1.000000
vn 0.000000 -0.000000 1.000000
vn 0.000000 -0.000000 1.000000
vn 0.000000 -0.000000 1.000000
vn 0.000000 -0.000000 1.000000
vn 0.000000 -0.000000 1.000000
vn 0.000000 -0.000000 1.000000
vn 0.000000 -0.000000 1.000000
vn 0.000000 -0.000000 1.000000
vn 0.000000 -0.000000 1.000000
vn 0.000000 -0.000000 1.000000
vn 0.000000 -0.000000 1.000000
vn 0.000000 -0.000000 1.000000
vn 0.000000 -0.000000 1.000000
vn 0.000000 -0.000000 1.000000
vn 0.000000 -0.000000 1.000000
vn 0.000000 -0.000000 1.000000
vn 0.000000 -0.000000 1.000000
vn 0.000000 -0.000000 1.000000
vn 0.000000 -0.000000 1.000000
vn 0.000000 -0.000000 1.000000
vn 0.000000 -0.000000 1.000000
vn 0.000000 -0.000000 1.000000
vn 0.000000 -0.000000 1.000000
vn 0.000000 -0.000000 1.000000
vn 0.000000 -0.000000 1.000000
vn 0.000000 -0.000000 1.000000
vn 0.000000 -0.000000 1.000000
vn 0.000000 -0.000000 1.000000
vn 0.000000 -0.000000 1.000000
vn 0.000000 -0.000000 1.000000
vn 0.000000 -0.000000 1.000000
vn 0.000000 -0.000000 1.000000
vn 0.000000 -0.000000 1.000000
vn 0.000000 -0.000000 1.000000
vn 0.000000 -0.000000 1.000000
vn 0.000000 -0.000000 1.000000
vn 0.000000 -0.000000 1.000000
vn 0.000000 -0.000000 1.000000
vn 0.000000 -0.000000 1.000000
vn 0.000000 -0.000000 1.000000
vn 0.000000 -0.000000 1.000000
vn 0.000000 -0.000000 1.000000
vn 0.000000 -0.000000 1.000000
vn 0.000000 -0.000000 1.000000
vn 0.000000 -0.000000 1.000000
vn 0.000000 -0.000000 1.000000
vn 0.000000 -0.000000 1.000000
vn 0.000000 -0.000000 1.000000
vn 0.000000 -0.000000 1.000000
vn 0.000000 -0.000000 1.000000
vn 0.000000 -0.000000 1.000000
vn 0.000000 -0.000000 1.000000
vn 0.000000 -0.000000 1.000000
vn 0.000000 -0.000000 1.000000
vn 0.000000 -0.000000 1.000000
vn 0.000000 -0.000000 1.000000
vn 0.000000 -0.000000 1.000000
vn 0.000000 -0.000000 1.000000
vn 0.000000 -0.000000 1.000000
vn 0.000000 -0.000000 1.000000
vn 0.000000 -0.000000 1.000000
vn 0.000000 -0.000000 1.000000
vn 0.000000 -0.000000 1.000000
vn 0.000000 -0.000000 1.000000
vn 0.000000 -0.000000 1.000000
vn 0.000000 -0.000000 1.000000
vn 0.000000 -0.000000 1.000000
vn 0.000000 -0.000000 1.000000
vn 0.000000 -0.000000 1.000000
vn 0.000000 -0.000000 1.000000
vn 0.000000 -0.000000 1.000000
vn 0.000000 -0.000000 1.000000
vn 0.000000 -0.000000 1.000000
vn 0.000000 -0.000000 1.000000
vn 0.000000 -0.000000 1.000000
vn 0.000000 -0.000000 1.000000
vn 0.000000 -0.000000 1.000000
vn 0.000000 -0.000000 1.000000
vn 0.000000 -0.000000 1.000000
vn 0.000000 -0.000000 1.000000
vn 0.000000 -0.000000 1.000000
vn 0.000000 -0.000000 1.000000
vn 0.000000 -0.000000 1.000000
vn 0.000000 -0.000000 1.000000
vn 0.000000 -0.000000 1.000000
vn 0.000000 -0.000000 1.000000
vn 0.000000 0.000000 -1.000000
vn 0.000000 0.000000 -1.000000
vn 0.000000 0.000000 -1.000000
vn 0.000000 0.000000 -1.000000
vn 0.000000 0.000000 -1.000000
vn 0.000000 0.000000 -1.000000
vn 0.000000 0.000000 -1.000000
vn 0.000000 0.000000 -1.000000
vn 0.000000 0.000000 -1.000000
vn 0.000000 0.000000 -1.000000
vn 0.000000 0.000000 -1.000000
vn 0.000000 0.000000 -1.000000
vn 0.000000 0.000000 -1.000000
vn 0.000000 0.000000 -1.000000
vn 0.000000 0.000000 -1.000000
vn 0.000000 0.000000 -1.000000
vn 0.000000 0.000000 -1.000000
vn 0.000000 0.000000 -1.000000
vn 0.000000 0.000000 -1.000000
vn 0.000000 0.000000 -1.000000
vn 0.000000 0.000000 -1.000000
vn 0.000000 0.000000 -1.000000
vn 0.000000 0.000000 -1.000000
vn 0.000000 0.000000 -1.000000
vn 0.000000 0.000000 -1.000000
vn 0.000000 0.000000 -1.000000
vn 0.000000 0.000000 -1.000000
vn 0.000000 0.000000 -1.000000
vn 0.000000 0.000000 -1.000000
vn 0.000000 0.000000 -1.000000
vn 0.000000 0.000000 -1.000000
vn 0.000000 0.000000 -1.000000
vn 0.000000 0.000000 -1.000000
vn 0.000000 0.000000 -1.000000
vn 0.000000 0.000000 -1.000000
vn 0.000000 0.000000 -1.000000
vn 0.000000 0.000000 -1.000000
vn 0.000000 0.000000 -1.000000
vn 0.000000 0.000000 -1.000000
vn 0.000000 0.000000 -1.000000
vn 0.000000 0.000000 -1.000000
vn 0.000000 0.000000 -1.000000
vn 0.000000 0.000000 -1.000000
vn 0.000000 0.000000 -1.000000
vn 0.000000 0.000000 -1.000000
vn 0.000000 0.000000 -1.000000
vn 0.000000 0.000000 -1.000000
vn 0.000000 0.000000 -1.000000
vn 0.000000 0.000000 -1.000000
vn 0.000000 0.000000 -1.000000
vn 0.000000 0.000000 -1.000000
vn 0.000000 0.000000 -1.000000
vn 0.000000 0.000000 -1.000000
vn 0.000000 0.000000 -1.000000
vn 0.000000 0.000000 -1.000000
vn 0.000000 0.000000 -1.000000
vn 0.000000 0.000000 -1.000000
vn 0.000000 0.000000 -1.000000
vn 0.000000 0.000000 -1.000000
vn 0.000000 0.000000 -1.000000
vn 0.000000 0.000000 -1.000000
vn 0.000000 0.000000 -1.000000
vn 0.000000 0.000000 -1.000000
vn 0.000000 0.000000 -1.000000
vn 0.000000 0.000000 -1.000000
vn 0.000000 0.000000 -1.000000
vn 0.000000 0.000000 -1.000000
vn 0.000000 0.000000 -1.000000
vn 0.000000 0.000000 -1.000000
vn 0.000000 0.000000 -1.000000
vn 0.000000 0.000000 -1.000000
vn 0.000000 0.000000 -1.000000
vn 0.000000 0.000000 -1.000000
vn 0.000000 0.000000 -1.000000
vn 0.000000 0.000000 -1.000000
vn 0.000000 0.000000 -1.000000
vn 0.000000 0.000000 -1.000000
vn 0.000000 0.000000 -1.000000
vn 0.000000 0.000000 -1.000000
vn 0.000000 0.000000 -1.000000
vn 0.000000 0.000000 -1.000000
vn 0.000000 0.000000 -1.000000
vn 0.000000 0.000000 -1.000000
vn 0.000000 0.000000 -1.000000
vn 0.000000 0.000000 -1.000000
vn 0.000000 0.000000 -1.000000
vn 0.000000 0.000000 -1.000000
vn 0.000000 0.000000 -1.000000
vn 0.000000 0.000000 -1.000000
vn 0.000000 0.000000 -1.000000
vn 0.000000 0.000000 -1.000000
vn 0.000000 0.000000 -1.000000
vn 0.000000 0.000000 -1.000000
vn 0.000000 0.000000 -1.000000
vn 0.000000 0.000000 -1.000000
vn 0.000000 0.000000 -1.000000
vn 0.000000 0.000000 -1.000000
vn 0.000000 0.000000 -1.000000
vn 0.000000 0.000000 -1.000000
vn 0.000000 0.000000 -1.000000
vn 0.000000 0.000000 -1.000000
vn 0.000000 0.000000 -1.000000
vn 0.000000 0.000000 -1.000000
vn 0.000000 0.000000 -1.000000
vn 0.000000 0.000000 -1.000000
vn 0.000000 0.000000 -1.000000
vn 0.000000 0.000000 -1.000000
vn 0.000000 0.000000 -1.000000
vn 0.000000 0.000000 -1.000000
vn 0.000000 0.000000 -1.000000
vn 0.000000 0.000000 -1.000000
vn 0.000000 0.000000 -1.000000
vn 0.000000 0.000000 -1.000000
vn 0.000000 0.000000 -1.000000
vn 0.000000 0.000000 -1.000000
vn 0.000000 0.000000 -1.000000
vn 0.000000 0.000000 -1.000000
vn 0.000000 0.000000 -1.000000
vn 0.000000 0.000000 -1.000000
vn 0.000000 0.000000 -1.000000
vn 0.000000 0.000000 -1.000000
vn 0.000000 0.000000 -1.000000
vn 0.000000 0.000000 -1.000000
vn 0.000000 0.000000 -1.000000
vn 0.000000 0.000000 -1.000000
vn 0.000000 0.000000 -1.000000
vn 0.000000 0.000000 -1.000000
vn 0.000000 0.000000 -1.000000
vn 0.000000 0.000000 -1.000000
vn 0.000000 0.000000 -1.000000
vn 0.000000 0.000000 -1.000000
vn 0.000000 0.000000 -1.000000
vn 0.000000 0.000000 -1.000000
vn 0.000000 0.000000 -1.000000
vn 0.000000 0.000000 -1.000000
vn 0.000000 0.000000 -1.000000
vn 0.000000 0.000000 -1.000000
vn 0.000000 0.000000 -1.000000
vn 0.000000 0.000000 -1.000000
vn 0.000000 0.000000 -1.000000
vn 0.000000 0.000000 -1.000000
vn 0.000000 0.000000 -1.000000
vn 0.000000 0.000000 -1.000000
vn 0.000000 0.000000 -1.000000
vn 0.000000 0.000000 -1.000000
vn 0.000000 0.000000 -1.000000
vn 0.000000 0.000000 -1.000000
vn 0.000000 0.000000 -1.000000
vn 0.000000 0.000000 -1.000000
vn 0.000000 0.000000 -1.000000
vn 0.000000 0.000000 -1.000000
vn 0.000000 0.000000 -1.000000
vn 0.000000 0.000000 -1.000000
vn 0.000000 0.000000 -1.000000
vn 0.000000 0.000000 -1.000000
vn 0.000000 0.000000 -1.000000
vn 0.000000 0.000000 -1.000000
vn 0.000000 0.000000 -1.000000
vn 0.000000 0.000000 -1.000000
vn 0.000000 0.000000 -1.000000
vn 0.000000 0.000000 -1.000000
vn 0.000000 0.000000 -1.000000
vn 0.000000 0.000000 -1.000000
vn 0.000000 0.000000 -1.000000
vn 0.000000 0.000000 -1.000000
vn 0.000000 0.000000 -1.000000
vn 0.000000 0.000000 -1.000000
vn 0.000000 0.000000 -1.000000
vn 0.000000 0.000000 -1.000000
vn 0.000000 0.000000 -1.000000
vn 0.000000 0.000000 -1.000000
vn 0.000000 0.000000 -1.000000
vn 0.000000 0.000000 -1.000000
vn 0.000000 0.000000 -1.000000
vn 0.000000 0.000000 -1.000000
vn 0.000000 0.000000 -1.000000
vn 0.000000 0.000000 -1.000000
vn 0.000000 0.000000 -1.000000
vn 0.000000 0.000000 -1.000000
vn 0.000000 0.000000 -1.000000
vn 0.000000 0.000000 -1.000000
vn 0.000000 0.000000 -1.000000
vn 0.000000 0.000000 -1.000000
vn 0.000000 0.000000 -1.000000
vn 0.000000 0.000000 -1.000000
vn 0.000000 0.000000 -1.000000
vn 0.000000 0.000000 -1.000000
vn 0.000000 0.000000 -1.000000
vn 0.000000 0.000000 -1.000000
vn 0.000000 0.000000 -1.000000
vn 0.000000 0.000000 -1.000000
vn 0.000000 0.000000 -1.000000
vn 0.000000 0.000000 -1.000000
vn 0.000000 0.000000 -1.000000
vn 0.000000 0.000000 -1.000000
vn 0.000000 0.000000 -1.000000
vn 0.000000 0.000000 -1.000000
vn 0.000000 0.000000 -1.000000
vn 0.000000 0.000000 -1.000000
vn 0.000000 0.000000 -1.000000
vn 0.000000 0.000000 -1.000000
vn 0.000000 0.000000 -1.000000
vn 0.000000 0.000000 -1.000000
vn 0.000000 0.000000 -1.000000
vn 0.000000 0.000000 -1.000000
vn 0.000000 0.000000 -1.000000
vn 0.000000 0.000000 -1.000000
vn 0.000000 0.000000 -1.000000
vn 0.000000 0.000000 -1.000000
vn 0.000000 0.000000 -1.000000
vn 0.000000 0.000000 -1.000000
vn 0.000000 0.000000 -1.000000
vn 0.000000 0.000000 -1.000000
vn 0.000000 0.000000 -1.000000
vn 0.000000 0.000000 -1.000000
vn 0.000000 0.000000 -1.000000
vn 0.000000 0.000000 -1.000000
vn 0.000000 0.000000 -1.000000
vn 0.000000 0.000000 -1.000000
vn 0.000000 0.000000 -1.000000
vn 0.000000 0.000000 -1.000000
vn 0.000000 0.000000 -1.000000
vn 0.000000 0.000000 -1.000000
vn 0.000000 0.000000 -1.000000
vn 0.000000 0.000000 -1.000000
vn 0.000000 0.000000 -1.000000
vn 0.000000 0.000000 -1.000000
vn 0.000000 0.000000 -1.000000
vn 0.000000 0.000000 -1.000000
vn 0.000000 0.000000 -1.000000
vn 0.000000 0.000000 -1.000000
vn 0.000000 0.000000 -1.000000
vn 0.000000 0.000000 -1.000000
vn 0.000000 0.000000 -1.000000
vn 0.000000 0.000000 -1.000000
vn 0.000000 0.000000 -1.000000
vn 0.000000 0.000000 -1.000000
vn 0.000000 0.000000 -1.000000
vn 0.000000 0.000000 -1.000000
vn 0.000000 0.000000 -1.000000
vn 0.000000 0.000000 -1.000000
vn 0.000000 0.000000 -1.000000
vn 0.000000 0.000000 -1.000000
vn 0.000000 0.000000 -1.000000
vn 0.000000 0.000000 -1.000000
vn 0.000000 0.000000 -1.000000
vn 0.000000 0.000000 -1.000000
vn 0.000000 0.000000 -1.000000
vn 0.000000 0.000000 -1.000000
vn 0.000000 0.000000 -1.000000
vn 0.000000 0.000000 -1.000000
vn 0.000000 0.000000 -1.000000
vn 0.000000 0.000000 -1.000000
vn 0.000000 0.000000 -1.000000
vn 0.000000 0.000000 -1.000000
vn 0.000000 0.000000 -1.000000
vn 0.000000 0.000000 -1.000000
vn 0.000000 0.000000 -1.000000
vn 0.000000 0.000000 -1.000000
vn 0.000000 0.000000 -1.000000
vn 0.000000 0.000000 -1.000000
vn 0.000000 0.000000 -1.000000
vn 0.000000 0.000000 -1.000000
vn 0.000000 0.000000 -1.000000
vn 0.000000 0.000000 -1.000000
vn 0.000000 0.000000 -1.000000
vn 0.000000 0.000000 -1.000000
vn 0.000000 0.000000 -1.000000
vn 0.000000 0.000000 -1.000000
vn 0.000000 0.000000 -1.000000
vn 0.000000 0.000000 -1.000000
vn 0.000000 0.000000 -1.000000
vn 0.000000 0.000000 -1.000000
vn 0.000000 0.000000 -1.000000
vn 0.000000 0.000000 -1.000000
vn 0.000000 0.000000 -1.000000
vn 0.000000 0.000000 -1.000000
vn 0.000000 0.000000 -1.000000
vn 0.000000 0.000000 -1.000000
vn 0.000000 0.000000 -1.000000
vn 0.000000 0.000000 -1.000000
vn 0.000000 0.000000 -1.000000
vn 0.000000 0.000000 -1.000000
vn 0.000000 0.000000 -1.000000
vn 0.000000 0.000000 -1.000000
vn 0.000000 0.000000 -1.000000
vn 0.000000 0.000000 -1.000000
vn 0.000000 0.000000 -1.000000
vn 0.000000 0.000000 -1.000000
vn 0.000000 0.000000 -1.000000
vn 0.000000 0.000000 -1.000000
vn 0.000000 0.000000 -1.000000
vn 0.000000 0.000000 -1.000000
vn 0.000000 0.000000 -1.000000
vn 0.000000 0.000000 -1.000000
vn 0.000000 0.000000 -1.000000
vn 0.000000 0.000000 -1.000000
vn 0.000000 0.000000 -1.000000
vn 0.000000 0.000000 -1.000000
vn 0.000000 0.000000 -1.000000
vn 0.000000 0.000000 -1.000000
vn 0.000000 0.000000 -1.000000
vn 0.000000 0.000000 -1.000000
vn 0.000000 0.000000 -1.000000
vn 0.000000 0.000000 -1.000000
vn 0.000000 0.000000 -1.000000
vn 0.000000 0.000000 -1.000000
vn 0.000000 0.000000 -1.000000
vn 0.000000 0.000000 -1.000000
vn 0.000000 0.000000 -1.000000
vn 0.000000 0.000000 -1.000000
vn 0.000000 0.000000 -1.000000
vn 0.000000 0.000000 -1.000000
vn 0.000000 0.000000 -1.000000
vn 0.000000 0.000000 -1.000000
vn 0.000000 0.000000 -1.000000
vn 0.000000 0.000000 -1.000000
vn 0.000000 0.000000 -1.000000
vn 0.000000 0.000000 -1.000000
vn 0.000000 0.000000 -1.000000
vn 0.000000 0.000000 -1.000000
vn 0.000000 0.000000 -1.000000
vn 0.000000 0.000000 -1.000000
vn 0.000000 0.000000 -1.000000
vn 0.000000 0.000000 -1.000000
vn 0.000000 0.000000 -1.000000
vn 0.000000 0.000000 -1.000000
vn 0.000000 0.000000 -1.000000
vn 0.000000 0.000000 -1.000000
vn 0.000000 0.000000 -1.000000
vn 0.000000 0.000000 -1.000000
vn 0.000000 0.000000 -1.000000
vn 0.000000 0.000000 -1.000000
vn 0.000000 0.000000 -1.000000
vn 0.000000 0.000000 -1.000000
vn 0.000000 0.000000 -1.000000
vn 0.000000 0.000000 -1.000000
vn 0.000000 0.000000 -1.000000
vn 0.000000 0.000000 -1.000000
vn 0.000000 0.000000 -1.000000
vn 0.000000 0.000000 -1.000000
vn 0.000000 0.000000 -1.000000
vn 0.000000 0.000000 -1.000000
vn 0.000000 0.000000 -1.000000
vn 0.000000 0.000000 -1.000000
vn 0.000000 0.000000 -1.000000
vn 0.000000 0.000000 -1.000000
vn 0.000000 0.000000 -1.000000
vn 0.000000 0.000000 -1.000000
vn 0.000000 0.000000 -1.000000
vn 0.000000 0.000000 -1.000000
vn 0.000000 0.000000 -1.000000
vn 0.000000 0.000000 -1.000000
vn 0.000000 0.000000 -1.000000
vn 0.000000 0.000000 -1.000000
vn 0.000000 0.000000 -1.000000
vn 0.000000 0.000000 -1.000000
vn 0.000000 0.000000 -1.000000
vn 0.000000 0.000000 -1.000000
vn 0.000000 0.000000 -1.000000
vn 0.000000 0.000000 -1.000000
vn 0.000000 0.000000 -1.000000
vn 0.000000 0.000000 -1.000000
vn 0.000000 0.000000 -1.000000
vn 0.000000 0.000000 -1.000000
vn 0.000000 0.000000 -1.000000
vn 0.000000 0.000000 -1.000000
vn 0.000000 0.000000 -1.000000
vn 0.000000 0.000000 -1.000000
vn 0.000000 0.000000 -1.000000
vn 0.000000 0.000000 -1.000000
vn 0.000000 0.000000 -1.000000
vn 0.000000 0.000000 -1.000000
vn 0.000000 0.000000 -1.000000
vn 0.000000 0.000000 -1.000000
vn 0.000000 0.000000 -1.000000
vn 0.000000 0.000000 -1.000000
vn 0.000000 0.000000 -1.000000
vn 0.000000 0.000000 -1.000000
vn 0.000000 0.000000 -1.000000
vn 0.000000 0.000000 -1.000000
vn 0.000000 0.000000 -1.000000
vn 0.000000 0.000000 -1.000000
vn 0.000000 0.000000 -1.000000
vn 0.000000 0.000000 -1.000000
vn 0.000000 0.000000 -1.000000
vn 0.000000 0.000000 -1.000000
vn 0.000000 0.000000 -1.000000
vn 0.000000 0.000000 -1.000000
vn 0.000000 0.000000 -1.000000
vn 0.000000 0.000000 -1.000000
vn 0.000000 0.000000 -1.000000
vn 0.000000 0.000000 -1.000000
vn 0.000000 0.000000 -1.000000
vn 0.000000 0.000000 -1.000000
vn 0.000000 0.000000 -1.000000
vn 0.000000 0.000000 -1.000000
vn 0.000000 0.000000 -1.000000
vn 0.000000 0.000000 -1.000000
vn 0.000000 0.000000 -1.000000
vn 0.000000 0.000000 -1.000000
vn 0.000000 0.000000 -1.000000
vn 0.000000 0.000000 -1.000000
vn 0.000000 0.000000 -1.000000
vn 0.000000 0.000000 -1.000000
vn 0.000000 0.000000 -1.000000
vn 0.000000 0.000000 -1.000000
vn 0.000000 0.000000 -1.000000
vn 0.000000 0.000000 -1.000000
vn 0.000000 0.000000 -1.000000
vn 0.000000 0.000000 -1.000000
vn 0.000000 0.000000 -1.000000
vn 0.000000 0.000000 -1.000000
vn 0.000000 0.000000 -1.000000
vn 0.000000 0.000000 -1.000000
vn 0.000000 0.000000 -1.000000
vn 0.000000 0.000000 -1.000000
vn 0.000000 0.000000 -1.000000
vn 0.000000 0.000000 -1.000000
vn 0.000000 0.000000 -1.000000
vn 0.000000 0.000000 -1.000000
vn 0.000000 0.000000 -1.000000
vn 0.000000 0.000000 -1.000000
vn 0.000000 0.000000 -1.000000
vn 0.000000 0.000000 -1.000000
vn 0.000000 0.000000 -1.000000
vn 0.000000 0.000000 -1.000000
vn 0.000000 0.000000 -1.000000
vn 0.000000 0.000000 -1.000000
vn 0.000000 0.000000 -1.000000
vn 0.000000 0.000000 -1.000000
vn 0.000000 0.000000 -1.000000
vn 0.000000 0.000000 -1.000000
vn 0.000000 0.000000 -1.000000
vn 0.000000 0.000000 -1.000000
vn 0.000000 0.000000 -1.000000
vn 0.000000 0.000000 -1.000000
vn 0.000000 0.000000 -1.000000
vn 0.000000 0.000000 -1.000000
vn 0.000000 0.000000 -1.000000
vn 0.000000 0.000000 -1.000000
vn 0.000000 0.000000 -1.000000
vn 0.000000 0.000000 -1.000000
vn 0.000000 0.000000 -1.000000
vn 0.000000 0.000000 -1.000000
vn 0.000000 0.000000 -1.000000
vn 0.000000 0.000000 -1.000000
vn 0.000000 0.000000 -1.000000
vn 0.000000 0.000000 -1.000000
vn 0.000000 0.000000 -1.000000
vn 0.000000 0.000000 -1.000000
vn 0.000000 0.000000 -1.000000
vn 0.000000 0.000000 -1.000000
vn 0.000000 0.000000 -1.000000
vn 0.000000 0.000000 -1.000000
vn 0.000000 0.000000 -1.000000
vn 0.000000 0.000000 -1.000000
vn 0.000000 0.000000 -1.000000
vn 0.000000 0.000000 -1.000000
vn 0.000000 0.000000 -1.000000
vn 0.000000 0.000000 -1.000000
vn 0.000000 0.000000 -1.000000
vn 0.000000 0.000000 -1.000000
vn 0.000000 0.000000 -1.000000
vn 0.000000 0.000000 -1.000000
vn 0.000000 0.000000 -1.000000
vn 0.000000 0.000000 -1.000000
vn 0.000000 0.000000 -1.000000
vn 0.000000 0.000000 -1.000000
vn 0.000000 0.000000 -1.000000
vn 0.000000 0.000000 -1.000000
vn 0.000000 0.000000 -1.000000
vn 0.000000 0.000000 -1.000000
vn 0.000000 0.000000 -1.000000
vn 0.000000 0.000000 -1.000000
vn 0.000000 0.000000 -1.000000
vn 0.000000 0.000000 -1.000000
vn 0.000000 0.000000 -1.000000
vn 0.000000 0.000000 -1.000000
vn 0.000000 0.000000 -1.000000
vn 0.000000 0.000000 -1.000000
vn 0.000000 0.000000 -1.000000
vn 0.000000 0.000000 -1.000000
vn 0.000000 0.000000 -1.000000
vn 0.000000 0.000000 -1.000000
vn 0.000000 0.000000 -1.000000
vn 0.000000 0.000000 -1.000000
vn 0.000000 0.000000 -1.000000
vn 0.000000 0.000000 -1.000000
vn 0.000000 0.000000 -1.000000
vn 0.000000 0.000000 -1.000000
vn 0.000000 0.000000 -1.000000
vn 0.000000 0.000000 -1.000000
vn 0.000000 0.000000 -1.000000
vn 0.000000 0.000000 -1.000000
vn 0.000000 0.000000 -1.000000
vn 0.000000 0.000000 -1.000000
vn 0.000000 0.000000 -1.000000
vn 0.000000 0.000000 -1.000000
vn 0.000000 0.000000 -1.000000
vn 0.000000 0.000000 -1.000000
vn 0.000000 0.000000 -1.000000
vn 0.000000 0.000000 -1.000000
vn 0.000000 0.000000 -1.000000
vn 0.000000 0.000000 -1.000000
vn 0.000000 0.000000 -1.000000
vn 0.000000 0.000000 -1.000000
vn 0.000000 0.000000 -1.000000
vn 0.000000 0.000000 -1.000000
vn 0.000000 0.000000 -1.000000
vn 0.000000 0.000000 -1.000000
vn 0.000000 0.000000 -1.000000
vn 0.000000 0.000000 -1.000000
vn 0.000000 0.000000 -1.000000
vn 0.000000 0.000000 -1.000000
vn 0.000000 0.000000 -1.000000
vn 0.000000 0.000000 -1.000000
vn 0.000000 0.000000 -1.000000
vn 0.000000 0.000000 -1.000000
vn 0.000000 0.000000 -1.000000
vn 0.000000 0.000000 -1.000000
vn 0.000000 0.000000 -1.000000
vn 0.000000 0.000000 -1.000000
vn 0.000000 0.000000 -1.000000
vn 0.000000 0.000000 -1.000000
vn 0.000000 0.000000 -1.000000
vn 0.000000 0.000000 -1.000000
vn 0.000000 0.000000 -1.000000
vn 0.000000 0.000000 -1.000000
vn 0.000000 0.000000 -1.000000
vn 0.000000 0.000000 -1.000000
vn 0.000000 0.000000 -1.000000
vn 0.000000 0.000000 -1.000000
vn 0.000000 0.000000 -1.000000
vn 0.000000 0.000000 -1.000000
vn 0.000000 0.000000 -1.000000
vn 0.000000 0.000000 -1.000000
vn 0.000000 0.000000 -1.000000
vn 0.000000 0.000000 -1.000000
vn 0.000000 0.000000 -1.000000
vn 0.000000 0.000000 -1.000000
vn 0.000000 0.000000 -1.000000
vn 0.000000 0.000000 -1.000000
vn 0.000000 0.000000 -1.000000
vn 0.000000 0.000000 -1.000000
vn 0.000000 0.000000 -1.000000
vn 0.000000 0.000000 -1.000000
vn 0.000000 0.000000 -1.000000
vn 0.000000 0.000000 -1.000000
vn 0.000000 0.000000 -1.000000
vn 0.000000 0.000000 -1.000000
vn 0.000000 0.000000 -1.000000
vn 0.000000 0.000000 -1.000000
vn 0.000000 0.000000 -1.000000
vn 0.000000 0.000000 -1.000000
vn 0.000000 0.000000 -1.000000
vn 0.000000 0.000000 -1.000000
vn 0.000000 0.000000 -1.000000
vn 0.000000 0.000000 -1.000000
vn 0.000000 0.000000 -1.000000
vn 0.000000 0.000000 -1.000000
vn 0.000000 0.000000 -1.000000
vn 0.000000 0.000000 -1.000000
vn -0.090479 -0.995898 -0.000000
vn -0.283458 -0.958985 -0.000000
vn -0.474367 -0.880327 -0.000000
vn -0.639015 -0.769194 -0.000000
vn -0.769279 -0.638913 -0.000000
vn -0.880354 -0.474317 -0.000000
vn -0.958973 -0.283498 -0.000000
vn -0.995891 -0.090557 -0.000000
vn -1.000000 0.000000 -0.000000
vn -0.995891 0.090557 0.000000
vn -0.958973 0.283498 0.000000
vn -0.880503 0.474041 0.000000
vn -0.769279 0.638913 0.000000
vn -0.638638 0.769507 0.000000
vn -0.474367 0.880327 0.000000
vn -0.283458 0.958985 0.000000
vn -0.090479 0.995898 0.000000
vn 0.000000 1.000000 0.000000
vn 0.045320 0.998973 0.000000
vn 0.143548 0.989643 0.000000
vn 0.250563 0.968100 0.000000
vn 0.363157 0.931728 0.000000
vn 0.477567 0.878596 0.000000
vn 0.593694 0.804691 0.000000
vn 0.704808 0.709398 0.000000
vn 0.802600 0.596517 0.000000
vn 0.882511 0.470291 0.000000
vn 0.943134 0.332412 0.000000
vn 0.981165 0.193171 0.000000
vn 0.998121 0.061281 0.000000
vn 1.000000 0.000000 -0.000000
vn 0.998121 -0.061281 -0.000000
vn 0.981165 -0.193171 -0.000000
vn 0.943134 -0.332412 -0.000000
vn 0.882511 -0.470291 -0.000000
vn 0.802600 -0.596517 -0.000000
vn 0.704808 -0.709398 -0.000000
vn 0.593694 -0.804691 -0.000000
vn 0.477567 -0.878596 -0.000000
vn 0.363155 -0.931729 -0.000000
vn 0.250563 -0.968100 -0.000000
vn 0.143548 -0.989643 -0.000000
vn 0.045320 -0.998973 -0.000000
vn 0.000000 -1.000000 -0.000000
vn 0.989943 0.141470 0.000000
vn 0.857696 0.514157 0.000000
vn 0.514326 0.857595 0.000000
vn 0.141131 0.989991 0.000000
vn 0.000000 1.000000 0.000000
vn -0.082905 0.996558 0.000000
vn -0.269237 0.963074 0.000000
vn -0.467803 0.883833 0.000000
vn -0.650882 0.759179 0.000000
vn -0.795210 0.606334 0.000000
vn -0.902091 0.431546 0.000000
vn -0.967470 0.252984 0.000000
vn -0.995931 0.090120 0.000000
vn -1.000000 0.000000 -0.000000
vn -0.997274 -0.073789 -0.000000
vn -0.970365 -0.241645 -0.000000
vn -0.904087 -0.427349 -0.000000
vn -0.792928 -0.609316 -0.000000
vn -0.644786 -0.764363 -0.000000
vn -0.461469 -0.887156 -0.000000
vn -0.264793 -0.964305 -0.000000
vn -0.081399 -0.996682 -0.000000
vn 0.000000 -1.000000 -0.000000
vn 0.141131 -0.989991 -0.000000
vn 0.514326 -0.857595 -0.000000
vn 0.857474 -0.514527 -0.000000
vn 0.989943 -0.141470 -0.000000
vn 1.000000 0.000000 -0.000000
vn -0.120745 -0.992683 -0.000000
vn -0.399298 -0.916821 -0.000000
vn -0.669000 -0.743263 -0.000000
vn -0.856225 -0.516603 -0.000000
vn -0.909065 -0.416654 -0.000000
vn -0.841223 -0.540688 -0.000000
vn -0.672345 -0.740238 -0.000000
vn -0.419329 -0.907834 -0.000000
vn -0.131740 -0.991284 -0.000000
vn 0.000000 -1.000000 -0.000000
vn 0.141131 -0.989991 -0.000000
vn 0.514326 -0.857595 -0.000000
vn 0.857474 -0.514527 -0.000000
vn 0.989949 -0.141427 -0.000000
vn 1.000000 0.000000 -0.000000
vn 0.995891 -0.090557 -0.000000
vn 0.958962 -0.283536 -0.000000
vn 0.880354 -0.474317 -0.000000
vn 0.769299 -0.638889 -0.000000
vn 0.639015 -0.769194 -0.000000
vn 0.474367 -0.880327 -0.000000
vn 0.283458 -0.958985 -0.000000
vn 0.090475 -0.995899 -0.000000
vn 0.000000 -1.000000 -0.000000
vn -0.090479 -0.995898 -0.000000
vn -0.283458 -0.958985 -0.000000
vn -0.474367 -0.880327 -0.000000
vn -0.638996 -0.769210 -0.000000
vn -0.769279 -0.638913 -0.000000
vn -0.880354 -0.474317 -0.000000
vn -0.958962 -0.283536 -0.000000
vn -0.995895 -0.090518 -0.000000
vn -1.000000 0.000000 -0.000000
vn -0.995891 0.090557 0.000000
vn -0.958962 0.283536 0.000000
vn -0.880503 0.474041 0.000000
vn -0.769299 0.638889 0.000000
vn -0.638638 0.769507 0.000000
vn -0.474367 0.880327 0.000000
vn -0.283458 0.958985 0.000000
vn -0.090475 0.995899 0.000000
vn 0.000000 1.000000 0.000000
vn 0.053691 0.998558 0.000000
vn 0.169072 0.985604 0.000000
vn 0.291763 0.956491 0.000000
vn 0.416175 0.909285 0.000000
vn 0.535331 0.844642 0.000000
vn 0.648980 0.760806 0.000000
vn 0.751839 0.659347 0.000000
vn 0.837506 0.546429 0.000000
vn 0.904285 0.426930 0.000000
vn 0.953757 0.300580 0.000000
vn 0.984614 0.174742 0.000000
vn 0.998451 0.055647 0.000000
vn 0.997777 -0.066646 -0.000000
vn 0.977230 -0.212182 -0.000000
vn 0.930111 -0.367280 -0.000000
vn 0.854335 -0.519722 -0.000000
vn 0.754872 -0.655872 -0.000000
vn 0.632777 -0.774334 -0.000000
vn 0.495554 -0.868577 -0.000000
vn 0.355971 -0.934497 -0.000000
vn 0.132534 -0.991179 -0.000000
vn 0.418625 -0.908159 -0.000000
vn 0.672796 -0.739828 -0.000000
vn 0.840987 -0.541055 -0.000000
vn 0.936300 -0.351202 -0.000000
vn 0.992301 -0.123848 -0.000000
vn 0.992278 0.124035 0.000000
vn 0.936300 0.351202 0.000000
vn 0.899925 0.436045 0.000000
vn 0.906097 0.423070 0.000000
vn 0.933356 0.358953 0.000000
vn 0.964802 0.262976 0.000000
vn 0.993888 0.110394 0.000000
vn 0.981239 -0.192797 -0.000000
vn 0.771492 -0.636239 -0.000000
vn 0.399870 -0.916572 -0.000000
vn 0.103316 -0.994649 -0.000000
vn 0.000000 -1.000000 -0.000000
vn 0.141131 -0.989991 -0.000000
vn 0.514326 -0.857595 -0.000000
vn 0.857474 -0.514527 -0.000000
vn 0.989949 -0.141427 -0.000000
vn 1.000000 0.000000 -0.000000
vn 0.989949 0.141427 0.000000
vn 0.857474 0.514527 0.000000
vn 0.514326 0.857595 0.000000
vn 0.141131 0.989991 0.000000
vn 0.000000 1.000000 0.000000
vn -0.077725 0.996975 0.000000
vn -0.251838 0.967770 0.000000
vn -0.439238 0.898371 0.000000
vn -0.616909 0.787035 0.000000
vn -0.766559 0.642173 0.000000
vn -0.887117 0.461544 0.000000
vn -0.963928 0.266162 0.000000
vn -0.996612 0.082241 0.000000
vn -0.996622 -0.082124 -0.000000
vn -0.964244 -0.265016 -0.000000
vn -0.888763 -0.458367 -0.000000
vn -0.770989 -0.636848 -0.000000
vn -0.623588 -0.781753 -0.000000
vn -0.445351 -0.895356 -0.000000
vn -0.256015 -0.966673 -0.000000
vn -0.079051 -0.996871 -0.000000
vn 0.000000 -1.000000 -0.000000
vn -0.135768 -0.990741 -0.000000
vn -0.453089 -0.891465 -0.000000
vn -0.743418 -0.668827 -0.000000
vn -0.914352 -0.404921 -0.000000
vn -0.955585 -0.294717 -0.000000
vn -0.854836 -0.518898 -0.000000
vn -0.725127 -0.688616 -0.000000
vn -0.496438 -0.868072 -0.000000
vn -0.170788 -0.985308 -0.000000
vn 0.000000 -1.000000 -0.000000
vn 0.170788 -0.985308 -0.000000
vn 0.496425 -0.868080 -0.000000
vn 0.725127 -0.688616 -0.000000
vn 0.854826 -0.518915 -0.000000
vn 0.955585 -0.294716 -0.000000
vn 0.914352 -0.404921 -0.000000
vn 0.743418 -0.668827 -0.000000
vn 0.453089 -0.891465 -0.000000
vn 0.135768 -0.990741 -0.000000
vn 0.000000 -1.000000 -0.000000
vn -0.077492 -0.996993 -0.000000
vn -0.259811 -0.965660 -0.000000
vn -0.468769 -0.883321 -0.000000
vn -0.672113 -0.740448 -0.000000
vn -0.856136 -0.516750 -0.000000
vn -0.973749 -0.227623 -0.000000
vn -0.999759 0.021959 0.000000
vn -0.978743 0.205092 0.000000
vn -0.952146 0.305644 0.000000
vn -0.914348 0.404929 0.000000
vn -0.743256 0.669007 0.000000
vn -0.453089 0.891465 0.000000
vn -0.135768 0.990741 0.000000
vn 0.000000 1.000000 0.000000
vn 0.135768 0.990741 0.000000
vn 0.453085 0.891467 0.000000
vn 0.743256 0.669007 0.000000
vn 0.914352 0.404921 0.000000
vn 0.951735 0.306920 0.000000
vn 0.924673 0.380762 0.000000
vn 0.967090 0.254433 0.000000
vn 0.989936 0.141517 0.000000
vn 0.999058 0.043397 0.000000
vn 0.985088 -0.172050 -0.000000
vn 0.806435 -0.591322 -0.000000
vn 0.440707 -0.897651 -0.000000
vn 0.116104 -0.993237 -0.000000
vn 0.000000 -1.000000 -0.000000
vn 0.998868 -0.047576 -0.000000
vn 0.948642 0.316351 0.000000
vn 0.633288 0.773917 0.000000
vn 0.174259 0.984700 0.000000
vn 0.000000 1.000000 0.000000
vn -0.148748 0.988875 0.000000
vn -0.600033 0.799976 0.000000
vn -0.966210 0.257758 0.000000
vn -0.982334 -0.187138 -0.000000
vn -0.955841 -0.293885 -0.000000
vn -0.952045 -0.305959 -0.000000
vn -0.876298 -0.481770 -0.000000
vn -0.677820 -0.735228 -0.000000
vn -0.258337 -0.966055 -0.000000
vn 0.258349 -0.966052 -0.000000
vn 0.677820 -0.735228 -0.000000
vn 0.876284 -0.481795 -0.000000
vn 0.952045 -0.305959 -0.000000
vn 0.956639 -0.291275 -0.000000
vn 0.053094 0.998590 0.000000
vn 0.167532 0.985867 0.000000
vn 0.290006 0.957025 0.000000
vn 0.415003 0.909820 0.000000
vn 0.534911 0.844909 0.000000
vn 0.648923 0.760854 0.000000
vn 0.752056 0.659100 0.000000
vn 0.837932 0.545775 0.000000
vn 0.904948 0.425522 0.000000
vn 0.954381 0.298591 0.000000
vn 0.984914 0.173044 0.000000
vn 0.998489 0.054954 0.000000
vn 0.998382 -0.056868 -0.000000
vn 0.983906 -0.178688 -0.000000
vn 0.951597 -0.307349 -0.000000
vn 0.899906 -0.436084 -0.000000
vn 0.829690 -0.558224 -0.000000
vn 0.739574 -0.673075 -0.000000
vn 0.632833 -0.774289 -0.000000
vn 0.516872 -0.856062 -0.000000
vn 0.397954 -0.917405 -0.000000
vn 0.276881 -0.960904 -0.000000
vn 0.159460 -0.987204 -0.000000
vn 0.050502 -0.998724 -0.000000
vn 0.000000 -1.000000 -0.000000
vn 0.141134 -0.989991 -0.000000
vn 0.514946 -0.857223 -0.000000
vn 0.857466 -0.514541 -0.000000
vn 0.989949 -0.141427 -0.000000
vn 1.000000 0.000000 -0.000000
vn 0.995894 -0.090533 -0.000000
vn 0.958966 -0.283522 -0.000000
vn 0.880358 -0.474309 -0.000000
vn 0.769262 -0.638934 -0.000000
vn 0.639023 -0.769188 -0.000000
vn 0.474364 -0.880329 -0.000000
vn 0.283451 -0.958987 -0.000000
vn 0.090475 -0.995899 -0.000000
vn 0.000000 -1.000000 -0.000000
vn -0.090475 -0.995899 -0.000000
vn -0.283453 -0.958986 -0.000000
vn -0.474367 -0.880327 -0.000000
vn -0.639020 -0.769190 -0.000000
vn -0.769259 -0.638937 -0.000000
vn -0.880358 -0.474309 -0.000000
vn -0.958967 -0.283517 -0.000000
vn -0.995893 -0.090538 -0.000000
vn -1.000000 0.000000 -0.000000
vn -0.995893 0.090538 0.000000
vn -0.958914 0.283697 0.000000
vn -0.880507 0.474033 0.000000
vn -0.769259 0.638937 0.000000
vn -0.639025 0.769186 0.000000
vn -0.473853 0.880604 0.000000
vn -0.283453 0.958986 0.000000
vn -0.090474 0.995899 0.000000
vn 0.000000 1.000000 0.000000
vn -0.077055 0.997027 0.000000
vn -0.250406 0.968141 0.000000
vn -0.437864 0.899041 0.000000
vn -0.616791 0.787127 0.000000
vn -0.766516 0.642226 0.000000
vn -0.886535 0.462662 0.000000
vn -0.963557 0.267503 0.000000
vn -0.996564 0.082825 0.000000
vn -0.996706 -0.081097 -0.000000
vn -0.965155 -0.261680 -0.000000
vn -0.891487 -0.453046 -0.000000
vn -0.776018 -0.630711 -0.000000
vn -0.629281 -0.777178 -0.000000
vn -0.449524 -0.893268 -0.000000
vn -0.258163 -0.966102 -0.000000
vn -0.079679 -0.996821 -0.000000
vn 0.000000 -1.000000 -0.000000
vn 0.141812 -0.989894 -0.000000
vn 0.514329 -0.857593 -0.000000
vn 0.857466 -0.514541 -0.000000
vn 0.989949 -0.141427 -0.000000
vn 1.000000 0.000000 -0.000000
vn 0.989949 0.141422 0.000000
vn 0.857466 0.514541 0.000000
vn 0.514946 0.857223 0.000000
vn 0.141133 0.989991 0.000000
vn 0.000000 1.000000 0.000000
vn 0.995891 -0.090557 -0.000000
vn 0.958908 -0.283716 -0.000000
vn 0.880503 -0.474041 -0.000000
vn 0.769279 -0.638913 -0.000000
vn 0.639015 -0.769194 -0.000000
vn 0.473853 -0.880604 -0.000000
vn 0.283447 -0.958988 -0.000000
vn 0.091103 -0.995842 -0.000000
vn 0.000000 -1.000000 -0.000000
vn 0.141134 -0.989991 -0.000000
vn 0.514326 -0.857595 -0.000000
vn 0.857463 -0.514546 -0.000000
vn 0.989952 -0.141406 -0.000000
vn 1.000000 0.000000 -0.000000
vn 0.989949 0.141427 0.000000
vn 0.857463 0.514546 0.000000
vn 0.514326 0.857595 0.000000
vn 0.141815 0.989893 0.000000
vn 0.000000 1.000000 0.000000
vn 0.090477 0.995899 0.000000
vn 0.283453 0.958986 0.000000
vn 0.473853 0.880604 0.000000
vn 0.639015 0.769194 0.000000
vn 0.769269 0.638925 0.000000
vn 0.880503 0.474041 0.000000
vn 0.958908 0.283716 0.000000
vn 0.995893 0.090538 0.000000
vn 1.000000 0.000000 -0.000000
vn 0.995893 -0.090538 -0.000000
vn 0.958962 -0.283536 -0.000000
vn 0.880503 -0.474041 -0.000000
vn 0.769269 -0.638925 -0.000000
vn 0.638638 -0.769507 -0.000000
vn 0.474367 -0.880327 -0.000000
vn 0.283453 -0.958986 -0.000000
vn 0.090477 -0.995899 -0.000000
vn 0.000000 -1.000000 -0.000000
vn 0.141812 -0.989894 -0.000000
vn 0.514326 -0.857595 -0.000000
vn 0.857463 -0.514546 -0.000000
vn 0.989952 -0.141406 -0.000000
vn 1.000000 0.000000 -0.000000
vn 0.989949 0.141427 0.000000
vn 0.857685 0.514176 0.000000
vn 0.514326 0.857595 0.000000
vn 0.141137 0.989990 0.000000
vn 0.000000 1.000000 0.000000
vn 0.090475 0.995899 0.000000
vn 0.284055 0.958808 0.000000
vn 0.473853 0.880604 0.000000
vn 0.639015 0.769194 0.000000
vn 0.769259 0.638937 0.000000
vn 0.880503 0.474041 0.000000
vn 0.958908 0.283716 0.000000
vn 0.995895 0.090518 0.000000
vn 1.000000 0.000000 -0.000000
vn 0.995891 -0.090557 -0.000000
vn 0.958962 -0.283536 -0.000000
vn 0.880354 -0.474317 -0.000000
vn 0.769279 -0.638913 -0.000000
vn 0.639015 -0.769194 -0.000000
vn 0.474367 -0.880327 -0.000000
vn 0.283447 -0.958988 -0.000000
vn 0.090475 -0.995899 -0.000000
vn 0.000000 -1.000000 -0.000000
vn -0.090475 -0.995899 -0.000000
vn -0.283453 -0.958986 -0.000000
vn -0.474367 -0.880327 -0.000000
vn -0.639020 -0.769190 -0.000000
vn -0.769259 -0.638937 -0.000000
vn -0.880358 -0.474309 -0.000000
vn -0.958964 -0.283526 -0.000000
vn -0.995893 -0.090538 -0.000000
vn -1.000000 0.000000 -0.000000
vn -0.995893 0.090538 0.000000
vn -0.958964 0.283526 0.000000
vn -0.880507 0.474033 0.000000
vn -0.769259 0.638937 0.000000
vn -0.638648 0.769499 0.000000
vn -0.474367 0.880327 0.000000
vn -0.283453 0.958986 0.000000
vn -0.090474 0.995899 0.000000
vn 0.000000 1.000000 0.000000
vn 0.090475 0.995899 0.000000
vn 0.283447 0.958988 0.000000
vn 0.474367 0.880327 0.000000
vn 0.638638 0.769507 0.000000
vn 0.769259 0.638937 0.000000
vn 0.880503 0.474041 0.000000
vn 0.958962 0.283536 0.000000
vn 0.995895 0.090518 0.000000
vn 1.000000 0.000000 -0.000000
vn -0.135767 -0.990741 -0.000000
vn -0.453080 -0.891470 -0.000000
vn -0.743418 -0.668827 -0.000000
vn -0.914359 -0.404904 -0.000000
vn -0.955584 -0.294717 -0.000000
vn -0.854826 -0.518915 -0.000000
vn -0.725127 -0.688616 -0.000000
vn -0.496438 -0.868072 -0.000000
vn -0.170799 -0.985306 -0.000000
vn 0.000000 -1.000000 -0.000000
vn 0.170788 -0.985308 -0.000000
vn 0.496411 -0.868088 -0.000000
vn 0.725127 -0.688616 -0.000000
vn 0.854847 -0.518881 -0.000000
vn 0.955584 -0.294717 -0.000000
vn 0.914359 -0.404904 -0.000000
vn 0.743418 -0.668827 -0.000000
vn 0.453089 -0.891465 -0.000000
vn 0.135767 -0.990741 -0.000000
vn 0.000000 -1.000000 -0.000000
vn -0.077492 -0.996993 -0.000000
vn -0.259811 -0.965660 -0.000000
vn -0.468769 -0.883321 -0.000000
vn -0.672093 -0.740467 -0.000000
vn -0.856136 -0.516750 -0.000000
vn -0.973749 -0.227623 -0.000000
vn -0.999759 0.021959 0.000000
vn -0.978737 0.205120 0.000000
vn -0.952146 0.305644 0.000000
vn -0.914352 0.404921 0.000000
vn -0.743256 0.669007 0.000000
vn -0.453089 0.891465 0.000000
vn -0.135767 0.990741 0.000000
vn 0.000000 1.000000 0.000000
vn 0.135767 0.990741 0.000000
vn 0.453080 0.891470 0.000000
vn 0.743256 0.669007 0.000000
vn 0.914359 0.404904 0.000000
vn 0.951735 0.306920 0.000000
vn 0.924673 0.380762 0.000000
vn 0.967086 0.254451 0.000000
vn 0.989941 0.141482 0.000000
vn 0.999058 0.043397 0.000000
vn 0.985087 -0.172056 -0.000000
vn 0.806435 -0.591322 -0.000000
vn 0.440715 -0.897647 -0.000000
vn 0.116104 -0.993237 -0.000000
vn 0.000000 -1.000000 -0.000000
vn 0.998868 -0.047558 -0.000000
vn 0.948635 0.316373 0.000000
vn 0.633288 0.773917 0.000000
vn 0.174263 0.984699 0.000000
vn 0.000000 1.000000 0.000000
vn -0.148745 0.988876 0.000000
vn -0.600033 0.799976 0.000000
vn -0.966210 0.257758 0.000000
vn -0.982330 -0.187155 -0.000000
vn -0.955841 -0.293885 -0.000000
vn -0.952037 -0.305982 -0.000000
vn -0.876284 -0.481795 -0.000000
vn -0.677820 -0.735228 -0.000000
vn -0.258373 -0.966045 -0.000000
vn 0.258349 -0.966052 -0.000000
vn 0.677820 -0.735228 -0.000000
vn 0.876284 -0.481795 -0.000000
vn 0.952037 -0.305982 -0.000000
vn 0.956639 -0.291275 -0.000000
vn -0.050343 -0.998732 -0.000000
vn -0.158774 -0.987315 -0.000000
vn -0.275001 -0.961444 -0.000000
vn -0.394364 -0.918954 -0.000000
vn -0.511855 -0.859072 -0.000000
vn -0.627092 -0.778945 -0.000000
vn -0.733479 -0.679713 -0.000000
vn -0.823950 -0.566662 -0.000000
vn -0.895840 -0.444377 -0.000000
vn -0.949670 -0.313251 -0.000000
vn -0.983295 -0.182018 -0.000000
vn -0.998325 -0.057860 -0.000000
vn -1.000000 0.000000 -0.000000
vn -0.995891 0.090557 0.000000
vn -0.958973 0.283498 0.000000
vn -0.880503 0.474041 0.000000
vn -0.769279 0.638913 0.000000
vn -0.638638 0.769507 0.000000
vn -0.474367 0.880327 0.000000
vn -0.283458 0.958985 0.000000
vn -0.090472 0.995899 0.000000
vn 0.000000 1.000000 0.000000
vn 0.090472 0.995899 0.000000
vn 0.283458 0.958985 0.000000
vn 0.474367 0.880327 0.000000
vn 0.638638 0.769507 0.000000
vn 0.769279 0.638913 0.000000
vn 0.880503 0.474041 0.000000
vn 0.958973 0.283498 0.000000
vn 0.995891 0.090557 0.000000
vn 1.000000 0.000000 -0.000000
vn 0.996637 0.081947 0.000000
vn 0.964598 0.263726 0.000000
vn 0.890455 0.455072 0.000000
vn 0.775380 0.631495 0.000000
vn 0.629123 0.777306 0.000000
vn 0.449169 0.893447 0.000000
vn 0.257795 0.966200 0.000000
vn 0.079503 0.996835 0.000000
vn -0.079502 0.996835 0.000000
vn -0.257795 0.966200 0.000000
vn -0.449169 0.893447 0.000000
vn -0.629123 0.777306 0.000000
vn -0.775384 0.631490 0.000000
vn -0.890455 0.455072 0.000000
vn -0.964598 0.263726 0.000000
vn -0.996637 0.081947 0.000000
vn -1.000000 0.000000 -0.000000
vn -0.995891 0.090557 0.000000
vn -0.958973 0.283498 0.000000
vn -0.880503 0.474041 0.000000
vn -0.769279 0.638913 0.000000
vn -0.638638 0.769507 0.000000
vn -0.474367 0.880327 0.000000
vn -0.283458 0.958985 0.000000
vn -0.090464 0.995900 0.000000
vn 0.000000 1.000000 0.000000
vn 0.090472 0.995899 0.000000
vn 0.283458 0.958985 0.000000
vn 0.474367 0.880327 0.000000
vn 0.638638 0.769507 0.000000
vn 0.769240 0.638960 0.000000
vn 0.880503 0.474041 0.000000
vn 0.958950 0.283574 0.000000
vn 0.995898 0.090479 0.000000
vn 1.000000 0.000000 -0.000000
vn 0.998377 -0.056942 -0.000000
vn 0.983809 -0.179220 -0.000000
vn 0.951142 -0.308754 -0.000000
vn 0.898634 -0.438699 -0.000000
vn 0.827290 -0.561776 -0.000000
vn 0.736062 -0.676914 -0.000000
vn 0.628596 -0.777732 -0.000000
vn 0.512292 -0.858811 -0.000000
vn 0.393659 -0.919257 -0.000000
vn 0.273505 -0.961870 -0.000000
vn 0.157356 -0.987542 -0.000000
vn 0.049739 -0.998762 -0.000000
vn 0.000000 0.000000 -1.000000
vn 0.000000 -0.000000 1.000000
vn -1.000000 0.000000 -0.000000
vn 0.000000 -1.000000 -0.000000
vn 1.000000 0.000000 -0.000000
vn 0.000000 1.000000 0.000000
vn -0.000000 0.000000 1.000000
vn -0.000000 -0.000000 -1.000000
vn -0.124035 0.992278 0.000000
vn 0.358979 0.933346 0.000000
vn 0.998460 -0.055470 -0.000000
vn -0.347314 -0.937749 -0.000000
vn 0.202606 -0.979261 -0.000000
vn -1.000000 0.000000 -0.000000
vn -0.090536 -0.995893 -0.000000
vn -0.283629 -0.958934 -0.000000
vn -0.474100 -0.880471 -0.000000
vn -0.638899 -0.769291 -0.000000
vn -0.769289 -0.638901 -0.000000
vn -0.880472 -0.474099 -0.000000
vn -0.958935 -0.283626 -0.000000
vn -0.995893 -0.090541 -0.000000
vn -1.000000 0.000000 -0.000000
vn -0.995893 0.090539 0.000000
vn -0.958935 0.283624 0.000000
vn -0.880474 0.474095 0.000000
vn -0.769287 0.638904 0.000000
vn -0.638899 0.769290 0.000000
vn -0.474092 0.880476 0.000000
vn -0.283627 0.958935 0.000000
vn -0.090540 0.995893 0.000000
vn 0.000000 1.000000 0.000000
vn 0.045326 0.998972 0.000000
vn 0.143565 0.989641 0.000000
vn 0.250545 0.968105 0.000000
vn 0.363146 0.931732 0.000000
vn 0.477566 0.878596 0.000000
vn 0.593697 0.804689 0.000000
vn 0.704812 0.709395 0.000000
vn 0.802603 0.596514 0.000000
vn 0.882511 0.470292 0.000000
vn 0.943136 0.332408 0.000000
vn 0.981164 0.193177 0.000000
vn 0.998121 0.061279 0.000000
vn 1.000000 0.000000 -0.000000
vn 0.998121 -0.061279 -0.000000
vn 0.981164 -0.193177 -0.000000
vn 0.943136 -0.332408 -0.000000
vn 0.882511 -0.470292 -0.000000
vn 0.802602 -0.596514 -0.000000
vn 0.704811 -0.709395 -0.000000
vn 0.593697 -0.804689 -0.000000
vn 0.477567 -0.878595 -0.000000
vn 0.363147 -0.931732 -0.000000
vn 0.250545 -0.968105 -0.000000
vn 0.143565 -0.989641 -0.000000
vn 0.045325 -0.998972 -0.000000
vn 0.000000 -1.000000 -0.000000
vn 0.989950 0.141421 0.000000
vn 0.857492 0.514497 0.000000
vn 0.514491 0.857496 0.000000
vn 0.141420 0.989950 0.000000
vn 0.000000 1.000000 0.000000
vn -0.082943 0.996554 0.000000
vn -0.269232 0.963075 0.000000
vn -0.467759 0.883856 0.000000
vn -0.650906 0.759159 0.000000
vn -0.795211 0.606332 0.000000
vn -0.902089 0.431551 0.000000
vn -0.967469 0.252991 0.000000
vn -0.995931 0.090114 0.000000
vn -1.000000 0.000000 -0.000000
vn -0.997274 -0.073787 -0.000000
vn -0.970364 -0.241647 -0.000000
vn -0.904091 -0.427340 -0.000000
vn -0.792927 -0.609316 -0.000000
vn -0.644771 -0.764376 -0.000000
vn -0.461483 -0.887149 -0.000000
vn -0.264790 -0.964306 -0.000000
vn -0.081435 -0.996679 -0.000000
vn 0.000000 -1.000000 -0.000000
vn 0.141434 -0.989948 -0.000000
vn 0.514495 -0.857494 -0.000000
vn 0.857489 -0.514503 -0.000000
vn 0.989950 -0.141421 -0.000000
vn 1.000000 0.000000 -0.000000
vn -0.090479 -0.995898 -0.000000
vn -0.283458 -0.958985 -0.000000
vn -0.474367 -0.880327 -0.000000
vn -0.639015 -0.769194 -0.000000
vn -0.769279 -0.638913 -0.000000
vn -0.880354 -0.474317 -0.000000
vn -0.958973 -0.283498 -0.000000
vn -0.995891 -0.090557 -0.000000
vn -1.000000 0.000000 -0.000000
vn -0.995891 0.090557 0.000000
vn -0.958973 0.283498 0.000000
vn -0.880503 0.474041 0.000000
vn -0.769279 0.638913 0.000000
vn -0.638638 0.769507 0.000000
vn -0.474367 0.880327 0.000000
vn -0.283458 0.958985 0.000000
vn -0.090479 0.995898 0.000000
vn 0.000000 1.000000 0.000000
vn 0.045320 0.998973 0.000000
vn 0.143548 0.989643 0.000000
vn 0.250563 0.968100 0.000000
vn 0.363157 0.931728 0.000000
vn 0.477567 0.878596 0.000000
vn 0.593694 0.804691 0.000000
vn 0.704808 0.709398 0.000000
vn 0.802600 0.596517 0.000000
vn 0.882511 0.470291 0.000000
vn 0.943134 0.332412 0.000000
vn 0.981165 0.193171 0.000000
vn 0.998121 0.061281 0.000000
vn 1.000000 0.000000 -0.000000
vn 0.998121 -0.061281 -0.000000
vn 0.981165 -0.193171 -0.000000
vn 0.943134 -0.332412 -0.000000
vn 0.882511 -0.470291 -0.000000
vn 0.802600 -0.596517 -0.000000
vn 0.704808 -0.709398 -0.000000
vn 0.593694 -0.804691 -0.000000
vn 0.477567 -0.878596 -0.000000
vn 0.363155 -0.931729 -0.000000
vn 0.250563 -0.968100 -0.000000
vn 0.143548 -0.989643 -0.000000
vn 0.045320 -0.998973 -0.000000
vn 0.000000 -1.000000 -0.000000
vn 0.989943 0.141470 0.000000
vn 0.857696 0.514157 0.000000
vn 0.514326 0.857595 0.000000
vn 0.141131 0.989991 0.000000
vn 0.000000 1.000000 0.000000
vn -0.082905 0.996558 0.000000
vn -0.269237 0.963074 0.000000
vn -0.467803 0.883833 0.000000
vn -0.650882 0.759179 0.000000
vn -0.795210 0.606334 0.000000
vn -0.902091 0.431546 0.000000
vn -0.967470 0.252984 0.000000
vn -0.995931 0.090120 0.000000
vn -1.000000 0.000000 -0.000000
vn -0.997274 -0.073789 -0.000000
vn -0.970365 -0.241645 -0.000000
vn -0.904087 -0.427349 -0.000000
vn -0.792928 -0.609316 -0.000000
vn -0.644786 -0.764363 -0.000000
vn -0.461469 -0.887156 -0.000000
vn -0.264793 -0.964305 -0.000000
vn -0.081399 -0.996682 -0.000000
vn 0.000000 -1.000000 -0.000000
vn 0.141131 -0.989991 -0.000000
vn 0.514326 -0.857595 -0.000000
vn 0.857474 -0.514527 -0.000000
vn 0.989943 -0.141470 -0.000000
vn 1.000000 0.000000 -0.000000
vn -0.120745 -0.992683 -0.000000
vn -0.399298 -0.916821 -0.000000
vn -0.669000 -0.743263 -0.000000
vn -0.856225 -0.516603 -0.000000
vn -0.909065 -0.416654 -0.000000
vn -0.841223 -0.540688 -0.000000
vn -0.672345 -0.740238 -0.000000
vn -0.419329 -0.907834 -0.000000
vn -0.131740 -0.991284 -0.000000
vn 0.000000 -1.000000 -0.000000
vn 0.141131 -0.989991 -0.000000
vn 0.514326 -0.857595 -0.000000
vn 0.857474 -0.514527 -0.000000
vn 0.989949 -0.141427 -0.000000
vn 1.000000 0.000000 -0.000000
vn 0.995891 -0.090557 -0.000000
vn 0.958962 -0.283536 -0.000000
vn 0.880354 -0.474317 -0.000000
vn 0.769299 -0.638889 -0.000000
vn 0.639015 -0.769194 -0.000000
vn 0.474367 -0.880327 -0.000000
vn 0.283458 -0.958985 -0.000000
vn 0.090475 -0.995899 -0.000000
vn 0.000000 -1.000000 -0.000000
vn -0.090479 -0.995898 -0.000000
vn -0.283458 -0.958985 -0.000000
vn -0.474367 -0.880327 -0.000000
vn -0.638996 -0.769210 -0.000000
vn -0.769279 -0.638913 -0.000000
vn -0.880354 -0.474317 -0.000000
vn -0.958962 -0.283536 -0.000000
vn -0.995895 -0.090518 -0.000000
vn -1.000000 0.000000 -0.000000
vn -0.995891 0.090557 0.000000
vn -0.958962 0.283536 0.000000
vn -0.880503 0.474041 0.000000
vn -0.769299 0.638889 0.000000
vn -0.638638 0.769507 0.000000
vn -0.474367 0.880327 0.000000
vn -0.283458 0.958985 0.000000
vn -0.090475 0.995899 0.000000
vn 0.000000 1.000000 0.000000
vn 0.053691 0.998558 0.000000
vn 0.169072 0.985604 0.000000
vn 0.291763 0.956491 0.000000
vn 0.416175 0.909285 0.000000
vn 0.535331 0.844642 0.000000
vn 0.648980 0.760806 0.000000
vn 0.751839 0.659347 0.000000
vn 0.837506 0.546429 0.000000
vn 0.904285 0.426930 0.000000
vn 0.953757 0.300580 0.000000
vn 0.984614 0.174742 0.000000
vn 0.998451 0.055647 0.000000
vn 0.997777 -0.066646 -0.000000
vn 0.977230 -0.212182 -0.000000
vn 0.930111 -0.367280 -0.000000
vn 0.854335 -0.519722 -0.000000
vn 0.754872 -0.655872 -0.000000
vn 0.632777 -0.774334 -0.000000
vn 0.495554 -0.868577 -0.000000
vn 0.355971 -0.934497 -0.000000
vn 0.132534 -0.991179 -0.000000
vn 0.418625 -0.908159 -0.000000
vn 0.672796 -0.739828 -0.000000
vn 0.840987 -0.541055 -0.000000
vn 0.936300 -0.351202 -0.000000
vn 0.992301 -0.123848 -0.000000
vn 0.992278 0.124035 0.000000
vn 0.936300 0.351202 0.000000
vn 0.899925 0.436045 0.000000
vn 0.906097 0.423070 0.000000
vn 0.933356 0.358953 0.000000
vn 0.964802 0.262976 0.000000
vn 0.993888 0.110394 0.000000
vn 0.981239 -0.192797 -0.000000
vn 0.771492 -0.636239 -0.000000
vn 0.399870 -0.916572 -0.000000
vn 0.103316 -0.994649 -0.000000
vn 0.000000 -1.000000 -0.000000
vn 0.141131 -0.989991 -0.000000
vn 0.514326 -0.857595 -0.000000
vn 0.857474 -0.514527 -0.000000
vn 0.989949 -0.141427 -0.000000
vn 1.000000 0.000000 -0.000000
vn 0.989949 0.141427 0.000000
vn 0.857474 0.514527 0.000000
vn 0.514326 0.857595 0.000000
vn 0.141131 0.989991 0.000000
vn 0.000000 1.000000 0.000000
vn -0.077725 0.996975 0.000000
vn -0.251838 0.967770 0.000000
vn -0.439238 0.898371 0.000000
vn -0.616909 0.787035 0.000000
vn -0.766559 0.642173 0.000000
vn -0.887117 0.461544 0.000000
vn -0.963928 0.266162 0.000000
vn -0.996612 0.082241 0.000000
vn -0.996622 -0.082124 -0.000000
vn -0.964244 -0.265016 -0.000000
vn -0.888763 -0.458367 -0.000000
vn -0.770989 -0.636848 -0.000000
vn -0.623588 -0.781753 -0.000000
vn -0.445351 -0.895356 -0.000000
vn -0.256015 -0.966673 -0.000000
vn -0.079051 -0.996871 -0.000000
vn 0.000000 -1.000000 -0.000000
vn -0.135768 -0.990741 -0.000000
vn -0.453089 -0.891465 -0.000000
vn -0.743418 -0.668827 -0.000000
vn -0.914352 -0.404921 -0.000000
vn -0.955585 -0.294717 -0.000000
vn -0.854836 -0.518898 -0.000000
vn -0.725127 -0.688616 -0.000000
vn -0.496438 -0.868072 -0.000000
vn -0.170788 -0.985308 -0.000000
vn 0.000000 -1.000000 -0.000000
vn 0.170788 -0.985308 -0.000000
vn 0.496425 -0.868080 -0.000000
vn 0.725127 -0.688616 -0.000000
vn 0.854826 -0.518915 -0.000000
vn 0.955585 -0.294716 -0.000000
vn 0.914352 -0.404921 -0.000000
vn 0.743418 -0.668827 -0.000000
vn 0.453089 -0.891465 -0.000000
vn 0.135768 -0.990741 -0.000000
vn 0.000000 -1.000000 -0.000000
vn -0.077492 -0.996993 -0.000000
vn -0.259811 -0.965660 -0.000000
vn -0.468769 -0.883321 -0.000000
vn -0.672113 -0.740448 -0.000000
vn -0.856136 -0.516750 -0.000000
vn -0.973749 -0.227623 -0.000000
vn -0.999759 0.021959 0.000000
vn -0.978743 0.205092 0.000000
vn -0.952146 0.305644 0.000000
vn -0.914348 0.404929 0.000000
vn -0.743256 0.669007 0.000000
vn -0.453089 0.891465 0.000000
vn -0.135768 0.990741 0.000000
vn 0.000000 1.000000 0.000000
vn 0.135768 0.990741 0.000000
vn 0.453085 0.891467 0.000000
vn 0.743256 0.669007 0.000000
vn 0.914352 0.404921 0.000000
vn 0.951735 0.306920 0.000000
vn 0.924673 0.380762 0.000000
vn 0.967090 0.254433 0.000000
vn 0.989936 0.141517 0.000000
vn 0.999058 0.043397 0.000000
vn 0.985088 -0.172050 -0.000000
vn 0.806435 -0.591322 -0.000000
vn 0.440707 -0.897651 -0.000000
vn 0.116104 -0.993237 -0.000000
vn 0.000000 -1.000000 -0.000000
vn 0.998868 -0.047576 -0.000000
vn 0.948642 0.316351 0.000000
vn 0.633288 0.773917 0.000000
vn 0.174259 0.984700 0.000000
vn 0.000000 1.000000 0.000000
vn -0.148748 0.988875 0.000000
vn -0.600033 0.799976 0.000000
vn -0.966210 0.257758 0.000000
vn -0.982334 -0.187138 -0.000000
vn -0.955841 -0.293885 -0.000000
vn -0.952045 -0.305959 -0.000000
vn -0.876298 -0.481770 -0.000000
vn -0.677820 -0.735228 -0.000000
vn -0.258337 -0.966055 -0.000000
vn 0.258349 -0.966052 -0.000000
vn 0.677820 -0.735228 -0.000000
vn 0.876284 -0.481795 -0.000000
vn 0.952045 -0.305959 -0.000000
vn 0.956639 -0.291275 -0.000000
vn 0.053094 0.998590 0.000000
vn 0.167532 0.985867 0.000000
vn 0.290006 0.957025 0.000000
vn 0.415003 0.909820 0.000000
vn 0.534911 0.844909 0.000000
vn 0.648923 0.760854 0.000000
vn 0.752056 0.659100 0.000000
vn 0.837932 0.545775 0.000000
vn 0.904948 0.425522 0.000000
vn 0.954381 0.298591 0.000000
vn 0.984914 0.173044 0.000000
vn 0.998489 0.054954 0.000000
vn 0.998382 -0.056868 -0.000000
vn 0.983906 -0.178688 -0.000000
vn 0.951597 -0.307349 -0.000000
vn 0.899906 -0.436084 -0.000000
vn 0.829690 -0.558224 -0.000000
vn 0.739574 -0.673075 -0.000000
vn 0.632833 -0.774289 -0.000000
vn 0.516872 -0.856062 -0.000000
vn 0.397954 -0.917405 -0.000000
vn 0.276881 -0.960904 -0.000000
vn 0.159460 -0.987204 -0.000000
vn 0.050502 -0.998724 -0.000000
vn 0.000000 -1.000000 -0.000000
vn 0.141134 -0.989991 -0.000000
vn 0.514946 -0.857223 -0.000000
vn 0.857466 -0.514541 -0.000000
vn 0.989949 -0.141427 -0.000000
vn 1.000000 0.000000 -0.000000
vn 0.995894 -0.090533 -0.000000
vn 0.958966 -0.283522 -0.000000
vn 0.880358 -0.474309 -0.000000
vn 0.769262 -0.638934 -0.000000
vn 0.639023 -0.769188 -0.000000
vn 0.474364 -0.880329 -0.000000
vn 0.283451 -0.958987 -0.000000
vn 0.090475 -0.995899 -0.000000
vn 0.000000 -1.000000 -0.000000
vn -0.090475 -0.995899 -0.000000
vn -0.283453 -0.958986 -0.000000
vn -0.474367 -0.880327 -0.000000
vn -0.639020 -0.769190 -0.000000
vn -0.769259 -0.638937 -0.000000
vn -0.880358 -0.474309 -0.000000
vn -0.958967 -0.283517 -0.000000
vn -0.995893 -0.090538 -0.000000
vn -1.000000 0.000000 -0.000000
vn -0.995893 0.090538 0.000000
vn -0.958914 0.283697 0.000000
vn -0.880507 0.474033 0.000000
vn -0.769259 0.638937 0.000000
vn -0.639025 0.769186 0.000000
vn -0.473853 0.880604 0.000000
vn -0.283453 0.958986 0.000000
vn -0.090474 0.995899 0.000000
vn 0.000000 1.000000 0.000000
vn -0.077055 0.997027 0.000000
vn -0.250406 0.968141 0.000000
vn -0.437864 0.899041 0.000000
vn -0.616791 0.787127 0.000000
vn -0.766516 0.642226 0.000000
vn -0.886535 0.462662 0.000000
vn -0.963557 0.267503 0.000000
vn -0.996564 0.082825 0.000000
vn -0.996706 -0.081097 -0.000000
vn -0.965155 -0.261680 -0.000000
vn -0.891487 -0.453046 -0.000000
vn -0.776018 -0.630711 -0.000000
vn -0.629281 -0.777178 -0.000000
vn -0.449524 -0.893268 -0.000000
vn -0.258163 -0.966102 -0.000000
vn -0.079679 -0.996821 -0.000000
vn 0.000000 -1.000000 -0.000000
vn 0.141812 -0.989894 -0.000000
vn 0.514329 -0.857593 -0.000000
vn 0.857466 -0.514541 -0.000000
vn 0.989949 -0.141427 -0.000000
vn 1.000000 0.000000 -0.000000
vn 0.989949 0.141422 0.000000
vn 0.857466 0.514541 0.000000
vn 0.514946 0.857223 0.000000
vn 0.141133 0.989991 0.000000
vn 0.000000 1.000000 0.000000
vn 0.995891 -0.090557 -0.000000
vn 0.958908 -0.283716 -0.000000
vn 0.880503 -0.474041 -0.000000
vn 0.769279 -0.638913 -0.000000
vn 0.639015 -0.769194 -0.000000
vn 0.473853 -0.880604 -0.000000
vn 0.283447 -0.958988 -0.000000
vn 0.091103 -0.995842 -0.000000
vn 0.000000 -1.000000 -0.000000
vn 0.141134 -0.989991 -0.000000
vn 0.514326 -0.857595 -0.000000
vn 0.857463 -0.514546 -0.000000
vn 0.989952 -0.141406 -0.000000
vn 1.000000 0.000000 -0.000000
vn 0.989949 0.141427 0.000000
vn 0.857463 0.514546 0.000000
vn 0.514326 0.857595 0.000000
vn 0.141815 0.989893 0.000000
vn 0.000000 1.000000 0.000000
vn 0.090477 0.995899 0.000000
vn 0.283453 0.958986 0.000000
vn 0.473853 0.880604 0.000000
vn 0.639015 0.769194 0.000000
vn 0.769269 0.638925 0.000000
vn 0.880503 0.474041 0.000000
vn 0.958908 0.283716 0.000000
vn 0.995893 0.090538 0.000000
vn 1.000000 0.000000 -0.000000
vn 0.995893 -0.090538 -0.000000
vn 0.958962 -0.283536 -0.000000
vn 0.880503 -0.474041 -0.000000
vn 0.769269 -0.638925 -0.000000
vn 0.638638 -0.769507 -0.000000
vn 0.474367 -0.880327 -0.000000
vn 0.283453 -0.958986 -0.000000
vn 0.090477 -0.995899 -0.000000
vn 0.000000 -1.000000 -0.000000
vn 0.141812 -0.989894 -0.000000
vn 0.514326 -0.857595 -0.000000
vn 0.857463 -0.514546 -0.000000
vn 0.989952 -0.141406 -0.000000
vn 1.000000 0.000000 -0.000000
vn 0.989949 0.141427 0.000000
vn 0.857685 0.514176 0.000000
vn 0.514326 0.857595 0.000000
vn 0.141137 0.989990 0.000000
vn 0.000000 1.000000 0.000000
vn 0.090475 0.995899 0.000000
vn 0.284055 0.958808 0.000000
vn 0.473853 0.880604 0.000000
vn 0.639015 0.769194 0.000000
vn 0.769259 0.638937 0.000000
vn 0.880503 0.474041 0.000000
vn 0.958908 0.283716 0.000000
vn 0.995895 0.090518 0.000000
vn 1.000000 0.000000 -0.000000
vn 0.995891 -0.090557 -0.000000
vn 0.958962 -0.283536 -0.000000
vn 0.880354 -0.474317 -0.000000
vn 0.769279 -0.638913 -0.000000
vn 0.639015 -0.769194 -0.000000
vn 0.474367 -0.880327 -0.000000
vn 0.283447 -0.958988 -0.000000
vn 0.090475 -0.995899 -0.000000
vn 0.000000 -1.000000 -0.000000
vn -0.090475 -0.995899 -0.000000
vn -0.283453 -0.958986 -0.000000
vn -0.474367 -0.880327 -0.000000
vn -0.639020 -0.769190 -0.000000
vn -0.769259 -0.638937 -0.000000
vn -0.880358 -0.474309 -0.000000
vn -0.958964 -0.283526 -0.000000
vn -0.995893 -0.090538 -0.000000
vn -1.000000 0.000000 -0.000000
vn -0.995893 0.090538 0.000000
vn -0.958964 0.283526 0.000000
vn -0.880507 0.474033 0.000000
vn -0.769259 0.638937 0.000000
vn -0.638648 0.769499 0.000000
vn -0.474367 0.880327 0.000000
vn -0.283453 0.958986 0.000000
vn -0.090474 0.995899 0.000000
vn 0.000000 1.000000 0.000000
vn 0.090475 0.995899 0.000000
vn 0.283447 0.958988 0.000000
vn 0.474367 0.880327 0.000000
vn 0.638638 0.769507 0.000000
vn 0.769259 0.638937 0.000000
vn 0.880503 0.474041 0.000000
vn 0.958962 0.283536 0.000000
vn 0.995895 0.090518 0.000000
vn 1.000000 0.000000 -0.000000
vn -0.135767 -0.990741 -0.000000
vn -0.453080 -0.891470 -0.000000
vn -0.743418 -0.668827 -0.000000
vn -0.914359 -0.404904 -0.000000
vn -0.955584 -0.294717 -0.000000
vn -0.854826 -0.518915 -0.000000
vn -0.725127 -0.688616 -0.000000
vn -0.496438 -0.868072 -0.000000
vn -0.170799 -0.985306 -0.000000
vn 0.000000 -1.000000 -0.000000
vn 0.170788 -0.985308 -0.000000
vn 0.496411 -0.868088 -0.000000
vn 0.725127 -0.688616 -0.000000
vn 0.854847 -0.518881 -0.000000
vn 0.955584 -0.294717 -0.000000
vn 0.914359 -0.404904 -0.000000
vn 0.743418 -0.668827 -0.000000
vn 0.453089 -0.891465 -0.000000
vn 0.135767 -0.990741 -0.000000
vn 0.000000 -1.000000 -0.000000
vn -0.077492 -0.996993 -0.000000
vn -0.259811 -0.965660 -0.000000
vn -0.468769 -0.883321 -0.000000
vn -0.672093 -0.740467 -0.000000
vn -0.856136 -0.516750 -0.000000
vn -0.973749 -0.227623 -0.000000
vn -0.999759 0.021959 0.000000
vn -0.978737 0.205120 0.000000
vn -0.952146 0.305644 0.000000
vn -0.914352 0.404921 0.000000
vn -0.743256 0.669007 0.000000
vn -0.453089 0.891465 0.000000
vn -0.135767 0.990741 0.000000
vn 0.000000 1.000000 0.000000
vn 0.135767 0.990741 0.000000
vn 0.453080 0.891470 0.000000
vn 0.743256 0.669007 0.000000
vn 0.914359 0.404904 0.000000
vn 0.951735 0.306920 0.000000
vn 0.924673 0.380762 0.000000
vn 0.967086 0.254451 0.000000
vn 0.989941 0.141482 0.000000
vn 0.999058 0.043397 0.000000
vn 0.985087 -0.172056 -0.000000
vn 0.806435 -0.591322 -0.000000
vn 0.440715 -0.897647 -0.000000
vn 0.116104 -0.993237 -0.000000
vn 0.000000 -1.000000 -0.000000
vn 0.998868 -0.047558 -0.000000
vn 0.948635 0.316373 0.000000
vn 0.633288 0.773917 0.000000
vn 0.174263 0.984699 0.000000
vn 0.000000 1.000000 0.000000
vn -0.148745 0.988876 0.000000
vn -0.600033 0.799976 0.000000
vn -0.966210 0.257758 0.000000
vn -0.982330 -0.187155 -0.000000
vn -0.955841 -0.293885 -0.000000
vn -0.952037 -0.305982 -0.000000
vn -0.876284 -0.481795 -0.000000
vn -0.677820 -0.735228 -0.000000
vn -0.258373 -0.966045 -0.000000
vn 0.258349 -0.966052 -0.000000
vn 0.677820 -0.735228 -0.000000
vn 0.876284 -0.481795 -0.000000
vn 0.952037 -0.305982 -0.000000
vn 0.956639 -0.291275 -0.000000
vn -0.050343 -0.998732 -0.000000
vn -0.158774 -0.987315 -0.000000
vn -0.275001 -0.961444 -0.000000
vn -0.394364 -0.918954 -0.000000
vn -0.511855 -0.859072 -0.000000
vn -0.627092 -0.778945 -0.000000
vn -0.733479 -0.679713 -0.000000
vn -0.823950 -0.566662 -0.000000
vn -0.895840 -0.444377 -0.000000
vn -0.949670 -0.313251 -0.000000
vn -0.983295 -0.182018 -0.000000
vn -0.998325 -0.057860 -0.000000
vn -1.000000 0.000000 -0.000000
vn -0.995891 0.090557 0.000000
vn -0.958973 0.283498 0.000000
vn -0.880503 0.474041 0.000000
vn -0.769279 0.638913 0.000000
vn -0.638638 0.769507 0.000000
vn -0.474367 0.880327 0.000000
vn -0.283458 0.958985 0.000000
vn -0.090472 0.995899 0.000000
vn 0.000000 1.000000 0.000000
vn 0.090472 0.995899 0.000000
vn 0.283458 0.958985 0.000000
vn 0.474367 0.880327 0.000000
vn 0.638638 0.769507 0.000000
vn 0.769279 0.638913 0.000000
vn 0.880503 0.474041 0.000000
vn 0.958973 0.283498 0.000000
vn 0.995891 0.090557 0.000000
vn 1.000000 0.000000 -0.000000
vn 0.996637 0.081947 0.000000
vn 0.964598 0.263726 0.000000
vn 0.890455 0.455072 0.000000
vn 0.775380 0.631495 0.000000
vn 0.629123 0.777306 0.000000
vn 0.449169 0.893447 0.000000
vn 0.257795 0.966200 0.000000
vn 0.079503 0.996835 0.000000
vn -0.079502 0.996835 0.000000
vn -0.257795 0.966200 0.000000
vn -0.449169 0.893447 0.000000
vn -0.629123 0.777306 0.000000
vn -0.775384 0.631490 0.000000
vn -0.890455 0.455072 0.000000
vn -0.964598 0.263726 0.000000
vn -0.996637 0.081947 0.000000
vn -1.000000 0.000000 -0.000000
vn -0.995891 0.090557 0.000000
vn -0.958973 0.283498 0.000000
vn -0.880503 0.474041 0.000000
vn -0.769279 0.638913 0.000000
vn -0.638638 0.769507 0.000000
vn -0.474367 0.880327 0.000000
vn -0.283458 0.958985 0.000000
vn -0.090464 0.995900 0.000000
vn 0.000000 1.000000 0.000000
vn 0.090472 0.995899 0.000000
vn 0.283458 0.958985 0.000000
vn 0.474367 0.880327 0.000000
vn 0.638638 0.769507 0.000000
vn 0.769240 0.638960 0.000000
vn 0.880503 0.474041 0.000000
vn 0.958950 0.283574 0.000000
vn 0.995898 0.090479 0.000000
vn 1.000000 0.000000 -0.000000
vn 0.998377 -0.056942 -0.000000
vn 0.983809 -0.179220 -0.000000
vn 0.951142 -0.308754 -0.000000
vn 0.898634 -0.438699 -0.000000
vn 0.827290 -0.561776 -0.000000
vn 0.736062 -0.676914 -0.000000
vn 0.628596 -0.777732 -0.000000
vn 0.512292 -0.858811 -0.000000
vn 0.393659 -0.919257 -0.000000
vn 0.273505 -0.961870 -0.000000
vn 0.157356 -0.987542 -0.000000
vn 0.049739 -0.998762 -0.000000
vn 0.000000 0.000000 -1.000000
vn 0.000000 -0.000000 1.000000
vn -1.000000 0.000000 -0.000000
vn 0.000000 -1.000000 -0.000000
vn 1.000000 0.000000 -0.000000
vn 0.000000 1.000000 0.000000
vn -0.000000 0.000000 1.000000
vn 0.000000 0.000000 1.000000
vn 0.000000 0.000000 1.000000
vn 0.000000 -0.000000 -1.000000
vn 0.000000 -0.000000 -1.000000
vn -0.000000 -0.000000 -1.000000
vn -0.124035 0.992278 0.000000
vn 0.358979 0.933346 0.000000
vn 0.998460 -0.055470 -0.000000
vn -0.347314 -0.937749 -0.000000
vn 0.202606 -0.979261 -0.000000
vn -1.000000 0.000000 -0.000000
f 17//1 19//1 18//1
f 17//2 20//2 19//2
f 16//3 20//3 17//3
f 15//4 20//4 16//4
f 15//5 21//5 20//5
f 14//6 21//6 15//6
f 13//7 21//7 14//7
f 12//8 21//8 13//8
f 12//9 22//9 21//9
f 11//10 22//10 12//10
f 10//11 22//11 11//11
f 9//12 71//12 10//12
f 71//13 70//13 10//13
f 70//14 69//14 10//14
f 69//15 22//15 10//15
f 69//16 23//16 22//16
f 69//17 24//17 23//17
f 69//18 25//18 24//18
f 69//19 68//19 25//19
f 68//20 26//20 25//20
f 68//21 27//21 26//21
f 68//22 67//22 27//22
f 67//23 66//23 27//23
f 66//24 28//24 27//24
f 65//25 28//25 66//25
f 9//26 72//26 71//26
f 9//27 45//27 72//27
f 64//28 28//28 65//28
f 63//29 28//29 64//29
f 63//30 29//30 28//30
f 62//31 29//31 63//31
f 62//32 30//32 29//32
f 61//33 30//33 62//33
f 60//34 30//34 61//34
f 60//35 31//35 30//35
f 59//36 31//36 60//36
f 59//37 32//37 31//37
f 58//38 32//38 59//38
f 57//39 32//39 58//39
f 57//40 33//40 32//40
f 56//41 33//41 57//41
f 56//42 34//42 33//42
f 55//43 34//43 56//43
f 54//44 34//44 55//44
f 54//45 35//45 34//45
f 53//46 35//46 54//46
f 53//47 36//47 35//47
f 52//48 36//48 53//48
f 51//49 36//49 52//49
f 9//50 46//50 45//50
f 9//51 47//51 46//51
f 50//52 36//52 51//52
f 9//53 48//53 47//53
f 9//54 49//54 48//54
f 9//55 50//55 49//55
f 9//56 36//56 50//56
f 9//57 37//57 36//57
f 9//58 38//58 37//58
f 9//59 39//59 38//59
f 9//60 40//60 39//60
f 9//61 41//61 40//61
f 9//62 42//62 41//62
f 8//63 42//63 9//63
f 7//64 42//64 8//64
f 6//65 42//65 7//65
f 6//66 43//66 42//66
f 5//67 43//67 6//67
f 4//68 43//68 5//68
f 3//69 43//69 4//69
f 3//70 44//70 43//70
f 2//71 44//71 3//71
f 1//72 44//72 2//72
f 89//73 90//73 91//73
f 89//74 91//74 92//74
f 88//75 89//75 92//75
f 87//76 88//76 92//76
f 87//77 92//77 93//77
f 86//78 87//78 93//78
f 85//79 86//79 93//79
f 84//80 85//80 93//80
f 84//81 93//81 94//81
f 83//82 84//82 94//82
f 82//83 83//83 94//83
f 81//84 82//84 143//84
f 143//85 82//85 142//85
f 142//86 82//86 141//86
f 141//87 82//87 94//87
f 141//88 94//88 95//88
f 141//89 95//89 96//89
f 141//90 96//90 97//90
f 141//91 97//91 140//91
f 140//92 97//92 98//92
f 140//93 98//93 99//93
f 140//94 99//94 139//94
f 139//95 99//95 138//95
f 138//96 99//96 100//96
f 137//97 138//97 100//97
f 81//98 143//98 144//98
f 81//99 144//99 117//99
f 136//100 137//100 100//100
f 135//101 136//101 100//101
f 135//102 100//102 101//102
f 134//103 135//103 101//103
f 134//104 101//104 102//104
f 133//105 134//105 102//105
f 132//106 133//106 102//106
f 132//107 102//107 103//107
f 131//108 132//108 103//108
f 131//109 103//109 104//109
f 130//110 131//110 104//110
f 129//111 130//111 104//111
f 129//112 104//112 105//112
f 128//113 129//113 105//113
f 128//114 105//114 106//114
f 127//115 128//115 106//115
f 126//116 127//116 106//116
f 126//117 106//117 107//117
f 125//118 126//118 107//118
f 125//119 107//119 108//119
f 124//120 125//120 108//120
f 123//121 124//121 108//121
f 81//122 117//122 118//122
f 81//123 118//123 119//123
f 122//124 123//124 108//124
f 81//125 119//125 120//125
f 81//126 120//126 121//126
f 81//127 121//127 122//127
f 81//128 122//128 108//128
f 81//129 108//129 109//129
f 81//130 109//130 110//130
f 81//131 110//131 111//131
f 81//132 111//132 112//132
f 81//133 112//133 113//133
f 81//134 113//134 114//134
f 80//135 81//135 114//135
f 79//136 80//136 114//136
f 78//137 79//137 114//137
f 78//138 114//138 115//138
f 77//139 78//139 115//139
f 76//140 77//140 115//140
f 75//141 76//141 115//141
f 75//142 115//142 116//142
f 74//143 75//143 116//143
f 73//144 74//144 116//144
f 148//145 145//145 146//145
f 150//146 147//146 148//146
f 152//147 149//147 150//147
f 154//148 151//148 152//148
f 156//149 153//149 154//149
f 158//150 155//150 156//150
f 160//151 157//151 158//151
f 162//152 159//152 160//152
f 164//153 161//153 162//153
f 166//154 163//154 164//154
f 168//155 165//155 166//155
f 170//156 167//156 168//156
f 172//157 169//157 170//157
f 174//158 171//158 172//158
f 176//159 173//159 174//159
f 178//160 175//160 176//160
f 180//161 177//161 178//161
f 182//162 179//162 180//162
f 184//163 181//163 182//163
f 186//164 183//164 184//164
f 188//165 185//165 186//165
f 190//166 187//166 188//166
f 192//167 189//167 190//167
f 194//168 191//168 192//168
f 196//169 193//169 194//169
f 198//170 195//170 196//170
f 200//171 197//171 198//171
f 202//172 199//172 200//172
f 204//173 201//173 202//173
f 206//174 203//174 204//174
f 208//175 205//175 206//175
f 210//176 207//176 208//176
f 212//177 209//177 210//177
f 214//178 211//178 212//178
f 216//179 213//179 214//179
f 218//180 215//180 216//180
f 220//181 217//181 218//181
f 222//182 219//182 220//182
f 224//183 221//183 222//183
f 226//184 223//184 224//184
f 228//185 225//185 226//185
f 230//186 227//186 228//186
f 232//187 229//187 230//187
f 146//188 231//188 232//188
f 236//189 233//189 234//189
f 238//190 235//190 236//190
f 240//191 237//191 238//191
f 242//192 239//192 240//192
f 244//193 241//193 242//193
f 246//194 243//194 244//194
f 248//195 245//195 246//195
f 250//196 247//196 248//196
f 252//197 249//197 250//197
f 254//198 251//198 252//198
f 256//199 253//199 254//199
f 258//200 255//200 256//200
f 260//201 257//201 258//201
f 262//202 259//202 260//202
f 264//203 261//203 262//203
f 266//204 263//204 264//204
f 268//205 265//205 266//205
f 270//206 267//206 268//206
f 272//207 269//207 270//207
f 274//208 271//208 272//208
f 276//209 273//209 274//209
f 278//210 275//210 276//210
f 280//211 277//211 278//211
f 282//212 279//212 280//212
f 284//213 281//213 282//213
f 286//214 283//214 284//214
f 288//215 285//215 286//215
f 234//216 287//216 288//216
f 309//217 311//217 310//217
f 309//218 312//218 311//218
f 344//219 346//219 345//219
f 344//220 347//220 346//220
f 308//221 312//221 309//221
f 308//222 313//222 312//222
f 343//223 347//223 344//223
f 343//224 348//224 347//224
f 307//225 313//225 308//225
f 307//226 314//226 313//226
f 342//227 348//227 343//227
f 342//228 349//228 348//228
f 306//229 314//229 307//229
f 306//230 315//230 314//230
f 341//231 349//231 342//231
f 341//232 350//232 349//232
f 305//233 315//233 306//233
f 305//234 316//234 315//234
f 340//235 350//235 341//235
f 340//236 351//236 350//236
f 305//237 317//237 316//237
f 340//238 352//238 351//238
f 304//239 317//239 305//239
f 339//240 352//240 340//240
f 304//241 318//241 317//241
f 339//242 353//242 352//242
f 303//243 318//243 304//243
f 338//244 353//244 339//244
f 303//245 319//245 318//245
f 338//246 354//246 353//246
f 302//247 319//247 303//247
f 337//248 354//248 338//248
f 301//249 319//249 302//249
f 301//250 320//250 319//250
f 336//251 354//251 337//251
f 336//252 355//252 354//252
f 300//253 320//253 301//253
f 336//254 356//254 355//254
f 300//255 321//255 320//255
f 335//256 356//256 336//256
f 300//257 322//257 321//257
f 334//258 356//258 335//258
f 299//259 322//259 300//259
f 334//260 357//260 356//260
f 299//261 323//261 322//261
f 333//262 357//262 334//262
f 298//263 323//263 299//263
f 333//264 358//264 357//264
f 298//265 324//265 323//265
f 332//266 358//266 333//266
f 297//267 324//267 298//267
f 332//268 359//268 358//268
f 297//269 325//269 324//269
f 331//270 359//270 332//270
f 297//271 326//271 325//271
f 330//272 359//272 331//272
f 296//273 326//273 297//273
f 330//274 360//274 359//274
f 296//275 327//275 326//275
f 329//276 360//276 330//276
f 296//277 328//277 327//277
f 328//278 360//278 329//278
f 296//279 360//279 328//279
f 295//280 360//280 296//280
f 295//281 361//281 360//281
f 294//282 361//282 295//282
f 294//283 362//283 361//283
f 293//284 362//284 294//284
f 293//285 363//285 362//285
f 292//286 363//286 293//286
f 292//287 364//287 363//287
f 291//288 364//288 292//288
f 291//289 365//289 364//289
f 291//290 366//290 365//290
f 290//291 366//291 291//291
f 290//292 289//292 366//292
f 399//293 401//293 400//293
f 399//294 402//294 401//294
f 398//295 402//295 399//295
f 398//296 403//296 402//296
f 397//297 403//297 398//297
f 397//298 404//298 403//298
f 396//299 404//299 397//299
f 396//300 405//300 404//300
f 395//301 432//301 396//301
f 432//302 431//302 396//302
f 431//303 405//303 396//303
f 431//304 430//304 405//304
f 430//305 429//305 405//305
f 429//306 428//306 405//306
f 428//307 427//307 405//307
f 427//308 426//308 405//308
f 426//309 406//309 405//309
f 395//310 433//310 432//310
f 425//311 406//311 426//311
f 395//312 415//312 433//312
f 424//313 406//313 425//313
f 395//314 416//314 415//314
f 423//315 406//315 424//315
f 395//316 417//316 416//316
f 422//317 406//317 423//317
f 395//318 418//318 417//318
f 421//319 406//319 422//319
f 395//320 419//320 418//320
f 420//321 406//321 421//321
f 395//322 379//322 419//322
f 379//323 378//323 419//323
f 378//324 420//324 419//324
f 378//325 377//325 420//325
f 377//326 376//326 420//326
f 376//327 375//327 420//327
f 375//328 374//328 420//328
f 374//329 406//329 420//329
f 395//330 380//330 379//330
f 373//331 406//331 374//331
f 395//332 381//332 380//332
f 372//333 406//333 373//333
f 395//334 382//334 381//334
f 371//335 406//335 372//335
f 394//336 382//336 395//336
f 371//337 407//337 406//337
f 371//338 408//338 407//338
f 371//339 409//339 408//339
f 393//340 382//340 394//340
f 371//341 410//341 409//341
f 393//342 383//342 382//342
f 370//343 410//343 371//343
f 370//344 411//344 410//344
f 392//345 383//345 393//345
f 392//346 384//346 383//346
f 369//347 411//347 370//347
f 391//348 384//348 392//348
f 369//349 412//349 411//349
f 390//350 384//350 391//350
f 390//351 385//351 384//351
f 368//352 412//352 369//352
f 368//353 413//353 412//353
f 389//354 385//354 390//354
f 388//355 385//355 389//355
f 388//356 386//356 385//356
f 367//357 413//357 368//357
f 367//358 414//358 413//358
f 387//359 386//359 388//359
f 515//360 517//360 516//360
f 515//361 518//361 517//361
f 514//362 518//362 515//362
f 514//363 519//363 518//363
f 513//364 519//364 514//364
f 513//365 520//365 519//365
f 512//366 520//366 513//366
f 512//367 521//367 520//367
f 511//368 521//368 512//368
f 511//369 522//369 521//369
f 511//370 523//370 522//370
f 510//371 523//371 511//371
f 510//372 524//372 523//372
f 509//373 524//373 510//373
f 509//374 525//374 524//374
f 508//375 525//375 509//375
f 507//376 446//376 508//376
f 446//377 445//377 508//377
f 445//378 444//378 508//378
f 444//379 525//379 508//379
f 444//380 443//380 525//380
f 443//381 434//381 525//381
f 443//382 435//382 434//382
f 443//383 436//383 435//383
f 443//384 437//384 436//384
f 443//385 438//385 437//385
f 443//386 439//386 438//386
f 443//387 440//387 439//387
f 443//388 441//388 440//388
f 443//389 442//389 441//389
f 507//390 447//390 446//390
f 507//391 448//391 447//391
f 507//392 449//392 448//392
f 507//393 450//393 449//393
f 507//394 451//394 450//394
f 507//395 452//395 451//395
f 507//396 474//396 452//396
f 474//397 473//397 452//397
f 473//398 472//398 452//398
f 472//399 453//399 452//399
f 472//400 454//400 453//400
f 472//401 455//401 454//401
f 472//402 456//402 455//402
f 472//403 457//403 456//403
f 472//404 458//404 457//404
f 472//405 459//405 458//405
f 472//406 460//406 459//406
f 472//407 461//407 460//407
f 472//408 471//408 461//408
f 471//409 462//409 461//409
f 471//410 463//410 462//410
f 471//411 464//411 463//411
f 471//412 465//412 464//412
f 471//413 466//413 465//413
f 471//414 467//414 466//414
f 471//415 468//415 467//415
f 471//416 469//416 468//416
f 471//417 470//417 469//417
f 507//418 475//418 474//418
f 507//419 476//419 475//419
f 507//420 477//420 476//420
f 507//421 478//421 477//421
f 507//422 479//422 478//422
f 507//423 480//423 479//423
f 507//424 481//424 480//424
f 507//425 482//425 481//425
f 507//426 483//426 482//426
f 507//427 484//427 483//427
f 507//428 485//428 484//428
f 507//429 486//429 485//429
f 507//430 487//430 486//430
f 507//431 488//431 487//431
f 507//432 489//432 488//432
f 507//433 490//433 489//433
f 506//434 490//434 507//434
f 506//435 491//435 490//435
f 505//436 491//436 506//436
f 505//437 492//437 491//437
f 504//438 492//438 505//438
f 504//439 493//439 492//439
f 503//440 493//440 504//440
f 503//441 494//441 493//441
f 502//442 494//442 503//442
f 502//443 495//443 494//443
f 501//444 495//444 502//444
f 501//445 496//445 495//445
f 500//446 496//446 501//446
f 500//447 497//447 496//447
f 499//448 497//448 500//448
f 499//449 498//449 497//449
f 581//450 526//450 582//450
f 581//451 527//451 526//451
f 580//452 527//452 581//452
f 579//453 527//453 580//453
f 579//454 528//454 527//454
f 578//455 528//455 579//455
f 577//456 528//456 578//456
f 576//457 528//457 577//457
f 576//458 529//458 528//458
f 575//459 529//459 576//459
f 574//460 529//460 575//460
f 573//461 603//461 574//461
f 603//462 602//462 574//462
f 602//463 601//463 574//463
f 601//464 529//464 574//464
f 601//465 530//465 529//465
f 601//466 531//466 530//466
f 601//467 600//467 531//467
f 600//468 532//468 531//468
f 600//469 533//469 532//469
f 600//470 534//470 533//470
f 600//471 599//471 534//471
f 599//472 598//472 534//472
f 598//473 535//473 534//473
f 597//474 535//474 598//474
f 573//475 604//475 603//475
f 573//476 605//476 604//476
f 596//477 535//477 597//477
f 595//478 535//478 596//478
f 595//479 536//479 535//479
f 594//480 536//480 595//480
f 593//481 536//481 594//481
f 593//482 537//482 536//482
f 592//483 537//483 593//483
f 592//484 538//484 537//484
f 591//485 538//485 592//485
f 591//486 539//486 538//486
f 590//487 539//487 591//487
f 589//488 539//488 590//488
f 589//489 540//489 539//489
f 588//490 540//490 589//490
f 588//491 541//491 540//491
f 587//492 541//492 588//492
f 586//493 541//493 587//493
f 586//494 542//494 541//494
f 585//495 542//495 586//495
f 584//496 542//496 585//496
f 573//497 606//497 605//497
f 584//498 543//498 542//498
f 573//499 607//499 606//499
f 583//500 543//500 584//500
f 573//501 608//501 607//501
f 573//502 609//502 608//502
f 573//503 554//503 609//503
f 554//504 553//504 609//504
f 553//505 583//505 609//505
f 553//506 552//506 583//506
f 552//507 543//507 583//507
f 552//508 544//508 543//508
f 552//509 551//509 544//509
f 551//510 545//510 544//510
f 551//511 546//511 545//511
f 551//512 547//512 546//512
f 551//513 548//513 547//513
f 551//514 549//514 548//514
f 551//515 550//515 549//515
f 573//516 555//516 554//516
f 573//517 556//517 555//517
f 572//518 556//518 573//518
f 572//519 557//519 556//519
f 571//520 557//520 572//520
f 571//521 558//521 557//521
f 570//522 558//522 571//522
f 570//523 559//523 558//523
f 569//524 559//524 570//524
f 569//525 560//525 559//525
f 568//526 560//526 569//526
f 568//527 561//527 560//527
f 567//528 561//528 568//528
f 567//529 562//529 561//529
f 566//530 562//530 567//530
f 566//531 563//531 562//531
f 565//532 563//532 566//532
f 565//533 564//533 563//533
f 642//534 644//534 643//534
f 642//535 645//535 644//535
f 641//536 645//536 642//536
f 641//537 646//537 645//537
f 640//538 646//538 641//538
f 640//539 647//539 646//539
f 639//540 647//540 640//540
f 639//541 648//541 647//541
f 638//542 675//542 639//542
f 675//543 674//543 639//543
f 674//544 648//544 639//544
f 674//545 673//545 648//545
f 673//546 672//546 648//546
f 672//547 671//547 648//547
f 671//548 670//548 648//548
f 670//549 669//549 648//549
f 669//550 649//550 648//550
f 638//551 676//551 675//551
f 668//552 649//552 669//552
f 638//553 658//553 676//553
f 667//554 649//554 668//554
f 638//555 659//555 658//555
f 666//556 649//556 667//556
f 638//557 660//557 659//557
f 665//558 649//558 666//558
f 638//559 661//559 660//559
f 664//560 649//560 665//560
f 638//561 662//561 661//561
f 663//562 649//562 664//562
f 638//563 622//563 662//563
f 622//564 621//564 662//564
f 621//565 663//565 662//565
f 621//566 620//566 663//566
f 620//567 619//567 663//567
f 619//568 618//568 663//568
f 618//569 617//569 663//569
f 617//570 649//570 663//570
f 638//571 623//571 622//571
f 616//572 649//572 617//572
f 638//573 624//573 623//573
f 615//574 649//574 616//574
f 638//575 625//575 624//575
f 614//576 649//576 615//576
f 637//577 625//577 638//577
f 614//578 650//578 649//578
f 614//579 651//579 650//579
f 614//580 652//580 651//580
f 636//581 625//581 637//581
f 614//582 653//582 652//582
f 636//583 626//583 625//583
f 613//584 653//584 614//584
f 613//585 654//585 653//585
f 635//586 626//586 636//586
f 635//587 627//587 626//587
f 612//588 654//588 613//588
f 634//589 627//589 635//589
f 612//590 655//590 654//590
f 633//591 627//591 634//591
f 633//592 628//592 627//592
f 611//593 655//593 612//593
f 611//594 656//594 655//594
f 632//595 628//595 633//595
f 631//596 628//596 632//596
f 631//597 629//597 628//597
f 610//598 656//598 611//598
f 610//599 657//599 656//599
f 630//600 629//600 631//600
f 717//601 719//601 718//601
f 717//602 720//602 719//602
f 716//603 720//603 717//603
f 715//604 720//604 716//604
f 715//605 721//605 720//605
f 714//606 721//606 715//606
f 713//607 721//607 714//607
f 712//608 721//608 713//608
f 712//609 722//609 721//609
f 711//610 722//610 712//610
f 710//611 722//611 711//611
f 709//612 760//612 710//612
f 760//613 759//613 710//613
f 759//614 758//614 710//614
f 758//615 722//615 710//615
f 758//616 723//616 722//616
f 758//617 724//617 723//617
f 758//618 757//618 724//618
f 757//619 725//619 724//619
f 757//620 726//620 725//620
f 757//621 727//621 726//621
f 757//622 783//622 727//622
f 783//623 782//623 727//623
f 782//624 728//624 727//624
f 781//625 728//625 782//625
f 709//626 761//626 760//626
f 709//627 762//627 761//627
f 780//628 728//628 781//628
f 779//629 728//629 780//629
f 779//630 729//630 728//630
f 778//631 729//631 779//631
f 777//632 729//632 778//632
f 777//633 730//633 729//633
f 776//634 730//634 777//634
f 776//635 731//635 730//635
f 775//636 731//636 776//636
f 775//637 732//637 731//637
f 774//638 732//638 775//638
f 773//639 732//639 774//639
f 773//640 733//640 732//640
f 772//641 733//641 773//641
f 771//642 733//642 772//642
f 771//643 734//643 733//643
f 770//644 734//644 771//644
f 769//645 734//645 770//645
f 769//646 735//646 734//646
f 768//647 735//647 769//647
f 709//648 763//648 762//648
f 709//649 764//649 763//649
f 767//650 735//650 768//650
f 709//651 765//651 764//651
f 709//652 766//652 765//652
f 709//653 690//653 766//653
f 690//654 689//654 766//654
f 689//655 688//655 766//655
f 688//656 767//656 766//656
f 688//657 735//657 767//657
f 688//658 736//658 735//658
f 688//659 687//659 736//659
f 687//660 737//660 736//660
f 687//661 738//661 737//661
f 687//662 739//662 738//662
f 687//663 740//663 739//663
f 687//664 741//664 740//664
f 687//665 742//665 741//665
f 687//666 743//666 742//666
f 687//667 744//667 743//667
f 687//668 745//668 744//668
f 687//669 746//669 745//669
f 687//670 747//670 746//670
f 687//671 686//671 747//671
f 686//672 685//672 747//672
f 685//673 684//673 747//673
f 684//674 683//674 747//674
f 683//675 748//675 747//675
f 682//676 748//676 683//676
f 709//677 691//677 690//677
f 681//678 748//678 682//678
f 709//679 692//679 691//679
f 681//680 749//680 748//680
f 681//681 750//681 749//681
f 708//682 692//682 709//682
f 708//683 693//683 692//683
f 681//684 751//684 750//684
f 707//685 693//685 708//685
f 707//686 694//686 693//686
f 681//687 752//687 751//687
f 680//688 752//688 681//688
f 680//689 753//689 752//689
f 706//690 694//690 707//690
f 706//691 695//691 694//691
f 705//692 695//692 706//692
f 705//693 696//693 695//693
f 679//694 753//694 680//694
f 679//695 754//695 753//695
f 704//696 696//696 705//696
f 704//697 697//697 696//697
f 678//698 754//698 679//698
f 678//699 755//699 754//699
f 703//700 697//700 704//700
f 703//701 698//701 697//701
f 702//702 698//702 703//702
f 702//703 699//703 698//703
f 677//704 755//704 678//704
f 677//705 756//705 755//705
f 701//706 699//706 702//706
f 701//707 700//707 699//707
f 800//708 802//708 801//708
f 800//709 803//709 802//709
f 799//710 803//710 800//710
f 798//711 803//711 799//711
f 798//712 804//712 803//712
f 797//713 804//713 798//713
f 796//714 804//714 797//714
f 795//715 804//715 796//715
f 795//716 805//716 804//716
f 794//717 805//717 795//717
f 793//718 805//718 794//718
f 792//719 854//719 793//719
f 854//720 853//720 793//720
f 853//721 852//721 793//721
f 852//722 805//722 793//722
f 852//723 806//723 805//723
f 852//724 807//724 806//724
f 852//725 808//725 807//725
f 852//726 851//726 808//726
f 851//727 809//727 808//727
f 851//728 810//728 809//728
f 851//729 850//729 810//729
f 850//730 849//730 810//730
f 849//731 811//731 810//731
f 848//732 811//732 849//732
f 792//733 855//733 854//733
f 792//734 828//734 855//734
f 847//735 811//735 848//735
f 846//736 811//736 847//736
f 846//737 812//737 811//737
f 845//738 812//738 846//738
f 845//739 813//739 812//739
f 844//740 813//740 845//740
f 843//741 813//741 844//741
f 843//742 814//742 813//742
f 842//743 814//743 843//743
f 842//744 815//744 814//744
f 841//745 815//745 842//745
f 840//746 815//746 841//746
f 840//747 816//747 815//747
f 839//748 816//748 840//748
f 839//749 817//749 816//749
f 838//750 817//750 839//750
f 837//751 817//751 838//751
f 837//752 818//752 817//752
f 836//753 818//753 837//753
f 836//754 819//754 818//754
f 835//755 819//755 836//755
f 834//756 819//756 835//756
f 792//757 829//757 828//757
f 792//758 830//758 829//758
f 833//759 819//759 834//759
f 792//760 831//760 830//760
f 792//761 832//761 831//761
f 792//762 833//762 832//762
f 792//763 819//763 833//763
f 792//764 820//764 819//764
f 792//765 821//765 820//765
f 792//766 822//766 821//766
f 792//767 823//767 822//767
f 792//768 824//768 823//768
f 792//769 825//769 824//769
f 791//770 825//770 792//770
f 790//771 825//771 791//771
f 789//772 825//772 790//772
f 789//773 826//773 825//773
f 788//774 826//774 789//774
f 787//775 826//775 788//775
f 786//776 826//776 787//776
f 786//777 827//777 826//777
f 785//778 827//778 786//778
f 784//779 827//779 785//779
f 876//780 877//780 878//780
f 876//781 878//781 879//781
f 911//782 912//782 913//782
f 911//783 913//783 914//783
f 875//784 876//784 879//784
f 875//785 879//785 880//785
f 910//786 911//786 914//786
f 910//787 914//787 915//787
f 874//788 875//788 880//788
f 874//789 880//789 881//789
f 909//790 910//790 915//790
f 909//791 915//791 916//791
f 873//792 874//792 881//792
f 873//793 881//793 882//793
f 908//794 909//794 916//794
f 908//795 916//795 917//795
f 872//796 873//796 882//796
f 872//797 882//797 883//797
f 907//798 908//798 917//798
f 907//799 917//799 918//799
f 872//800 883//800 884//800
f 907//801 918//801 919//801
f 871//802 872//802 884//802
f 906//803 907//803 919//803
f 871//804 884//804 885//804
f 906//805 919//805 920//805
f 870//806 871//806 885//806
f 905//807 906//807 920//807
f 870//808 885//808 886//808
f 905//809 920//809 921//809
f 869//810 870//810 886//810
f 904//811 905//811 921//811
f 868//812 869//812 886//812
f 868//813 886//813 887//813
f 903//814 904//814 921//814
f 903//815 921//815 922//815
f 867//816 868//816 887//816
f 903//817 922//817 923//817
f 867//818 887//818 888//818
f 902//819 903//819 923//819
f 867//820 888//820 889//820
f 901//821 902//821 923//821
f 866//822 867//822 889//822
f 901//823 923//823 924//823
f 866//824 889//824 890//824
f 900//825 901//825 924//825
f 865//826 866//826 890//826
f 900//827 924//827 925//827
f 865//828 890//828 891//828
f 899//829 900//829 925//829
f 864//830 865//830 891//830
f 899//831 925//831 926//831
f 864//832 891//832 892//832
f 898//833 899//833 926//833
f 864//834 892//834 893//834
f 897//835 898//835 926//835
f 863//836 864//836 893//836
f 897//837 926//837 927//837
f 863//838 893//838 894//838
f 896//839 897//839 927//839
f 863//840 894//840 895//840
f 895//841 896//841 927//841
f 863//842 895//842 927//842
f 862//843 863//843 927//843
f 862//844 927//844 928//844
f 861//845 862//845 928//845
f 861//846 928//846 929//846
f 860//847 861//847 929//847
f 860//848 929//848 930//848
f 859//849 860//849 930//849
f 859//850 930//850 931//850
f 858//851 859//851 931//851
f 858//852 931//852 932//852
f 858//853 932//853 933//853
f 857//854 858//854 933//854
f 857//855 933//855 856//855
f 966//856 967//856 968//856
f 966//857 968//857 969//857
f 965//858 966//858 969//858
f 965//859 969//859 970//859
f 964//860 965//860 970//860
f 964//861 970//861 971//861
f 963//862 964//862 971//862
f 963//863 971//863 972//863
f 962//864 963//864 999//864
f 999//865 963//865 998//865
f 998//866 963//866 972//866
f 998//867 972//867 997//867
f 997//868 972//868 996//868
f 996//869 972//869 995//869
f 995//870 972//870 994//870
f 994//871 972//871 993//871
f 993//872 972//872 973//872
f 962//873 999//873 1000//873
f 992//874 993//874 973//874
f 962//875 1000//875 982//875
f 991//876 992//876 973//876
f 962//877 982//877 983//877
f 990//878 991//878 973//878
f 962//879 983//879 984//879
f 989//880 990//880 973//880
f 962//881 984//881 985//881
f 988//882 989//882 973//882
f 962//883 985//883 986//883
f 987//884 988//884 973//884
f 962//885 986//885 946//885
f 946//886 986//886 945//886
f 945//887 986//887 987//887
f 945//888 987//888 944//888
f 944//889 987//889 943//889
f 943//890 987//890 942//890
f 942//891 987//891 941//891
f 941//892 987//892 973//892
f 962//893 946//893 947//893
f 940//894 941//894 973//894
f 962//895 947//895 948//895
f 939//896 940//896 973//896
f 962//897 948//897 949//897
f 938//898 939//898 973//898
f 961//899 962//899 949//899
f 938//900 973//900 974//900
f 938//901 974//901 975//901
f 938//902 975//902 976//902
f 960//903 961//903 949//903
f 938//904 976//904 977//904
f 960//905 949//905 950//905
f 937//906 938//906 977//906
f 937//907 977//907 978//907
f 959//908 960//908 950//908
f 959//909 950//909 951//909
f 936//910 937//910 978//910
f 958//911 959//911 951//911
f 936//912 978//912 979//912
f 957//913 958//913 951//913
f 957//914 951//914 952//914
f 935//915 936//915 979//915
f 935//916 979//916 980//916
f 956//917 957//917 952//917
f 955//918 956//918 952//918
f 955//919 952//919 953//919
f 934//920 935//920 980//920
f 934//921 980//921 981//921
f 954//922 955//922 953//922
f 1082//923 1083//923 1084//923
f 1082//924 1084//924 1085//924
f 1081//925 1082//925 1085//925
f 1081//926 1085//926 1086//926
f 1080//927 1081//927 1086//927
f 1080//928 1086//928 1087//928
f 1079//929 1080//929 1087//929
f 1079//930 1087//930 1088//930
f 1078//931 1079//931 1088//931
f 1078//932 1088//932 1089//932
f 1078//933 1089//933 1090//933
f 1077//934 1078//934 1090//934
f 1077//935 1090//935 1091//935
f 1076//936 1077//936 1091//936
f 1076//937 1091//937 1092//937
f 1075//938 1076//938 1092//938
f 1074//939 1075//939 1013//939
f 1013//940 1075//940 1012//940
f 1012//941 1075//941 1011//941
f 1011//942 1075//942 1092//942
f 1011//943 1092//943 1010//943
f 1010//944 1092//944 1001//944
f 1010//945 1001//945 1002//945
f 1010//946 1002//946 1003//946
f 1010//947 1003//947 1004//947
f 1010//948 1004//948 1005//948
f 1010//949 1005//949 1006//949
f 1010//950 1006//950 1007//950
f 1010//951 1007//951 1008//951
f 1010//952 1008//952 1009//952
f 1074//953 1013//953 1014//953
f 1074//954 1014//954 1015//954
f 1074//955 1015//955 1016//955
f 1074//956 1016//956 1017//956
f 1074//957 1017//957 1018//957
f 1074//958 1018//958 1019//958
f 1074//959 1019//959 1041//959
f 1041//960 1019//960 1040//960
f 1040//961 1019//961 1039//961
f 1039//962 1019//962 1020//962
f 1039//963 1020//963 1021//963
f 1039//964 1021//964 1022//964
f 1039//965 1022//965 1023//965
f 1039//966 1023//966 1024//966
f 1039//967 1024//967 1025//967
f 1039//968 1025//968 1026//968
f 1039//969 1026//969 1027//969
f 1039//970 1027//970 1028//970
f 1039//971 1028//971 1038//971
f 1038//972 1028//972 1029//972
f 1038//973 1029//973 1030//973
f 1038//974 1030//974 1031//974
f 1038//975 1031//975 1032//975
f 1038//976 1032//976 1033//976
f 1038//977 1033//977 1034//977
f 1038//978 1034//978 1035//978
f 1038//979 1035//979 1036//979
f 1038//980 1036//980 1037//980
f 1074//981 1041//981 1042//981
f 1074//982 1042//982 1043//982
f 1074//983 1043//983 1044//983
f 1074//984 1044//984 1045//984
f 1074//985 1045//985 1046//985
f 1074//986 1046//986 1047//986
f 1074//987 1047//987 1048//987
f 1074//988 1048//988 1049//988
f 1074//989 1049//989 1050//989
f 1074//990 1050//990 1051//990
f 1074//991 1051//991 1052//991
f 1074//992 1052//992 1053//992
f 1074//993 1053//993 1054//993
f 1074//994 1054//994 1055//994
f 1074//995 1055//995 1056//995
f 1074//996 1056//996 1057//996
f 1073//997 1074//997 1057//997
f 1073//998 1057//998 1058//998
f 1072//999 1073//999 1058//999
f 1072//1000 1058//1000 1059//1000
f 1071//1001 1072//1001 1059//1001
f 1071//1002 1059//1002 1060//1002
f 1070//1003 1071//1003 1060//1003
f 1070//1004 1060//1004 1061//1004
f 1069//1005 1070//1005 1061//1005
f 1069//1006 1061//1006 1062//1006
f 1068//1007 1069//1007 1062//1007
f 1068//1008 1062//1008 1063//1008
f 1067//1009 1068//1009 1063//1009
f 1067//1010 1063//1010 1064//1010
f 1066//1011 1067//1011 1064//1011
f 1066//1012 1064//1012 1065//1012
f 1148//1013 1149//1013 1093//1013
f 1148//1014 1093//1014 1094//1014
f 1147//1015 1148//1015 1094//1015
f 1146//1016 1147//1016 1094//1016
f 1146//1017 1094//1017 1095//1017
f 1145//1018 1146//1018 1095//1018
f 1144//1019 1145//1019 1095//1019
f 1143//1020 1144//1020 1095//1020
f 1143//1021 1095//1021 1096//1021
f 1142//1022 1143//1022 1096//1022
f 1141//1023 1142//1023 1096//1023
f 1140//1024 1141//1024 1170//1024
f 1170//1025 1141//1025 1169//1025
f 1169//1026 1141//1026 1168//1026
f 1168//1027 1141//1027 1096//1027
f 1168//1028 1096//1028 1097//1028
f 1168//1029 1097//1029 1098//1029
f 1168//1030 1098//1030 1167//1030
f 1167//1031 1098//1031 1099//1031
f 1167//1032 1099//1032 1100//1032
f 1167//1033 1100//1033 1101//1033
f 1167//1034 1101//1034 1166//1034
f 1166//1035 1101//1035 1165//1035
f 1165//1036 1101//1036 1102//1036
f 1164//1037 1165//1037 1102//1037
f 1140//1038 1170//1038 1171//1038
f 1140//1039 1171//1039 1172//1039
f 1163//1040 1164//1040 1102//1040
f 1162//1041 1163//1041 1102//1041
f 1162//1042 1102//1042 1103//1042
f 1161//1043 1162//1043 1103//1043
f 1160//1044 1161//1044 1103//1044
f 1160//1045 1103//1045 1104//1045
f 1159//1046 1160//1046 1104//1046
f 1159//1047 1104//1047 1105//1047
f 1158//1048 1159//1048 1105//1048
f 1158//1049 1105//1049 1106//1049
f 1157//1050 1158//1050 1106//1050
f 1156//1051 1157//1051 1106//1051
f 1156//1052 1106//1052 1107//1052
f 1155//1053 1156//1053 1107//1053
f 1155//1054 1107//1054 1108//1054
f 1154//1055 1155//1055 1108//1055
f 1153//1056 1154//1056 1108//1056
f 1153//1057 1108//1057 1109//1057
f 1152//1058 1153//1058 1109//1058
f 1151//1059 1152//1059 1109//1059
f 1140//1060 1172//1060 1173//1060
f 1151//1061 1109//1061 1110//1061
f 1140//1062 1173//1062 1174//1062
f 1150//1063 1151//1063 1110//1063
f 1140//1064 1174//1064 1175//1064
f 1140//1065 1175//1065 1176//1065
f 1140//1066 1176//1066 1121//1066
f 1121//1067 1176//1067 1120//1067
f 1120//1068 1176//1068 1150//1068
f 1120//1069 1150//1069 1119//1069
f 1119//1070 1150//1070 1110//1070
f 1119//1071 1110//1071 1111//1071
f 1119//1072 1111//1072 1118//1072
f 1118//1073 1111//1073 1112//1073
f 1118//1074 1112//1074 1113//1074
f 1118//1075 1113//1075 1114//1075
f 1118//1076 1114//1076 1115//1076
f 1118//1077 1115//1077 1116//1077
f 1118//1078 1116//1078 1117//1078
f 1140//1079 1121//1079 1122//1079
f 1140//1080 1122//1080 1123//1080
f 1139//1081 1140//1081 1123//1081
f 1139//1082 1123//1082 1124//1082
f 1138//1083 1139//1083 1124//1083
f 1138//1084 1124//1084 1125//1084
f 1137//1085 1138//1085 1125//1085
f 1137//1086 1125//1086 1126//1086
f 1136//1087 1137//1087 1126//1087
f 1136//1088 1126//1088 1127//1088
f 1135//1089 1136//1089 1127//1089
f 1135//1090 1127//1090 1128//1090
f 1134//1091 1135//1091 1128//1091
f 1134//1092 1128//1092 1129//1092
f 1133//1093 1134//1093 1129//1093
f 1133//1094 1129//1094 1130//1094
f 1132//1095 1133//1095 1130//1095
f 1132//1096 1130//1096 1131//1096
f 1209//1097 1210//1097 1211//1097
f 1209//1098 1211//1098 1212//1098
f 1208//1099 1209//1099 1212//1099
f 1208//1100 1212//1100 1213//1100
f 1207//1101 1208//1101 1213//1101
f 1207//1102 1213//1102 1214//1102
f 1206//1103 1207//1103 1214//1103
f 1206//1104 1214//1104 1215//1104
f 1205//1105 1206//1105 1242//1105
f 1242//1106 1206//1106 1241//1106
f 1241//1107 1206//1107 1215//1107
f 1241//1108 1215//1108 1240//1108
f 1240//1109 1215//1109 1239//1109
f 1239//1110 1215//1110 1238//1110
f 1238//1111 1215//1111 1237//1111
f 1237//1112 1215//1112 1236//1112
f 1236//1113 1215//1113 1216//1113
f 1205//1114 1242//1114 1243//1114
f 1235//1115 1236//1115 1216//1115
f 1205//1116 1243//1116 1225//1116
f 1234//1117 1235//1117 1216//1117
f 1205//1118 1225//1118 1226//1118
f 1233//1119 1234//1119 1216//1119
f 1205//1120 1226//1120 1227//1120
f 1232//1121 1233//1121 1216//1121
f 1205//1122 1227//1122 1228//1122
f 1231//1123 1232//1123 1216//1123
f 1205//1124 1228//1124 1229//1124
f 1230//1125 1231//1125 1216//1125
f 1205//1126 1229//1126 1189//1126
f 1189//1127 1229//1127 1188//1127
f 1188//1128 1229//1128 1230//1128
f 1188//1129 1230//1129 1187//1129
f 1187//1130 1230//1130 1186//1130
f 1186//1131 1230//1131 1185//1131
f 1185//1132 1230//1132 1184//1132
f 1184//1133 1230//1133 1216//1133
f 1205//1134 1189//1134 1190//1134
f 1183//1135 1184//1135 1216//1135
f 1205//1136 1190//1136 1191//1136
f 1182//1137 1183//1137 1216//1137
f 1205//1138 1191//1138 1192//1138
f 1181//1139 1182//1139 1216//1139
f 1204//1140 1205//1140 1192//1140
f 1181//1141 1216//1141 1217//1141
f 1181//1142 1217//1142 1218//1142
f 1181//1143 1218//1143 1219//1143
f 1203//1144 1204//1144 1192//1144
f 1181//1145 1219//1145 1220//1145
f 1203//1146 1192//1146 1193//1146
f 1180//1147 1181//1147 1220//1147
f 1180//1148 1220//1148 1221//1148
f 1202//1149 1203//1149 1193//1149
f 1202//1150 1193//1150 1194//1150
f 1179//1151 1180//1151 1221//1151
f 1201//1152 1202//1152 1194//1152
f 1179//1153 1221//1153 1222//1153
f 1200//1154 1201//1154 1194//1154
f 1200//1155 1194//1155 1195//1155
f 1178//1156 1179//1156 1222//1156
f 1178//1157 1222//1157 1223//1157
f 1199//1158 1200//1158 1195//1158
f 1198//1159 1199//1159 1195//1159
f 1198//1160 1195//1160 1196//1160
f 1177//1161 1178//1161 1223//1161
f 1177//1162 1223//1162 1224//1162
f 1197//1163 1198//1163 1196//1163
f 1284//1164 1285//1164 1286//1164
f 1284//1165 1286//1165 1287//1165
f 1283//1166 1284//1166 1287//1166
f 1282//1167 1283//1167 1287//1167
f 1282//1168 1287//1168 1288//1168
f 1281//1169 1282//1169 1288//1169
f 1280//1170 1281//1170 1288//1170
f 1279//1171 1280//1171 1288//1171
f 1279//1172 1288//1172 1289//1172
f 1278//1173 1279//1173 1289//1173
f 1277//1174 1278//1174 1289//1174
f 1276//1175 1277//1175 1327//1175
f 1327//1176 1277//1176 1326//1176
f 1326//1177 1277//1177 1325//1177
f 1325//1178 1277//1178 1289//1178
f 1325//1179 1289//1179 1290//1179
f 1325//1180 1290//1180 1291//1180
f 1325//1181 1291//1181 1324//1181
f 1324//1182 1291//1182 1292//1182
f 1324//1183 1292//1183 1293//1183
f 1324//1184 1293//1184 1294//1184
f 1324//1185 1294//1185 1350//1185
f 1350//1186 1294//1186 1349//1186
f 1349//1187 1294//1187 1295//1187
f 1348//1188 1349//1188 1295//1188
f 1276//1189 1327//1189 1328//1189
f 1276//1190 1328//1190 1329//1190
f 1347//1191 1348//1191 1295//1191
f 1346//1192 1347//1192 1295//1192
f 1346//1193 1295//1193 1296//1193
f 1345//1194 1346//1194 1296//1194
f 1344//1195 1345//1195 1296//1195
f 1344//1196 1296//1196 1297//1196
f 1343//1197 1344//1197 1297//1197
f 1343//1198 1297//1198 1298//1198
f 1342//1199 1343//1199 1298//1199
f 1342//1200 1298//1200 1299//1200
f 1341//1201 1342//1201 1299//1201
f 1340//1202 1341//1202 1299//1202
f 1340//1203 1299//1203 1300//1203
f 1339//1204 1340//1204 1300//1204
f 1338//1205 1339//1205 1300//1205
f 1338//1206 1300//1206 1301//1206
f 1337//1207 1338//1207 1301//1207
f 1336//1208 1337//1208 1301//1208
f 1336//1209 1301//1209 1302//1209
f 1335//1210 1336//1210 1302//1210
f 1276//1211 1329//1211 1330//1211
f 1276//1212 1330//1212 1331//1212
f 1334//1213 1335//1213 1302//1213
f 1276//1214 1331//1214 1332//1214
f 1276//1215 1332//1215 1333//1215
f 1276//1216 1333//1216 1257//1216
f 1257//1217 1333//1217 1256//1217
f 1256//1218 1333//1218 1255//1218
f 1255//1219 1333//1219 1334//1219
f 1255//1220 1334//1220 1302//1220
f 1255//1221 1302//1221 1303//1221
f 1255//1222 1303//1222 1254//1222
f 1254//1223 1303//1223 1304//1223
f 1254//1224 1304//1224 1305//1224
f 1254//1225 1305//1225 1306//1225
f 1254//1226 1306//1226 1307//1226
f 1254//1227 1307//1227 1308//1227
f 1254//1228 1308//1228 1309//1228
f 1254//1229 1309//1229 1310//1229
f 1254//1230 1310//1230 1311//1230
f 1254//1231 1311//1231 1312//1231
f 1254//1232 1312//1232 1313//1232
f 1254//1233 1313//1233 1314//1233
f 1254//1234 1314//1234 1253//1234
f 1253//1235 1314//1235 1252//1235
f 1252//1236 1314//1236 1251//1236
f 1251//1237 1314//1237 1250//1237
f 1250//1238 1314//1238 1315//1238
f 1249//1239 1250//1239 1315//1239
f 1276//1240 1257//1240 1258//1240
f 1248//1241 1249//1241 1315//1241
f 1276//1242 1258//1242 1259//1242
f 1248//1243 1315//1243 1316//1243
f 1248//1244 1316//1244 1317//1244
f 1275//1245 1276//1245 1259//1245
f 1275//1246 1259//1246 1260//1246
f 1248//1247 1317//1247 1318//1247
f 1274//1248 1275//1248 1260//1248
f 1274//1249 1260//1249 1261//1249
f 1248//1250 1318//1250 1319//1250
f 1247//1251 1248//1251 1319//1251
f 1247//1252 1319//1252 1320//1252
f 1273//1253 1274//1253 1261//1253
f 1273//1254 1261//1254 1262//1254
f 1272//1255 1273//1255 1262//1255
f 1272//1256 1262//1256 1263//1256
f 1246//1257 1247//1257 1320//1257
f 1246//1258 1320//1258 1321//1258
f 1271//1259 1272//1259 1263//1259
f 1271//1260 1263//1260 1264//1260
f 1245//1261 1246//1261 1321//1261
f 1245//1262 1321//1262 1322//1262
f 1270//1263 1271//1263 1264//1263
f 1270//1264 1264//1264 1265//1264
f 1269//1265 1270//1265 1265//1265
f 1269//1266 1265//1266 1266//1266
f 1244//1267 1245//1267 1322//1267
f 1244//1268 1322//1268 1323//1268
f 1268//1269 1269//1269 1266//1269
f 1268//1270 1266//1270 1267//1270
f 1367//1271 1368//1271 1369//1271
f 1367//1272 1369//1272 1370//1272
f 1366//1273 1367//1273 1370//1273
f 1365//1274 1366//1274 1370//1274
f 1365//1275 1370//1275 1371//1275
f 1364//1276 1365//1276 1371//1276
f 1363//1277 1364//1277 1371//1277
f 1362//1278 1363//1278 1371//1278
f 1362//1279 1371//1279 1372//1279
f 1361//1280 1362//1280 1372//1280
f 1360//1281 1361//1281 1372//1281
f 1359//1282 1360//1282 1421//1282
f 1421//1283 1360//1283 1420//1283
f 1420//1284 1360//1284 1419//1284
f 1419//1285 1360//1285 1372//1285
f 1419//1286 1372//1286 1373//1286
f 1419//1287 1373//1287 1374//1287
f 1419//1288 1374//1288 1375//1288
f 1419//1289 1375//1289 1418//1289
f 1418//1290 1375//1290 1376//1290
f 1418//1291 1376//1291 1377//1291
f 1418//1292 1377//1292 1417//1292
f 1417//1293 1377//1293 1416//1293
f 1416//1294 1377//1294 1378//1294
f 1415//1295 1416//1295 1378//1295
f 1359//1296 1421//1296 1422//1296
f 1359//1297 1422//1297 1395//1297
f 1414//1298 1415//1298 1378//1298
f 1413//1299 1414//1299 1378//1299
f 1413//1300 1378//1300 1379//1300
f 1412//1301 1413//1301 1379//1301
f 1412//1302 1379//1302 1380//1302
f 1411//1303 1412//1303 1380//1303
f 1410//1304 1411//1304 1380//1304
f 1410//1305 1380//1305 1381//1305
f 1409//1306 1410//1306 1381//1306
f 1409//1307 1381//1307 1382//1307
f 1408//1308 1409//1308 1382//1308
f 1407//1309 1408//1309 1382//1309
f 1407//1310 1382//1310 1383//1310
f 1406//1311 1407//1311 1383//1311
f 1406//1312 1383//1312 1384//1312
f 1405//1313 1406//1313 1384//1313
f 1404//1314 1405//1314 1384//1314
f 1404//1315 1384//1315 1385//1315
f 1403//1316 1404//1316 1385//1316
f 1403//1317 1385//1317 1386//1317
f 1402//1318 1403//1318 1386//1318
f 1401//1319 1402//1319 1386//1319
f 1359//1320 1395//1320 1396//1320
f 1359//1321 1396//1321 1397//1321
f 1400//1322 1401//1322 1386//1322
f 1359//1323 1397//1323 1398//1323
f 1359//1324 1398//1324 1399//1324
f 1359//1325 1399//1325 1400//1325
f 1359//1326 1400//1326 1386//1326
f 1359//1327 1386//1327 1387//1327
f 1359//1328 1387//1328 1388//1328
f 1359//1329 1388//1329 1389//1329
f 1359//1330 1389//1330 1390//1330
f 1359//1331 1390//1331 1391//1331
f 1359//1332 1391//1332 1392//1332
f 1358//1333 1359//1333 1392//1333
f 1357//1334 1358//1334 1392//1334
f 1356//1335 1357//1335 1392//1335
f 1356//1336 1392//1336 1393//1336
f 1355//1337 1356//1337 1393//1337
f 1354//1338 1355//1338 1393//1338
f 1353//1339 1354//1339 1393//1339
f 1353//1340 1393//1340 1394//1340
f 1352//1341 1353//1341 1394//1341
f 1351//1342 1352//1342 1394//1342
f 1426//1343 1423//1343 1424//1343
f 1428//1344 1425//1344 1426//1344
f 1430//1345 1427//1345 1428//1345
f 1432//1346 1429//1346 1430//1346
f 1434//1347 1431//1347 1432//1347
f 1436//1348 1433//1348 1434//1348
f 1438//1349 1435//1349 1436//1349
f 1440//1350 1437//1350 1438//1350
f 1442//1351 1439//1351 1440//1351
f 1444//1352 1441//1352 1442//1352
f 1446//1353 1443//1353 1444//1353
f 1448//1354 1445//1354 1446//1354
f 1450//1355 1447//1355 1448//1355
f 1452//1356 1449//1356 1450//1356
f 1454//1357 1451//1357 1452//1357
f 1456//1358 1453//1358 1454//1358
f 1458//1359 1455//1359 1456//1359
f 1460//1360 1457//1360 1458//1360
f 1462//1361 1459//1361 1460//1361
f 1464//1362 1461//1362 1462//1362
f 1466//1363 1463//1363 1464//1363
f 1468//1364 1465//1364 1466//1364
f 1470//1365 1467//1365 1468//1365
f 1472//1366 1469//1366 1470//1366
f 1474//1367 1471//1367 1472//1367
f 1476//1368 1473//1368 1474//1368
f 1478//1369 1475//1369 1476//1369
f 1480//1370 1477//1370 1478//1370
f 1482//1371 1479//1371 1480//1371
f 1484//1372 1481//1372 1482//1372
f 1486//1373 1483//1373 1484//1373
f 1488//1374 1485//1374 1486//1374
f 1490//1375 1487//1375 1488//1375
f 1492//1376 1489//1376 1490//1376
f 1494//1377 1491//1377 1492//1377
f 1496//1378 1493//1378 1494//1378
f 1498//1379 1495//1379 1496//1379
f 1500//1380 1497//1380 1498//1380
f 1502//1381 1499//1381 1500//1381
f 1504//1382 1501//1382 1502//1382
f 1506//1383 1503//1383 1504//1383
f 1508//1384 1505//1384 1506//1384
f 1510//1385 1507//1385 1508//1385
f 1424//1386 1509//1386 1510//1386
f 1514//1387 1511//1387 1512//1387
f 1516//1388 1513//1388 1514//1388
f 1518//1389 1515//1389 1516//1389
f 1520//1390 1517//1390 1518//1390
f 1522//1391 1519//1391 1520//1391
f 1524//1392 1521//1392 1522//1392
f 1526//1393 1523//1393 1524//1393
f 1528//1394 1525//1394 1526//1394
f 1530//1395 1527//1395 1528//1395
f 1532//1396 1529//1396 1530//1396
f 1534//1397 1531//1397 1532//1397
f 1536//1398 1533//1398 1534//1398
f 1538//1399 1535//1399 1536//1399
f 1540//1400 1537//1400 1538//1400
f 1542//1401 1539//1401 1540//1401
f 1544//1402 1541//1402 1542//1402
f 1546//1403 1543//1403 1544//1403
f 1548//1404 1545//1404 1546//1404
f 1550//1405 1547//1405 1548//1405
f 1552//1406 1549//1406 1550//1406
f 1554//1407 1551//1407 1552//1407
f 1556//1408 1553//1408 1554//1408
f 1558//1409 1555//1409 1556//1409
f 1560//1410 1557//1410 1558//1410
f 1562//1411 1559//1411 1560//1411
f 1564//1412 1561//1412 1562//1412
f 1566//1413 1563//1413 1564//1413
f 1512//1414 1565//1414 1566//1414
f 1570//1415 1567//1415 1568//1415
f 1572//1416 1569//1416 1570//1416
f 1574//1417 1571//1417 1572//1417
f 1576//1418 1573//1418 1574//1418
f 1578//1419 1575//1419 1576//1419
f 1580//1420 1577//1420 1578//1420
f 1582//1421 1579//1421 1580//1421
f 1584//1422 1581//1422 1582//1422
f 1586//1423 1583//1423 1584//1423
f 1588//1424 1585//1424 1586//1424
f 1590//1425 1587//1425 1588//1425
f 1592//1426 1589//1426 1590//1426
f 1594//1427 1591//1427 1592//1427
f 1596//1428 1593//1428 1594//1428
f 1598//1429 1595//1429 1596//1429
f 1600//1430 1597//1430 1598//1430
f 1602//1431 1599//1431 1600//1431
f 1604//1432 1601//1432 1602//1432
f 1606//1433 1603//1433 1604//1433
f 1608//1434 1605//1434 1606//1434
f 1610//1435 1607//1435 1608//1435
f 1612//1436 1609//1436 1610//1436
f 1614//1437 1611//1437 1612//1437
f 1616//1438 1613//1438 1614//1438
f 1618//1439 1615//1439 1616//1439
f 1620//1440 1617//1440 1618//1440
f 1622//1441 1619//1441 1620//1441
f 1624//1442 1621//1442 1622//1442
f 1626//1443 1623//1443 1624//1443
f 1628//1444 1625//1444 1626//1444
f 1630//1445 1627//1445 1628//1445
f 1632//1446 1629//1446 1630//1446
f 1634//1447 1631//1447 1632//1447
f 1636//1448 1633//1448 1634//1448
f 1638//1449 1635//1449 1636//1449
f 1640//1450 1637//1450 1638//1450
f 1642//1451 1639//1451 1640//1451
f 1644//1452 1641//1452 1642//1452
f 1646//1453 1643//1453 1644//1453
f 1648//1454 1645//1454 1646//1454
f 1650//1455 1647//1455 1648//1455
f 1652//1456 1649//1456 1650//1456
f 1654//1457 1651//1457 1652//1457
f 1656//1458 1653//1458 1654//1458
f 1658//1459 1655//1459 1656//1459
f 1660//1460 1657//1460 1658//1460
f 1662//1461 1659//1461 1660//1461
f 1664//1462 1661//1462 1662//1462
f 1666//1463 1663//1463 1664//1463
f 1668//1464 1665//1464 1666//1464
f 1670//1465 1667//1465 1668//1465
f 1672//1466 1669//1466 1670//1466
f 1674//1467 1671//1467 1672//1467
f 1676//1468 1673//1468 1674//1468
f 1678//1469 1675//1469 1676//1469
f 1680//1470 1677//1470 1678//1470
f 1682//1471 1679//1471 1680//1471
f 1684//1472 1681//1472 1682//1472
f 1686//1473 1683//1473 1684//1473
f 1688//1474 1685//1474 1686//1474
f 1690//1475 1687//1475 1688//1475
f 1692//1476 1689//1476 1690//1476
f 1694//1477 1691//1477 1692//1477
f 1696//1478 1693//1478 1694//1478
f 1698//1479 1695//1479 1696//1479
f 1700//1480 1697//1480 1698//1480
f 1702//1481 1699//1481 1700//1481
f 1704//1482 1701//1482 1702//1482
f 1706//1483 1703//1483 1704//1483
f 1708//1484 1705//1484 1706//1484
f 1710//1485 1707//1485 1708//1485
f 1712//1486 1709//1486 1710//1486
f 1714//1487 1711//1487 1712//1487
f 1716//1488 1713//1488 1714//1488
f 1718//1489 1715//1489 1716//1489
f 1720//1490 1717//1490 1718//1490
f 1722//1491 1719//1491 1720//1491
f 1724//1492 1721//1492 1722//1492
f 1726//1493 1723//1493 1724//1493
f 1568//1494 1725//1494 1726//1494
f 1730//1495 1727//1495 1728//1495
f 1732//1496 1729//1496 1730//1496
f 1734//1497 1731//1497 1732//1497
f 1736//1498 1733//1498 1734//1498
f 1738//1499 1735//1499 1736//1499
f 1740//1500 1737//1500 1738//1500
f 1742//1501 1739//1501 1740//1501
f 1744//1502 1741//1502 1742//1502
f 1746//1503 1743//1503 1744//1503
f 1748//1504 1745//1504 1746//1504
f 1750//1505 1747//1505 1748//1505
f 1752//1506 1749//1506 1750//1506
f 1754//1507 1751//1507 1752//1507
f 1756//1508 1753//1508 1754//1508
f 1758//1509 1755//1509 1756//1509
f 1760//1510 1757//1510 1758//1510
f 1762//1511 1759//1511 1760//1511
f 1764//1512 1761//1512 1762//1512
f 1766//1513 1763//1513 1764//1513
f 1768//1514 1765//1514 1766//1514
f 1770//1515 1767//1515 1768//1515
f 1772//1516 1769//1516 1770//1516
f 1774//1517 1771//1517 1772//1517
f 1776//1518 1773//1518 1774//1518
f 1778//1519 1775//1519 1776//1519
f 1780//1520 1777//1520 1778//1520
f 1728//1521 1779//1521 1780//1521
f 1784//1522 1781//1522 1782//1522
f 1786//1523 1783//1523 1784//1523
f 1788//1524 1785//1524 1786//1524
f 1790//1525 1787//1525 1788//1525
f 1792//1526 1789//1526 1790//1526
f 1794//1527 1791//1527 1792//1527
f 1796//1528 1793//1528 1794//1528
f 1798//1529 1795//1529 1796//1529
f 1800//1530 1797//1530 1798//1530
f 1802//1531 1799//1531 1800//1531
f 1804//1532 1801//1532 1802//1532
f 1806//1533 1803//1533 1804//1533
f 1808//1534 1805//1534 1806//1534
f 1810//1535 1807//1535 1808//1535
f 1812//1536 1809//1536 1810//1536
f 1814//1537 1811//1537 1812//1537
f 1816//1538 1813//1538 1814//1538
f 1818//1539 1815//1539 1816//1539
f 1820//1540 1817//1540 1818//1540
f 1822//1541 1819//1541 1820//1541
f 1824//1542 1821//1542 1822//1542
f 1826//1543 1823//1543 1824//1543
f 1828//1544 1825//1544 1826//1544
f 1830//1545 1827//1545 1828//1545
f 1832//1546 1829//1546 1830//1546
f 1834//1547 1831//1547 1832//1547
f 1836//1548 1833//1548 1834//1548
f 1838//1549 1835//1549 1836//1549
f 1840//1550 1837//1550 1838//1550
f 1842//1551 1839//1551 1840//1551
f 1844//1552 1841//1552 1842//1552
f 1846//1553 1843//1553 1844//1553
f 1848//1554 1845//1554 1846//1554
f 1850//1555 1847//1555 1848//1555
f 1852//1556 1849//1556 1850//1556
f 1854//1557 1851//1557 1852//1557
f 1856//1558 1853//1558 1854//1558
f 1858//1559 1855//1559 1856//1559
f 1860//1560 1857//1560 1858//1560
f 1862//1561 1859//1561 1860//1561
f 1864//1562 1861//1562 1862//1562
f 1866//1563 1863//1563 1864//1563
f 1868//1564 1865//1564 1866//1564
f 1870//1565 1867//1565 1868//1565
f 1872//1566 1869//1566 1870//1566
f 1874//1567 1871//1567 1872//1567
f 1876//1568 1873//1568 1874//1568
f 1782//1569 1875//1569 1876//1569
f 1880//1570 1877//1570 1878//1570
f 1882//1571 1879//1571 1880//1571
f 1884//1572 1881//1572 1882//1572
f 1886//1573 1883//1573 1884//1573
f 1888//1574 1885//1574 1886//1574
f 1890//1575 1887//1575 1888//1575
f 1892//1576 1889//1576 1890//1576
f 1894//1577 1891//1577 1892//1577
f 1896//1578 1893//1578 1894//1578
f 1898//1579 1895//1579 1896//1579
f 1900//1580 1897//1580 1898//1580
f 1902//1581 1899//1581 1900//1581
f 1904//1582 1901//1582 1902//1582
f 1906//1583 1903//1583 1904//1583
f 1908//1584 1905//1584 1906//1584
f 1910//1585 1907//1585 1908//1585
f 1912//1586 1909//1586 1910//1586
f 1914//1587 1911//1587 1912//1587
f 1878//1588 1913//1588 1914//1588
f 1918//1589 1915//1589 1916//1589
f 1920//1590 1917//1590 1918//1590
f 1922//1591 1919//1591 1920//1591
f 1924//1592 1921//1592 1922//1592
f 1926//1593 1923//1593 1924//1593
f 1928//1594 1925//1594 1926//1594
f 1930//1595 1927//1595 1928//1595
f 1932//1596 1929//1596 1930//1596
f 1934//1597 1931//1597 1932//1597
f 1936//1598 1933//1598 1934//1598
f 1938//1599 1935//1599 1936//1599
f 1940//1600 1937//1600 1938//1600
f 1942//1601 1939//1601 1940//1601
f 1944//1602 1941//1602 1942//1602
f 1946//1603 1943//1603 1944//1603
f 1948//1604 1945//1604 1946//1604
f 1950//1605 1947//1605 1948//1605
f 1952//1606 1949//1606 1950//1606
f 1954//1607 1951//1607 1952//1607
f 1956//1608 1953//1608 1954//1608
f 1958//1609 1955//1609 1956//1609
f 1960//1610 1957//1610 1958//1610
f 1962//1611 1959//1611 1960//1611
f 1964//1612 1961//1612 1962//1612
f 1966//1613 1963//1613 1964//1613
f 1968//1614 1965//1614 1966//1614
f 1970//1615 1967//1615 1968//1615
f 1972//1616 1969//1616 1970//1616
f 1974//1617 1971//1617 1972//1617
f 1976//1618 1973//1618 1974//1618
f 1978//1619 1975//1619 1976//1619
f 1980//1620 1977//1620 1978//1620
f 1982//1621 1979//1621 1980//1621
f 1984//1622 1981//1622 1982//1622
f 1986//1623 1983//1623 1984//1623
f 1988//1624 1985//1624 1986//1624
f 1990//1625 1987//1625 1988//1625
f 1992//1626 1989//1626 1990//1626
f 1994//1627 1991//1627 1992//1627
f 1996//1628 1993//1628 1994//1628
f 1998//1629 1995//1629 1996//1629
f 2000//1630 1997//1630 1998//1630
f 2002//1631 1999//1631 2000//1631
f 2004//1632 2001//1632 2002//1632
f 2006//1633 2003//1633 2004//1633
f 2008//1634 2005//1634 2006//1634
f 2010//1635 2007//1635 2008//1635
f 2012//1636 2009//1636 2010//1636
f 2014//1637 2011//1637 2012//1637
f 2016//1638 2013//1638 2014//1638
f 2018//1639 2015//1639 2016//1639
f 2020//1640 2017//1640 2018//1640
f 2022//1641 2019//1641 2020//1641
f 2024//1642 2021//1642 2022//1642
f 2026//1643 2023//1643 2024//1643
f 2028//1644 2025//1644 2026//1644
f 1916//1645 2027//1645 2028//1645
f 2032//1646 2029//1646 2030//1646
f 2034//1647 2031//1647 2032//1647
f 2036//1648 2033//1648 2034//1648
f 2038//1649 2035//1649 2036//1649
f 2040//1650 2037//1650 2038//1650
f 2042//1651 2039//1651 2040//1651
f 2044//1652 2041//1652 2042//1652
f 2046//1653 2043//1653 2044//1653
f 2048//1654 2045//1654 2046//1654
f 2050//1655 2047//1655 2048//1655
f 2052//1656 2049//1656 2050//1656
f 2054//1657 2051//1657 2052//1657
f 2056//1658 2053//1658 2054//1658
f 2058//1659 2055//1659 2056//1659
f 2060//1660 2057//1660 2058//1660
f 2062//1661 2059//1661 2060//1661
f 2064//1662 2061//1662 2062//1662
f 2066//1663 2063//1663 2064//1663
f 2068//1664 2065//1664 2066//1664
f 2070//1665 2067//1665 2068//1665
f 2072//1666 2069//1666 2070//1666
f 2074//1667 2071//1667 2072//1667
f 2076//1668 2073//1668 2074//1668
f 2078//1669 2075//1669 2076//1669
f 2080//1670 2077//1670 2078//1670
f 2082//1671 2079//1671 2080//1671
f 2030//1672 2081//1672 2082//1672
f 2086//1673 2083//1673 2084//1673
f 2088//1674 2085//1674 2086//1674
f 2090//1675 2087//1675 2088//1675
f 2092//1676 2089//1676 2090//1676
f 2094//1677 2091//1677 2092//1677
f 2096//1678 2093//1678 2094//1678
f 2098//1679 2095//1679 2096//1679
f 2100//1680 2097//1680 2098//1680
f 2102//1681 2099//1681 2100//1681
f 2104//1682 2101//1682 2102//1682
f 2106//1683 2103//1683 2104//1683
f 2108//1684 2105//1684 2106//1684
f 2110//1685 2107//1685 2108//1685
f 2112//1686 2109//1686 2110//1686
f 2114//1687 2111//1687 2112//1687
f 2116//1688 2113//1688 2114//1688
f 2118//1689 2115//1689 2116//1689
f 2120//1690 2117//1690 2118//1690
f 2122//1691 2119//1691 2120//1691
f 2124//1692 2121//1692 2122//1692
f 2126//1693 2123//1693 2124//1693
f 2128//1694 2125//1694 2126//1694
f 2130//1695 2127//1695 2128//1695
f 2132//1696 2129//1696 2130//1696
f 2134//1697 2131//1697 2132//1697
f 2136//1698 2133//1698 2134//1698
f 2138//1699 2135//1699 2136//1699
f 2140//1700 2137//1700 2138//1700
f 2142//1701 2139//1701 2140//1701
f 2144//1702 2141//1702 2142//1702
f 2146//1703 2143//1703 2144//1703
f 2148//1704 2145//1704 2146//1704
f 2150//1705 2147//1705 2148//1705
f 2152//1706 2149//1706 2150//1706
f 2154//1707 2151//1707 2152//1707
f 2156//1708 2153//1708 2154//1708
f 2158//1709 2155//1709 2156//1709
f 2160//1710 2157//1710 2158//1710
f 2162//1711 2159//1711 2160//1711
f 2164//1712 2161//1712 2162//1712
f 2166//1713 2163//1713 2164//1713
f 2168//1714 2165//1714 2166//1714
f 2170//1715 2167//1715 2168//1715
f 2172//1716 2169//1716 2170//1716
f 2174//1717 2171//1717 2172//1717
f 2176//1718 2173//1718 2174//1718
f 2178//1719 2175//1719 2176//1719
f 2180//1720 2177//1720 2178//1720
f 2182//1721 2179//1721 2180//1721
f 2184//1722 2181//1722 2182//1722
f 2186//1723 2183//1723 2184//1723
f 2188//1724 2185//1724 2186//1724
f 2190//1725 2187//1725 2188//1725
f 2192//1726 2189//1726 2190//1726
f 2194//1727 2191//1727 2192//1727
f 2196//1728 2193//1728 2194//1728
f 2198//1729 2195//1729 2196//1729
f 2200//1730 2197//1730 2198//1730
f 2202//1731 2199//1731 2200//1731
f 2204//1732 2201//1732 2202//1732
f 2206//1733 2203//1733 2204//1733
f 2208//1734 2205//1734 2206//1734
f 2210//1735 2207//1735 2208//1735
f 2212//1736 2209//1736 2210//1736
f 2214//1737 2211//1737 2212//1737
f 2216//1738 2213//1738 2214//1738
f 2218//1739 2215//1739 2216//1739
f 2220//1740 2217//1740 2218//1740
f 2222//1741 2219//1741 2220//1741
f 2224//1742 2221//1742 2222//1742
f 2226//1743 2223//1743 2224//1743
f 2228//1744 2225//1744 2226//1744
f 2230//1745 2227//1745 2228//1745
f 2232//1746 2229//1746 2230//1746
f 2234//1747 2231//1747 2232//1747
f 2236//1748 2233//1748 2234//1748
f 2238//1749 2235//1749 2236//1749
f 2240//1750 2237//1750 2238//1750
f 2242//1751 2239//1751 2240//1751
f 2244//1752 2241//1752 2242//1752
f 2246//1753 2243//1753 2244//1753
f 2248//1754 2245//1754 2246//1754
f 2250//1755 2247//1755 2248//1755
f 2252//1756 2249//1756 2250//1756
f 2254//1757 2251//1757 2252//1757
f 2256//1758 2253//1758 2254//1758
f 2258//1759 2255//1759 2256//1759
f 2260//1760 2257//1760 2258//1760
f 2262//1761 2259//1761 2260//1761
f 2264//1762 2261//1762 2262//1762
f 2266//1763 2263//1763 2264//1763
f 2084//1764 2265//1764 2266//1764
f 2270//1765 2267//1765 2268//1765
f 2272//1766 2269//1766 2270//1766
f 2274//1767 2271//1767 2272//1767
f 2276//1768 2273//1768 2274//1768
f 2278//1769 2275//1769 2276//1769
f 2280//1770 2277//1770 2278//1770
f 2282//1771 2279//1771 2280//1771
f 2284//1772 2281//1772 2282//1772
f 2286//1773 2283//1773 2284//1773
f 2288//1774 2285//1774 2286//1774
f 2290//1775 2287//1775 2288//1775
f 2292//1776 2289//1776 2290//1776
f 2294//1777 2291//1777 2292//1777
f 2296//1778 2293//1778 2294//1778
f 2298//1779 2295//1779 2296//1779
f 2300//1780 2297//1780 2298//1780
f 2302//1781 2299//1781 2300//1781
f 2304//1782 2301//1782 2302//1782
f 2306//1783 2303//1783 2304//1783
f 2308//1784 2305//1784 2306//1784
f 2310//1785 2307//1785 2308//1785
f 2312//1786 2309//1786 2310//1786
f 2314//1787 2311//1787 2312//1787
f 2316//1788 2313//1788 2314//1788
f 2318//1789 2315//1789 2316//1789
f 2320//1790 2317//1790 2318//1790
f 2322//1791 2319//1791 2320//1791
f 2324//1792 2321//1792 2322//1792
f 2326//1793 2323//1793 2324//1793
f 2328//1794 2325//1794 2326//1794
f 2330//1795 2327//1795 2328//1795
f 2332//1796 2329//1796 2330//1796
f 2334//1797 2331//1797 2332//1797
f 2336//1798 2333//1798 2334//1798
f 2338//1799 2335//1799 2336//1799
f 2340//1800 2337//1800 2338//1800
f 2342//1801 2339//1801 2340//1801
f 2344//1802 2341//1802 2342//1802
f 2346//1803 2343//1803 2344//1803
f 2348//1804 2345//1804 2346//1804
f 2350//1805 2347//1805 2348//1805
f 2352//1806 2349//1806 2350//1806
f 2354//1807 2351//1807 2352//1807
f 2356//1808 2353//1808 2354//1808
f 2358//1809 2355//1809 2356//1809
f 2360//1810 2357//1810 2358//1810
f 2362//1811 2359//1811 2360//1811
f 2268//1812 2361//1812 2362//1812
f 2366//1813 2363//1813 2364//1813
f 2368//1814 2365//1814 2366//1814
f 2370//1815 2367//1815 2368//1815
f 2372//1816 2369//1816 2370//1816
f 2374//1817 2371//1817 2372//1817
f 2376//1818 2373//1818 2374//1818
f 2378//1819 2375//1819 2376//1819
f 2380//1820 2377//1820 2378//1820
f 2382//1821 2379//1821 2380//1821
f 2384//1822 2381//1822 2382//1822
f 2386//1823 2383//1823 2384//1823
f 2388//1824 2385//1824 2386//1824
f 2390//1825 2387//1825 2388//1825
f 2392//1826 2389//1826 2390//1826
f 2394//1827 2391//1827 2392//1827
f 2396//1828 2393//1828 2394//1828
f 2398//1829 2395//1829 2396//1829
f 2400//1830 2397//1830 2398//1830
f 2364//1831 2399//1831 2400//1831
f 2404//1832 2401//1832 2402//1832
f 2406//1833 2403//1833 2404//1833
f 2408//1834 2405//1834 2406//1834
f 2410//1835 2407//1835 2408//1835
f 2412//1836 2409//1836 2410//1836
f 2414//1837 2411//1837 2412//1837
f 2416//1838 2413//1838 2414//1838
f 2418//1839 2415//1839 2416//1839
f 2420//1840 2417//1840 2418//1840
f 2422//1841 2419//1841 2420//1841
f 2424//1842 2421//1842 2422//1842
f 2426//1843 2423//1843 2424//1843
f 2428//1844 2425//1844 2426//1844
f 2430//1845 2427//1845 2428//1845
f 2432//1846 2429//1846 2430//1846
f 2434//1847 2431//1847 2432//1847
f 2436//1848 2433//1848 2434//1848
f 2438//1849 2435//1849 2436//1849
f 2440//1850 2437//1850 2438//1850
f 2442//1851 2439//1851 2440//1851
f 2444//1852 2441//1852 2442//1852
f 2446//1853 2443//1853 2444//1853
f 2448//1854 2445//1854 2446//1854
f 2450//1855 2447//1855 2448//1855
f 2452//1856 2449//1856 2450//1856
f 2454//1857 2451//1857 2452//1857
f 2456//1858 2453//1858 2454//1858
f 2458//1859 2455//1859 2456//1859
f 2460//1860 2457//1860 2458//1860
f 2462//1861 2459//1861 2460//1861
f 2464//1862 2461//1862 2462//1862
f 2466//1863 2463//1863 2464//1863
f 2468//1864 2465//1864 2466//1864
f 2470//1865 2467//1865 2468//1865
f 2472//1866 2469//1866 2470//1866
f 2474//1867 2471//1867 2472//1867
f 2476//1868 2473//1868 2474//1868
f 2478//1869 2475//1869 2476//1869
f 2480//1870 2477//1870 2478//1870
f 2482//1871 2479//1871 2480//1871
f 2484//1872 2481//1872 2482//1872
f 2486//1873 2483//1873 2484//1873
f 2488//1874 2485//1874 2486//1874
f 2490//1875 2487//1875 2488//1875
f 2492//1876 2489//1876 2490//1876
f 2494//1877 2491//1877 2492//1877
f 2496//1878 2493//1878 2494//1878
f 2498//1879 2495//1879 2496//1879
f 2500//1880 2497//1880 2498//1880
f 2502//1881 2499//1881 2500//1881
f 2504//1882 2501//1882 2502//1882
f 2506//1883 2503//1883 2504//1883
f 2508//1884 2505//1884 2506//1884
f 2510//1885 2507//1885 2508//1885
f 2512//1886 2509//1886 2510//1886
f 2514//1887 2511//1887 2512//1887
f 2516//1888 2513//1888 2514//1888
f 2518//1889 2515//1889 2516//1889
f 2520//1890 2517//1890 2518//1890
f 2522//1891 2519//1891 2520//1891
f 2524//1892 2521//1892 2522//1892
f 2526//1893 2523//1893 2524//1893
f 2528//1894 2525//1894 2526//1894
f 2530//1895 2527//1895 2528//1895
f 2532//1896 2529//1896 2530//1896
f 2534//1897 2531//1897 2532//1897
f 2536//1898 2533//1898 2534//1898
f 2538//1899 2535//1899 2536//1899
f 2540//1900 2537//1900 2538//1900
f 2542//1901 2539//1901 2540//1901
f 2544//1902 2541//1902 2542//1902
f 2546//1903 2543//1903 2544//1903
f 2548//1904 2545//1904 2546//1904
f 2550//1905 2547//1905 2548//1905
f 2552//1906 2549//1906 2550//1906
f 2554//1907 2551//1907 2552//1907
f 2556//1908 2553//1908 2554//1908
f 2402//1909 2555//1909 2556//1909
f 2559//1910 2557//1910 2560//1910
f 2562//1911 2564//1911 2561//1911
f 2558//1912 2561//1912 2557//1912
f 2559//1913 2562//1913 2558//1913
f 2560//1914 2563//1914 2559//1914
f 2557//1915 2564//1915 2560//1915
f 2566//1916 2565//1916 2569//1916
f 2573//1917 2574//1917 2575//1917
f 2566//1918 2571//1918 2565//1918
f 2567//1919 2572//1919 2566//1919
f 2568//1920 2573//1920 2567//1920
f 2569//1921 2574//1921 2568//1921
f 2570//1922 2575//1922 2569//1922
f 2565//1923 2576//1923 2570//1923
f 148//1924 147//1924 145//1924
f 150//1925 149//1925 147//1925
f 152//1926 151//1926 149//1926
f 154//1927 153//1927 151//1927
f 156//1928 155//1928 153//1928
f 158//1929 157//1929 155//1929
f 160//1930 159//1930 157//1930
f 162//1931 161//1931 159//1931
f 164//1932 163//1932 161//1932
f 166//1933 165//1933 163//1933
f 168//1934 167//1934 165//1934
f 170//1935 169//1935 167//1935
f 172//1936 171//1936 169//1936
f 174//1937 173//1937 171//1937
f 176//1938 175//1938 173//1938
f 178//1939 177//1939 175//1939
f 180//1940 179//1940 177//1940
f 182//1941 181//1941 179//1941
f 184//1942 183//1942 181//1942
f 186//1943 185//1943 183//1943
f 188//1944 187//1944 185//1944
f 190//1945 189//1945 187//1945
f 192//1946 191//1946 189//1946
f 194//1947 193//1947 191//1947
f 196//1948 195//1948 193//1948
f 198//1949 197//1949 195//1949
f 200//1950 199//1950 197//1950
f 202//1951 201//1951 199//1951
f 204//1952 203//1952 201//1952
f 206//1953 205//1953 203//1953
f 208//1954 207//1954 205//1954
f 210//1955 209//1955 207//1955
f 212//1956 211//1956 209//1956
f 214//1957 213//1957 211//1957
f 216//1958 215//1958 213//1958
f 218//1959 217//1959 215//1959
f 220//1960 219//1960 217//1960
f 222//1961 221//1961 219//1961
f 224//1962 223//1962 221//1962
f 226//1963 225//1963 223//1963
f 228//1964 227//1964 225//1964
f 230//1965 229//1965 227//1965
f 232//1966 231//1966 229//1966
f 146//1967 145//1967 231//1967
f 236//1968 235//1968 233//1968
f 238//1969 237//1969 235//1969
f 240//1970 239//1970 237//1970
f 242//1971 241//1971 239//1971
f 244//1972 243//1972 241//1972
f 246//1973 245//1973 243//1973
f 248//1974 247//1974 245//1974
f 250//1975 249//1975 247//1975
f 252//1976 251//1976 249//1976
f 254//1977 253//1977 251//1977
f 256//1978 255//1978 253//1978
f 258//1979 257//1979 255//1979
f 260//1980 259//1980 257//1980
f 262//1981 261//1981 259//1981
f 264//1982 263//1982 261//1982
f 266//1983 265//1983 263//1983
f 268//1984 267//1984 265//1984
f 270//1985 269//1985 267//1985
f 272//1986 271//1986 269//1986
f 274//1987 273//1987 271//1987
f 276//1988 275//1988 273//1988
f 278//1989 277//1989 275//1989
f 280//1990 279//1990 277//1990
f 282//1991 281//1991 279//1991
f 284//1992 283//1992 281//1992
f 286//1993 285//1993 283//1993
f 288//1994 287//1994 285//1994
f 234//1995 233//1995 287//1995
f 1426//1996 1425//1996 1423//1996
f 1428//1997 1427//1997 1425//1997
f 1430//1998 1429//1998 1427//1998
f 1432//1999 1431//1999 1429//1999
f 1434//2000 1433//2000 1431//2000
f 1436//2001 1435//2001 1433//2001
f 1438//2002 1437//2002 1435//2002
f 1440//2003 1439//2003 1437//2003
f 1442//2004 1441//2004 1439//2004
f 1444//2005 1443//2005 1441//2005
f 1446//2006 1445//2006 1443//2006
f 1448//2007 1447//2007 1445//2007
f 1450//2008 1449//2008 1447//2008
f 1452//2009 1451//2009 1449//2009
f 1454//2010 1453//2010 1451//2010
f 1456//2011 1455//2011 1453//2011
f 1458//2012 1457//2012 1455//2012
f 1460//2013 1459//2013 1457//2013
f 1462//2014 1461//2014 1459//2014
f 1464//2015 1463//2015 1461//2015
f 1466//2016 1465//2016 1463//2016
f 1468//2017 1467//2017 1465//2017
f 1470//2018 1469//2018 1467//2018
f 1472//2019 1471//2019 1469//2019
f 1474//2020 1473//2020 1471//2020
f 1476//2021 1475//2021 1473//2021
f 1478//2022 1477//2022 1475//2022
f 1480//2023 1479//2023 1477//2023
f 1482//2024 1481//2024 1479//2024
f 1484//2025 1483//2025 1481//2025
f 1486//2026 1485//2026 1483//2026
f 1488//2027 1487//2027 1485//2027
f 1490//2028 1489//2028 1487//2028
f 1492//2029 1491//2029 1489//2029
f 1494//2030 1493//2030 1491//2030
f 1496//2031 1495//2031 1493//2031
f 1498//2032 1497//2032 1495//2032
f 1500//2033 1499//2033 1497//2033
f 1502//2034 1501//2034 1499//2034
f 1504//2035 1503//2035 1501//2035
f 1506//2036 1505//2036 1503//2036
f 1508//2037 1507//2037 1505//2037
f 1510//2038 1509//2038 1507//2038
f 1424//2039 1423//2039 1509//2039
f 1514//2040 1513//2040 1511//2040
f 1516//2041 1515//2041 1513//2041
f 1518//2042 1517//2042 1515//2042
f 1520//2043 1519//2043 1517//2043
f 1522//2044 1521//2044 1519//2044
f 1524//2045 1523//2045 1521//2045
f 1526//2046 1525//2046 1523//2046
f 1528//2047 1527//2047 1525//2047
f 1530//2048 1529//2048 1527//2048
f 1532//2049 1531//2049 1529//2049
f 1534//2050 1533//2050 1531//2050
f 1536//2051 1535//2051 1533//2051
f 1538//2052 1537//2052 1535//2052
f 1540//2053 1539//2053 1537//2053
f 1542//2054 1541//2054 1539//2054
f 1544//2055 1543//2055 1541//2055
f 1546//2056 1545//2056 1543//2056
f 1548//2057 1547//2057 1545//2057
f 1550//2058 1549//2058 1547//2058
f 1552//2059 1551//2059 1549//2059
f 1554//2060 1553//2060 1551//2060
f 1556//2061 1555//2061 1553//2061
f 1558//2062 1557//2062 1555//2062
f 1560//2063 1559//2063 1557//2063
f 1562//2064 1561//2064 1559//2064
f 1564//2065 1563//2065 1561//2065
f 1566//2066 1565//2066 1563//2066
f 1512//2067 1511//2067 1565//2067
f 1570//2068 1569//2068 1567//2068
f 1572//2069 1571//2069 1569//2069
f 1574//2070 1573//2070 1571//2070
f 1576//2071 1575//2071 1573//2071
f 1578//2072 1577//2072 1575//2072
f 1580//2073 1579//2073 1577//2073
f 1582//2074 1581//2074 1579//2074
f 1584//2075 1583//2075 1581//2075
f 1586//2076 1585//2076 1583//2076
f 1588//2077 1587//2077 1585//2077
f 1590//2078 1589//2078 1587//2078
f 1592//2079 1591//2079 1589//2079
f 1594//2080 1593//2080 1591//2080
f 1596//2081 1595//2081 1593//2081
f 1598//2082 1597//2082 1595//2082
f 1600//2083 1599//2083 1597//2083
f 1602//2084 1601//2084 1599//2084
f 1604//2085 1603//2085 1601//2085
f 1606//2086 1605//2086 1603//2086
f 1608//2087 1607//2087 1605//2087
f 1610//2088 1609//2088 1607//2088
f 1612//2089 1611//2089 1609//2089
f 1614//2090 1613//2090 1611//2090
f 1616//2091 1615//2091 1613//2091
f 1618//2092 1617//2092 1615//2092
f 1620//2093 1619//2093 1617//2093
f 1622//2094 1621//2094 1619//2094
f 1624//2095 1623//2095 1621//2095
f 1626//2096 1625//2096 1623//2096
f 1628//2097 1627//2097 1625//2097
f 1630//2098 1629//2098 1627//2098
f 1632//2099 1631//2099 1629//2099
f 1634//2100 1633//2100 1631//2100
f 1636//2101 1635//2101 1633//2101
f 1638//2102 1637//2102 1635//2102
f 1640//2103 1639//2103 1637//2103
f 1642//2104 1641//2104 1639//2104
f 1644//2105 1643//2105 1641//2105
f 1646//2106 1645//2106 1643//2106
f 1648//2107 1647//2107 1645//2107
f 1650//2108 1649//2108 1647//2108
f 1652//2109 1651//2109 1649//2109
f 1654//2110 1653//2110 1651//2110
f 1656//2111 1655//2111 1653//2111
f 1658//2112 1657//2112 1655//2112
f 1660//2113 1659//2113 1657//2113
f 1662//2114 1661//2114 1659//2114
f 1664//2115 1663//2115 1661//2115
f 1666//2116 1665//2116 1663//2116
f 1668//2117 1667//2117 1665//2117
f 1670//2118 1669//2118 1667//2118
f 1672//2119 1671//2119 1669//2119
f 1674//2120 1673//2120 1671//2120
f 1676//2121 1675//2121 1673//2121
f 1678//2122 1677//2122 1675//2122
f 1680//2123 1679//2123 1677//2123
f 1682//2124 1681//2124 1679//2124
f 1684//2125 1683//2125 1681//2125
f 1686//2126 1685//2126 1683//2126
f 1688//2127 1687//2127 1685//2127
f 1690//2128 1689//2128 1687//2128
f 1692//2129 1691//2129 1689//2129
f 1694//2130 1693//2130 1691//2130
f 1696//2131 1695//2131 1693//2131
f 1698//2132 1697//2132 1695//2132
f 1700//2133 1699//2133 1697//2133
f 1702//2134 1701//2134 1699//2134
f 1704//2135 1703//2135 1701//2135
f 1706//2136 1705//2136 1703//2136
f 1708//2137 1707//2137 1705//2137
f 1710//2138 1709//2138 1707//2138
f 1712//2139 1711//2139 1709//2139
f 1714//2140 1713//2140 1711//2140
f 1716//2141 1715//2141 1713//2141
f 1718//2142 1717//2142 1715//2142
f 1720//2143 1719//2143 1717//2143
f 1722//2144 1721//2144 1719//2144
f 1724//2145 1723//2145 1721//2145
f 1726//2146 1725//2146 1723//2146
f 1568//2147 1567//2147 1725//2147
f 1730//2148 1729//2148 1727//2148
f 1732//2149 1731//2149 1729//2149
f 1734//2150 1733//2150 1731//2150
f 1736//2151 1735//2151 1733//2151
f 1738//2152 1737//2152 1735//2152
f 1740//2153 1739//2153 1737//2153
f 1742//2154 1741//2154 1739//2154
f 1744//2155 1743//2155 1741//2155
f 1746//2156 1745//2156 1743//2156
f 1748//2157 1747//2157 1745//2157
f 1750//2158 1749//2158 1747//2158
f 1752//2159 1751//2159 1749//2159
f 1754//2160 1753//2160 1751//2160
f 1756//2161 1755//2161 1753//2161
f 1758//2162 1757//2162 1755//2162
f 1760//2163 1759//2163 1757//2163
f 1762//2164 1761//2164 1759//2164
f 1764//2165 1763//2165 1761//2165
f 1766//2166 1765//2166 1763//2166
f 1768//2167 1767//2167 1765//2167
f 1770//2168 1769//2168 1767//2168
f 1772//2169 1771//2169 1769//2169
f 1774//2170 1773//2170 1771//2170
f 1776//2171 1775//2171 1773//2171
f 1778//2172 1777//2172 1775//2172
f 1780//2173 1779//2173 1777//2173
f 1728//2174 1727//2174 1779//2174
f 1784//2175 1783//2175 1781//2175
f 1786//2176 1785//2176 1783//2176
f 1788//2177 1787//2177 1785//2177
f 1790//2178 1789//2178 1787//2178
f 1792//2179 1791//2179 1789//2179
f 1794//2180 1793//2180 1791//2180
f 1796//2181 1795//2181 1793//2181
f 1798//2182 1797//2182 1795//2182
f 1800//2183 1799//2183 1797//2183
f 1802//2184 1801//2184 1799//2184
f 1804//2185 1803//2185 1801//2185
f 1806//2186 1805//2186 1803//2186
f 1808//2187 1807//2187 1805//2187
f 1810//2188 1809//2188 1807//2188
f 1812//2189 1811//2189 1809//2189
f 1814//2190 1813//2190 1811//2190
f 1816//2191 1815//2191 1813//2191
f 1818//2192 1817//2192 1815//2192
f 1820//2193 1819//2193 1817//2193
f 1822//2194 1821//2194 1819//2194
f 1824//2195 1823//2195 1821//2195
f 1826//2196 1825//2196 1823//2196
f 1828//2197 1827//2197 1825//2197
f 1830//2198 1829//2198 1827//2198
f 1832//2199 1831//2199 1829//2199
f 1834//2200 1833//2200 1831//2200
f 1836//2201 1835//2201 1833//2201
f 1838//2202 1837//2202 1835//2202
f 1840//2203 1839//2203 1837//2203
f 1842//2204 1841//2204 1839//2204
f 1844//2205 1843//2205 1841//2205
f 1846//2206 1845//2206 1843//2206
f 1848//2207 1847//2207 1845//2207
f 1850//2208 1849//2208 1847//2208
f 1852//2209 1851//2209 1849//2209
f 1854//2210 1853//2210 1851//2210
f 1856//2211 1855//2211 1853//2211
f 1858//2212 1857//2212 1855//2212
f 1860//2213 1859//2213 1857//2213
f 1862//2214 1861//2214 1859//2214
f 1864//2215 1863//2215 1861//2215
f 1866//2216 1865//2216 1863//2216
f 1868//2217 1867//2217 1865//2217
f 1870//2218 1869//2218 1867//2218
f 1872//2219 1871//2219 1869//2219
f 1874//2220 1873//2220 1871//2220
f 1876//2221 1875//2221 1873//2221
f 1782//2222 1781//2222 1875//2222
f 1880//2223 1879//2223 1877//2223
f 1882//2224 1881//2224 1879//2224
f 1884//2225 1883//2225 1881//2225
f 1886//2226 1885//2226 1883//2226
f 1888//2227 1887//2227 1885//2227
f 1890//2228 1889//2228 1887//2228
f 1892//2229 1891//2229 1889//2229
f 1894//2230 1893//2230 1891//2230
f 1896//2231 1895//2231 1893//2231
f 1898//2232 1897//2232 1895//2232
f 1900//2233 1899//2233 1897//2233
f 1902//2234 1901//2234 1899//2234
f 1904//2235 1903//2235 1901//2235
f 1906//2236 1905//2236 1903//2236
f 1908//2237 1907//2237 1905//2237
f 1910//2238 1909//2238 1907//2238
f 1912//2239 1911//2239 1909//2239
f 1914//2240 1913//2240 1911//2240
f 1878//2241 1877//2241 1913//2241
f 1918//2242 1917//2242 1915//2242
f 1920//2243 1919//2243 1917//2243
f 1922//2244 1921//2244 1919//2244
f 1924//2245 1923//2245 1921//2245
f 1926//2246 1925//2246 1923//2246
f 1928//2247 1927//2247 1925//2247
f 1930//2248 1929//2248 1927//2248
f 1932//2249 1931//2249 1929//2249
f 1934//2250 1933//2250 1931//2250
f 1936//2251 1935//2251 1933//2251
f 1938//2252 1937//2252 1935//2252
f 1940//2253 1939//2253 1937//2253
f 1942//2254 1941//2254 1939//2254
f 1944//2255 1943//2255 1941//2255
f 1946//2256 1945//2256 1943//2256
f 1948//2257 1947//2257 1945//2257
f 1950//2258 1949//2258 1947//2258
f 1952//2259 1951//2259 1949//2259
f 1954//2260 1953//2260 1951//2260
f 1956//2261 1955//2261 1953//2261
f 1958//2262 1957//2262 1955//2262
f 1960//2263 1959//2263 1957//2263
f 1962//2264 1961//2264 1959//2264
f 1964//2265 1963//2265 1961//2265
f 1966//2266 1965//2266 1963//2266
f 1968//2267 1967//2267 1965//2267
f 1970//2268 1969//2268 1967//2268
f 1972//2269 1971//2269 1969//2269
f 1974//2270 1973//2270 1971//2270
f 1976//2271 1975//2271 1973//2271
f 1978//2272 1977//2272 1975//2272
f 1980//2273 1979//2273 1977//2273
f 1982//2274 1981//2274 1979//2274
f 1984//2275 1983//2275 1981//2275
f 1986//2276 1985//2276 1983//2276
f 1988//2277 1987//2277 1985//2277
f 1990//2278 1989//2278 1987//2278
f 1992//2279 1991//2279 1989//2279
f 1994//2280 1993//2280 1991//2280
f 1996//2281 1995//2281 1993//2281
f 1998//2282 1997//2282 1995//2282
f 2000//2283 1999//2283 1997//2283
f 2002//2284 2001//2284 1999//2284
f 2004//2285 2003//2285 2001//2285
f 2006//2286 2005//2286 2003//2286
f 2008//2287 2007//2287 2005//2287
f 2010//2288 2009//2288 2007//2288
f 2012//2289 2011//2289 2009//2289
f 2014//2290 2013//2290 2011//2290
f 2016//2291 2015//2291 2013//2291
f 2018//2292 2017//2292 2015//2292
f 2020//2293 2019//2293 2017//2293
f 2022//2294 2021//2294 2019//2294
f 2024//2295 2023//2295 2021//2295
f 2026//2296 2025//2296 2023//2296
f 2028//2297 2027//2297 2025//2297
f 1916//2298 1915//2298 2027//2298
f 2032//2299 2031//2299 2029//2299
f 2034//2300 2033//2300 2031//2300
f 2036//2301 2035//2301 2033//2301
f 2038//2302 2037//2302 2035//2302
f 2040//2303 2039//2303 2037//2303
f 2042//2304 2041//2304 2039//2304
f 2044//2305 2043//2305 2041//2305
f 2046//2306 2045//2306 2043//2306
f 2048//2307 2047//2307 2045//2307
f 2050//2308 2049//2308 2047//2308
f 2052//2309 2051//2309 2049//2309
f 2054//2310 2053//2310 2051//2310
f 2056//2311 2055//2311 2053//2311
f 2058//2312 2057//2312 2055//2312
f 2060//2313 2059//2313 2057//2313
f 2062//2314 2061//2314 2059//2314
f 2064//2315 2063//2315 2061//2315
f 2066//2316 2065//2316 2063//2316
f 2068//2317 2067//2317 2065//2317
f 2070//2318 2069//2318 2067//2318
f 2072//2319 2071//2319 2069//2319
f 2074//2320 2073//2320 2071//2320
f 2076//2321 2075//2321 2073//2321
f 2078//2322 2077//2322 2075//2322
f 2080//2323 2079//2323 2077//2323
f 2082//2324 2081//2324 2079//2324
f 2030//2325 2029//2325 2081//2325
f 2086//2326 2085//2326 2083//2326
f 2088//2327 2087//2327 2085//2327
f 2090//2328 2089//2328 2087//2328
f 2092//2329 2091//2329 2089//2329
f 2094//2330 2093//2330 2091//2330
f 2096//2331 2095//2331 2093//2331
f 2098//2332 2097//2332 2095//2332
f 2100//2333 2099//2333 2097//2333
f 2102//2334 2101//2334 2099//2334
f 2104//2335 2103//2335 2101//2335
f 2106//2336 2105//2336 2103//2336
f 2108//2337 2107//2337 2105//2337
f 2110//2338 2109//2338 2107//2338
f 2112//2339 2111//2339 2109//2339
f 2114//2340 2113//2340 2111//2340
f 2116//2341 2115//2341 2113//2341
f 2118//2342 2117//2342 2115//2342
f 2120//2343 2119//2343 2117//2343
f 2122//2344 2121//2344 2119//2344
f 2124//2345 2123//2345 2121//2345
f 2126//2346 2125//2346 2123//2346
f 2128//2347 2127//2347 2125//2347
f 2130//2348 2129//2348 2127//2348
f 2132//2349 2131//2349 2129//2349
f 2134//2350 2133//2350 2131//2350
f 2136//2351 2135//2351 2133//2351
f 2138//2352 2137//2352 2135//2352
f 2140//2353 2139//2353 2137//2353
f 2142//2354 2141//2354 2139//2354
f 2144//2355 2143//2355 2141//2355
f 2146//2356 2145//2356 2143//2356
f 2148//2357 2147//2357 2145//2357
f 2150//2358 2149//2358 2147//2358
f 2152//2359 2151//2359 2149//2359
f 2154//2360 2153//2360 2151//2360
f 2156//2361 2155//2361 2153//2361
f 2158//2362 2157//2362 2155//2362
f 2160//2363 2159//2363 2157//2363
f 2162//2364 2161//2364 2159//2364
f 2164//2365 2163//2365 2161//2365
f 2166//2366 2165//2366 2163//2366
f 2168//2367 2167//2367 2165//2367
f 2170//2368 2169//2368 2167//2368
f 2172//2369 2171//2369 2169//2369
f 2174//2370 2173//2370 2171//2370
f 2176//2371 2175//2371 2173//2371
f 2178//2372 2177//2372 2175//2372
f 2180//2373 2179//2373 2177//2373
f 2182//2374 2181//2374 2179//2374
f 2184//2375 2183//2375 2181//2375
f 2186//2376 2185//2376 2183//2376
f 2188//2377 2187//2377 2185//2377
f 2190//2378 2189//2378 2187//2378
f 2192//2379 2191//2379 2189//2379
f 2194//2380 2193//2380 2191//2380
f 2196//2381 2195//2381 2193//2381
f 2198//2382 2197//2382 2195//2382
f 2200//2383 2199//2383 2197//2383
f 2202//2384 2201//2384 2199//2384
f 2204//2385 2203//2385 2201//2385
f 2206//2386 2205//2386 2203//2386
f 2208//2387 2207//2387 2205//2387
f 2210//2388 2209//2388 2207//2388
f 2212//2389 2211//2389 2209//2389
f 2214//2390 2213//2390 2211//2390
f 2216//2391 2215//2391 2213//2391
f 2218//2392 2217//2392 2215//2392
f 2220//2393 2219//2393 2217//2393
f 2222//2394 2221//2394 2219//2394
f 2224//2395 2223//2395 2221//2395
f 2226//2396 2225//2396 2223//2396
f 2228//2397 2227//2397 2225//2397
f 2230//2398 2229//2398 2227//2398
f 2232//2399 2231//2399 2229//2399
f 2234//2400 2233//2400 2231//2400
f 2236//2401 2235//2401 2233//2401
f 2238//2402 2237//2402 2235//2402
f 2240//2403 2239//2403 2237//2403
f 2242//2404 2241//2404 2239//2404
f 2244//2405 2243//2405 2241//2405
f 2246//2406 2245//2406 2243//2406
f 2248//2407 2247//2407 2245//2407
f 2250//2408 2249//2408 2247//2408
f 2252//2409 2251//2409 2249//2409
f 2254//2410 2253//2410 2251//2410
f 2256//2411 2255//2411 2253//2411
f 2258//2412 2257//2412 2255//2412
f 2260//2413 2259//2413 2257//2413
f 2262//2414 2261//2414 2259//2414
f 2264//2415 2263//2415 2261//2415
f 2266//2416 2265//2416 2263//2416
f 2084//2417 2083//2417 2265//2417
f 2270//2418 2269//2418 2267//2418
f 2272//2419 2271//2419 2269//2419
f 2274//2420 2273//2420 2271//2420
f 2276//2421 2275//2421 2273//2421
f 2278//2422 2277//2422 2275//2422
f 2280//2423 2279//2423 2277//2423
f 2282//2424 2281//2424 2279//2424
f 2284//2425 2283//2425 2281//2425
f 2286//2426 2285//2426 2283//2426
f 2288//2427 2287//2427 2285//2427
f 2290//2428 2289//2428 2287//2428
f 2292//2429 2291//2429 2289//2429
f 2294//2430 2293//2430 2291//2430
f 2296//2431 2295//2431 2293//2431
f 2298//2432 2297//2432 2295//2432
f 2300//2433 2299//2433 2297//2433
f 2302//2434 2301//2434 2299//2434
f 2304//2435 2303//2435 2301//2435
f 2306//2436 2305//2436 2303//2436
f 2308//2437 2307//2437 2305//2437
f 2310//2438 2309//2438 2307//2438
f 2312//2439 2311//2439 2309//2439
f 2314//2440 2313//2440 2311//2440
f 2316//2441 2315//2441 2313//2441
f 2318//2442 2317//2442 2315//2442
f 2320//2443 2319//2443 2317//2443
f 2322//2444 2321//2444 2319//2444
f 2324//2445 2323//2445 2321//2445
f 2326//2446 2325//2446 2323//2446
f 2328//2447 2327//2447 2325//2447
f 2330//2448 2329//2448 2327//2448
f 2332//2449 2331//2449 2329//2449
f 2334//2450 2333//2450 2331//2450
f 2336//2451 2335//2451 2333//2451
f 2338//2452 2337//2452 2335//2452
f 2340//2453 2339//2453 2337//2453
f 2342//2454 2341//2454 2339//2454
f 2344//2455 2343//2455 2341//2455
f 2346//2456 2345//2456 2343//2456
f 2348//2457 2347//2457 2345//2457
f 2350//2458 2349//2458 2347//2458
f 2352//2459 2351//2459 2349//2459
f 2354//2460 2353//2460 2351//2460
f 2356//2461 2355//2461 2353//2461
f 2358//2462 2357//2462 2355//2462
f 2360//2463 2359//2463 2357//2463
f 2362//2464 2361//2464 2359//2464
f 2268//2465 2267//2465 2361//2465
f 2366//2466 2365//2466 2363//2466
f 2368//2467 2367//2467 2365//2467
f 2370//2468 2369//2468 2367//2468
f 2372//2469 2371//2469 2369//2469
f 2374//2470 2373//2470 2371//2470
f 2376//2471 2375//2471 2373//2471
f 2378//2472 2377//2472 2375//2472
f 2380//2473 2379//2473 2377//2473
f 2382//2474 2381//2474 2379//2474
f 2384//2475 2383//2475 2381//2475
f 2386//2476 2385//2476 2383//2476
f 2388//2477 2387//2477 2385//2477
f 2390//2478 2389//2478 2387//2478
f 2392//2479 2391//2479 2389//2479
f 2394//2480 2393//2480 2391//2480
f 2396//2481 2395//2481 2393//2481
f 2398//2482 2397//2482 2395//2482
f 2400//2483 2399//2483 2397//2483
f 2364//2484 2363//2484 2399//2484
f 2404//2485 2403//2485 2401//2485
f 2406//2486 2405//2486 2403//2486
f 2408//2487 2407//2487 2405//2487
f 2410//2488 2409//2488 2407//2488
f 2412//2489 2411//2489 2409//2489
f 2414//2490 2413//2490 2411//2490
f 2416//2491 2415//2491 2413//2491
f 2418//2492 2417//2492 2415//2492
f 2420//2493 2419//2493 2417//2493
f 2422//2494 2421//2494 2419//2494
f 2424//2495 2423//2495 2421//2495
f 2426//2496 2425//2496 2423//2496
f 2428//2497 2427//2497 2425//2497
f 2430//2498 2429//2498 2427//2498
f 2432//2499 2431//2499 2429//2499
f 2434//2500 2433//2500 2431//2500
f 2436//2501 2435//2501 2433//2501
f 2438//2502 2437//2502 2435//2502
f 2440//2503 2439//2503 2437//2503
f 2442//2504 2441//2504 2439//2504
f 2444//2505 2443//2505 2441//2505
f 2446//2506 2445//2506 2443//2506
f 2448//2507 2447//2507 2445//2507
f 2450//2508 2449//2508 2447//2508
f 2452//2509 2451//2509 2449//2509
f 2454//2510 2453//2510 2451//2510
f 2456//2511 2455//2511 2453//2511
f 2458//2512 2457//2512 2455//2512
f 2460//2513 2459//2513 2457//2513
f 2462//2514 2461//2514 2459//2514
f 2464//2515 2463//2515 2461//2515
f 2466//2516 2465//2516 2463//2516
f 2468//2517 2467//2517 2465//2517
f 2470//2518 2469//2518 2467//2518
f 2472//2519 2471//2519 2469//2519
f 2474//2520 2473//2520 2471//2520
f 2476//2521 2475//2521 2473//2521
f 2478//2522 2477//2522 2475//2522
f 2480//2523 2479//2523 2477//2523
f 2482//2524 2481//2524 2479//2524
f 2484//2525 2483//2525 2481//2525
f 2486//2526 2485//2526 2483//2526
f 2488//2527 2487//2527 2485//2527
f 2490//2528 2489//2528 2487//2528
f 2492//2529 2491//2529 2489//2529
f 2494//2530 2493//2530 2491//2530
f 2496//2531 2495//2531 2493//2531
f 2498//2532 2497//2532 2495//2532
f 2500//2533 2499//2533 2497//2533
f 2502//2534 2501//2534 2499//2534
f 2504//2535 2503//2535 2501//2535
f 2506//2536 2505//2536 2503//2536
f 2508//2537 2507//2537 2505//2537
f 2510//2538 2509//2538 2507//2538
f 2512//2539 2511//2539 2509//2539
f 2514//2540 2513//2540 2511//2540
f 2516//2541 2515//2541 2513//2541
f 2518//2542 2517//2542 2515//2542
f 2520//2543 2519//2543 2517//2543
f 2522//2544 2521//2544 2519//2544
f 2524//2545 2523//2545 2521//2545
f 2526//2546 2525//2546 2523//2546
f 2528//2547 2527//2547 2525//2547
f 2530//2548 2529//2548 2527//2548
f 2532//2549 2531//2549 2529//2549
f 2534//2550 2533//2550 2531//2550
f 2536//2551 2535//2551 2533//2551
f 2538//2552 2537//2552 2535//2552
f 2540//2553 2539//2553 2537//2553
f 2542//2554 2541//2554 2539//2554
f 2544//2555 2543//2555 2541//2555
f 2546//2556 2545//2556 2543//2556
f 2548//2557 2547//2557 2545//2557
f 2550//2558 2549//2558 2547//2558
f 2552//2559 2551//2559 2549//2559
f 2554//2560 2553//2560 2551//2560
f 2556//2561 2555//2561 2553//2561
f 2402//2562 2401//2562 2555//2562
f 2559//2563 2558//2563 2557//2563
f 2562//2564 2563//2564 2564//2564
f 2558//2565 2562//2565 2561//2565
f 2559//2566 2563//2566 2562//2566
f 2560//2567 2564//2567 2563//2567
f 2557//2568 2561//2568 2564//2568
f 2565//2569 2570//2569 2569//2569
f 2569//2570 2568//2570 2567//2570
f 2567//2571 2566//2571 2569//2571
f 2576//2572 2571//2572 2575//2572
f 2571//2573 2572//2573 2575//2573
f 2572//2574 2573//2574 2575//2574
f 2566//2575 2572//2575 2571//2575
f 2567//2576 2573//2576 2572//2576
f 2568//2577 2574//2577 2573//2577
f 2569//2578 2575//2578 2574//2578
f 2570//2579 2576//2579 2575//2579
f 2565//2580 2571//2580 2576//2580
