# Original asset generated in Blender
v 0.034904 0.825665 0.156000
v 0.036982 0.820939 0.156000
v 0.038465 0.815730 0.156000
v 0.039355 0.810037 0.156000
v 0.039652 0.803861 0.156000
v 0.039432 0.798663 0.156000
v 0.038773 0.793794 0.156000
v 0.037674 0.789255 0.156000
v 0.036135 0.785046 0.156000
v 0.033723 0.780238 0.156000
v 0.030706 0.776012 0.156000
v 0.027085 0.772369 0.156000
v 0.022859 0.769308 0.156000
v 0.018106 0.766885 0.156000
v 0.012902 0.765154 0.156000
v 0.007248 0.764115 0.156000
v 0.001143 0.763769 0.156000
v -0.005209 0.764148 0.156000
v -0.011078 0.765286 0.156000
v -0.016463 0.767182 0.156000
v -0.021365 0.769836 0.156000
v -0.025695 0.773171 0.156000
v -0.029365 0.777111 0.156000
v -0.032377 0.781655 0.156000
v -0.034729 0.786804 0.156000
v -0.035959 0.790651 0.156000
v -0.036839 0.794805 0.156000
v -0.037366 0.799267 0.156000
v -0.037542 0.804037 0.156000
v -0.037542 0.857668 0.156000
v -0.037245 0.862273 0.156000
v -0.036355 0.866592 0.156000
v -0.034871 0.870625 0.156000
v -0.032794 0.874373 0.156000
v -0.030184 0.877774 0.156000
v -0.027101 0.880769 0.156000
v -0.023546 0.883357 0.156000
v -0.019518 0.885539 0.156000
v -0.015095 0.887270 0.156000
v -0.010353 0.888506 0.156000
v -0.005292 0.889248 0.156000
v 0.000088 0.889495 0.156000
v 0.005303 0.889254 0.156000
v 0.010221 0.888528 0.156000
v 0.014842 0.887319 0.156000
v 0.019167 0.885627 0.156000
v 0.023112 0.883495 0.156000
v 0.026596 0.880967 0.156000
v 0.029618 0.878044 0.156000
v 0.032179 0.874725 0.156000
v 0.034218 0.871076 0.156000
v 0.035674 0.867164 0.156000
v 0.036547 0.862987 0.156000
v 0.036839 0.858547 0.156000
v 0.036839 0.854679 0.156000
v 0.036800 0.854256 0.156000
v 0.036685 0.853866 0.156000
v 0.036492 0.853508 0.156000
v 0.036223 0.853184 0.156000
v 0.035899 0.852915 0.156000
v 0.035542 0.852723 0.156000
v 0.035152 0.852607 0.156000
v 0.034729 0.852569 0.156000
v 0.018551 0.852569 0.156000
v 0.018128 0.852607 0.156000
v 0.017738 0.852723 0.156000
v 0.017381 0.852915 0.156000
v 0.017057 0.853184 0.156000
v 0.016787 0.853508 0.156000
v 0.016595 0.853866 0.156000
v 0.016480 0.854256 0.156000
v 0.016441 0.854679 0.156000
v 0.016441 0.855910 0.156000
v 0.016150 0.859267 0.156000
v 0.015276 0.862306 0.156000
v 0.013820 0.865026 0.156000
v 0.011781 0.867427 0.156000
v 0.009292 0.869389 0.156000
v 0.006484 0.870790 0.156000
v 0.003357 0.871631 0.156000
v -0.000088 0.871911 0.156000
v -0.003621 0.871620 0.156000
v -0.006836 0.870746 0.156000
v -0.009732 0.869290 0.156000
v -0.012309 0.867252 0.156000
v -0.014424 0.864751 0.156000
v -0.015936 0.861910 0.156000
v -0.016842 0.858729 0.156000
v -0.017144 0.855206 0.156000
v -0.017144 0.836040 0.156000
v -0.017123 0.835798 0.156000
v -0.017057 0.835600 0.156000
v -0.016947 0.835446 0.156000
v -0.016793 0.835336 0.156000
v -0.016617 0.835281 0.156000
v -0.016441 0.835292 0.156000
v -0.016265 0.835369 0.156000
v -0.016089 0.835512 0.156000
v -0.012045 0.838666 0.156000
v -0.007297 0.840919 0.156000
v -0.001846 0.842271 0.156000
v 0.004308 0.842722 0.156000
v 0.009336 0.842447 0.156000
v 0.014045 0.841623 0.156000
v 0.018436 0.840249 0.156000
v 0.022508 0.838326 0.156000
v 0.026217 0.835886 0.156000
v 0.029519 0.832963 0.156000
v 0.032415 0.829556 0.156000
v 0.016617 0.791024 0.156000
v 0.017771 0.793783 0.156000
v 0.018595 0.796783 0.156000
v 0.019090 0.800025 0.156000
v 0.019255 0.803509 0.156000
v 0.019068 0.807323 0.156000
v 0.018507 0.810851 0.156000
v 0.017573 0.814093 0.156000
v 0.016265 0.817049 0.156000
v 0.013463 0.820742 0.156000
v 0.009979 0.823379 0.156000
v 0.005814 0.824962 0.156000
v 0.000967 0.825489 0.156000
v -0.004088 0.824940 0.156000
v -0.008352 0.823291 0.156000
v -0.011825 0.820544 0.156000
v -0.014507 0.816697 0.156000
v -0.015661 0.813862 0.156000
v -0.016485 0.810631 0.156000
v -0.016980 0.807004 0.156000
v -0.017144 0.802982 0.156000
v -0.017002 0.799542 0.156000
v -0.016573 0.796432 0.156000
v -0.015859 0.793651 0.156000
v -0.014859 0.791200 0.156000
v -0.012287 0.786969 0.156000
v -0.008792 0.783947 0.156000
v -0.004374 0.782134 0.156000
v 0.000967 0.781529 0.156000
v 0.006099 0.782122 0.156000
v 0.010419 0.783903 0.156000
v 0.013924 0.786870 0.156000
v 0.034904 0.825665 0.154000
v 0.036982 0.820939 0.154000
v 0.038465 0.815730 0.154000
v 0.039355 0.810037 0.154000
v 0.039652 0.803861 0.154000
v 0.039432 0.798663 0.154000
v 0.038773 0.793794 0.154000
v 0.037674 0.789255 0.154000
v 0.036135 0.785046 0.154000
v 0.033723 0.780238 0.154000
v 0.030706 0.776012 0.154000
v 0.027085 0.772369 0.154000
v 0.022859 0.769308 0.154000
v 0.018106 0.766885 0.154000
v 0.012902 0.765154 0.154000
v 0.007248 0.764115 0.154000
v 0.001143 0.763769 0.154000
v -0.005209 0.764148 0.154000
v -0.011078 0.765286 0.154000
v -0.016463 0.767182 0.154000
v -0.021365 0.769836 0.154000
v -0.025695 0.773171 0.154000
v -0.029365 0.777111 0.154000
v -0.032377 0.781655 0.154000
v -0.034729 0.786804 0.154000
v -0.035959 0.790651 0.154000
v -0.036839 0.794805 0.154000
v -0.037366 0.799267 0.154000
v -0.037542 0.804037 0.154000
v -0.037542 0.857668 0.154000
v -0.037245 0.862273 0.154000
v -0.036355 0.866592 0.154000
v -0.034871 0.870625 0.154000
v -0.032794 0.874373 0.154000
v -0.030184 0.877775 0.154000
v -0.027101 0.880769 0.154000
v -0.023546 0.883357 0.154000
v -0.019518 0.885539 0.154000
v -0.015095 0.887270 0.154000
v -0.010353 0.888506 0.154000
v -0.005292 0.889248 0.154000
v 0.000088 0.889495 0.154000
v 0.005303 0.889254 0.154000
v 0.010221 0.888528 0.154000
v 0.014842 0.887319 0.154000
v 0.019167 0.885627 0.154000
v 0.023112 0.883495 0.154000
v 0.026596 0.880967 0.154000
v 0.029618 0.878044 0.154000
v 0.032179 0.874725 0.154000
v 0.034218 0.871076 0.154000
v 0.035674 0.867164 0.154000
v 0.036547 0.862987 0.154000
v 0.036839 0.858547 0.154000
v 0.036839 0.854679 0.154000
v 0.036800 0.854256 0.154000
v 0.036685 0.853866 0.154000
v 0.036492 0.853508 0.154000
v 0.036223 0.853184 0.154000
v 0.035899 0.852915 0.154000
v 0.035542 0.852723 0.154000
v 0.035152 0.852607 0.154000
v 0.034729 0.852569 0.154000
v 0.018551 0.852569 0.154000
v 0.018128 0.852607 0.154000
v 0.017738 0.852723 0.154000
v 0.017381 0.852915 0.154000
v 0.017057 0.853184 0.154000
v 0.016787 0.853508 0.154000
v 0.016595 0.853866 0.154000
v 0.016480 0.854256 0.154000
v 0.016441 0.854679 0.154000
v 0.016441 0.855910 0.154000
v 0.016150 0.859267 0.154000
v 0.015276 0.862306 0.154000
v 0.013820 0.865026 0.154000
v 0.011781 0.867427 0.154000
v 0.009292 0.869389 0.154000
v 0.006484 0.870790 0.154000
v 0.003357 0.871631 0.154000
v -0.000088 0.871911 0.154000
v -0.003621 0.871620 0.154000
v -0.006836 0.870746 0.154000
v -0.009732 0.869290 0.154000
v -0.012309 0.867252 0.154000
v -0.014424 0.864751 0.154000
v -0.015936 0.861910 0.154000
v -0.016842 0.858729 0.154000
v -0.017144 0.855206 0.154000
v -0.017144 0.836040 0.154000
v -0.017123 0.835798 0.154000
v -0.017057 0.835600 0.154000
v -0.016947 0.835446 0.154000
v -0.016793 0.835336 0.154000
v -0.016617 0.835281 0.154000
v -0.016441 0.835292 0.154000
v -0.016265 0.835369 0.154000
v -0.016089 0.835512 0.154000
v -0.012045 0.838666 0.154000
v -0.007297 0.840919 0.154000
v -0.001846 0.842271 0.154000
v 0.004308 0.842722 0.154000
v 0.009336 0.842447 0.154000
v 0.014045 0.841623 0.154000
v 0.018436 0.840249 0.154000
v 0.022508 0.838326 0.154000
v 0.026217 0.835886 0.154000
v 0.029519 0.832963 0.154000
v 0.032415 0.829556 0.154000
v 0.016617 0.791024 0.154000
v 0.017771 0.793783 0.154000
v 0.018595 0.796783 0.154000
v 0.019090 0.800025 0.154000
v 0.019255 0.803509 0.154000
v 0.019068 0.807323 0.154000
v 0.018507 0.810851 0.154000
v 0.017573 0.814093 0.154000
v 0.016265 0.817049 0.154000
v 0.013463 0.820742 0.154000
v 0.009979 0.823379 0.154000
v 0.005814 0.824962 0.154000
v 0.000967 0.825489 0.154000
v -0.004088 0.824940 0.154000
v -0.008352 0.823291 0.154000
v -0.011825 0.820544 0.154000
v -0.014507 0.816697 0.154000
v -0.015661 0.813862 0.154000
v -0.016485 0.810631 0.154000
v -0.016980 0.807004 0.154000
v -0.017144 0.802982 0.154000
v -0.017002 0.799542 0.154000
v -0.016573 0.796432 0.154000
v -0.015859 0.793651 0.154000
v -0.014859 0.791200 0.154000
v -0.012287 0.786969 0.154000
v -0.008792 0.783947 0.154000
v -0.004374 0.782134 0.154000
v 0.000967 0.781529 0.154000
v 0.006099 0.782122 0.154000
v 0.010419 0.783903 0.154000
v 0.013924 0.786870 0.154000
v 0.034904 0.825665 0.154000
v 0.034904 0.825665 0.156000
v 0.036982 0.820939 0.154000
v 0.036982 0.820939 0.156000
v 0.038465 0.815730 0.154000
v 0.038465 0.815730 0.156000
v 0.039355 0.810037 0.154000
v 0.039355 0.810037 0.156000
v 0.039652 0.803861 0.154000
v 0.039652 0.803861 0.156000
v 0.039432 0.798663 0.154000
v 0.039432 0.798663 0.156000
v 0.038773 0.793794 0.154000
v 0.038773 0.793794 0.156000
v 0.037674 0.789255 0.154000
v 0.037674 0.789255 0.156000
v 0.036135 0.785046 0.154000
v 0.036135 0.785046 0.156000
v 0.033723 0.780238 0.154000
v 0.033723 0.780238 0.156000
v 0.030706 0.776012 0.154000
v 0.030706 0.776012 0.156000
v 0.027085 0.772369 0.154000
v 0.027085 0.772369 0.156000
v 0.022859 0.769308 0.154000
v 0.022859 0.769308 0.156000
v 0.018106 0.766885 0.154000
v 0.018106 0.766885 0.156000
v 0.012902 0.765154 0.154000
v 0.012902 0.765154 0.156000
v 0.007248 0.764115 0.154000
v 0.007248 0.764115 0.156000
v 0.001143 0.763769 0.154000
v 0.001143 0.763769 0.156000
v -0.005209 0.764148 0.154000
v -0.005209 0.764148 0.156000
v -0.011078 0.765286 0.154000
v -0.011078 0.765286 0.156000
v -0.016463 0.767182 0.154000
v -0.016463 0.767182 0.156000
v -0.021365 0.769836 0.154000
v -0.021365 0.769836 0.156000
v -0.025695 0.773171 0.154000
v -0.025695 0.773171 0.156000
v -0.029365 0.777111 0.154000
v -0.029365 0.777111 0.156000
v -0.032377 0.781655 0.154000
v -0.032377 0.781655 0.156000
v -0.034729 0.786804 0.154000
v -0.034729 0.786804 0.156000
v -0.035959 0.790651 0.154000
v -0.035959 0.790651 0.156000
v -0.036839 0.794805 0.154000
v -0.036839 0.794805 0.156000
v -0.037366 0.799267 0.154000
v -0.037366 0.799267 0.156000
v -0.037542 0.804037 0.154000
v -0.037542 0.804037 0.156000
v -0.037542 0.857668 0.154000
v -0.037542 0.857668 0.156000
v -0.037245 0.862273 0.154000
v -0.037245 0.862273 0.156000
v -0.036355 0.866592 0.154000
v -0.036355 0.866592 0.156000
v -0.034871 0.870625 0.154000
v -0.034871 0.870625 0.156000
v -0.032794 0.874373 0.154000
v -0.032794 0.874373 0.156000
v -0.030184 0.877775 0.154000
v -0.030184 0.877774 0.156000
v -0.027101 0.880769 0.154000
v -0.027101 0.880769 0.156000
v -0.023546 0.883357 0.154000
v -0.023546 0.883357 0.156000
v -0.019518 0.885539 0.154000
v -0.019518 0.885539 0.156000
v -0.015095 0.887270 0.154000
v -0.015095 0.887270 0.156000
v -0.010353 0.888506 0.154000
v -0.010353 0.888506 0.156000
v -0.005292 0.889248 0.154000
v -0.005292 0.889248 0.156000
v 0.000088 0.889495 0.154000
v 0.000088 0.889495 0.156000
v 0.005303 0.889254 0.154000
v 0.005303 0.889254 0.156000
v 0.010221 0.888528 0.154000
v 0.010221 0.888528 0.156000
v 0.014842 0.887319 0.154000
v 0.014842 0.887319 0.156000
v 0.019167 0.885627 0.154000
v 0.019167 0.885627 0.156000
v 0.023112 0.883495 0.154000
v 0.023112 0.883495 0.156000
v 0.026596 0.880967 0.154000
v 0.026596 0.880967 0.156000
v 0.029618 0.878044 0.154000
v 0.029618 0.878044 0.156000
v 0.032179 0.874725 0.154000
v 0.032179 0.874725 0.156000
v 0.034218 0.871076 0.154000
v 0.034218 0.871076 0.156000
v 0.035674 0.867164 0.154000
v 0.035674 0.867164 0.156000
v 0.036547 0.862987 0.154000
v 0.036547 0.862987 0.156000
v 0.036839 0.858547 0.154000
v 0.036839 0.858547 0.156000
v 0.036839 0.854679 0.154000
v 0.036839 0.854679 0.156000
v 0.036800 0.854256 0.154000
v 0.036800 0.854256 0.156000
v 0.036685 0.853866 0.154000
v 0.036685 0.853866 0.156000
v 0.036492 0.853508 0.154000
v 0.036492 0.853508 0.156000
v 0.036223 0.853184 0.154000
v 0.036223 0.853184 0.156000
v 0.035899 0.852915 0.154000
v 0.035899 0.852915 0.156000
v 0.035542 0.852723 0.154000
v 0.035542 0.852723 0.156000
v 0.035152 0.852607 0.154000
v 0.035152 0.852607 0.156000
v 0.034729 0.852569 0.154000
v 0.034729 0.852569 0.156000
v 0.018551 0.852569 0.154000
v 0.018551 0.852569 0.156000
v 0.018128 0.852607 0.154000
v 0.018128 0.852607 0.156000
v 0.017738 0.852723 0.154000
v 0.017738 0.852723 0.156000
v 0.017381 0.852915 0.154000
v 0.017381 0.852915 0.156000
v 0.017057 0.853184 0.154000
v 0.017057 0.853184 0.156000
v 0.016787 0.853508 0.154000
v 0.016787 0.853508 0.156000
v 0.016595 0.853866 0.154000
v 0.016595 0.853866 0.156000
v 0.016480 0.854256 0.154000
v 0.016480 0.854256 0.156000
v 0.016441 0.854679 0.154000
v 0.016441 0.854679 0.156000
v 0.016441 0.855910 0.154000
v 0.016441 0.855910 0.156000
v 0.016150 0.859267 0.154000
v 0.016150 0.859267 0.156000
v 0.015276 0.862306 0.154000
v 0.015276 0.862306 0.156000
v 0.013820 0.865026 0.154000
v 0.013820 0.865026 0.156000
v 0.011781 0.867427 0.154000
v 0.011781 0.867427 0.156000
v 0.009292 0.869389 0.154000
v 0.009292 0.869389 0.156000
v 0.006484 0.870790 0.154000
v 0.006484 0.870790 0.156000
v 0.003357 0.871631 0.154000
v 0.003357 0.871631 0.156000
v -0.000088 0.871911 0.154000
v -0.000088 0.871911 0.156000
v -0.003621 0.871620 0.154000
v -0.003621 0.871620 0.156000
v -0.006836 0.870746 0.154000
v -0.006836 0.870746 0.156000
v -0.009732 0.869290 0.154000
v -0.009732 0.869290 0.156000
v -0.012309 0.867252 0.154000
v -0.012309 0.867252 0.156000
v -0.014424 0.864751 0.154000
v -0.014424 0.864751 0.156000
v -0.015936 0.861910 0.154000
v -0.015936 0.861910 0.156000
v -0.016842 0.858729 0.154000
v -0.016842 0.858729 0.156000
v -0.017144 0.855206 0.154000
v -0.017144 0.855206 0.156000
v -0.017144 0.836040 0.154000
v -0.017144 0.836040 0.156000
v -0.017123 0.835798 0.154000
v -0.017123 0.835798 0.156000
v -0.017057 0.835600 0.154000
v -0.017057 0.835600 0.156000
v -0.016947 0.835446 0.154000
v -0.016947 0.835446 0.156000
v -0.016793 0.835336 0.154000
v -0.016793 0.835336 0.156000
v -0.016617 0.835281 0.154000
v -0.016617 0.835281 0.156000
v -0.016441 0.835292 0.154000
v -0.016441 0.835292 0.156000
v -0.016265 0.835369 0.154000
v -0.016265 0.835369 0.156000
v -0.016089 0.835512 0.154000
v -0.016089 0.835512 0.156000
v -0.012045 0.838666 0.154000
v -0.012045 0.838666 0.156000
v -0.007297 0.840919 0.154000
v -0.007297 0.840919 0.156000
v -0.001846 0.842271 0.154000
v -0.001846 0.842271 0.156000
v 0.004308 0.842722 0.154000
v 0.004308 0.842722 0.156000
v 0.009336 0.842447 0.154000
v 0.009336 0.842447 0.156000
v 0.014045 0.841623 0.154000
v 0.014045 0.841623 0.156000
v 0.018436 0.840249 0.154000
v 0.018436 0.840249 0.156000
v 0.022508 0.838326 0.154000
v 0.022508 0.838326 0.156000
v 0.026217 0.835886 0.154000
v 0.026217 0.835886 0.156000
v 0.029519 0.832963 0.154000
v 0.029519 0.832963 0.156000
v 0.032415 0.829556 0.154000
v 0.032415 0.829556 0.156000
v 0.016617 0.791024 0.154000
v 0.016617 0.791024 0.156000
v 0.017771 0.793783 0.154000
v 0.017771 0.793783 0.156000
v 0.018595 0.796783 0.154000
v 0.018595 0.796783 0.156000
v 0.019090 0.800025 0.154000
v 0.019090 0.800025 0.156000
v 0.019255 0.803509 0.154000
v 0.019255 0.803509 0.156000
v 0.019068 0.807323 0.154000
v 0.019068 0.807323 0.156000
v 0.018507 0.810851 0.154000
v 0.018507 0.810851 0.156000
v 0.017573 0.814093 0.154000
v 0.017573 0.814093 0.156000
v 0.016265 0.817049 0.154000
v 0.016265 0.817049 0.156000
v 0.013463 0.820742 0.154000
v 0.013463 0.820742 0.156000
v 0.009979 0.823379 0.154000
v 0.009979 0.823379 0.156000
v 0.005814 0.824962 0.154000
v 0.005814 0.824962 0.156000
v 0.000967 0.825489 0.154000
v 0.000967 0.825489 0.156000
v -0.004088 0.824940 0.154000
v -0.004088 0.824940 0.156000
v -0.008352 0.823291 0.154000
v -0.008352 0.823291 0.156000
v -0.011825 0.820544 0.154000
v -0.011825 0.820544 0.156000
v -0.014507 0.816697 0.154000
v -0.014507 0.816697 0.156000
v -0.015661 0.813862 0.154000
v -0.015661 0.813862 0.156000
v -0.016485 0.810631 0.154000
v -0.016485 0.810631 0.156000
v -0.016980 0.807004 0.154000
v -0.016980 0.807004 0.156000
v -0.017144 0.802982 0.154000
v -0.017144 0.802982 0.156000
v -0.017002 0.799542 0.154000
v -0.017002 0.799542 0.156000
v -0.016573 0.796432 0.154000
v -0.016573 0.796432 0.156000
v -0.015859 0.793651 0.154000
v -0.015859 0.793651 0.156000
v -0.014859 0.791200 0.154000
v -0.014859 0.791200 0.156000
v -0.012287 0.786969 0.154000
v -0.012287 0.786969 0.156000
v -0.008792 0.783947 0.154000
v -0.008792 0.783947 0.156000
v -0.004374 0.782134 0.154000
v -0.004374 0.782134 0.156000
v 0.000967 0.781529 0.154000
v 0.000967 0.781529 0.156000
v 0.006099 0.782122 0.154000
v 0.006099 0.782122 0.156000
v 0.010419 0.783903 0.154000
v 0.010419 0.783903 0.156000
v 0.013924 0.786870 0.154000
v 0.013924 0.786870 0.156000
v 0.093052 0.260862 0.156000
v 0.093043 0.260769 0.156000
v 0.093017 0.260682 0.156000
v 0.092975 0.260603 0.156000
v 0.092915 0.260531 0.156000
v 0.092843 0.260471 0.156000
v 0.092764 0.260429 0.156000
v 0.092678 0.260403 0.156000
v 0.092584 0.260394 0.156000
v 0.079288 0.260394 0.156000
v 0.079203 0.260382 0.156000
v 0.079142 0.260346 0.156000
v 0.079105 0.260285 0.156000
v 0.079093 0.260200 0.156000
v 0.079093 0.252908 0.156000
v 0.079105 0.252823 0.156000
v 0.079142 0.252762 0.156000
v 0.079203 0.252725 0.156000
v 0.079288 0.252713 0.156000
v 0.088217 0.252713 0.156000
v 0.088311 0.252705 0.156000
v 0.088397 0.252679 0.156000
v 0.088476 0.252637 0.156000
v 0.088548 0.252577 0.156000
v 0.088608 0.252505 0.156000
v 0.088651 0.252426 0.156000
v 0.088676 0.252339 0.156000
v 0.088685 0.252245 0.156000
v 0.088685 0.249282 0.156000
v 0.088676 0.249188 0.156000
v 0.088651 0.249102 0.156000
v 0.088608 0.249023 0.156000
v 0.088548 0.248951 0.156000
v 0.088476 0.248891 0.156000
v 0.088397 0.248848 0.156000
v 0.088311 0.248823 0.156000
v 0.088217 0.248814 0.156000
v 0.079288 0.248814 0.156000
v 0.079203 0.248802 0.156000
v 0.079142 0.248765 0.156000
v 0.079105 0.248705 0.156000
v 0.079093 0.248619 0.156000
v 0.079093 0.241094 0.156000
v 0.079105 0.241009 0.156000
v 0.079142 0.240948 0.156000
v 0.079203 0.240911 0.156000
v 0.079288 0.240899 0.156000
v 0.092584 0.240899 0.156000
v 0.092678 0.240891 0.156000
v 0.092764 0.240865 0.156000
v 0.092843 0.240822 0.156000
v 0.092915 0.240763 0.156000
v 0.092975 0.240691 0.156000
v 0.093017 0.240611 0.156000
v 0.093043 0.240525 0.156000
v 0.093052 0.240431 0.156000
v 0.093052 0.237468 0.156000
v 0.093043 0.237374 0.156000
v 0.093017 0.237288 0.156000
v 0.092975 0.237208 0.156000
v 0.092915 0.237136 0.156000
v 0.092843 0.237077 0.156000
v 0.092764 0.237034 0.156000
v 0.092678 0.237009 0.156000
v 0.092584 0.237000 0.156000
v 0.075038 0.237000 0.156000
v 0.074944 0.237009 0.156000
v 0.074858 0.237034 0.156000
v 0.074778 0.237077 0.156000
v 0.074706 0.237136 0.156000
v 0.074647 0.237208 0.156000
v 0.074604 0.237288 0.156000
v 0.074578 0.237374 0.156000
v 0.074570 0.237468 0.156000
v 0.074570 0.263826 0.156000
v 0.074578 0.263919 0.156000
v 0.074604 0.264006 0.156000
v 0.074647 0.264085 0.156000
v 0.074706 0.264157 0.156000
v 0.074778 0.264217 0.156000
v 0.074858 0.264259 0.156000
v 0.074944 0.264285 0.156000
v 0.075038 0.264294 0.156000
v 0.092584 0.264294 0.156000
v 0.092678 0.264285 0.156000
v 0.092764 0.264259 0.156000
v 0.092843 0.264217 0.156000
v 0.092915 0.264157 0.156000
v 0.092975 0.264085 0.156000
v 0.093017 0.264006 0.156000
v 0.093043 0.263919 0.156000
v 0.093052 0.263826 0.156000
v 0.064354 0.263826 0.156000
v 0.064363 0.263919 0.156000
v 0.064388 0.264006 0.156000
v 0.064431 0.264085 0.156000
v 0.064491 0.264157 0.156000
v 0.064563 0.264217 0.156000
v 0.064642 0.264259 0.156000
v 0.064728 0.264285 0.156000
v 0.064822 0.264294 0.156000
v 0.068409 0.264294 0.156000
v 0.068503 0.264285 0.156000
v 0.068590 0.264259 0.156000
v 0.068669 0.264217 0.156000
v 0.068741 0.264157 0.156000
v 0.068801 0.264085 0.156000
v 0.068843 0.264006 0.156000
v 0.068869 0.263919 0.156000
v 0.068877 0.263826 0.156000
v 0.068877 0.237468 0.156000
v 0.068869 0.237374 0.156000
v 0.068843 0.237288 0.156000
v 0.068801 0.237208 0.156000
v 0.068741 0.237136 0.156000
v 0.068669 0.237077 0.156000
v 0.068590 0.237034 0.156000
v 0.068503 0.237009 0.156000
v 0.068409 0.237000 0.156000
v 0.064939 0.237000 0.156000
v 0.064759 0.237019 0.156000
v 0.064608 0.237078 0.156000
v 0.064486 0.237175 0.156000
v 0.064393 0.237312 0.156000
v 0.053164 0.255716 0.156000
v 0.053125 0.255766 0.156000
v 0.053086 0.255798 0.156000
v 0.053047 0.255814 0.156000
v 0.053008 0.255813 0.156000
v 0.052974 0.255795 0.156000
v 0.052950 0.255759 0.156000
v 0.052935 0.255707 0.156000
v 0.052930 0.255638 0.156000
v 0.053008 0.237468 0.156000
v 0.052999 0.237374 0.156000
v 0.052974 0.237288 0.156000
v 0.052931 0.237208 0.156000
v 0.052872 0.237136 0.156000
v 0.052800 0.237077 0.156000
v 0.052720 0.237034 0.156000
v 0.052634 0.237009 0.156000
v 0.052540 0.237000 0.156000
v 0.048953 0.237000 0.156000
v 0.048859 0.237009 0.156000
v 0.048773 0.237034 0.156000
v 0.048693 0.237077 0.156000
v 0.048622 0.237136 0.156000
v 0.048562 0.237208 0.156000
v 0.048519 0.237288 0.156000
v 0.048494 0.237374 0.156000
v 0.048485 0.237468 0.156000
v 0.048485 0.263826 0.156000
v 0.048494 0.263919 0.156000
v 0.048519 0.264006 0.156000
v 0.048562 0.264085 0.156000
v 0.048622 0.264157 0.156000
v 0.048693 0.264217 0.156000
v 0.048773 0.264259 0.156000
v 0.048859 0.264285 0.156000
v 0.048953 0.264294 0.156000
v 0.052423 0.264294 0.156000
v 0.052603 0.264274 0.156000
v 0.052755 0.264216 0.156000
v 0.052876 0.264118 0.156000
v 0.052969 0.263982 0.156000
v 0.064159 0.245578 0.156000
v 0.064198 0.245528 0.156000
v 0.064237 0.245495 0.156000
v 0.064276 0.245479 0.156000
v 0.064315 0.245480 0.156000
v 0.064349 0.245499 0.156000
v 0.064374 0.245534 0.156000
v 0.064388 0.245587 0.156000
v 0.064393 0.245656 0.156000
v 0.038737 0.237000 0.156000
v 0.038644 0.237009 0.156000
v 0.038557 0.237034 0.156000
v 0.038478 0.237077 0.156000
v 0.038406 0.237136 0.156000
v 0.038346 0.237208 0.156000
v 0.038304 0.237288 0.156000
v 0.038278 0.237374 0.156000
v 0.038269 0.237468 0.156000
v 0.038269 0.263826 0.156000
v 0.038278 0.263919 0.156000
v 0.038304 0.264006 0.156000
v 0.038346 0.264085 0.156000
v 0.038406 0.264157 0.156000
v 0.038478 0.264217 0.156000
v 0.038557 0.264259 0.156000
v 0.038644 0.264285 0.156000
v 0.038737 0.264294 0.156000
v 0.042325 0.264294 0.156000
v 0.042418 0.264285 0.156000
v 0.042505 0.264259 0.156000
v 0.042584 0.264217 0.156000
v 0.042656 0.264157 0.156000
v 0.042716 0.264085 0.156000
v 0.042758 0.264006 0.156000
v 0.042784 0.263919 0.156000
v 0.042792 0.263826 0.156000
v 0.042792 0.237468 0.156000
v 0.042784 0.237374 0.156000
v 0.042758 0.237288 0.156000
v 0.042716 0.237208 0.156000
v 0.042656 0.237136 0.156000
v 0.042584 0.237077 0.156000
v 0.042505 0.237034 0.156000
v 0.042418 0.237009 0.156000
v 0.042325 0.237000 0.156000
v 0.029925 0.237000 0.156000
v 0.029748 0.237024 0.156000
v 0.029604 0.237097 0.156000
v 0.029494 0.237219 0.156000
v 0.029419 0.237390 0.156000
v 0.028132 0.241562 0.156000
v 0.028090 0.241630 0.156000
v 0.028044 0.241679 0.156000
v 0.027993 0.241708 0.156000
v 0.027937 0.241718 0.156000
v 0.017643 0.241718 0.156000
v 0.017587 0.241708 0.156000
v 0.017536 0.241679 0.156000
v 0.017490 0.241630 0.156000
v 0.017448 0.241562 0.156000
v 0.016162 0.237390 0.156000
v 0.016086 0.237219 0.156000
v 0.015976 0.237097 0.156000
v 0.015833 0.237024 0.156000
v 0.015655 0.237000 0.156000
v 0.011756 0.237000 0.156000
v 0.011646 0.237009 0.156000
v 0.011551 0.237034 0.156000
v 0.011471 0.237077 0.156000
v 0.011405 0.237136 0.156000
v 0.011359 0.237213 0.156000
v 0.011337 0.237307 0.156000
v 0.011339 0.237418 0.156000
v 0.011366 0.237546 0.156000
v 0.019827 0.263904 0.156000
v 0.019902 0.264074 0.156000
v 0.020012 0.264196 0.156000
v 0.020156 0.264269 0.156000
v 0.020334 0.264294 0.156000
v 0.025208 0.264294 0.156000
v 0.025385 0.264269 0.156000
v 0.025529 0.264196 0.156000
v 0.025639 0.264074 0.156000
v 0.025714 0.263904 0.156000
v 0.034214 0.237546 0.156000
v 0.034232 0.237504 0.156000
v 0.034244 0.237458 0.156000
v 0.034251 0.237407 0.156000
v 0.034253 0.237351 0.156000
v 0.034227 0.237197 0.156000
v 0.034146 0.237088 0.156000
v 0.034012 0.237022 0.156000
v 0.033825 0.237000 0.156000
v 0.018657 0.245500 0.156000
v 0.018652 0.245398 0.156000
v 0.018677 0.245325 0.156000
v 0.018730 0.245281 0.156000
v 0.018813 0.245266 0.156000
v 0.026728 0.245266 0.156000
v 0.026826 0.245281 0.156000
v 0.026884 0.245325 0.156000
v 0.026904 0.245398 0.156000
v 0.026884 0.245500 0.156000
v 0.022868 0.258562 0.156000
v 0.022846 0.258630 0.156000
v 0.022819 0.258679 0.156000
v 0.022788 0.258708 0.156000
v 0.022751 0.258718 0.156000
v 0.022715 0.258708 0.156000
v 0.022683 0.258679 0.156000
v 0.022656 0.258630 0.156000
v 0.022634 0.258562 0.156000
v 0.008364 0.264294 0.156000
v 0.008457 0.264285 0.156000
v 0.008544 0.264259 0.156000
v 0.008623 0.264217 0.156000
v 0.008695 0.264157 0.156000
v 0.008755 0.264085 0.156000
v 0.008797 0.264006 0.156000
v 0.008823 0.263919 0.156000
v 0.008831 0.263826 0.156000
v 0.008831 0.260823 0.156000
v 0.008823 0.260730 0.156000
v 0.008797 0.260643 0.156000
v 0.008755 0.260564 0.156000
v 0.008695 0.260492 0.156000
v 0.008623 0.260432 0.156000
v 0.008544 0.260390 0.156000
v 0.008457 0.260364 0.156000
v 0.008364 0.260355 0.156000
v 0.001189 0.260355 0.156000
v 0.001104 0.260343 0.156000
v 0.001043 0.260307 0.156000
v 0.001006 0.260246 0.156000
v 0.000994 0.260161 0.156000
v 0.000994 0.237468 0.156000
v 0.000986 0.237374 0.156000
v 0.000960 0.237288 0.156000
v 0.000917 0.237208 0.156000
v 0.000858 0.237136 0.156000
v 0.000786 0.237077 0.156000
v 0.000707 0.237034 0.156000
v 0.000620 0.237009 0.156000
v 0.000526 0.237000 0.156000
v -0.003061 0.237000 0.156000
v -0.003155 0.237009 0.156000
v -0.003241 0.237034 0.156000
v -0.003320 0.237077 0.156000
v -0.003392 0.237136 0.156000
v -0.003452 0.237208 0.156000
v -0.003495 0.237288 0.156000
v -0.003520 0.237374 0.156000
v -0.003529 0.237468 0.156000
v -0.003529 0.260161 0.156000
v -0.003541 0.260246 0.156000
v -0.003577 0.260307 0.156000
v -0.003638 0.260343 0.156000
v -0.003724 0.260355 0.156000
v -0.010625 0.260355 0.156000
v -0.010719 0.260364 0.156000
v -0.010805 0.260390 0.156000
v -0.010885 0.260432 0.156000
v -0.010956 0.260492 0.156000
v -0.011016 0.260564 0.156000
v -0.011059 0.260643 0.156000
v -0.011084 0.260730 0.156000
v -0.011093 0.260823 0.156000
v -0.011093 0.263826 0.156000
v -0.011084 0.263919 0.156000
v -0.011059 0.264006 0.156000
v -0.011016 0.264085 0.156000
v -0.010956 0.264157 0.156000
v -0.010885 0.264217 0.156000
v -0.010805 0.264259 0.156000
v -0.010719 0.264285 0.156000
v -0.010625 0.264294 0.156000
v -0.019320 0.237000 0.156000
v -0.019414 0.237009 0.156000
v -0.019500 0.237034 0.156000
v -0.019579 0.237077 0.156000
v -0.019651 0.237136 0.156000
v -0.019711 0.237208 0.156000
v -0.019754 0.237288 0.156000
v -0.019779 0.237374 0.156000
v -0.019788 0.237468 0.156000
v -0.019788 0.263826 0.156000
v -0.019779 0.263919 0.156000
v -0.019754 0.264006 0.156000
v -0.019711 0.264085 0.156000
v -0.019651 0.264157 0.156000
v -0.019579 0.264217 0.156000
v -0.019500 0.264259 0.156000
v -0.019414 0.264285 0.156000
v -0.019320 0.264294 0.156000
v -0.015733 0.264294 0.156000
v -0.015639 0.264285 0.156000
v -0.015552 0.264259 0.156000
v -0.015473 0.264217 0.156000
v -0.015401 0.264157 0.156000
v -0.015342 0.264085 0.156000
v -0.015299 0.264006 0.156000
v -0.015273 0.263919 0.156000
v -0.015265 0.263826 0.156000
v -0.015265 0.237468 0.156000
v -0.015273 0.237374 0.156000
v -0.015299 0.237288 0.156000
v -0.015342 0.237208 0.156000
v -0.015401 0.237136 0.156000
v -0.015473 0.237077 0.156000
v -0.015552 0.237034 0.156000
v -0.015639 0.237009 0.156000
v -0.015733 0.237000 0.156000
v -0.032031 0.264333 0.156000
v -0.030839 0.264269 0.156000
v -0.029721 0.264079 0.156000
v -0.028675 0.263762 0.156000
v -0.027703 0.263319 0.156000
v -0.026820 0.262760 0.156000
v -0.026041 0.262095 0.156000
v -0.025367 0.261327 0.156000
v -0.024798 0.260453 0.156000
v -0.024346 0.259492 0.156000
v -0.024023 0.258460 0.156000
v -0.023829 0.257357 0.156000
v -0.023765 0.256184 0.156000
v -0.023831 0.255028 0.156000
v -0.024028 0.253941 0.156000
v -0.024357 0.252923 0.156000
v -0.024818 0.251972 0.156000
v -0.025399 0.251109 0.156000
v -0.026090 0.250349 0.156000
v -0.026890 0.249695 0.156000
v -0.027800 0.249146 0.156000
v -0.028803 0.248711 0.156000
v -0.029882 0.248400 0.156000
v -0.031035 0.248214 0.156000
v -0.032265 0.248151 0.156000
v -0.038503 0.248151 0.156000
v -0.038589 0.248139 0.156000
v -0.038650 0.248103 0.156000
v -0.038686 0.248042 0.156000
v -0.038698 0.247956 0.156000
v -0.038698 0.237468 0.156000
v -0.038707 0.237374 0.156000
v -0.038733 0.237288 0.156000
v -0.038775 0.237208 0.156000
v -0.038835 0.237136 0.156000
v -0.038907 0.237077 0.156000
v -0.038986 0.237034 0.156000
v -0.039072 0.237009 0.156000
v -0.039166 0.237000 0.156000
v -0.042753 0.237000 0.156000
v -0.042847 0.237009 0.156000
v -0.042934 0.237034 0.156000
v -0.043013 0.237077 0.156000
v -0.043085 0.237136 0.156000
v -0.043145 0.237208 0.156000
v -0.043187 0.237288 0.156000
v -0.043213 0.237374 0.156000
v -0.043221 0.237468 0.156000
v -0.043221 0.263865 0.156000
v -0.043213 0.263959 0.156000
v -0.043187 0.264045 0.156000
v -0.043145 0.264124 0.156000
v -0.043085 0.264196 0.156000
v -0.043013 0.264256 0.156000
v -0.042934 0.264298 0.156000
v -0.042847 0.264324 0.156000
v -0.042753 0.264333 0.156000
v -0.032694 0.251817 0.156000
v -0.031748 0.251890 0.156000
v -0.030900 0.252109 0.156000
v -0.030150 0.252474 0.156000
v -0.029497 0.252986 0.156000
v -0.028968 0.253617 0.156000
v -0.028590 0.254341 0.156000
v -0.028363 0.255158 0.156000
v -0.028288 0.256067 0.156000
v -0.028363 0.256995 0.156000
v -0.028590 0.257831 0.156000
v -0.028968 0.258574 0.156000
v -0.029497 0.259225 0.156000
v -0.030150 0.259754 0.156000
v -0.030900 0.260131 0.156000
v -0.031748 0.260358 0.156000
v -0.032694 0.260433 0.156000
v -0.038503 0.260433 0.156000
v -0.038589 0.260421 0.156000
v -0.038650 0.260385 0.156000
v -0.038686 0.260324 0.156000
v -0.038698 0.260239 0.156000
v -0.038698 0.252011 0.156000
v -0.038686 0.251926 0.156000
v -0.038650 0.251865 0.156000
v -0.038589 0.251829 0.156000
v -0.038503 0.251817 0.156000
v -0.051331 0.237000 0.156000
v -0.051509 0.237024 0.156000
v -0.051653 0.237097 0.156000
v -0.051763 0.237219 0.156000
v -0.051838 0.237390 0.156000
v -0.053125 0.241562 0.156000
v -0.053166 0.241630 0.156000
v -0.053213 0.241679 0.156000
v -0.053264 0.241708 0.156000
v -0.053320 0.241718 0.156000
v -0.063614 0.241718 0.156000
v -0.063670 0.241708 0.156000
v -0.063721 0.241679 0.156000
v -0.063767 0.241630 0.156000
v -0.063808 0.241562 0.156000
v -0.065095 0.237390 0.156000
v -0.065171 0.237219 0.156000
v -0.065280 0.237097 0.156000
v -0.065424 0.237024 0.156000
v -0.065602 0.237000 0.156000
v -0.069501 0.237000 0.156000
v -0.069611 0.237009 0.156000
v -0.069706 0.237034 0.156000
v -0.069786 0.237077 0.156000
v -0.069852 0.237136 0.156000
v -0.069898 0.237213 0.156000
v -0.069920 0.237307 0.156000
v -0.069918 0.237418 0.156000
v -0.069891 0.237546 0.156000
v -0.061430 0.263904 0.156000
v -0.061355 0.264074 0.156000
v -0.061245 0.264196 0.156000
v -0.061101 0.264269 0.156000
v -0.060923 0.264294 0.156000
v -0.056049 0.264294 0.156000
v -0.055871 0.264269 0.156000
v -0.055728 0.264196 0.156000
v -0.055618 0.264074 0.156000
v -0.055542 0.263904 0.156000
v -0.047042 0.237546 0.156000
v -0.047025 0.237504 0.156000
v -0.047013 0.237458 0.156000
v -0.047006 0.237407 0.156000
v -0.047003 0.237351 0.156000
v -0.047030 0.237197 0.156000
v -0.047111 0.237088 0.156000
v -0.047245 0.237022 0.156000
v -0.047432 0.237000 0.156000
v -0.062600 0.245500 0.156000
v -0.062605 0.245398 0.156000
v -0.062580 0.245325 0.156000
v -0.062527 0.245281 0.156000
v -0.062444 0.245266 0.156000
v -0.054529 0.245266 0.156000
v -0.054431 0.245281 0.156000
v -0.054373 0.245325 0.156000
v -0.054353 0.245398 0.156000
v -0.054373 0.245500 0.156000
v -0.058389 0.258562 0.156000
v -0.058411 0.258630 0.156000
v -0.058438 0.258679 0.156000
v -0.058469 0.258708 0.156000
v -0.058506 0.258718 0.156000
v -0.058542 0.258708 0.156000
v -0.058574 0.258679 0.156000
v -0.058601 0.258630 0.156000
v -0.058623 0.258562 0.156000
v -0.082836 0.236688 0.156000
v -0.084254 0.236760 0.156000
v -0.085585 0.236976 0.156000
v -0.086828 0.237335 0.156000
v -0.087983 0.237838 0.156000
v -0.089031 0.238471 0.156000
v -0.089952 0.239218 0.156000
v -0.090746 0.240079 0.156000
v -0.091414 0.241055 0.156000
v -0.091943 0.242130 0.156000
v -0.092321 0.243287 0.156000
v -0.092547 0.244528 0.156000
v -0.092623 0.245851 0.156000
v -0.092623 0.255482 0.156000
v -0.092547 0.256805 0.156000
v -0.092321 0.258045 0.156000
v -0.091943 0.259203 0.156000
v -0.091414 0.260278 0.156000
v -0.090746 0.261252 0.156000
v -0.089952 0.262110 0.156000
v -0.089031 0.262851 0.156000
v -0.087983 0.263475 0.156000
v -0.086828 0.263969 0.156000
v -0.085585 0.264323 0.156000
v -0.084254 0.264535 0.156000
v -0.082836 0.264606 0.156000
v -0.081435 0.264537 0.156000
v -0.080116 0.264333 0.156000
v -0.078881 0.263991 0.156000
v -0.077728 0.263514 0.156000
v -0.076680 0.262912 0.156000
v -0.075759 0.262198 0.156000
v -0.074965 0.261372 0.156000
v -0.074297 0.260433 0.156000
v -0.073768 0.259400 0.156000
v -0.073390 0.258289 0.156000
v -0.073164 0.257100 0.156000
v -0.073088 0.255833 0.156000
v -0.073097 0.255739 0.156000
v -0.073122 0.255652 0.156000
v -0.073165 0.255573 0.156000
v -0.073225 0.255501 0.156000
v -0.073297 0.255441 0.156000
v -0.073376 0.255399 0.156000
v -0.073462 0.255373 0.156000
v -0.073556 0.255365 0.156000
v -0.077143 0.255170 0.156000
v -0.077348 0.255197 0.156000
v -0.077494 0.255277 0.156000
v -0.077582 0.255411 0.156000
v -0.077611 0.255599 0.156000
v -0.077700 0.256693 0.156000
v -0.077967 0.257675 0.156000
v -0.078412 0.258545 0.156000
v -0.079034 0.259303 0.156000
v -0.079806 0.259917 0.156000
v -0.080696 0.260355 0.156000
v -0.081706 0.260619 0.156000
v -0.082836 0.260706 0.156000
v -0.083967 0.260619 0.156000
v -0.084981 0.260355 0.156000
v -0.085877 0.259917 0.156000
v -0.086657 0.259303 0.156000
v -0.087288 0.258545 0.156000
v -0.087739 0.257675 0.156000
v -0.088010 0.256693 0.156000
v -0.088100 0.255599 0.156000
v -0.088100 0.245656 0.156000
v -0.088010 0.244579 0.156000
v -0.087739 0.243609 0.156000
v -0.087288 0.242746 0.156000
v -0.086657 0.241991 0.156000
v -0.085877 0.241377 0.156000
v -0.084981 0.240938 0.156000
v -0.083967 0.240675 0.156000
v -0.082836 0.240587 0.156000
v -0.081707 0.240674 0.156000
v -0.080696 0.240933 0.156000
v -0.079806 0.241366 0.156000
v -0.079034 0.241971 0.156000
v -0.078412 0.242721 0.156000
v -0.077967 0.243585 0.156000
v -0.077700 0.244563 0.156000
v -0.077611 0.245656 0.156000
v -0.077582 0.245844 0.156000
v -0.077494 0.245978 0.156000
v -0.077348 0.246058 0.156000
v -0.077143 0.246085 0.156000
v -0.073556 0.245929 0.156000
v -0.073462 0.245922 0.156000
v -0.073376 0.245900 0.156000
v -0.073297 0.245863 0.156000
v -0.073225 0.245812 0.156000
v -0.073165 0.245751 0.156000
v -0.073122 0.245685 0.156000
v -0.073097 0.245615 0.156000
v -0.073088 0.245539 0.156000
v -0.073164 0.244254 0.156000
v -0.073390 0.243048 0.156000
v -0.073768 0.241924 0.156000
v -0.074297 0.240880 0.156000
v -0.074965 0.239933 0.156000
v -0.075759 0.239101 0.156000
v -0.076680 0.238383 0.156000
v -0.077728 0.237780 0.156000
v -0.078881 0.237302 0.156000
v -0.080116 0.236961 0.156000
v -0.081435 0.236756 0.156000
v 0.093052 0.260862 0.154000
v 0.093043 0.260769 0.154000
v 0.093017 0.260682 0.154000
v 0.092975 0.260603 0.154000
v 0.092915 0.260531 0.154000
v 0.092843 0.260471 0.154000
v 0.092764 0.260429 0.154000
v 0.092678 0.260403 0.154000
v 0.092584 0.260394 0.154000
v 0.079288 0.260394 0.154000
v 0.079203 0.260382 0.154000
v 0.079142 0.260346 0.154000
v 0.079105 0.260285 0.154000
v 0.079093 0.260200 0.154000
v 0.079093 0.252908 0.154000
v 0.079105 0.252823 0.154000
v 0.079142 0.252762 0.154000
v 0.079203 0.252725 0.154000
v 0.079288 0.252713 0.154000
v 0.088217 0.252713 0.154000
v 0.088311 0.252705 0.154000
v 0.088397 0.252679 0.154000
v 0.088476 0.252637 0.154000
v 0.088548 0.252577 0.154000
v 0.088608 0.252505 0.154000
v 0.088651 0.252426 0.154000
v 0.088676 0.252339 0.154000
v 0.088685 0.252245 0.154000
v 0.088685 0.249282 0.154000
v 0.088676 0.249188 0.154000
v 0.088651 0.249102 0.154000
v 0.088608 0.249023 0.154000
v 0.088548 0.248951 0.154000
v 0.088476 0.248891 0.154000
v 0.088397 0.248848 0.154000
v 0.088311 0.248823 0.154000
v 0.088217 0.248814 0.154000
v 0.079288 0.248814 0.154000
v 0.079203 0.248802 0.154000
v 0.079142 0.248765 0.154000
v 0.079105 0.248705 0.154000
v 0.079093 0.248619 0.154000
v 0.079093 0.241094 0.154000
v 0.079105 0.241009 0.154000
v 0.079142 0.240948 0.154000
v 0.079203 0.240911 0.154000
v 0.079288 0.240899 0.154000
v 0.092584 0.240899 0.154000
v 0.092678 0.240891 0.154000
v 0.092764 0.240865 0.154000
v 0.092843 0.240822 0.154000
v 0.092915 0.240763 0.154000
v 0.092975 0.240691 0.154000
v 0.093017 0.240611 0.154000
v 0.093043 0.240525 0.154000
v 0.093052 0.240431 0.154000
v 0.093052 0.237468 0.154000
v 0.093043 0.237374 0.154000
v 0.093017 0.237288 0.154000
v 0.092975 0.237208 0.154000
v 0.092915 0.237136 0.154000
v 0.092843 0.237077 0.154000
v 0.092764 0.237034 0.154000
v 0.092678 0.237009 0.154000
v 0.092584 0.237000 0.154000
v 0.075038 0.237000 0.154000
v 0.074944 0.237009 0.154000
v 0.074858 0.237034 0.154000
v 0.074778 0.237077 0.154000
v 0.074706 0.237136 0.154000
v 0.074647 0.237208 0.154000
v 0.074604 0.237288 0.154000
v 0.074578 0.237374 0.154000
v 0.074570 0.237468 0.154000
v 0.074570 0.263826 0.154000
v 0.074578 0.263919 0.154000
v 0.074604 0.264006 0.154000
v 0.074647 0.264085 0.154000
v 0.074706 0.264157 0.154000
v 0.074778 0.264217 0.154000
v 0.074858 0.264259 0.154000
v 0.074944 0.264285 0.154000
v 0.075038 0.264294 0.154000
v 0.092584 0.264294 0.154000
v 0.092678 0.264285 0.154000
v 0.092764 0.264259 0.154000
v 0.092843 0.264217 0.154000
v 0.092915 0.264157 0.154000
v 0.092975 0.264085 0.154000
v 0.093017 0.264006 0.154000
v 0.093043 0.263919 0.154000
v 0.093052 0.263826 0.154000
v 0.064354 0.263826 0.154000
v 0.064363 0.263919 0.154000
v 0.064388 0.264006 0.154000
v 0.064431 0.264085 0.154000
v 0.064491 0.264157 0.154000
v 0.064563 0.264217 0.154000
v 0.064642 0.264259 0.154000
v 0.064728 0.264285 0.154000
v 0.064822 0.264294 0.154000
v 0.068409 0.264294 0.154000
v 0.068503 0.264285 0.154000
v 0.068590 0.264259 0.154000
v 0.068669 0.264217 0.154000
v 0.068741 0.264157 0.154000
v 0.068801 0.264085 0.154000
v 0.068843 0.264006 0.154000
v 0.068869 0.263919 0.154000
v 0.068877 0.263826 0.154000
v 0.068877 0.237468 0.154000
v 0.068869 0.237374 0.154000
v 0.068843 0.237288 0.154000
v 0.068801 0.237208 0.154000
v 0.068741 0.237136 0.154000
v 0.068669 0.237077 0.154000
v 0.068590 0.237034 0.154000
v 0.068503 0.237009 0.154000
v 0.068409 0.237000 0.154000
v 0.064939 0.237000 0.154000
v 0.064759 0.237019 0.154000
v 0.064608 0.237078 0.154000
v 0.064486 0.237175 0.154000
v 0.064393 0.237312 0.154000
v 0.053164 0.255716 0.154000
v 0.053125 0.255766 0.154000
v 0.053086 0.255798 0.154000
v 0.053047 0.255814 0.154000
v 0.053008 0.255813 0.154000
v 0.052974 0.255795 0.154000
v 0.052950 0.255759 0.154000
v 0.052935 0.255707 0.154000
v 0.052930 0.255638 0.154000
v 0.053008 0.237468 0.154000
v 0.052999 0.237374 0.154000
v 0.052974 0.237288 0.154000
v 0.052931 0.237208 0.154000
v 0.052872 0.237136 0.154000
v 0.052800 0.237077 0.154000
v 0.052720 0.237034 0.154000
v 0.052634 0.237009 0.154000
v 0.052540 0.237000 0.154000
v 0.048953 0.237000 0.154000
v 0.048859 0.237009 0.154000
v 0.048773 0.237034 0.154000
v 0.048693 0.237077 0.154000
v 0.048622 0.237136 0.154000
v 0.048562 0.237208 0.154000
v 0.048519 0.237288 0.154000
v 0.048494 0.237374 0.154000
v 0.048485 0.237468 0.154000
v 0.048485 0.263826 0.154000
v 0.048494 0.263919 0.154000
v 0.048519 0.264006 0.154000
v 0.048562 0.264085 0.154000
v 0.048622 0.264157 0.154000
v 0.048693 0.264217 0.154000
v 0.048773 0.264259 0.154000
v 0.048859 0.264285 0.154000
v 0.048953 0.264294 0.154000
v 0.052423 0.264294 0.154000
v 0.052603 0.264274 0.154000
v 0.052755 0.264216 0.154000
v 0.052876 0.264118 0.154000
v 0.052969 0.263982 0.154000
v 0.064159 0.245578 0.154000
v 0.064198 0.245528 0.154000
v 0.064237 0.245495 0.154000
v 0.064276 0.245479 0.154000
v 0.064315 0.245480 0.154000
v 0.064349 0.245499 0.154000
v 0.064374 0.245534 0.154000
v 0.064388 0.245587 0.154000
v 0.064393 0.245656 0.154000
v 0.038737 0.237000 0.154000
v 0.038644 0.237009 0.154000
v 0.038557 0.237034 0.154000
v 0.038478 0.237077 0.154000
v 0.038406 0.237136 0.154000
v 0.038346 0.237208 0.154000
v 0.038304 0.237288 0.154000
v 0.038278 0.237374 0.154000
v 0.038269 0.237468 0.154000
v 0.038269 0.263826 0.154000
v 0.038278 0.263919 0.154000
v 0.038304 0.264006 0.154000
v 0.038346 0.264085 0.154000
v 0.038406 0.264157 0.154000
v 0.038478 0.264217 0.154000
v 0.038557 0.264259 0.154000
v 0.038644 0.264285 0.154000
v 0.038737 0.264294 0.154000
v 0.042325 0.264294 0.154000
v 0.042418 0.264285 0.154000
v 0.042505 0.264259 0.154000
v 0.042584 0.264217 0.154000
v 0.042656 0.264157 0.154000
v 0.042716 0.264085 0.154000
v 0.042758 0.264006 0.154000
v 0.042784 0.263919 0.154000
v 0.042792 0.263826 0.154000
v 0.042792 0.237468 0.154000
v 0.042784 0.237374 0.154000
v 0.042758 0.237288 0.154000
v 0.042716 0.237208 0.154000
v 0.042656 0.237136 0.154000
v 0.042584 0.237077 0.154000
v 0.042505 0.237034 0.154000
v 0.042418 0.237009 0.154000
v 0.042325 0.237000 0.154000
v 0.029925 0.237000 0.154000
v 0.029748 0.237024 0.154000
v 0.029604 0.237097 0.154000
v 0.029494 0.237219 0.154000
v 0.029419 0.237390 0.154000
v 0.028132 0.241562 0.154000
v 0.028090 0.241630 0.154000
v 0.028044 0.241679 0.154000
v 0.027993 0.241708 0.154000
v 0.027937 0.241718 0.154000
v 0.017643 0.241718 0.154000
v 0.017587 0.241708 0.154000
v 0.017536 0.241679 0.154000
v 0.017490 0.241630 0.154000
v 0.017448 0.241562 0.154000
v 0.016162 0.237390 0.154000
v 0.016086 0.237219 0.154000
v 0.015976 0.237097 0.154000
v 0.015833 0.237024 0.154000
v 0.015655 0.237000 0.154000
v 0.011756 0.237000 0.154000
v 0.011646 0.237009 0.154000
v 0.011551 0.237034 0.154000
v 0.011471 0.237077 0.154000
v 0.011405 0.237136 0.154000
v 0.011359 0.237213 0.154000
v 0.011337 0.237307 0.154000
v 0.011339 0.237418 0.154000
v 0.011366 0.237546 0.154000
v 0.019827 0.263904 0.154000
v 0.019902 0.264074 0.154000
v 0.020012 0.264196 0.154000
v 0.020156 0.264269 0.154000
v 0.020334 0.264294 0.154000
v 0.025208 0.264294 0.154000
v 0.025385 0.264269 0.154000
v 0.025529 0.264196 0.154000
v 0.025639 0.264074 0.154000
v 0.025714 0.263904 0.154000
v 0.034214 0.237546 0.154000
v 0.034232 0.237504 0.154000
v 0.034244 0.237458 0.154000
v 0.034251 0.237407 0.154000
v 0.034253 0.237351 0.154000
v 0.034227 0.237197 0.154000
v 0.034146 0.237088 0.154000
v 0.034012 0.237022 0.154000
v 0.033825 0.237000 0.154000
v 0.018657 0.245500 0.154000
v 0.018652 0.245398 0.154000
v 0.018677 0.245325 0.154000
v 0.018730 0.245281 0.154000
v 0.018813 0.245266 0.154000
v 0.026728 0.245266 0.154000
v 0.026826 0.245281 0.154000
v 0.026884 0.245325 0.154000
v 0.026904 0.245398 0.154000
v 0.026884 0.245500 0.154000
v 0.022868 0.258562 0.154000
v 0.022846 0.258630 0.154000
v 0.022819 0.258679 0.154000
v 0.022788 0.258708 0.154000
v 0.022751 0.258718 0.154000
v 0.022715 0.258708 0.154000
v 0.022683 0.258679 0.154000
v 0.022656 0.258630 0.154000
v 0.022634 0.258562 0.154000
v 0.008364 0.264294 0.154000
v 0.008457 0.264285 0.154000
v 0.008544 0.264259 0.154000
v 0.008623 0.264217 0.154000
v 0.008695 0.264157 0.154000
v 0.008755 0.264085 0.154000
v 0.008797 0.264006 0.154000
v 0.008823 0.263919 0.154000
v 0.008831 0.263826 0.154000
v 0.008831 0.260823 0.154000
v 0.008823 0.260730 0.154000
v 0.008797 0.260643 0.154000
v 0.008755 0.260564 0.154000
v 0.008695 0.260492 0.154000
v 0.008623 0.260432 0.154000
v 0.008544 0.260390 0.154000
v 0.008457 0.260364 0.154000
v 0.008364 0.260355 0.154000
v 0.001189 0.260355 0.154000
v 0.001104 0.260343 0.154000
v 0.001043 0.260307 0.154000
v 0.001006 0.260246 0.154000
v 0.000994 0.260161 0.154000
v 0.000994 0.237468 0.154000
v 0.000986 0.237374 0.154000
v 0.000960 0.237288 0.154000
v 0.000917 0.237208 0.154000
v 0.000858 0.237136 0.154000
v 0.000786 0.237077 0.154000
v 0.000707 0.237034 0.154000
v 0.000620 0.237009 0.154000
v 0.000526 0.237000 0.154000
v -0.003061 0.237000 0.154000
v -0.003155 0.237009 0.154000
v -0.003241 0.237034 0.154000
v -0.003320 0.237077 0.154000
v -0.003392 0.237136 0.154000
v -0.003452 0.237208 0.154000
v -0.003495 0.237288 0.154000
v -0.003520 0.237374 0.154000
v -0.003529 0.237468 0.154000
v -0.003529 0.260161 0.154000
v -0.003541 0.260246 0.154000
v -0.003577 0.260307 0.154000
v -0.003638 0.260343 0.154000
v -0.003724 0.260355 0.154000
v -0.010625 0.260355 0.154000
v -0.010719 0.260364 0.154000
v -0.010805 0.260390 0.154000
v -0.010885 0.260432 0.154000
v -0.010956 0.260492 0.154000
v -0.011016 0.260564 0.154000
v -0.011059 0.260643 0.154000
v -0.011084 0.260730 0.154000
v -0.011093 0.260823 0.154000
v -0.011093 0.263826 0.154000
v -0.011084 0.263919 0.154000
v -0.011059 0.264006 0.154000
v -0.011016 0.264085 0.154000
v -0.010956 0.264157 0.154000
v -0.010885 0.264217 0.154000
v -0.010805 0.264259 0.154000
v -0.010719 0.264285 0.154000
v -0.010625 0.264294 0.154000
v -0.019320 0.237000 0.154000
v -0.019414 0.237009 0.154000
v -0.019500 0.237034 0.154000
v -0.019579 0.237077 0.154000
v -0.019651 0.237136 0.154000
v -0.019711 0.237208 0.154000
v -0.019754 0.237288 0.154000
v -0.019779 0.237374 0.154000
v -0.019788 0.237468 0.154000
v -0.019788 0.263826 0.154000
v -0.019779 0.263919 0.154000
v -0.019754 0.264006 0.154000
v -0.019711 0.264085 0.154000
v -0.019651 0.264157 0.154000
v -0.019579 0.264217 0.154000
v -0.019500 0.264259 0.154000
v -0.019414 0.264285 0.154000
v -0.019320 0.264294 0.154000
v -0.015733 0.264294 0.154000
v -0.015639 0.264285 0.154000
v -0.015552 0.264259 0.154000
v -0.015473 0.264217 0.154000
v -0.015401 0.264157 0.154000
v -0.015342 0.264085 0.154000
v -0.015299 0.264006 0.154000
v -0.015273 0.263919 0.154000
v -0.015265 0.263826 0.154000
v -0.015265 0.237468 0.154000
v -0.015273 0.237374 0.154000
v -0.015299 0.237288 0.154000
v -0.015342 0.237208 0.154000
v -0.015401 0.237136 0.154000
v -0.015473 0.237077 0.154000
v -0.015552 0.237034 0.154000
v -0.015639 0.237009 0.154000
v -0.015733 0.237000 0.154000
v -0.032031 0.264333 0.154000
v -0.030839 0.264269 0.154000
v -0.029721 0.264079 0.154000
v -0.028675 0.263762 0.154000
v -0.027703 0.263319 0.154000
v -0.026820 0.262760 0.154000
v -0.026041 0.262095 0.154000
v -0.025367 0.261327 0.154000
v -0.024798 0.260453 0.154000
v -0.024346 0.259492 0.154000
v -0.024023 0.258460 0.154000
v -0.023829 0.257357 0.154000
v -0.023765 0.256184 0.154000
v -0.023831 0.255028 0.154000
v -0.024028 0.253941 0.154000
v -0.024357 0.252923 0.154000
v -0.024818 0.251972 0.154000
v -0.025399 0.251109 0.154000
v -0.026090 0.250349 0.154000
v -0.026890 0.249695 0.154000
v -0.027800 0.249146 0.154000
v -0.028803 0.248711 0.154000
v -0.029882 0.248400 0.154000
v -0.031035 0.248214 0.154000
v -0.032265 0.248151 0.154000
v -0.038503 0.248151 0.154000
v -0.038589 0.248139 0.154000
v -0.038650 0.248103 0.154000
v -0.038686 0.248042 0.154000
v -0.038698 0.247956 0.154000
v -0.038698 0.237468 0.154000
v -0.038707 0.237374 0.154000
v -0.038733 0.237288 0.154000
v -0.038775 0.237208 0.154000
v -0.038835 0.237136 0.154000
v -0.038907 0.237077 0.154000
v -0.038986 0.237034 0.154000
v -0.039072 0.237009 0.154000
v -0.039166 0.237000 0.154000
v -0.042753 0.237000 0.154000
v -0.042847 0.237009 0.154000
v -0.042934 0.237034 0.154000
v -0.043013 0.237077 0.154000
v -0.043085 0.237136 0.154000
v -0.043145 0.237208 0.154000
v -0.043187 0.237288 0.154000
v -0.043213 0.237374 0.154000
v -0.043221 0.237468 0.154000
v -0.043221 0.263865 0.154000
v -0.043213 0.263959 0.154000
v -0.043187 0.264045 0.154000
v -0.043145 0.264124 0.154000
v -0.043085 0.264196 0.154000
v -0.043013 0.264256 0.154000
v -0.042934 0.264298 0.154000
v -0.042847 0.264324 0.154000
v -0.042753 0.264333 0.154000
v -0.032694 0.251817 0.154000
v -0.031748 0.251890 0.154000
v -0.030900 0.252109 0.154000
v -0.030150 0.252474 0.154000
v -0.029497 0.252986 0.154000
v -0.028968 0.253617 0.154000
v -0.028590 0.254341 0.154000
v -0.028363 0.255158 0.154000
v -0.028288 0.256067 0.154000
v -0.028363 0.256995 0.154000
v -0.028590 0.257831 0.154000
v -0.028968 0.258574 0.154000
v -0.029497 0.259225 0.154000
v -0.030150 0.259754 0.154000
v -0.030900 0.260131 0.154000
v -0.031748 0.260358 0.154000
v -0.032694 0.260433 0.154000
v -0.038503 0.260433 0.154000
v -0.038589 0.260421 0.154000
v -0.038650 0.260385 0.154000
v -0.038686 0.260324 0.154000
v -0.038698 0.260239 0.154000
v -0.038698 0.252011 0.154000
v -0.038686 0.251926 0.154000
v -0.038650 0.251865 0.154000
v -0.038589 0.251829 0.154000
v -0.038503 0.251817 0.154000
v -0.051331 0.237000 0.154000
v -0.051509 0.237024 0.154000
v -0.051653 0.237097 0.154000
v -0.051763 0.237219 0.154000
v -0.051838 0.237390 0.154000
v -0.053125 0.241562 0.154000
v -0.053166 0.241630 0.154000
v -0.053213 0.241679 0.154000
v -0.053264 0.241708 0.154000
v -0.053320 0.241718 0.154000
v -0.063614 0.241718 0.154000
v -0.063670 0.241708 0.154000
v -0.063721 0.241679 0.154000
v -0.063767 0.241630 0.154000
v -0.063808 0.241562 0.154000
v -0.065095 0.237390 0.154000
v -0.065171 0.237219 0.154000
v -0.065280 0.237097 0.154000
v -0.065424 0.237024 0.154000
v -0.065602 0.237000 0.154000
v -0.069501 0.237000 0.154000
v -0.069611 0.237009 0.154000
v -0.069706 0.237034 0.154000
v -0.069786 0.237077 0.154000
v -0.069852 0.237136 0.154000
v -0.069898 0.237213 0.154000
v -0.069920 0.237307 0.154000
v -0.069918 0.237418 0.154000
v -0.069891 0.237546 0.154000
v -0.061430 0.263904 0.154000
v -0.061355 0.264074 0.154000
v -0.061245 0.264196 0.154000
v -0.061101 0.264269 0.154000
v -0.060923 0.264294 0.154000
v -0.056049 0.264294 0.154000
v -0.055871 0.264269 0.154000
v -0.055728 0.264196 0.154000
v -0.055618 0.264074 0.154000
v -0.055542 0.263904 0.154000
v -0.047042 0.237546 0.154000
v -0.047025 0.237504 0.154000
v -0.047013 0.237458 0.154000
v -0.047006 0.237407 0.154000
v -0.047003 0.237351 0.154000
v -0.047030 0.237197 0.154000
v -0.047111 0.237088 0.154000
v -0.047245 0.237022 0.154000
v -0.047432 0.237000 0.154000
v -0.062600 0.245500 0.154000
v -0.062605 0.245398 0.154000
v -0.062580 0.245325 0.154000
v -0.062527 0.245281 0.154000
v -0.062444 0.245266 0.154000
v -0.054529 0.245266 0.154000
v -0.054431 0.245281 0.154000
v -0.054373 0.245325 0.154000
v -0.054353 0.245398 0.154000
v -0.054373 0.245500 0.154000
v -0.058389 0.258562 0.154000
v -0.058411 0.258630 0.154000
v -0.058438 0.258679 0.154000
v -0.058469 0.258708 0.154000
v -0.058506 0.258718 0.154000
v -0.058542 0.258708 0.154000
v -0.058574 0.258679 0.154000
v -0.058601 0.258630 0.154000
v -0.058623 0.258562 0.154000
v -0.082836 0.236688 0.154000
v -0.084254 0.236760 0.154000
v -0.085585 0.236976 0.154000
v -0.086828 0.237335 0.154000
v -0.087983 0.237838 0.154000
v -0.089031 0.238471 0.154000
v -0.089952 0.239218 0.154000
v -0.090746 0.240079 0.154000
v -0.091414 0.241055 0.154000
v -0.091943 0.242130 0.154000
v -0.092321 0.243287 0.154000
v -0.092547 0.244528 0.154000
v -0.092623 0.245851 0.154000
v -0.092623 0.255482 0.154000
v -0.092547 0.256805 0.154000
v -0.092321 0.258045 0.154000
v -0.091943 0.259203 0.154000
v -0.091414 0.260278 0.154000
v -0.090746 0.261252 0.154000
v -0.089952 0.262110 0.154000
v -0.089031 0.262851 0.154000
v -0.087983 0.263475 0.154000
v -0.086828 0.263969 0.154000
v -0.085585 0.264323 0.154000
v -0.084254 0.264535 0.154000
v -0.082836 0.264606 0.154000
v -0.081435 0.264537 0.154000
v -0.080116 0.264333 0.154000
v -0.078881 0.263991 0.154000
v -0.077728 0.263514 0.154000
v -0.076680 0.262912 0.154000
v -0.075759 0.262198 0.154000
v -0.074965 0.261372 0.154000
v -0.074297 0.260433 0.154000
v -0.073768 0.259400 0.154000
v -0.073390 0.258289 0.154000
v -0.073164 0.257100 0.154000
v -0.073088 0.255833 0.154000
v -0.073097 0.255739 0.154000
v -0.073122 0.255652 0.154000
v -0.073165 0.255573 0.154000
v -0.073225 0.255501 0.154000
v -0.073297 0.255441 0.154000
v -0.073376 0.255399 0.154000
v -0.073462 0.255373 0.154000
v -0.073556 0.255365 0.154000
v -0.077143 0.255170 0.154000
v -0.077348 0.255197 0.154000
v -0.077494 0.255277 0.154000
v -0.077582 0.255411 0.154000
v -0.077611 0.255599 0.154000
v -0.077700 0.256693 0.154000
v -0.077967 0.257675 0.154000
v -0.078412 0.258545 0.154000
v -0.079034 0.259303 0.154000
v -0.079806 0.259917 0.154000
v -0.080696 0.260355 0.154000
v -0.081706 0.260619 0.154000
v -0.082836 0.260706 0.154000
v -0.083967 0.260619 0.154000
v -0.084981 0.260355 0.154000
v -0.085877 0.259917 0.154000
v -0.086657 0.259303 0.154000
v -0.087288 0.258545 0.154000
v -0.087739 0.257675 0.154000
v -0.088010 0.256693 0.154000
v -0.088100 0.255599 0.154000
v -0.088100 0.245656 0.154000
v -0.088010 0.244579 0.154000
v -0.087739 0.243609 0.154000
v -0.087288 0.242746 0.154000
v -0.086657 0.241991 0.154000
v -0.085877 0.241377 0.154000
v -0.084981 0.240938 0.154000
v -0.083967 0.240675 0.154000
v -0.082836 0.240587 0.154000
v -0.081707 0.240674 0.154000
v -0.080696 0.240933 0.154000
v -0.079806 0.241366 0.154000
v -0.079034 0.241971 0.154000
v -0.078412 0.242721 0.154000
v -0.077967 0.243585 0.154000
v -0.077700 0.244563 0.154000
v -0.077611 0.245656 0.154000
v -0.077582 0.245844 0.154000
v -0.077494 0.245978 0.154000
v -0.077348 0.246058 0.154000
v -0.077143 0.246085 0.154000
v -0.073556 0.245929 0.154000
v -0.073462 0.245922 0.154000
v -0.073376 0.245900 0.154000
v -0.073297 0.245863 0.154000
v -0.073225 0.245812 0.154000
v -0.073165 0.245751 0.154000
v -0.073122 0.245685 0.154000
v -0.073097 0.245615 0.154000
v -0.073088 0.245539 0.154000
v -0.073164 0.244254 0.154000
v -0.073390 0.243048 0.154000
v -0.073768 0.241924 0.154000
v -0.074297 0.240880 0.154000
v -0.074965 0.239933 0.154000
v -0.075759 0.239101 0.154000
v -0.076680 0.238383 0.154000
v -0.077728 0.237780 0.154000
v -0.078881 0.237302 0.154000
v -0.080116 0.236961 0.154000
v -0.081435 0.236756 0.154000
v -0.082836 0.236688 0.154000
v -0.082836 0.236688 0.156000
v -0.084254 0.236760 0.154000
v -0.084254 0.236760 0.156000
v -0.085585 0.236976 0.154000
v -0.085585 0.236976 0.156000
v -0.086828 0.237335 0.154000
v -0.086828 0.237335 0.156000
v -0.087983 0.237838 0.154000
v -0.087983 0.237838 0.156000
v -0.089031 0.238471 0.154000
v -0.089031 0.238471 0.156000
v -0.089952 0.239218 0.154000
v -0.089952 0.239218 0.156000
v -0.090746 0.240079 0.154000
v -0.090746 0.240079 0.156000
v -0.091414 0.241055 0.154000
v -0.091414 0.241055 0.156000
v -0.091943 0.242130 0.154000
v -0.091943 0.242130 0.156000
v -0.092321 0.243287 0.154000
v -0.092321 0.243287 0.156000
v -0.092547 0.244528 0.154000
v -0.092547 0.244528 0.156000
v -0.092623 0.245851 0.154000
v -0.092623 0.245851 0.156000
v -0.092623 0.255482 0.154000
v -0.092623 0.255482 0.156000
v -0.092547 0.256805 0.154000
v -0.092547 0.256805 0.156000
v -0.092321 0.258045 0.154000
v -0.092321 0.258045 0.156000
v -0.091943 0.259203 0.154000
v -0.091943 0.259203 0.156000
v -0.091414 0.260278 0.154000
v -0.091414 0.260278 0.156000
v -0.090746 0.261252 0.154000
v -0.090746 0.261252 0.156000
v -0.089952 0.262110 0.154000
v -0.089952 0.262110 0.156000
v -0.089031 0.262851 0.154000
v -0.089031 0.262851 0.156000
v -0.087983 0.263475 0.154000
v -0.087983 0.263475 0.156000
v -0.086828 0.263969 0.154000
v -0.086828 0.263969 0.156000
v -0.085585 0.264323 0.154000
v -0.085585 0.264323 0.156000
v -0.084254 0.264535 0.154000
v -0.084254 0.264535 0.156000
v -0.082836 0.264606 0.154000
v -0.082836 0.264606 0.156000
v -0.081435 0.264537 0.154000
v -0.081435 0.264537 0.156000
v -0.080116 0.264333 0.154000
v -0.080116 0.264333 0.156000
v -0.078881 0.263991 0.154000
v -0.078881 0.263991 0.156000
v -0.077728 0.263514 0.154000
v -0.077728 0.263514 0.156000
v -0.076680 0.262912 0.154000
v -0.076680 0.262912 0.156000
v -0.075759 0.262198 0.154000
v -0.075759 0.262198 0.156000
v -0.074965 0.261372 0.154000
v -0.074965 0.261372 0.156000
v -0.074297 0.260433 0.154000
v -0.074297 0.260433 0.156000
v -0.073768 0.259400 0.154000
v -0.073768 0.259400 0.156000
v -0.073390 0.258289 0.154000
v -0.073390 0.258289 0.156000
v -0.073164 0.257100 0.154000
v -0.073164 0.257100 0.156000
v -0.073088 0.255833 0.154000
v -0.073088 0.255833 0.156000
v -0.073097 0.255739 0.154000
v -0.073097 0.255739 0.156000
v -0.073122 0.255652 0.154000
v -0.073122 0.255652 0.156000
v -0.073165 0.255573 0.154000
v -0.073165 0.255573 0.156000
v -0.073225 0.255501 0.154000
v -0.073225 0.255501 0.156000
v -0.073297 0.255441 0.154000
v -0.073297 0.255441 0.156000
v -0.073376 0.255399 0.154000
v -0.073376 0.255399 0.156000
v -0.073462 0.255373 0.154000
v -0.073462 0.255373 0.156000
v -0.073556 0.255365 0.154000
v -0.073556 0.255365 0.156000
v -0.077143 0.255170 0.154000
v -0.077143 0.255170 0.156000
v -0.077348 0.255197 0.154000
v -0.077348 0.255197 0.156000
v -0.077494 0.255277 0.154000
v -0.077494 0.255277 0.156000
v -0.077582 0.255411 0.154000
v -0.077582 0.255411 0.156000
v -0.077611 0.255599 0.154000
v -0.077611 0.255599 0.156000
v -0.077700 0.256693 0.154000
v -0.077700 0.256693 0.156000
v -0.077967 0.257675 0.154000
v -0.077967 0.257675 0.156000
v -0.078412 0.258545 0.154000
v -0.078412 0.258545 0.156000
v -0.079034 0.259303 0.154000
v -0.079034 0.259303 0.156000
v -0.079806 0.259917 0.154000
v -0.079806 0.259917 0.156000
v -0.080696 0.260355 0.154000
v -0.080696 0.260355 0.156000
v -0.081706 0.260619 0.154000
v -0.081706 0.260619 0.156000
v -0.082836 0.260706 0.154000
v -0.082836 0.260706 0.156000
v -0.083967 0.260619 0.154000
v -0.083967 0.260619 0.156000
v -0.084981 0.260355 0.154000
v -0.084981 0.260355 0.156000
v -0.085877 0.259917 0.154000
v -0.085877 0.259917 0.156000
v -0.086657 0.259303 0.154000
v -0.086657 0.259303 0.156000
v -0.087288 0.258545 0.154000
v -0.087288 0.258545 0.156000
v -0.087739 0.257675 0.154000
v -0.087739 0.257675 0.156000
v -0.088010 0.256693 0.154000
v -0.088010 0.256693 0.156000
v -0.088100 0.255599 0.154000
v -0.088100 0.255599 0.156000
v -0.088100 0.245656 0.154000
v -0.088100 0.245656 0.156000
v -0.088010 0.244579 0.154000
v -0.088010 0.244579 0.156000
v -0.087739 0.243609 0.154000
v -0.087739 0.243609 0.156000
v -0.087288 0.242746 0.154000
v -0.087288 0.242746 0.156000
v -0.086657 0.241991 0.154000
v -0.086657 0.241991 0.156000
v -0.085877 0.241377 0.154000
v -0.085877 0.241377 0.156000
v -0.084981 0.240938 0.154000
v -0.084981 0.240938 0.156000
v -0.083967 0.240675 0.154000
v -0.083967 0.240675 0.156000
v -0.082836 0.240587 0.154000
v -0.082836 0.240587 0.156000
v -0.081707 0.240674 0.154000
v -0.081707 0.240674 0.156000
v -0.080696 0.240933 0.154000
v -0.080696 0.240933 0.156000
v -0.079806 0.241366 0.154000
v -0.079806 0.241366 0.156000
v -0.079034 0.241971 0.154000
v -0.079034 0.241971 0.156000
v -0.078412 0.242721 0.154000
v -0.078412 0.242721 0.156000
v -0.077967 0.243585 0.154000
v -0.077967 0.243585 0.156000
v -0.077700 0.244563 0.154000
v -0.077700 0.244563 0.156000
v -0.077611 0.245656 0.154000
v -0.077611 0.245656 0.156000
v -0.077582 0.245844 0.154000
v -0.077582 0.245844 0.156000
v -0.077494 0.245978 0.154000
v -0.077494 0.245978 0.156000
v -0.077348 0.246058 0.154000
v -0.077348 0.246058 0.156000
v -0.077143 0.246085 0.154000
v -0.077143 0.246085 0.156000
v -0.073556 0.245929 0.154000
v -0.073556 0.245929 0.156000
v -0.073462 0.245922 0.154000
v -0.073462 0.245922 0.156000
v -0.073376 0.245900 0.154000
v -0.073376 0.245900 0.156000
v -0.073297 0.245863 0.154000
v -0.073297 0.245863 0.156000
v -0.073225 0.245812 0.154000
v -0.073225 0.245812 0.156000
v -0.073165 0.245751 0.154000
v -0.073165 0.245751 0.156000
v -0.073122 0.245685 0.154000
v -0.073122 0.245685 0.156000
v -0.073097 0.245615 0.154000
v -0.073097 0.245615 0.156000
v -0.073088 0.245539 0.154000
v -0.073088 0.245539 0.156000
v -0.073164 0.244254 0.154000
v -0.073164 0.244254 0.156000
v -0.073390 0.243048 0.154000
v -0.073390 0.243048 0.156000
v -0.073768 0.241924 0.154000
v -0.073768 0.241924 0.156000
v -0.074297 0.240880 0.154000
v -0.074297 0.240880 0.156000
v -0.074965 0.239933 0.154000
v -0.074965 0.239933 0.156000
v -0.075759 0.239101 0.154000
v -0.075759 0.239101 0.156000
v -0.076680 0.238383 0.154000
v -0.076680 0.238383 0.156000
v -0.077728 0.237780 0.154000
v -0.077728 0.237780 0.156000
v -0.078881 0.237302 0.154000
v -0.078881 0.237302 0.156000
v -0.080116 0.236961 0.154000
v -0.080116 0.236961 0.156000
v -0.081435 0.236756 0.154000
v -0.081435 0.236756 0.156000
v -0.051331 0.237000 0.154000
v -0.051331 0.237000 0.156000
v -0.051509 0.237024 0.154000
v -0.051509 0.237024 0.156000
v -0.051653 0.237097 0.154000
v -0.051653 0.237097 0.156000
v -0.051763 0.237219 0.154000
v -0.051763 0.237219 0.156000
v -0.051838 0.237390 0.154000
v -0.051838 0.237390 0.156000
v -0.053125 0.241562 0.154000
v -0.053125 0.241562 0.156000
v -0.053166 0.241630 0.154000
v -0.053166 0.241630 0.156000
v -0.053213 0.241679 0.154000
v -0.053213 0.241679 0.156000
v -0.053264 0.241708 0.154000
v -0.053264 0.241708 0.156000
v -0.053320 0.241718 0.154000
v -0.053320 0.241718 0.156000
v -0.063614 0.241718 0.154000
v -0.063614 0.241718 0.156000
v -0.063670 0.241708 0.154000
v -0.063670 0.241708 0.156000
v -0.063721 0.241679 0.154000
v -0.063721 0.241679 0.156000
v -0.063767 0.241630 0.154000
v -0.063767 0.241630 0.156000
v -0.063808 0.241562 0.154000
v -0.063808 0.241562 0.156000
v -0.065095 0.237390 0.154000
v -0.065095 0.237390 0.156000
v -0.065171 0.237219 0.154000
v -0.065171 0.237219 0.156000
v -0.065280 0.237097 0.154000
v -0.065280 0.237097 0.156000
v -0.065424 0.237024 0.154000
v -0.065424 0.237024 0.156000
v -0.065602 0.237000 0.154000
v -0.065602 0.237000 0.156000
v -0.069501 0.237000 0.154000
v -0.069501 0.237000 0.156000
v -0.069611 0.237009 0.154000
v -0.069611 0.237009 0.156000
v -0.069706 0.237034 0.154000
v -0.069706 0.237034 0.156000
v -0.069786 0.237077 0.154000
v -0.069786 0.237077 0.156000
v -0.069852 0.237136 0.154000
v -0.069852 0.237136 0.156000
v -0.069898 0.237213 0.154000
v -0.069898 0.237213 0.156000
v -0.069920 0.237307 0.154000
v -0.069920 0.237307 0.156000
v -0.069918 0.237418 0.154000
v -0.069918 0.237418 0.156000
v -0.069891 0.237546 0.154000
v -0.069891 0.237546 0.156000
v -0.061430 0.263904 0.154000
v -0.061430 0.263904 0.156000
v -0.061355 0.264074 0.154000
v -0.061355 0.264074 0.156000
v -0.061245 0.264196 0.154000
v -0.061245 0.264196 0.156000
v -0.061101 0.264269 0.154000
v -0.061101 0.264269 0.156000
v -0.060923 0.264294 0.154000
v -0.060923 0.264294 0.156000
v -0.056049 0.264294 0.154000
v -0.056049 0.264294 0.156000
v -0.055871 0.264269 0.154000
v -0.055871 0.264269 0.156000
v -0.055728 0.264196 0.154000
v -0.055728 0.264196 0.156000
v -0.055618 0.264074 0.154000
v -0.055618 0.264074 0.156000
v -0.055542 0.263904 0.154000
v -0.055542 0.263904 0.156000
v -0.047042 0.237546 0.154000
v -0.047042 0.237546 0.156000
v -0.047025 0.237504 0.154000
v -0.047025 0.237504 0.156000
v -0.047013 0.237458 0.154000
v -0.047013 0.237458 0.156000
v -0.047006 0.237407 0.154000
v -0.047006 0.237407 0.156000
v -0.047003 0.237351 0.154000
v -0.047003 0.237351 0.156000
v -0.047030 0.237197 0.154000
v -0.047030 0.237197 0.156000
v -0.047111 0.237088 0.154000
v -0.047111 0.237088 0.156000
v -0.047245 0.237022 0.154000
v -0.047245 0.237022 0.156000
v -0.047432 0.237000 0.154000
v -0.047432 0.237000 0.156000
v -0.062600 0.245500 0.154000
v -0.062600 0.245500 0.156000
v -0.062605 0.245398 0.154000
v -0.062605 0.245398 0.156000
v -0.062580 0.245325 0.154000
v -0.062580 0.245325 0.156000
v -0.062527 0.245281 0.154000
v -0.062527 0.245281 0.156000
v -0.062444 0.245266 0.154000
v -0.062444 0.245266 0.156000
v -0.054529 0.245266 0.154000
v -0.054529 0.245266 0.156000
v -0.054431 0.245281 0.154000
v -0.054431 0.245281 0.156000
v -0.054373 0.245325 0.154000
v -0.054373 0.245325 0.156000
v -0.054353 0.245398 0.154000
v -0.054353 0.245398 0.156000
v -0.054373 0.245500 0.154000
v -0.054373 0.245500 0.156000
v -0.058389 0.258562 0.154000
v -0.058389 0.258562 0.156000
v -0.058411 0.258630 0.154000
v -0.058411 0.258630 0.156000
v -0.058438 0.258679 0.154000
v -0.058438 0.258679 0.156000
v -0.058469 0.258708 0.154000
v -0.058469 0.258708 0.156000
v -0.058506 0.258718 0.154000
v -0.058506 0.258718 0.156000
v -0.058542 0.258708 0.154000
v -0.058542 0.258708 0.156000
v -0.058574 0.258679 0.154000
v -0.058574 0.258679 0.156000
v -0.058601 0.258630 0.154000
v -0.058601 0.258630 0.156000
v -0.058623 0.258562 0.154000
v -0.058623 0.258562 0.156000
v -0.032031 0.264333 0.154000
v -0.032031 0.264333 0.156000
v -0.030839 0.264269 0.154000
v -0.030839 0.264269 0.156000
v -0.029721 0.264079 0.154000
v -0.029721 0.264079 0.156000
v -0.028675 0.263762 0.154000
v -0.028675 0.263762 0.156000
v -0.027703 0.263319 0.154000
v -0.027703 0.263319 0.156000
v -0.026820 0.262760 0.154000
v -0.026820 0.262760 0.156000
v -0.026041 0.262095 0.154000
v -0.026041 0.262095 0.156000
v -0.025367 0.261327 0.154000
v -0.025367 0.261327 0.156000
v -0.024798 0.260453 0.154000
v -0.024798 0.260453 0.156000
v -0.024346 0.259492 0.154000
v -0.024346 0.259492 0.156000
v -0.024023 0.258460 0.154000
v -0.024023 0.258460 0.156000
v -0.023829 0.257357 0.154000
v -0.023829 0.257357 0.156000
v -0.023765 0.256184 0.154000
v -0.023765 0.256184 0.156000
v -0.023831 0.255028 0.154000
v -0.023831 0.255028 0.156000
v -0.024028 0.253941 0.154000
v -0.024028 0.253941 0.156000
v -0.024357 0.252923 0.154000
v -0.024357 0.252923 0.156000
v -0.024818 0.251972 0.154000
v -0.024818 0.251972 0.156000
v -0.025399 0.251109 0.154000
v -0.025399 0.251109 0.156000
v -0.026090 0.250349 0.154000
v -0.026090 0.250349 0.156000
v -0.026890 0.249695 0.154000
v -0.026890 0.249695 0.156000
v -0.027800 0.249146 0.154000
v -0.027800 0.249146 0.156000
v -0.028803 0.248711 0.154000
v -0.028803 0.248711 0.156000
v -0.029882 0.248400 0.154000
v -0.029882 0.248400 0.156000
v -0.031035 0.248214 0.154000
v -0.031035 0.248214 0.156000
v -0.032265 0.248151 0.154000
v -0.032265 0.248151 0.156000
v -0.038503 0.248151 0.154000
v -0.038503 0.248151 0.156000
v -0.038589 0.248139 0.154000
v -0.038589 0.248139 0.156000
v -0.038650 0.248103 0.154000
v -0.038650 0.248103 0.156000
v -0.038686 0.248042 0.154000
v -0.038686 0.248042 0.156000
v -0.038698 0.247956 0.154000
v -0.038698 0.247956 0.156000
v -0.038698 0.237468 0.154000
v -0.038698 0.237468 0.156000
v -0.038707 0.237374 0.154000
v -0.038707 0.237374 0.156000
v -0.038733 0.237288 0.154000
v -0.038733 0.237288 0.156000
v -0.038775 0.237208 0.154000
v -0.038775 0.237208 0.156000
v -0.038835 0.237136 0.154000
v -0.038835 0.237136 0.156000
v -0.038907 0.237077 0.154000
v -0.038907 0.237077 0.156000
v -0.038986 0.237034 0.154000
v -0.038986 0.237034 0.156000
v -0.039072 0.237009 0.154000
v -0.039072 0.237009 0.156000
v -0.039166 0.237000 0.154000
v -0.039166 0.237000 0.156000
v -0.042753 0.237000 0.154000
v -0.042753 0.237000 0.156000
v -0.042847 0.237009 0.154000
v -0.042847 0.237009 0.156000
v -0.042934 0.237034 0.154000
v -0.042934 0.237034 0.156000
v -0.043013 0.237077 0.154000
v -0.043013 0.237077 0.156000
v -0.043085 0.237136 0.154000
v -0.043085 0.237136 0.156000
v -0.043145 0.237208 0.154000
v -0.043145 0.237208 0.156000
v -0.043187 0.237288 0.154000
v -0.043187 0.237288 0.156000
v -0.043213 0.237374 0.154000
v -0.043213 0.237374 0.156000
v -0.043221 0.237468 0.154000
v -0.043221 0.237468 0.156000
v -0.043221 0.263865 0.154000
v -0.043221 0.263865 0.156000
v -0.043213 0.263959 0.154000
v -0.043213 0.263959 0.156000
v -0.043187 0.264045 0.154000
v -0.043187 0.264045 0.156000
v -0.043145 0.264124 0.154000
v -0.043145 0.264124 0.156000
v -0.043085 0.264196 0.154000
v -0.043085 0.264196 0.156000
v -0.043013 0.264256 0.154000
v -0.043013 0.264256 0.156000
v -0.042934 0.264298 0.154000
v -0.042934 0.264298 0.156000
v -0.042847 0.264324 0.154000
v -0.042847 0.264324 0.156000
v -0.042753 0.264333 0.154000
v -0.042753 0.264333 0.156000
v -0.032694 0.251817 0.154000
v -0.032694 0.251817 0.156000
v -0.031748 0.251890 0.154000
v -0.031748 0.251890 0.156000
v -0.030900 0.252109 0.154000
v -0.030900 0.252109 0.156000
v -0.030150 0.252474 0.154000
v -0.030150 0.252474 0.156000
v -0.029497 0.252986 0.154000
v -0.029497 0.252986 0.156000
v -0.028968 0.253617 0.154000
v -0.028968 0.253617 0.156000
v -0.028590 0.254341 0.154000
v -0.028590 0.254341 0.156000
v -0.028363 0.255158 0.154000
v -0.028363 0.255158 0.156000
v -0.028288 0.256067 0.154000
v -0.028288 0.256067 0.156000
v -0.028363 0.256995 0.154000
v -0.028363 0.256995 0.156000
v -0.028590 0.257831 0.154000
v -0.028590 0.257831 0.156000
v -0.028968 0.258574 0.154000
v -0.028968 0.258574 0.156000
v -0.029497 0.259225 0.154000
v -0.029497 0.259225 0.156000
v -0.030150 0.259754 0.154000
v -0.030150 0.259754 0.156000
v -0.030900 0.260131 0.154000
v -0.030900 0.260131 0.156000
v -0.031748 0.260358 0.154000
v -0.031748 0.260358 0.156000
v -0.032694 0.260433 0.154000
v -0.032694 0.260433 0.156000
v -0.038503 0.260433 0.154000
v -0.038503 0.260433 0.156000
v -0.038589 0.260421 0.154000
v -0.038589 0.260421 0.156000
v -0.038650 0.260385 0.154000
v -0.038650 0.260385 0.156000
v -0.038686 0.260324 0.154000
v -0.038686 0.260324 0.156000
v -0.038698 0.260239 0.154000
v -0.038698 0.260239 0.156000
v -0.038698 0.252011 0.154000
v -0.038698 0.252011 0.156000
v -0.038686 0.251926 0.154000
v -0.038686 0.251926 0.156000
v -0.038650 0.251865 0.154000
v -0.038650 0.251865 0.156000
v -0.038589 0.251829 0.154000
v -0.038589 0.251829 0.156000
v -0.038503 0.251817 0.154000
v -0.038503 0.251817 0.156000
v -0.019320 0.237000 0.154000
v -0.019320 0.237000 0.156000
v -0.019414 0.237009 0.154000
v -0.019414 0.237009 0.156000
v -0.019500 0.237034 0.154000
v -0.019500 0.237034 0.156000
v -0.019579 0.237077 0.154000
v -0.019579 0.237077 0.156000
v -0.019651 0.237136 0.154000
v -0.019651 0.237136 0.156000
v -0.019711 0.237208 0.154000
v -0.019711 0.237208 0.156000
v -0.019754 0.237288 0.154000
v -0.019754 0.237288 0.156000
v -0.019779 0.237374 0.154000
v -0.019779 0.237374 0.156000
v -0.019788 0.237468 0.154000
v -0.019788 0.237468 0.156000
v -0.019788 0.263826 0.154000
v -0.019788 0.263826 0.156000
v -0.019779 0.263919 0.154000
v -0.019779 0.263919 0.156000
v -0.019754 0.264006 0.154000
v -0.019754 0.264006 0.156000
v -0.019711 0.264085 0.154000
v -0.019711 0.264085 0.156000
v -0.019651 0.264157 0.154000
v -0.019651 0.264157 0.156000
v -0.019579 0.264217 0.154000
v -0.019579 0.264217 0.156000
v -0.019500 0.264259 0.154000
v -0.019500 0.264259 0.156000
v -0.019414 0.264285 0.154000
v -0.019414 0.264285 0.156000
v -0.019320 0.264294 0.154000
v -0.019320 0.264294 0.156000
v -0.015733 0.264294 0.154000
v -0.015733 0.264294 0.156000
v -0.015639 0.264285 0.154000
v -0.015639 0.264285 0.156000
v -0.015552 0.264259 0.154000
v -0.015552 0.264259 0.156000
v -0.015473 0.264217 0.154000
v -0.015473 0.264217 0.156000
v -0.015401 0.264157 0.154000
v -0.015401 0.264157 0.156000
v -0.015342 0.264085 0.154000
v -0.015342 0.264085 0.156000
v -0.015299 0.264006 0.154000
v -0.015299 0.264006 0.156000
v -0.015273 0.263919 0.154000
v -0.015273 0.263919 0.156000
v -0.015265 0.263826 0.154000
v -0.015265 0.263826 0.156000
v -0.015265 0.237468 0.154000
v -0.015265 0.237468 0.156000
v -0.015273 0.237374 0.154000
v -0.015273 0.237374 0.156000
v -0.015299 0.237288 0.154000
v -0.015299 0.237288 0.156000
v -0.015342 0.237208 0.154000
v -0.015342 0.237208 0.156000
v -0.015401 0.237136 0.154000
v -0.015401 0.237136 0.156000
v -0.015473 0.237077 0.154000
v -0.015473 0.237077 0.156000
v -0.015552 0.237034 0.154000
v -0.015552 0.237034 0.156000
v -0.015639 0.237009 0.154000
v -0.015639 0.237009 0.156000
v -0.015733 0.237000 0.154000
v -0.015733 0.237000 0.156000
v 0.008364 0.264294 0.154000
v 0.008364 0.264294 0.156000
v 0.008457 0.264285 0.154000
v 0.008457 0.264285 0.156000
v 0.008544 0.264259 0.154000
v 0.008544 0.264259 0.156000
v 0.008623 0.264217 0.154000
v 0.008623 0.264217 0.156000
v 0.008695 0.264157 0.154000
v 0.008695 0.264157 0.156000
v 0.008755 0.264085 0.154000
v 0.008755 0.264085 0.156000
v 0.008797 0.264006 0.154000
v 0.008797 0.264006 0.156000
v 0.008823 0.263919 0.154000
v 0.008823 0.263919 0.156000
v 0.008831 0.263826 0.154000
v 0.008831 0.263826 0.156000
v 0.008831 0.260823 0.154000
v 0.008831 0.260823 0.156000
v 0.008823 0.260730 0.154000
v 0.008823 0.260730 0.156000
v 0.008797 0.260643 0.154000
v 0.008797 0.260643 0.156000
v 0.008755 0.260564 0.154000
v 0.008755 0.260564 0.156000
v 0.008695 0.260492 0.154000
v 0.008695 0.260492 0.156000
v 0.008623 0.260432 0.154000
v 0.008623 0.260432 0.156000
v 0.008544 0.260390 0.154000
v 0.008544 0.260390 0.156000
v 0.008457 0.260364 0.154000
v 0.008457 0.260364 0.156000
v 0.008364 0.260355 0.154000
v 0.008364 0.260355 0.156000
v 0.001189 0.260355 0.154000
v 0.001189 0.260355 0.156000
v 0.001104 0.260343 0.154000
v 0.001104 0.260343 0.156000
v 0.001043 0.260307 0.154000
v 0.001043 0.260307 0.156000
v 0.001006 0.260246 0.154000
v 0.001006 0.260246 0.156000
v 0.000994 0.260161 0.154000
v 0.000994 0.260161 0.156000
v 0.000994 0.237468 0.154000
v 0.000994 0.237468 0.156000
v 0.000986 0.237374 0.154000
v 0.000986 0.237374 0.156000
v 0.000960 0.237288 0.154000
v 0.000960 0.237288 0.156000
v 0.000917 0.237208 0.154000
v 0.000917 0.237208 0.156000
v 0.000858 0.237136 0.154000
v 0.000858 0.237136 0.156000
v 0.000786 0.237077 0.154000
v 0.000786 0.237077 0.156000
v 0.000707 0.237034 0.154000
v 0.000707 0.237034 0.156000
v 0.000620 0.237009 0.154000
v 0.000620 0.237009 0.156000
v 0.000526 0.237000 0.154000
v 0.000526 0.237000 0.156000
v -0.003061 0.237000 0.154000
v -0.003061 0.237000 0.156000
v -0.003155 0.237009 0.154000
v -0.003155 0.237009 0.156000
v -0.003241 0.237034 0.154000
v -0.003241 0.237034 0.156000
v -0.003320 0.237077 0.154000
v -0.003320 0.237077 0.156000
v -0.003392 0.237136 0.154000
v -0.003392 0.237136 0.156000
v -0.003452 0.237208 0.154000
v -0.003452 0.237208 0.156000
v -0.003495 0.237288 0.154000
v -0.003495 0.237288 0.156000
v -0.003520 0.237374 0.154000
v -0.003520 0.237374 0.156000
v -0.003529 0.237468 0.154000
v -0.003529 0.237468 0.156000
v -0.003529 0.260161 0.154000
v -0.003529 0.260161 0.156000
v -0.003541 0.260246 0.154000
v -0.003541 0.260246 0.156000
v -0.003577 0.260307 0.154000
v -0.003577 0.260307 0.156000
v -0.003638 0.260343 0.154000
v -0.003638 0.260343 0.156000
v -0.003724 0.260355 0.154000
v -0.003724 0.260355 0.156000
v -0.010625 0.260355 0.154000
v -0.010625 0.260355 0.156000
v -0.010719 0.260364 0.154000
v -0.010719 0.260364 0.156000
v -0.010805 0.260390 0.154000
v -0.010805 0.260390 0.156000
v -0.010885 0.260432 0.154000
v -0.010885 0.260432 0.156000
v -0.010956 0.260492 0.154000
v -0.010956 0.260492 0.156000
v -0.011016 0.260564 0.154000
v -0.011016 0.260564 0.156000
v -0.011059 0.260643 0.154000
v -0.011059 0.260643 0.156000
v -0.011084 0.260730 0.154000
v -0.011084 0.260730 0.156000
v -0.011093 0.260823 0.154000
v -0.011093 0.260823 0.156000
v -0.011093 0.263826 0.154000
v -0.011093 0.263826 0.156000
v -0.011084 0.263919 0.154000
v -0.011084 0.263919 0.156000
v -0.011059 0.264006 0.154000
v -0.011059 0.264006 0.156000
v -0.011016 0.264085 0.154000
v -0.011016 0.264085 0.156000
v -0.010956 0.264157 0.154000
v -0.010956 0.264157 0.156000
v -0.010885 0.264217 0.154000
v -0.010885 0.264217 0.156000
v -0.010805 0.264259 0.154000
v -0.010805 0.264259 0.156000
v -0.010719 0.264285 0.154000
v -0.010719 0.264285 0.156000
v -0.010625 0.264294 0.154000
v -0.010625 0.264294 0.156000
v 0.029925 0.237000 0.154000
v 0.029925 0.237000 0.156000
v 0.029748 0.237024 0.154000
v 0.029748 0.237024 0.156000
v 0.029604 0.237097 0.154000
v 0.029604 0.237097 0.156000
v 0.029494 0.237219 0.154000
v 0.029494 0.237219 0.156000
v 0.029419 0.237390 0.154000
v 0.029419 0.237390 0.156000
v 0.028132 0.241562 0.154000
v 0.028132 0.241562 0.156000
v 0.028090 0.241630 0.154000
v 0.028090 0.241630 0.156000
v 0.028044 0.241679 0.154000
v 0.028044 0.241679 0.156000
v 0.027993 0.241708 0.154000
v 0.027993 0.241708 0.156000
v 0.027937 0.241718 0.154000
v 0.027937 0.241718 0.156000
v 0.017643 0.241718 0.154000
v 0.017643 0.241718 0.156000
v 0.017587 0.241708 0.154000
v 0.017587 0.241708 0.156000
v 0.017536 0.241679 0.154000
v 0.017536 0.241679 0.156000
v 0.017490 0.241630 0.154000
v 0.017490 0.241630 0.156000
v 0.017448 0.241562 0.154000
v 0.017448 0.241562 0.156000
v 0.016162 0.237390 0.154000
v 0.016162 0.237390 0.156000
v 0.016086 0.237219 0.154000
v 0.016086 0.237219 0.156000
v 0.015976 0.237097 0.154000
v 0.015976 0.237097 0.156000
v 0.015833 0.237024 0.154000
v 0.015833 0.237024 0.156000
v 0.015655 0.237000 0.154000
v 0.015655 0.237000 0.156000
v 0.011756 0.237000 0.154000
v 0.011756 0.237000 0.156000
v 0.011646 0.237009 0.154000
v 0.011646 0.237009 0.156000
v 0.011551 0.237034 0.154000
v 0.011551 0.237034 0.156000
v 0.011471 0.237077 0.154000
v 0.011471 0.237077 0.156000
v 0.011405 0.237136 0.154000
v 0.011405 0.237136 0.156000
v 0.011359 0.237213 0.154000
v 0.011359 0.237213 0.156000
v 0.011337 0.237307 0.154000
v 0.011337 0.237307 0.156000
v 0.011339 0.237418 0.154000
v 0.011339 0.237418 0.156000
v 0.011366 0.237546 0.154000
v 0.011366 0.237546 0.156000
v 0.019827 0.263904 0.154000
v 0.019827 0.263904 0.156000
v 0.019902 0.264074 0.154000
v 0.019902 0.264074 0.156000
v 0.020012 0.264196 0.154000
v 0.020012 0.264196 0.156000
v 0.020156 0.264269 0.154000
v 0.020156 0.264269 0.156000
v 0.020334 0.264294 0.154000
v 0.020334 0.264294 0.156000
v 0.025208 0.264294 0.154000
v 0.025208 0.264294 0.156000
v 0.025385 0.264269 0.154000
v 0.025385 0.264269 0.156000
v 0.025529 0.264196 0.154000
v 0.025529 0.264196 0.156000
v 0.025639 0.264074 0.154000
v 0.025639 0.264074 0.156000
v 0.025714 0.263904 0.154000
v 0.025714 0.263904 0.156000
v 0.034214 0.237546 0.154000
v 0.034214 0.237546 0.156000
v 0.034232 0.237504 0.154000
v 0.034232 0.237504 0.156000
v 0.034244 0.237458 0.154000
v 0.034244 0.237458 0.156000
v 0.034251 0.237407 0.154000
v 0.034251 0.237407 0.156000
v 0.034253 0.237351 0.154000
v 0.034253 0.237351 0.156000
v 0.034227 0.237197 0.154000
v 0.034227 0.237197 0.156000
v 0.034146 0.237088 0.154000
v 0.034146 0.237088 0.156000
v 0.034012 0.237022 0.154000
v 0.034012 0.237022 0.156000
v 0.033825 0.237000 0.154000
v 0.033825 0.237000 0.156000
v 0.018657 0.245500 0.154000
v 0.018657 0.245500 0.156000
v 0.018652 0.245398 0.154000
v 0.018652 0.245398 0.156000
v 0.018677 0.245325 0.154000
v 0.018677 0.245325 0.156000
v 0.018730 0.245281 0.154000
v 0.018730 0.245281 0.156000
v 0.018813 0.245266 0.154000
v 0.018813 0.245266 0.156000
v 0.026728 0.245266 0.154000
v 0.026728 0.245266 0.156000
v 0.026826 0.245281 0.154000
v 0.026826 0.245281 0.156000
v 0.026884 0.245325 0.154000
v 0.026884 0.245325 0.156000
v 0.026904 0.245398 0.154000
v 0.026904 0.245398 0.156000
v 0.026884 0.245500 0.154000
v 0.026884 0.245500 0.156000
v 0.022868 0.258562 0.154000
v 0.022868 0.258562 0.156000
v 0.022846 0.258630 0.154000
v 0.022846 0.258630 0.156000
v 0.022819 0.258679 0.154000
v 0.022819 0.258679 0.156000
v 0.022788 0.258708 0.154000
v 0.022788 0.258708 0.156000
v 0.022751 0.258718 0.154000
v 0.022751 0.258718 0.156000
v 0.022715 0.258708 0.154000
v 0.022715 0.258708 0.156000
v 0.022683 0.258679 0.154000
v 0.022683 0.258679 0.156000
v 0.022656 0.258630 0.154000
v 0.022656 0.258630 0.156000
v 0.022634 0.258562 0.154000
v 0.022634 0.258562 0.156000
v 0.038737 0.237000 0.154000
v 0.038737 0.237000 0.156000
v 0.038644 0.237009 0.154000
v 0.038644 0.237009 0.156000
v 0.038557 0.237034 0.154000
v 0.038557 0.237034 0.156000
v 0.038478 0.237077 0.154000
v 0.038478 0.237077 0.156000
v 0.038406 0.237136 0.154000
v 0.038406 0.237136 0.156000
v 0.038346 0.237208 0.154000
v 0.038346 0.237208 0.156000
v 0.038304 0.237288 0.154000
v 0.038304 0.237288 0.156000
v 0.038278 0.237374 0.154000
v 0.038278 0.237374 0.156000
v 0.038269 0.237468 0.154000
v 0.038269 0.237468 0.156000
v 0.038269 0.263826 0.154000
v 0.038269 0.263826 0.156000
v 0.038278 0.263919 0.154000
v 0.038278 0.263919 0.156000
v 0.038304 0.264006 0.154000
v 0.038304 0.264006 0.156000
v 0.038346 0.264085 0.154000
v 0.038346 0.264085 0.156000
v 0.038406 0.264157 0.154000
v 0.038406 0.264157 0.156000
v 0.038478 0.264217 0.154000
v 0.038478 0.264217 0.156000
v 0.038557 0.264259 0.154000
v 0.038557 0.264259 0.156000
v 0.038644 0.264285 0.154000
v 0.038644 0.264285 0.156000
v 0.038737 0.264294 0.154000
v 0.038737 0.264294 0.156000
v 0.042325 0.264294 0.154000
v 0.042325 0.264294 0.156000
v 0.042418 0.264285 0.154000
v 0.042418 0.264285 0.156000
v 0.042505 0.264259 0.154000
v 0.042505 0.264259 0.156000
v 0.042584 0.264217 0.154000
v 0.042584 0.264217 0.156000
v 0.042656 0.264157 0.154000
v 0.042656 0.264157 0.156000
v 0.042716 0.264085 0.154000
v 0.042716 0.264085 0.156000
v 0.042758 0.264006 0.154000
v 0.042758 0.264006 0.156000
v 0.042784 0.263919 0.154000
v 0.042784 0.263919 0.156000
v 0.042792 0.263826 0.154000
v 0.042792 0.263826 0.156000
v 0.042792 0.237468 0.154000
v 0.042792 0.237468 0.156000
v 0.042784 0.237374 0.154000
v 0.042784 0.237374 0.156000
v 0.042758 0.237288 0.154000
v 0.042758 0.237288 0.156000
v 0.042716 0.237208 0.154000
v 0.042716 0.237208 0.156000
v 0.042656 0.237136 0.154000
v 0.042656 0.237136 0.156000
v 0.042584 0.237077 0.154000
v 0.042584 0.237077 0.156000
v 0.042505 0.237034 0.154000
v 0.042505 0.237034 0.156000
v 0.042418 0.237009 0.154000
v 0.042418 0.237009 0.156000
v 0.042325 0.237000 0.154000
v 0.042325 0.237000 0.156000
v 0.064354 0.263826 0.154000
v 0.064354 0.263826 0.156000
v 0.064363 0.263919 0.154000
v 0.064363 0.263919 0.156000
v 0.064388 0.264006 0.154000
v 0.064388 0.264006 0.156000
v 0.064431 0.264085 0.154000
v 0.064431 0.264085 0.156000
v 0.064491 0.264157 0.154000
v 0.064491 0.264157 0.156000
v 0.064563 0.264217 0.154000
v 0.064563 0.264217 0.156000
v 0.064642 0.264259 0.154000
v 0.064642 0.264259 0.156000
v 0.064728 0.264285 0.154000
v 0.064728 0.264285 0.156000
v 0.064822 0.264294 0.154000
v 0.064822 0.264294 0.156000
v 0.068409 0.264294 0.154000
v 0.068409 0.264294 0.156000
v 0.068503 0.264285 0.154000
v 0.068503 0.264285 0.156000
v 0.068590 0.264259 0.154000
v 0.068590 0.264259 0.156000
v 0.068669 0.264217 0.154000
v 0.068669 0.264217 0.156000
v 0.068741 0.264157 0.154000
v 0.068741 0.264157 0.156000
v 0.068801 0.264085 0.154000
v 0.068801 0.264085 0.156000
v 0.068843 0.264006 0.154000
v 0.068843 0.264006 0.156000
v 0.068869 0.263919 0.154000
v 0.068869 0.263919 0.156000
v 0.068877 0.263826 0.154000
v 0.068877 0.263826 0.156000
v 0.068877 0.237468 0.154000
v 0.068877 0.237468 0.156000
v 0.068869 0.237374 0.154000
v 0.068869 0.237374 0.156000
v 0.068843 0.237288 0.154000
v 0.068843 0.237288 0.156000
v 0.068801 0.237208 0.154000
v 0.068801 0.237208 0.156000
v 0.068741 0.237136 0.154000
v 0.068741 0.237136 0.156000
v 0.068669 0.237077 0.154000
v 0.068669 0.237077 0.156000
v 0.068590 0.237034 0.154000
v 0.068590 0.237034 0.156000
v 0.068503 0.237009 0.154000
v 0.068503 0.237009 0.156000
v 0.068409 0.237000 0.154000
v 0.068409 0.237000 0.156000
v 0.064939 0.237000 0.154000
v 0.064939 0.237000 0.156000
v 0.064759 0.237019 0.154000
v 0.064759 0.237019 0.156000
v 0.064608 0.237078 0.154000
v 0.064608 0.237078 0.156000
v 0.064486 0.237175 0.154000
v 0.064486 0.237175 0.156000
v 0.064393 0.237312 0.154000
v 0.064393 0.237312 0.156000
v 0.053164 0.255716 0.154000
v 0.053164 0.255716 0.156000
v 0.053125 0.255766 0.154000
v 0.053125 0.255766 0.156000
v 0.053086 0.255798 0.154000
v 0.053086 0.255798 0.156000
v 0.053047 0.255814 0.154000
v 0.053047 0.255814 0.156000
v 0.053008 0.255813 0.154000
v 0.053008 0.255813 0.156000
v 0.052974 0.255795 0.154000
v 0.052974 0.255795 0.156000
v 0.052950 0.255759 0.154000
v 0.052950 0.255759 0.156000
v 0.052935 0.255707 0.154000
v 0.052935 0.255707 0.156000
v 0.052930 0.255638 0.154000
v 0.052930 0.255638 0.156000
v 0.053008 0.237468 0.154000
v 0.053008 0.237468 0.156000
v 0.052999 0.237374 0.154000
v 0.052999 0.237374 0.156000
v 0.052974 0.237288 0.154000
v 0.052974 0.237288 0.156000
v 0.052931 0.237208 0.154000
v 0.052931 0.237208 0.156000
v 0.052872 0.237136 0.154000
v 0.052872 0.237136 0.156000
v 0.052800 0.237077 0.154000
v 0.052800 0.237077 0.156000
v 0.052720 0.237034 0.154000
v 0.052720 0.237034 0.156000
v 0.052634 0.237009 0.154000
v 0.052634 0.237009 0.156000
v 0.052540 0.237000 0.154000
v 0.052540 0.237000 0.156000
v 0.048953 0.237000 0.154000
v 0.048953 0.237000 0.156000
v 0.048859 0.237009 0.154000
v 0.048859 0.237009 0.156000
v 0.048773 0.237034 0.154000
v 0.048773 0.237034 0.156000
v 0.048693 0.237077 0.154000
v 0.048693 0.237077 0.156000
v 0.048622 0.237136 0.154000
v 0.048622 0.237136 0.156000
v 0.048562 0.237208 0.154000
v 0.048562 0.237208 0.156000
v 0.048519 0.237288 0.154000
v 0.048519 0.237288 0.156000
v 0.048494 0.237374 0.154000
v 0.048494 0.237374 0.156000
v 0.048485 0.237468 0.154000
v 0.048485 0.237468 0.156000
v 0.048485 0.263826 0.154000
v 0.048485 0.263826 0.156000
v 0.048494 0.263919 0.154000
v 0.048494 0.263919 0.156000
v 0.048519 0.264006 0.154000
v 0.048519 0.264006 0.156000
v 0.048562 0.264085 0.154000
v 0.048562 0.264085 0.156000
v 0.048622 0.264157 0.154000
v 0.048622 0.264157 0.156000
v 0.048693 0.264217 0.154000
v 0.048693 0.264217 0.156000
v 0.048773 0.264259 0.154000
v 0.048773 0.264259 0.156000
v 0.048859 0.264285 0.154000
v 0.048859 0.264285 0.156000
v 0.048953 0.264294 0.154000
v 0.048953 0.264294 0.156000
v 0.052423 0.264294 0.154000
v 0.052423 0.264294 0.156000
v 0.052603 0.264274 0.154000
v 0.052603 0.264274 0.156000
v 0.052755 0.264216 0.154000
v 0.052755 0.264216 0.156000
v 0.052876 0.264118 0.154000
v 0.052876 0.264118 0.156000
v 0.052969 0.263982 0.154000
v 0.052969 0.263982 0.156000
v 0.064159 0.245578 0.154000
v 0.064159 0.245578 0.156000
v 0.064198 0.245528 0.154000
v 0.064198 0.245528 0.156000
v 0.064237 0.245495 0.154000
v 0.064237 0.245495 0.156000
v 0.064276 0.245479 0.154000
v 0.064276 0.245479 0.156000
v 0.064315 0.245480 0.154000
v 0.064315 0.245480 0.156000
v 0.064349 0.245499 0.154000
v 0.064349 0.245499 0.156000
v 0.064374 0.245534 0.154000
v 0.064374 0.245534 0.156000
v 0.064388 0.245587 0.154000
v 0.064388 0.245587 0.156000
v 0.064393 0.245656 0.154000
v 0.064393 0.245656 0.156000
v 0.093052 0.260862 0.154000
v 0.093052 0.260862 0.156000
v 0.093043 0.260769 0.154000
v 0.093043 0.260769 0.156000
v 0.093017 0.260682 0.154000
v 0.093017 0.260682 0.156000
v 0.092975 0.260603 0.154000
v 0.092975 0.260603 0.156000
v 0.092915 0.260531 0.154000
v 0.092915 0.260531 0.156000
v 0.092843 0.260471 0.154000
v 0.092843 0.260471 0.156000
v 0.092764 0.260429 0.154000
v 0.092764 0.260429 0.156000
v 0.092678 0.260403 0.154000
v 0.092678 0.260403 0.156000
v 0.092584 0.260394 0.154000
v 0.092584 0.260394 0.156000
v 0.079288 0.260394 0.154000
v 0.079288 0.260394 0.156000
v 0.079203 0.260382 0.154000
v 0.079203 0.260382 0.156000
v 0.079142 0.260346 0.154000
v 0.079142 0.260346 0.156000
v 0.079105 0.260285 0.154000
v 0.079105 0.260285 0.156000
v 0.079093 0.260200 0.154000
v 0.079093 0.260200 0.156000
v 0.079093 0.252908 0.154000
v 0.079093 0.252908 0.156000
v 0.079105 0.252823 0.154000
v 0.079105 0.252823 0.156000
v 0.079142 0.252762 0.154000
v 0.079142 0.252762 0.156000
v 0.079203 0.252725 0.154000
v 0.079203 0.252725 0.156000
v 0.079288 0.252713 0.154000
v 0.079288 0.252713 0.156000
v 0.088217 0.252713 0.154000
v 0.088217 0.252713 0.156000
v 0.088311 0.252705 0.154000
v 0.088311 0.252705 0.156000
v 0.088397 0.252679 0.154000
v 0.088397 0.252679 0.156000
v 0.088476 0.252637 0.154000
v 0.088476 0.252637 0.156000
v 0.088548 0.252577 0.154000
v 0.088548 0.252577 0.156000
v 0.088608 0.252505 0.154000
v 0.088608 0.252505 0.156000
v 0.088651 0.252426 0.154000
v 0.088651 0.252426 0.156000
v 0.088676 0.252339 0.154000
v 0.088676 0.252339 0.156000
v 0.088685 0.252245 0.154000
v 0.088685 0.252245 0.156000
v 0.088685 0.249282 0.154000
v 0.088685 0.249282 0.156000
v 0.088676 0.249188 0.154000
v 0.088676 0.249188 0.156000
v 0.088651 0.249102 0.154000
v 0.088651 0.249102 0.156000
v 0.088608 0.249023 0.154000
v 0.088608 0.249023 0.156000
v 0.088548 0.248951 0.154000
v 0.088548 0.248951 0.156000
v 0.088476 0.248891 0.154000
v 0.088476 0.248891 0.156000
v 0.088397 0.248848 0.154000
v 0.088397 0.248848 0.156000
v 0.088311 0.248823 0.154000
v 0.088311 0.248823 0.156000
v 0.088217 0.248814 0.154000
v 0.088217 0.248814 0.156000
v 0.079288 0.248814 0.154000
v 0.079288 0.248814 0.156000
v 0.079203 0.248802 0.154000
v 0.079203 0.248802 0.156000
v 0.079142 0.248765 0.154000
v 0.079142 0.248765 0.156000
v 0.079105 0.248705 0.154000
v 0.079105 0.248705 0.156000
v 0.079093 0.248619 0.154000
v 0.079093 0.248619 0.156000
v 0.079093 0.241094 0.154000
v 0.079093 0.241094 0.156000
v 0.079105 0.241009 0.154000
v 0.079105 0.241009 0.156000
v 0.079142 0.240948 0.154000
v 0.079142 0.240948 0.156000
v 0.079203 0.240911 0.154000
v 0.079203 0.240911 0.156000
v 0.079288 0.240899 0.154000
v 0.079288 0.240899 0.156000
v 0.092584 0.240899 0.154000
v 0.092584 0.240899 0.156000
v 0.092678 0.240891 0.154000
v 0.092678 0.240891 0.156000
v 0.092764 0.240865 0.154000
v 0.092764 0.240865 0.156000
v 0.092843 0.240822 0.154000
v 0.092843 0.240822 0.156000
v 0.092915 0.240763 0.154000
v 0.092915 0.240763 0.156000
v 0.092975 0.240691 0.154000
v 0.092975 0.240691 0.156000
v 0.093017 0.240611 0.154000
v 0.093017 0.240611 0.156000
v 0.093043 0.240525 0.154000
v 0.093043 0.240525 0.156000
v 0.093052 0.240431 0.154000
v 0.093052 0.240431 0.156000
v 0.093052 0.237468 0.154000
v 0.093052 0.237468 0.156000
v 0.093043 0.237374 0.154000
v 0.093043 0.237374 0.156000
v 0.093017 0.237288 0.154000
v 0.093017 0.237288 0.156000
v 0.092975 0.237208 0.154000
v 0.092975 0.237208 0.156000
v 0.092915 0.237136 0.154000
v 0.092915 0.237136 0.156000
v 0.092843 0.237077 0.154000
v 0.092843 0.237077 0.156000
v 0.092764 0.237034 0.154000
v 0.092764 0.237034 0.156000
v 0.092678 0.237009 0.154000
v 0.092678 0.237009 0.156000
v 0.092584 0.237000 0.154000
v 0.092584 0.237000 0.156000
v 0.075038 0.237000 0.154000
v 0.075038 0.237000 0.156000
v 0.074944 0.237009 0.154000
v 0.074944 0.237009 0.156000
v 0.074858 0.237034 0.154000
v 0.074858 0.237034 0.156000
v 0.074778 0.237077 0.154000
v 0.074778 0.237077 0.156000
v 0.074706 0.237136 0.154000
v 0.074706 0.237136 0.156000
v 0.074647 0.237208 0.154000
v 0.074647 0.237208 0.156000
v 0.074604 0.237288 0.154000
v 0.074604 0.237288 0.156000
v 0.074578 0.237374 0.154000
v 0.074578 0.237374 0.156000
v 0.074570 0.237468 0.154000
v 0.074570 0.237468 0.156000
v 0.074570 0.263826 0.154000
v 0.074570 0.263826 0.156000
v 0.074578 0.263919 0.154000
v 0.074578 0.263919 0.156000
v 0.074604 0.264006 0.154000
v 0.074604 0.264006 0.156000
v 0.074647 0.264085 0.154000
v 0.074647 0.264085 0.156000
v 0.074706 0.264157 0.154000
v 0.074706 0.264157 0.156000
v 0.074778 0.264217 0.154000
v 0.074778 0.264217 0.156000
v 0.074858 0.264259 0.154000
v 0.074858 0.264259 0.156000
v 0.074944 0.264285 0.154000
v 0.074944 0.264285 0.156000
v 0.075038 0.264294 0.154000
v 0.075038 0.264294 0.156000
v 0.092584 0.264294 0.154000
v 0.092584 0.264294 0.156000
v 0.092678 0.264285 0.154000
v 0.092678 0.264285 0.156000
v 0.092764 0.264259 0.154000
v 0.092764 0.264259 0.156000
v 0.092843 0.264217 0.154000
v 0.092843 0.264217 0.156000
v 0.092915 0.264157 0.154000
v 0.092915 0.264157 0.156000
v 0.092975 0.264085 0.154000
v 0.092975 0.264085 0.156000
v 0.093017 0.264006 0.154000
v 0.093017 0.264006 0.156000
v 0.093043 0.263919 0.154000
v 0.093043 0.263919 0.156000
v 0.093052 0.263826 0.154000
v 0.093052 0.263826 0.156000
v -0.090000 0.570000 0.151000
v 0.065000 0.570000 0.151000
v 0.085000 0.520000 0.151000
v 0.130000 0.495000 0.151000
v 0.085000 0.475000 0.151000
v 0.065000 0.405000 0.151000
v 0.025000 0.390000 0.151000
v 0.025000 0.355000 0.151000
v 0.150000 0.310000 0.151000
v -0.160000 0.310000 0.151000
v -0.095000 0.380000 0.151000
v -0.100000 0.480000 0.151000
v -0.090000 0.570000 0.145000
v 0.065000 0.570000 0.145000
v 0.085000 0.520000 0.145000
v 0.130000 0.495000 0.145000
v 0.085000 0.475000 0.145000
v 0.065000 0.405000 0.145000
v 0.025000 0.390000 0.145000
v 0.025000 0.355000 0.145000
v 0.150000 0.310000 0.145000
v -0.160000 0.310000 0.145000
v -0.095000 0.380000 0.145000
v -0.100000 0.480000 0.145000
v -0.130000 0.575000 0.151000
v -0.100000 0.690000 0.151000
v 0.070000 0.690000 0.151000
v 0.100000 0.590000 0.151000
v 0.170000 0.560000 0.151000
v -0.130000 0.575000 0.145000
v -0.100000 0.690000 0.145000
v 0.070000 0.690000 0.145000
v 0.100000 0.590000 0.145000
v 0.170000 0.560000 0.145000
v -0.130000 0.544000 0.151000
v 0.130000 0.544000 0.151000
v 0.130000 0.560000 0.151000
v -0.130000 0.560000 0.151000
v -0.130000 0.544000 0.145000
v 0.130000 0.544000 0.145000
v 0.130000 0.560000 0.145000
v -0.130000 0.560000 0.145000
v -0.122198 0.337308 0.151000
v 0.017802 0.297308 0.151000
v 0.022198 0.312692 0.151000
v -0.117802 0.352692 0.151000
v -0.122198 0.337308 0.145000
v 0.017802 0.297308 0.145000
v 0.022198 0.312692 0.145000
v -0.117802 0.352692 0.145000
vn 0.000000 -0.000000 1.000000
vn 0.000000 -0.000000 1.000000
vn 0.000000 -0.000000 1.000000
vn 0.000000 -0.000000 1.000000
vn 0.000000 -0.000000 1.000000
vn 0.000000 -0.000000 1.000000
vn 0.000000 -0.000000 1.000000
vn 0.000000 -0.000000 1.000000
vn 0.000000 -0.000000 1.000000
vn 0.000000 -0.000000 1.000000
vn 0.000000 -0.000000 1.000000
vn 0.000000 -0.000000 1.000000
vn 0.000000 -0.000000 1.000000
vn 0.000000 -0.000000 1.000000
vn 0.000000 -0.000000 1.000000
vn 0.000000 -0.000000 1.000000
vn 0.000000 -0.000000 1.000000
vn 0.000000 -0.000000 1.000000
vn 0.000000 -0.000000 1.000000
vn 0.000000 -0.000000 1.000000
vn 0.000000 -0.000000 1.000000
vn 0.000000 -0.000000 1.000000
vn 0.000000 -0.000000 1.000000
vn 0.000000 -0.000000 1.000000
vn 0.000000 -0.000000 1.000000
vn 0.000000 -0.000000 1.000000
vn 0.000000 -0.000000 1.000000
vn 0.000000 -0.000000 1.000000
vn 0.000000 -0.000000 1.000000
vn 0.000000 -0.000000 1.000000
vn 0.000000 -0.000000 1.000000
vn 0.000000 -0.000000 1.000000
vn 0.000000 -0.000000 1.000000
vn 0.000000 -0.000000 1.000000
vn 0.000000 -0.000000 1.000000
vn 0.000000 -0.000000 1.000000
vn 0.000000 -0.000000 1.000000
vn 0.000000 -0.000000 1.000000
vn 0.000000 -0.000000 1.000000
vn 0.000000 -0.000000 1.000000
vn 0.000000 -0.000000 1.000000
vn 0.000000 -0.000000 1.000000
vn 0.000000 -0.000000 1.000000
vn 0.000000 -0.000000 1.000000
vn 0.000000 -0.000000 1.000000
vn 0.000000 -0.000000 1.000000
vn 0.000000 -0.000000 1.000000
vn 0.000000 -0.000000 1.000000
vn 0.000000 -0.000000 1.000000
vn 0.000000 -0.000000 1.000000
vn 0.000000 -0.000000 1.000000
vn 0.000000 -0.000000 1.000000
vn 0.000000 -0.000000 1.000000
vn 0.000000 -0.000000 1.000000
vn 0.000000 -0.000000 1.000000
vn 0.000000 -0.000000 1.000000
vn 0.000000 -0.000000 1.000000
vn 0.000000 -0.000000 1.000000
vn 0.000000 -0.000000 1.000000
vn 0.000000 -0.000000 1.000000
vn 0.000000 -0.000000 1.000000
vn 0.000000 -0.000000 1.000000
vn 0.000000 -0.000000 1.000000
vn 0.000000 -0.000000 1.000000
vn 0.000000 -0.000000 1.000000
vn 0.000000 -0.000000 1.000000
vn 0.000000 -0.000000 1.000000
vn 0.000000 -0.000000 1.000000
vn 0.000000 -0.000000 1.000000
vn 0.000000 -0.000000 1.000000
vn 0.000000 -0.000000 1.000000
vn 0.000000 -0.000000 1.000000
vn 0.000000 -0.000000 1.000000
vn 0.000000 -0.000000 1.000000
vn 0.000000 -0.000000 1.000000
vn 0.000000 -0.000000 1.000000
vn 0.000000 -0.000000 1.000000
vn 0.000000 -0.000000 1.000000
vn 0.000000 -0.000000 1.000000
vn 0.000000 -0.000000 1.000000
vn 0.000000 -0.000000 1.000000
vn 0.000000 -0.000000 1.000000
vn 0.000000 -0.000000 1.000000
vn 0.000000 -0.000000 1.000000
vn 0.000000 -0.000000 1.000000
vn 0.000000 -0.000000 1.000000
vn 0.000000 -0.000000 1.000000
vn 0.000000 -0.000000 1.000000
vn 0.000000 -0.000000 1.000000
vn 0.000000 -0.000000 1.000000
vn 0.000000 -0.000000 1.000000
vn 0.000000 -0.000000 1.000000
vn 0.000000 -0.000000 1.000000
vn 0.000000 -0.000000 1.000000
vn 0.000000 -0.000000 1.000000
vn 0.000000 -0.000000 1.000000
vn 0.000000 -0.000000 1.000000
vn 0.000000 -0.000000 1.000000
vn 0.000000 -0.000000 1.000000
vn 0.000000 -0.000000 1.000000
vn 0.000000 -0.000000 1.000000
vn 0.000000 -0.000000 1.000000
vn 0.000000 -0.000000 1.000000
vn 0.000000 -0.000000 1.000000
vn 0.000000 -0.000000 1.000000
vn 0.000000 -0.000000 1.000000
vn 0.000000 -0.000000 1.000000
vn 0.000000 -0.000000 1.000000
vn 0.000000 -0.000000 1.000000
vn 0.000000 -0.000000 1.000000
vn 0.000000 -0.000000 1.000000
vn 0.000000 -0.000000 1.000000
vn 0.000000 -0.000000 1.000000
vn 0.000000 -0.000000 1.000000
vn 0.000000 -0.000000 1.000000
vn 0.000000 -0.000000 1.000000
vn 0.000000 -0.000000 1.000000
vn 0.000000 -0.000000 1.000000
vn 0.000000 -0.000000 1.000000
vn 0.000000 -0.000000 1.000000
vn 0.000000 -0.000000 1.000000
vn 0.000000 -0.000000 1.000000
vn 0.000000 -0.000000 1.000000
vn 0.000000 -0.000000 1.000000
vn 0.000000 -0.000000 1.000000
vn 0.000000 -0.000000 1.000000
vn 0.000000 -0.000000 1.000000
vn 0.000000 -0.000000 1.000000
vn 0.000000 -0.000000 1.000000
vn 0.000000 -0.000000 1.000000
vn 0.000000 -0.000000 1.000000
vn 0.000000 -0.000000 1.000000
vn 0.000000 -0.000000 1.000000
vn 0.000000 -0.000000 1.000000
vn 0.000000 -0.000000 1.000000
vn 0.000000 -0.000000 1.000000
vn 0.000000 -0.000000 1.000000
vn 0.000000 -0.000000 1.000000
vn 0.000000 -0.000000 1.000000
vn 0.000000 -0.000000 1.000000
vn 0.000000 -0.000000 1.000000
vn 0.000000 0.000000 -1.000000
vn 0.000000 0.000000 -1.000000
vn 0.000000 0.000000 -1.000000
vn 0.000000 0.000000 -1.000000
vn 0.000000 0.000000 -1.000000
vn 0.000000 0.000000 -1.000000
vn 0.000000 0.000000 -1.000000
vn 0.000000 0.000000 -1.000000
vn 0.000000 0.000000 -1.000000
vn 0.000000 0.000000 -1.000000
vn 0.000000 0.000000 -1.000000
vn 0.000000 0.000000 -1.000000
vn 0.000000 0.000000 -1.000000
vn 0.000000 0.000000 -1.000000
vn 0.000000 0.000000 -1.000000
vn 0.000000 0.000000 -1.000000
vn 0.000000 0.000000 -1.000000
vn 0.000000 0.000000 -1.000000
vn 0.000000 0.000000 -1.000000
vn 0.000000 0.000000 -1.000000
vn 0.000000 0.000000 -1.000000
vn 0.000000 0.000000 -1.000000
vn 0.000000 0.000000 -1.000000
vn 0.000000 0.000000 -1.000000
vn 0.000000 0.000000 -1.000000
vn 0.000000 0.000000 -1.000000
vn 0.000000 0.000000 -1.000000
vn 0.000000 0.000000 -1.000000
vn 0.000000 0.000000 -1.000000
vn 0.000000 0.000000 -1.000000
vn 0.000000 0.000000 -1.000000
vn 0.000000 0.000000 -1.000000
vn 0.000000 0.000000 -1.000000
vn 0.000000 0.000000 -1.000000
vn 0.000000 0.000000 -1.000000
vn 0.000000 0.000000 -1.000000
vn 0.000000 0.000000 -1.000000
vn 0.000000 0.000000 -1.000000
vn 0.000000 0.000000 -1.000000
vn 0.000000 0.000000 -1.000000
vn 0.000000 0.000000 -1.000000
vn 0.000000 0.000000 -1.000000
vn 0.000000 0.000000 -1.000000
vn 0.000000 0.000000 -1.000000
vn 0.000000 0.000000 -1.000000
vn 0.000000 0.000000 -1.000000
vn 0.000000 0.000000 -1.000000
vn 0.000000 0.000000 -1.000000
vn 0.000000 0.000000 -1.000000
vn 0.000000 0.000000 -1.000000
vn 0.000000 0.000000 -1.000000
vn 0.000000 0.000000 -1.000000
vn 0.000000 0.000000 -1.000000
vn 0.000000 0.000000 -1.000000
vn 0.000000 0.000000 -1.000000
vn 0.000000 0.000000 -1.000000
vn 0.000000 0.000000 -1.000000
vn 0.000000 0.000000 -1.000000
vn 0.000000 0.000000 -1.000000
vn 0.000000 0.000000 -1.000000
vn 0.000000 0.000000 -1.000000
vn 0.000000 0.000000 -1.000000
vn 0.000000 0.000000 -1.000000
vn 0.000000 0.000000 -1.000000
vn 0.000000 0.000000 -1.000000
vn 0.000000 0.000000 -1.000000
vn 0.000000 0.000000 -1.000000
vn 0.000000 0.000000 -1.000000
vn 0.000000 0.000000 -1.000000
vn 0.000000 0.000000 -1.000000
vn 0.000000 0.000000 -1.000000
vn 0.000000 0.000000 -1.000000
vn 0.000000 0.000000 -1.000000
vn 0.000000 0.000000 -1.000000
vn 0.000000 0.000000 -1.000000
vn 0.000000 0.000000 -1.000000
vn 0.000000 0.000000 -1.000000
vn 0.000000 0.000000 -1.000000
vn 0.000000 0.000000 -1.000000
vn 0.000000 0.000000 -1.000000
vn 0.000000 0.000000 -1.000000
vn 0.000000 0.000000 -1.000000
vn 0.000000 0.000000 -1.000000
vn 0.000000 0.000000 -1.000000
vn 0.000000 0.000000 -1.000000
vn 0.000000 0.000000 -1.000000
vn 0.000000 0.000000 -1.000000
vn 0.000000 0.000000 -1.000000
vn 0.000000 0.000000 -1.000000
vn 0.000000 0.000000 -1.000000
vn 0.000000 0.000000 -1.000000
vn 0.000000 0.000000 -1.000000
vn 0.000000 0.000000 -1.000000
vn 0.000000 0.000000 -1.000000
vn 0.000000 0.000000 -1.000000
vn 0.000000 0.000000 -1.000000
vn 0.000000 0.000000 -1.000000
vn 0.000000 0.000000 -1.000000
vn 0.000000 0.000000 -1.000000
vn 0.000000 0.000000 -1.000000
vn 0.000000 0.000000 -1.000000
vn 0.000000 0.000000 -1.000000
vn 0.000000 0.000000 -1.000000
vn 0.000000 0.000000 -1.000000
vn 0.000000 0.000000 -1.000000
vn 0.000000 0.000000 -1.000000
vn 0.000000 0.000000 -1.000000
vn 0.000000 0.000000 -1.000000
vn 0.000000 0.000000 -1.000000
vn 0.000000 0.000000 -1.000000
vn 0.000000 0.000000 -1.000000
vn 0.000000 0.000000 -1.000000
vn 0.000000 0.000000 -1.000000
vn 0.000000 0.000000 -1.000000
vn 0.000000 0.000000 -1.000000
vn 0.000000 0.000000 -1.000000
vn 0.000000 0.000000 -1.000000
vn 0.000000 0.000000 -1.000000
vn 0.000000 0.000000 -1.000000
vn 0.000000 0.000000 -1.000000
vn 0.000000 0.000000 -1.000000
vn 0.000000 0.000000 -1.000000
vn 0.000000 0.000000 -1.000000
vn 0.000000 0.000000 -1.000000
vn 0.000000 0.000000 -1.000000
vn 0.000000 0.000000 -1.000000
vn 0.000000 0.000000 -1.000000
vn 0.000000 0.000000 -1.000000
vn 0.000000 0.000000 -1.000000
vn 0.000000 0.000000 -1.000000
vn 0.000000 0.000000 -1.000000
vn 0.000000 0.000000 -1.000000
vn 0.000000 0.000000 -1.000000
vn 0.000000 0.000000 -1.000000
vn 0.000000 0.000000 -1.000000
vn 0.000000 0.000000 -1.000000
vn 0.000000 0.000000 -1.000000
vn 0.000000 0.000000 -1.000000
vn 0.000000 0.000000 -1.000000
vn 0.000000 0.000000 -1.000000
vn 0.000000 0.000000 -1.000000
vn 0.915472 0.402382 0.000000
vn 0.961753 0.273917 0.000000
vn 0.987994 0.154493 0.000000
vn 0.998848 0.047987 0.000000
vn 0.999107 -0.042246 -0.000000
vn 0.990952 -0.134215 -0.000000
vn 0.971915 -0.235330 -0.000000
vn 0.939219 -0.343318 -0.000000
vn 0.893813 -0.448439 -0.000000
vn 0.813877 -0.581038 -0.000000
vn 0.709243 -0.704964 -0.000000
vn 0.586605 -0.809873 -0.000000
vn 0.454203 -0.890898 -0.000000
vn 0.315627 -0.948884 -0.000000
vn 0.180652 -0.983547 -0.000000
vn 0.056615 -0.998396 -0.000000
vn -0.059583 -0.998223 -0.000000
vn -0.190279 -0.981730 -0.000000
vn -0.332065 -0.943257 -0.000000
vn -0.476156 -0.879361 -0.000000
vn -0.610245 -0.792213 -0.000000
vn -0.731666 -0.681663 -0.000000
vn -0.833598 -0.552371 -0.000000
vn -0.909600 -0.415485 -0.000000
vn -0.952424 -0.304776 -0.000000
vn -0.978330 -0.207054 -0.000000
vn -0.993084 -0.117409 -0.000000
vn -0.999321 -0.036841 -0.000000
vn -1.000000 0.000000 -0.000000
vn -0.997930 0.064306 0.000000
vn -0.979414 0.201864 0.000000
vn -0.938517 0.345232 0.000000
vn -0.874641 0.484771 0.000000
vn -0.793338 0.608781 0.000000
vn -0.696805 0.717260 0.000000
vn -0.588543 0.808466 0.000000
vn -0.476244 0.879313 0.000000
vn -0.364399 0.931243 0.000000
vn -0.252283 0.967654 0.000000
vn -0.145028 0.989428 0.000000
vn -0.045921 0.998945 0.000000
vn 0.046316 0.998927 0.000000
vn 0.145908 0.989298 0.000000
vn 0.253076 0.967446 0.000000
vn 0.364445 0.931225 0.000000
vn 0.475415 0.879762 0.000000
vn 0.587260 0.809398 0.000000
vn 0.695247 0.718771 0.000000
vn 0.791747 0.610850 0.000000
vn 0.872976 0.487764 0.000000
vn 0.937192 0.348815 0.000000
vn 0.978809 0.204777 0.000000
vn 0.997856 0.065452 0.000000
vn 1.000000 0.000000 -0.000000
vn 0.995894 -0.090532 -0.000000
vn 0.958933 -0.283633 -0.000000
vn 0.880470 -0.474102 -0.000000
vn 0.769291 -0.638898 -0.000000
vn 0.638895 -0.769294 -0.000000
vn 0.474092 -0.880476 -0.000000
vn 0.283627 -0.958935 -0.000000
vn 0.090541 -0.995893 -0.000000
vn 0.000000 -1.000000 -0.000000
vn -0.090541 -0.995893 -0.000000
vn -0.283627 -0.958935 -0.000000
vn -0.474092 -0.880476 -0.000000
vn -0.638901 -0.769289 -0.000000
vn -0.769289 -0.638901 -0.000000
vn -0.880474 -0.474095 -0.000000
vn -0.958934 -0.283629 -0.000000
vn -0.995893 -0.090536 -0.000000
vn -1.000000 0.000000 -0.000000
vn -0.996259 -0.086419 -0.000000
vn -0.961063 -0.276328 -0.000000
vn -0.881612 -0.471974 -0.000000
vn -0.762327 -0.647192 -0.000000
vn -0.618970 -0.785415 -0.000000
vn -0.446514 -0.894777 -0.000000
vn -0.259669 -0.965698 -0.000000
vn -0.081072 -0.996708 -0.000000
vn 0.082147 -0.996620 -0.000000
vn 0.262281 -0.964991 -0.000000
vn 0.449247 -0.893407 -0.000000
vn 0.620402 -0.784284 -0.000000
vn 0.763387 -0.645941 -0.000000
vn 0.882872 -0.469613 -0.000000
vn 0.961712 -0.274063 -0.000000
vn 0.996339 -0.085489 -0.000000
vn 1.000000 0.000000 -0.000000
vn 0.995894 0.090533 0.000000
vn 0.948684 0.316225 0.000000
vn 0.813737 0.581233 0.000000
vn 0.581215 0.813750 0.000000
vn 0.298300 0.954472 0.000000
vn -0.062376 0.998053 0.000000
vn -0.400805 0.916164 0.000000
vn -0.630596 0.776111 0.000000
vn -0.614978 0.788544 0.000000
vn -0.428716 0.903439 0.000000
vn -0.240694 0.970601 0.000000
vn -0.073018 0.997331 0.000000
vn 0.054563 0.998510 0.000000
vn 0.172409 0.985026 0.000000
vn 0.298616 0.954373 0.000000
vn 0.427088 0.904210 0.000000
vn 0.549549 0.835462 0.000000
vn 0.662816 0.748783 0.000000
vn 0.761940 0.647648 0.000000
vn 0.842336 0.538953 0.000000
vn -0.922532 0.385920 0.000000
vn -0.964273 0.264910 0.000000
vn -0.988565 0.150798 0.000000
vn -0.998882 0.047264 0.000000
vn -0.998802 -0.048932 -0.000000
vn -0.987613 -0.156910 -0.000000
vn -0.960907 -0.276872 -0.000000
vn -0.914511 -0.404562 -0.000000
vn -0.796573 -0.604542 -0.000000
vn -0.603615 -0.797276 -0.000000
vn -0.355174 -0.934800 -0.000000
vn -0.108206 -0.994129 -0.000000
vn 0.108059 -0.994144 -0.000000
vn 0.360589 -0.932725 -0.000000
vn 0.620448 -0.784247 -0.000000
vn 0.820332 -0.571888 -0.000000
vn 0.926232 -0.376954 -0.000000
vn 0.968968 -0.247186 -0.000000
vn 0.990830 -0.135113 -0.000000
vn 0.999161 -0.040950 -0.000000
vn 0.999139 0.041498 0.000000
vn 0.990637 0.136519 0.000000
vn 0.968546 0.248836 0.000000
vn 0.925877 0.377824 0.000000
vn 0.854541 0.519384 0.000000
vn 0.654115 0.756395 0.000000
vn 0.379708 0.925107 0.000000
vn 0.112451 0.993657 0.000000
vn -0.114866 0.993381 0.000000
vn -0.381105 0.924532 0.000000
vn -0.646050 0.763295 0.000000
vn -0.839153 0.543895 0.000000
vn 0.000000 -0.000000 1.000000
vn 0.000000 -0.000000 1.000000
vn 0.000000 -0.000000 1.000000
vn 0.000000 -0.000000 1.000000
vn 0.000000 -0.000000 1.000000
vn 0.000000 -0.000000 1.000000
vn 0.000000 -0.000000 1.000000
vn 0.000000 -0.000000 1.000000
vn 0.000000 -0.000000 1.000000
vn 0.000000 -0.000000 1.000000
vn 0.000000 -0.000000 1.000000
vn 0.000000 -0.000000 1.000000
vn 0.000000 -0.000000 1.000000
vn 0.000000 -0.000000 1.000000
vn 0.000000 -0.000000 1.000000
vn 0.000000 -0.000000 1.000000
vn 0.000000 -0.000000 1.000000
vn 0.000000 -0.000000 1.000000
vn 0.000000 -0.000000 1.000000
vn 0.000000 -0.000000 1.000000
vn 0.000000 -0.000000 1.000000
vn 0.000000 -0.000000 1.000000
vn 0.000000 -0.000000 1.000000
vn 0.000000 -0.000000 1.000000
vn 0.000000 -0.000000 1.000000
vn 0.000000 -0.000000 1.000000
vn 0.000000 -0.000000 1.000000
vn 0.000000 -0.000000 1.000000
vn 0.000000 -0.000000 1.000000
vn 0.000000 -0.000000 1.000000
vn 0.000000 -0.000000 1.000000
vn 0.000000 -0.000000 1.000000
vn 0.000000 -0.000000 1.000000
vn 0.000000 -0.000000 1.000000
vn 0.000000 -0.000000 1.000000
vn 0.000000 -0.000000 1.000000
vn 0.000000 -0.000000 1.000000
vn 0.000000 -0.000000 1.000000
vn 0.000000 -0.000000 1.000000
vn 0.000000 -0.000000 1.000000
vn 0.000000 -0.000000 1.000000
vn 0.000000 -0.000000 1.000000
vn 0.000000 -0.000000 1.000000
vn 0.000000 -0.000000 1.000000
vn 0.000000 -0.000000 1.000000
vn 0.000000 -0.000000 1.000000
vn 0.000000 -0.000000 1.000000
vn 0.000000 -0.000000 1.000000
vn 0.000000 -0.000000 1.000000
vn 0.000000 -0.000000 1.000000
vn 0.000000 -0.000000 1.000000
vn 0.000000 -0.000000 1.000000
vn 0.000000 -0.000000 1.000000
vn 0.000000 -0.000000 1.000000
vn 0.000000 -0.000000 1.000000
vn 0.000000 -0.000000 1.000000
vn 0.000000 -0.000000 1.000000
vn 0.000000 -0.000000 1.000000
vn 0.000000 -0.000000 1.000000
vn 0.000000 -0.000000 1.000000
vn 0.000000 -0.000000 1.000000
vn 0.000000 -0.000000 1.000000
vn 0.000000 -0.000000 1.000000
vn 0.000000 -0.000000 1.000000
vn 0.000000 -0.000000 1.000000
vn 0.000000 -0.000000 1.000000
vn 0.000000 -0.000000 1.000000
vn 0.000000 -0.000000 1.000000
vn 0.000000 -0.000000 1.000000
vn 0.000000 -0.000000 1.000000
vn 0.000000 -0.000000 1.000000
vn 0.000000 -0.000000 1.000000
vn 0.000000 -0.000000 1.000000
vn 0.000000 -0.000000 1.000000
vn 0.000000 -0.000000 1.000000
vn 0.000000 -0.000000 1.000000
vn 0.000000 -0.000000 1.000000
vn 0.000000 -0.000000 1.000000
vn 0.000000 -0.000000 1.000000
vn 0.000000 -0.000000 1.000000
vn 0.000000 -0.000000 1.000000
vn 0.000000 -0.000000 1.000000
vn 0.000000 -0.000000 1.000000
vn 0.000000 -0.000000 1.000000
vn 0.000000 -0.000000 1.000000
vn 0.000000 -0.000000 1.000000
vn 0.000000 -0.000000 1.000000
vn 0.000000 -0.000000 1.000000
vn 0.000000 -0.000000 1.000000
vn 0.000000 -0.000000 1.000000
vn 0.000000 -0.000000 1.000000
vn 0.000000 -0.000000 1.000000
vn 0.000000 -0.000000 1.000000
vn 0.000000 -0.000000 1.000000
vn 0.000000 -0.000000 1.000000
vn 0.000000 -0.000000 1.000000
vn 0.000000 -0.000000 1.000000
vn 0.000000 -0.000000 1.000000
vn 0.000000 -0.000000 1.000000
vn 0.000000 -0.000000 1.000000
vn 0.000000 -0.000000 1.000000
vn 0.000000 -0.000000 1.000000
vn 0.000000 -0.000000 1.000000
vn 0.000000 -0.000000 1.000000
vn 0.000000 -0.000000 1.000000
vn 0.000000 -0.000000 1.000000
vn 0.000000 -0.000000 1.000000
vn 0.000000 -0.000000 1.000000
vn 0.000000 -0.000000 1.000000
vn 0.000000 -0.000000 1.000000
vn 0.000000 -0.000000 1.000000
vn 0.000000 -0.000000 1.000000
vn 0.000000 -0.000000 1.000000
vn 0.000000 -0.000000 1.000000
vn 0.000000 -0.000000 1.000000
vn 0.000000 -0.000000 1.000000
vn 0.000000 -0.000000 1.000000
vn 0.000000 -0.000000 1.000000
vn 0.000000 -0.000000 1.000000
vn 0.000000 -0.000000 1.000000
vn 0.000000 -0.000000 1.000000
vn 0.000000 -0.000000 1.000000
vn 0.000000 -0.000000 1.000000
vn 0.000000 -0.000000 1.000000
vn 0.000000 -0.000000 1.000000
vn 0.000000 -0.000000 1.000000
vn 0.000000 -0.000000 1.000000
vn 0.000000 -0.000000 1.000000
vn 0.000000 -0.000000 1.000000
vn 0.000000 -0.000000 1.000000
vn 0.000000 -0.000000 1.000000
vn 0.000000 -0.000000 1.000000
vn 0.000000 -0.000000 1.000000
vn 0.000000 -0.000000 1.000000
vn 0.000000 -0.000000 1.000000
vn 0.000000 -0.000000 1.000000
vn 0.000000 -0.000000 1.000000
vn 0.000000 -0.000000 1.000000
vn 0.000000 -0.000000 1.000000
vn 0.000000 -0.000000 1.000000
vn 0.000000 -0.000000 1.000000
vn 0.000000 -0.000000 1.000000
vn 0.000000 -0.000000 1.000000
vn 0.000000 -0.000000 1.000000
vn 0.000000 -0.000000 1.000000
vn 0.000000 -0.000000 1.000000
vn 0.000000 -0.000000 1.000000
vn 0.000000 -0.000000 1.000000
vn 0.000000 -0.000000 1.000000
vn 0.000000 -0.000000 1.000000
vn 0.000000 -0.000000 1.000000
vn 0.000000 -0.000000 1.000000
vn 0.000000 -0.000000 1.000000
vn 0.000000 -0.000000 1.000000
vn 0.000000 -0.000000 1.000000
vn 0.000000 -0.000000 1.000000
vn 0.000000 -0.000000 1.000000
vn 0.000000 -0.000000 1.000000
vn 0.000000 -0.000000 1.000000
vn 0.000000 -0.000000 1.000000
vn 0.000000 -0.000000 1.000000
vn 0.000000 -0.000000 1.000000
vn 0.000000 -0.000000 1.000000
vn 0.000000 -0.000000 1.000000
vn 0.000000 -0.000000 1.000000
vn 0.000000 -0.000000 1.000000
vn 0.000000 -0.000000 1.000000
vn 0.000000 -0.000000 1.000000
vn 0.000000 -0.000000 1.000000
vn 0.000000 -0.000000 1.000000
vn 0.000000 -0.000000 1.000000
vn 0.000000 -0.000000 1.000000
vn 0.000000 -0.000000 1.000000
vn 0.000000 -0.000000 1.000000
vn 0.000000 -0.000000 1.000000
vn 0.000000 -0.000000 1.000000
vn 0.000000 -0.000000 1.000000
vn 0.000000 -0.000000 1.000000
vn 0.000000 -0.000000 1.000000
vn 0.000000 -0.000000 1.000000
vn 0.000000 -0.000000 1.000000
vn 0.000000 -0.000000 1.000000
vn 0.000000 -0.000000 1.000000
vn 0.000000 -0.000000 1.000000
vn 0.000000 -0.000000 1.000000
vn 0.000000 -0.000000 1.000000
vn 0.000000 -0.000000 1.000000
vn 0.000000 -0.000000 1.000000
vn 0.000000 -0.000000 1.000000
vn 0.000000 -0.000000 1.000000
vn 0.000000 -0.000000 1.000000
vn 0.000000 -0.000000 1.000000
vn 0.000000 -0.000000 1.000000
vn 0.000000 -0.000000 1.000000
vn 0.000000 -0.000000 1.000000
vn 0.000000 -0.000000 1.000000
vn 0.000000 -0.000000 1.000000
vn 0.000000 -0.000000 1.000000
vn 0.000000 -0.000000 1.000000
vn 0.000000 -0.000000 1.000000
vn 0.000000 -0.000000 1.000000
vn 0.000000 -0.000000 1.000000
vn 0.000000 -0.000000 1.000000
vn 0.000000 -0.000000 1.000000
vn 0.000000 -0.000000 1.000000
vn 0.000000 -0.000000 1.000000
vn 0.000000 -0.000000 1.000000
vn 0.000000 -0.000000 1.000000
vn 0.000000 -0.000000 1.000000
vn 0.000000 -0.000000 1.000000
vn 0.000000 -0.000000 1.000000
vn 0.000000 -0.000000 1.000000
vn 0.000000 -0.000000 1.000000
vn 0.000000 -0.000000 1.000000
vn 0.000000 -0.000000 1.000000
vn 0.000000 -0.000000 1.000000
vn 0.000000 -0.000000 1.000000
vn 0.000000 -0.000000 1.000000
vn 0.000000 -0.000000 1.000000
vn 0.000000 -0.000000 1.000000
vn 0.000000 -0.000000 1.000000
vn 0.000000 -0.000000 1.000000
vn 0.000000 -0.000000 1.000000
vn 0.000000 -0.000000 1.000000
vn 0.000000 -0.000000 1.000000
vn 0.000000 -0.000000 1.000000
vn 0.000000 -0.000000 1.000000
vn 0.000000 -0.000000 1.000000
vn 0.000000 -0.000000 1.000000
vn 0.000000 -0.000000 1.000000
vn 0.000000 -0.000000 1.000000
vn 0.000000 -0.000000 1.000000
vn 0.000000 -0.000000 1.000000
vn 0.000000 -0.000000 1.000000
vn 0.000000 -0.000000 1.000000
vn 0.000000 -0.000000 1.000000
vn 0.000000 -0.000000 1.000000
vn 0.000000 -0.000000 1.000000
vn 0.000000 -0.000000 1.000000
vn 0.000000 -0.000000 1.000000
vn 0.000000 -0.000000 1.000000
vn 0.000000 -0.000000 1.000000
vn 0.000000 -0.000000 1.000000
vn 0.000000 -0.000000 1.000000
vn 0.000000 -0.000000 1.000000
vn 0.000000 -0.000000 1.000000
vn 0.000000 -0.000000 1.000000
vn 0.000000 -0.000000 1.000000
vn 0.000000 -0.000000 1.000000
vn 0.000000 -0.000000 1.000000
vn 0.000000 -0.000000 1.000000
vn 0.000000 -0.000000 1.000000
vn 0.000000 -0.000000 1.000000
vn 0.000000 -0.000000 1.000000
vn 0.000000 -0.000000 1.000000
vn 0.000000 -0.000000 1.000000
vn 0.000000 -0.000000 1.000000
vn 0.000000 -0.000000 1.000000
vn 0.000000 -0.000000 1.000000
vn 0.000000 -0.000000 1.000000
vn 0.000000 -0.000000 1.000000
vn 0.000000 -0.000000 1.000000
vn 0.000000 -0.000000 1.000000
vn 0.000000 -0.000000 1.000000
vn 0.000000 -0.000000 1.000000
vn 0.000000 -0.000000 1.000000
vn 0.000000 -0.000000 1.000000
vn 0.000000 -0.000000 1.000000
vn 0.000000 -0.000000 1.000000
vn 0.000000 -0.000000 1.000000
vn 0.000000 -0.000000 1.000000
vn 0.000000 -0.000000 1.000000
vn 0.000000 -0.000000 1.000000
vn 0.000000 -0.000000 1.000000
vn 0.000000 -0.000000 1.000000
vn 0.000000 -0.000000 1.000000
vn 0.000000 -0.000000 1.000000
vn 0.000000 -0.000000 1.000000
vn 0.000000 -0.000000 1.000000
vn 0.000000 -0.000000 1.000000
vn 0.000000 -0.000000 1.000000
vn 0.000000 -0.000000 1.000000
vn 0.000000 -0.000000 1.000000
vn 0.000000 -0.000000 1.000000
vn 0.000000 -0.000000 1.000000
vn 0.000000 -0.000000 1.000000
vn 0.000000 -0.000000 1.000000
vn 0.000000 -0.000000 1.000000
vn 0.000000 -0.000000 1.000000
vn 0.000000 -0.000000 1.000000
vn 0.000000 -0.000000 1.000000
vn 0.000000 -0.000000 1.000000
vn 0.000000 -0.000000 1.000000
vn 0.000000 -0.000000 1.000000
vn 0.000000 -0.000000 1.000000
vn 0.000000 -0.000000 1.000000
vn 0.000000 -0.000000 1.000000
vn 0.000000 -0.000000 1.000000
vn 0.000000 -0.000000 1.000000
vn 0.000000 -0.000000 1.000000
vn 0.000000 -0.000000 1.000000
vn 0.000000 -0.000000 1.000000
vn 0.000000 -0.000000 1.000000
vn 0.000000 -0.000000 1.000000
vn 0.000000 -0.000000 1.000000
vn 0.000000 0.000000 -0.000000
vn 0.000000 -0.000000 1.000000
vn 0.000000 0.000000 -0.000000
vn 0.000000 -0.000000 1.000000
vn 0.000000 -0.000000 1.000000
vn 0.000000 -0.000000 1.000000
vn 0.000000 -0.000000 1.000000
vn 0.000000 -0.000000 1.000000
vn 0.000000 -0.000000 1.000000
vn 0.000000 -0.000000 1.000000
vn 0.000000 -0.000000 1.000000
vn 0.000000 -0.000000 1.000000
vn 0.000000 -0.000000 1.000000
vn 0.000000 -0.000000 1.000000
vn 0.000000 -0.000000 1.000000
vn 0.000000 -0.000000 1.000000
vn 0.000000 -0.000000 1.000000
vn 0.000000 -0.000000 1.000000
vn 0.000000 -0.000000 1.000000
vn 0.000000 -0.000000 1.000000
vn 0.000000 -0.000000 1.000000
vn 0.000000 -0.000000 1.000000
vn 0.000000 -0.000000 1.000000
vn 0.000000 -0.000000 1.000000
vn 0.000000 -0.000000 1.000000
vn 0.000000 -0.000000 1.000000
vn 0.000000 -0.000000 1.000000
vn 0.000000 -0.000000 1.000000
vn 0.000000 -0.000000 1.000000
vn 0.000000 -0.000000 1.000000
vn 0.000000 -0.000000 1.000000
vn 0.000000 -0.000000 1.000000
vn 0.000000 -0.000000 1.000000
vn 0.000000 -0.000000 1.000000
vn 0.000000 -0.000000 1.000000
vn 0.000000 -0.000000 1.000000
vn 0.000000 -0.000000 1.000000
vn 0.000000 -0.000000 1.000000
vn 0.000000 -0.000000 1.000000
vn 0.000000 -0.000000 1.000000
vn 0.000000 -0.000000 1.000000
vn 0.000000 -0.000000 1.000000
vn 0.000000 -0.000000 1.000000
vn 0.000000 -0.000000 1.000000
vn 0.000000 -0.000000 1.000000
vn 0.000000 -0.000000 1.000000
vn 0.000000 -0.000000 1.000000
vn 0.000000 -0.000000 1.000000
vn 0.000000 -0.000000 1.000000
vn 0.000000 -0.000000 1.000000
vn 0.000000 -0.000000 1.000000
vn 0.000000 -0.000000 1.000000
vn 0.000000 -0.000000 1.000000
vn 0.000000 -0.000000 1.000000
vn 0.000000 -0.000000 1.000000
vn 0.000000 -0.000000 1.000000
vn 0.000000 -0.000000 1.000000
vn 0.000000 -0.000000 1.000000
vn 0.000000 -0.000000 1.000000
vn 0.000000 -0.000000 1.000000
vn 0.000000 -0.000000 1.000000
vn 0.000000 -0.000000 1.000000
vn 0.000000 -0.000000 1.000000
vn 0.000000 -0.000000 1.000000
vn 0.000000 -0.000000 1.000000
vn 0.000000 -0.000000 1.000000
vn 0.000000 -0.000000 1.000000
vn 0.000000 -0.000000 1.000000
vn 0.000000 -0.000000 1.000000
vn 0.000000 -0.000000 1.000000
vn 0.000000 -0.000000 1.000000
vn 0.000000 -0.000000 1.000000
vn 0.000000 -0.000000 1.000000
vn 0.000000 -0.000000 1.000000
vn 0.000000 -0.000000 1.000000
vn 0.000000 -0.000000 1.000000
vn 0.000000 -0.000000 1.000000
vn 0.000000 -0.000000 1.000000
vn 0.000000 -0.000000 1.000000
vn 0.000000 -0.000000 1.000000
vn 0.000000 -0.000000 1.000000
vn 0.000000 -0.000000 1.000000
vn 0.000000 -0.000000 1.000000
vn 0.000000 -0.000000 1.000000
vn 0.000000 -0.000000 1.000000
vn 0.000000 -0.000000 1.000000
vn 0.000000 -0.000000 1.000000
vn 0.000000 -0.000000 1.000000
vn 0.000000 -0.000000 1.000000
vn 0.000000 -0.000000 1.000000
vn 0.000000 -0.000000 1.000000
vn 0.000000 -0.000000 1.000000
vn 0.000000 -0.000000 1.000000
vn 0.000000 -0.000000 1.000000
vn 0.000000 -0.000000 1.000000
vn 0.000000 -0.000000 1.000000
vn 0.000000 -0.000000 1.000000
vn 0.000000 -0.000000 1.000000
vn 0.000000 -0.000000 1.000000
vn 0.000000 -0.000000 1.000000
vn 0.000000 -0.000000 1.000000
vn 0.000000 -0.000000 1.000000
vn 0.000000 -0.000000 1.000000
vn 0.000000 -0.000000 1.000000
vn 0.000000 -0.000000 1.000000
vn 0.000000 -0.000000 1.000000
vn 0.000000 -0.000000 1.000000
vn 0.000000 -0.000000 1.000000
vn 0.000000 -0.000000 1.000000
vn 0.000000 -0.000000 1.000000
vn 0.000000 -0.000000 1.000000
vn 0.000000 -0.000000 1.000000
vn 0.000000 -0.000000 1.000000
vn 0.000000 -0.000000 1.000000
vn 0.000000 -0.000000 1.000000
vn 0.000000 -0.000000 1.000000
vn 0.000000 -0.000000 1.000000
vn 0.000000 -0.000000 1.000000
vn 0.000000 -0.000000 1.000000
vn 0.000000 -0.000000 1.000000
vn 0.000000 -0.000000 1.000000
vn 0.000000 -0.000000 1.000000
vn 0.000000 -0.000000 1.000000
vn 0.000000 -0.000000 1.000000
vn 0.000000 -0.000000 1.000000
vn 0.000000 -0.000000 1.000000
vn 0.000000 -0.000000 1.000000
vn 0.000000 -0.000000 1.000000
vn 0.000000 -0.000000 1.000000
vn 0.000000 -0.000000 1.000000
vn 0.000000 -0.000000 1.000000
vn 0.000000 -0.000000 1.000000
vn 0.000000 -0.000000 1.000000
vn 0.000000 -0.000000 1.000000
vn 0.000000 -0.000000 1.000000
vn 0.000000 -0.000000 1.000000
vn 0.000000 -0.000000 1.000000
vn 0.000000 -0.000000 1.000000
vn 0.000000 -0.000000 1.000000
vn 0.000000 -0.000000 1.000000
vn 0.000000 -0.000000 1.000000
vn 0.000000 -0.000000 1.000000
vn 0.000000 -0.000000 1.000000
vn 0.000000 -0.000000 1.000000
vn 0.000000 -0.000000 1.000000
vn 0.000000 -0.000000 1.000000
vn 0.000000 -0.000000 1.000000
vn 0.000000 -0.000000 1.000000
vn 0.000000 -0.000000 1.000000
vn 0.000000 -0.000000 1.000000
vn 0.000000 -0.000000 1.000000
vn 0.000000 -0.000000 1.000000
vn 0.000000 -0.000000 1.000000
vn 0.000000 -0.000000 1.000000
vn 0.000000 -0.000000 1.000000
vn 0.000000 -0.000000 1.000000
vn 0.000000 -0.000000 1.000000
vn 0.000000 -0.000000 1.000000
vn 0.000000 -0.000000 1.000000
vn 0.000000 -0.000000 1.000000
vn 0.000000 -0.000000 1.000000
vn 0.000000 -0.000000 1.000000
vn 0.000000 -0.000000 1.000000
vn 0.000000 -0.000000 1.000000
vn 0.000000 -0.000000 1.000000
vn 0.000000 -0.000000 1.000000
vn 0.000000 -0.000000 1.000000
vn 0.000000 -0.000000 1.000000
vn 0.000000 -0.000000 1.000000
vn 0.000000 -0.000000 1.000000
vn 0.000000 -0.000000 1.000000
vn 0.000000 -0.000000 1.000000
vn 0.000000 -0.000000 1.000000
vn 0.000000 -0.000000 1.000000
vn 0.000000 -0.000000 1.000000
vn 0.000000 -0.000000 1.000000
vn 0.000000 -0.000000 1.000000
vn 0.000000 -0.000000 1.000000
vn 0.000000 -0.000000 1.000000
vn 0.000000 -0.000000 1.000000
vn 0.000000 -0.000000 1.000000
vn 0.000000 -0.000000 1.000000
vn 0.000000 -0.000000 1.000000
vn 0.000000 -0.000000 1.000000
vn 0.000000 -0.000000 1.000000
vn 0.000000 -0.000000 1.000000
vn 0.000000 -0.000000 1.000000
vn 0.000000 -0.000000 1.000000
vn 0.000000 -0.000000 1.000000
vn 0.000000 -0.000000 1.000000
vn 0.000000 -0.000000 1.000000
vn 0.000000 -0.000000 1.000000
vn 0.000000 -0.000000 1.000000
vn 0.000000 -0.000000 1.000000
vn 0.000000 -0.000000 1.000000
vn 0.000000 -0.000000 1.000000
vn 0.000000 -0.000000 1.000000
vn 0.000000 -0.000000 1.000000
vn 0.000000 -0.000000 1.000000
vn 0.000000 -0.000000 1.000000
vn 0.000000 -0.000000 1.000000
vn 0.000000 -0.000000 1.000000
vn 0.000000 -0.000000 1.000000
vn 0.000000 -0.000000 1.000000
vn 0.000000 -0.000000 1.000000
vn 0.000000 -0.000000 1.000000
vn 0.000000 -0.000000 1.000000
vn 0.000000 -0.000000 1.000000
vn 0.000000 -0.000000 1.000000
vn 0.000000 -0.000000 1.000000
vn 0.000000 -0.000000 1.000000
vn 0.000000 -0.000000 1.000000
vn 0.000000 -0.000000 1.000000
vn 0.000000 -0.000000 1.000000
vn 0.000000 -0.000000 1.000000
vn 0.000000 -0.000000 1.000000
vn 0.000000 -0.000000 1.000000
vn 0.000000 -0.000000 1.000000
vn 0.000000 -0.000000 1.000000
vn 0.000000 -0.000000 1.000000
vn 0.000000 -0.000000 1.000000
vn 0.000000 -0.000000 1.000000
vn 0.000000 -0.000000 1.000000
vn 0.000000 -0.000000 1.000000
vn 0.000000 -0.000000 1.000000
vn 0.000000 -0.000000 1.000000
vn 0.000000 -0.000000 1.000000
vn 0.000000 -0.000000 1.000000
vn 0.000000 -0.000000 1.000000
vn 0.000000 -0.000000 1.000000
vn 0.000000 -0.000000 1.000000
vn 0.000000 -0.000000 1.000000
vn 0.000000 -0.000000 1.000000
vn 0.000000 -0.000000 1.000000
vn 0.000000 -0.000000 1.000000
vn 0.000000 -0.000000 1.000000
vn 0.000000 -0.000000 1.000000
vn 0.000000 -0.000000 1.000000
vn 0.000000 -0.000000 1.000000
vn 0.000000 -0.000000 1.000000
vn 0.000000 -0.000000 1.000000
vn 0.000000 -0.000000 1.000000
vn 0.000000 -0.000000 1.000000
vn 0.000000 -0.000000 1.000000
vn 0.000000 -0.000000 1.000000
vn 0.000000 -0.000000 1.000000
vn 0.000000 -0.000000 1.000000
vn 0.000000 -0.000000 1.000000
vn 0.000000 -0.000000 1.000000
vn 0.000000 -0.000000 1.000000
vn 0.000000 -0.000000 1.000000
vn 0.000000 -0.000000 1.000000
vn 0.000000 -0.000000 1.000000
vn 0.000000 -0.000000 1.000000
vn 0.000000 -0.000000 1.000000
vn 0.000000 -0.000000 1.000000
vn 0.000000 -0.000000 1.000000
vn 0.000000 -0.000000 1.000000
vn 0.000000 -0.000000 1.000000
vn 0.000000 -0.000000 1.000000
vn 0.000000 -0.000000 1.000000
vn 0.000000 -0.000000 1.000000
vn 0.000000 -0.000000 1.000000
vn 0.000000 -0.000000 1.000000
vn 0.000000 -0.000000 1.000000
vn 0.000000 -0.000000 1.000000
vn 0.000000 -0.000000 1.000000
vn 0.000000 -0.000000 1.000000
vn 0.000000 -0.000000 1.000000
vn 0.000000 -0.000000 1.000000
vn 0.000000 -0.000000 1.000000
vn 0.000000 -0.000000 1.000000
vn 0.000000 -0.000000 1.000000
vn 0.000000 -0.000000 1.000000
vn 0.000000 -0.000000 1.000000
vn 0.000000 -0.000000 1.000000
vn 0.000000 -0.000000 1.000000
vn 0.000000 -0.000000 1.000000
vn 0.000000 -0.000000 1.000000
vn 0.000000 -0.000000 1.000000
vn 0.000000 -0.000000 1.000000
vn 0.000000 -0.000000 1.000000
vn 0.000000 -0.000000 1.000000
vn 0.000000 -0.000000 1.000000
vn 0.000000 -0.000000 1.000000
vn 0.000000 -0.000000 1.000000
vn 0.000000 -0.000000 1.000000
vn 0.000000 -0.000000 1.000000
vn 0.000000 -0.000000 1.000000
vn 0.000000 -0.000000 1.000000
vn 0.000000 -0.000000 1.000000
vn 0.000000 -0.000000 1.000000
vn 0.000000 -0.000000 1.000000
vn 0.000000 -0.000000 1.000000
vn 0.000000 -0.000000 1.000000
vn 0.000000 -0.000000 1.000000
vn 0.000000 -0.000000 1.000000
vn 0.000000 -0.000000 1.000000
vn 0.000000 -0.000000 1.000000
vn 0.000000 -0.000000 1.000000
vn 0.000000 -0.000000 1.000000
vn 0.000000 -0.000000 1.000000
vn 0.000000 -0.000000 1.000000
vn 0.000000 -0.000000 1.000000
vn 0.000000 -0.000000 1.000000
vn 0.000000 -0.000000 1.000000
vn 0.000000 -0.000000 1.000000
vn 0.000000 -0.000000 1.000000
vn 0.000000 -0.000000 1.000000
vn 0.000000 -0.000000 1.000000
vn 0.000000 -0.000000 1.000000
vn 0.000000 -0.000000 1.000000
vn 0.000000 -0.000000 1.000000
vn 0.000000 -0.000000 1.000000
vn 0.000000 -0.000000 1.000000
vn 0.000000 -0.000000 1.000000
vn 0.000000 -0.000000 1.000000
vn 0.000000 -0.000000 1.000000
vn 0.000000 -0.000000 1.000000
vn 0.000000 0.000000 -1.000000
vn 0.000000 0.000000 -1.000000
vn 0.000000 0.000000 -1.000000
vn 0.000000 0.000000 -1.000000
vn 0.000000 0.000000 -1.000000
vn 0.000000 0.000000 -1.000000
vn 0.000000 0.000000 -1.000000
vn 0.000000 0.000000 -1.000000
vn 0.000000 0.000000 -1.000000
vn 0.000000 0.000000 -1.000000
vn 0.000000 0.000000 -1.000000
vn 0.000000 0.000000 -1.000000
vn 0.000000 0.000000 -1.000000
vn 0.000000 0.000000 -1.000000
vn 0.000000 0.000000 -1.000000
vn 0.000000 0.000000 -1.000000
vn 0.000000 0.000000 -1.000000
vn 0.000000 0.000000 -1.000000
vn 0.000000 0.000000 -1.000000
vn 0.000000 0.000000 -1.000000
vn 0.000000 0.000000 -1.000000
vn 0.000000 0.000000 -1.000000
vn 0.000000 0.000000 -1.000000
vn 0.000000 0.000000 -1.000000
vn 0.000000 0.000000 -1.000000
vn 0.000000 0.000000 -1.000000
vn 0.000000 0.000000 -1.000000
vn 0.000000 0.000000 -1.000000
vn 0.000000 0.000000 -1.000000
vn 0.000000 0.000000 -1.000000
vn 0.000000 0.000000 -1.000000
vn 0.000000 0.000000 -1.000000
vn 0.000000 0.000000 -1.000000
vn 0.000000 0.000000 -1.000000
vn 0.000000 0.000000 -1.000000
vn 0.000000 0.000000 -1.000000
vn 0.000000 0.000000 -1.000000
vn 0.000000 0.000000 -1.000000
vn 0.000000 0.000000 -1.000000
vn 0.000000 0.000000 -1.000000
vn 0.000000 0.000000 -1.000000
vn 0.000000 0.000000 -1.000000
vn 0.000000 0.000000 -1.000000
vn 0.000000 0.000000 -1.000000
vn 0.000000 0.000000 -1.000000
vn 0.000000 0.000000 -1.000000
vn 0.000000 0.000000 -1.000000
vn 0.000000 0.000000 -1.000000
vn 0.000000 0.000000 -1.000000
vn 0.000000 0.000000 -1.000000
vn 0.000000 0.000000 -1.000000
vn 0.000000 0.000000 -1.000000
vn 0.000000 0.000000 -1.000000
vn 0.000000 0.000000 -1.000000
vn 0.000000 0.000000 -1.000000
vn 0.000000 0.000000 -1.000000
vn 0.000000 0.000000 -1.000000
vn 0.000000 0.000000 -1.000000
vn 0.000000 0.000000 -1.000000
vn 0.000000 0.000000 -1.000000
vn 0.000000 0.000000 -1.000000
vn 0.000000 0.000000 -1.000000
vn 0.000000 0.000000 -1.000000
vn 0.000000 0.000000 -1.000000
vn 0.000000 0.000000 -1.000000
vn 0.000000 0.000000 -1.000000
vn 0.000000 0.000000 -1.000000
vn 0.000000 0.000000 -1.000000
vn 0.000000 0.000000 -1.000000
vn 0.000000 0.000000 -1.000000
vn 0.000000 0.000000 -1.000000
vn 0.000000 0.000000 -1.000000
vn 0.000000 0.000000 -1.000000
vn 0.000000 0.000000 -1.000000
vn 0.000000 0.000000 -1.000000
vn 0.000000 0.000000 -1.000000
vn 0.000000 0.000000 -1.000000
vn 0.000000 0.000000 -1.000000
vn 0.000000 0.000000 -1.000000
vn 0.000000 0.000000 -1.000000
vn 0.000000 0.000000 -1.000000
vn 0.000000 0.000000 -1.000000
vn 0.000000 0.000000 -1.000000
vn 0.000000 0.000000 -1.000000
vn 0.000000 0.000000 -1.000000
vn 0.000000 0.000000 -1.000000
vn 0.000000 0.000000 -1.000000
vn 0.000000 0.000000 -1.000000
vn 0.000000 0.000000 -1.000000
vn 0.000000 0.000000 -1.000000
vn 0.000000 0.000000 -1.000000
vn 0.000000 0.000000 -1.000000
vn 0.000000 0.000000 -1.000000
vn 0.000000 0.000000 -1.000000
vn 0.000000 0.000000 -1.000000
vn 0.000000 0.000000 -1.000000
vn 0.000000 0.000000 -1.000000
vn 0.000000 0.000000 -1.000000
vn 0.000000 0.000000 -1.000000
vn 0.000000 0.000000 -1.000000
vn 0.000000 0.000000 -1.000000
vn 0.000000 0.000000 -1.000000
vn 0.000000 0.000000 -1.000000
vn 0.000000 0.000000 -1.000000
vn 0.000000 0.000000 -1.000000
vn 0.000000 0.000000 -1.000000
vn 0.000000 0.000000 -1.000000
vn 0.000000 0.000000 -1.000000
vn 0.000000 0.000000 -1.000000
vn 0.000000 0.000000 -1.000000
vn 0.000000 0.000000 -1.000000
vn 0.000000 0.000000 -1.000000
vn 0.000000 0.000000 -1.000000
vn 0.000000 0.000000 -1.000000
vn 0.000000 0.000000 -1.000000
vn 0.000000 0.000000 -1.000000
vn 0.000000 0.000000 -1.000000
vn 0.000000 0.000000 -1.000000
vn 0.000000 0.000000 -1.000000
vn 0.000000 0.000000 -1.000000
vn 0.000000 0.000000 -1.000000
vn 0.000000 0.000000 -1.000000
vn 0.000000 0.000000 -1.000000
vn 0.000000 0.000000 -1.000000
vn 0.000000 0.000000 -1.000000
vn 0.000000 0.000000 -1.000000
vn 0.000000 0.000000 -1.000000
vn 0.000000 0.000000 -1.000000
vn 0.000000 0.000000 -1.000000
vn 0.000000 0.000000 -1.000000
vn 0.000000 0.000000 -1.000000
vn 0.000000 0.000000 -1.000000
vn 0.000000 0.000000 -1.000000
vn 0.000000 0.000000 -1.000000
vn 0.000000 0.000000 -1.000000
vn 0.000000 0.000000 -1.000000
vn 0.000000 0.000000 -1.000000
vn 0.000000 0.000000 -1.000000
vn 0.000000 0.000000 -1.000000
vn 0.000000 0.000000 -1.000000
vn 0.000000 0.000000 -1.000000
vn 0.000000 0.000000 -1.000000
vn 0.000000 0.000000 -1.000000
vn 0.000000 0.000000 -1.000000
vn 0.000000 0.000000 -1.000000
vn 0.000000 0.000000 -1.000000
vn 0.000000 0.000000 -1.000000
vn 0.000000 0.000000 -1.000000
vn 0.000000 0.000000 -1.000000
vn 0.000000 0.000000 -1.000000
vn 0.000000 0.000000 -1.000000
vn 0.000000 0.000000 -1.000000
vn 0.000000 0.000000 -1.000000
vn 0.000000 0.000000 -1.000000
vn 0.000000 0.000000 -1.000000
vn 0.000000 0.000000 -1.000000
vn 0.000000 0.000000 -1.000000
vn 0.000000 0.000000 -1.000000
vn 0.000000 0.000000 -1.000000
vn 0.000000 0.000000 -1.000000
vn 0.000000 0.000000 -1.000000
vn 0.000000 0.000000 -1.000000
vn 0.000000 0.000000 -1.000000
vn 0.000000 0.000000 -1.000000
vn 0.000000 0.000000 -1.000000
vn 0.000000 0.000000 -1.000000
vn 0.000000 0.000000 -1.000000
vn 0.000000 0.000000 -1.000000
vn 0.000000 0.000000 -1.000000
vn 0.000000 0.000000 -1.000000
vn 0.000000 0.000000 -1.000000
vn 0.000000 0.000000 -1.000000
vn 0.000000 0.000000 -1.000000
vn 0.000000 0.000000 -1.000000
vn 0.000000 0.000000 -1.000000
vn 0.000000 0.000000 -1.000000
vn 0.000000 0.000000 -1.000000
vn 0.000000 0.000000 -1.000000
vn 0.000000 0.000000 -1.000000
vn 0.000000 0.000000 -1.000000
vn 0.000000 0.000000 -1.000000
vn 0.000000 0.000000 -1.000000
vn 0.000000 0.000000 -1.000000
vn 0.000000 0.000000 -1.000000
vn 0.000000 0.000000 -1.000000
vn 0.000000 0.000000 -1.000000
vn 0.000000 0.000000 -1.000000
vn 0.000000 0.000000 -1.000000
vn 0.000000 0.000000 -1.000000
vn 0.000000 0.000000 -1.000000
vn 0.000000 0.000000 -1.000000
vn 0.000000 0.000000 -1.000000
vn 0.000000 0.000000 -1.000000
vn 0.000000 0.000000 -1.000000
vn 0.000000 0.000000 -1.000000
vn 0.000000 0.000000 -1.000000
vn 0.000000 0.000000 -1.000000
vn 0.000000 0.000000 -1.000000
vn 0.000000 0.000000 -1.000000
vn 0.000000 0.000000 -1.000000
vn 0.000000 0.000000 -1.000000
vn 0.000000 0.000000 -1.000000
vn 0.000000 0.000000 -1.000000
vn 0.000000 0.000000 -1.000000
vn 0.000000 0.000000 -1.000000
vn 0.000000 0.000000 -1.000000
vn 0.000000 0.000000 -1.000000
vn 0.000000 0.000000 -1.000000
vn 0.000000 0.000000 -1.000000
vn 0.000000 0.000000 -1.000000
vn 0.000000 0.000000 -1.000000
vn 0.000000 0.000000 -1.000000
vn 0.000000 0.000000 -1.000000
vn 0.000000 0.000000 -1.000000
vn 0.000000 0.000000 -1.000000
vn 0.000000 0.000000 -1.000000
vn 0.000000 0.000000 -1.000000
vn 0.000000 0.000000 -1.000000
vn 0.000000 0.000000 -1.000000
vn 0.000000 0.000000 -1.000000
vn 0.000000 0.000000 -1.000000
vn 0.000000 0.000000 -1.000000
vn 0.000000 0.000000 -1.000000
vn 0.000000 0.000000 -1.000000
vn 0.000000 0.000000 -1.000000
vn 0.000000 0.000000 -1.000000
vn 0.000000 0.000000 -1.000000
vn 0.000000 0.000000 -1.000000
vn 0.000000 0.000000 -1.000000
vn 0.000000 0.000000 -1.000000
vn 0.000000 0.000000 -1.000000
vn 0.000000 0.000000 -1.000000
vn 0.000000 0.000000 -1.000000
vn 0.000000 0.000000 -1.000000
vn 0.000000 0.000000 -1.000000
vn 0.000000 0.000000 -1.000000
vn 0.000000 0.000000 -1.000000
vn 0.000000 0.000000 -1.000000
vn 0.000000 0.000000 -1.000000
vn 0.000000 0.000000 -1.000000
vn 0.000000 0.000000 -1.000000
vn 0.000000 0.000000 -1.000000
vn 0.000000 0.000000 -1.000000
vn 0.000000 0.000000 -1.000000
vn 0.000000 0.000000 -1.000000
vn 0.000000 0.000000 -1.000000
vn 0.000000 0.000000 -1.000000
vn 0.000000 0.000000 -1.000000
vn 0.000000 0.000000 -1.000000
vn 0.000000 0.000000 -1.000000
vn 0.000000 0.000000 -1.000000
vn 0.000000 0.000000 -1.000000
vn 0.000000 0.000000 -1.000000
vn 0.000000 0.000000 -1.000000
vn 0.000000 0.000000 -1.000000
vn 0.000000 0.000000 -1.000000
vn 0.000000 0.000000 -1.000000
vn 0.000000 0.000000 -1.000000
vn 0.000000 0.000000 -1.000000
vn 0.000000 0.000000 -1.000000
vn 0.000000 0.000000 -1.000000
vn 0.000000 0.000000 -1.000000
vn 0.000000 0.000000 -1.000000
vn 0.000000 0.000000 -1.000000
vn 0.000000 0.000000 -1.000000
vn 0.000000 0.000000 -1.000000
vn 0.000000 0.000000 -1.000000
vn 0.000000 0.000000 -1.000000
vn 0.000000 0.000000 -1.000000
vn 0.000000 0.000000 -1.000000
vn 0.000000 0.000000 -1.000000
vn 0.000000 0.000000 -1.000000
vn 0.000000 0.000000 -1.000000
vn 0.000000 0.000000 -1.000000
vn 0.000000 0.000000 -1.000000
vn 0.000000 0.000000 -1.000000
vn 0.000000 0.000000 -1.000000
vn 0.000000 0.000000 -1.000000
vn 0.000000 0.000000 -1.000000
vn 0.000000 0.000000 -1.000000
vn 0.000000 0.000000 -1.000000
vn 0.000000 0.000000 -1.000000
vn 0.000000 0.000000 -1.000000
vn 0.000000 0.000000 -1.000000
vn 0.000000 0.000000 -1.000000
vn 0.000000 0.000000 -1.000000
vn 0.000000 0.000000 -1.000000
vn 0.000000 0.000000 -1.000000
vn 0.000000 0.000000 -1.000000
vn 0.000000 0.000000 -1.000000
vn 0.000000 0.000000 -1.000000
vn 0.000000 0.000000 -1.000000
vn 0.000000 0.000000 -1.000000
vn 0.000000 0.000000 -1.000000
vn 0.000000 0.000000 -1.000000
vn 0.000000 0.000000 -1.000000
vn 0.000000 0.000000 -1.000000
vn 0.000000 0.000000 -1.000000
vn 0.000000 0.000000 -1.000000
vn 0.000000 0.000000 -1.000000
vn 0.000000 0.000000 -1.000000
vn 0.000000 0.000000 -1.000000
vn 0.000000 0.000000 -1.000000
vn 0.000000 0.000000 -1.000000
vn 0.000000 0.000000 -1.000000
vn 0.000000 0.000000 -0.000000
vn 0.000000 0.000000 -1.000000
vn 0.000000 0.000000 -0.000000
vn 0.000000 0.000000 -1.000000
vn 0.000000 0.000000 -1.000000
vn 0.000000 0.000000 -1.000000
vn 0.000000 0.000000 -1.000000
vn 0.000000 0.000000 -1.000000
vn 0.000000 0.000000 -1.000000
vn 0.000000 0.000000 -1.000000
vn 0.000000 0.000000 -1.000000
vn 0.000000 0.000000 -1.000000
vn 0.000000 0.000000 -1.000000
vn 0.000000 0.000000 -1.000000
vn 0.000000 0.000000 -1.000000
vn 0.000000 0.000000 -1.000000
vn 0.000000 0.000000 -1.000000
vn 0.000000 0.000000 -1.000000
vn 0.000000 0.000000 -1.000000
vn 0.000000 0.000000 -1.000000
vn 0.000000 0.000000 -1.000000
vn 0.000000 0.000000 -1.000000
vn 0.000000 0.000000 -1.000000
vn 0.000000 0.000000 -1.000000
vn 0.000000 0.000000 -1.000000
vn 0.000000 0.000000 -1.000000
vn 0.000000 0.000000 -1.000000
vn 0.000000 0.000000 -1.000000
vn 0.000000 0.000000 -1.000000
vn 0.000000 0.000000 -1.000000
vn 0.000000 0.000000 -1.000000
vn 0.000000 0.000000 -1.000000
vn 0.000000 0.000000 -1.000000
vn 0.000000 0.000000 -1.000000
vn 0.000000 0.000000 -1.000000
vn 0.000000 0.000000 -1.000000
vn 0.000000 0.000000 -1.000000
vn 0.000000 0.000000 -1.000000
vn 0.000000 0.000000 -1.000000
vn 0.000000 0.000000 -1.000000
vn 0.000000 0.000000 -1.000000
vn 0.000000 0.000000 -1.000000
vn 0.000000 0.000000 -1.000000
vn 0.000000 0.000000 -1.000000
vn 0.000000 0.000000 -1.000000
vn 0.000000 0.000000 -1.000000
vn 0.000000 0.000000 -1.000000
vn 0.000000 0.000000 -1.000000
vn 0.000000 0.000000 -1.000000
vn 0.000000 0.000000 -1.000000
vn 0.000000 0.000000 -1.000000
vn 0.000000 0.000000 -1.000000
vn 0.000000 0.000000 -1.000000
vn 0.000000 0.000000 -1.000000
vn 0.000000 0.000000 -1.000000
vn 0.000000 0.000000 -1.000000
vn 0.000000 0.000000 -1.000000
vn 0.000000 0.000000 -1.000000
vn 0.000000 0.000000 -1.000000
vn 0.000000 0.000000 -1.000000
vn 0.000000 0.000000 -1.000000
vn 0.000000 0.000000 -1.000000
vn 0.000000 0.000000 -1.000000
vn 0.000000 0.000000 -1.000000
vn 0.000000 0.000000 -1.000000
vn 0.000000 0.000000 -1.000000
vn 0.000000 0.000000 -1.000000
vn 0.000000 0.000000 -1.000000
vn 0.000000 0.000000 -1.000000
vn 0.000000 0.000000 -1.000000
vn 0.000000 0.000000 -1.000000
vn 0.000000 0.000000 -1.000000
vn 0.000000 0.000000 -1.000000
vn 0.000000 0.000000 -1.000000
vn 0.000000 0.000000 -1.000000
vn 0.000000 0.000000 -1.000000
vn 0.000000 0.000000 -1.000000
vn 0.000000 0.000000 -1.000000
vn 0.000000 0.000000 -1.000000
vn 0.000000 0.000000 -1.000000
vn 0.000000 0.000000 -1.000000
vn 0.000000 0.000000 -1.000000
vn 0.000000 0.000000 -1.000000
vn 0.000000 0.000000 -1.000000
vn 0.000000 0.000000 -1.000000
vn 0.000000 0.000000 -1.000000
vn 0.000000 0.000000 -1.000000
vn 0.000000 0.000000 -1.000000
vn 0.000000 0.000000 -1.000000
vn 0.000000 0.000000 -1.000000
vn 0.000000 0.000000 -1.000000
vn 0.000000 0.000000 -1.000000
vn 0.000000 0.000000 -1.000000
vn 0.000000 0.000000 -1.000000
vn 0.000000 0.000000 -1.000000
vn 0.000000 0.000000 -1.000000
vn 0.000000 0.000000 -1.000000
vn 0.000000 0.000000 -1.000000
vn 0.000000 0.000000 -1.000000
vn 0.000000 0.000000 -1.000000
vn 0.000000 0.000000 -1.000000
vn 0.000000 0.000000 -1.000000
vn 0.000000 0.000000 -1.000000
vn 0.000000 0.000000 -1.000000
vn 0.000000 0.000000 -1.000000
vn 0.000000 0.000000 -1.000000
vn 0.000000 0.000000 -1.000000
vn 0.000000 0.000000 -1.000000
vn 0.000000 0.000000 -1.000000
vn 0.000000 0.000000 -1.000000
vn 0.000000 0.000000 -1.000000
vn 0.000000 0.000000 -1.000000
vn 0.000000 0.000000 -1.000000
vn 0.000000 0.000000 -1.000000
vn 0.000000 0.000000 -1.000000
vn 0.000000 0.000000 -1.000000
vn 0.000000 0.000000 -1.000000
vn 0.000000 0.000000 -1.000000
vn 0.000000 0.000000 -1.000000
vn 0.000000 0.000000 -1.000000
vn 0.000000 0.000000 -1.000000
vn 0.000000 0.000000 -1.000000
vn 0.000000 0.000000 -1.000000
vn 0.000000 0.000000 -1.000000
vn 0.000000 0.000000 -1.000000
vn 0.000000 0.000000 -1.000000
vn 0.000000 0.000000 -1.000000
vn 0.000000 0.000000 -1.000000
vn 0.000000 0.000000 -1.000000
vn 0.000000 0.000000 -1.000000
vn 0.000000 0.000000 -1.000000
vn 0.000000 0.000000 -1.000000
vn 0.000000 0.000000 -1.000000
vn 0.000000 0.000000 -1.000000
vn 0.000000 0.000000 -1.000000
vn 0.000000 0.000000 -1.000000
vn 0.000000 0.000000 -1.000000
vn 0.000000 0.000000 -1.000000
vn 0.000000 0.000000 -1.000000
vn 0.000000 0.000000 -1.000000
vn 0.000000 0.000000 -1.000000
vn 0.000000 0.000000 -1.000000
vn 0.000000 0.000000 -1.000000
vn 0.000000 0.000000 -1.000000
vn 0.000000 0.000000 -1.000000
vn 0.000000 0.000000 -1.000000
vn 0.000000 0.000000 -1.000000
vn 0.000000 0.000000 -1.000000
vn 0.000000 0.000000 -1.000000
vn 0.000000 0.000000 -1.000000
vn 0.000000 0.000000 -1.000000
vn 0.000000 0.000000 -1.000000
vn 0.000000 0.000000 -1.000000
vn 0.000000 0.000000 -1.000000
vn 0.000000 0.000000 -1.000000
vn 0.000000 0.000000 -1.000000
vn 0.000000 0.000000 -1.000000
vn 0.000000 0.000000 -1.000000
vn 0.000000 0.000000 -1.000000
vn 0.000000 0.000000 -1.000000
vn 0.000000 0.000000 -1.000000
vn 0.000000 0.000000 -1.000000
vn 0.000000 0.000000 -1.000000
vn 0.000000 0.000000 -1.000000
vn 0.000000 0.000000 -1.000000
vn 0.000000 0.000000 -1.000000
vn 0.000000 0.000000 -1.000000
vn 0.000000 0.000000 -1.000000
vn 0.000000 0.000000 -1.000000
vn 0.000000 0.000000 -1.000000
vn 0.000000 0.000000 -1.000000
vn 0.000000 0.000000 -1.000000
vn 0.000000 0.000000 -1.000000
vn 0.000000 0.000000 -1.000000
vn 0.000000 0.000000 -1.000000
vn 0.000000 0.000000 -1.000000
vn 0.000000 0.000000 -1.000000
vn 0.000000 0.000000 -1.000000
vn 0.000000 0.000000 -1.000000
vn 0.000000 0.000000 -1.000000
vn 0.000000 0.000000 -1.000000
vn 0.000000 0.000000 -1.000000
vn 0.000000 0.000000 -1.000000
vn 0.000000 0.000000 -1.000000
vn 0.000000 0.000000 -1.000000
vn 0.000000 0.000000 -1.000000
vn 0.000000 0.000000 -1.000000
vn 0.000000 0.000000 -1.000000
vn 0.000000 0.000000 -1.000000
vn 0.000000 0.000000 -1.000000
vn 0.000000 0.000000 -1.000000
vn 0.000000 0.000000 -1.000000
vn 0.000000 0.000000 -1.000000
vn 0.000000 0.000000 -1.000000
vn 0.000000 0.000000 -1.000000
vn 0.000000 0.000000 -1.000000
vn 0.000000 0.000000 -1.000000
vn 0.000000 0.000000 -1.000000
vn 0.000000 0.000000 -1.000000
vn 0.000000 0.000000 -1.000000
vn 0.000000 0.000000 -1.000000
vn 0.000000 0.000000 -1.000000
vn 0.000000 0.000000 -1.000000
vn 0.000000 0.000000 -1.000000
vn 0.000000 0.000000 -1.000000
vn 0.000000 0.000000 -1.000000
vn 0.000000 0.000000 -1.000000
vn 0.000000 0.000000 -1.000000
vn 0.000000 0.000000 -1.000000
vn 0.000000 0.000000 -1.000000
vn 0.000000 0.000000 -1.000000
vn 0.000000 0.000000 -1.000000
vn 0.000000 0.000000 -1.000000
vn 0.000000 0.000000 -1.000000
vn 0.000000 0.000000 -1.000000
vn 0.000000 0.000000 -1.000000
vn 0.000000 0.000000 -1.000000
vn 0.000000 0.000000 -1.000000
vn 0.000000 0.000000 -1.000000
vn 0.000000 0.000000 -1.000000
vn 0.000000 0.000000 -1.000000
vn 0.000000 0.000000 -1.000000
vn 0.000000 0.000000 -1.000000
vn 0.000000 0.000000 -1.000000
vn 0.000000 0.000000 -1.000000
vn 0.000000 0.000000 -1.000000
vn 0.000000 0.000000 -1.000000
vn 0.000000 0.000000 -1.000000
vn 0.000000 0.000000 -1.000000
vn 0.000000 0.000000 -1.000000
vn 0.000000 0.000000 -1.000000
vn 0.000000 0.000000 -1.000000
vn 0.000000 0.000000 -1.000000
vn 0.000000 0.000000 -1.000000
vn 0.000000 0.000000 -1.000000
vn 0.000000 0.000000 -1.000000
vn 0.000000 0.000000 -1.000000
vn 0.000000 0.000000 -1.000000
vn 0.000000 0.000000 -1.000000
vn 0.000000 0.000000 -1.000000
vn 0.000000 0.000000 -1.000000
vn 0.000000 0.000000 -1.000000
vn 0.000000 0.000000 -1.000000
vn 0.000000 0.000000 -1.000000
vn 0.000000 0.000000 -1.000000
vn 0.000000 0.000000 -1.000000
vn 0.000000 0.000000 -1.000000
vn 0.000000 0.000000 -1.000000
vn 0.000000 0.000000 -1.000000
vn 0.000000 0.000000 -1.000000
vn 0.000000 0.000000 -1.000000
vn 0.000000 0.000000 -1.000000
vn 0.000000 0.000000 -1.000000
vn 0.000000 0.000000 -1.000000
vn 0.000000 0.000000 -1.000000
vn 0.000000 0.000000 -1.000000
vn 0.000000 0.000000 -1.000000
vn 0.000000 0.000000 -1.000000
vn 0.000000 0.000000 -1.000000
vn 0.000000 0.000000 -1.000000
vn 0.000000 0.000000 -1.000000
vn 0.000000 0.000000 -1.000000
vn 0.000000 0.000000 -1.000000
vn 0.000000 0.000000 -1.000000
vn 0.000000 0.000000 -1.000000
vn 0.000000 0.000000 -1.000000
vn 0.000000 0.000000 -1.000000
vn 0.000000 0.000000 -1.000000
vn 0.000000 0.000000 -1.000000
vn 0.000000 0.000000 -1.000000
vn 0.000000 0.000000 -1.000000
vn 0.000000 0.000000 -1.000000
vn 0.000000 0.000000 -1.000000
vn 0.000000 0.000000 -1.000000
vn 0.000000 0.000000 -1.000000
vn 0.000000 0.000000 -1.000000
vn 0.000000 0.000000 -1.000000
vn 0.000000 0.000000 -1.000000
vn 0.000000 0.000000 -1.000000
vn 0.000000 0.000000 -1.000000
vn 0.000000 0.000000 -1.000000
vn 0.000000 0.000000 -1.000000
vn 0.000000 0.000000 -1.000000
vn 0.000000 0.000000 -1.000000
vn 0.000000 0.000000 -1.000000
vn 0.000000 0.000000 -1.000000
vn 0.000000 0.000000 -1.000000
vn 0.000000 0.000000 -1.000000
vn 0.000000 0.000000 -1.000000
vn 0.000000 0.000000 -1.000000
vn 0.000000 0.000000 -1.000000
vn 0.000000 0.000000 -1.000000
vn 0.000000 0.000000 -1.000000
vn 0.000000 0.000000 -1.000000
vn 0.000000 0.000000 -1.000000
vn 0.000000 0.000000 -1.000000
vn 0.000000 0.000000 -1.000000
vn 0.000000 0.000000 -1.000000
vn 0.000000 0.000000 -1.000000
vn 0.000000 0.000000 -1.000000
vn 0.000000 0.000000 -1.000000
vn 0.000000 0.000000 -1.000000
vn 0.000000 0.000000 -1.000000
vn 0.000000 0.000000 -1.000000
vn 0.000000 0.000000 -1.000000
vn 0.000000 0.000000 -1.000000
vn 0.000000 0.000000 -1.000000
vn 0.000000 0.000000 -1.000000
vn 0.000000 0.000000 -1.000000
vn 0.000000 0.000000 -1.000000
vn 0.000000 0.000000 -1.000000
vn 0.000000 0.000000 -1.000000
vn 0.000000 0.000000 -1.000000
vn 0.000000 0.000000 -1.000000
vn 0.000000 0.000000 -1.000000
vn 0.000000 0.000000 -1.000000
vn 0.000000 0.000000 -1.000000
vn 0.000000 0.000000 -1.000000
vn 0.000000 0.000000 -1.000000
vn -0.050618 -0.998718 -0.000000
vn -0.159986 -0.987119 -0.000000
vn -0.277850 -0.960624 -0.000000
vn -0.399370 -0.916790 -0.000000
vn -0.516703 -0.856164 -0.000000
vn -0.629812 -0.776748 -0.000000
vn -0.735126 -0.677930 -0.000000
vn -0.825328 -0.564653 -0.000000
vn -0.897265 -0.441492 -0.000000
vn -0.950665 -0.310220 -0.000000
vn -0.983715 -0.179737 -0.000000
vn -0.998374 -0.056999 -0.000000
vn -1.000000 0.000000 -0.000000
vn -0.998374 0.056996 0.000000
vn -0.983716 0.179729 0.000000
vn -0.950665 0.310220 0.000000
vn -0.897253 0.441516 0.000000
vn -0.825003 0.565128 0.000000
vn -0.733672 0.679504 0.000000
vn -0.626704 0.779258 0.000000
vn -0.511574 0.859239 0.000000
vn -0.393701 0.919239 0.000000
vn -0.273463 0.961883 0.000000
vn -0.157356 0.987542 0.000000
vn -0.049781 0.998760 0.000000
vn 0.048648 0.998816 0.000000
vn 0.153459 0.988155 0.000000
vn 0.266135 0.963936 0.000000
vn 0.382833 0.923817 0.000000
vn 0.498074 0.867135 0.000000
vn 0.612660 0.790347 0.000000
vn 0.720792 0.693151 0.000000
vn 0.814723 0.579850 0.000000
vn 0.890187 0.455595 0.000000
vn 0.946801 0.321819 0.000000
vn 0.982322 0.187201 0.000000
vn 0.998228 0.059513 0.000000
vn 0.995891 -0.090557 -0.000000
vn 0.958920 -0.283678 -0.000000
vn 0.880503 -0.474041 -0.000000
vn 0.769240 -0.638960 -0.000000
vn 0.639055 -0.769161 -0.000000
vn 0.473853 -0.880604 -0.000000
vn 0.284066 -0.958805 -0.000000
vn 0.090472 -0.995899 -0.000000
vn 0.054271 -0.998526 -0.000000
vn -0.129918 -0.991525 -0.000000
vn -0.481859 -0.876249 -0.000000
vn -0.836735 -0.547608 -0.000000
vn -0.988078 -0.153956 -0.000000
vn -0.996712 -0.081023 -0.000000
vn -0.965014 -0.262199 -0.000000
vn -0.890402 -0.455175 -0.000000
vn -0.772677 -0.634800 -0.000000
vn -0.622887 -0.782312 -0.000000
vn -0.441793 -0.897117 -0.000000
vn -0.252160 -0.967685 -0.000000
vn -0.077444 -0.996997 -0.000000
vn 0.077361 -0.997003 -0.000000
vn 0.251308 -0.967907 -0.000000
vn 0.439372 -0.898305 -0.000000
vn 0.618694 -0.785632 -0.000000
vn 0.768421 -0.639945 -0.000000
vn 0.887868 -0.460099 -0.000000
vn 0.964100 -0.265541 -0.000000
vn 0.996622 -0.082129 -0.000000
vn 1.000000 0.000000 -0.000000
vn 0.996515 0.083420 0.000000
vn 0.963239 0.268647 0.000000
vn 0.886281 0.463148 0.000000
vn 0.767403 0.641165 0.000000
vn 0.618690 0.785635 0.000000
vn 0.439372 0.898305 0.000000
vn 0.251308 0.967907 0.000000
vn 0.077362 0.997003 0.000000
vn -0.076398 0.997077 0.000000
vn -0.248841 0.968544 0.000000
vn -0.436845 0.899537 0.000000
vn -0.617549 0.786532 0.000000
vn -0.769139 0.639081 0.000000
vn -0.889102 0.457709 0.000000
vn -0.964763 0.263121 0.000000
vn -0.996705 0.081111 0.000000
vn -0.988072 0.153994 0.000000
vn -0.836735 0.547608 0.000000
vn -0.481859 0.876249 0.000000
vn -0.129922 0.991524 0.000000
vn 0.043443 0.999056 0.000000
vn 0.077907 0.996961 0.000000
vn 0.245775 0.969327 0.000000
vn 0.418907 0.908029 0.000000
vn 0.579663 0.814856 0.000000
vn 0.714489 0.699647 0.000000
vn 0.838947 0.544213 0.000000
vn 0.940307 0.340326 0.000000
vn 0.993690 0.112162 0.000000
vn 0.998278 -0.058666 -0.000000
vn 0.982772 -0.184823 -0.000000
vn 0.947960 -0.318388 -0.000000
vn 0.892121 -0.451796 -0.000000
vn 0.817204 -0.576349 -0.000000
vn 0.723326 -0.690507 -0.000000
vn 0.614603 -0.788837 -0.000000
vn 0.498855 -0.866686 -0.000000
vn 0.382795 -0.923833 -0.000000
vn 0.266178 -0.963924 -0.000000
vn 0.153415 -0.988162 -0.000000
vn 0.048647 -0.998816 -0.000000
vn -0.135767 -0.990741 -0.000000
vn -0.453080 -0.891470 -0.000000
vn -0.743418 -0.668827 -0.000000
vn -0.914359 -0.404904 -0.000000
vn -0.955585 -0.294716 -0.000000
vn -0.854826 -0.518915 -0.000000
vn -0.725127 -0.688616 -0.000000
vn -0.496438 -0.868072 -0.000000
vn -0.170777 -0.985310 -0.000000
vn 0.000000 -1.000000 -0.000000
vn 0.170788 -0.985308 -0.000000
vn 0.496466 -0.868056 -0.000000
vn 0.725154 -0.688586 -0.000000
vn 0.854805 -0.518949 -0.000000
vn 0.955585 -0.294716 -0.000000
vn 0.914344 -0.404938 -0.000000
vn 0.743407 -0.668839 -0.000000
vn 0.453080 -0.891470 -0.000000
vn 0.135772 -0.990740 -0.000000
vn 0.000000 -1.000000 -0.000000
vn -0.077489 -0.996993 -0.000000
vn -0.259811 -0.965660 -0.000000
vn -0.468752 -0.883330 -0.000000
vn -0.672155 -0.740410 -0.000000
vn -0.856118 -0.516781 -0.000000
vn -0.973741 -0.227660 -0.000000
vn -0.999759 0.021959 0.000000
vn -0.978725 0.205174 0.000000
vn -0.952146 0.305644 0.000000
vn -0.914359 0.404904 0.000000
vn -0.743256 0.669007 0.000000
vn -0.453089 0.891465 0.000000
vn -0.135767 0.990741 0.000000
vn 0.000000 1.000000 0.000000
vn 0.135767 0.990741 0.000000
vn 0.453080 0.891470 0.000000
vn 0.743256 0.669007 0.000000
vn 0.914359 0.404904 0.000000
vn 0.951735 0.306920 0.000000
vn 0.924673 0.380762 0.000000
vn 0.967086 0.254451 0.000000
vn 0.989941 0.141482 0.000000
vn 0.999058 0.043397 0.000000
vn 0.985087 -0.172056 -0.000000
vn 0.806435 -0.591322 -0.000000
vn 0.440715 -0.897647 -0.000000
vn 0.116104 -0.993237 -0.000000
vn 0.000000 -1.000000 -0.000000
vn 0.998868 -0.047558 -0.000000
vn 0.948635 0.316373 0.000000
vn 0.633261 0.773938 0.000000
vn 0.174263 0.984699 0.000000
vn 0.000000 1.000000 0.000000
vn -0.148745 0.988876 0.000000
vn -0.600033 0.799976 0.000000
vn -0.966210 0.257758 0.000000
vn -0.982344 -0.187086 -0.000000
vn -0.955841 -0.293885 -0.000000
vn -0.952037 -0.305982 -0.000000
vn -0.876284 -0.481795 -0.000000
vn -0.677820 -0.735228 -0.000000
vn -0.258349 -0.966052 -0.000000
vn 0.258349 -0.966052 -0.000000
vn 0.677820 -0.735228 -0.000000
vn 0.876284 -0.481795 -0.000000
vn 0.952052 -0.305935 -0.000000
vn 0.956639 -0.291275 -0.000000
vn 0.053095 0.998590 0.000000
vn 0.167532 0.985867 0.000000
vn 0.290006 0.957025 0.000000
vn 0.415003 0.909820 0.000000
vn 0.534911 0.844909 0.000000
vn 0.648923 0.760854 0.000000
vn 0.752056 0.659100 0.000000
vn 0.837933 0.545774 0.000000
vn 0.904948 0.425522 0.000000
vn 0.954381 0.298592 0.000000
vn 0.984914 0.173044 0.000000
vn 0.998489 0.054954 0.000000
vn 0.998382 -0.056867 -0.000000
vn 0.983906 -0.178687 -0.000000
vn 0.951597 -0.307349 -0.000000
vn 0.899905 -0.436086 -0.000000
vn 0.829690 -0.558224 -0.000000
vn 0.739574 -0.673075 -0.000000
vn 0.632833 -0.774288 -0.000000
vn 0.516871 -0.856063 -0.000000
vn 0.397954 -0.917405 -0.000000
vn 0.276881 -0.960904 -0.000000
vn 0.159460 -0.987204 -0.000000
vn 0.050502 -0.998724 -0.000000
vn 0.000000 -1.000000 -0.000000
vn 0.141137 -0.989990 -0.000000
vn 0.514943 -0.857225 -0.000000
vn 0.857474 -0.514527 -0.000000
vn 0.989949 -0.141427 -0.000000
vn 1.000000 0.000000 -0.000000
vn 0.995891 -0.090557 -0.000000
vn 0.958962 -0.283536 -0.000000
vn 0.880354 -0.474317 -0.000000
vn 0.769279 -0.638913 -0.000000
vn 0.639015 -0.769194 -0.000000
vn 0.474367 -0.880327 -0.000000
vn 0.283458 -0.958985 -0.000000
vn 0.090475 -0.995899 -0.000000
vn 0.000000 -1.000000 -0.000000
vn -0.090475 -0.995899 -0.000000
vn -0.283447 -0.958988 -0.000000
vn -0.474367 -0.880327 -0.000000
vn -0.639035 -0.769178 -0.000000
vn -0.769259 -0.638937 -0.000000
vn -0.880354 -0.474317 -0.000000
vn -0.958962 -0.283536 -0.000000
vn -0.995891 -0.090557 -0.000000
vn -1.000000 0.000000 -0.000000
vn -0.995891 0.090557 0.000000
vn -0.958908 0.283716 0.000000
vn -0.880503 0.474041 0.000000
vn -0.769259 0.638937 0.000000
vn -0.639035 0.769178 0.000000
vn -0.473853 0.880604 0.000000
vn -0.283447 0.958988 0.000000
vn -0.090475 0.995899 0.000000
vn 0.000000 1.000000 0.000000
vn -0.077055 0.997027 0.000000
vn -0.250406 0.968141 0.000000
vn -0.437864 0.899041 0.000000
vn -0.616792 0.787126 0.000000
vn -0.766516 0.642226 0.000000
vn -0.886535 0.462662 0.000000
vn -0.963557 0.267503 0.000000
vn -0.996564 0.082825 0.000000
vn -0.996706 -0.081098 -0.000000
vn -0.965155 -0.261679 -0.000000
vn -0.891487 -0.453047 -0.000000
vn -0.776018 -0.630710 -0.000000
vn -0.629282 -0.777177 -0.000000
vn -0.449524 -0.893268 -0.000000
vn -0.258162 -0.966102 -0.000000
vn -0.079679 -0.996821 -0.000000
vn 0.000000 -1.000000 -0.000000
vn 0.141815 -0.989893 -0.000000
vn 0.514326 -0.857595 -0.000000
vn 0.857474 -0.514527 -0.000000
vn 0.989949 -0.141427 -0.000000
vn 1.000000 0.000000 -0.000000
vn 0.989949 0.141427 0.000000
vn 0.857474 0.514527 0.000000
vn 0.514943 0.857225 0.000000
vn 0.141137 0.989990 0.000000
vn 0.000000 1.000000 0.000000
vn -0.090475 -0.995899 -0.000000
vn -0.283453 -0.958986 -0.000000
vn -0.474367 -0.880327 -0.000000
vn -0.639015 -0.769194 -0.000000
vn -0.769259 -0.638937 -0.000000
vn -0.880354 -0.474317 -0.000000
vn -0.958967 -0.283517 -0.000000
vn -0.995893 -0.090538 -0.000000
vn -1.000000 0.000000 -0.000000
vn -0.995893 0.090538 0.000000
vn -0.958967 0.283517 0.000000
vn -0.880503 0.474041 0.000000
vn -0.769259 0.638937 0.000000
vn -0.638648 0.769499 0.000000
vn -0.474367 0.880327 0.000000
vn -0.283453 0.958986 0.000000
vn -0.090473 0.995899 0.000000
vn 0.000000 1.000000 0.000000
vn 0.090475 0.995899 0.000000
vn 0.283453 0.958986 0.000000
vn 0.474367 0.880327 0.000000
vn 0.638638 0.769507 0.000000
vn 0.769269 0.638925 0.000000
vn 0.880507 0.474033 0.000000
vn 0.958964 0.283526 0.000000
vn 0.995892 0.090547 0.000000
vn 1.000000 0.000000 -0.000000
vn 0.995892 -0.090547 -0.000000
vn 0.958964 -0.283526 -0.000000
vn 0.880358 -0.474309 -0.000000
vn 0.769269 -0.638925 -0.000000
vn 0.639020 -0.769190 -0.000000
vn 0.474367 -0.880327 -0.000000
vn 0.283450 -0.958987 -0.000000
vn 0.090475 -0.995899 -0.000000
vn 0.000000 -1.000000 -0.000000
vn 0.090476 0.995899 0.000000
vn 0.283453 0.958986 0.000000
vn 0.474367 0.880327 0.000000
vn 0.638643 0.769503 0.000000
vn 0.769259 0.638937 0.000000
vn 0.880507 0.474033 0.000000
vn 0.958964 0.283526 0.000000
vn 0.995892 0.090547 0.000000
vn 1.000000 0.000000 -0.000000
vn 0.995892 -0.090547 -0.000000
vn 0.958911 -0.283706 -0.000000
vn 0.880507 -0.474033 -0.000000
vn 0.769259 -0.638937 -0.000000
vn 0.639020 -0.769190 -0.000000
vn 0.473853 -0.880604 -0.000000
vn 0.284060 -0.958807 -0.000000
vn 0.090476 -0.995899 -0.000000
vn 0.000000 -1.000000 -0.000000
vn 0.141135 -0.989990 -0.000000
vn 0.514328 -0.857594 -0.000000
vn 0.857465 -0.514542 -0.000000
vn 0.989950 -0.141419 -0.000000
vn 1.000000 0.000000 -0.000000
vn 0.995893 -0.090540 -0.000000
vn 0.958966 -0.283523 -0.000000
vn 0.880359 -0.474308 -0.000000
vn 0.769265 -0.638930 -0.000000
vn 0.639020 -0.769190 -0.000000
vn 0.474364 -0.880329 -0.000000
vn 0.283452 -0.958987 -0.000000
vn 0.090475 -0.995899 -0.000000
vn 0.000000 -1.000000 -0.000000
vn -0.090475 -0.995899 -0.000000
vn -0.283451 -0.958987 -0.000000
vn -0.474364 -0.880329 -0.000000
vn -0.639021 -0.769189 -0.000000
vn -0.769263 -0.638932 -0.000000
vn -0.880359 -0.474307 -0.000000
vn -0.958966 -0.283522 -0.000000
vn -0.995893 -0.090540 -0.000000
vn -1.000000 0.000000 -0.000000
vn -0.989950 -0.141419 -0.000000
vn -0.857466 -0.514541 -0.000000
vn -0.514326 -0.857595 -0.000000
vn -0.141133 -0.989991 -0.000000
vn 0.000000 -1.000000 -0.000000
vn -0.090475 -0.995899 -0.000000
vn -0.284060 -0.958807 -0.000000
vn -0.473853 -0.880604 -0.000000
vn -0.639020 -0.769190 -0.000000
vn -0.769259 -0.638937 -0.000000
vn -0.880507 -0.474033 -0.000000
vn -0.958911 -0.283706 -0.000000
vn -0.995893 -0.090538 -0.000000
vn -1.000000 0.000000 -0.000000
vn -0.995893 0.090538 0.000000
vn -0.958964 0.283526 0.000000
vn -0.880507 0.474033 0.000000
vn -0.769259 0.638937 0.000000
vn -0.638648 0.769499 0.000000
vn -0.474367 0.880327 0.000000
vn -0.283453 0.958986 0.000000
vn -0.090474 0.995899 0.000000
vn 0.000000 1.000000 0.000000
vn -0.135767 -0.990741 -0.000000
vn -0.453085 -0.891467 -0.000000
vn -0.743418 -0.668827 -0.000000
vn -0.914359 -0.404904 -0.000000
vn -0.955584 -0.294717 -0.000000
vn -0.854826 -0.518915 -0.000000
vn -0.725141 -0.688601 -0.000000
vn -0.496438 -0.868072 -0.000000
vn -0.170788 -0.985308 -0.000000
vn 0.000000 -1.000000 -0.000000
vn 0.170788 -0.985308 -0.000000
vn 0.496425 -0.868080 -0.000000
vn 0.725127 -0.688616 -0.000000
vn 0.854836 -0.518898 -0.000000
vn 0.955585 -0.294717 -0.000000
vn 0.914352 -0.404921 -0.000000
vn 0.743418 -0.668827 -0.000000
vn 0.453085 -0.891467 -0.000000
vn 0.135768 -0.990741 -0.000000
vn 0.000000 -1.000000 -0.000000
vn -0.077492 -0.996993 -0.000000
vn -0.259808 -0.965660 -0.000000
vn -0.468765 -0.883323 -0.000000
vn -0.672108 -0.740453 -0.000000
vn -0.856136 -0.516750 -0.000000
vn -0.973745 -0.227642 -0.000000
vn -0.999759 0.021967 0.000000
vn -0.978738 0.205113 0.000000
vn -0.952146 0.305644 0.000000
vn -0.914348 0.404929 0.000000
vn -0.743256 0.669007 0.000000
vn -0.453089 0.891465 0.000000
vn -0.135768 0.990741 0.000000
vn 0.000000 1.000000 0.000000
vn 0.135768 0.990741 0.000000
vn 0.453085 0.891467 0.000000
vn 0.743256 0.669007 0.000000
vn 0.914355 0.404913 0.000000
vn 0.951735 0.306920 0.000000
vn 0.924673 0.380762 0.000000
vn 0.967086 0.254451 0.000000
vn 0.989941 0.141482 0.000000
vn 0.999058 0.043397 0.000000
vn 0.985087 -0.172056 -0.000000
vn 0.806435 -0.591322 -0.000000
vn 0.440705 -0.897652 -0.000000
vn 0.116104 -0.993237 -0.000000
vn 0.000000 -1.000000 -0.000000
vn 0.998868 -0.047576 -0.000000
vn 0.948642 0.316351 0.000000
vn 0.633288 0.773917 0.000000
vn 0.174259 0.984700 0.000000
vn 0.000000 1.000000 0.000000
vn -0.148745 0.988876 0.000000
vn -0.600033 0.799976 0.000000
vn -0.966210 0.257758 0.000000
vn -0.982334 -0.187138 -0.000000
vn -0.955841 -0.293885 -0.000000
vn -0.952045 -0.305959 -0.000000
vn -0.876298 -0.481770 -0.000000
vn -0.677820 -0.735228 -0.000000
vn -0.258337 -0.966055 -0.000000
vn 0.258349 -0.966052 -0.000000
vn 0.677820 -0.735228 -0.000000
vn 0.876284 -0.481795 -0.000000
vn 0.952045 -0.305959 -0.000000
vn 0.956639 -0.291275 -0.000000
vn -0.090475 -0.995899 -0.000000
vn -0.283458 -0.958985 -0.000000
vn -0.474367 -0.880327 -0.000000
vn -0.639015 -0.769194 -0.000000
vn -0.769259 -0.638937 -0.000000
vn -0.880354 -0.474317 -0.000000
vn -0.958962 -0.283536 -0.000000
vn -0.995895 -0.090518 -0.000000
vn -1.000000 0.000000 -0.000000
vn -0.995891 0.090557 0.000000
vn -0.958962 0.283536 0.000000
vn -0.880503 0.474041 0.000000
vn -0.769279 0.638913 0.000000
vn -0.638638 0.769507 0.000000
vn -0.474367 0.880327 0.000000
vn -0.283458 0.958985 0.000000
vn -0.090475 0.995899 0.000000
vn 0.000000 1.000000 0.000000
vn 0.090475 0.995899 0.000000
vn 0.283458 0.958985 0.000000
vn 0.474367 0.880327 0.000000
vn 0.638638 0.769507 0.000000
vn 0.769259 0.638937 0.000000
vn 0.880503 0.474041 0.000000
vn 0.958962 0.283536 0.000000
vn 0.995895 0.090518 0.000000
vn 1.000000 0.000000 -0.000000
vn 0.995891 -0.090557 -0.000000
vn 0.958962 -0.283536 -0.000000
vn 0.880354 -0.474317 -0.000000
vn 0.769279 -0.638913 -0.000000
vn 0.639015 -0.769194 -0.000000
vn 0.474367 -0.880327 -0.000000
vn 0.283458 -0.958985 -0.000000
vn 0.090475 -0.995899 -0.000000
vn 0.000000 -1.000000 -0.000000
vn -0.995891 0.090557 0.000000
vn -0.958950 0.283574 0.000000
vn -0.880503 0.474041 0.000000
vn -0.769279 0.638913 0.000000
vn -0.638638 0.769507 0.000000
vn -0.474367 0.880327 0.000000
vn -0.283458 0.958985 0.000000
vn -0.090472 0.995899 0.000000
vn 0.000000 1.000000 0.000000
vn 0.090472 0.995899 0.000000
vn 0.283458 0.958985 0.000000
vn 0.474367 0.880327 0.000000
vn 0.638599 0.769540 0.000000
vn 0.769279 0.638913 0.000000
vn 0.880503 0.474041 0.000000
vn 0.958973 0.283498 0.000000
vn 0.995891 0.090557 0.000000
vn 1.000000 0.000000 -0.000000
vn 0.995891 -0.090557 -0.000000
vn 0.958973 -0.283498 -0.000000
vn 0.880354 -0.474317 -0.000000
vn 0.769279 -0.638913 -0.000000
vn 0.639015 -0.769194 -0.000000
vn 0.474367 -0.880327 -0.000000
vn 0.283458 -0.958985 -0.000000
vn 0.090464 -0.995900 -0.000000
vn 0.000000 -1.000000 -0.000000
vn -0.107456 -0.994210 -0.000000
vn -0.360917 -0.932598 -0.000000
vn -0.624835 -0.780757 -0.000000
vn -0.827434 -0.561563 -0.000000
vn -0.853640 -0.520864 -0.000000
vn -0.788253 -0.615352 -0.000000
vn -0.644891 -0.764275 -0.000000
vn -0.375448 -0.926843 -0.000000
vn 0.030561 -0.999533 -0.000000
vn 0.472665 -0.881242 -0.000000
vn 0.822864 -0.568238 -0.000000
vn 0.963272 -0.268526 -0.000000
vn 0.997547 -0.070000 -0.000000
vn 0.999991 0.004292 0.000000
vn 0.995891 -0.090557 -0.000000
vn 0.958962 -0.283536 -0.000000
vn 0.880354 -0.474317 -0.000000
vn 0.769299 -0.638889 -0.000000
vn 0.639015 -0.769194 -0.000000
vn 0.474367 -0.880327 -0.000000
vn 0.283458 -0.958985 -0.000000
vn 0.090475 -0.995899 -0.000000
vn 0.000000 -1.000000 -0.000000
vn -0.090475 -0.995899 -0.000000
vn -0.283458 -0.958985 -0.000000
vn -0.474367 -0.880327 -0.000000
vn -0.639015 -0.769194 -0.000000
vn -0.769259 -0.638937 -0.000000
vn -0.880354 -0.474317 -0.000000
vn -0.958962 -0.283536 -0.000000
vn -0.995895 -0.090518 -0.000000
vn -1.000000 0.000000 -0.000000
vn -0.995891 0.090557 0.000000
vn -0.958962 0.283536 0.000000
vn -0.880503 0.474041 0.000000
vn -0.769279 0.638913 0.000000
vn -0.638638 0.769507 0.000000
vn -0.474367 0.880327 0.000000
vn -0.283458 0.958985 0.000000
vn -0.090475 0.995899 0.000000
vn 0.000000 1.000000 0.000000
vn 0.107456 0.994210 0.000000
vn 0.360917 0.932598 0.000000
vn 0.624602 0.780943 0.000000
vn 0.827537 0.561411 0.000000
vn 0.854443 0.519545 0.000000
vn 0.788281 0.615315 0.000000
vn 0.644927 0.764244 0.000000
vn 0.376695 0.926337 0.000000
vn -0.030555 0.999533 0.000000
vn -0.472665 0.881242 0.000000
vn -0.823271 0.567648 0.000000
vn -0.963176 0.268873 0.000000
vn -0.997547 0.070000 0.000000
vn -0.999998 -0.002146 -0.000000
vn 0.995891 -0.090557 -0.000000
vn 0.958920 -0.283678 -0.000000
vn 0.880503 -0.474041 -0.000000
vn 0.769279 -0.638913 -0.000000
vn 0.639015 -0.769194 -0.000000
vn 0.473853 -0.880604 -0.000000
vn 0.283458 -0.958985 -0.000000
vn 0.091099 -0.995842 -0.000000
vn 0.000000 -1.000000 -0.000000
vn 0.141131 -0.989991 -0.000000
vn 0.514326 -0.857595 -0.000000
vn 0.857474 -0.514527 -0.000000
vn 0.989955 -0.141385 -0.000000
vn 1.000000 0.000000 -0.000000
vn 0.989955 0.141385 0.000000
vn 0.857474 0.514527 0.000000
vn 0.514326 0.857595 0.000000
vn 0.141809 0.989894 0.000000
vn 0.000000 1.000000 0.000000
vn 0.090472 0.995899 0.000000
vn 0.283458 0.958985 0.000000
vn 0.473853 0.880604 0.000000
vn 0.639015 0.769194 0.000000
vn 0.769279 0.638913 0.000000
vn 0.880503 0.474041 0.000000
vn 0.958897 0.283754 0.000000
vn 0.995891 0.090557 0.000000
vn 1.000000 0.000000 -0.000000
vn 0.995891 -0.090557 -0.000000
vn 0.958950 -0.283574 -0.000000
vn 0.880503 -0.474041 -0.000000
vn 0.769279 -0.638913 -0.000000
vn 0.638638 -0.769507 -0.000000
vn 0.474367 -0.880327 -0.000000
vn 0.283458 -0.958985 -0.000000
vn 0.090472 -0.995899 -0.000000
vn 0.000000 -1.000000 -0.000000
vn 0.141809 -0.989894 -0.000000
vn 0.514326 -0.857595 -0.000000
vn 0.857474 -0.514527 -0.000000
vn 0.989955 -0.141385 -0.000000
vn 1.000000 0.000000 -0.000000
vn 0.989955 0.141385 0.000000
vn 0.857696 0.514157 0.000000
vn 0.514326 0.857595 0.000000
vn 0.141131 0.989991 0.000000
vn 0.000000 1.000000 0.000000
vn 0.090479 0.995898 0.000000
vn 0.284066 0.958805 0.000000
vn 0.473853 0.880604 0.000000
vn 0.638976 0.769227 0.000000
vn 0.769279 0.638913 0.000000
vn 0.880503 0.474041 0.000000
vn 0.958920 0.283678 0.000000
vn 0.995891 0.090557 0.000000
vn 1.000000 0.000000 -0.000000
vn 0.995891 -0.090557 -0.000000
vn 0.958973 -0.283498 -0.000000
vn 0.880354 -0.474317 -0.000000
vn 0.769279 -0.638913 -0.000000
vn 0.639015 -0.769194 -0.000000
vn 0.474367 -0.880327 -0.000000
vn 0.283458 -0.958985 -0.000000
vn 0.090472 -0.995899 -0.000000
vn 0.000000 -1.000000 -0.000000
vn -0.090479 -0.995898 -0.000000
vn -0.283458 -0.958985 -0.000000
vn -0.474367 -0.880327 -0.000000
vn -0.638976 -0.769227 -0.000000
vn -0.769279 -0.638913 -0.000000
vn -0.880354 -0.474317 -0.000000
vn -0.958973 -0.283498 -0.000000
vn -0.995891 -0.090557 -0.000000
vn -1.000000 0.000000 -0.000000
vn -0.995891 0.090557 0.000000
vn -0.958973 0.283498 0.000000
vn -0.880503 0.474041 0.000000
vn -0.769279 0.638913 0.000000
vn -0.638638 0.769507 0.000000
vn -0.474367 0.880327 0.000000
vn -0.283458 0.958985 0.000000
vn -0.090472 0.995899 0.000000
vn 0.000000 1.000000 0.000000
vn 0.090479 0.995898 0.000000
vn 0.283458 0.958985 0.000000
vn 0.474367 0.880327 0.000000
vn 0.638599 0.769540 0.000000
vn 0.769279 0.638913 0.000000
vn 0.880503 0.474041 0.000000
vn 0.958973 0.283498 0.000000
vn 0.995891 0.090557 0.000000
vn 1.000000 0.000000 -0.000000
vn 0.000000 -0.000000 1.000000
vn 0.000000 0.000000 -1.000000
vn 0.000000 1.000000 0.000000
vn 0.928477 0.371391 0.000000
vn 0.485643 0.874157 0.000000
vn 0.406139 -0.913811 -0.000000
vn 0.961524 -0.274721 -0.000000
vn 0.351124 -0.936329 -0.000000
vn 1.000000 0.000000 -0.000000
vn 0.338719 0.940887 0.000000
vn 0.000000 -1.000000 -0.000000
vn -0.732794 0.680451 0.000000
vn -0.998752 -0.049938 -0.000000
vn -0.993884 0.110431 0.000000
vn 0.000000 -0.000000 1.000000
vn 0.000000 0.000000 -1.000000
vn -0.967617 0.252422 0.000000
vn 0.000000 1.000000 0.000000
vn 0.957826 0.287348 0.000000
vn 0.393919 0.919145 0.000000
vn -0.049938 -0.998752 -0.000000
vn 0.000000 0.000000 -1.000000
vn 0.000000 -0.000000 1.000000
vn 0.000000 1.000000 0.000000
vn -1.000000 0.000000 -0.000000
vn 0.000000 -1.000000 -0.000000
vn 1.000000 0.000000 -0.000000
vn 0.000000 0.000000 -1.000000
vn 0.000000 -0.000000 1.000000
vn 0.274721 0.961524 0.000000
vn -0.961524 0.274721 0.000000
vn -0.274721 -0.961524 -0.000000
vn 0.961524 -0.274721 -0.000000
vn 0.915472 0.402382 0.000000
vn 0.961753 0.273917 0.000000
vn 0.987994 0.154493 0.000000
vn 0.998848 0.047987 0.000000
vn 0.999107 -0.042246 -0.000000
vn 0.990952 -0.134215 -0.000000
vn 0.971915 -0.235330 -0.000000
vn 0.939219 -0.343318 -0.000000
vn 0.893813 -0.448439 -0.000000
vn 0.813877 -0.581038 -0.000000
vn 0.709243 -0.704964 -0.000000
vn 0.586605 -0.809873 -0.000000
vn 0.454203 -0.890898 -0.000000
vn 0.315627 -0.948884 -0.000000
vn 0.180652 -0.983547 -0.000000
vn 0.056615 -0.998396 -0.000000
vn -0.059583 -0.998223 -0.000000
vn -0.190279 -0.981730 -0.000000
vn -0.332065 -0.943257 -0.000000
vn -0.476156 -0.879361 -0.000000
vn -0.610245 -0.792213 -0.000000
vn -0.731666 -0.681663 -0.000000
vn -0.833598 -0.552371 -0.000000
vn -0.909600 -0.415485 -0.000000
vn -0.952424 -0.304776 -0.000000
vn -0.978330 -0.207054 -0.000000
vn -0.993084 -0.117409 -0.000000
vn -0.999321 -0.036841 -0.000000
vn -1.000000 0.000000 -0.000000
vn -0.997930 0.064306 0.000000
vn -0.979414 0.201864 0.000000
vn -0.938517 0.345232 0.000000
vn -0.874641 0.484771 0.000000
vn -0.793338 0.608781 0.000000
vn -0.696805 0.717260 0.000000
vn -0.588543 0.808466 0.000000
vn -0.476244 0.879313 0.000000
vn -0.364399 0.931243 0.000000
vn -0.252283 0.967654 0.000000
vn -0.145028 0.989428 0.000000
vn -0.045921 0.998945 0.000000
vn 0.046316 0.998927 0.000000
vn 0.145908 0.989298 0.000000
vn 0.253076 0.967446 0.000000
vn 0.364445 0.931225 0.000000
vn 0.475415 0.879762 0.000000
vn 0.587260 0.809398 0.000000
vn 0.695247 0.718771 0.000000
vn 0.791747 0.610850 0.000000
vn 0.872976 0.487764 0.000000
vn 0.937192 0.348815 0.000000
vn 0.978809 0.204777 0.000000
vn 0.997856 0.065452 0.000000
vn 1.000000 0.000000 -0.000000
vn 0.995894 -0.090532 -0.000000
vn 0.958933 -0.283633 -0.000000
vn 0.880470 -0.474102 -0.000000
vn 0.769291 -0.638898 -0.000000
vn 0.638895 -0.769294 -0.000000
vn 0.474092 -0.880476 -0.000000
vn 0.283627 -0.958935 -0.000000
vn 0.090541 -0.995893 -0.000000
vn 0.000000 -1.000000 -0.000000
vn -0.090541 -0.995893 -0.000000
vn -0.283627 -0.958935 -0.000000
vn -0.474092 -0.880476 -0.000000
vn -0.638901 -0.769289 -0.000000
vn -0.769289 -0.638901 -0.000000
vn -0.880474 -0.474095 -0.000000
vn -0.958934 -0.283629 -0.000000
vn -0.995893 -0.090536 -0.000000
vn -1.000000 0.000000 -0.000000
vn -0.996259 -0.086419 -0.000000
vn -0.961063 -0.276328 -0.000000
vn -0.881612 -0.471974 -0.000000
vn -0.762327 -0.647192 -0.000000
vn -0.618970 -0.785415 -0.000000
vn -0.446514 -0.894777 -0.000000
vn -0.259669 -0.965698 -0.000000
vn -0.081072 -0.996708 -0.000000
vn 0.082147 -0.996620 -0.000000
vn 0.262281 -0.964991 -0.000000
vn 0.449247 -0.893407 -0.000000
vn 0.620402 -0.784284 -0.000000
vn 0.763387 -0.645941 -0.000000
vn 0.882872 -0.469613 -0.000000
vn 0.961712 -0.274063 -0.000000
vn 0.996339 -0.085489 -0.000000
vn 1.000000 0.000000 -0.000000
vn 0.995894 0.090533 0.000000
vn 0.948684 0.316225 0.000000
vn 0.813737 0.581233 0.000000
vn 0.581215 0.813750 0.000000
vn 0.298300 0.954472 0.000000
vn -0.062376 0.998053 0.000000
vn -0.400805 0.916164 0.000000
vn -0.630596 0.776111 0.000000
vn -0.614978 0.788544 0.000000
vn -0.428716 0.903439 0.000000
vn -0.240694 0.970601 0.000000
vn -0.073018 0.997331 0.000000
vn 0.054563 0.998510 0.000000
vn 0.172409 0.985026 0.000000
vn 0.298616 0.954373 0.000000
vn 0.427088 0.904210 0.000000
vn 0.549549 0.835462 0.000000
vn 0.662816 0.748783 0.000000
vn 0.761940 0.647648 0.000000
vn 0.842336 0.538953 0.000000
vn -0.922532 0.385920 0.000000
vn -0.964273 0.264910 0.000000
vn -0.988565 0.150798 0.000000
vn -0.998882 0.047264 0.000000
vn -0.998802 -0.048932 -0.000000
vn -0.987613 -0.156910 -0.000000
vn -0.960907 -0.276872 -0.000000
vn -0.914511 -0.404562 -0.000000
vn -0.796573 -0.604542 -0.000000
vn -0.603615 -0.797276 -0.000000
vn -0.355174 -0.934800 -0.000000
vn -0.108206 -0.994129 -0.000000
vn 0.108059 -0.994144 -0.000000
vn 0.360589 -0.932725 -0.000000
vn 0.620448 -0.784247 -0.000000
vn 0.820332 -0.571888 -0.000000
vn 0.926232 -0.376954 -0.000000
vn 0.968968 -0.247186 -0.000000
vn 0.990830 -0.135113 -0.000000
vn 0.999161 -0.040950 -0.000000
vn 0.999139 0.041498 0.000000
vn 0.990637 0.136519 0.000000
vn 0.968546 0.248836 0.000000
vn 0.925877 0.377824 0.000000
vn 0.854541 0.519384 0.000000
vn 0.654115 0.756395 0.000000
vn 0.379708 0.925107 0.000000
vn 0.112451 0.993657 0.000000
vn -0.114866 0.993381 0.000000
vn -0.381105 0.924532 0.000000
vn -0.646050 0.763295 0.000000
vn -0.839153 0.543895 0.000000
vn -0.050618 -0.998718 -0.000000
vn -0.159986 -0.987119 -0.000000
vn -0.277850 -0.960624 -0.000000
vn -0.399370 -0.916790 -0.000000
vn -0.516703 -0.856164 -0.000000
vn -0.629812 -0.776748 -0.000000
vn -0.735126 -0.677930 -0.000000
vn -0.825328 -0.564653 -0.000000
vn -0.897265 -0.441492 -0.000000
vn -0.950665 -0.310220 -0.000000
vn -0.983715 -0.179737 -0.000000
vn -0.998374 -0.056999 -0.000000
vn -1.000000 0.000000 -0.000000
vn -0.998374 0.056996 0.000000
vn -0.983716 0.179729 0.000000
vn -0.950665 0.310220 0.000000
vn -0.897253 0.441516 0.000000
vn -0.825003 0.565128 0.000000
vn -0.733672 0.679504 0.000000
vn -0.626704 0.779258 0.000000
vn -0.511574 0.859239 0.000000
vn -0.393701 0.919239 0.000000
vn -0.273463 0.961883 0.000000
vn -0.157356 0.987542 0.000000
vn -0.049781 0.998760 0.000000
vn 0.048648 0.998816 0.000000
vn 0.153459 0.988155 0.000000
vn 0.266135 0.963936 0.000000
vn 0.382833 0.923817 0.000000
vn 0.498074 0.867135 0.000000
vn 0.612660 0.790347 0.000000
vn 0.720792 0.693151 0.000000
vn 0.814723 0.579850 0.000000
vn 0.890187 0.455595 0.000000
vn 0.946801 0.321819 0.000000
vn 0.982322 0.187201 0.000000
vn 0.998228 0.059513 0.000000
vn 0.995891 -0.090557 -0.000000
vn 0.958920 -0.283678 -0.000000
vn 0.880503 -0.474041 -0.000000
vn 0.769240 -0.638960 -0.000000
vn 0.639055 -0.769161 -0.000000
vn 0.473853 -0.880604 -0.000000
vn 0.284066 -0.958805 -0.000000
vn 0.090472 -0.995899 -0.000000
vn 0.054271 -0.998526 -0.000000
vn -0.129918 -0.991525 -0.000000
vn -0.481859 -0.876249 -0.000000
vn -0.836735 -0.547608 -0.000000
vn -0.988078 -0.153956 -0.000000
vn -0.996712 -0.081023 -0.000000
vn -0.965014 -0.262199 -0.000000
vn -0.890402 -0.455175 -0.000000
vn -0.772677 -0.634800 -0.000000
vn -0.622887 -0.782312 -0.000000
vn -0.441793 -0.897117 -0.000000
vn -0.252160 -0.967685 -0.000000
vn -0.077444 -0.996997 -0.000000
vn 0.077361 -0.997003 -0.000000
vn 0.251308 -0.967907 -0.000000
vn 0.439372 -0.898305 -0.000000
vn 0.618694 -0.785632 -0.000000
vn 0.768421 -0.639945 -0.000000
vn 0.887868 -0.460099 -0.000000
vn 0.964100 -0.265541 -0.000000
vn 0.996622 -0.082129 -0.000000
vn 1.000000 0.000000 -0.000000
vn 0.996515 0.083420 0.000000
vn 0.963239 0.268647 0.000000
vn 0.886281 0.463148 0.000000
vn 0.767403 0.641165 0.000000
vn 0.618690 0.785635 0.000000
vn 0.439372 0.898305 0.000000
vn 0.251308 0.967907 0.000000
vn 0.077362 0.997003 0.000000
vn -0.076398 0.997077 0.000000
vn -0.248841 0.968544 0.000000
vn -0.436845 0.899537 0.000000
vn -0.617549 0.786532 0.000000
vn -0.769139 0.639081 0.000000
vn -0.889102 0.457709 0.000000
vn -0.964763 0.263121 0.000000
vn -0.996705 0.081111 0.000000
vn -0.988072 0.153994 0.000000
vn -0.836735 0.547608 0.000000
vn -0.481859 0.876249 0.000000
vn -0.129922 0.991524 0.000000
vn 0.043443 0.999056 0.000000
vn 0.077907 0.996961 0.000000
vn 0.245775 0.969327 0.000000
vn 0.418907 0.908029 0.000000
vn 0.579663 0.814856 0.000000
vn 0.714489 0.699647 0.000000
vn 0.838947 0.544213 0.000000
vn 0.940307 0.340326 0.000000
vn 0.993690 0.112162 0.000000
vn 0.998278 -0.058666 -0.000000
vn 0.982772 -0.184823 -0.000000
vn 0.947960 -0.318388 -0.000000
vn 0.892121 -0.451796 -0.000000
vn 0.817204 -0.576349 -0.000000
vn 0.723326 -0.690507 -0.000000
vn 0.614603 -0.788837 -0.000000
vn 0.498855 -0.866686 -0.000000
vn 0.382795 -0.923833 -0.000000
vn 0.266178 -0.963924 -0.000000
vn 0.153415 -0.988162 -0.000000
vn 0.048647 -0.998816 -0.000000
vn -0.135767 -0.990741 -0.000000
vn -0.453080 -0.891470 -0.000000
vn -0.743418 -0.668827 -0.000000
vn -0.914359 -0.404904 -0.000000
vn -0.955585 -0.294716 -0.000000
vn -0.854826 -0.518915 -0.000000
vn -0.725127 -0.688616 -0.000000
vn -0.496438 -0.868072 -0.000000
vn -0.170777 -0.985310 -0.000000
vn 0.000000 -1.000000 -0.000000
vn 0.170788 -0.985308 -0.000000
vn 0.496466 -0.868056 -0.000000
vn 0.725154 -0.688586 -0.000000
vn 0.854805 -0.518949 -0.000000
vn 0.955585 -0.294716 -0.000000
vn 0.914344 -0.404938 -0.000000
vn 0.743407 -0.668839 -0.000000
vn 0.453080 -0.891470 -0.000000
vn 0.135772 -0.990740 -0.000000
vn 0.000000 -1.000000 -0.000000
vn -0.077489 -0.996993 -0.000000
vn -0.259811 -0.965660 -0.000000
vn -0.468752 -0.883330 -0.000000
vn -0.672155 -0.740410 -0.000000
vn -0.856118 -0.516781 -0.000000
vn -0.973741 -0.227660 -0.000000
vn -0.999759 0.021959 0.000000
vn -0.978725 0.205174 0.000000
vn -0.952146 0.305644 0.000000
vn -0.914359 0.404904 0.000000
vn -0.743256 0.669007 0.000000
vn -0.453089 0.891465 0.000000
vn -0.135767 0.990741 0.000000
vn 0.000000 1.000000 0.000000
vn 0.135767 0.990741 0.000000
vn 0.453080 0.891470 0.000000
vn 0.743256 0.669007 0.000000
vn 0.914359 0.404904 0.000000
vn 0.951735 0.306920 0.000000
vn 0.924673 0.380762 0.000000
vn 0.967086 0.254451 0.000000
vn 0.989941 0.141482 0.000000
vn 0.999058 0.043397 0.000000
vn 0.985087 -0.172056 -0.000000
vn 0.806435 -0.591322 -0.000000
vn 0.440715 -0.897647 -0.000000
vn 0.116104 -0.993237 -0.000000
vn 0.000000 -1.000000 -0.000000
vn 0.998868 -0.047558 -0.000000
vn 0.948635 0.316373 0.000000
vn 0.633261 0.773938 0.000000
vn 0.174263 0.984699 0.000000
vn 0.000000 1.000000 0.000000
vn -0.148745 0.988876 0.000000
vn -0.600033 0.799976 0.000000
vn -0.966210 0.257758 0.000000
vn -0.982344 -0.187086 -0.000000
vn -0.955841 -0.293885 -0.000000
vn -0.952037 -0.305982 -0.000000
vn -0.876284 -0.481795 -0.000000
vn -0.677820 -0.735228 -0.000000
vn -0.258349 -0.966052 -0.000000
vn 0.258349 -0.966052 -0.000000
vn 0.677820 -0.735228 -0.000000
vn 0.876284 -0.481795 -0.000000
vn 0.952052 -0.305935 -0.000000
vn 0.956639 -0.291275 -0.000000
vn 0.053095 0.998590 0.000000
vn 0.167532 0.985867 0.000000
vn 0.290006 0.957025 0.000000
vn 0.415003 0.909820 0.000000
vn 0.534911 0.844909 0.000000
vn 0.648923 0.760854 0.000000
vn 0.752056 0.659100 0.000000
vn 0.837933 0.545774 0.000000
vn 0.904948 0.425522 0.000000
vn 0.954381 0.298592 0.000000
vn 0.984914 0.173044 0.000000
vn 0.998489 0.054954 0.000000
vn 0.998382 -0.056867 -0.000000
vn 0.983906 -0.178687 -0.000000
vn 0.951597 -0.307349 -0.000000
vn 0.899905 -0.436086 -0.000000
vn 0.829690 -0.558224 -0.000000
vn 0.739574 -0.673075 -0.000000
vn 0.632833 -0.774288 -0.000000
vn 0.516871 -0.856063 -0.000000
vn 0.397954 -0.917405 -0.000000
vn 0.276881 -0.960904 -0.000000
vn 0.159460 -0.987204 -0.000000
vn 0.050502 -0.998724 -0.000000
vn 0.000000 -1.000000 -0.000000
vn 0.141137 -0.989990 -0.000000
vn 0.514943 -0.857225 -0.000000
vn 0.857474 -0.514527 -0.000000
vn 0.989949 -0.141427 -0.000000
vn 1.000000 0.000000 -0.000000
vn 0.995891 -0.090557 -0.000000
vn 0.958962 -0.283536 -0.000000
vn 0.880354 -0.474317 -0.000000
vn 0.769279 -0.638913 -0.000000
vn 0.639015 -0.769194 -0.000000
vn 0.474367 -0.880327 -0.000000
vn 0.283458 -0.958985 -0.000000
vn 0.090475 -0.995899 -0.000000
vn 0.000000 -1.000000 -0.000000
vn -0.090475 -0.995899 -0.000000
vn -0.283447 -0.958988 -0.000000
vn -0.474367 -0.880327 -0.000000
vn -0.639035 -0.769178 -0.000000
vn -0.769259 -0.638937 -0.000000
vn -0.880354 -0.474317 -0.000000
vn -0.958962 -0.283536 -0.000000
vn -0.995891 -0.090557 -0.000000
vn -1.000000 0.000000 -0.000000
vn -0.995891 0.090557 0.000000
vn -0.958908 0.283716 0.000000
vn -0.880503 0.474041 0.000000
vn -0.769259 0.638937 0.000000
vn -0.639035 0.769178 0.000000
vn -0.473853 0.880604 0.000000
vn -0.283447 0.958988 0.000000
vn -0.090475 0.995899 0.000000
vn 0.000000 1.000000 0.000000
vn -0.077055 0.997027 0.000000
vn -0.250406 0.968141 0.000000
vn -0.437864 0.899041 0.000000
vn -0.616792 0.787126 0.000000
vn -0.766516 0.642226 0.000000
vn -0.886535 0.462662 0.000000
vn -0.963557 0.267503 0.000000
vn -0.996564 0.082825 0.000000
vn -0.996706 -0.081098 -0.000000
vn -0.965155 -0.261679 -0.000000
vn -0.891487 -0.453047 -0.000000
vn -0.776018 -0.630710 -0.000000
vn -0.629282 -0.777177 -0.000000
vn -0.449524 -0.893268 -0.000000
vn -0.258162 -0.966102 -0.000000
vn -0.079679 -0.996821 -0.000000
vn 0.000000 -1.000000 -0.000000
vn 0.141815 -0.989893 -0.000000
vn 0.514326 -0.857595 -0.000000
vn 0.857474 -0.514527 -0.000000
vn 0.989949 -0.141427 -0.000000
vn 1.000000 0.000000 -0.000000
vn 0.989949 0.141427 0.000000
vn 0.857474 0.514527 0.000000
vn 0.514943 0.857225 0.000000
vn 0.141137 0.989990 0.000000
vn 0.000000 1.000000 0.000000
vn -0.090475 -0.995899 -0.000000
vn -0.283453 -0.958986 -0.000000
vn -0.474367 -0.880327 -0.000000
vn -0.639015 -0.769194 -0.000000
vn -0.769259 -0.638937 -0.000000
vn -0.880354 -0.474317 -0.000000
vn -0.958967 -0.283517 -0.000000
vn -0.995893 -0.090538 -0.000000
vn -1.000000 0.000000 -0.000000
vn -0.995893 0.090538 0.000000
vn -0.958967 0.283517 0.000000
vn -0.880503 0.474041 0.000000
vn -0.769259 0.638937 0.000000
vn -0.638648 0.769499 0.000000
vn -0.474367 0.880327 0.000000
vn -0.283453 0.958986 0.000000
vn -0.090473 0.995899 0.000000
vn 0.000000 1.000000 0.000000
vn 0.090475 0.995899 0.000000
vn 0.283453 0.958986 0.000000
vn 0.474367 0.880327 0.000000
vn 0.638638 0.769507 0.000000
vn 0.769269 0.638925 0.000000
vn 0.880507 0.474033 0.000000
vn 0.958964 0.283526 0.000000
vn 0.995892 0.090547 0.000000
vn 1.000000 0.000000 -0.000000
vn 0.995892 -0.090547 -0.000000
vn 0.958964 -0.283526 -0.000000
vn 0.880358 -0.474309 -0.000000
vn 0.769269 -0.638925 -0.000000
vn 0.639020 -0.769190 -0.000000
vn 0.474367 -0.880327 -0.000000
vn 0.283450 -0.958987 -0.000000
vn 0.090475 -0.995899 -0.000000
vn 0.000000 -1.000000 -0.000000
vn 0.090476 0.995899 0.000000
vn 0.283453 0.958986 0.000000
vn 0.474367 0.880327 0.000000
vn 0.638643 0.769503 0.000000
vn 0.769259 0.638937 0.000000
vn 0.880507 0.474033 0.000000
vn 0.958964 0.283526 0.000000
vn 0.995892 0.090547 0.000000
vn 1.000000 0.000000 -0.000000
vn 0.995892 -0.090547 -0.000000
vn 0.958911 -0.283706 -0.000000
vn 0.880507 -0.474033 -0.000000
vn 0.769259 -0.638937 -0.000000
vn 0.639020 -0.769190 -0.000000
vn 0.473853 -0.880604 -0.000000
vn 0.284060 -0.958807 -0.000000
vn 0.090476 -0.995899 -0.000000
vn 0.000000 -1.000000 -0.000000
vn 0.141135 -0.989990 -0.000000
vn 0.514328 -0.857594 -0.000000
vn 0.857465 -0.514542 -0.000000
vn 0.989950 -0.141419 -0.000000
vn 1.000000 0.000000 -0.000000
vn 0.995893 -0.090540 -0.000000
vn 0.958966 -0.283523 -0.000000
vn 0.880359 -0.474308 -0.000000
vn 0.769265 -0.638930 -0.000000
vn 0.639020 -0.769190 -0.000000
vn 0.474364 -0.880329 -0.000000
vn 0.283452 -0.958987 -0.000000
vn 0.090475 -0.995899 -0.000000
vn 0.000000 -1.000000 -0.000000
vn -0.090475 -0.995899 -0.000000
vn -0.283451 -0.958987 -0.000000
vn -0.474364 -0.880329 -0.000000
vn -0.639021 -0.769189 -0.000000
vn -0.769263 -0.638932 -0.000000
vn -0.880359 -0.474307 -0.000000
vn -0.958966 -0.283522 -0.000000
vn -0.995893 -0.090540 -0.000000
vn -1.000000 0.000000 -0.000000
vn -0.989950 -0.141419 -0.000000
vn -0.857466 -0.514541 -0.000000
vn -0.514326 -0.857595 -0.000000
vn -0.141133 -0.989991 -0.000000
vn 0.000000 -1.000000 -0.000000
vn -0.090475 -0.995899 -0.000000
vn -0.284060 -0.958807 -0.000000
vn -0.473853 -0.880604 -0.000000
vn -0.639020 -0.769190 -0.000000
vn -0.769259 -0.638937 -0.000000
vn -0.880507 -0.474033 -0.000000
vn -0.958911 -0.283706 -0.000000
vn -0.995893 -0.090538 -0.000000
vn -1.000000 0.000000 -0.000000
vn -0.995893 0.090538 0.000000
vn -0.958964 0.283526 0.000000
vn -0.880507 0.474033 0.000000
vn -0.769259 0.638937 0.000000
vn -0.638648 0.769499 0.000000
vn -0.474367 0.880327 0.000000
vn -0.283453 0.958986 0.000000
vn -0.090474 0.995899 0.000000
vn 0.000000 1.000000 0.000000
vn -0.135767 -0.990741 -0.000000
vn -0.453085 -0.891467 -0.000000
vn -0.743418 -0.668827 -0.000000
vn -0.914359 -0.404904 -0.000000
vn -0.955584 -0.294717 -0.000000
vn -0.854826 -0.518915 -0.000000
vn -0.725141 -0.688601 -0.000000
vn -0.496438 -0.868072 -0.000000
vn -0.170788 -0.985308 -0.000000
vn 0.000000 -1.000000 -0.000000
vn 0.170788 -0.985308 -0.000000
vn 0.496425 -0.868080 -0.000000
vn 0.725127 -0.688616 -0.000000
vn 0.854836 -0.518898 -0.000000
vn 0.955585 -0.294717 -0.000000
vn 0.914352 -0.404921 -0.000000
vn 0.743418 -0.668827 -0.000000
vn 0.453085 -0.891467 -0.000000
vn 0.135768 -0.990741 -0.000000
vn 0.000000 -1.000000 -0.000000
vn -0.077492 -0.996993 -0.000000
vn -0.259808 -0.965660 -0.000000
vn -0.468765 -0.883323 -0.000000
vn -0.672108 -0.740453 -0.000000
vn -0.856136 -0.516750 -0.000000
vn -0.973745 -0.227642 -0.000000
vn -0.999759 0.021967 0.000000
vn -0.978738 0.205113 0.000000
vn -0.952146 0.305644 0.000000
vn -0.914348 0.404929 0.000000
vn -0.743256 0.669007 0.000000
vn -0.453089 0.891465 0.000000
vn -0.135768 0.990741 0.000000
vn 0.000000 1.000000 0.000000
vn 0.135768 0.990741 0.000000
vn 0.453085 0.891467 0.000000
vn 0.743256 0.669007 0.000000
vn 0.914355 0.404913 0.000000
vn 0.951735 0.306920 0.000000
vn 0.924673 0.380762 0.000000
vn 0.967086 0.254451 0.000000
vn 0.989941 0.141482 0.000000
vn 0.999058 0.043397 0.000000
vn 0.985087 -0.172056 -0.000000
vn 0.806435 -0.591322 -0.000000
vn 0.440705 -0.897652 -0.000000
vn 0.116104 -0.993237 -0.000000
vn 0.000000 -1.000000 -0.000000
vn 0.998868 -0.047576 -0.000000
vn 0.948642 0.316351 0.000000
vn 0.633288 0.773917 0.000000
vn 0.174259 0.984700 0.000000
vn 0.000000 1.000000 0.000000
vn -0.148745 0.988876 0.000000
vn -0.600033 0.799976 0.000000
vn -0.966210 0.257758 0.000000
vn -0.982334 -0.187138 -0.000000
vn -0.955841 -0.293885 -0.000000
vn -0.952045 -0.305959 -0.000000
vn -0.876298 -0.481770 -0.000000
vn -0.677820 -0.735228 -0.000000
vn -0.258337 -0.966055 -0.000000
vn 0.258349 -0.966052 -0.000000
vn 0.677820 -0.735228 -0.000000
vn 0.876284 -0.481795 -0.000000
vn 0.952045 -0.305959 -0.000000
vn 0.956639 -0.291275 -0.000000
vn -0.090475 -0.995899 -0.000000
vn -0.283458 -0.958985 -0.000000
vn -0.474367 -0.880327 -0.000000
vn -0.639015 -0.769194 -0.000000
vn -0.769259 -0.638937 -0.000000
vn -0.880354 -0.474317 -0.000000
vn -0.958962 -0.283536 -0.000000
vn -0.995895 -0.090518 -0.000000
vn -1.000000 0.000000 -0.000000
vn -0.995891 0.090557 0.000000
vn -0.958962 0.283536 0.000000
vn -0.880503 0.474041 0.000000
vn -0.769279 0.638913 0.000000
vn -0.638638 0.769507 0.000000
vn -0.474367 0.880327 0.000000
vn -0.283458 0.958985 0.000000
vn -0.090475 0.995899 0.000000
vn 0.000000 1.000000 0.000000
vn 0.090475 0.995899 0.000000
vn 0.283458 0.958985 0.000000
vn 0.474367 0.880327 0.000000
vn 0.638638 0.769507 0.000000
vn 0.769259 0.638937 0.000000
vn 0.880503 0.474041 0.000000
vn 0.958962 0.283536 0.000000
vn 0.995895 0.090518 0.000000
vn 1.000000 0.000000 -0.000000
vn 0.995891 -0.090557 -0.000000
vn 0.958962 -0.283536 -0.000000
vn 0.880354 -0.474317 -0.000000
vn 0.769279 -0.638913 -0.000000
vn 0.639015 -0.769194 -0.000000
vn 0.474367 -0.880327 -0.000000
vn 0.283458 -0.958985 -0.000000
vn 0.090475 -0.995899 -0.000000
vn 0.000000 -1.000000 -0.000000
vn -0.995891 0.090557 0.000000
vn -0.958950 0.283574 0.000000
vn -0.880503 0.474041 0.000000
vn -0.769279 0.638913 0.000000
vn -0.638638 0.769507 0.000000
vn -0.474367 0.880327 0.000000
vn -0.283458 0.958985 0.000000
vn -0.090472 0.995899 0.000000
vn 0.000000 1.000000 0.000000
vn 0.090472 0.995899 0.000000
vn 0.283458 0.958985 0.000000
vn 0.474367 0.880327 0.000000
vn 0.638599 0.769540 0.000000
vn 0.769279 0.638913 0.000000
vn 0.880503 0.474041 0.000000
vn 0.958973 0.283498 0.000000
vn 0.995891 0.090557 0.000000
vn 1.000000 0.000000 -0.000000
vn 0.995891 -0.090557 -0.000000
vn 0.958973 -0.283498 -0.000000
vn 0.880354 -0.474317 -0.000000
vn 0.769279 -0.638913 -0.000000
vn 0.639015 -0.769194 -0.000000
vn 0.474367 -0.880327 -0.000000
vn 0.283458 -0.958985 -0.000000
vn 0.090464 -0.995900 -0.000000
vn 0.000000 -1.000000 -0.000000
vn -0.107456 -0.994210 -0.000000
vn -0.360917 -0.932598 -0.000000
vn -0.624835 -0.780757 -0.000000
vn -0.827434 -0.561563 -0.000000
vn -0.853640 -0.520864 -0.000000
vn -0.788253 -0.615352 -0.000000
vn -0.644891 -0.764275 -0.000000
vn -0.375448 -0.926843 -0.000000
vn 0.030561 -0.999533 -0.000000
vn 0.472665 -0.881242 -0.000000
vn 0.822864 -0.568238 -0.000000
vn 0.963272 -0.268526 -0.000000
vn 0.997547 -0.070000 -0.000000
vn 0.999991 0.004292 0.000000
vn 0.995891 -0.090557 -0.000000
vn 0.958962 -0.283536 -0.000000
vn 0.880354 -0.474317 -0.000000
vn 0.769299 -0.638889 -0.000000
vn 0.639015 -0.769194 -0.000000
vn 0.474367 -0.880327 -0.000000
vn 0.283458 -0.958985 -0.000000
vn 0.090475 -0.995899 -0.000000
vn 0.000000 -1.000000 -0.000000
vn -0.090475 -0.995899 -0.000000
vn -0.283458 -0.958985 -0.000000
vn -0.474367 -0.880327 -0.000000
vn -0.639015 -0.769194 -0.000000
vn -0.769259 -0.638937 -0.000000
vn -0.880354 -0.474317 -0.000000
vn -0.958962 -0.283536 -0.000000
vn -0.995895 -0.090518 -0.000000
vn -1.000000 0.000000 -0.000000
vn -0.995891 0.090557 0.000000
vn -0.958962 0.283536 0.000000
vn -0.880503 0.474041 0.000000
vn -0.769279 0.638913 0.000000
vn -0.638638 0.769507 0.000000
vn -0.474367 0.880327 0.000000
vn -0.283458 0.958985 0.000000
vn -0.090475 0.995899 0.000000
vn 0.000000 1.000000 0.000000
vn 0.107456 0.994210 0.000000
vn 0.360917 0.932598 0.000000
vn 0.624602 0.780943 0.000000
vn 0.827537 0.561411 0.000000
vn 0.854443 0.519545 0.000000
vn 0.788281 0.615315 0.000000
vn 0.644927 0.764244 0.000000
vn 0.376695 0.926337 0.000000
vn -0.030555 0.999533 0.000000
vn -0.472665 0.881242 0.000000
vn -0.823271 0.567648 0.000000
vn -0.963176 0.268873 0.000000
vn -0.997547 0.070000 0.000000
vn -0.999998 -0.002146 -0.000000
vn 0.995891 -0.090557 -0.000000
vn 0.958920 -0.283678 -0.000000
vn 0.880503 -0.474041 -0.000000
vn 0.769279 -0.638913 -0.000000
vn 0.639015 -0.769194 -0.000000
vn 0.473853 -0.880604 -0.000000
vn 0.283458 -0.958985 -0.000000
vn 0.091099 -0.995842 -0.000000
vn 0.000000 -1.000000 -0.000000
vn 0.141131 -0.989991 -0.000000
vn 0.514326 -0.857595 -0.000000
vn 0.857474 -0.514527 -0.000000
vn 0.989955 -0.141385 -0.000000
vn 1.000000 0.000000 -0.000000
vn 0.989955 0.141385 0.000000
vn 0.857474 0.514527 0.000000
vn 0.514326 0.857595 0.000000
vn 0.141809 0.989894 0.000000
vn 0.000000 1.000000 0.000000
vn 0.090472 0.995899 0.000000
vn 0.283458 0.958985 0.000000
vn 0.473853 0.880604 0.000000
vn 0.639015 0.769194 0.000000
vn 0.769279 0.638913 0.000000
vn 0.880503 0.474041 0.000000
vn 0.958897 0.283754 0.000000
vn 0.995891 0.090557 0.000000
vn 1.000000 0.000000 -0.000000
vn 0.995891 -0.090557 -0.000000
vn 0.958950 -0.283574 -0.000000
vn 0.880503 -0.474041 -0.000000
vn 0.769279 -0.638913 -0.000000
vn 0.638638 -0.769507 -0.000000
vn 0.474367 -0.880327 -0.000000
vn 0.283458 -0.958985 -0.000000
vn 0.090472 -0.995899 -0.000000
vn 0.000000 -1.000000 -0.000000
vn 0.141809 -0.989894 -0.000000
vn 0.514326 -0.857595 -0.000000
vn 0.857474 -0.514527 -0.000000
vn 0.989955 -0.141385 -0.000000
vn 1.000000 0.000000 -0.000000
vn 0.989955 0.141385 0.000000
vn 0.857696 0.514157 0.000000
vn 0.514326 0.857595 0.000000
vn 0.141131 0.989991 0.000000
vn 0.000000 1.000000 0.000000
vn 0.090479 0.995898 0.000000
vn 0.284066 0.958805 0.000000
vn 0.473853 0.880604 0.000000
vn 0.638976 0.769227 0.000000
vn 0.769279 0.638913 0.000000
vn 0.880503 0.474041 0.000000
vn 0.958920 0.283678 0.000000
vn 0.995891 0.090557 0.000000
vn 1.000000 0.000000 -0.000000
vn 0.995891 -0.090557 -0.000000
vn 0.958973 -0.283498 -0.000000
vn 0.880354 -0.474317 -0.000000
vn 0.769279 -0.638913 -0.000000
vn 0.639015 -0.769194 -0.000000
vn 0.474367 -0.880327 -0.000000
vn 0.283458 -0.958985 -0.000000
vn 0.090472 -0.995899 -0.000000
vn 0.000000 -1.000000 -0.000000
vn -0.090479 -0.995898 -0.000000
vn -0.283458 -0.958985 -0.000000
vn -0.474367 -0.880327 -0.000000
vn -0.638976 -0.769227 -0.000000
vn -0.769279 -0.638913 -0.000000
vn -0.880354 -0.474317 -0.000000
vn -0.958973 -0.283498 -0.000000
vn -0.995891 -0.090557 -0.000000
vn -1.000000 0.000000 -0.000000
vn -0.995891 0.090557 0.000000
vn -0.958973 0.283498 0.000000
vn -0.880503 0.474041 0.000000
vn -0.769279 0.638913 0.000000
vn -0.638638 0.769507 0.000000
vn -0.474367 0.880327 0.000000
vn -0.283458 0.958985 0.000000
vn -0.090472 0.995899 0.000000
vn 0.000000 1.000000 0.000000
vn 0.090479 0.995898 0.000000
vn 0.283458 0.958985 0.000000
vn 0.474367 0.880327 0.000000
vn 0.638599 0.769540 0.000000
vn 0.769279 0.638913 0.000000
vn 0.880503 0.474041 0.000000
vn 0.958973 0.283498 0.000000
vn 0.995891 0.090557 0.000000
vn 1.000000 0.000000 -0.000000
vn 0.000000 0.000000 1.000000
vn 0.000000 -0.000000 1.000000
vn 0.000000 -0.000000 1.000000
vn 0.000000 -0.000000 1.000000
vn 0.000000 -0.000000 1.000000
vn 0.000000 0.000000 1.000000
vn -0.000000 0.000000 1.000000
vn 0.000000 -0.000000 1.000000
vn 0.000000 -0.000000 1.000000
vn 0.000000 -0.000000 -1.000000
vn 0.000000 -0.000000 -1.000000
vn -0.000000 0.000000 -1.000000
vn 0.000000 0.000000 -1.000000
vn 0.000000 0.000000 -1.000000
vn 0.000000 0.000000 -1.000000
vn -0.000000 -0.000000 -1.000000
vn 0.000000 0.000000 -1.000000
vn 0.000000 0.000000 -1.000000
vn 0.000000 1.000000 0.000000
vn 0.928477 0.371391 0.000000
vn 0.485643 0.874157 0.000000
vn 0.406139 -0.913811 -0.000000
vn 0.961524 -0.274721 -0.000000
vn 0.351124 -0.936329 -0.000000
vn 1.000000 0.000000 -0.000000
vn 0.338719 0.940887 0.000000
vn 0.000000 -1.000000 -0.000000
vn -0.732794 0.680451 0.000000
vn -0.998752 -0.049938 -0.000000
vn -0.993884 0.110431 0.000000
vn 0.000000 -0.000000 1.000000
vn 0.000000 -0.000000 1.000000
vn 0.000000 0.000000 -1.000000
vn 0.000000 0.000000 -1.000000
vn -0.967617 0.252422 0.000000
vn 0.000000 1.000000 0.000000
vn 0.957826 0.287348 0.000000
vn 0.393919 0.919145 0.000000
vn -0.049938 -0.998752 -0.000000
vn 0.000000 0.000000 -1.000000
vn 0.000000 -0.000000 1.000000
vn 0.000000 1.000000 0.000000
vn -1.000000 0.000000 -0.000000
vn 0.000000 -1.000000 -0.000000
vn 1.000000 0.000000 -0.000000
vn 0.000000 0.000000 -1.000000
vn 0.000000 -0.000000 1.000000
vn 0.274721 0.961524 0.000000
vn -0.961524 0.274721 0.000000
vn -0.274721 -0.961524 -0.000000
vn 0.961524 -0.274721 -0.000000
f 41//1 43//1 42//1
f 41//2 44//2 43//2
f 40//3 44//3 41//3
f 40//4 45//4 44//4
f 39//5 45//5 40//5
f 39//6 46//6 45//6
f 38//7 46//7 39//7
f 38//8 47//8 46//8
f 37//9 47//9 38//9
f 37//10 48//10 47//10
f 36//11 48//11 37//11
f 36//12 49//12 48//12
f 35//13 49//13 36//13
f 35//14 50//14 49//14
f 34//15 50//15 35//15
f 34//16 51//16 50//16
f 33//17 81//17 34//17
f 81//18 51//18 34//18
f 33//19 82//19 81//19
f 80//20 51//20 81//20
f 79//21 51//21 80//21
f 33//22 83//22 82//22
f 79//23 52//23 51//23
f 78//24 52//24 79//24
f 33//25 84//25 83//25
f 32//26 84//26 33//26
f 77//27 52//27 78//27
f 32//28 85//28 84//28
f 76//29 52//29 77//29
f 32//30 86//30 85//30
f 76//31 53//31 52//31
f 31//32 86//32 32//32
f 75//33 53//33 76//33
f 31//34 87//34 86//34
f 75//35 54//35 53//35
f 74//36 54//36 75//36
f 30//37 87//37 31//37
f 30//38 88//38 87//38
f 73//39 54//39 74//39
f 30//40 89//40 88//40
f 73//41 55//41 54//41
f 29//42 89//42 30//42
f 72//43 55//43 73//43
f 29//44 90//44 89//44
f 71//45 55//45 72//45
f 71//46 56//46 55//46
f 70//47 56//47 71//47
f 70//48 57//48 56//48
f 69//49 57//49 70//49
f 69//50 58//50 57//50
f 68//51 58//51 69//51
f 68//52 59//52 58//52
f 67//53 59//53 68//53
f 67//54 60//54 59//54
f 66//55 60//55 67//55
f 66//56 61//56 60//56
f 65//57 61//57 66//57
f 65//58 62//58 61//58
f 64//59 62//59 65//59
f 64//60 63//60 62//60
f 101//61 103//61 102//61
f 101//62 104//62 103//62
f 100//63 104//63 101//63
f 100//64 105//64 104//64
f 99//65 105//65 100//65
f 99//66 106//66 105//66
f 98//67 106//67 99//67
f 98//68 107//68 106//68
f 29//69 91//69 90//69
f 98//70 108//70 107//70
f 29//71 92//71 91//71
f 29//72 93//72 92//72
f 97//73 108//73 98//73
f 29//74 94//74 93//74
f 96//75 108//75 97//75
f 29//76 95//76 94//76
f 95//77 108//77 96//77
f 29//78 124//78 95//78
f 124//79 123//79 95//79
f 123//80 108//80 95//80
f 123//81 109//81 108//81
f 123//82 122//82 109//82
f 122//83 1//83 109//83
f 122//84 121//84 1//84
f 121//85 2//85 1//85
f 120//86 2//86 121//86
f 119//87 2//87 120//87
f 29//88 125//88 124//88
f 119//89 3//89 2//89
f 118//90 3//90 119//90
f 29//91 126//91 125//91
f 117//92 3//92 118//92
f 29//93 127//93 126//93
f 117//94 4//94 3//94
f 116//95 4//95 117//95
f 29//96 128//96 127//96
f 115//97 4//97 116//97
f 29//98 129//98 128//98
f 115//99 5//99 4//99
f 114//100 5//100 115//100
f 29//101 130//101 129//101
f 28//102 130//102 29//102
f 114//103 6//103 5//103
f 113//104 6//104 114//104
f 28//105 131//105 130//105
f 112//106 6//106 113//106
f 28//107 132//107 131//107
f 27//108 132//108 28//108
f 112//109 7//109 6//109
f 111//110 7//110 112//110
f 27//111 133//111 132//111
f 26//112 133//112 27//112
f 111//113 8//113 7//113
f 110//114 8//114 111//114
f 26//115 134//115 133//115
f 26//116 135//116 134//116
f 141//117 8//117 110//117
f 25//118 135//118 26//118
f 141//119 9//119 8//119
f 25//120 136//120 135//120
f 140//121 9//121 141//121
f 24//122 136//122 25//122
f 140//123 10//123 9//123
f 24//124 137//124 136//124
f 139//125 10//125 140//125
f 24//126 138//126 137//126
f 138//127 10//127 139//127
f 23//128 138//128 24//128
f 23//129 10//129 138//129
f 23//130 11//130 10//130
f 22//131 11//131 23//131
f 22//132 12//132 11//132
f 21//133 12//133 22//133
f 21//134 13//134 12//134
f 20//135 13//135 21//135
f 20//136 14//136 13//136
f 19//137 14//137 20//137
f 19//138 15//138 14//138
f 18//139 15//139 19//139
f 18//140 16//140 15//140
f 17//141 16//141 18//141
f 182//142 183//142 184//142
f 182//143 184//143 185//143
f 181//144 182//144 185//144
f 181//145 185//145 186//145
f 180//146 181//146 186//146
f 180//147 186//147 187//147
f 179//148 180//148 187//148
f 179//149 187//149 188//149
f 178//150 179//150 188//150
f 178//151 188//151 189//151
f 177//152 178//152 189//152
f 177//153 189//153 190//153
f 176//154 177//154 190//154
f 176//155 190//155 191//155
f 175//156 176//156 191//156
f 175//157 191//157 192//157
f 174//158 175//158 222//158
f 222//159 175//159 192//159
f 174//160 222//160 223//160
f 221//161 222//161 192//161
f 220//162 221//162 192//162
f 174//163 223//163 224//163
f 220//164 192//164 193//164
f 219//165 220//165 193//165
f 174//166 224//166 225//166
f 173//167 174//167 225//167
f 218//168 219//168 193//168
f 173//169 225//169 226//169
f 217//170 218//170 193//170
f 173//171 226//171 227//171
f 217//172 193//172 194//172
f 172//173 173//173 227//173
f 216//174 217//174 194//174
f 172//175 227//175 228//175
f 216//176 194//176 195//176
f 215//177 216//177 195//177
f 171//178 172//178 228//178
f 171//179 228//179 229//179
f 214//180 215//180 195//180
f 171//181 229//181 230//181
f 214//182 195//182 196//182
f 170//183 171//183 230//183
f 213//184 214//184 196//184
f 170//185 230//185 231//185
f 212//186 213//186 196//186
f 212//187 196//187 197//187
f 211//188 212//188 197//188
f 211//189 197//189 198//189
f 210//190 211//190 198//190
f 210//191 198//191 199//191
f 209//192 210//192 199//192
f 209//193 199//193 200//193
f 208//194 209//194 200//194
f 208//195 200//195 201//195
f 207//196 208//196 201//196
f 207//197 201//197 202//197
f 206//198 207//198 202//198
f 206//199 202//199 203//199
f 205//200 206//200 203//200
f 205//201 203//201 204//201
f 242//202 243//202 244//202
f 242//203 244//203 245//203
f 241//204 242//204 245//204
f 241//205 245//205 246//205
f 240//206 241//206 246//206
f 240//207 246//207 247//207
f 239//208 240//208 247//208
f 239//209 247//209 248//209
f 170//210 231//210 232//210
f 239//211 248//211 249//211
f 170//212 232//212 233//212
f 170//213 233//213 234//213
f 238//214 239//214 249//214
f 170//215 234//215 235//215
f 237//216 238//216 249//216
f 170//217 235//217 236//217
f 236//218 237//218 249//218
f 170//219 236//219 265//219
f 265//220 236//220 264//220
f 264//221 236//221 249//221
f 264//222 249//222 250//222
f 264//223 250//223 263//223
f 263//224 250//224 142//224
f 263//225 142//225 262//225
f 262//226 142//226 143//226
f 261//227 262//227 143//227
f 260//228 261//228 143//228
f 170//229 265//229 266//229
f 260//230 143//230 144//230
f 259//231 260//231 144//231
f 170//232 266//232 267//232
f 258//233 259//233 144//233
f 170//234 267//234 268//234
f 258//235 144//235 145//235
f 257//236 258//236 145//236
f 170//237 268//237 269//237
f 256//238 257//238 145//238
f 170//239 269//239 270//239
f 256//240 145//240 146//240
f 255//241 256//241 146//241
f 170//242 270//242 271//242
f 169//243 170//243 271//243
f 255//244 146//244 147//244
f 254//245 255//245 147//245
f 169//246 271//246 272//246
f 253//247 254//247 147//247
f 169//248 272//248 273//248
f 168//249 169//249 273//249
f 253//250 147//250 148//250
f 252//251 253//251 148//251
f 168//252 273//252 274//252
f 167//253 168//253 274//253
f 252//254 148//254 149//254
f 251//255 252//255 149//255
f 167//256 274//256 275//256
f 167//257 275//257 276//257
f 282//258 251//258 149//258
f 166//259 167//259 276//259
f 282//260 149//260 150//260
f 166//261 276//261 277//261
f 281//262 282//262 150//262
f 165//263 166//263 277//263
f 281//264 150//264 151//264
f 165//265 277//265 278//265
f 280//266 281//266 151//266
f 165//267 278//267 279//267
f 279//268 280//268 151//268
f 164//269 165//269 279//269
f 164//270 279//270 151//270
f 164//271 151//271 152//271
f 163//272 164//272 152//272
f 163//273 152//273 153//273
f 162//274 163//274 153//274
f 162//275 153//275 154//275
f 161//276 162//276 154//276
f 161//277 154//277 155//277
f 160//278 161//278 155//278
f 160//279 155//279 156//279
f 159//280 160//280 156//280
f 159//281 156//281 157//281
f 158//282 159//282 157//282
f 286//283 283//283 284//283
f 288//284 285//284 286//284
f 290//285 287//285 288//285
f 292//286 289//286 290//286
f 294//287 291//287 292//287
f 296//288 293//288 294//288
f 298//289 295//289 296//289
f 300//290 297//290 298//290
f 302//291 299//291 300//291
f 304//292 301//292 302//292
f 306//293 303//293 304//293
f 308//294 305//294 306//294
f 310//295 307//295 308//295
f 312//296 309//296 310//296
f 314//297 311//297 312//297
f 316//298 313//298 314//298
f 318//299 315//299 316//299
f 320//300 317//300 318//300
f 322//301 319//301 320//301
f 324//302 321//302 322//302
f 326//303 323//303 324//303
f 328//304 325//304 326//304
f 330//305 327//305 328//305
f 332//306 329//306 330//306
f 334//307 331//307 332//307
f 336//308 333//308 334//308
f 338//309 335//309 336//309
f 340//310 337//310 338//310
f 342//311 339//311 340//311
f 344//312 341//312 342//312
f 346//313 343//313 344//313
f 348//314 345//314 346//314
f 350//315 347//315 348//315
f 352//316 349//316 350//316
f 354//317 351//317 352//317
f 356//318 353//318 354//318
f 358//319 355//319 356//319
f 360//320 357//320 358//320
f 362//321 359//321 360//321
f 364//322 361//322 362//322
f 366//323 363//323 364//323
f 368//324 365//324 366//324
f 370//325 367//325 368//325
f 372//326 369//326 370//326
f 374//327 371//327 372//327
f 376//328 373//328 374//328
f 378//329 375//329 376//329
f 380//330 377//330 378//330
f 382//331 379//331 380//331
f 384//332 381//332 382//332
f 386//333 383//333 384//333
f 388//334 385//334 386//334
f 390//335 387//335 388//335
f 392//336 389//336 390//336
f 394//337 391//337 392//337
f 396//338 393//338 394//338
f 398//339 395//339 396//339
f 400//340 397//340 398//340
f 402//341 399//341 400//341
f 404//342 401//342 402//342
f 406//343 403//343 404//343
f 408//344 405//344 406//344
f 410//345 407//345 408//345
f 412//346 409//346 410//346
f 414//347 411//347 412//347
f 416//348 413//348 414//348
f 418//349 415//349 416//349
f 420//350 417//350 418//350
f 422//351 419//351 420//351
f 424//352 421//352 422//352
f 426//353 423//353 424//353
f 428//354 425//354 426//354
f 430//355 427//355 428//355
f 432//356 429//356 430//356
f 434//357 431//357 432//357
f 436//358 433//358 434//358
f 438//359 435//359 436//359
f 440//360 437//360 438//360
f 442//361 439//361 440//361
f 444//362 441//362 442//362
f 446//363 443//363 444//363
f 448//364 445//364 446//364
f 450//365 447//365 448//365
f 452//366 449//366 450//366
f 454//367 451//367 452//367
f 456//368 453//368 454//368
f 458//369 455//369 456//369
f 460//370 457//370 458//370
f 462//371 459//371 460//371
f 464//372 461//372 462//372
f 466//373 463//373 464//373
f 468//374 465//374 466//374
f 470//375 467//375 468//375
f 472//376 469//376 470//376
f 474//377 471//377 472//377
f 476//378 473//378 474//378
f 478//379 475//379 476//379
f 480//380 477//380 478//380
f 482//381 479//381 480//381
f 484//382 481//382 482//382
f 486//383 483//383 484//383
f 488//384 485//384 486//384
f 490//385 487//385 488//385
f 492//386 489//386 490//386
f 494//387 491//387 492//387
f 496//388 493//388 494//388
f 498//389 495//389 496//389
f 500//390 497//390 498//390
f 284//391 499//391 500//391
f 504//392 501//392 502//392
f 506//393 503//393 504//393
f 508//394 505//394 506//394
f 510//395 507//395 508//395
f 512//396 509//396 510//396
f 514//397 511//397 512//397
f 516//398 513//398 514//398
f 518//399 515//399 516//399
f 520//400 517//400 518//400
f 522//401 519//401 520//401
f 524//402 521//402 522//402
f 526//403 523//403 524//403
f 528//404 525//404 526//404
f 530//405 527//405 528//405
f 532//406 529//406 530//406
f 534//407 531//407 532//407
f 536//408 533//408 534//408
f 538//409 535//409 536//409
f 540//410 537//410 538//410
f 542//411 539//411 540//411
f 544//412 541//412 542//412
f 546//413 543//413 544//413
f 548//414 545//414 546//414
f 550//415 547//415 548//415
f 552//416 549//416 550//416
f 554//417 551//417 552//417
f 556//418 553//418 554//418
f 558//419 555//419 556//419
f 560//420 557//420 558//420
f 562//421 559//421 560//421
f 564//422 561//422 562//422
f 502//423 563//423 564//423
f 646//424 648//424 647//424
f 646//425 649//425 648//425
f 645//426 649//426 646//426
f 645//427 650//427 649//427
f 644//428 650//428 645//428
f 644//429 651//429 650//429
f 643//430 651//430 644//430
f 643//431 652//431 651//431
f 642//432 652//432 643//432
f 642//433 653//433 652//433
f 642//434 654//434 653//434
f 641//435 654//435 642//435
f 641//436 655//436 654//436
f 640//437 655//437 641//437
f 640//438 656//438 655//438
f 639//439 656//439 640//439
f 638//440 577//440 639//440
f 577//441 576//441 639//441
f 576//442 575//442 639//442
f 575//443 656//443 639//443
f 575//444 574//444 656//444
f 574//445 565//445 656//445
f 574//446 566//446 565//446
f 574//447 567//447 566//447
f 574//448 568//448 567//448
f 574//449 569//449 568//449
f 574//450 570//450 569//450
f 574//451 571//451 570//451
f 574//452 572//452 571//452
f 574//453 573//453 572//453
f 638//454 578//454 577//454
f 638//455 579//455 578//455
f 638//456 580//456 579//456
f 638//457 581//457 580//457
f 638//458 582//458 581//458
f 638//459 583//459 582//459
f 638//460 605//460 583//460
f 605//461 604//461 583//461
f 604//462 603//462 583//462
f 603//463 584//463 583//463
f 603//464 585//464 584//464
f 603//465 586//465 585//465
f 603//466 587//466 586//466
f 603//467 588//467 587//467
f 603//468 589//468 588//468
f 603//469 590//469 589//469
f 603//470 591//470 590//470
f 603//471 592//471 591//471
f 603//472 602//472 592//472
f 602//473 593//473 592//473
f 602//474 594//474 593//474
f 602//475 595//475 594//475
f 602//476 596//476 595//476
f 602//477 597//477 596//477
f 602//478 598//478 597//478
f 602//479 599//479 598//479
f 602//480 600//480 599//480
f 602//481 601//481 600//481
f 638//482 606//482 605//482
f 638//483 607//483 606//483
f 638//484 608//484 607//484
f 638//485 609//485 608//485
f 638//486 610//486 609//486
f 638//487 611//487 610//487
f 638//488 612//488 611//488
f 638//489 613//489 612//489
f 638//490 614//490 613//490
f 638//491 615//491 614//491
f 638//492 616//492 615//492
f 638//493 617//493 616//493
f 638//494 618//494 617//494
f 638//495 619//495 618//495
f 638//496 620//496 619//496
f 638//497 621//497 620//497
f 637//498 621//498 638//498
f 637//499 622//499 621//499
f 636//500 622//500 637//500
f 636//501 623//501 622//501
f 635//502 623//502 636//502
f 635//503 624//503 623//503
f 634//504 624//504 635//504
f 634//505 625//505 624//505
f 633//506 625//506 634//506
f 633//507 626//507 625//507
f 632//508 626//508 633//508
f 632//509 627//509 626//509
f 631//510 627//510 632//510
f 631//511 628//511 627//511
f 630//512 628//512 631//512
f 630//513 629//513 628//513
f 723//514 725//514 724//514
f 723//515 726//515 725//515
f 664//516 666//516 665//516
f 664//517 667//517 666//517
f 722//518 726//518 723//518
f 663//519 667//519 664//519
f 663//520 668//520 667//520
f 722//521 727//521 726//521
f 721//522 727//522 722//522
f 662//523 668//523 663//523
f 662//524 669//524 668//524
f 720//525 727//525 721//525
f 661//526 669//526 662//526
f 661//527 670//527 669//527
f 720//528 728//528 727//528
f 719//529 728//529 720//529
f 660//530 670//530 661//530
f 660//531 671//531 670//531
f 719//532 729//532 728//532
f 660//533 672//533 671//533
f 718//534 729//534 719//534
f 659//535 672//535 660//535
f 659//536 673//536 672//536
f 717//537 729//537 718//537
f 658//538 673//538 659//538
f 717//539 730//539 729//539
f 658//540 674//540 673//540
f 716//541 730//541 717//541
f 657//542 674//542 658//542
f 715//543 696//543 716//543
f 696//544 695//544 716//544
f 695//545 694//545 716//545
f 694//546 693//546 716//546
f 693//547 692//547 716//547
f 692//548 691//548 716//548
f 691//549 690//549 716//549
f 690//550 730//550 716//550
f 738//551 674//551 657//551
f 738//552 675//552 674//552
f 689//553 730//553 690//553
f 688//554 730//554 689//554
f 715//555 697//555 696//555
f 715//556 698//556 697//556
f 737//557 675//557 738//557
f 736//558 675//558 737//558
f 688//559 731//559 730//559
f 735//560 675//560 736//560
f 688//561 732//561 731//561
f 734//562 675//562 735//562
f 688//563 733//563 732//563
f 733//564 675//564 734//564
f 688//565 675//565 733//565
f 714//566 698//566 715//566
f 714//567 699//567 698//567
f 688//568 676//568 675//568
f 713//569 699//569 714//569
f 713//570 700//570 699//570
f 688//571 677//571 676//571
f 687//572 677//572 688//572
f 712//573 700//573 713//573
f 712//574 701//574 700//574
f 687//575 678//575 677//575
f 711//576 701//576 712//576
f 711//577 702//577 701//577
f 687//578 679//578 678//578
f 686//579 679//579 687//579
f 710//580 702//580 711//580
f 710//581 703//581 702//581
f 686//582 680//582 679//582
f 685//583 680//583 686//583
f 709//584 703//584 710//584
f 709//585 704//585 703//585
f 685//586 681//586 680//586
f 708//587 704//587 709//587
f 708//588 705//588 704//588
f 685//589 682//589 681//589
f 684//590 682//590 685//590
f 707//591 705//591 708//591
f 707//592 706//592 705//592
f 684//593 683//593 682//593
f 755//594 757//594 756//594
f 755//595 758//595 757//595
f 754//596 758//596 755//596
f 754//597 759//597 758//597
f 753//598 759//598 754//598
f 753//599 760//599 759//599
f 752//600 760//600 753//600
f 752//601 761//601 760//601
f 751//602 761//602 752//602
f 751//603 762//603 761//603
f 751//604 763//604 762//604
f 750//605 763//605 751//605
f 750//606 764//606 763//606
f 749//607 764//607 750//607
f 749//608 765//608 764//608
f 748//609 765//609 749//609
f 747//610 765//610 748//610
f 747//611 766//611 765//611
f 746//612 766//612 747//612
f 746//613 767//613 766//613
f 745//614 767//614 746//614
f 745//615 768//615 767//615
f 744//616 768//616 745//616
f 744//617 769//617 768//617
f 743//618 769//618 744//618
f 743//619 770//619 769//619
f 742//620 770//620 743//620
f 742//621 771//621 770//621
f 741//622 771//622 742//622
f 741//623 772//623 771//623
f 740//624 772//624 741//624
f 740//625 773//625 772//625
f 739//626 773//626 740//626
f 739//627 774//627 773//627
f 807//628 809//628 808//628
f 807//629 810//629 809//629
f 806//630 810//630 807//630
f 806//631 811//631 810//631
f 805//632 811//632 806//632
f 805//633 812//633 811//633
f 804//634 812//634 805//634
f 804//635 813//635 812//635
f 803//636 840//636 804//636
f 840//637 839//637 804//637
f 839//638 813//638 804//638
f 839//639 838//639 813//639
f 838//640 837//640 813//640
f 837//641 836//641 813//641
f 836//642 835//642 813//642
f 835//643 834//643 813//643
f 834//644 814//644 813//644
f 803//645 841//645 840//645
f 833//646 814//646 834//646
f 803//647 823//647 841//647
f 832//648 814//648 833//648
f 803//649 824//649 823//649
f 831//650 814//650 832//650
f 803//651 825//651 824//651
f 830//652 814//652 831//652
f 803//653 826//653 825//653
f 829//654 814//654 830//654
f 803//655 827//655 826//655
f 828//656 814//656 829//656
f 803//657 787//657 827//657
f 787//658 786//658 827//658
f 786//659 828//659 827//659
f 786//660 785//660 828//660
f 785//661 784//661 828//661
f 784//662 783//662 828//662
f 783//663 782//663 828//663
f 782//664 814//664 828//664
f 803//665 788//665 787//665
f 781//666 814//666 782//666
f 803//667 789//667 788//667
f 780//668 814//668 781//668
f 803//669 790//669 789//669
f 779//670 814//670 780//670
f 802//671 790//671 803//671
f 779//672 815//672 814//672
f 779//673 816//673 815//673
f 779//674 817//674 816//674
f 801//675 790//675 802//675
f 779//676 818//676 817//676
f 801//677 791//677 790//677
f 778//678 818//678 779//678
f 778//679 819//679 818//679
f 800//680 791//680 801//680
f 800//681 792//681 791//681
f 777//682 819//682 778//682
f 799//683 792//683 800//683
f 777//684 820//684 819//684
f 798//685 792//685 799//685
f 798//686 793//686 792//686
f 776//687 820//687 777//687
f 776//688 821//688 820//688
f 797//689 793//689 798//689
f 796//690 793//690 797//690
f 796//691 794//691 793//691
f 775//692 821//692 776//692
f 775//693 822//693 821//693
f 795//694 794//694 796//694
f 904//695 842//695 905//695
f 904//696 843//696 842//696
f 903//697 843//697 904//697
f 903//698 844//698 843//698
f 902//699 844//699 903//699
f 902//700 845//700 844//700
f 901//701 845//701 902//701
f 901//702 846//702 845//702
f 900//703 846//703 901//703
f 900//704 847//704 846//704
f 900//705 848//705 847//705
f 899//706 848//706 900//706
f 899//707 849//707 848//707
f 898//708 849//708 899//708
f 898//709 850//709 849//709
f 897//710 850//710 898//710
f 896//711 850//711 897//711
f 896//712 851//712 850//712
f 895//713 851//713 896//713
f 895//714 852//714 851//714
f 894//715 852//715 895//715
f 894//716 853//716 852//716
f 893//717 853//717 894//717
f 893//718 854//718 853//718
f 892//719 854//719 893//719
f 892//720 855//720 854//720
f 891//721 855//721 892//721
f 891//722 856//722 855//722
f 890//723 856//723 891//723
f 890//724 857//724 856//724
f 889//725 857//725 890//725
f 889//726 858//726 857//726
f 888//727 858//727 889//727
f 888//728 859//728 858//728
f 887//729 859//729 888//729
f 886//730 860//730 887//730
f 860//731 859//731 887//731
f 886//732 861//732 860//732
f 885//733 861//733 886//733
f 885//734 862//734 861//734
f 884//735 862//735 885//735
f 884//736 863//736 862//736
f 883//737 863//737 884//737
f 883//738 864//738 863//738
f 882//739 864//739 883//739
f 882//740 865//740 864//740
f 881//741 865//741 882//741
f 881//742 866//742 865//742
f 880//743 866//743 881//743
f 880//744 867//744 866//744
f 879//745 867//745 880//745
f 879//746 868//746 867//746
f 878//747 868//747 879//747
f 878//748 869//748 868//748
f 877//749 869//749 878//749
f 877//750 870//750 869//750
f 876//751 870//751 877//751
f 876//752 871//752 870//752
f 875//753 871//753 876//753
f 875//754 872//754 871//754
f 874//755 872//755 875//755
f 874//756 873//756 872//756
f 922//757 924//757 923//757
f 922//758 925//758 924//758
f 921//759 925//759 922//759
f 921//760 926//760 925//760
f 920//761 926//761 921//761
f 920//762 927//762 926//762
f 919//763 927//763 920//763
f 919//764 928//764 927//764
f 918//765 928//765 919//765
f 918//766 929//766 928//766
f 918//767 930//767 929//767
f 917//768 930//768 918//768
f 917//769 931//769 930//769
f 916//770 931//770 917//770
f 916//771 932//771 931//771
f 915//772 932//772 916//772
f 914//773 932//773 915//773
f 914//774 933//774 932//774
f 913//775 933//775 914//775
f 913//776 934//776 933//776
f 912//777 934//777 913//777
f 912//778 935//778 934//778
f 911//779 935//779 912//779
f 911//780 936//780 935//780
f 910//781 936//781 911//781
f 910//782 937//782 936//782
f 909//783 937//783 910//783
f 909//784 938//784 937//784
f 908//785 938//785 909//785
f 908//786 939//786 938//786
f 907//787 939//787 908//787
f 907//788 940//788 939//788
f 906//789 940//789 907//789
f 906//790 941//790 940//790
f 997//791 942//791 998//791
f 997//792 943//792 942//792
f 996//793 943//793 997//793
f 995//794 943//794 996//794
f 995//795 944//795 943//795
f 994//796 944//796 995//796
f 993//797 944//797 994//797
f 992//798 944//798 993//798
f 992//799 945//799 944//799
f 991//800 945//800 992//800
f 990//801 945//801 991//801
f 989//802 1019//802 990//802
f 1019//803 1018//803 990//803
f 1018//804 1017//804 990//804
f 1017//805 945//805 990//805
f 1017//806 946//806 945//806
f 1017//807 947//807 946//807
f 1017//808 1016//808 947//808
f 1016//809 948//809 947//809
f 1016//810 949//810 948//810
f 1016//811 950//811 949//811
f 1016//812 1015//812 950//812
f 1015//813 1014//813 950//813
f 1014//814 951//814 950//814
f 1013//815 951//815 1014//815
f 989//816 1020//816 1019//816
f 989//817 1021//817 1020//817
f 1012//818 951//818 1013//818
f 1011//819 951//819 1012//819
f 1011//820 952//820 951//820
f 1010//821 952//821 1011//821
f 1009//822 952//822 1010//822
f 1009//823 953//823 952//823
f 1008//824 953//824 1009//824
f 1008//825 954//825 953//825
f 1007//826 954//826 1008//826
f 1007//827 955//827 954//827
f 1006//828 955//828 1007//828
f 1005//829 955//829 1006//829
f 1005//830 956//830 955//830
f 1004//831 956//831 1005//831
f 1004//832 957//832 956//832
f 1003//833 957//833 1004//833
f 1002//834 957//834 1003//834
f 1002//835 958//835 957//835
f 1001//836 958//836 1002//836
f 1000//837 958//837 1001//837
f 989//838 1022//838 1021//838
f 1000//839 959//839 958//839
f 989//840 1023//840 1022//840
f 999//841 959//841 1000//841
f 989//842 1024//842 1023//842
f 989//843 1025//843 1024//843
f 989//844 970//844 1025//844
f 970//845 969//845 1025//845
f 969//846 999//846 1025//846
f 969//847 968//847 999//847
f 968//848 959//848 999//848
f 968//849 960//849 959//849
f 968//850 967//850 960//850
f 967//851 961//851 960//851
f 967//852 962//852 961//852
f 967//853 963//853 962//853
f 967//854 964//854 963//854
f 967//855 965//855 964//855
f 967//856 966//856 965//856
f 989//857 971//857 970//857
f 989//858 972//858 971//858
f 988//859 972//859 989//859
f 988//860 973//860 972//860
f 987//861 973//861 988//861
f 987//862 974//862 973//862
f 986//863 974//863 987//863
f 986//864 975//864 974//864
f 985//865 975//865 986//865
f 985//866 976//866 975//866
f 984//867 976//867 985//867
f 984//868 977//868 976//868
f 983//869 977//869 984//869
f 983//870 978//870 977//870
f 982//871 978//871 983//871
f 982//872 979//872 978//872
f 981//873 979//873 982//873
f 981//874 980//874 979//874
f 1058//875 1060//875 1059//875
f 1058//876 1061//876 1060//876
f 1057//877 1061//877 1058//877
f 1057//878 1062//878 1061//878
f 1056//879 1062//879 1057//879
f 1056//880 1063//880 1062//880
f 1055//881 1063//881 1056//881
f 1055//882 1064//882 1063//882
f 1054//883 1091//883 1055//883
f 1091//884 1090//884 1055//884
f 1090//885 1064//885 1055//885
f 1090//886 1089//886 1064//886
f 1089//887 1088//887 1064//887
f 1088//888 1087//888 1064//888
f 1087//889 1086//889 1064//889
f 1086//890 1085//890 1064//890
f 1085//891 1065//891 1064//891
f 1054//892 1092//892 1091//892
f 1084//893 1065//893 1085//893
f 1054//894 1074//894 1092//894
f 1083//895 1065//895 1084//895
f 1054//896 1075//896 1074//896
f 1082//897 1065//897 1083//897
f 1054//898 1076//898 1075//898
f 1081//899 1065//899 1082//899
f 1054//900 1077//900 1076//900
f 1080//901 1065//901 1081//901
f 1054//902 1078//902 1077//902
f 1079//903 1065//903 1080//903
f 1054//904 1038//904 1078//904
f 1038//905 1037//905 1078//905
f 1037//906 1079//906 1078//906
f 1037//907 1036//907 1079//907
f 1036//908 1035//908 1079//908
f 1035//909 1034//909 1079//909
f 1034//910 1033//910 1079//910
f 1033//911 1065//911 1079//911
f 1054//912 1039//912 1038//912
f 1032//913 1065//913 1033//913
f 1054//914 1040//914 1039//914
f 1031//915 1065//915 1032//915
f 1054//916 1041//916 1040//916
f 1030//917 1065//917 1031//917
f 1053//918 1041//918 1054//918
f 1030//919 1066//919 1065//919
f 1030//920 1067//920 1066//920
f 1030//921 1068//921 1067//921
f 1052//922 1041//922 1053//922
f 1030//923 1069//923 1068//923
f 1052//924 1042//924 1041//924
f 1029//925 1069//925 1030//925
f 1029//926 1070//926 1069//926
f 1051//927 1042//927 1052//927
f 1051//928 1043//928 1042//928
f 1028//929 1070//929 1029//929
f 1050//930 1043//930 1051//930
f 1028//931 1071//931 1070//931
f 1049//932 1043//932 1050//932
f 1049//933 1044//933 1043//933
f 1027//934 1071//934 1028//934
f 1027//935 1072//935 1071//935
f 1048//936 1044//936 1049//936
f 1047//937 1044//937 1048//937
f 1047//938 1045//938 1044//938
f 1026//939 1072//939 1027//939
f 1026//940 1073//940 1072//940
f 1046//941 1045//941 1047//941
f 1117//942 1119//942 1118//942
f 1117//943 1120//943 1119//943
f 1116//944 1120//944 1117//944
f 1116//945 1121//945 1120//945
f 1115//946 1121//946 1116//946
f 1115//947 1122//947 1121//947
f 1114//948 1122//948 1115//948
f 1114//949 1123//949 1122//949
f 1113//950 1123//950 1114//950
f 1113//951 1124//951 1123//951
f 1112//952 1124//952 1113//952
f 1112//953 1125//953 1124//953
f 1111//954 1125//954 1112//954
f 1111//955 1126//955 1125//955
f 1110//956 1151//956 1111//956
f 1151//957 1126//957 1111//957
f 1110//958 1152//958 1151//958
f 1150//959 1126//959 1151//959
f 1110//960 1153//960 1152//960
f 1149//961 1126//961 1150//961
f 1149//962 1127//962 1126//962
f 1110//963 1154//963 1153//963
f 1148//964 1127//964 1149//964
f 1109//965 1154//965 1110//965
f 1109//966 1155//966 1154//966
f 1147//967 1127//967 1148//967
f 1147//968 1128//968 1127//968
f 1109//969 1156//969 1155//969
f 1146//970 1128//970 1147//970
f 1108//971 1156//971 1109//971
f 1108//972 1157//972 1156//972
f 1145//973 1128//973 1146//973
f 1145//974 1129//974 1128//974
f 1107//975 1157//975 1108//975
f 1107//976 1158//976 1157//976
f 1144//977 1129//977 1145//977
f 1144//978 1130//978 1129//978
f 1106//979 1158//979 1107//979
f 1106//980 1159//980 1158//980
f 1143//981 1130//981 1144//981
f 1143//982 1131//982 1130//982
f 1143//983 1132//983 1131//983
f 1143//984 1133//984 1132//984
f 1106//985 1160//985 1159//985
f 1142//986 1133//986 1143//986
f 1142//987 1134//987 1133//987
f 1142//988 1135//988 1134//988
f 1105//989 1160//989 1106//989
f 1142//990 1136//990 1135//990
f 1141//991 1136//991 1142//991
f 1141//992 1137//992 1136//992
f 1141//993 1138//993 1137//993
f 1141//994 1139//994 1138//994
f 1140//995 1139//995 1141//995
f 1179//996 1181//996 1180//996
f 1178//997 1181//997 1179//997
f 1177//998 1181//998 1178//998
f 1177//999 1182//999 1181//999
f 1177//1000 1183//1000 1182//1000
f 1177//1001 1184//1001 1183//1001
f 1177//1002 1185//1002 1184//1002
f 1104//1003 1160//1003 1105//1003
f 1176//1004 1185//1004 1177//1004
f 1176//1005 1186//1005 1185//1005
f 1176//1006 1187//1006 1186//1006
f 1176//1007 1188//1007 1187//1007
f 1104//1008 1161//1008 1160//1008
f 1175//1009 1188//1009 1176//1009
f 1175//1010 1189//1010 1188//1010
f 1175//1011 1190//1011 1189//1011
f 1104//1012 1162//1012 1161//1012
f 1174//1013 1190//1013 1175//1013
f 1103//1014 1162//1014 1104//1014
f 1174//1015 1191//1015 1190//1015
f 1103//1016 1163//1016 1162//1016
f 1173//1017 1191//1017 1174//1017
f 1102//1018 1163//1018 1103//1018
f 1173//1019 1192//1019 1191//1019
f 1102//1020 1164//1020 1163//1020
f 1172//1021 1192//1021 1173//1021
f 1101//1022 1164//1022 1102//1022
f 1101//1023 1165//1023 1164//1023
f 1171//1024 1192//1024 1172//1024
f 1171//1025 1193//1025 1192//1025
f 1101//1026 1166//1026 1165//1026
f 1170//1027 1193//1027 1171//1027
f 1100//1028 1166//1028 1101//1028
f 1100//1029 1167//1029 1166//1029
f 1169//1030 1193//1030 1170//1030
f 1169//1031 1194//1031 1193//1031
f 1100//1032 1168//1032 1167//1032
f 1168//1033 1194//1033 1169//1033
f 1100//1034 1194//1034 1168//1034
f 1099//1035 1194//1035 1100//1035
f 1099//1036 1195//1036 1194//1036
f 1098//1037 1195//1037 1099//1037
f 1098//1038 1196//1038 1195//1038
f 1097//1039 1196//1039 1098//1039
f 1097//1040 1197//1040 1196//1040
f 1096//1041 1197//1041 1097//1041
f 1096//1042 1198//1042 1197//1042
f 1095//1043 1198//1043 1096//1043
f 1095//1044 1199//1044 1198//1044
f 1094//1045 1199//1045 1095//1045
f 1094//1046 1200//1046 1199//1046
f 1093//1047 1200//1047 1094//1047
f 1282//1048 1283//1048 1284//1048
f 1282//1049 1284//1049 1285//1049
f 1281//1050 1282//1050 1285//1050
f 1281//1051 1285//1051 1286//1051
f 1280//1052 1281//1052 1286//1052
f 1280//1053 1286//1053 1287//1053
f 1279//1054 1280//1054 1287//1054
f 1279//1055 1287//1055 1288//1055
f 1278//1056 1279//1056 1288//1056
f 1278//1057 1288//1057 1289//1057
f 1278//1058 1289//1058 1290//1058
f 1277//1059 1278//1059 1290//1059
f 1277//1060 1290//1060 1291//1060
f 1276//1061 1277//1061 1291//1061
f 1276//1062 1291//1062 1292//1062
f 1275//1063 1276//1063 1292//1063
f 1274//1064 1275//1064 1213//1064
f 1213//1065 1275//1065 1212//1065
f 1212//1066 1275//1066 1211//1066
f 1211//1067 1275//1067 1292//1067
f 1211//1068 1292//1068 1210//1068
f 1210//1069 1292//1069 1201//1069
f 1210//1070 1201//1070 1202//1070
f 1210//1071 1202//1071 1203//1071
f 1210//1072 1203//1072 1204//1072
f 1210//1073 1204//1073 1205//1073
f 1210//1074 1205//1074 1206//1074
f 1210//1075 1206//1075 1207//1075
f 1210//1076 1207//1076 1208//1076
f 1210//1077 1208//1077 1209//1077
f 1274//1078 1213//1078 1214//1078
f 1274//1079 1214//1079 1215//1079
f 1274//1080 1215//1080 1216//1080
f 1274//1081 1216//1081 1217//1081
f 1274//1082 1217//1082 1218//1082
f 1274//1083 1218//1083 1219//1083
f 1274//1084 1219//1084 1241//1084
f 1241//1085 1219//1085 1240//1085
f 1240//1086 1219//1086 1239//1086
f 1239//1087 1219//1087 1220//1087
f 1239//1088 1220//1088 1221//1088
f 1239//1089 1221//1089 1222//1089
f 1239//1090 1222//1090 1223//1090
f 1239//1091 1223//1091 1224//1091
f 1239//1092 1224//1092 1225//1092
f 1239//1093 1225//1093 1226//1093
f 1239//1094 1226//1094 1227//1094
f 1239//1095 1227//1095 1228//1095
f 1239//1096 1228//1096 1238//1096
f 1238//1097 1228//1097 1229//1097
f 1238//1098 1229//1098 1230//1098
f 1238//1099 1230//1099 1231//1099
f 1238//1100 1231//1100 1232//1100
f 1238//1101 1232//1101 1233//1101
f 1238//1102 1233//1102 1234//1102
f 1238//1103 1234//1103 1235//1103
f 1238//1104 1235//1104 1236//1104
f 1238//1105 1236//1105 1237//1105
f 1274//1106 1241//1106 1242//1106
f 1274//1107 1242//1107 1243//1107
f 1274//1108 1243//1108 1244//1108
f 1274//1109 1244//1109 1245//1109
f 1274//1110 1245//1110 1246//1110
f 1274//1111 1246//1111 1247//1111
f 1274//1112 1247//1112 1248//1112
f 1274//1113 1248//1113 1249//1113
f 1274//1114 1249//1114 1250//1114
f 1274//1115 1250//1115 1251//1115
f 1274//1116 1251//1116 1252//1116
f 1274//1117 1252//1117 1253//1117
f 1274//1118 1253//1118 1254//1118
f 1274//1119 1254//1119 1255//1119
f 1274//1120 1255//1120 1256//1120
f 1274//1121 1256//1121 1257//1121
f 1273//1122 1274//1122 1257//1122
f 1273//1123 1257//1123 1258//1123
f 1272//1124 1273//1124 1258//1124
f 1272//1125 1258//1125 1259//1125
f 1271//1126 1272//1126 1259//1126
f 1271//1127 1259//1127 1260//1127
f 1270//1128 1271//1128 1260//1128
f 1270//1129 1260//1129 1261//1129
f 1269//1130 1270//1130 1261//1130
f 1269//1131 1261//1131 1262//1131
f 1268//1132 1269//1132 1262//1132
f 1268//1133 1262//1133 1263//1133
f 1267//1134 1268//1134 1263//1134
f 1267//1135 1263//1135 1264//1135
f 1266//1136 1267//1136 1264//1136
f 1266//1137 1264//1137 1265//1137
f 1359//1138 1360//1138 1361//1138
f 1359//1139 1361//1139 1362//1139
f 1300//1140 1301//1140 1302//1140
f 1300//1141 1302//1141 1303//1141
f 1358//1142 1359//1142 1362//1142
f 1299//1143 1300//1143 1303//1143
f 1299//1144 1303//1144 1304//1144
f 1358//1145 1362//1145 1363//1145
f 1357//1146 1358//1146 1363//1146
f 1298//1147 1299//1147 1304//1147
f 1298//1148 1304//1148 1305//1148
f 1356//1149 1357//1149 1363//1149
f 1297//1150 1298//1150 1305//1150
f 1297//1151 1305//1151 1306//1151
f 1356//1152 1363//1152 1364//1152
f 1355//1153 1356//1153 1364//1153
f 1296//1154 1297//1154 1306//1154
f 1296//1155 1306//1155 1307//1155
f 1355//1156 1364//1156 1365//1156
f 1296//1157 1307//1157 1308//1157
f 1354//1158 1355//1158 1365//1158
f 1295//1159 1296//1159 1308//1159
f 1295//1160 1308//1160 1309//1160
f 1353//1161 1354//1161 1365//1161
f 1294//1162 1295//1162 1309//1162
f 1353//1163 1365//1163 1366//1163
f 1294//1164 1309//1164 1310//1164
f 1352//1165 1353//1165 1366//1165
f 1293//1166 1294//1166 1310//1166
f 1351//1167 1352//1167 1332//1167
f 1332//1168 1352//1168 1331//1168
f 1331//1169 1352//1169 1330//1169
f 1330//1170 1352//1170 1329//1170
f 1329//1171 1352//1171 1328//1171
f 1328//1172 1352//1172 1327//1172
f 1327//1173 1352//1173 1326//1173
f 1326//1174 1352//1174 1366//1174
f 1374//1175 1293//1175 1310//1175
f 1374//1176 1310//1176 1311//1176
f 1325//1177 1326//1177 1366//1177
f 1324//1178 1325//1178 1366//1178
f 1351//1179 1332//1179 1333//1179
f 1351//1180 1333//1180 1334//1180
f 1373//1181 1374//1181 1311//1181
f 1372//1182 1373//1182 1311//1182
f 1324//1183 1366//1183 1367//1183
f 1371//1184 1372//1184 1311//1184
f 1324//1185 1367//1185 1368//1185
f 1370//1186 1371//1186 1311//1186
f 1324//1187 1368//1187 1369//1187
f 1369//1188 1370//1188 1311//1188
f 1324//1189 1369//1189 1311//1189
f 1350//1190 1351//1190 1334//1190
f 1350//1191 1334//1191 1335//1191
f 1324//1192 1311//1192 1312//1192
f 1349//1193 1350//1193 1335//1193
f 1349//1194 1335//1194 1336//1194
f 1324//1195 1312//1195 1313//1195
f 1323//1196 1324//1196 1313//1196
f 1348//1197 1349//1197 1336//1197
f 1348//1198 1336//1198 1337//1198
f 1323//1199 1313//1199 1314//1199
f 1347//1200 1348//1200 1337//1200
f 1347//1201 1337//1201 1338//1201
f 1323//1202 1314//1202 1315//1202
f 1322//1203 1323//1203 1315//1203
f 1346//1204 1347//1204 1338//1204
f 1346//1205 1338//1205 1339//1205
f 1322//1206 1315//1206 1316//1206
f 1321//1207 1322//1207 1316//1207
f 1345//1208 1346//1208 1339//1208
f 1345//1209 1339//1209 1340//1209
f 1321//1210 1316//1210 1317//1210
f 1344//1211 1345//1211 1340//1211
f 1344//1212 1340//1212 1341//1212
f 1321//1213 1317//1213 1318//1213
f 1320//1214 1321//1214 1318//1214
f 1343//1215 1344//1215 1341//1215
f 1343//1216 1341//1216 1342//1216
f 1320//1217 1318//1217 1319//1217
f 1391//1218 1392//1218 1393//1218
f 1391//1219 1393//1219 1394//1219
f 1390//1220 1391//1220 1394//1220
f 1390//1221 1394//1221 1395//1221
f 1389//1222 1390//1222 1395//1222
f 1389//1223 1395//1223 1396//1223
f 1388//1224 1389//1224 1396//1224
f 1388//1225 1396//1225 1397//1225
f 1387//1226 1388//1226 1397//1226
f 1387//1227 1397//1227 1398//1227
f 1387//1228 1398//1228 1399//1228
f 1386//1229 1387//1229 1399//1229
f 1386//1230 1399//1230 1400//1230
f 1385//1231 1386//1231 1400//1231
f 1385//1232 1400//1232 1401//1232
f 1384//1233 1385//1233 1401//1233
f 1383//1234 1384//1234 1401//1234
f 1383//1235 1401//1235 1402//1235
f 1382//1236 1383//1236 1402//1236
f 1382//1237 1402//1237 1403//1237
f 1381//1238 1382//1238 1403//1238
f 1381//1239 1403//1239 1404//1239
f 1380//1240 1381//1240 1404//1240
f 1380//1241 1404//1241 1405//1241
f 1379//1242 1380//1242 1405//1242
f 1379//1243 1405//1243 1406//1243
f 1378//1244 1379//1244 1406//1244
f 1378//1245 1406//1245 1407//1245
f 1377//1246 1378//1246 1407//1246
f 1377//1247 1407//1247 1408//1247
f 1376//1248 1377//1248 1408//1248
f 1376//1249 1408//1249 1409//1249
f 1375//1250 1376//1250 1409//1250
f 1375//1251 1409//1251 1410//1251
f 1443//1252 1444//1252 1445//1252
f 1443//1253 1445//1253 1446//1253
f 1442//1254 1443//1254 1446//1254
f 1442//1255 1446//1255 1447//1255
f 1441//1256 1442//1256 1447//1256
f 1441//1257 1447//1257 1448//1257
f 1440//1258 1441//1258 1448//1258
f 1440//1259 1448//1259 1449//1259
f 1439//1260 1440//1260 1476//1260
f 1476//1261 1440//1261 1475//1261
f 1475//1262 1440//1262 1449//1262
f 1475//1263 1449//1263 1474//1263
f 1474//1264 1449//1264 1473//1264
f 1473//1265 1449//1265 1472//1265
f 1472//1266 1449//1266 1471//1266
f 1471//1267 1449//1267 1470//1267
f 1470//1268 1449//1268 1450//1268
f 1439//1269 1476//1269 1477//1269
f 1469//1270 1470//1270 1450//1270
f 1439//1271 1477//1271 1459//1271
f 1468//1272 1469//1272 1450//1272
f 1439//1273 1459//1273 1460//1273
f 1467//1274 1468//1274 1450//1274
f 1439//1275 1460//1275 1461//1275
f 1466//1276 1467//1276 1450//1276
f 1439//1277 1461//1277 1462//1277
f 1465//1278 1466//1278 1450//1278
f 1439//1279 1462//1279 1463//1279
f 1464//1280 1465//1280 1450//1280
f 1439//1281 1463//1281 1423//1281
f 1423//1282 1463//1282 1422//1282
f 1422//1283 1463//1283 1464//1283
f 1422//1284 1464//1284 1421//1284
f 1421//1285 1464//1285 1420//1285
f 1420//1286 1464//1286 1419//1286
f 1419//1287 1464//1287 1418//1287
f 1418//1288 1464//1288 1450//1288
f 1439//1289 1423//1289 1424//1289
f 1417//1290 1418//1290 1450//1290
f 1439//1291 1424//1291 1425//1291
f 1416//1292 1417//1292 1450//1292
f 1439//1293 1425//1293 1426//1293
f 1415//1294 1416//1294 1450//1294
f 1438//1295 1439//1295 1426//1295
f 1415//1296 1450//1296 1451//1296
f 1415//1297 1451//1297 1452//1297
f 1415//1298 1452//1298 1453//1298
f 1437//1299 1438//1299 1426//1299
f 1415//1300 1453//1300 1454//1300
f 1437//1301 1426//1301 1427//1301
f 1414//1302 1415//1302 1454//1302
f 1414//1303 1454//1303 1455//1303
f 1436//1304 1437//1304 1427//1304
f 1436//1305 1427//1305 1428//1305
f 1413//1306 1414//1306 1455//1306
f 1435//1307 1436//1307 1428//1307
f 1413//1308 1455//1308 1456//1308
f 1434//1309 1435//1309 1428//1309
f 1434//1310 1428//1310 1429//1310
f 1412//1311 1413//1311 1456//1311
f 1412//1312 1456//1312 1457//1312
f 1433//1313 1434//1313 1429//1313
f 1432//1314 1433//1314 1429//1314
f 1432//1315 1429//1315 1430//1315
f 1411//1316 1412//1316 1457//1316
f 1411//1317 1457//1317 1458//1317
f 1431//1318 1432//1318 1430//1318
f 1540//1319 1541//1319 1478//1319
f 1540//1320 1478//1320 1479//1320
f 1539//1321 1540//1321 1479//1321
f 1539//1322 1479//1322 1480//1322
f 1538//1323 1539//1323 1480//1323
f 1538//1324 1480//1324 1481//1324
f 1537//1325 1538//1325 1481//1325
f 1537//1326 1481//1326 1482//1326
f 1536//1327 1537//1327 1482//1327
f 1536//1328 1482//1328 1483//1328
f 1536//1329 1483//1329 1484//1329
f 1535//1330 1536//1330 1484//1330
f 1535//1331 1484//1331 1485//1331
f 1534//1332 1535//1332 1485//1332
f 1534//1333 1485//1333 1486//1333
f 1533//1334 1534//1334 1486//1334
f 1532//1335 1533//1335 1486//1335
f 1532//1336 1486//1336 1487//1336
f 1531//1337 1532//1337 1487//1337
f 1531//1338 1487//1338 1488//1338
f 1530//1339 1531//1339 1488//1339
f 1530//1340 1488//1340 1489//1340
f 1529//1341 1530//1341 1489//1341
f 1529//1342 1489//1342 1490//1342
f 1528//1343 1529//1343 1490//1343
f 1528//1344 1490//1344 1491//1344
f 1527//1345 1528//1345 1491//1345
f 1527//1346 1491//1346 1492//1346
f 1526//1347 1527//1347 1492//1347
f 1526//1348 1492//1348 1493//1348
f 1525//1349 1526//1349 1493//1349
f 1525//1350 1493//1350 1494//1350
f 1524//1351 1525//1351 1494//1351
f 1524//1352 1494//1352 1495//1352
f 1523//1353 1524//1353 1495//1353
f 1522//1354 1523//1354 1496//1354
f 1496//1355 1523//1355 1495//1355
f 1522//1356 1496//1356 1497//1356
f 1521//1357 1522//1357 1497//1357
f 1521//1358 1497//1358 1498//1358
f 1520//1359 1521//1359 1498//1359
f 1520//1360 1498//1360 1499//1360
f 1519//1361 1520//1361 1499//1361
f 1519//1362 1499//1362 1500//1362
f 1518//1363 1519//1363 1500//1363
f 1518//1364 1500//1364 1501//1364
f 1517//1365 1518//1365 1501//1365
f 1517//1366 1501//1366 1502//1366
f 1516//1367 1517//1367 1502//1367
f 1516//1368 1502//1368 1503//1368
f 1515//1369 1516//1369 1503//1369
f 1515//1370 1503//1370 1504//1370
f 1514//1371 1515//1371 1504//1371
f 1514//1372 1504//1372 1505//1372
f 1513//1373 1514//1373 1505//1373
f 1513//1374 1505//1374 1506//1374
f 1512//1375 1513//1375 1506//1375
f 1512//1376 1506//1376 1507//1376
f 1511//1377 1512//1377 1507//1377
f 1511//1378 1507//1378 1508//1378
f 1510//1379 1511//1379 1508//1379
f 1510//1380 1508//1380 1509//1380
f 1558//1381 1559//1381 1560//1381
f 1558//1382 1560//1382 1561//1382
f 1557//1383 1558//1383 1561//1383
f 1557//1384 1561//1384 1562//1384
f 1556//1385 1557//1385 1562//1385
f 1556//1386 1562//1386 1563//1386
f 1555//1387 1556//1387 1563//1387
f 1555//1388 1563//1388 1564//1388
f 1554//1389 1555//1389 1564//1389
f 1554//1390 1564//1390 1565//1390
f 1554//1391 1565//1391 1566//1391
f 1553//1392 1554//1392 1566//1392
f 1553//1393 1566//1393 1567//1393
f 1552//1394 1553//1394 1567//1394
f 1552//1395 1567//1395 1568//1395
f 1551//1396 1552//1396 1568//1396
f 1550//1397 1551//1397 1568//1397
f 1550//1398 1568//1398 1569//1398
f 1549//1399 1550//1399 1569//1399
f 1549//1400 1569//1400 1570//1400
f 1548//1401 1549//1401 1570//1401
f 1548//1402 1570//1402 1571//1402
f 1547//1403 1548//1403 1571//1403
f 1547//1404 1571//1404 1572//1404
f 1546//1405 1547//1405 1572//1405
f 1546//1406 1572//1406 1573//1406
f 1545//1407 1546//1407 1573//1407
f 1545//1408 1573//1408 1574//1408
f 1544//1409 1545//1409 1574//1409
f 1544//1410 1574//1410 1575//1410
f 1543//1411 1544//1411 1575//1411
f 1543//1412 1575//1412 1576//1412
f 1542//1413 1543//1413 1576//1413
f 1542//1414 1576//1414 1577//1414
f 1633//1415 1634//1415 1578//1415
f 1633//1416 1578//1416 1579//1416
f 1632//1417 1633//1417 1579//1417
f 1631//1418 1632//1418 1579//1418
f 1631//1419 1579//1419 1580//1419
f 1630//1420 1631//1420 1580//1420
f 1629//1421 1630//1421 1580//1421
f 1628//1422 1629//1422 1580//1422
f 1628//1423 1580//1423 1581//1423
f 1627//1424 1628//1424 1581//1424
f 1626//1425 1627//1425 1581//1425
f 1625//1426 1626//1426 1655//1426
f 1655//1427 1626//1427 1654//1427
f 1654//1428 1626//1428 1653//1428
f 1653//1429 1626//1429 1581//1429
f 1653//1430 1581//1430 1582//1430
f 1653//1431 1582//1431 1583//1431
f 1653//1432 1583//1432 1652//1432
f 1652//1433 1583//1433 1584//1433
f 1652//1434 1584//1434 1585//1434
f 1652//1435 1585//1435 1586//1435
f 1652//1436 1586//1436 1651//1436
f 1651//1437 1586//1437 1650//1437
f 1650//1438 1586//1438 1587//1438
f 1649//1439 1650//1439 1587//1439
f 1625//1440 1655//1440 1656//1440
f 1625//1441 1656//1441 1657//1441
f 1648//1442 1649//1442 1587//1442
f 1647//1443 1648//1443 1587//1443
f 1647//1444 1587//1444 1588//1444
f 1646//1445 1647//1445 1588//1445
f 1645//1446 1646//1446 1588//1446
f 1645//1447 1588//1447 1589//1447
f 1644//1448 1645//1448 1589//1448
f 1644//1449 1589//1449 1590//1449
f 1643//1450 1644//1450 1590//1450
f 1643//1451 1590//1451 1591//1451
f 1642//1452 1643//1452 1591//1452
f 1641//1453 1642//1453 1591//1453
f 1641//1454 1591//1454 1592//1454
f 1640//1455 1641//1455 1592//1455
f 1640//1456 1592//1456 1593//1456
f 1639//1457 1640//1457 1593//1457
f 1638//1458 1639//1458 1593//1458
f 1638//1459 1593//1459 1594//1459
f 1637//1460 1638//1460 1594//1460
f 1636//1461 1637//1461 1594//1461
f 1625//1462 1657//1462 1658//1462
f 1636//1463 1594//1463 1595//1463
f 1625//1464 1658//1464 1659//1464
f 1635//1465 1636//1465 1595//1465
f 1625//1466 1659//1466 1660//1466
f 1625//1467 1660//1467 1661//1467
f 1625//1468 1661//1468 1606//1468
f 1606//1469 1661//1469 1605//1469
f 1605//1470 1661//1470 1635//1470
f 1605//1471 1635//1471 1604//1471
f 1604//1472 1635//1472 1595//1472
f 1604//1473 1595//1473 1596//1473
f 1604//1474 1596//1474 1603//1474
f 1603//1475 1596//1475 1597//1475
f 1603//1476 1597//1476 1598//1476
f 1603//1477 1598//1477 1599//1477
f 1603//1478 1599//1478 1600//1478
f 1603//1479 1600//1479 1601//1479
f 1603//1480 1601//1480 1602//1480
f 1625//1481 1606//1481 1607//1481
f 1625//1482 1607//1482 1608//1482
f 1624//1483 1625//1483 1608//1483
f 1624//1484 1608//1484 1609//1484
f 1623//1485 1624//1485 1609//1485
f 1623//1486 1609//1486 1610//1486
f 1622//1487 1623//1487 1610//1487
f 1622//1488 1610//1488 1611//1488
f 1621//1489 1622//1489 1611//1489
f 1621//1490 1611//1490 1612//1490
f 1620//1491 1621//1491 1612//1491
f 1620//1492 1612//1492 1613//1492
f 1619//1493 1620//1493 1613//1493
f 1619//1494 1613//1494 1614//1494
f 1618//1495 1619//1495 1614//1495
f 1618//1496 1614//1496 1615//1496
f 1617//1497 1618//1497 1615//1497
f 1617//1498 1615//1498 1616//1498
f 1694//1499 1695//1499 1696//1499
f 1694//1500 1696//1500 1697//1500
f 1693//1501 1694//1501 1697//1501
f 1693//1502 1697//1502 1698//1502
f 1692//1503 1693//1503 1698//1503
f 1692//1504 1698//1504 1699//1504
f 1691//1505 1692//1505 1699//1505
f 1691//1506 1699//1506 1700//1506
f 1690//1507 1691//1507 1727//1507
f 1727//1508 1691//1508 1726//1508
f 1726//1509 1691//1509 1700//1509
f 1726//1510 1700//1510 1725//1510
f 1725//1511 1700//1511 1724//1511
f 1724//1512 1700//1512 1723//1512
f 1723//1513 1700//1513 1722//1513
f 1722//1514 1700//1514 1721//1514
f 1721//1515 1700//1515 1701//1515
f 1690//1516 1727//1516 1728//1516
f 1720//1517 1721//1517 1701//1517
f 1690//1518 1728//1518 1710//1518
f 1719//1519 1720//1519 1701//1519
f 1690//1520 1710//1520 1711//1520
f 1718//1521 1719//1521 1701//1521
f 1690//1522 1711//1522 1712//1522
f 1717//1523 1718//1523 1701//1523
f 1690//1524 1712//1524 1713//1524
f 1716//1525 1717//1525 1701//1525
f 1690//1526 1713//1526 1714//1526
f 1715//1527 1716//1527 1701//1527
f 1690//1528 1714//1528 1674//1528
f 1674//1529 1714//1529 1673//1529
f 1673//1530 1714//1530 1715//1530
f 1673//1531 1715//1531 1672//1531
f 1672//1532 1715//1532 1671//1532
f 1671//1533 1715//1533 1670//1533
f 1670//1534 1715//1534 1669//1534
f 1669//1535 1715//1535 1701//1535
f 1690//1536 1674//1536 1675//1536
f 1668//1537 1669//1537 1701//1537
f 1690//1538 1675//1538 1676//1538
f 1667//1539 1668//1539 1701//1539
f 1690//1540 1676//1540 1677//1540
f 1666//1541 1667//1541 1701//1541
f 1689//1542 1690//1542 1677//1542
f 1666//1543 1701//1543 1702//1543
f 1666//1544 1702//1544 1703//1544
f 1666//1545 1703//1545 1704//1545
f 1688//1546 1689//1546 1677//1546
f 1666//1547 1704//1547 1705//1547
f 1688//1548 1677//1548 1678//1548
f 1665//1549 1666//1549 1705//1549
f 1665//1550 1705//1550 1706//1550
f 1687//1551 1688//1551 1678//1551
f 1687//1552 1678//1552 1679//1552
f 1664//1553 1665//1553 1706//1553
f 1686//1554 1687//1554 1679//1554
f 1664//1555 1706//1555 1707//1555
f 1685//1556 1686//1556 1679//1556
f 1685//1557 1679//1557 1680//1557
f 1663//1558 1664//1558 1707//1558
f 1663//1559 1707//1559 1708//1559
f 1684//1560 1685//1560 1680//1560
f 1683//1561 1684//1561 1680//1561
f 1683//1562 1680//1562 1681//1562
f 1662//1563 1663//1563 1708//1563
f 1662//1564 1708//1564 1709//1564
f 1682//1565 1683//1565 1681//1565
f 1753//1566 1754//1566 1755//1566
f 1753//1567 1755//1567 1756//1567
f 1752//1568 1753//1568 1756//1568
f 1752//1569 1756//1569 1757//1569
f 1751//1570 1752//1570 1757//1570
f 1751//1571 1757//1571 1758//1571
f 1750//1572 1751//1572 1758//1572
f 1750//1573 1758//1573 1759//1573
f 1749//1574 1750//1574 1759//1574
f 1749//1575 1759//1575 1760//1575
f 1748//1576 1749//1576 1760//1576
f 1748//1577 1760//1577 1761//1577
f 1747//1578 1748//1578 1761//1578
f 1747//1579 1761//1579 1762//1579
f 1746//1580 1747//1580 1787//1580
f 1787//1581 1747//1581 1762//1581
f 1746//1582 1787//1582 1788//1582
f 1786//1583 1787//1583 1762//1583
f 1746//1584 1788//1584 1789//1584
f 1785//1585 1786//1585 1762//1585
f 1785//1586 1762//1586 1763//1586
f 1746//1587 1789//1587 1790//1587
f 1784//1588 1785//1588 1763//1588
f 1745//1589 1746//1589 1790//1589
f 1745//1590 1790//1590 1791//1590
f 1783//1591 1784//1591 1763//1591
f 1783//1592 1763//1592 1764//1592
f 1745//1593 1791//1593 1792//1593
f 1782//1594 1783//1594 1764//1594
f 1744//1595 1745//1595 1792//1595
f 1744//1596 1792//1596 1793//1596
f 1781//1597 1782//1597 1764//1597
f 1781//1598 1764//1598 1765//1598
f 1743//1599 1744//1599 1793//1599
f 1743//1600 1793//1600 1794//1600
f 1780//1601 1781//1601 1765//1601
f 1780//1602 1765//1602 1766//1602
f 1742//1603 1743//1603 1794//1603
f 1742//1604 1794//1604 1795//1604
f 1779//1605 1780//1605 1766//1605
f 1779//1606 1766//1606 1767//1606
f 1779//1607 1767//1607 1768//1607
f 1779//1608 1768//1608 1769//1608
f 1742//1609 1795//1609 1796//1609
f 1778//1610 1779//1610 1769//1610
f 1778//1611 1769//1611 1770//1611
f 1778//1612 1770//1612 1771//1612
f 1741//1613 1742//1613 1796//1613
f 1778//1614 1771//1614 1772//1614
f 1777//1615 1778//1615 1772//1615
f 1777//1616 1772//1616 1773//1616
f 1777//1617 1773//1617 1774//1617
f 1777//1618 1774//1618 1775//1618
f 1776//1619 1777//1619 1775//1619
f 1815//1620 1816//1620 1817//1620
f 1814//1621 1815//1621 1817//1621
f 1813//1622 1814//1622 1817//1622
f 1813//1623 1817//1623 1818//1623
f 1813//1624 1818//1624 1819//1624
f 1813//1625 1819//1625 1820//1625
f 1813//1626 1820//1626 1821//1626
f 1740//1627 1741//1627 1796//1627
f 1812//1628 1813//1628 1821//1628
f 1812//1629 1821//1629 1822//1629
f 1812//1630 1822//1630 1823//1630
f 1812//1631 1823//1631 1824//1631
f 1740//1632 1796//1632 1797//1632
f 1811//1633 1812//1633 1824//1633
f 1811//1634 1824//1634 1825//1634
f 1811//1635 1825//1635 1826//1635
f 1740//1636 1797//1636 1798//1636
f 1810//1637 1811//1637 1826//1637
f 1739//1638 1740//1638 1798//1638
f 1810//1639 1826//1639 1827//1639
f 1739//1640 1798//1640 1799//1640
f 1809//1641 1810//1641 1827//1641
f 1738//1642 1739//1642 1799//1642
f 1809//1643 1827//1643 1828//1643
f 1738//1644 1799//1644 1800//1644
f 1808//1645 1809//1645 1828//1645
f 1737//1646 1738//1646 1800//1646
f 1737//1647 1800//1647 1801//1647
f 1807//1648 1808//1648 1828//1648
f 1807//1649 1828//1649 1829//1649
f 1737//1650 1801//1650 1802//1650
f 1806//1651 1807//1651 1829//1651
f 1736//1652 1737//1652 1802//1652
f 1736//1653 1802//1653 1803//1653
f 1805//1654 1806//1654 1829//1654
f 1805//1655 1829//1655 1830//1655
f 1736//1656 1803//1656 1804//1656
f 1804//1657 1805//1657 1830//1657
f 1736//1658 1804//1658 1830//1658
f 1735//1659 1736//1659 1830//1659
f 1735//1660 1830//1660 1831//1660
f 1734//1661 1735//1661 1831//1661
f 1734//1662 1831//1662 1832//1662
f 1733//1663 1734//1663 1832//1663
f 1733//1664 1832//1664 1833//1664
f 1732//1665 1733//1665 1833//1665
f 1732//1666 1833//1666 1834//1666
f 1731//1667 1732//1667 1834//1667
f 1731//1668 1834//1668 1835//1668
f 1730//1669 1731//1669 1835//1669
f 1730//1670 1835//1670 1836//1670
f 1729//1671 1730//1671 1836//1671
f 1840//1672 1837//1672 1838//1672
f 1842//1673 1839//1673 1840//1673
f 1844//1674 1841//1674 1842//1674
f 1846//1675 1843//1675 1844//1675
f 1848//1676 1845//1676 1846//1676
f 1850//1677 1847//1677 1848//1677
f 1852//1678 1849//1678 1850//1678
f 1854//1679 1851//1679 1852//1679
f 1856//1680 1853//1680 1854//1680
f 1858//1681 1855//1681 1856//1681
f 1860//1682 1857//1682 1858//1682
f 1862//1683 1859//1683 1860//1683
f 1864//1684 1861//1684 1862//1684
f 1866//1685 1863//1685 1864//1685
f 1868//1686 1865//1686 1866//1686
f 1870//1687 1867//1687 1868//1687
f 1872//1688 1869//1688 1870//1688
f 1874//1689 1871//1689 1872//1689
f 1876//1690 1873//1690 1874//1690
f 1878//1691 1875//1691 1876//1691
f 1880//1692 1877//1692 1878//1692
f 1882//1693 1879//1693 1880//1693
f 1884//1694 1881//1694 1882//1694
f 1886//1695 1883//1695 1884//1695
f 1888//1696 1885//1696 1886//1696
f 1890//1697 1887//1697 1888//1697
f 1892//1698 1889//1698 1890//1698
f 1894//1699 1891//1699 1892//1699
f 1896//1700 1893//1700 1894//1700
f 1898//1701 1895//1701 1896//1701
f 1900//1702 1897//1702 1898//1702
f 1902//1703 1899//1703 1900//1703
f 1904//1704 1901//1704 1902//1704
f 1906//1705 1903//1705 1904//1705
f 1908//1706 1905//1706 1906//1706
f 1910//1707 1907//1707 1908//1707
f 1912//1708 1909//1708 1910//1708
f 1914//1709 1911//1709 1912//1709
f 1916//1710 1913//1710 1914//1710
f 1918//1711 1915//1711 1916//1711
f 1920//1712 1917//1712 1918//1712
f 1922//1713 1919//1713 1920//1713
f 1924//1714 1921//1714 1922//1714
f 1926//1715 1923//1715 1924//1715
f 1928//1716 1925//1716 1926//1716
f 1930//1717 1927//1717 1928//1717
f 1932//1718 1929//1718 1930//1718
f 1934//1719 1931//1719 1932//1719
f 1936//1720 1933//1720 1934//1720
f 1938//1721 1935//1721 1936//1721
f 1940//1722 1937//1722 1938//1722
f 1942//1723 1939//1723 1940//1723
f 1944//1724 1941//1724 1942//1724
f 1946//1725 1943//1725 1944//1725
f 1948//1726 1945//1726 1946//1726
f 1950//1727 1947//1727 1948//1727
f 1952//1728 1949//1728 1950//1728
f 1954//1729 1951//1729 1952//1729
f 1956//1730 1953//1730 1954//1730
f 1958//1731 1955//1731 1956//1731
f 1960//1732 1957//1732 1958//1732
f 1962//1733 1959//1733 1960//1733
f 1964//1734 1961//1734 1962//1734
f 1966//1735 1963//1735 1964//1735
f 1968//1736 1965//1736 1966//1736
f 1970//1737 1967//1737 1968//1737
f 1972//1738 1969//1738 1970//1738
f 1974//1739 1971//1739 1972//1739
f 1976//1740 1973//1740 1974//1740
f 1978//1741 1975//1741 1976//1741
f 1980//1742 1977//1742 1978//1742
f 1982//1743 1979//1743 1980//1743
f 1984//1744 1981//1744 1982//1744
f 1986//1745 1983//1745 1984//1745
f 1988//1746 1985//1746 1986//1746
f 1990//1747 1987//1747 1988//1747
f 1992//1748 1989//1748 1990//1748
f 1994//1749 1991//1749 1992//1749
f 1996//1750 1993//1750 1994//1750
f 1998//1751 1995//1751 1996//1751
f 2000//1752 1997//1752 1998//1752
f 2002//1753 1999//1753 2000//1753
f 2004//1754 2001//1754 2002//1754
f 2006//1755 2003//1755 2004//1755
f 2008//1756 2005//1756 2006//1756
f 2010//1757 2007//1757 2008//1757
f 2012//1758 2009//1758 2010//1758
f 2014//1759 2011//1759 2012//1759
f 2016//1760 2013//1760 2014//1760
f 2018//1761 2015//1761 2016//1761
f 2020//1762 2017//1762 2018//1762
f 2022//1763 2019//1763 2020//1763
f 2024//1764 2021//1764 2022//1764
f 2026//1765 2023//1765 2024//1765
f 2028//1766 2025//1766 2026//1766
f 2030//1767 2027//1767 2028//1767
f 2032//1768 2029//1768 2030//1768
f 2034//1769 2031//1769 2032//1769
f 2036//1770 2033//1770 2034//1770
f 2038//1771 2035//1771 2036//1771
f 2040//1772 2037//1772 2038//1772
f 2042//1773 2039//1773 2040//1773
f 2044//1774 2041//1774 2042//1774
f 2046//1775 2043//1775 2044//1775
f 2048//1776 2045//1776 2046//1776
f 2050//1777 2047//1777 2048//1777
f 2052//1778 2049//1778 2050//1778
f 1838//1779 2051//1779 2052//1779
f 2056//1780 2053//1780 2054//1780
f 2058//1781 2055//1781 2056//1781
f 2060//1782 2057//1782 2058//1782
f 2062//1783 2059//1783 2060//1783
f 2064//1784 2061//1784 2062//1784
f 2066//1785 2063//1785 2064//1785
f 2068//1786 2065//1786 2066//1786
f 2070//1787 2067//1787 2068//1787
f 2072//1788 2069//1788 2070//1788
f 2074//1789 2071//1789 2072//1789
f 2076//1790 2073//1790 2074//1790
f 2078//1791 2075//1791 2076//1791
f 2080//1792 2077//1792 2078//1792
f 2082//1793 2079//1793 2080//1793
f 2084//1794 2081//1794 2082//1794
f 2086//1795 2083//1795 2084//1795
f 2088//1796 2085//1796 2086//1796
f 2090//1797 2087//1797 2088//1797
f 2092//1798 2089//1798 2090//1798
f 2094//1799 2091//1799 2092//1799
f 2096//1800 2093//1800 2094//1800
f 2098//1801 2095//1801 2096//1801
f 2100//1802 2097//1802 2098//1802
f 2102//1803 2099//1803 2100//1803
f 2104//1804 2101//1804 2102//1804
f 2106//1805 2103//1805 2104//1805
f 2108//1806 2105//1806 2106//1806
f 2110//1807 2107//1807 2108//1807
f 2112//1808 2109//1808 2110//1808
f 2114//1809 2111//1809 2112//1809
f 2116//1810 2113//1810 2114//1810
f 2118//1811 2115//1811 2116//1811
f 2120//1812 2117//1812 2118//1812
f 2122//1813 2119//1813 2120//1813
f 2124//1814 2121//1814 2122//1814
f 2126//1815 2123//1815 2124//1815
f 2128//1816 2125//1816 2126//1816
f 2130//1817 2127//1817 2128//1817
f 2132//1818 2129//1818 2130//1818
f 2134//1819 2131//1819 2132//1819
f 2136//1820 2133//1820 2134//1820
f 2138//1821 2135//1821 2136//1821
f 2140//1822 2137//1822 2138//1822
f 2142//1823 2139//1823 2140//1823
f 2144//1824 2141//1824 2142//1824
f 2146//1825 2143//1825 2144//1825
f 2148//1826 2145//1826 2146//1826
f 2054//1827 2147//1827 2148//1827
f 2152//1828 2149//1828 2150//1828
f 2154//1829 2151//1829 2152//1829
f 2156//1830 2153//1830 2154//1830
f 2158//1831 2155//1831 2156//1831
f 2160//1832 2157//1832 2158//1832
f 2162//1833 2159//1833 2160//1833
f 2164//1834 2161//1834 2162//1834
f 2166//1835 2163//1835 2164//1835
f 2168//1836 2165//1836 2166//1836
f 2170//1837 2167//1837 2168//1837
f 2172//1838 2169//1838 2170//1838
f 2174//1839 2171//1839 2172//1839
f 2176//1840 2173//1840 2174//1840
f 2178//1841 2175//1841 2176//1841
f 2180//1842 2177//1842 2178//1842
f 2182//1843 2179//1843 2180//1843
f 2184//1844 2181//1844 2182//1844
f 2186//1845 2183//1845 2184//1845
f 2150//1846 2185//1846 2186//1846
f 2190//1847 2187//1847 2188//1847
f 2192//1848 2189//1848 2190//1848
f 2194//1849 2191//1849 2192//1849
f 2196//1850 2193//1850 2194//1850
f 2198//1851 2195//1851 2196//1851
f 2200//1852 2197//1852 2198//1852
f 2202//1853 2199//1853 2200//1853
f 2204//1854 2201//1854 2202//1854
f 2206//1855 2203//1855 2204//1855
f 2208//1856 2205//1856 2206//1856
f 2210//1857 2207//1857 2208//1857
f 2212//1858 2209//1858 2210//1858
f 2214//1859 2211//1859 2212//1859
f 2216//1860 2213//1860 2214//1860
f 2218//1861 2215//1861 2216//1861
f 2220//1862 2217//1862 2218//1862
f 2222//1863 2219//1863 2220//1863
f 2224//1864 2221//1864 2222//1864
f 2226//1865 2223//1865 2224//1865
f 2228//1866 2225//1866 2226//1866
f 2230//1867 2227//1867 2228//1867
f 2232//1868 2229//1868 2230//1868
f 2234//1869 2231//1869 2232//1869
f 2236//1870 2233//1870 2234//1870
f 2238//1871 2235//1871 2236//1871
f 2240//1872 2237//1872 2238//1872
f 2242//1873 2239//1873 2240//1873
f 2244//1874 2241//1874 2242//1874
f 2246//1875 2243//1875 2244//1875
f 2248//1876 2245//1876 2246//1876
f 2250//1877 2247//1877 2248//1877
f 2252//1878 2249//1878 2250//1878
f 2254//1879 2251//1879 2252//1879
f 2256//1880 2253//1880 2254//1880
f 2258//1881 2255//1881 2256//1881
f 2260//1882 2257//1882 2258//1882
f 2262//1883 2259//1883 2260//1883
f 2264//1884 2261//1884 2262//1884
f 2266//1885 2263//1885 2264//1885
f 2268//1886 2265//1886 2266//1886
f 2270//1887 2267//1887 2268//1887
f 2272//1888 2269//1888 2270//1888
f 2274//1889 2271//1889 2272//1889
f 2276//1890 2273//1890 2274//1890
f 2278//1891 2275//1891 2276//1891
f 2280//1892 2277//1892 2278//1892
f 2282//1893 2279//1893 2280//1893
f 2284//1894 2281//1894 2282//1894
f 2286//1895 2283//1895 2284//1895
f 2288//1896 2285//1896 2286//1896
f 2290//1897 2287//1897 2288//1897
f 2292//1898 2289//1898 2290//1898
f 2294//1899 2291//1899 2292//1899
f 2296//1900 2293//1900 2294//1900
f 2298//1901 2295//1901 2296//1901
f 2300//1902 2297//1902 2298//1902
f 2188//1903 2299//1903 2300//1903
f 2304//1904 2301//1904 2302//1904
f 2306//1905 2303//1905 2304//1905
f 2308//1906 2305//1906 2306//1906
f 2310//1907 2307//1907 2308//1907
f 2312//1908 2309//1908 2310//1908
f 2314//1909 2311//1909 2312//1909
f 2316//1910 2313//1910 2314//1910
f 2318//1911 2315//1911 2316//1911
f 2320//1912 2317//1912 2318//1912
f 2322//1913 2319//1913 2320//1913
f 2324//1914 2321//1914 2322//1914
f 2326//1915 2323//1915 2324//1915
f 2328//1916 2325//1916 2326//1916
f 2330//1917 2327//1917 2328//1917
f 2332//1918 2329//1918 2330//1918
f 2334//1919 2331//1919 2332//1919
f 2336//1920 2333//1920 2334//1920
f 2338//1921 2335//1921 2336//1921
f 2340//1922 2337//1922 2338//1922
f 2342//1923 2339//1923 2340//1923
f 2344//1924 2341//1924 2342//1924
f 2346//1925 2343//1925 2344//1925
f 2348//1926 2345//1926 2346//1926
f 2350//1927 2347//1927 2348//1927
f 2352//1928 2349//1928 2350//1928
f 2354//1929 2351//1929 2352//1929
f 2302//1930 2353//1930 2354//1930
f 2358//1931 2355//1931 2356//1931
f 2360//1932 2357//1932 2358//1932
f 2362//1933 2359//1933 2360//1933
f 2364//1934 2361//1934 2362//1934
f 2366//1935 2363//1935 2364//1935
f 2368//1936 2365//1936 2366//1936
f 2370//1937 2367//1937 2368//1937
f 2372//1938 2369//1938 2370//1938
f 2374//1939 2371//1939 2372//1939
f 2376//1940 2373//1940 2374//1940
f 2378//1941 2375//1941 2376//1941
f 2380//1942 2377//1942 2378//1942
f 2382//1943 2379//1943 2380//1943
f 2384//1944 2381//1944 2382//1944
f 2386//1945 2383//1945 2384//1945
f 2388//1946 2385//1946 2386//1946
f 2390//1947 2387//1947 2388//1947
f 2392//1948 2389//1948 2390//1948
f 2394//1949 2391//1949 2392//1949
f 2396//1950 2393//1950 2394//1950
f 2398//1951 2395//1951 2396//1951
f 2400//1952 2397//1952 2398//1952
f 2402//1953 2399//1953 2400//1953
f 2404//1954 2401//1954 2402//1954
f 2406//1955 2403//1955 2404//1955
f 2408//1956 2405//1956 2406//1956
f 2410//1957 2407//1957 2408//1957
f 2412//1958 2409//1958 2410//1958
f 2414//1959 2411//1959 2412//1959
f 2416//1960 2413//1960 2414//1960
f 2418//1961 2415//1961 2416//1961
f 2420//1962 2417//1962 2418//1962
f 2422//1963 2419//1963 2420//1963
f 2424//1964 2421//1964 2422//1964
f 2426//1965 2423//1965 2424//1965
f 2356//1966 2425//1966 2426//1966
f 2430//1967 2427//1967 2428//1967
f 2432//1968 2429//1968 2430//1968
f 2434//1969 2431//1969 2432//1969
f 2436//1970 2433//1970 2434//1970
f 2438//1971 2435//1971 2436//1971
f 2440//1972 2437//1972 2438//1972
f 2442//1973 2439//1973 2440//1973
f 2444//1974 2441//1974 2442//1974
f 2446//1975 2443//1975 2444//1975
f 2448//1976 2445//1976 2446//1976
f 2450//1977 2447//1977 2448//1977
f 2452//1978 2449//1978 2450//1978
f 2454//1979 2451//1979 2452//1979
f 2456//1980 2453//1980 2454//1980
f 2458//1981 2455//1981 2456//1981
f 2460//1982 2457//1982 2458//1982
f 2462//1983 2459//1983 2460//1983
f 2464//1984 2461//1984 2462//1984
f 2466//1985 2463//1985 2464//1985
f 2468//1986 2465//1986 2466//1986
f 2470//1987 2467//1987 2468//1987
f 2472//1988 2469//1988 2470//1988
f 2474//1989 2471//1989 2472//1989
f 2476//1990 2473//1990 2474//1990
f 2478//1991 2475//1991 2476//1991
f 2480//1992 2477//1992 2478//1992
f 2482//1993 2479//1993 2480//1993
f 2484//1994 2481//1994 2482//1994
f 2486//1995 2483//1995 2484//1995
f 2488//1996 2485//1996 2486//1996
f 2490//1997 2487//1997 2488//1997
f 2492//1998 2489//1998 2490//1998
f 2494//1999 2491//1999 2492//1999
f 2496//2000 2493//2000 2494//2000
f 2498//2001 2495//2001 2496//2001
f 2500//2002 2497//2002 2498//2002
f 2502//2003 2499//2003 2500//2003
f 2504//2004 2501//2004 2502//2004
f 2506//2005 2503//2005 2504//2005
f 2508//2006 2505//2006 2506//2006
f 2510//2007 2507//2007 2508//2007
f 2512//2008 2509//2008 2510//2008
f 2514//2009 2511//2009 2512//2009
f 2516//2010 2513//2010 2514//2010
f 2518//2011 2515//2011 2516//2011
f 2520//2012 2517//2012 2518//2012
f 2522//2013 2519//2013 2520//2013
f 2524//2014 2521//2014 2522//2014
f 2526//2015 2523//2015 2524//2015
f 2528//2016 2525//2016 2526//2016
f 2530//2017 2527//2017 2528//2017
f 2532//2018 2529//2018 2530//2018
f 2534//2019 2531//2019 2532//2019
f 2536//2020 2533//2020 2534//2020
f 2538//2021 2535//2021 2536//2021
f 2540//2022 2537//2022 2538//2022
f 2542//2023 2539//2023 2540//2023
f 2544//2024 2541//2024 2542//2024
f 2546//2025 2543//2025 2544//2025
f 2548//2026 2545//2026 2546//2026
f 2550//2027 2547//2027 2548//2027
f 2552//2028 2549//2028 2550//2028
f 2554//2029 2551//2029 2552//2029
f 2428//2030 2553//2030 2554//2030
f 2558//2031 2555//2031 2556//2031
f 2560//2032 2557//2032 2558//2032
f 2562//2033 2559//2033 2560//2033
f 2564//2034 2561//2034 2562//2034
f 2566//2035 2563//2035 2564//2035
f 2568//2036 2565//2036 2566//2036
f 2570//2037 2567//2037 2568//2037
f 2572//2038 2569//2038 2570//2038
f 2574//2039 2571//2039 2572//2039
f 2576//2040 2573//2040 2574//2040
f 2578//2041 2575//2041 2576//2041
f 2580//2042 2577//2042 2578//2042
f 2582//2043 2579//2043 2580//2043
f 2584//2044 2581//2044 2582//2044
f 2586//2045 2583//2045 2584//2045
f 2588//2046 2585//2046 2586//2046
f 2590//2047 2587//2047 2588//2047
f 2592//2048 2589//2048 2590//2048
f 2594//2049 2591//2049 2592//2049
f 2596//2050 2593//2050 2594//2050
f 2598//2051 2595//2051 2596//2051
f 2600//2052 2597//2052 2598//2052
f 2602//2053 2599//2053 2600//2053
f 2604//2054 2601//2054 2602//2054
f 2606//2055 2603//2055 2604//2055
f 2608//2056 2605//2056 2606//2056
f 2610//2057 2607//2057 2608//2057
f 2612//2058 2609//2058 2610//2058
f 2614//2059 2611//2059 2612//2059
f 2616//2060 2613//2060 2614//2060
f 2618//2061 2615//2061 2616//2061
f 2620//2062 2617//2062 2618//2062
f 2622//2063 2619//2063 2620//2063
f 2624//2064 2621//2064 2622//2064
f 2626//2065 2623//2065 2624//2065
f 2628//2066 2625//2066 2626//2066
f 2630//2067 2627//2067 2628//2067
f 2632//2068 2629//2068 2630//2068
f 2634//2069 2631//2069 2632//2069
f 2636//2070 2633//2070 2634//2070
f 2638//2071 2635//2071 2636//2071
f 2640//2072 2637//2072 2638//2072
f 2642//2073 2639//2073 2640//2073
f 2644//2074 2641//2074 2642//2074
f 2646//2075 2643//2075 2644//2075
f 2648//2076 2645//2076 2646//2076
f 2650//2077 2647//2077 2648//2077
f 2556//2078 2649//2078 2650//2078
f 2654//2079 2651//2079 2652//2079
f 2656//2080 2653//2080 2654//2080
f 2658//2081 2655//2081 2656//2081
f 2660//2082 2657//2082 2658//2082
f 2662//2083 2659//2083 2660//2083
f 2664//2084 2661//2084 2662//2084
f 2666//2085 2663//2085 2664//2085
f 2668//2086 2665//2086 2666//2086
f 2670//2087 2667//2087 2668//2087
f 2672//2088 2669//2088 2670//2088
f 2674//2089 2671//2089 2672//2089
f 2676//2090 2673//2090 2674//2090
f 2678//2091 2675//2091 2676//2091
f 2680//2092 2677//2092 2678//2092
f 2682//2093 2679//2093 2680//2093
f 2684//2094 2681//2094 2682//2094
f 2686//2095 2683//2095 2684//2095
f 2688//2096 2685//2096 2686//2096
f 2652//2097 2687//2097 2688//2097
f 2692//2098 2689//2098 2690//2098
f 2694//2099 2691//2099 2692//2099
f 2696//2100 2693//2100 2694//2100
f 2698//2101 2695//2101 2696//2101
f 2700//2102 2697//2102 2698//2102
f 2702//2103 2699//2103 2700//2103
f 2704//2104 2701//2104 2702//2104
f 2706//2105 2703//2105 2704//2105
f 2708//2106 2705//2106 2706//2106
f 2710//2107 2707//2107 2708//2107
f 2712//2108 2709//2108 2710//2108
f 2714//2109 2711//2109 2712//2109
f 2716//2110 2713//2110 2714//2110
f 2718//2111 2715//2111 2716//2111
f 2720//2112 2717//2112 2718//2112
f 2722//2113 2719//2113 2720//2113
f 2724//2114 2721//2114 2722//2114
f 2726//2115 2723//2115 2724//2115
f 2728//2116 2725//2116 2726//2116
f 2730//2117 2727//2117 2728//2117
f 2732//2118 2729//2118 2730//2118
f 2734//2119 2731//2119 2732//2119
f 2736//2120 2733//2120 2734//2120
f 2738//2121 2735//2121 2736//2121
f 2740//2122 2737//2122 2738//2122
f 2742//2123 2739//2123 2740//2123
f 2744//2124 2741//2124 2742//2124
f 2746//2125 2743//2125 2744//2125
f 2748//2126 2745//2126 2746//2126
f 2750//2127 2747//2127 2748//2127
f 2752//2128 2749//2128 2750//2128
f 2754//2129 2751//2129 2752//2129
f 2756//2130 2753//2130 2754//2130
f 2758//2131 2755//2131 2756//2131
f 2760//2132 2757//2132 2758//2132
f 2690//2133 2759//2133 2760//2133
f 2764//2134 2761//2134 2762//2134
f 2766//2135 2763//2135 2764//2135
f 2768//2136 2765//2136 2766//2136
f 2770//2137 2767//2137 2768//2137
f 2772//2138 2769//2138 2770//2138
f 2774//2139 2771//2139 2772//2139
f 2776//2140 2773//2140 2774//2140
f 2778//2141 2775//2141 2776//2141
f 2780//2142 2777//2142 2778//2142
f 2782//2143 2779//2143 2780//2143
f 2784//2144 2781//2144 2782//2144
f 2786//2145 2783//2145 2784//2145
f 2788//2146 2785//2146 2786//2146
f 2790//2147 2787//2147 2788//2147
f 2792//2148 2789//2148 2790//2148
f 2794//2149 2791//2149 2792//2149
f 2796//2150 2793//2150 2794//2150
f 2798//2151 2795//2151 2796//2151
f 2800//2152 2797//2152 2798//2152
f 2802//2153 2799//2153 2800//2153
f 2804//2154 2801//2154 2802//2154
f 2806//2155 2803//2155 2804//2155
f 2808//2156 2805//2156 2806//2156
f 2810//2157 2807//2157 2808//2157
f 2812//2158 2809//2158 2810//2158
f 2814//2159 2811//2159 2812//2159
f 2816//2160 2813//2160 2814//2160
f 2818//2161 2815//2161 2816//2161
f 2820//2162 2817//2162 2818//2162
f 2822//2163 2819//2163 2820//2163
f 2824//2164 2821//2164 2822//2164
f 2826//2165 2823//2165 2824//2165
f 2828//2166 2825//2166 2826//2166
f 2830//2167 2827//2167 2828//2167
f 2832//2168 2829//2168 2830//2168
f 2834//2169 2831//2169 2832//2169
f 2836//2170 2833//2170 2834//2170
f 2838//2171 2835//2171 2836//2171
f 2840//2172 2837//2172 2838//2172
f 2842//2173 2839//2173 2840//2173
f 2844//2174 2841//2174 2842//2174
f 2846//2175 2843//2175 2844//2175
f 2848//2176 2845//2176 2846//2176
f 2850//2177 2847//2177 2848//2177
f 2852//2178 2849//2178 2850//2178
f 2854//2179 2851//2179 2852//2179
f 2856//2180 2853//2180 2854//2180
f 2858//2181 2855//2181 2856//2181
f 2860//2182 2857//2182 2858//2182
f 2862//2183 2859//2183 2860//2183
f 2864//2184 2861//2184 2862//2184
f 2866//2185 2863//2185 2864//2185
f 2868//2186 2865//2186 2866//2186
f 2870//2187 2867//2187 2868//2187
f 2872//2188 2869//2188 2870//2188
f 2874//2189 2871//2189 2872//2189
f 2876//2190 2873//2190 2874//2190
f 2878//2191 2875//2191 2876//2191
f 2880//2192 2877//2192 2878//2192
f 2882//2193 2879//2193 2880//2193
f 2884//2194 2881//2194 2882//2194
f 2886//2195 2883//2195 2884//2195
f 2888//2196 2885//2196 2886//2196
f 2890//2197 2887//2197 2888//2197
f 2892//2198 2889//2198 2890//2198
f 2894//2199 2891//2199 2892//2199
f 2896//2200 2893//2200 2894//2200
f 2898//2201 2895//2201 2896//2201
f 2900//2202 2897//2202 2898//2202
f 2902//2203 2899//2203 2900//2203
f 2904//2204 2901//2204 2902//2204
f 2906//2205 2903//2205 2904//2205
f 2908//2206 2905//2206 2906//2206
f 2910//2207 2907//2207 2908//2207
f 2912//2208 2909//2208 2910//2208
f 2914//2209 2911//2209 2912//2209
f 2916//2210 2913//2210 2914//2210
f 2918//2211 2915//2211 2916//2211
f 2920//2212 2917//2212 2918//2212
f 2922//2213 2919//2213 2920//2213
f 2924//2214 2921//2214 2922//2214
f 2762//2215 2923//2215 2924//2215
f 2928//2216 2925//2216 2926//2216
f 2930//2217 2927//2217 2928//2217
f 2932//2218 2929//2218 2930//2218
f 2934//2219 2931//2219 2932//2219
f 2936//2220 2933//2220 2934//2220
f 2938//2221 2935//2221 2936//2221
f 2940//2222 2937//2222 2938//2222
f 2942//2223 2939//2223 2940//2223
f 2944//2224 2941//2224 2942//2224
f 2946//2225 2943//2225 2944//2225
f 2948//2226 2945//2226 2946//2226
f 2950//2227 2947//2227 2948//2227
f 2952//2228 2949//2228 2950//2228
f 2954//2229 2951//2229 2952//2229
f 2956//2230 2953//2230 2954//2230
f 2958//2231 2955//2231 2956//2231
f 2960//2232 2957//2232 2958//2232
f 2962//2233 2959//2233 2960//2233
f 2964//2234 2961//2234 2962//2234
f 2966//2235 2963//2235 2964//2235
f 2968//2236 2965//2236 2966//2236
f 2970//2237 2967//2237 2968//2237
f 2972//2238 2969//2238 2970//2238
f 2974//2239 2971//2239 2972//2239
f 2976//2240 2973//2240 2974//2240
f 2978//2241 2975//2241 2976//2241
f 2980//2242 2977//2242 2978//2242
f 2982//2243 2979//2243 2980//2243
f 2984//2244 2981//2244 2982//2244
f 2986//2245 2983//2245 2984//2245
f 2988//2246 2985//2246 2986//2246
f 2990//2247 2987//2247 2988//2247
f 2992//2248 2989//2248 2990//2248
f 2994//2249 2991//2249 2992//2249
f 2996//2250 2993//2250 2994//2250
f 2998//2251 2995//2251 2996//2251
f 3000//2252 2997//2252 2998//2252
f 3002//2253 2999//2253 3000//2253
f 3004//2254 3001//2254 3002//2254
f 3006//2255 3003//2255 3004//2255
f 3008//2256 3005//2256 3006//2256
f 3010//2257 3007//2257 3008//2257
f 3012//2258 3009//2258 3010//2258
f 3014//2259 3011//2259 3012//2259
f 3016//2260 3013//2260 3014//2260
f 3018//2261 3015//2261 3016//2261
f 3020//2262 3017//2262 3018//2262
f 3022//2263 3019//2263 3020//2263
f 3024//2264 3021//2264 3022//2264
f 3026//2265 3023//2265 3024//2265
f 3028//2266 3025//2266 3026//2266
f 3030//2267 3027//2267 3028//2267
f 3032//2268 3029//2268 3030//2268
f 3034//2269 3031//2269 3032//2269
f 3036//2270 3033//2270 3034//2270
f 3038//2271 3035//2271 3036//2271
f 3040//2272 3037//2272 3038//2272
f 3042//2273 3039//2273 3040//2273
f 3044//2274 3041//2274 3042//2274
f 3046//2275 3043//2275 3044//2275
f 3048//2276 3045//2276 3046//2276
f 3050//2277 3047//2277 3048//2277
f 3052//2278 3049//2278 3050//2278
f 3054//2279 3051//2279 3052//2279
f 3056//2280 3053//2280 3054//2280
f 3058//2281 3055//2281 3056//2281
f 3060//2282 3057//2282 3058//2282
f 3062//2283 3059//2283 3060//2283
f 3064//2284 3061//2284 3062//2284
f 3066//2285 3063//2285 3064//2285
f 3068//2286 3065//2286 3066//2286
f 3070//2287 3067//2287 3068//2287
f 3072//2288 3069//2288 3070//2288
f 3074//2289 3071//2289 3072//2289
f 3076//2290 3073//2290 3074//2290
f 3078//2291 3075//2291 3076//2291
f 3080//2292 3077//2292 3078//2292
f 3082//2293 3079//2293 3080//2293
f 3084//2294 3081//2294 3082//2294
f 3086//2295 3083//2295 3084//2295
f 3088//2296 3085//2296 3086//2296
f 3090//2297 3087//2297 3088//2297
f 3092//2298 3089//2298 3090//2298
f 3094//2299 3091//2299 3092//2299
f 3096//2300 3093//2300 3094//2300
f 3098//2301 3095//2301 3096//2301
f 3100//2302 3097//2302 3098//2302
f 3102//2303 3099//2303 3100//2303
f 3104//2304 3101//2304 3102//2304
f 3106//2305 3103//2305 3104//2305
f 3108//2306 3105//2306 3106//2306
f 2926//2307 3107//2307 3108//2307
f 3115//2308 3114//2308 3113//2308
f 3127//2309 3128//2309 3131//2309
f 3110//2310 3121//2310 3109//2310
f 3111//2311 3122//2311 3110//2311
f 3111//2312 3124//2312 3123//2312
f 3113//2313 3124//2313 3112//2313
f 3114//2314 3125//2314 3113//2314
f 3115//2315 3126//2315 3114//2315
f 3116//2316 3127//2316 3115//2316
f 3117//2317 3128//2317 3116//2317
f 3118//2318 3129//2318 3117//2318
f 3119//2319 3130//2319 3118//2319
f 3120//2320 3131//2320 3119//2320
f 3109//2321 3132//2321 3120//2321
f 3136//2322 3134//2322 3133//2322
f 3141//2323 3142//2323 3138//2323
f 3134//2324 3138//2324 3133//2324
f 3135//2325 3139//2325 3134//2325
f 3136//2326 3140//2326 3135//2326
f 3137//2327 3141//2327 3136//2327
f 3133//2328 3142//2328 3137//2328
f 3145//2329 3143//2329 3146//2329
f 3148//2330 3150//2330 3147//2330
f 3144//2331 3147//2331 3143//2331
f 3145//2332 3148//2332 3144//2332
f 3146//2333 3149//2333 3145//2333
f 3143//2334 3150//2334 3146//2334
f 3153//2335 3151//2335 3154//2335
f 3155//2336 3157//2336 3158//2336
f 3152//2337 3155//2337 3151//2337
f 3153//2338 3156//2338 3152//2338
f 3154//2339 3157//2339 3153//2339
f 3151//2340 3158//2340 3154//2340
f 286//2341 285//2341 283//2341
f 288//2342 287//2342 285//2342
f 290//2343 289//2343 287//2343
f 292//2344 291//2344 289//2344
f 294//2345 293//2345 291//2345
f 296//2346 295//2346 293//2346
f 298//2347 297//2347 295//2347
f 300//2348 299//2348 297//2348
f 302//2349 301//2349 299//2349
f 304//2350 303//2350 301//2350
f 306//2351 305//2351 303//2351
f 308//2352 307//2352 305//2352
f 310//2353 309//2353 307//2353
f 312//2354 311//2354 309//2354
f 314//2355 313//2355 311//2355
f 316//2356 315//2356 313//2356
f 318//2357 317//2357 315//2357
f 320//2358 319//2358 317//2358
f 322//2359 321//2359 319//2359
f 324//2360 323//2360 321//2360
f 326//2361 325//2361 323//2361
f 328//2362 327//2362 325//2362
f 330//2363 329//2363 327//2363
f 332//2364 331//2364 329//2364
f 334//2365 333//2365 331//2365
f 336//2366 335//2366 333//2366
f 338//2367 337//2367 335//2367
f 340//2368 339//2368 337//2368
f 342//2369 341//2369 339//2369
f 344//2370 343//2370 341//2370
f 346//2371 345//2371 343//2371
f 348//2372 347//2372 345//2372
f 350//2373 349//2373 347//2373
f 352//2374 351//2374 349//2374
f 354//2375 353//2375 351//2375
f 356//2376 355//2376 353//2376
f 358//2377 357//2377 355//2377
f 360//2378 359//2378 357//2378
f 362//2379 361//2379 359//2379
f 364//2380 363//2380 361//2380
f 366//2381 365//2381 363//2381
f 368//2382 367//2382 365//2382
f 370//2383 369//2383 367//2383
f 372//2384 371//2384 369//2384
f 374//2385 373//2385 371//2385
f 376//2386 375//2386 373//2386
f 378//2387 377//2387 375//2387
f 380//2388 379//2388 377//2388
f 382//2389 381//2389 379//2389
f 384//2390 383//2390 381//2390
f 386//2391 385//2391 383//2391
f 388//2392 387//2392 385//2392
f 390//2393 389//2393 387//2393
f 392//2394 391//2394 389//2394
f 394//2395 393//2395 391//2395
f 396//2396 395//2396 393//2396
f 398//2397 397//2397 395//2397
f 400//2398 399//2398 397//2398
f 402//2399 401//2399 399//2399
f 404//2400 403//2400 401//2400
f 406//2401 405//2401 403//2401
f 408//2402 407//2402 405//2402
f 410//2403 409//2403 407//2403
f 412//2404 411//2404 409//2404
f 414//2405 413//2405 411//2405
f 416//2406 415//2406 413//2406
f 418//2407 417//2407 415//2407
f 420//2408 419//2408 417//2408
f 422//2409 421//2409 419//2409
f 424//2410 423//2410 421//2410
f 426//2411 425//2411 423//2411
f 428//2412 427//2412 425//2412
f 430//2413 429//2413 427//2413
f 432//2414 431//2414 429//2414
f 434//2415 433//2415 431//2415
f 436//2416 435//2416 433//2416
f 438//2417 437//2417 435//2417
f 440//2418 439//2418 437//2418
f 442//2419 441//2419 439//2419
f 444//2420 443//2420 441//2420
f 446//2421 445//2421 443//2421
f 448//2422 447//2422 445//2422
f 450//2423 449//2423 447//2423
f 452//2424 451//2424 449//2424
f 454//2425 453//2425 451//2425
f 456//2426 455//2426 453//2426
f 458//2427 457//2427 455//2427
f 460//2428 459//2428 457//2428
f 462//2429 461//2429 459//2429
f 464//2430 463//2430 461//2430
f 466//2431 465//2431 463//2431
f 468//2432 467//2432 465//2432
f 470//2433 469//2433 467//2433
f 472//2434 471//2434 469//2434
f 474//2435 473//2435 471//2435
f 476//2436 475//2436 473//2436
f 478//2437 477//2437 475//2437
f 480//2438 479//2438 477//2438
f 482//2439 481//2439 479//2439
f 484//2440 483//2440 481//2440
f 486//2441 485//2441 483//2441
f 488//2442 487//2442 485//2442
f 490//2443 489//2443 487//2443
f 492//2444 491//2444 489//2444
f 494//2445 493//2445 491//2445
f 496//2446 495//2446 493//2446
f 498//2447 497//2447 495//2447
f 500//2448 499//2448 497//2448
f 284//2449 283//2449 499//2449
f 504//2450 503//2450 501//2450
f 506//2451 505//2451 503//2451
f 508//2452 507//2452 505//2452
f 510//2453 509//2453 507//2453
f 512//2454 511//2454 509//2454
f 514//2455 513//2455 511//2455
f 516//2456 515//2456 513//2456
f 518//2457 517//2457 515//2457
f 520//2458 519//2458 517//2458
f 522//2459 521//2459 519//2459
f 524//2460 523//2460 521//2460
f 526//2461 525//2461 523//2461
f 528//2462 527//2462 525//2462
f 530//2463 529//2463 527//2463
f 532//2464 531//2464 529//2464
f 534//2465 533//2465 531//2465
f 536//2466 535//2466 533//2466
f 538//2467 537//2467 535//2467
f 540//2468 539//2468 537//2468
f 542//2469 541//2469 539//2469
f 544//2470 543//2470 541//2470
f 546//2471 545//2471 543//2471
f 548//2472 547//2472 545//2472
f 550//2473 549//2473 547//2473
f 552//2474 551//2474 549//2474
f 554//2475 553//2475 551//2475
f 556//2476 555//2476 553//2476
f 558//2477 557//2477 555//2477
f 560//2478 559//2478 557//2478
f 562//2479 561//2479 559//2479
f 564//2480 563//2480 561//2480
f 502//2481 501//2481 563//2481
f 1840//2482 1839//2482 1837//2482
f 1842//2483 1841//2483 1839//2483
f 1844//2484 1843//2484 1841//2484
f 1846//2485 1845//2485 1843//2485
f 1848//2486 1847//2486 1845//2486
f 1850//2487 1849//2487 1847//2487
f 1852//2488 1851//2488 1849//2488
f 1854//2489 1853//2489 1851//2489
f 1856//2490 1855//2490 1853//2490
f 1858//2491 1857//2491 1855//2491
f 1860//2492 1859//2492 1857//2492
f 1862//2493 1861//2493 1859//2493
f 1864//2494 1863//2494 1861//2494
f 1866//2495 1865//2495 1863//2495
f 1868//2496 1867//2496 1865//2496
f 1870//2497 1869//2497 1867//2497
f 1872//2498 1871//2498 1869//2498
f 1874//2499 1873//2499 1871//2499
f 1876//2500 1875//2500 1873//2500
f 1878//2501 1877//2501 1875//2501
f 1880//2502 1879//2502 1877//2502
f 1882//2503 1881//2503 1879//2503
f 1884//2504 1883//2504 1881//2504
f 1886//2505 1885//2505 1883//2505
f 1888//2506 1887//2506 1885//2506
f 1890//2507 1889//2507 1887//2507
f 1892//2508 1891//2508 1889//2508
f 1894//2509 1893//2509 1891//2509
f 1896//2510 1895//2510 1893//2510
f 1898//2511 1897//2511 1895//2511
f 1900//2512 1899//2512 1897//2512
f 1902//2513 1901//2513 1899//2513
f 1904//2514 1903//2514 1901//2514
f 1906//2515 1905//2515 1903//2515
f 1908//2516 1907//2516 1905//2516
f 1910//2517 1909//2517 1907//2517
f 1912//2518 1911//2518 1909//2518
f 1914//2519 1913//2519 1911//2519
f 1916//2520 1915//2520 1913//2520
f 1918//2521 1917//2521 1915//2521
f 1920//2522 1919//2522 1917//2522
f 1922//2523 1921//2523 1919//2523
f 1924//2524 1923//2524 1921//2524
f 1926//2525 1925//2525 1923//2525
f 1928//2526 1927//2526 1925//2526
f 1930//2527 1929//2527 1927//2527
f 1932//2528 1931//2528 1929//2528
f 1934//2529 1933//2529 1931//2529
f 1936//2530 1935//2530 1933//2530
f 1938//2531 1937//2531 1935//2531
f 1940//2532 1939//2532 1937//2532
f 1942//2533 1941//2533 1939//2533
f 1944//2534 1943//2534 1941//2534
f 1946//2535 1945//2535 1943//2535
f 1948//2536 1947//2536 1945//2536
f 1950//2537 1949//2537 1947//2537
f 1952//2538 1951//2538 1949//2538
f 1954//2539 1953//2539 1951//2539
f 1956//2540 1955//2540 1953//2540
f 1958//2541 1957//2541 1955//2541
f 1960//2542 1959//2542 1957//2542
f 1962//2543 1961//2543 1959//2543
f 1964//2544 1963//2544 1961//2544
f 1966//2545 1965//2545 1963//2545
f 1968//2546 1967//2546 1965//2546
f 1970//2547 1969//2547 1967//2547
f 1972//2548 1971//2548 1969//2548
f 1974//2549 1973//2549 1971//2549
f 1976//2550 1975//2550 1973//2550
f 1978//2551 1977//2551 1975//2551
f 1980//2552 1979//2552 1977//2552
f 1982//2553 1981//2553 1979//2553
f 1984//2554 1983//2554 1981//2554
f 1986//2555 1985//2555 1983//2555
f 1988//2556 1987//2556 1985//2556
f 1990//2557 1989//2557 1987//2557
f 1992//2558 1991//2558 1989//2558
f 1994//2559 1993//2559 1991//2559
f 1996//2560 1995//2560 1993//2560
f 1998//2561 1997//2561 1995//2561
f 2000//2562 1999//2562 1997//2562
f 2002//2563 2001//2563 1999//2563
f 2004//2564 2003//2564 2001//2564
f 2006//2565 2005//2565 2003//2565
f 2008//2566 2007//2566 2005//2566
f 2010//2567 2009//2567 2007//2567
f 2012//2568 2011//2568 2009//2568
f 2014//2569 2013//2569 2011//2569
f 2016//2570 2015//2570 2013//2570
f 2018//2571 2017//2571 2015//2571
f 2020//2572 2019//2572 2017//2572
f 2022//2573 2021//2573 2019//2573
f 2024//2574 2023//2574 2021//2574
f 2026//2575 2025//2575 2023//2575
f 2028//2576 2027//2576 2025//2576
f 2030//2577 2029//2577 2027//2577
f 2032//2578 2031//2578 2029//2578
f 2034//2579 2033//2579 2031//2579
f 2036//2580 2035//2580 2033//2580
f 2038//2581 2037//2581 2035//2581
f 2040//2582 2039//2582 2037//2582
f 2042//2583 2041//2583 2039//2583
f 2044//2584 2043//2584 2041//2584
f 2046//2585 2045//2585 2043//2585
f 2048//2586 2047//2586 2045//2586
f 2050//2587 2049//2587 2047//2587
f 2052//2588 2051//2588 2049//2588
f 1838//2589 1837//2589 2051//2589
f 2056//2590 2055//2590 2053//2590
f 2058//2591 2057//2591 2055//2591
f 2060//2592 2059//2592 2057//2592
f 2062//2593 2061//2593 2059//2593
f 2064//2594 2063//2594 2061//2594
f 2066//2595 2065//2595 2063//2595
f 2068//2596 2067//2596 2065//2596
f 2070//2597 2069//2597 2067//2597
f 2072//2598 2071//2598 2069//2598
f 2074//2599 2073//2599 2071//2599
f 2076//2600 2075//2600 2073//2600
f 2078//2601 2077//2601 2075//2601
f 2080//2602 2079//2602 2077//2602
f 2082//2603 2081//2603 2079//2603
f 2084//2604 2083//2604 2081//2604
f 2086//2605 2085//2605 2083//2605
f 2088//2606 2087//2606 2085//2606
f 2090//2607 2089//2607 2087//2607
f 2092//2608 2091//2608 2089//2608
f 2094//2609 2093//2609 2091//2609
f 2096//2610 2095//2610 2093//2610
f 2098//2611 2097//2611 2095//2611
f 2100//2612 2099//2612 2097//2612
f 2102//2613 2101//2613 2099//2613
f 2104//2614 2103//2614 2101//2614
f 2106//2615 2105//2615 2103//2615
f 2108//2616 2107//2616 2105//2616
f 2110//2617 2109//2617 2107//2617
f 2112//2618 2111//2618 2109//2618
f 2114//2619 2113//2619 2111//2619
f 2116//2620 2115//2620 2113//2620
f 2118//2621 2117//2621 2115//2621
f 2120//2622 2119//2622 2117//2622
f 2122//2623 2121//2623 2119//2623
f 2124//2624 2123//2624 2121//2624
f 2126//2625 2125//2625 2123//2625
f 2128//2626 2127//2626 2125//2626
f 2130//2627 2129//2627 2127//2627
f 2132//2628 2131//2628 2129//2628
f 2134//2629 2133//2629 2131//2629
f 2136//2630 2135//2630 2133//2630
f 2138//2631 2137//2631 2135//2631
f 2140//2632 2139//2632 2137//2632
f 2142//2633 2141//2633 2139//2633
f 2144//2634 2143//2634 2141//2634
f 2146//2635 2145//2635 2143//2635
f 2148//2636 2147//2636 2145//2636
f 2054//2637 2053//2637 2147//2637
f 2152//2638 2151//2638 2149//2638
f 2154//2639 2153//2639 2151//2639
f 2156//2640 2155//2640 2153//2640
f 2158//2641 2157//2641 2155//2641
f 2160//2642 2159//2642 2157//2642
f 2162//2643 2161//2643 2159//2643
f 2164//2644 2163//2644 2161//2644
f 2166//2645 2165//2645 2163//2645
f 2168//2646 2167//2646 2165//2646
f 2170//2647 2169//2647 2167//2647
f 2172//2648 2171//2648 2169//2648
f 2174//2649 2173//2649 2171//2649
f 2176//2650 2175//2650 2173//2650
f 2178//2651 2177//2651 2175//2651
f 2180//2652 2179//2652 2177//2652
f 2182//2653 2181//2653 2179//2653
f 2184//2654 2183//2654 2181//2654
f 2186//2655 2185//2655 2183//2655
f 2150//2656 2149//2656 2185//2656
f 2190//2657 2189//2657 2187//2657
f 2192//2658 2191//2658 2189//2658
f 2194//2659 2193//2659 2191//2659
f 2196//2660 2195//2660 2193//2660
f 2198//2661 2197//2661 2195//2661
f 2200//2662 2199//2662 2197//2662
f 2202//2663 2201//2663 2199//2663
f 2204//2664 2203//2664 2201//2664
f 2206//2665 2205//2665 2203//2665
f 2208//2666 2207//2666 2205//2666
f 2210//2667 2209//2667 2207//2667
f 2212//2668 2211//2668 2209//2668
f 2214//2669 2213//2669 2211//2669
f 2216//2670 2215//2670 2213//2670
f 2218//2671 2217//2671 2215//2671
f 2220//2672 2219//2672 2217//2672
f 2222//2673 2221//2673 2219//2673
f 2224//2674 2223//2674 2221//2674
f 2226//2675 2225//2675 2223//2675
f 2228//2676 2227//2676 2225//2676
f 2230//2677 2229//2677 2227//2677
f 2232//2678 2231//2678 2229//2678
f 2234//2679 2233//2679 2231//2679
f 2236//2680 2235//2680 2233//2680
f 2238//2681 2237//2681 2235//2681
f 2240//2682 2239//2682 2237//2682
f 2242//2683 2241//2683 2239//2683
f 2244//2684 2243//2684 2241//2684
f 2246//2685 2245//2685 2243//2685
f 2248//2686 2247//2686 2245//2686
f 2250//2687 2249//2687 2247//2687
f 2252//2688 2251//2688 2249//2688
f 2254//2689 2253//2689 2251//2689
f 2256//2690 2255//2690 2253//2690
f 2258//2691 2257//2691 2255//2691
f 2260//2692 2259//2692 2257//2692
f 2262//2693 2261//2693 2259//2693
f 2264//2694 2263//2694 2261//2694
f 2266//2695 2265//2695 2263//2695
f 2268//2696 2267//2696 2265//2696
f 2270//2697 2269//2697 2267//2697
f 2272//2698 2271//2698 2269//2698
f 2274//2699 2273//2699 2271//2699
f 2276//2700 2275//2700 2273//2700
f 2278//2701 2277//2701 2275//2701
f 2280//2702 2279//2702 2277//2702
f 2282//2703 2281//2703 2279//2703
f 2284//2704 2283//2704 2281//2704
f 2286//2705 2285//2705 2283//2705
f 2288//2706 2287//2706 2285//2706
f 2290//2707 2289//2707 2287//2707
f 2292//2708 2291//2708 2289//2708
f 2294//2709 2293//2709 2291//2709
f 2296//2710 2295//2710 2293//2710
f 2298//2711 2297//2711 2295//2711
f 2300//2712 2299//2712 2297//2712
f 2188//2713 2187//2713 2299//2713
f 2304//2714 2303//2714 2301//2714
f 2306//2715 2305//2715 2303//2715
f 2308//2716 2307//2716 2305//2716
f 2310//2717 2309//2717 2307//2717
f 2312//2718 2311//2718 2309//2718
f 2314//2719 2313//2719 2311//2719
f 2316//2720 2315//2720 2313//2720
f 2318//2721 2317//2721 2315//2721
f 2320//2722 2319//2722 2317//2722
f 2322//2723 2321//2723 2319//2723
f 2324//2724 2323//2724 2321//2724
f 2326//2725 2325//2725 2323//2725
f 2328//2726 2327//2726 2325//2726
f 2330//2727 2329//2727 2327//2727
f 2332//2728 2331//2728 2329//2728
f 2334//2729 2333//2729 2331//2729
f 2336//2730 2335//2730 2333//2730
f 2338//2731 2337//2731 2335//2731
f 2340//2732 2339//2732 2337//2732
f 2342//2733 2341//2733 2339//2733
f 2344//2734 2343//2734 2341//2734
f 2346//2735 2345//2735 2343//2735
f 2348//2736 2347//2736 2345//2736
f 2350//2737 2349//2737 2347//2737
f 2352//2738 2351//2738 2349//2738
f 2354//2739 2353//2739 2351//2739
f 2302//2740 2301//2740 2353//2740
f 2358//2741 2357//2741 2355//2741
f 2360//2742 2359//2742 2357//2742
f 2362//2743 2361//2743 2359//2743
f 2364//2744 2363//2744 2361//2744
f 2366//2745 2365//2745 2363//2745
f 2368//2746 2367//2746 2365//2746
f 2370//2747 2369//2747 2367//2747
f 2372//2748 2371//2748 2369//2748
f 2374//2749 2373//2749 2371//2749
f 2376//2750 2375//2750 2373//2750
f 2378//2751 2377//2751 2375//2751
f 2380//2752 2379//2752 2377//2752
f 2382//2753 2381//2753 2379//2753
f 2384//2754 2383//2754 2381//2754
f 2386//2755 2385//2755 2383//2755
f 2388//2756 2387//2756 2385//2756
f 2390//2757 2389//2757 2387//2757
f 2392//2758 2391//2758 2389//2758
f 2394//2759 2393//2759 2391//2759
f 2396//2760 2395//2760 2393//2760
f 2398//2761 2397//2761 2395//2761
f 2400//2762 2399//2762 2397//2762
f 2402//2763 2401//2763 2399//2763
f 2404//2764 2403//2764 2401//2764
f 2406//2765 2405//2765 2403//2765
f 2408//2766 2407//2766 2405//2766
f 2410//2767 2409//2767 2407//2767
f 2412//2768 2411//2768 2409//2768
f 2414//2769 2413//2769 2411//2769
f 2416//2770 2415//2770 2413//2770
f 2418//2771 2417//2771 2415//2771
f 2420//2772 2419//2772 2417//2772
f 2422//2773 2421//2773 2419//2773
f 2424//2774 2423//2774 2421//2774
f 2426//2775 2425//2775 2423//2775
f 2356//2776 2355//2776 2425//2776
f 2430//2777 2429//2777 2427//2777
f 2432//2778 2431//2778 2429//2778
f 2434//2779 2433//2779 2431//2779
f 2436//2780 2435//2780 2433//2780
f 2438//2781 2437//2781 2435//2781
f 2440//2782 2439//2782 2437//2782
f 2442//2783 2441//2783 2439//2783
f 2444//2784 2443//2784 2441//2784
f 2446//2785 2445//2785 2443//2785
f 2448//2786 2447//2786 2445//2786
f 2450//2787 2449//2787 2447//2787
f 2452//2788 2451//2788 2449//2788
f 2454//2789 2453//2789 2451//2789
f 2456//2790 2455//2790 2453//2790
f 2458//2791 2457//2791 2455//2791
f 2460//2792 2459//2792 2457//2792
f 2462//2793 2461//2793 2459//2793
f 2464//2794 2463//2794 2461//2794
f 2466//2795 2465//2795 2463//2795
f 2468//2796 2467//2796 2465//2796
f 2470//2797 2469//2797 2467//2797
f 2472//2798 2471//2798 2469//2798
f 2474//2799 2473//2799 2471//2799
f 2476//2800 2475//2800 2473//2800
f 2478//2801 2477//2801 2475//2801
f 2480//2802 2479//2802 2477//2802
f 2482//2803 2481//2803 2479//2803
f 2484//2804 2483//2804 2481//2804
f 2486//2805 2485//2805 2483//2805
f 2488//2806 2487//2806 2485//2806
f 2490//2807 2489//2807 2487//2807
f 2492//2808 2491//2808 2489//2808
f 2494//2809 2493//2809 2491//2809
f 2496//2810 2495//2810 2493//2810
f 2498//2811 2497//2811 2495//2811
f 2500//2812 2499//2812 2497//2812
f 2502//2813 2501//2813 2499//2813
f 2504//2814 2503//2814 2501//2814
f 2506//2815 2505//2815 2503//2815
f 2508//2816 2507//2816 2505//2816
f 2510//2817 2509//2817 2507//2817
f 2512//2818 2511//2818 2509//2818
f 2514//2819 2513//2819 2511//2819
f 2516//2820 2515//2820 2513//2820
f 2518//2821 2517//2821 2515//2821
f 2520//2822 2519//2822 2517//2822
f 2522//2823 2521//2823 2519//2823
f 2524//2824 2523//2824 2521//2824
f 2526//2825 2525//2825 2523//2825
f 2528//2826 2527//2826 2525//2826
f 2530//2827 2529//2827 2527//2827
f 2532//2828 2531//2828 2529//2828
f 2534//2829 2533//2829 2531//2829
f 2536//2830 2535//2830 2533//2830
f 2538//2831 2537//2831 2535//2831
f 2540//2832 2539//2832 2537//2832
f 2542//2833 2541//2833 2539//2833
f 2544//2834 2543//2834 2541//2834
f 2546//2835 2545//2835 2543//2835
f 2548//2836 2547//2836 2545//2836
f 2550//2837 2549//2837 2547//2837
f 2552//2838 2551//2838 2549//2838
f 2554//2839 2553//2839 2551//2839
f 2428//2840 2427//2840 2553//2840
f 2558//2841 2557//2841 2555//2841
f 2560//2842 2559//2842 2557//2842
f 2562//2843 2561//2843 2559//2843
f 2564//2844 2563//2844 2561//2844
f 2566//2845 2565//2845 2563//2845
f 2568//2846 2567//2846 2565//2846
f 2570//2847 2569//2847 2567//2847
f 2572//2848 2571//2848 2569//2848
f 2574//2849 2573//2849 2571//2849
f 2576//2850 2575//2850 2573//2850
f 2578//2851 2577//2851 2575//2851
f 2580//2852 2579//2852 2577//2852
f 2582//2853 2581//2853 2579//2853
f 2584//2854 2583//2854 2581//2854
f 2586//2855 2585//2855 2583//2855
f 2588//2856 2587//2856 2585//2856
f 2590//2857 2589//2857 2587//2857
f 2592//2858 2591//2858 2589//2858
f 2594//2859 2593//2859 2591//2859
f 2596//2860 2595//2860 2593//2860
f 2598//2861 2597//2861 2595//2861
f 2600//2862 2599//2862 2597//2862
f 2602//2863 2601//2863 2599//2863
f 2604//2864 2603//2864 2601//2864
f 2606//2865 2605//2865 2603//2865
f 2608//2866 2607//2866 2605//2866
f 2610//2867 2609//2867 2607//2867
f 2612//2868 2611//2868 2609//2868
f 2614//2869 2613//2869 2611//2869
f 2616//2870 2615//2870 2613//2870
f 2618//2871 2617//2871 2615//2871
f 2620//2872 2619//2872 2617//2872
f 2622//2873 2621//2873 2619//2873
f 2624//2874 2623//2874 2621//2874
f 2626//2875 2625//2875 2623//2875
f 2628//2876 2627//2876 2625//2876
f 2630//2877 2629//2877 2627//2877
f 2632//2878 2631//2878 2629//2878
f 2634//2879 2633//2879 2631//2879
f 2636//2880 2635//2880 2633//2880
f 2638//2881 2637//2881 2635//2881
f 2640//2882 2639//2882 2637//2882
f 2642//2883 2641//2883 2639//2883
f 2644//2884 2643//2884 2641//2884
f 2646//2885 2645//2885 2643//2885
f 2648//2886 2647//2886 2645//2886
f 2650//2887 2649//2887 2647//2887
f 2556//2888 2555//2888 2649//2888
f 2654//2889 2653//2889 2651//2889
f 2656//2890 2655//2890 2653//2890
f 2658//2891 2657//2891 2655//2891
f 2660//2892 2659//2892 2657//2892
f 2662//2893 2661//2893 2659//2893
f 2664//2894 2663//2894 2661//2894
f 2666//2895 2665//2895 2663//2895
f 2668//2896 2667//2896 2665//2896
f 2670//2897 2669//2897 2667//2897
f 2672//2898 2671//2898 2669//2898
f 2674//2899 2673//2899 2671//2899
f 2676//2900 2675//2900 2673//2900
f 2678//2901 2677//2901 2675//2901
f 2680//2902 2679//2902 2677//2902
f 2682//2903 2681//2903 2679//2903
f 2684//2904 2683//2904 2681//2904
f 2686//2905 2685//2905 2683//2905
f 2688//2906 2687//2906 2685//2906
f 2652//2907 2651//2907 2687//2907
f 2692//2908 2691//2908 2689//2908
f 2694//2909 2693//2909 2691//2909
f 2696//2910 2695//2910 2693//2910
f 2698//2911 2697//2911 2695//2911
f 2700//2912 2699//2912 2697//2912
f 2702//2913 2701//2913 2699//2913
f 2704//2914 2703//2914 2701//2914
f 2706//2915 2705//2915 2703//2915
f 2708//2916 2707//2916 2705//2916
f 2710//2917 2709//2917 2707//2917
f 2712//2918 2711//2918 2709//2918
f 2714//2919 2713//2919 2711//2919
f 2716//2920 2715//2920 2713//2920
f 2718//2921 2717//2921 2715//2921
f 2720//2922 2719//2922 2717//2922
f 2722//2923 2721//2923 2719//2923
f 2724//2924 2723//2924 2721//2924
f 2726//2925 2725//2925 2723//2925
f 2728//2926 2727//2926 2725//2926
f 2730//2927 2729//2927 2727//2927
f 2732//2928 2731//2928 2729//2928
f 2734//2929 2733//2929 2731//2929
f 2736//2930 2735//2930 2733//2930
f 2738//2931 2737//2931 2735//2931
f 2740//2932 2739//2932 2737//2932
f 2742//2933 2741//2933 2739//2933
f 2744//2934 2743//2934 2741//2934
f 2746//2935 2745//2935 2743//2935
f 2748//2936 2747//2936 2745//2936
f 2750//2937 2749//2937 2747//2937
f 2752//2938 2751//2938 2749//2938
f 2754//2939 2753//2939 2751//2939
f 2756//2940 2755//2940 2753//2940
f 2758//2941 2757//2941 2755//2941
f 2760//2942 2759//2942 2757//2942
f 2690//2943 2689//2943 2759//2943
f 2764//2944 2763//2944 2761//2944
f 2766//2945 2765//2945 2763//2945
f 2768//2946 2767//2946 2765//2946
f 2770//2947 2769//2947 2767//2947
f 2772//2948 2771//2948 2769//2948
f 2774//2949 2773//2949 2771//2949
f 2776//2950 2775//2950 2773//2950
f 2778//2951 2777//2951 2775//2951
f 2780//2952 2779//2952 2777//2952
f 2782//2953 2781//2953 2779//2953
f 2784//2954 2783//2954 2781//2954
f 2786//2955 2785//2955 2783//2955
f 2788//2956 2787//2956 2785//2956
f 2790//2957 2789//2957 2787//2957
f 2792//2958 2791//2958 2789//2958
f 2794//2959 2793//2959 2791//2959
f 2796//2960 2795//2960 2793//2960
f 2798//2961 2797//2961 2795//2961
f 2800//2962 2799//2962 2797//2962
f 2802//2963 2801//2963 2799//2963
f 2804//2964 2803//2964 2801//2964
f 2806//2965 2805//2965 2803//2965
f 2808//2966 2807//2966 2805//2966
f 2810//2967 2809//2967 2807//2967
f 2812//2968 2811//2968 2809//2968
f 2814//2969 2813//2969 2811//2969
f 2816//2970 2815//2970 2813//2970
f 2818//2971 2817//2971 2815//2971
f 2820//2972 2819//2972 2817//2972
f 2822//2973 2821//2973 2819//2973
f 2824//2974 2823//2974 2821//2974
f 2826//2975 2825//2975 2823//2975
f 2828//2976 2827//2976 2825//2976
f 2830//2977 2829//2977 2827//2977
f 2832//2978 2831//2978 2829//2978
f 2834//2979 2833//2979 2831//2979
f 2836//2980 2835//2980 2833//2980
f 2838//2981 2837//2981 2835//2981
f 2840//2982 2839//2982 2837//2982
f 2842//2983 2841//2983 2839//2983
f 2844//2984 2843//2984 2841//2984
f 2846//2985 2845//2985 2843//2985
f 2848//2986 2847//2986 2845//2986
f 2850//2987 2849//2987 2847//2987
f 2852//2988 2851//2988 2849//2988
f 2854//2989 2853//2989 2851//2989
f 2856//2990 2855//2990 2853//2990
f 2858//2991 2857//2991 2855//2991
f 2860//2992 2859//2992 2857//2992
f 2862//2993 2861//2993 2859//2993
f 2864//2994 2863//2994 2861//2994
f 2866//2995 2865//2995 2863//2995
f 2868//2996 2867//2996 2865//2996
f 2870//2997 2869//2997 2867//2997
f 2872//2998 2871//2998 2869//2998
f 2874//2999 2873//2999 2871//2999
f 2876//3000 2875//3000 2873//3000
f 2878//3001 2877//3001 2875//3001
f 2880//3002 2879//3002 2877//3002
f 2882//3003 2881//3003 2879//3003
f 2884//3004 2883//3004 2881//3004
f 2886//3005 2885//3005 2883//3005
f 2888//3006 2887//3006 2885//3006
f 2890//3007 2889//3007 2887//3007
f 2892//3008 2891//3008 2889//3008
f 2894//3009 2893//3009 2891//3009
f 2896//3010 2895//3010 2893//3010
f 2898//3011 2897//3011 2895//3011
f 2900//3012 2899//3012 2897//3012
f 2902//3013 2901//3013 2899//3013
f 2904//3014 2903//3014 2901//3014
f 2906//3015 2905//3015 2903//3015
f 2908//3016 2907//3016 2905//3016
f 2910//3017 2909//3017 2907//3017
f 2912//3018 2911//3018 2909//3018
f 2914//3019 2913//3019 2911//3019
f 2916//3020 2915//3020 2913//3020
f 2918//3021 2917//3021 2915//3021
f 2920//3022 2919//3022 2917//3022
f 2922//3023 2921//3023 2919//3023
f 2924//3024 2923//3024 2921//3024
f 2762//3025 2761//3025 2923//3025
f 2928//3026 2927//3026 2925//3026
f 2930//3027 2929//3027 2927//3027
f 2932//3028 2931//3028 2929//3028
f 2934//3029 2933//3029 2931//3029
f 2936//3030 2935//3030 2933//3030
f 2938//3031 2937//3031 2935//3031
f 2940//3032 2939//3032 2937//3032
f 2942//3033 2941//3033 2939//3033
f 2944//3034 2943//3034 2941//3034
f 2946//3035 2945//3035 2943//3035
f 2948//3036 2947//3036 2945//3036
f 2950//3037 2949//3037 2947//3037
f 2952//3038 2951//3038 2949//3038
f 2954//3039 2953//3039 2951//3039
f 2956//3040 2955//3040 2953//3040
f 2958//3041 2957//3041 2955//3041
f 2960//3042 2959//3042 2957//3042
f 2962//3043 2961//3043 2959//3043
f 2964//3044 2963//3044 2961//3044
f 2966//3045 2965//3045 2963//3045
f 2968//3046 2967//3046 2965//3046
f 2970//3047 2969//3047 2967//3047
f 2972//3048 2971//3048 2969//3048
f 2974//3049 2973//3049 2971//3049
f 2976//3050 2975//3050 2973//3050
f 2978//3051 2977//3051 2975//3051
f 2980//3052 2979//3052 2977//3052
f 2982//3053 2981//3053 2979//3053
f 2984//3054 2983//3054 2981//3054
f 2986//3055 2985//3055 2983//3055
f 2988//3056 2987//3056 2985//3056
f 2990//3057 2989//3057 2987//3057
f 2992//3058 2991//3058 2989//3058
f 2994//3059 2993//3059 2991//3059
f 2996//3060 2995//3060 2993//3060
f 2998//3061 2997//3061 2995//3061
f 3000//3062 2999//3062 2997//3062
f 3002//3063 3001//3063 2999//3063
f 3004//3064 3003//3064 3001//3064
f 3006//3065 3005//3065 3003//3065
f 3008//3066 3007//3066 3005//3066
f 3010//3067 3009//3067 3007//3067
f 3012//3068 3011//3068 3009//3068
f 3014//3069 3013//3069 3011//3069
f 3016//3070 3015//3070 3013//3070
f 3018//3071 3017//3071 3015//3071
f 3020//3072 3019//3072 3017//3072
f 3022//3073 3021//3073 3019//3073
f 3024//3074 3023//3074 3021//3074
f 3026//3075 3025//3075 3023//3075
f 3028//3076 3027//3076 3025//3076
f 3030//3077 3029//3077 3027//3077
f 3032//3078 3031//3078 3029//3078
f 3034//3079 3033//3079 3031//3079
f 3036//3080 3035//3080 3033//3080
f 3038//3081 3037//3081 3035//3081
f 3040//3082 3039//3082 3037//3082
f 3042//3083 3041//3083 3039//3083
f 3044//3084 3043//3084 3041//3084
f 3046//3085 3045//3085 3043//3085
f 3048//3086 3047//3086 3045//3086
f 3050//3087 3049//3087 3047//3087
f 3052//3088 3051//3088 3049//3088
f 3054//3089 3053//3089 3051//3089
f 3056//3090 3055//3090 3053//3090
f 3058//3091 3057//3091 3055//3091
f 3060//3092 3059//3092 3057//3092
f 3062//3093 3061//3093 3059//3093
f 3064//3094 3063//3094 3061//3094
f 3066//3095 3065//3095 3063//3095
f 3068//3096 3067//3096 3065//3096
f 3070//3097 3069//3097 3067//3097
f 3072//3098 3071//3098 3069//3098
f 3074//3099 3073//3099 3071//3099
f 3076//3100 3075//3100 3073//3100
f 3078//3101 3077//3101 3075//3101
f 3080//3102 3079//3102 3077//3102
f 3082//3103 3081//3103 3079//3103
f 3084//3104 3083//3104 3081//3104
f 3086//3105 3085//3105 3083//3105
f 3088//3106 3087//3106 3085//3106
f 3090//3107 3089//3107 3087//3107
f 3092//3108 3091//3108 3089//3108
f 3094//3109 3093//3109 3091//3109
f 3096//3110 3095//3110 3093//3110
f 3098//3111 3097//3111 3095//3111
f 3100//3112 3099//3112 3097//3112
f 3102//3113 3101//3113 3099//3113
f 3104//3114 3103//3114 3101//3114
f 3106//3115 3105//3115 3103//3115
f 3108//3116 3107//3116 3105//3116
f 2926//3117 2925//3117 3107//3117
f 3109//3118 3120//3118 3110//3118
f 3120//3119 3119//3119 3115//3119
f 3110//3120 3120//3120 3111//3120
f 3119//3121 3118//3121 3116//3121
f 3118//3122 3117//3122 3116//3122
f 3111//3123 3120//3123 3113//3123
f 3113//3124 3112//3124 3111//3124
f 3113//3125 3120//3125 3115//3125
f 3119//3126 3116//3126 3115//3126
f 3132//3127 3121//3127 3122//3127
f 3123//3128 3124//3128 3125//3128
f 3132//3129 3122//3129 3123//3129
f 3129//3130 3130//3130 3128//3130
f 3130//3131 3131//3131 3128//3131
f 3131//3132 3132//3132 3127//3132
f 3132//3133 3123//3133 3125//3133
f 3127//3134 3132//3134 3125//3134
f 3125//3135 3126//3135 3127//3135
f 3110//3136 3122//3136 3121//3136
f 3111//3137 3123//3137 3122//3137
f 3111//3138 3112//3138 3124//3138
f 3113//3139 3125//3139 3124//3139
f 3114//3140 3126//3140 3125//3140
f 3115//3141 3127//3141 3126//3141
f 3116//3142 3128//3142 3127//3142
f 3117//3143 3129//3143 3128//3143
f 3118//3144 3130//3144 3129//3144
f 3119//3145 3131//3145 3130//3145
f 3120//3146 3132//3146 3131//3146
f 3109//3147 3121//3147 3132//3147
f 3133//3148 3137//3148 3136//3148
f 3136//3149 3135//3149 3134//3149
f 3138//3150 3139//3150 3141//3150
f 3139//3151 3140//3151 3141//3151
f 3134//3152 3139//3152 3138//3152
f 3135//3153 3140//3153 3139//3153
f 3136//3154 3141//3154 3140//3154
f 3137//3155 3142//3155 3141//3155
f 3133//3156 3138//3156 3142//3156
f 3145//3157 3144//3157 3143//3157
f 3148//3158 3149//3158 3150//3158
f 3144//3159 3148//3159 3147//3159
f 3145//3160 3149//3160 3148//3160
f 3146//3161 3150//3161 3149//3161
f 3143//3162 3147//3162 3150//3162
f 3153//3163 3152//3163 3151//3163
f 3155//3164 3156//3164 3157//3164
f 3152//3165 3156//3165 3155//3165
f 3153//3166 3157//3166 3156//3166
f 3154//3167 3158//3167 3157//3167
f 3151//3168 3155//3168 3158//3168
