# Original asset generated in Blender
v 0.034201 0.823555 0.156000
v 0.035740 0.819181 0.156000
v 0.036839 0.814499 0.156000
v 0.037498 0.809510 0.156000
v 0.037718 0.804213 0.156000
v 0.037531 0.799432 0.156000
v 0.036971 0.794937 0.156000
v 0.036036 0.790728 0.156000
v 0.034729 0.786804 0.156000
v 0.032377 0.781578 0.156000
v 0.029365 0.776979 0.156000
v 0.025695 0.773006 0.156000
v 0.021365 0.769660 0.156000
v 0.016463 0.767006 0.156000
v 0.011078 0.765110 0.156000
v 0.005209 0.763972 0.156000
v -0.001143 0.763593 0.156000
v -0.007435 0.764005 0.156000
v -0.013298 0.765242 0.156000
v -0.018733 0.767302 0.156000
v -0.023739 0.770187 0.156000
v -0.028184 0.773776 0.156000
v -0.031937 0.777946 0.156000
v -0.034998 0.782699 0.156000
v -0.037366 0.788035 0.156000
v -0.038311 0.790969 0.156000
v -0.039037 0.794321 0.156000
v -0.039542 0.798091 0.156000
v -0.039828 0.802278 0.156000
v -0.039696 0.803201 0.156000
v -0.039300 0.803861 0.156000
v -0.038641 0.804256 0.156000
v -0.037718 0.804388 0.156000
v -0.021365 0.804388 0.156000
v -0.020442 0.804256 0.156000
v -0.019782 0.803861 0.156000
v -0.019386 0.803201 0.156000
v -0.019255 0.802278 0.156000
v -0.019013 0.799608 0.156000
v -0.018639 0.797223 0.156000
v -0.018134 0.795124 0.156000
v -0.017496 0.793310 0.156000
v -0.016535 0.790645 0.156000
v -0.015232 0.788277 0.156000
v -0.013589 0.786205 0.156000
v -0.011606 0.784430 0.156000
v -0.009336 0.783007 0.156000
v -0.006836 0.781991 0.156000
v -0.004105 0.781381 0.156000
v -0.001143 0.781177 0.156000
v 0.004209 0.781837 0.156000
v 0.008660 0.783815 0.156000
v 0.012210 0.787112 0.156000
v 0.014859 0.791728 0.156000
v 0.015859 0.794464 0.156000
v 0.016573 0.797575 0.156000
v 0.017002 0.801058 0.156000
v 0.017144 0.804916 0.156000
v 0.016980 0.809202 0.156000
v 0.016485 0.813092 0.156000
v 0.015661 0.816587 0.156000
v 0.014507 0.819687 0.156000
v 0.011803 0.823995 0.156000
v 0.008265 0.827072 0.156000
v 0.003890 0.828918 0.156000
v -0.001319 0.829534 0.156000
v -0.002945 0.829314 0.156000
v -0.004836 0.828654 0.156000
v -0.006990 0.827555 0.156000
v -0.009407 0.826017 0.156000
v -0.009748 0.825863 0.156000
v -0.010067 0.825753 0.156000
v -0.010364 0.825687 0.156000
v -0.010638 0.825665 0.156000
v -0.011078 0.825731 0.156000
v -0.011518 0.825929 0.156000
v -0.011957 0.826259 0.156000
v -0.012397 0.826720 0.156000
v -0.020485 0.837974 0.156000
v -0.020716 0.838392 0.156000
v -0.020881 0.838765 0.156000
v -0.020980 0.839095 0.156000
v -0.021013 0.839381 0.156000
v -0.020969 0.839809 0.156000
v -0.020837 0.840216 0.156000
v -0.020617 0.840601 0.156000
v -0.020310 0.840963 0.156000
v 0.008704 0.869449 0.156000
v 0.008847 0.869625 0.156000
v 0.008924 0.869801 0.156000
v 0.008935 0.869977 0.156000
v 0.008880 0.870153 0.156000
v 0.008770 0.870307 0.156000
v 0.008616 0.870417 0.156000
v 0.008418 0.870483 0.156000
v 0.008177 0.870505 0.156000
v -0.035784 0.870505 0.156000
v -0.036207 0.870543 0.156000
v -0.036597 0.870658 0.156000
v -0.036954 0.870851 0.156000
v -0.037278 0.871120 0.156000
v -0.037548 0.871444 0.156000
v -0.037740 0.871801 0.156000
v -0.037855 0.872192 0.156000
v -0.037894 0.872615 0.156000
v -0.037894 0.885979 0.156000
v -0.037855 0.886402 0.156000
v -0.037740 0.886792 0.156000
v -0.037548 0.887149 0.156000
v -0.037278 0.887473 0.156000
v -0.036954 0.887743 0.156000
v -0.036597 0.887935 0.156000
v -0.036207 0.888050 0.156000
v -0.035784 0.888089 0.156000
v 0.034377 0.888089 0.156000
v 0.034800 0.888050 0.156000
v 0.035190 0.887935 0.156000
v 0.035547 0.887743 0.156000
v 0.035872 0.887473 0.156000
v 0.036141 0.887149 0.156000
v 0.036333 0.886792 0.156000
v 0.036449 0.886402 0.156000
v 0.036487 0.885979 0.156000
v 0.036487 0.870680 0.156000
v 0.036421 0.869922 0.156000
v 0.036223 0.869230 0.156000
v 0.035894 0.868603 0.156000
v 0.035432 0.868043 0.156000
v 0.010287 0.842722 0.156000
v 0.010067 0.842392 0.156000
v 0.010111 0.842106 0.156000
v 0.010419 0.841864 0.156000
v 0.010990 0.841667 0.156000
v 0.018573 0.839677 0.156000
v 0.024969 0.835996 0.156000
v 0.030179 0.830622 0.156000
v 0.034201 0.823555 0.154000
v 0.035740 0.819181 0.154000
v 0.036839 0.814499 0.154000
v 0.037498 0.809510 0.154000
v 0.037718 0.804213 0.154000
v 0.037531 0.799432 0.154000
v 0.036971 0.794937 0.154000
v 0.036036 0.790728 0.154000
v 0.034729 0.786804 0.154000
v 0.032377 0.781578 0.154000
v 0.029365 0.776979 0.154000
v 0.025695 0.773006 0.154000
v 0.021365 0.769660 0.154000
v 0.016463 0.767006 0.154000
v 0.011078 0.765110 0.154000
v 0.005209 0.763972 0.154000
v -0.001143 0.763593 0.154000
v -0.007435 0.764005 0.154000
v -0.013298 0.765242 0.154000
v -0.018733 0.767302 0.154000
v -0.023739 0.770187 0.154000
v -0.028184 0.773776 0.154000
v -0.031937 0.777946 0.154000
v -0.034998 0.782699 0.154000
v -0.037366 0.788035 0.154000
v -0.038311 0.790969 0.154000
v -0.039037 0.794321 0.154000
v -0.039542 0.798091 0.154000
v -0.039828 0.802278 0.154000
v -0.039696 0.803201 0.154000
v -0.039300 0.803861 0.154000
v -0.038641 0.804256 0.154000
v -0.037718 0.804388 0.154000
v -0.021365 0.804388 0.154000
v -0.020442 0.804256 0.154000
v -0.019782 0.803861 0.154000
v -0.019386 0.803201 0.154000
v -0.019255 0.802278 0.154000
v -0.019013 0.799608 0.154000
v -0.018639 0.797223 0.154000
v -0.018134 0.795124 0.154000
v -0.017496 0.793310 0.154000
v -0.016535 0.790645 0.154000
v -0.015232 0.788277 0.154000
v -0.013589 0.786205 0.154000
v -0.011606 0.784430 0.154000
v -0.009336 0.783007 0.154000
v -0.006836 0.781991 0.154000
v -0.004105 0.781381 0.154000
v -0.001143 0.781177 0.154000
v 0.004209 0.781837 0.154000
v 0.008660 0.783815 0.154000
v 0.012210 0.787112 0.154000
v 0.014859 0.791728 0.154000
v 0.015859 0.794464 0.154000
v 0.016573 0.797575 0.154000
v 0.017002 0.801058 0.154000
v 0.017144 0.804916 0.154000
v 0.016980 0.809202 0.154000
v 0.016485 0.813092 0.154000
v 0.015661 0.816587 0.154000
v 0.014507 0.819687 0.154000
v 0.011803 0.823995 0.154000
v 0.008265 0.827072 0.154000
v 0.003890 0.828918 0.154000
v -0.001319 0.829534 0.154000
v -0.002945 0.829314 0.154000
v -0.004836 0.828654 0.154000
v -0.006990 0.827555 0.154000
v -0.009407 0.826017 0.154000
v -0.009748 0.825863 0.154000
v -0.010067 0.825753 0.154000
v -0.010364 0.825687 0.154000
v -0.010638 0.825665 0.154000
v -0.011078 0.825731 0.154000
v -0.011518 0.825929 0.154000
v -0.011957 0.826259 0.154000
v -0.012397 0.826720 0.154000
v -0.020485 0.837974 0.154000
v -0.020716 0.838392 0.154000
v -0.020881 0.838765 0.154000
v -0.020980 0.839095 0.154000
v -0.021013 0.839381 0.154000
v -0.020969 0.839809 0.154000
v -0.020837 0.840216 0.154000
v -0.020617 0.840601 0.154000
v -0.020310 0.840963 0.154000
v 0.008704 0.869450 0.154000
v 0.008847 0.869625 0.154000
v 0.008924 0.869801 0.154000
v 0.008935 0.869977 0.154000
v 0.008880 0.870153 0.154000
v 0.008770 0.870307 0.154000
v 0.008616 0.870417 0.154000
v 0.008418 0.870483 0.154000
v 0.008177 0.870505 0.154000
v -0.035784 0.870505 0.154000
v -0.036207 0.870543 0.154000
v -0.036597 0.870658 0.154000
v -0.036954 0.870851 0.154000
v -0.037278 0.871120 0.154000
v -0.037548 0.871444 0.154000
v -0.037740 0.871801 0.154000
v -0.037855 0.872192 0.154000
v -0.037894 0.872615 0.154000
v -0.037894 0.885979 0.154000
v -0.037855 0.886402 0.154000
v -0.037740 0.886792 0.154000
v -0.037548 0.887149 0.154000
v -0.037278 0.887473 0.154000
v -0.036954 0.887743 0.154000
v -0.036597 0.887935 0.154000
v -0.036207 0.888050 0.154000
v -0.035784 0.888089 0.154000
v 0.034377 0.888089 0.154000
v 0.034800 0.888050 0.154000
v 0.035190 0.887935 0.154000
v 0.035547 0.887743 0.154000
v 0.035872 0.887473 0.154000
v 0.036141 0.887149 0.154000
v 0.036333 0.886792 0.154000
v 0.036449 0.886402 0.154000
v 0.036487 0.885979 0.154000
v 0.036487 0.870680 0.154000
v 0.036421 0.869922 0.154000
v 0.036223 0.869230 0.154000
v 0.035894 0.868603 0.154000
v 0.035432 0.868043 0.154000
v 0.010287 0.842722 0.154000
v 0.010067 0.842392 0.154000
v 0.010111 0.842106 0.154000
v 0.010419 0.841864 0.154000
v 0.010990 0.841667 0.154000
v 0.018573 0.839677 0.154000
v 0.024969 0.835996 0.154000
v 0.030179 0.830622 0.154000
v 0.034201 0.823555 0.154000
v 0.034201 0.823555 0.156000
v 0.035740 0.819181 0.154000
v 0.035740 0.819181 0.156000
v 0.036839 0.814499 0.154000
v 0.036839 0.814499 0.156000
v 0.037498 0.809510 0.154000
v 0.037498 0.809510 0.156000
v 0.037718 0.804213 0.154000
v 0.037718 0.804213 0.156000
v 0.037531 0.799432 0.154000
v 0.037531 0.799432 0.156000
v 0.036971 0.794937 0.154000
v 0.036971 0.794937 0.156000
v 0.036036 0.790728 0.154000
v 0.036036 0.790728 0.156000
v 0.034729 0.786804 0.154000
v 0.034729 0.786804 0.156000
v 0.032377 0.781578 0.154000
v 0.032377 0.781578 0.156000
v 0.029365 0.776979 0.154000
v 0.029365 0.776979 0.156000
v 0.025695 0.773006 0.154000
v 0.025695 0.773006 0.156000
v 0.021365 0.769660 0.154000
v 0.021365 0.769660 0.156000
v 0.016463 0.767006 0.154000
v 0.016463 0.767006 0.156000
v 0.011078 0.765110 0.154000
v 0.011078 0.765110 0.156000
v 0.005209 0.763972 0.154000
v 0.005209 0.763972 0.156000
v -0.001143 0.763593 0.154000
v -0.001143 0.763593 0.156000
v -0.007435 0.764005 0.154000
v -0.007435 0.764005 0.156000
v -0.013298 0.765242 0.154000
v -0.013298 0.765242 0.156000
v -0.018733 0.767302 0.154000
v -0.018733 0.767302 0.156000
v -0.023739 0.770187 0.154000
v -0.023739 0.770187 0.156000
v -0.028184 0.773776 0.154000
v -0.028184 0.773776 0.156000
v -0.031937 0.777946 0.154000
v -0.031937 0.777946 0.156000
v -0.034998 0.782699 0.154000
v -0.034998 0.782699 0.156000
v -0.037366 0.788035 0.154000
v -0.037366 0.788035 0.156000
v -0.038311 0.790969 0.154000
v -0.038311 0.790969 0.156000
v -0.039037 0.794321 0.154000
v -0.039037 0.794321 0.156000
v -0.039542 0.798091 0.154000
v -0.039542 0.798091 0.156000
v -0.039828 0.802278 0.154000
v -0.039828 0.802278 0.156000
v -0.039696 0.803201 0.154000
v -0.039696 0.803201 0.156000
v -0.039300 0.803861 0.154000
v -0.039300 0.803861 0.156000
v -0.038641 0.804256 0.154000
v -0.038641 0.804256 0.156000
v -0.037718 0.804388 0.154000
v -0.037718 0.804388 0.156000
v -0.021365 0.804388 0.154000
v -0.021365 0.804388 0.156000
v -0.020442 0.804256 0.154000
v -0.020442 0.804256 0.156000
v -0.019782 0.803861 0.154000
v -0.019782 0.803861 0.156000
v -0.019386 0.803201 0.154000
v -0.019386 0.803201 0.156000
v -0.019255 0.802278 0.154000
v -0.019255 0.802278 0.156000
v -0.019013 0.799608 0.154000
v -0.019013 0.799608 0.156000
v -0.018639 0.797223 0.154000
v -0.018639 0.797223 0.156000
v -0.018134 0.795124 0.154000
v -0.018134 0.795124 0.156000
v -0.017496 0.793310 0.154000
v -0.017496 0.793310 0.156000
v -0.016535 0.790645 0.154000
v -0.016535 0.790645 0.156000
v -0.015232 0.788277 0.154000
v -0.015232 0.788277 0.156000
v -0.013589 0.786205 0.154000
v -0.013589 0.786205 0.156000
v -0.011606 0.784430 0.154000
v -0.011606 0.784430 0.156000
v -0.009336 0.783007 0.154000
v -0.009336 0.783007 0.156000
v -0.006836 0.781991 0.154000
v -0.006836 0.781991 0.156000
v -0.004105 0.781381 0.154000
v -0.004105 0.781381 0.156000
v -0.001143 0.781177 0.154000
v -0.001143 0.781177 0.156000
v 0.004209 0.781837 0.154000
v 0.004209 0.781837 0.156000
v 0.008660 0.783815 0.154000
v 0.008660 0.783815 0.156000
v 0.012210 0.787112 0.154000
v 0.012210 0.787112 0.156000
v 0.014859 0.791728 0.154000
v 0.014859 0.791728 0.156000
v 0.015859 0.794464 0.154000
v 0.015859 0.794464 0.156000
v 0.016573 0.797575 0.154000
v 0.016573 0.797575 0.156000
v 0.017002 0.801058 0.154000
v 0.017002 0.801058 0.156000
v 0.017144 0.804916 0.154000
v 0.017144 0.804916 0.156000
v 0.016980 0.809202 0.154000
v 0.016980 0.809202 0.156000
v 0.016485 0.813092 0.154000
v 0.016485 0.813092 0.156000
v 0.015661 0.816587 0.154000
v 0.015661 0.816587 0.156000
v 0.014507 0.819687 0.154000
v 0.014507 0.819687 0.156000
v 0.011803 0.823995 0.154000
v 0.011803 0.823995 0.156000
v 0.008265 0.827072 0.154000
v 0.008265 0.827072 0.156000
v 0.003890 0.828918 0.154000
v 0.003890 0.828918 0.156000
v -0.001319 0.829534 0.154000
v -0.001319 0.829534 0.156000
v -0.002945 0.829314 0.154000
v -0.002945 0.829314 0.156000
v -0.004836 0.828654 0.154000
v -0.004836 0.828654 0.156000
v -0.006990 0.827555 0.154000
v -0.006990 0.827555 0.156000
v -0.009407 0.826017 0.154000
v -0.009407 0.826017 0.156000
v -0.009748 0.825863 0.154000
v -0.009748 0.825863 0.156000
v -0.010067 0.825753 0.154000
v -0.010067 0.825753 0.156000
v -0.010364 0.825687 0.154000
v -0.010364 0.825687 0.156000
v -0.010638 0.825665 0.154000
v -0.010638 0.825665 0.156000
v -0.011078 0.825731 0.154000
v -0.011078 0.825731 0.156000
v -0.011518 0.825929 0.154000
v -0.011518 0.825929 0.156000
v -0.011957 0.826259 0.154000
v -0.011957 0.826259 0.156000
v -0.012397 0.826720 0.154000
v -0.012397 0.826720 0.156000
v -0.020485 0.837974 0.154000
v -0.020485 0.837974 0.156000
v -0.020716 0.838392 0.154000
v -0.020716 0.838392 0.156000
v -0.020881 0.838765 0.154000
v -0.020881 0.838765 0.156000
v -0.020980 0.839095 0.154000
v -0.020980 0.839095 0.156000
v -0.021013 0.839381 0.154000
v -0.021013 0.839381 0.156000
v -0.020969 0.839809 0.154000
v -0.020969 0.839809 0.156000
v -0.020837 0.840216 0.154000
v -0.020837 0.840216 0.156000
v -0.020617 0.840601 0.154000
v -0.020617 0.840601 0.156000
v -0.020310 0.840963 0.154000
v -0.020310 0.840963 0.156000
v 0.008704 0.869450 0.154000
v 0.008704 0.869449 0.156000
v 0.008847 0.869625 0.154000
v 0.008847 0.869625 0.156000
v 0.008924 0.869801 0.154000
v 0.008924 0.869801 0.156000
v 0.008935 0.869977 0.154000
v 0.008935 0.869977 0.156000
v 0.008880 0.870153 0.154000
v 0.008880 0.870153 0.156000
v 0.008770 0.870307 0.154000
v 0.008770 0.870307 0.156000
v 0.008616 0.870417 0.154000
v 0.008616 0.870417 0.156000
v 0.008418 0.870483 0.154000
v 0.008418 0.870483 0.156000
v 0.008177 0.870505 0.154000
v 0.008177 0.870505 0.156000
v -0.035784 0.870505 0.154000
v -0.035784 0.870505 0.156000
v -0.036207 0.870543 0.154000
v -0.036207 0.870543 0.156000
v -0.036597 0.870658 0.154000
v -0.036597 0.870658 0.156000
v -0.036954 0.870851 0.154000
v -0.036954 0.870851 0.156000
v -0.037278 0.871120 0.154000
v -0.037278 0.871120 0.156000
v -0.037548 0.871444 0.154000
v -0.037548 0.871444 0.156000
v -0.037740 0.871801 0.154000
v -0.037740 0.871801 0.156000
v -0.037855 0.872192 0.154000
v -0.037855 0.872192 0.156000
v -0.037894 0.872615 0.154000
v -0.037894 0.872615 0.156000
v -0.037894 0.885979 0.154000
v -0.037894 0.885979 0.156000
v -0.037855 0.886402 0.154000
v -0.037855 0.886402 0.156000
v -0.037740 0.886792 0.154000
v -0.037740 0.886792 0.156000
v -0.037548 0.887149 0.154000
v -0.037548 0.887149 0.156000
v -0.037278 0.887473 0.154000
v -0.037278 0.887473 0.156000
v -0.036954 0.887743 0.154000
v -0.036954 0.887743 0.156000
v -0.036597 0.887935 0.154000
v -0.036597 0.887935 0.156000
v -0.036207 0.888050 0.154000
v -0.036207 0.888050 0.156000
v -0.035784 0.888089 0.154000
v -0.035784 0.888089 0.156000
v 0.034377 0.888089 0.154000
v 0.034377 0.888089 0.156000
v 0.034800 0.888050 0.154000
v 0.034800 0.888050 0.156000
v 0.035190 0.887935 0.154000
v 0.035190 0.887935 0.156000
v 0.035547 0.887743 0.154000
v 0.035547 0.887743 0.156000
v 0.035872 0.887473 0.154000
v 0.035872 0.887473 0.156000
v 0.036141 0.887149 0.154000
v 0.036141 0.887149 0.156000
v 0.036333 0.886792 0.154000
v 0.036333 0.886792 0.156000
v 0.036449 0.886402 0.154000
v 0.036449 0.886402 0.156000
v 0.036487 0.885979 0.154000
v 0.036487 0.885979 0.156000
v 0.036487 0.870680 0.154000
v 0.036487 0.870680 0.156000
v 0.036421 0.869922 0.154000
v 0.036421 0.869922 0.156000
v 0.036223 0.869230 0.154000
v 0.036223 0.869230 0.156000
v 0.035894 0.868603 0.154000
v 0.035894 0.868603 0.156000
v 0.035432 0.868043 0.154000
v 0.035432 0.868043 0.156000
v 0.010287 0.842722 0.154000
v 0.010287 0.842722 0.156000
v 0.010067 0.842392 0.154000
v 0.010067 0.842392 0.156000
v 0.010111 0.842106 0.154000
v 0.010111 0.842106 0.156000
v 0.010419 0.841864 0.154000
v 0.010419 0.841864 0.156000
v 0.010990 0.841667 0.154000
v 0.010990 0.841667 0.156000
v 0.018573 0.839677 0.154000
v 0.018573 0.839677 0.156000
v 0.024969 0.835996 0.154000
v 0.024969 0.835996 0.156000
v 0.030179 0.830622 0.154000
v 0.030179 0.830622 0.156000
v 0.085838 0.237000 0.156000
v 0.085658 0.237022 0.156000
v 0.085507 0.237088 0.156000
v 0.085385 0.237197 0.156000
v 0.085292 0.237351 0.156000
v 0.080146 0.248580 0.156000
v 0.080102 0.248649 0.156000
v 0.080048 0.248697 0.156000
v 0.079985 0.248726 0.156000
v 0.079912 0.248736 0.156000
v 0.075233 0.248736 0.156000
v 0.075148 0.248724 0.156000
v 0.075087 0.248688 0.156000
v 0.075050 0.248627 0.156000
v 0.075038 0.248541 0.156000
v 0.075038 0.237468 0.156000
v 0.075029 0.237374 0.156000
v 0.075004 0.237288 0.156000
v 0.074961 0.237208 0.156000
v 0.074901 0.237136 0.156000
v 0.074829 0.237077 0.156000
v 0.074750 0.237034 0.156000
v 0.074664 0.237009 0.156000
v 0.074570 0.237000 0.156000
v 0.070983 0.237000 0.156000
v 0.070889 0.237009 0.156000
v 0.070802 0.237034 0.156000
v 0.070723 0.237077 0.156000
v 0.070651 0.237136 0.156000
v 0.070592 0.237208 0.156000
v 0.070549 0.237288 0.156000
v 0.070523 0.237374 0.156000
v 0.070515 0.237468 0.156000
v 0.070515 0.263826 0.156000
v 0.070523 0.263919 0.156000
v 0.070549 0.264006 0.156000
v 0.070592 0.264085 0.156000
v 0.070651 0.264157 0.156000
v 0.070723 0.264217 0.156000
v 0.070802 0.264259 0.156000
v 0.070889 0.264285 0.156000
v 0.070983 0.264294 0.156000
v 0.081705 0.264294 0.156000
v 0.082860 0.264231 0.156000
v 0.083947 0.264045 0.156000
v 0.084966 0.263734 0.156000
v 0.085916 0.263299 0.156000
v 0.086781 0.262751 0.156000
v 0.087544 0.262100 0.156000
v 0.088205 0.261347 0.156000
v 0.088763 0.260492 0.156000
v 0.089206 0.259553 0.156000
v 0.089523 0.258547 0.156000
v 0.089713 0.257476 0.156000
v 0.089776 0.256339 0.156000
v 0.089690 0.255044 0.156000
v 0.089430 0.253849 0.156000
v 0.088998 0.252753 0.156000
v 0.088392 0.251758 0.156000
v 0.087633 0.250884 0.156000
v 0.086740 0.250154 0.156000
v 0.085713 0.249568 0.156000
v 0.084552 0.249126 0.156000
v 0.084515 0.249121 0.156000
v 0.084483 0.249107 0.156000
v 0.084457 0.249082 0.156000
v 0.084435 0.249048 0.156000
v 0.084420 0.249009 0.156000
v 0.084415 0.248970 0.156000
v 0.084420 0.248931 0.156000
v 0.084435 0.248892 0.156000
v 0.089932 0.237546 0.156000
v 0.089966 0.237473 0.156000
v 0.089991 0.237409 0.156000
v 0.090005 0.237356 0.156000
v 0.090010 0.237312 0.156000
v 0.089984 0.237175 0.156000
v 0.089903 0.237078 0.156000
v 0.089769 0.237019 0.156000
v 0.089581 0.237000 0.156000
v 0.075233 0.260394 0.156000
v 0.075148 0.260382 0.156000
v 0.075087 0.260346 0.156000
v 0.075050 0.260285 0.156000
v 0.075038 0.260200 0.156000
v 0.075038 0.252440 0.156000
v 0.075050 0.252355 0.156000
v 0.075087 0.252294 0.156000
v 0.075148 0.252258 0.156000
v 0.075233 0.252245 0.156000
v 0.081081 0.252245 0.156000
v 0.081972 0.252315 0.156000
v 0.082773 0.252523 0.156000
v 0.083483 0.252871 0.156000
v 0.084103 0.253357 0.156000
v 0.084606 0.253957 0.156000
v 0.084966 0.254648 0.156000
v 0.085182 0.255429 0.156000
v 0.085253 0.256300 0.156000
v 0.085182 0.257173 0.156000
v 0.084966 0.257958 0.156000
v 0.084606 0.258655 0.156000
v 0.084103 0.259264 0.156000
v 0.083483 0.259758 0.156000
v 0.082773 0.260112 0.156000
v 0.081972 0.260324 0.156000
v 0.081081 0.260394 0.156000
v 0.055270 0.236688 0.156000
v 0.053868 0.236759 0.156000
v 0.052550 0.236971 0.156000
v 0.051314 0.237324 0.156000
v 0.050162 0.237819 0.156000
v 0.049113 0.238444 0.156000
v 0.048188 0.239188 0.156000
v 0.047387 0.240052 0.156000
v 0.046711 0.241036 0.156000
v 0.046174 0.242119 0.156000
v 0.045790 0.243282 0.156000
v 0.045560 0.244526 0.156000
v 0.045483 0.245851 0.156000
v 0.045483 0.263826 0.156000
v 0.045491 0.263919 0.156000
v 0.045517 0.264006 0.156000
v 0.045560 0.264085 0.156000
v 0.045619 0.264157 0.156000
v 0.045691 0.264217 0.156000
v 0.045770 0.264259 0.156000
v 0.045857 0.264285 0.156000
v 0.045951 0.264294 0.156000
v 0.049538 0.264294 0.156000
v 0.049632 0.264285 0.156000
v 0.049718 0.264259 0.156000
v 0.049797 0.264217 0.156000
v 0.049869 0.264157 0.156000
v 0.049929 0.264085 0.156000
v 0.049972 0.264006 0.156000
v 0.049997 0.263919 0.156000
v 0.050006 0.263826 0.156000
v 0.050006 0.245773 0.156000
v 0.050096 0.244676 0.156000
v 0.050366 0.243687 0.156000
v 0.050817 0.242805 0.156000
v 0.051448 0.242030 0.156000
v 0.052228 0.241399 0.156000
v 0.053125 0.240948 0.156000
v 0.054139 0.240677 0.156000
v 0.055270 0.240587 0.156000
v 0.056400 0.240677 0.156000
v 0.057414 0.240948 0.156000
v 0.058311 0.241399 0.156000
v 0.059091 0.242030 0.156000
v 0.059722 0.242805 0.156000
v 0.060173 0.243687 0.156000
v 0.060443 0.244676 0.156000
v 0.060533 0.245773 0.156000
v 0.060533 0.263826 0.156000
v 0.060542 0.263919 0.156000
v 0.060567 0.264006 0.156000
v 0.060610 0.264085 0.156000
v 0.060670 0.264157 0.156000
v 0.060742 0.264217 0.156000
v 0.060821 0.264259 0.156000
v 0.060907 0.264285 0.156000
v 0.061001 0.264294 0.156000
v 0.064588 0.264294 0.156000
v 0.064682 0.264285 0.156000
v 0.064769 0.264259 0.156000
v 0.064848 0.264217 0.156000
v 0.064920 0.264157 0.156000
v 0.064979 0.264085 0.156000
v 0.065022 0.264006 0.156000
v 0.065048 0.263919 0.156000
v 0.065056 0.263826 0.156000
v 0.065056 0.245851 0.156000
v 0.064981 0.244526 0.156000
v 0.064754 0.243282 0.156000
v 0.064376 0.242119 0.156000
v 0.063847 0.241036 0.156000
v 0.063180 0.240052 0.156000
v 0.062385 0.239188 0.156000
v 0.061464 0.238444 0.156000
v 0.060416 0.237819 0.156000
v 0.059261 0.237324 0.156000
v 0.058018 0.236971 0.156000
v 0.056688 0.236759 0.156000
v 0.041116 0.260862 0.156000
v 0.041107 0.260769 0.156000
v 0.041082 0.260682 0.156000
v 0.041039 0.260603 0.156000
v 0.040979 0.260531 0.156000
v 0.040907 0.260471 0.156000
v 0.040828 0.260429 0.156000
v 0.040742 0.260403 0.156000
v 0.040648 0.260394 0.156000
v 0.027352 0.260394 0.156000
v 0.027267 0.260382 0.156000
v 0.027206 0.260346 0.156000
v 0.027169 0.260285 0.156000
v 0.027157 0.260200 0.156000
v 0.027157 0.252908 0.156000
v 0.027169 0.252823 0.156000
v 0.027206 0.252762 0.156000
v 0.027267 0.252725 0.156000
v 0.027352 0.252713 0.156000
v 0.036281 0.252713 0.156000
v 0.036375 0.252705 0.156000
v 0.036461 0.252679 0.156000
v 0.036541 0.252637 0.156000
v 0.036612 0.252577 0.156000
v 0.036672 0.252505 0.156000
v 0.036715 0.252426 0.156000
v 0.036740 0.252339 0.156000
v 0.036749 0.252245 0.156000
v 0.036749 0.249282 0.156000
v 0.036740 0.249188 0.156000
v 0.036715 0.249102 0.156000
v 0.036672 0.249023 0.156000
v 0.036612 0.248951 0.156000
v 0.036541 0.248891 0.156000
v 0.036461 0.248848 0.156000
v 0.036375 0.248823 0.156000
v 0.036281 0.248814 0.156000
v 0.027352 0.248814 0.156000
v 0.027267 0.248802 0.156000
v 0.027206 0.248765 0.156000
v 0.027169 0.248705 0.156000
v 0.027157 0.248619 0.156000
v 0.027157 0.241094 0.156000
v 0.027169 0.241009 0.156000
v 0.027206 0.240948 0.156000
v 0.027267 0.240911 0.156000
v 0.027352 0.240899 0.156000
v 0.040648 0.240899 0.156000
v 0.040742 0.240891 0.156000
v 0.040828 0.240865 0.156000
v 0.040907 0.240822 0.156000
v 0.040979 0.240763 0.156000
v 0.041039 0.240691 0.156000
v 0.041082 0.240611 0.156000
v 0.041107 0.240525 0.156000
v 0.041116 0.240431 0.156000
v 0.041116 0.237468 0.156000
v 0.041107 0.237374 0.156000
v 0.041082 0.237288 0.156000
v 0.041039 0.237208 0.156000
v 0.040979 0.237136 0.156000
v 0.040907 0.237077 0.156000
v 0.040828 0.237034 0.156000
v 0.040742 0.237009 0.156000
v 0.040648 0.237000 0.156000
v 0.023102 0.237000 0.156000
v 0.023008 0.237009 0.156000
v 0.022922 0.237034 0.156000
v 0.022843 0.237077 0.156000
v 0.022771 0.237136 0.156000
v 0.022711 0.237208 0.156000
v 0.022668 0.237288 0.156000
v 0.022643 0.237374 0.156000
v 0.022634 0.237468 0.156000
v 0.022634 0.263826 0.156000
v 0.022643 0.263919 0.156000
v 0.022668 0.264006 0.156000
v 0.022711 0.264085 0.156000
v 0.022771 0.264157 0.156000
v 0.022843 0.264217 0.156000
v 0.022922 0.264259 0.156000
v 0.023008 0.264285 0.156000
v 0.023102 0.264294 0.156000
v 0.040648 0.264294 0.156000
v 0.040742 0.264285 0.156000
v 0.040828 0.264259 0.156000
v 0.040907 0.264217 0.156000
v 0.040979 0.264157 0.156000
v 0.041039 0.264085 0.156000
v 0.041082 0.264006 0.156000
v 0.041107 0.263919 0.156000
v 0.041116 0.263826 0.156000
v 0.012419 0.263826 0.156000
v 0.012427 0.263919 0.156000
v 0.012453 0.264006 0.156000
v 0.012495 0.264085 0.156000
v 0.012555 0.264157 0.156000
v 0.012627 0.264217 0.156000
v 0.012706 0.264259 0.156000
v 0.012793 0.264285 0.156000
v 0.012886 0.264294 0.156000
v 0.016474 0.264294 0.156000
v 0.016567 0.264285 0.156000
v 0.016654 0.264259 0.156000
v 0.016733 0.264217 0.156000
v 0.016805 0.264157 0.156000
v 0.016865 0.264085 0.156000
v 0.016907 0.264006 0.156000
v 0.016933 0.263919 0.156000
v 0.016942 0.263826 0.156000
v 0.016942 0.237468 0.156000
v 0.016933 0.237374 0.156000
v 0.016907 0.237288 0.156000
v 0.016865 0.237208 0.156000
v 0.016805 0.237136 0.156000
v 0.016733 0.237077 0.156000
v 0.016654 0.237034 0.156000
v 0.016567 0.237009 0.156000
v 0.016474 0.237000 0.156000
v 0.013003 0.237000 0.156000
v 0.012823 0.237019 0.156000
v 0.012672 0.237078 0.156000
v 0.012550 0.237175 0.156000
v 0.012458 0.237312 0.156000
v 0.001228 0.255716 0.156000
v 0.001189 0.255766 0.156000
v 0.001150 0.255798 0.156000
v 0.001111 0.255814 0.156000
v 0.001072 0.255813 0.156000
v 0.001038 0.255795 0.156000
v 0.001014 0.255759 0.156000
v 0.000999 0.255707 0.156000
v 0.000994 0.255638 0.156000
v 0.001072 0.237468 0.156000
v 0.001064 0.237374 0.156000
v 0.001038 0.237288 0.156000
v 0.000995 0.237208 0.156000
v 0.000936 0.237136 0.156000
v 0.000864 0.237077 0.156000
v 0.000785 0.237034 0.156000
v 0.000698 0.237009 0.156000
v 0.000604 0.237000 0.156000
v -0.002983 0.237000 0.156000
v -0.003077 0.237009 0.156000
v -0.003163 0.237034 0.156000
v -0.003242 0.237077 0.156000
v -0.003314 0.237136 0.156000
v -0.003374 0.237208 0.156000
v -0.003417 0.237288 0.156000
v -0.003442 0.237374 0.156000
v -0.003451 0.237468 0.156000
v -0.003451 0.263826 0.156000
v -0.003442 0.263919 0.156000
v -0.003417 0.264006 0.156000
v -0.003374 0.264085 0.156000
v -0.003314 0.264157 0.156000
v -0.003242 0.264217 0.156000
v -0.003163 0.264259 0.156000
v -0.003077 0.264285 0.156000
v -0.002983 0.264294 0.156000
v 0.000487 0.264294 0.156000
v 0.000668 0.264274 0.156000
v 0.000819 0.264216 0.156000
v 0.000941 0.264118 0.156000
v 0.001033 0.263982 0.156000
v 0.012224 0.245578 0.156000
v 0.012263 0.245528 0.156000
v 0.012302 0.245495 0.156000
v 0.012341 0.245479 0.156000
v 0.012380 0.245480 0.156000
v 0.012414 0.245499 0.156000
v 0.012438 0.245534 0.156000
v 0.012453 0.245587 0.156000
v 0.012458 0.245656 0.156000
v -0.013198 0.237000 0.156000
v -0.013292 0.237009 0.156000
v -0.013379 0.237034 0.156000
v -0.013458 0.237077 0.156000
v -0.013530 0.237136 0.156000
v -0.013590 0.237208 0.156000
v -0.013632 0.237288 0.156000
v -0.013658 0.237374 0.156000
v -0.013666 0.237468 0.156000
v -0.013666 0.263826 0.156000
v -0.013658 0.263919 0.156000
v -0.013632 0.264006 0.156000
v -0.013590 0.264085 0.156000
v -0.013530 0.264157 0.156000
v -0.013458 0.264217 0.156000
v -0.013379 0.264259 0.156000
v -0.013292 0.264285 0.156000
v -0.013198 0.264294 0.156000
v -0.009611 0.264294 0.156000
v -0.009517 0.264285 0.156000
v -0.009431 0.264259 0.156000
v -0.009352 0.264217 0.156000
v -0.009280 0.264157 0.156000
v -0.009220 0.264085 0.156000
v -0.009177 0.264006 0.156000
v -0.009152 0.263919 0.156000
v -0.009143 0.263826 0.156000
v -0.009143 0.237468 0.156000
v -0.009152 0.237374 0.156000
v -0.009177 0.237288 0.156000
v -0.009220 0.237208 0.156000
v -0.009280 0.237136 0.156000
v -0.009352 0.237077 0.156000
v -0.009431 0.237034 0.156000
v -0.009517 0.237009 0.156000
v -0.009611 0.237000 0.156000
v -0.023960 0.263982 0.156000
v -0.023853 0.264118 0.156000
v -0.023726 0.264216 0.156000
v -0.023580 0.264274 0.156000
v -0.023414 0.264294 0.156000
v -0.019827 0.264294 0.156000
v -0.019733 0.264285 0.156000
v -0.019647 0.264259 0.156000
v -0.019567 0.264217 0.156000
v -0.019495 0.264157 0.156000
v -0.019436 0.264085 0.156000
v -0.019393 0.264006 0.156000
v -0.019367 0.263919 0.156000
v -0.019359 0.263826 0.156000
v -0.019359 0.237468 0.156000
v -0.019367 0.237374 0.156000
v -0.019393 0.237288 0.156000
v -0.019436 0.237208 0.156000
v -0.019495 0.237136 0.156000
v -0.019567 0.237077 0.156000
v -0.019647 0.237034 0.156000
v -0.019733 0.237009 0.156000
v -0.019827 0.237000 0.156000
v -0.023414 0.237000 0.156000
v -0.023508 0.237009 0.156000
v -0.023594 0.237034 0.156000
v -0.023674 0.237077 0.156000
v -0.023745 0.237136 0.156000
v -0.023805 0.237208 0.156000
v -0.023848 0.237288 0.156000
v -0.023873 0.237374 0.156000
v -0.023882 0.237468 0.156000
v -0.023882 0.256067 0.156000
v -0.023888 0.256120 0.156000
v -0.023906 0.256164 0.156000
v -0.023937 0.256198 0.156000
v -0.023979 0.256222 0.156000
v -0.024024 0.256232 0.156000
v -0.024062 0.256222 0.156000
v -0.024093 0.256193 0.156000
v -0.024116 0.256144 0.156000
v -0.028990 0.248658 0.156000
v -0.029097 0.248522 0.156000
v -0.029224 0.248424 0.156000
v -0.029370 0.248366 0.156000
v -0.029536 0.248346 0.156000
v -0.031329 0.248346 0.156000
v -0.031495 0.248366 0.156000
v -0.031641 0.248424 0.156000
v -0.031768 0.248522 0.156000
v -0.031875 0.248658 0.156000
v -0.036788 0.256105 0.156000
v -0.036811 0.256154 0.156000
v -0.036841 0.256184 0.156000
v -0.036879 0.256193 0.156000
v -0.036924 0.256184 0.156000
v -0.036967 0.256159 0.156000
v -0.036997 0.256125 0.156000
v -0.037016 0.256081 0.156000
v -0.037022 0.256028 0.156000
v -0.037022 0.237468 0.156000
v -0.037030 0.237374 0.156000
v -0.037056 0.237288 0.156000
v -0.037099 0.237208 0.156000
v -0.037158 0.237136 0.156000
v -0.037230 0.237077 0.156000
v -0.037309 0.237034 0.156000
v -0.037396 0.237009 0.156000
v -0.037490 0.237000 0.156000
v -0.041077 0.237000 0.156000
v -0.041171 0.237009 0.156000
v -0.041257 0.237034 0.156000
v -0.041336 0.237077 0.156000
v -0.041408 0.237136 0.156000
v -0.041468 0.237208 0.156000
v -0.041511 0.237288 0.156000
v -0.041536 0.237374 0.156000
v -0.041545 0.237468 0.156000
v -0.041545 0.263826 0.156000
v -0.041536 0.263919 0.156000
v -0.041511 0.264006 0.156000
v -0.041468 0.264085 0.156000
v -0.041408 0.264157 0.156000
v -0.041336 0.264217 0.156000
v -0.041257 0.264259 0.156000
v -0.041171 0.264285 0.156000
v -0.041077 0.264294 0.156000
v -0.037490 0.264294 0.156000
v -0.037324 0.264274 0.156000
v -0.037178 0.264216 0.156000
v -0.037051 0.264118 0.156000
v -0.036944 0.263982 0.156000
v -0.030588 0.254351 0.156000
v -0.030549 0.254317 0.156000
v -0.030510 0.254292 0.156000
v -0.030471 0.254278 0.156000
v -0.030432 0.254273 0.156000
v -0.030396 0.254278 0.156000
v -0.030364 0.254292 0.156000
v -0.030337 0.254317 0.156000
v -0.030315 0.254351 0.156000
v -0.046146 0.260862 0.156000
v -0.046154 0.260769 0.156000
v -0.046180 0.260682 0.156000
v -0.046222 0.260603 0.156000
v -0.046282 0.260531 0.156000
v -0.046354 0.260471 0.156000
v -0.046433 0.260429 0.156000
v -0.046520 0.260403 0.156000
v -0.046614 0.260394 0.156000
v -0.059909 0.260394 0.156000
v -0.059995 0.260382 0.156000
v -0.060056 0.260346 0.156000
v -0.060092 0.260285 0.156000
v -0.060104 0.260200 0.156000
v -0.060104 0.252908 0.156000
v -0.060092 0.252823 0.156000
v -0.060056 0.252762 0.156000
v -0.059995 0.252725 0.156000
v -0.059909 0.252713 0.156000
v -0.050981 0.252713 0.156000
v -0.050887 0.252705 0.156000
v -0.050800 0.252679 0.156000
v -0.050721 0.252637 0.156000
v -0.050649 0.252577 0.156000
v -0.050589 0.252505 0.156000
v -0.050547 0.252426 0.156000
v -0.050521 0.252339 0.156000
v -0.050513 0.252245 0.156000
v -0.050513 0.249282 0.156000
v -0.050521 0.249188 0.156000
v -0.050547 0.249102 0.156000
v -0.050589 0.249023 0.156000
v -0.050649 0.248951 0.156000
v -0.050721 0.248891 0.156000
v -0.050800 0.248848 0.156000
v -0.050887 0.248823 0.156000
v -0.050981 0.248814 0.156000
v -0.059909 0.248814 0.156000
v -0.059995 0.248802 0.156000
v -0.060056 0.248765 0.156000
v -0.060092 0.248705 0.156000
v -0.060104 0.248619 0.156000
v -0.060104 0.241094 0.156000
v -0.060092 0.241009 0.156000
v -0.060056 0.240948 0.156000
v -0.059995 0.240911 0.156000
v -0.059909 0.240899 0.156000
v -0.046614 0.240899 0.156000
v -0.046520 0.240891 0.156000
v -0.046433 0.240865 0.156000
v -0.046354 0.240822 0.156000
v -0.046282 0.240763 0.156000
v -0.046222 0.240691 0.156000
v -0.046180 0.240611 0.156000
v -0.046154 0.240525 0.156000
v -0.046146 0.240431 0.156000
v -0.046146 0.237468 0.156000
v -0.046154 0.237374 0.156000
v -0.046180 0.237288 0.156000
v -0.046222 0.237208 0.156000
v -0.046282 0.237136 0.156000
v -0.046354 0.237077 0.156000
v -0.046433 0.237034 0.156000
v -0.046520 0.237009 0.156000
v -0.046614 0.237000 0.156000
v -0.064159 0.237000 0.156000
v -0.064253 0.237009 0.156000
v -0.064340 0.237034 0.156000
v -0.064419 0.237077 0.156000
v -0.064491 0.237136 0.156000
v -0.064551 0.237208 0.156000
v -0.064593 0.237288 0.156000
v -0.064619 0.237374 0.156000
v -0.064627 0.237468 0.156000
v -0.064627 0.263826 0.156000
v -0.064619 0.263919 0.156000
v -0.064593 0.264006 0.156000
v -0.064551 0.264085 0.156000
v -0.064491 0.264157 0.156000
v -0.064419 0.264217 0.156000
v -0.064340 0.264259 0.156000
v -0.064253 0.264285 0.156000
v -0.064159 0.264294 0.156000
v -0.046614 0.264294 0.156000
v -0.046520 0.264285 0.156000
v -0.046433 0.264259 0.156000
v -0.046354 0.264217 0.156000
v -0.046282 0.264157 0.156000
v -0.046222 0.264085 0.156000
v -0.046180 0.264006 0.156000
v -0.046154 0.263919 0.156000
v -0.046146 0.263826 0.156000
v -0.088256 0.237000 0.156000
v -0.088350 0.237009 0.156000
v -0.088436 0.237034 0.156000
v -0.088515 0.237077 0.156000
v -0.088587 0.237136 0.156000
v -0.088647 0.237208 0.156000
v -0.088690 0.237288 0.156000
v -0.088715 0.237374 0.156000
v -0.088724 0.237468 0.156000
v -0.088724 0.263826 0.156000
v -0.088715 0.263919 0.156000
v -0.088690 0.264006 0.156000
v -0.088647 0.264085 0.156000
v -0.088587 0.264157 0.156000
v -0.088515 0.264217 0.156000
v -0.088436 0.264259 0.156000
v -0.088350 0.264285 0.156000
v -0.088256 0.264294 0.156000
v -0.078742 0.264294 0.156000
v -0.077399 0.264233 0.156000
v -0.076139 0.264050 0.156000
v -0.074962 0.263745 0.156000
v -0.073868 0.263319 0.156000
v -0.072875 0.262779 0.156000
v -0.072001 0.262134 0.156000
v -0.071247 0.261385 0.156000
v -0.070612 0.260531 0.156000
v -0.070109 0.259587 0.156000
v -0.069750 0.258567 0.156000
v -0.069534 0.257471 0.156000
v -0.069462 0.256300 0.156000
v -0.069462 0.244993 0.156000
v -0.069534 0.243822 0.156000
v -0.069750 0.242727 0.156000
v -0.070109 0.241707 0.156000
v -0.070612 0.240763 0.156000
v -0.071247 0.239908 0.156000
v -0.072001 0.239159 0.156000
v -0.072875 0.238515 0.156000
v -0.073868 0.237975 0.156000
v -0.074962 0.237548 0.156000
v -0.076139 0.237244 0.156000
v -0.077399 0.237061 0.156000
v -0.078742 0.237000 0.156000
v -0.084201 0.241094 0.156000
v -0.084189 0.241009 0.156000
v -0.084152 0.240948 0.156000
v -0.084091 0.240911 0.156000
v -0.084006 0.240899 0.156000
v -0.078547 0.240899 0.156000
v -0.077566 0.240981 0.156000
v -0.076690 0.241226 0.156000
v -0.075919 0.241634 0.156000
v -0.075252 0.242205 0.156000
v -0.074713 0.242913 0.156000
v -0.074321 0.243731 0.156000
v -0.074079 0.244658 0.156000
v -0.073985 0.245695 0.156000
v -0.073985 0.255560 0.156000
v -0.074063 0.256614 0.156000
v -0.074297 0.257553 0.156000
v -0.074687 0.258378 0.156000
v -0.075233 0.259088 0.156000
v -0.075910 0.259660 0.156000
v -0.076695 0.260068 0.156000
v -0.077587 0.260313 0.156000
v -0.078586 0.260394 0.156000
v -0.084006 0.260394 0.156000
v -0.084091 0.260382 0.156000
v -0.084152 0.260346 0.156000
v -0.084189 0.260285 0.156000
v -0.084201 0.260200 0.156000
v 0.085838 0.237000 0.154000
v 0.085658 0.237022 0.154000
v 0.085507 0.237088 0.154000
v 0.085385 0.237197 0.154000
v 0.085292 0.237351 0.154000
v 0.080146 0.248580 0.154000
v 0.080102 0.248649 0.154000
v 0.080048 0.248697 0.154000
v 0.079985 0.248726 0.154000
v 0.079912 0.248736 0.154000
v 0.075233 0.248736 0.154000
v 0.075148 0.248724 0.154000
v 0.075087 0.248688 0.154000
v 0.075050 0.248627 0.154000
v 0.075038 0.248541 0.154000
v 0.075038 0.237468 0.154000
v 0.075029 0.237374 0.154000
v 0.075004 0.237288 0.154000
v 0.074961 0.237208 0.154000
v 0.074901 0.237136 0.154000
v 0.074829 0.237077 0.154000
v 0.074750 0.237034 0.154000
v 0.074664 0.237009 0.154000
v 0.074570 0.237000 0.154000
v 0.070983 0.237000 0.154000
v 0.070889 0.237009 0.154000
v 0.070802 0.237034 0.154000
v 0.070723 0.237077 0.154000
v 0.070651 0.237136 0.154000
v 0.070592 0.237208 0.154000
v 0.070549 0.237288 0.154000
v 0.070523 0.237374 0.154000
v 0.070515 0.237468 0.154000
v 0.070515 0.263826 0.154000
v 0.070523 0.263919 0.154000
v 0.070549 0.264006 0.154000
v 0.070592 0.264085 0.154000
v 0.070651 0.264157 0.154000
v 0.070723 0.264217 0.154000
v 0.070802 0.264259 0.154000
v 0.070889 0.264285 0.154000
v 0.070983 0.264294 0.154000
v 0.081705 0.264294 0.154000
v 0.082860 0.264231 0.154000
v 0.083947 0.264045 0.154000
v 0.084966 0.263734 0.154000
v 0.085916 0.263299 0.154000
v 0.086781 0.262751 0.154000
v 0.087544 0.262100 0.154000
v 0.088205 0.261347 0.154000
v 0.088763 0.260492 0.154000
v 0.089206 0.259553 0.154000
v 0.089523 0.258547 0.154000
v 0.089713 0.257476 0.154000
v 0.089776 0.256339 0.154000
v 0.089690 0.255044 0.154000
v 0.089430 0.253849 0.154000
v 0.088998 0.252753 0.154000
v 0.088392 0.251758 0.154000
v 0.087633 0.250884 0.154000
v 0.086740 0.250154 0.154000
v 0.085713 0.249568 0.154000
v 0.084552 0.249126 0.154000
v 0.084515 0.249121 0.154000
v 0.084483 0.249107 0.154000
v 0.084457 0.249082 0.154000
v 0.084435 0.249048 0.154000
v 0.084420 0.249009 0.154000
v 0.084415 0.248970 0.154000
v 0.084420 0.248931 0.154000
v 0.084435 0.248892 0.154000
v 0.089932 0.237546 0.154000
v 0.089966 0.237473 0.154000
v 0.089991 0.237409 0.154000
v 0.090005 0.237356 0.154000
v 0.090010 0.237312 0.154000
v 0.089984 0.237175 0.154000
v 0.089903 0.237078 0.154000
v 0.089769 0.237019 0.154000
v 0.089581 0.237000 0.154000
v 0.075233 0.260394 0.154000
v 0.075148 0.260382 0.154000
v 0.075087 0.260346 0.154000
v 0.075050 0.260285 0.154000
v 0.075038 0.260200 0.154000
v 0.075038 0.252440 0.154000
v 0.075050 0.252355 0.154000
v 0.075087 0.252294 0.154000
v 0.075148 0.252258 0.154000
v 0.075233 0.252245 0.154000
v 0.081081 0.252245 0.154000
v 0.081972 0.252315 0.154000
v 0.082773 0.252523 0.154000
v 0.083483 0.252871 0.154000
v 0.084103 0.253357 0.154000
v 0.084606 0.253957 0.154000
v 0.084966 0.254648 0.154000
v 0.085182 0.255429 0.154000
v 0.085253 0.256300 0.154000
v 0.085182 0.257173 0.154000
v 0.084966 0.257958 0.154000
v 0.084606 0.258655 0.154000
v 0.084103 0.259264 0.154000
v 0.083483 0.259758 0.154000
v 0.082773 0.260112 0.154000
v 0.081972 0.260324 0.154000
v 0.081081 0.260394 0.154000
v 0.055270 0.236688 0.154000
v 0.053868 0.236759 0.154000
v 0.052550 0.236971 0.154000
v 0.051314 0.237324 0.154000
v 0.050162 0.237819 0.154000
v 0.049113 0.238444 0.154000
v 0.048188 0.239188 0.154000
v 0.047387 0.240052 0.154000
v 0.046711 0.241036 0.154000
v 0.046174 0.242119 0.154000
v 0.045790 0.243282 0.154000
v 0.045560 0.244526 0.154000
v 0.045483 0.245851 0.154000
v 0.045483 0.263826 0.154000
v 0.045491 0.263919 0.154000
v 0.045517 0.264006 0.154000
v 0.045560 0.264085 0.154000
v 0.045619 0.264157 0.154000
v 0.045691 0.264217 0.154000
v 0.045770 0.264259 0.154000
v 0.045857 0.264285 0.154000
v 0.045951 0.264294 0.154000
v 0.049538 0.264294 0.154000
v 0.049632 0.264285 0.154000
v 0.049718 0.264259 0.154000
v 0.049797 0.264217 0.154000
v 0.049869 0.264157 0.154000
v 0.049929 0.264085 0.154000
v 0.049972 0.264006 0.154000
v 0.049997 0.263919 0.154000
v 0.050006 0.263826 0.154000
v 0.050006 0.245773 0.154000
v 0.050096 0.244676 0.154000
v 0.050366 0.243687 0.154000
v 0.050817 0.242805 0.154000
v 0.051448 0.242030 0.154000
v 0.052228 0.241399 0.154000
v 0.053125 0.240948 0.154000
v 0.054139 0.240677 0.154000
v 0.055270 0.240587 0.154000
v 0.056400 0.240677 0.154000
v 0.057414 0.240948 0.154000
v 0.058311 0.241399 0.154000
v 0.059091 0.242030 0.154000
v 0.059722 0.242805 0.154000
v 0.060173 0.243687 0.154000
v 0.060443 0.244676 0.154000
v 0.060533 0.245773 0.154000
v 0.060533 0.263826 0.154000
v 0.060542 0.263919 0.154000
v 0.060567 0.264006 0.154000
v 0.060610 0.264085 0.154000
v 0.060670 0.264157 0.154000
v 0.060742 0.264217 0.154000
v 0.060821 0.264259 0.154000
v 0.060907 0.264285 0.154000
v 0.061001 0.264294 0.154000
v 0.064588 0.264294 0.154000
v 0.064682 0.264285 0.154000
v 0.064769 0.264259 0.154000
v 0.064848 0.264217 0.154000
v 0.064920 0.264157 0.154000
v 0.064979 0.264085 0.154000
v 0.065022 0.264006 0.154000
v 0.065048 0.263919 0.154000
v 0.065056 0.263826 0.154000
v 0.065056 0.245851 0.154000
v 0.064981 0.244526 0.154000
v 0.064754 0.243282 0.154000
v 0.064376 0.242119 0.154000
v 0.063847 0.241036 0.154000
v 0.063180 0.240052 0.154000
v 0.062385 0.239188 0.154000
v 0.061464 0.238444 0.154000
v 0.060416 0.237819 0.154000
v 0.059261 0.237324 0.154000
v 0.058018 0.236971 0.154000
v 0.056688 0.236759 0.154000
v 0.041116 0.260862 0.154000
v 0.041107 0.260769 0.154000
v 0.041082 0.260682 0.154000
v 0.041039 0.260603 0.154000
v 0.040979 0.260531 0.154000
v 0.040907 0.260471 0.154000
v 0.040828 0.260429 0.154000
v 0.040742 0.260403 0.154000
v 0.040648 0.260394 0.154000
v 0.027352 0.260394 0.154000
v 0.027267 0.260382 0.154000
v 0.027206 0.260346 0.154000
v 0.027169 0.260285 0.154000
v 0.027157 0.260200 0.154000
v 0.027157 0.252908 0.154000
v 0.027169 0.252823 0.154000
v 0.027206 0.252762 0.154000
v 0.027267 0.252725 0.154000
v 0.027352 0.252713 0.154000
v 0.036281 0.252713 0.154000
v 0.036375 0.252705 0.154000
v 0.036461 0.252679 0.154000
v 0.036541 0.252637 0.154000
v 0.036612 0.252577 0.154000
v 0.036672 0.252505 0.154000
v 0.036715 0.252426 0.154000
v 0.036740 0.252339 0.154000
v 0.036749 0.252245 0.154000
v 0.036749 0.249282 0.154000
v 0.036740 0.249188 0.154000
v 0.036715 0.249102 0.154000
v 0.036672 0.249023 0.154000
v 0.036612 0.248951 0.154000
v 0.036541 0.248891 0.154000
v 0.036461 0.248848 0.154000
v 0.036375 0.248823 0.154000
v 0.036281 0.248814 0.154000
v 0.027352 0.248814 0.154000
v 0.027267 0.248802 0.154000
v 0.027206 0.248765 0.154000
v 0.027169 0.248705 0.154000
v 0.027157 0.248619 0.154000
v 0.027157 0.241094 0.154000
v 0.027169 0.241009 0.154000
v 0.027206 0.240948 0.154000
v 0.027267 0.240911 0.154000
v 0.027352 0.240899 0.154000
v 0.040648 0.240899 0.154000
v 0.040742 0.240891 0.154000
v 0.040828 0.240865 0.154000
v 0.040907 0.240822 0.154000
v 0.040979 0.240763 0.154000
v 0.041039 0.240691 0.154000
v 0.041082 0.240611 0.154000
v 0.041107 0.240525 0.154000
v 0.041116 0.240431 0.154000
v 0.041116 0.237468 0.154000
v 0.041107 0.237374 0.154000
v 0.041082 0.237288 0.154000
v 0.041039 0.237208 0.154000
v 0.040979 0.237136 0.154000
v 0.040907 0.237077 0.154000
v 0.040828 0.237034 0.154000
v 0.040742 0.237009 0.154000
v 0.040648 0.237000 0.154000
v 0.023102 0.237000 0.154000
v 0.023008 0.237009 0.154000
v 0.022922 0.237034 0.154000
v 0.022843 0.237077 0.154000
v 0.022771 0.237136 0.154000
v 0.022711 0.237208 0.154000
v 0.022668 0.237288 0.154000
v 0.022643 0.237374 0.154000
v 0.022634 0.237468 0.154000
v 0.022634 0.263826 0.154000
v 0.022643 0.263919 0.154000
v 0.022668 0.264006 0.154000
v 0.022711 0.264085 0.154000
v 0.022771 0.264157 0.154000
v 0.022843 0.264217 0.154000
v 0.022922 0.264259 0.154000
v 0.023008 0.264285 0.154000
v 0.023102 0.264294 0.154000
v 0.040648 0.264294 0.154000
v 0.040742 0.264285 0.154000
v 0.040828 0.264259 0.154000
v 0.040907 0.264217 0.154000
v 0.040979 0.264157 0.154000
v 0.041039 0.264085 0.154000
v 0.041082 0.264006 0.154000
v 0.041107 0.263919 0.154000
v 0.041116 0.263826 0.154000
v 0.012419 0.263826 0.154000
v 0.012427 0.263919 0.154000
v 0.012453 0.264006 0.154000
v 0.012495 0.264085 0.154000
v 0.012555 0.264157 0.154000
v 0.012627 0.264217 0.154000
v 0.012706 0.264259 0.154000
v 0.012793 0.264285 0.154000
v 0.012886 0.264294 0.154000
v 0.016474 0.264294 0.154000
v 0.016567 0.264285 0.154000
v 0.016654 0.264259 0.154000
v 0.016733 0.264217 0.154000
v 0.016805 0.264157 0.154000
v 0.016865 0.264085 0.154000
v 0.016907 0.264006 0.154000
v 0.016933 0.263919 0.154000
v 0.016942 0.263826 0.154000
v 0.016942 0.237468 0.154000
v 0.016933 0.237374 0.154000
v 0.016907 0.237288 0.154000
v 0.016865 0.237208 0.154000
v 0.016805 0.237136 0.154000
v 0.016733 0.237077 0.154000
v 0.016654 0.237034 0.154000
v 0.016567 0.237009 0.154000
v 0.016474 0.237000 0.154000
v 0.013003 0.237000 0.154000
v 0.012823 0.237019 0.154000
v 0.012672 0.237078 0.154000
v 0.012550 0.237175 0.154000
v 0.012458 0.237312 0.154000
v 0.001228 0.255716 0.154000
v 0.001189 0.255766 0.154000
v 0.001150 0.255798 0.154000
v 0.001111 0.255814 0.154000
v 0.001072 0.255813 0.154000
v 0.001038 0.255795 0.154000
v 0.001014 0.255759 0.154000
v 0.000999 0.255707 0.154000
v 0.000994 0.255638 0.154000
v 0.001072 0.237468 0.154000
v 0.001064 0.237374 0.154000
v 0.001038 0.237288 0.154000
v 0.000995 0.237208 0.154000
v 0.000936 0.237136 0.154000
v 0.000864 0.237077 0.154000
v 0.000785 0.237034 0.154000
v 0.000698 0.237009 0.154000
v 0.000604 0.237000 0.154000
v -0.002983 0.237000 0.154000
v -0.003077 0.237009 0.154000
v -0.003163 0.237034 0.154000
v -0.003242 0.237077 0.154000
v -0.003314 0.237136 0.154000
v -0.003374 0.237208 0.154000
v -0.003417 0.237288 0.154000
v -0.003442 0.237374 0.154000
v -0.003451 0.237468 0.154000
v -0.003451 0.263826 0.154000
v -0.003442 0.263919 0.154000
v -0.003417 0.264006 0.154000
v -0.003374 0.264085 0.154000
v -0.003314 0.264157 0.154000
v -0.003242 0.264217 0.154000
v -0.003163 0.264259 0.154000
v -0.003077 0.264285 0.154000
v -0.002983 0.264294 0.154000
v 0.000487 0.264294 0.154000
v 0.000668 0.264274 0.154000
v 0.000819 0.264216 0.154000
v 0.000941 0.264118 0.154000
v 0.001033 0.263982 0.154000
v 0.012224 0.245578 0.154000
v 0.012263 0.245528 0.154000
v 0.012302 0.245495 0.154000
v 0.012341 0.245479 0.154000
v 0.012380 0.245480 0.154000
v 0.012414 0.245499 0.154000
v 0.012438 0.245534 0.154000
v 0.012453 0.245587 0.154000
v 0.012458 0.245656 0.154000
v -0.013198 0.237000 0.154000
v -0.013292 0.237009 0.154000
v -0.013379 0.237034 0.154000
v -0.013458 0.237077 0.154000
v -0.013530 0.237136 0.154000
v -0.013590 0.237208 0.154000
v -0.013632 0.237288 0.154000
v -0.013658 0.237374 0.154000
v -0.013666 0.237468 0.154000
v -0.013666 0.263826 0.154000
v -0.013658 0.263919 0.154000
v -0.013632 0.264006 0.154000
v -0.013590 0.264085 0.154000
v -0.013530 0.264157 0.154000
v -0.013458 0.264217 0.154000
v -0.013379 0.264259 0.154000
v -0.013292 0.264285 0.154000
v -0.013198 0.264294 0.154000
v -0.009611 0.264294 0.154000
v -0.009517 0.264285 0.154000
v -0.009431 0.264259 0.154000
v -0.009352 0.264217 0.154000
v -0.009280 0.264157 0.154000
v -0.009220 0.264085 0.154000
v -0.009177 0.264006 0.154000
v -0.009152 0.263919 0.154000
v -0.009143 0.263826 0.154000
v -0.009143 0.237468 0.154000
v -0.009152 0.237374 0.154000
v -0.009177 0.237288 0.154000
v -0.009220 0.237208 0.154000
v -0.009280 0.237136 0.154000
v -0.009352 0.237077 0.154000
v -0.009431 0.237034 0.154000
v -0.009517 0.237009 0.154000
v -0.009611 0.237000 0.154000
v -0.023960 0.263982 0.154000
v -0.023853 0.264118 0.154000
v -0.023726 0.264216 0.154000
v -0.023580 0.264274 0.154000
v -0.023414 0.264294 0.154000
v -0.019827 0.264294 0.154000
v -0.019733 0.264285 0.154000
v -0.019647 0.264259 0.154000
v -0.019567 0.264217 0.154000
v -0.019495 0.264157 0.154000
v -0.019436 0.264085 0.154000
v -0.019393 0.264006 0.154000
v -0.019367 0.263919 0.154000
v -0.019359 0.263826 0.154000
v -0.019359 0.237468 0.154000
v -0.019367 0.237374 0.154000
v -0.019393 0.237288 0.154000
v -0.019436 0.237208 0.154000
v -0.019495 0.237136 0.154000
v -0.019567 0.237077 0.154000
v -0.019647 0.237034 0.154000
v -0.019733 0.237009 0.154000
v -0.019827 0.237000 0.154000
v -0.023414 0.237000 0.154000
v -0.023508 0.237009 0.154000
v -0.023594 0.237034 0.154000
v -0.023674 0.237077 0.154000
v -0.023745 0.237136 0.154000
v -0.023805 0.237208 0.154000
v -0.023848 0.237288 0.154000
v -0.023873 0.237374 0.154000
v -0.023882 0.237468 0.154000
v -0.023882 0.256067 0.154000
v -0.023888 0.256120 0.154000
v -0.023906 0.256164 0.154000
v -0.023937 0.256198 0.154000
v -0.023979 0.256222 0.154000
v -0.024024 0.256232 0.154000
v -0.024062 0.256222 0.154000
v -0.024093 0.256193 0.154000
v -0.024116 0.256144 0.154000
v -0.028990 0.248658 0.154000
v -0.029097 0.248522 0.154000
v -0.029224 0.248424 0.154000
v -0.029370 0.248366 0.154000
v -0.029536 0.248346 0.154000
v -0.031329 0.248346 0.154000
v -0.031495 0.248366 0.154000
v -0.031641 0.248424 0.154000
v -0.031768 0.248522 0.154000
v -0.031875 0.248658 0.154000
v -0.036788 0.256105 0.154000
v -0.036811 0.256154 0.154000
v -0.036841 0.256184 0.154000
v -0.036879 0.256193 0.154000
v -0.036924 0.256184 0.154000
v -0.036967 0.256159 0.154000
v -0.036997 0.256125 0.154000
v -0.037016 0.256081 0.154000
v -0.037022 0.256028 0.154000
v -0.037022 0.237468 0.154000
v -0.037030 0.237374 0.154000
v -0.037056 0.237288 0.154000
v -0.037099 0.237208 0.154000
v -0.037158 0.237136 0.154000
v -0.037230 0.237077 0.154000
v -0.037309 0.237034 0.154000
v -0.037396 0.237009 0.154000
v -0.037490 0.237000 0.154000
v -0.041077 0.237000 0.154000
v -0.041171 0.237009 0.154000
v -0.041257 0.237034 0.154000
v -0.041336 0.237077 0.154000
v -0.041408 0.237136 0.154000
v -0.041468 0.237208 0.154000
v -0.041511 0.237288 0.154000
v -0.041536 0.237374 0.154000
v -0.041545 0.237468 0.154000
v -0.041545 0.263826 0.154000
v -0.041536 0.263919 0.154000
v -0.041511 0.264006 0.154000
v -0.041468 0.264085 0.154000
v -0.041408 0.264157 0.154000
v -0.041336 0.264217 0.154000
v -0.041257 0.264259 0.154000
v -0.041171 0.264285 0.154000
v -0.041077 0.264294 0.154000
v -0.037490 0.264294 0.154000
v -0.037324 0.264274 0.154000
v -0.037178 0.264216 0.154000
v -0.037051 0.264118 0.154000
v -0.036944 0.263982 0.154000
v -0.030588 0.254351 0.154000
v -0.030549 0.254317 0.154000
v -0.030510 0.254292 0.154000
v -0.030471 0.254278 0.154000
v -0.030432 0.254273 0.154000
v -0.030396 0.254278 0.154000
v -0.030364 0.254292 0.154000
v -0.030337 0.254317 0.154000
v -0.030315 0.254351 0.154000
v -0.046146 0.260862 0.154000
v -0.046154 0.260769 0.154000
v -0.046180 0.260682 0.154000
v -0.046222 0.260603 0.154000
v -0.046282 0.260531 0.154000
v -0.046354 0.260471 0.154000
v -0.046433 0.260429 0.154000
v -0.046520 0.260403 0.154000
v -0.046614 0.260394 0.154000
v -0.059909 0.260394 0.154000
v -0.059995 0.260382 0.154000
v -0.060056 0.260346 0.154000
v -0.060092 0.260285 0.154000
v -0.060104 0.260200 0.154000
v -0.060104 0.252908 0.154000
v -0.060092 0.252823 0.154000
v -0.060056 0.252762 0.154000
v -0.059995 0.252725 0.154000
v -0.059909 0.252713 0.154000
v -0.050981 0.252713 0.154000
v -0.050887 0.252705 0.154000
v -0.050800 0.252679 0.154000
v -0.050721 0.252637 0.154000
v -0.050649 0.252577 0.154000
v -0.050589 0.252505 0.154000
v -0.050547 0.252426 0.154000
v -0.050521 0.252339 0.154000
v -0.050513 0.252245 0.154000
v -0.050513 0.249282 0.154000
v -0.050521 0.249188 0.154000
v -0.050547 0.249102 0.154000
v -0.050589 0.249023 0.154000
v -0.050649 0.248951 0.154000
v -0.050721 0.248891 0.154000
v -0.050800 0.248848 0.154000
v -0.050887 0.248823 0.154000
v -0.050981 0.248814 0.154000
v -0.059909 0.248814 0.154000
v -0.059995 0.248802 0.154000
v -0.060056 0.248765 0.154000
v -0.060092 0.248705 0.154000
v -0.060104 0.248619 0.154000
v -0.060104 0.241094 0.154000
v -0.060092 0.241009 0.154000
v -0.060056 0.240948 0.154000
v -0.059995 0.240911 0.154000
v -0.059909 0.240899 0.154000
v -0.046614 0.240899 0.154000
v -0.046520 0.240891 0.154000
v -0.046433 0.240865 0.154000
v -0.046354 0.240822 0.154000
v -0.046282 0.240763 0.154000
v -0.046222 0.240691 0.154000
v -0.046180 0.240611 0.154000
v -0.046154 0.240525 0.154000
v -0.046146 0.240431 0.154000
v -0.046146 0.237468 0.154000
v -0.046154 0.237374 0.154000
v -0.046180 0.237288 0.154000
v -0.046222 0.237208 0.154000
v -0.046282 0.237136 0.154000
v -0.046354 0.237077 0.154000
v -0.046433 0.237034 0.154000
v -0.046520 0.237009 0.154000
v -0.046614 0.237000 0.154000
v -0.064159 0.237000 0.154000
v -0.064253 0.237009 0.154000
v -0.064340 0.237034 0.154000
v -0.064419 0.237077 0.154000
v -0.064491 0.237136 0.154000
v -0.064551 0.237208 0.154000
v -0.064593 0.237288 0.154000
v -0.064619 0.237374 0.154000
v -0.064627 0.237468 0.154000
v -0.064627 0.263826 0.154000
v -0.064619 0.263919 0.154000
v -0.064593 0.264006 0.154000
v -0.064551 0.264085 0.154000
v -0.064491 0.264157 0.154000
v -0.064419 0.264217 0.154000
v -0.064340 0.264259 0.154000
v -0.064253 0.264285 0.154000
v -0.064159 0.264294 0.154000
v -0.046614 0.264294 0.154000
v -0.046520 0.264285 0.154000
v -0.046433 0.264259 0.154000
v -0.046354 0.264217 0.154000
v -0.046282 0.264157 0.154000
v -0.046222 0.264085 0.154000
v -0.046180 0.264006 0.154000
v -0.046154 0.263919 0.154000
v -0.046146 0.263826 0.154000
v -0.088256 0.237000 0.154000
v -0.088350 0.237009 0.154000
v -0.088436 0.237034 0.154000
v -0.088515 0.237077 0.154000
v -0.088587 0.237136 0.154000
v -0.088647 0.237208 0.154000
v -0.088690 0.237288 0.154000
v -0.088715 0.237374 0.154000
v -0.088724 0.237468 0.154000
v -0.088724 0.263826 0.154000
v -0.088715 0.263919 0.154000
v -0.088690 0.264006 0.154000
v -0.088647 0.264085 0.154000
v -0.088587 0.264157 0.154000
v -0.088515 0.264217 0.154000
v -0.088436 0.264259 0.154000
v -0.088350 0.264285 0.154000
v -0.088256 0.264294 0.154000
v -0.078742 0.264294 0.154000
v -0.077399 0.264233 0.154000
v -0.076139 0.264050 0.154000
v -0.074962 0.263745 0.154000
v -0.073868 0.263319 0.154000
v -0.072875 0.262779 0.154000
v -0.072001 0.262134 0.154000
v -0.071247 0.261385 0.154000
v -0.070612 0.260531 0.154000
v -0.070109 0.259587 0.154000
v -0.069750 0.258567 0.154000
v -0.069534 0.257471 0.154000
v -0.069462 0.256300 0.154000
v -0.069462 0.244993 0.154000
v -0.069534 0.243822 0.154000
v -0.069750 0.242727 0.154000
v -0.070109 0.241707 0.154000
v -0.070612 0.240763 0.154000
v -0.071247 0.239908 0.154000
v -0.072001 0.239159 0.154000
v -0.072875 0.238515 0.154000
v -0.073868 0.237975 0.154000
v -0.074962 0.237548 0.154000
v -0.076139 0.237244 0.154000
v -0.077399 0.237061 0.154000
v -0.078742 0.237000 0.154000
v -0.084201 0.241094 0.154000
v -0.084189 0.241009 0.154000
v -0.084152 0.240948 0.154000
v -0.084091 0.240911 0.154000
v -0.084006 0.240899 0.154000
v -0.078547 0.240899 0.154000
v -0.077566 0.240981 0.154000
v -0.076690 0.241226 0.154000
v -0.075919 0.241634 0.154000
v -0.075252 0.242205 0.154000
v -0.074713 0.242913 0.154000
v -0.074321 0.243731 0.154000
v -0.074079 0.244658 0.154000
v -0.073985 0.245695 0.154000
v -0.073985 0.255560 0.154000
v -0.074063 0.256614 0.154000
v -0.074297 0.257553 0.154000
v -0.074687 0.258378 0.154000
v -0.075233 0.259088 0.154000
v -0.075910 0.259660 0.154000
v -0.076695 0.260068 0.154000
v -0.077587 0.260313 0.154000
v -0.078586 0.260394 0.154000
v -0.084006 0.260394 0.154000
v -0.084091 0.260382 0.154000
v -0.084152 0.260346 0.154000
v -0.084189 0.260285 0.154000
v -0.084201 0.260200 0.154000
v -0.088256 0.237000 0.154000
v -0.088256 0.237000 0.156000
v -0.088350 0.237009 0.154000
v -0.088350 0.237009 0.156000
v -0.088436 0.237034 0.154000
v -0.088436 0.237034 0.156000
v -0.088515 0.237077 0.154000
v -0.088515 0.237077 0.156000
v -0.088587 0.237136 0.154000
v -0.088587 0.237136 0.156000
v -0.088647 0.237208 0.154000
v -0.088647 0.237208 0.156000
v -0.088690 0.237288 0.154000
v -0.088690 0.237288 0.156000
v -0.088715 0.237374 0.154000
v -0.088715 0.237374 0.156000
v -0.088724 0.237468 0.154000
v -0.088724 0.237468 0.156000
v -0.088724 0.263826 0.154000
v -0.088724 0.263826 0.156000
v -0.088715 0.263919 0.154000
v -0.088715 0.263919 0.156000
v -0.088690 0.264006 0.154000
v -0.088690 0.264006 0.156000
v -0.088647 0.264085 0.154000
v -0.088647 0.264085 0.156000
v -0.088587 0.264157 0.154000
v -0.088587 0.264157 0.156000
v -0.088515 0.264217 0.154000
v -0.088515 0.264217 0.156000
v -0.088436 0.264259 0.154000
v -0.088436 0.264259 0.156000
v -0.088350 0.264285 0.154000
v -0.088350 0.264285 0.156000
v -0.088256 0.264294 0.154000
v -0.088256 0.264294 0.156000
v -0.078742 0.264294 0.154000
v -0.078742 0.264294 0.156000
v -0.077399 0.264233 0.154000
v -0.077399 0.264233 0.156000
v -0.076139 0.264050 0.154000
v -0.076139 0.264050 0.156000
v -0.074962 0.263745 0.154000
v -0.074962 0.263745 0.156000
v -0.073868 0.263319 0.154000
v -0.073868 0.263319 0.156000
v -0.072875 0.262779 0.154000
v -0.072875 0.262779 0.156000
v -0.072001 0.262134 0.154000
v -0.072001 0.262134 0.156000
v -0.071247 0.261385 0.154000
v -0.071247 0.261385 0.156000
v -0.070612 0.260531 0.154000
v -0.070612 0.260531 0.156000
v -0.070109 0.259587 0.154000
v -0.070109 0.259587 0.156000
v -0.069750 0.258567 0.154000
v -0.069750 0.258567 0.156000
v -0.069534 0.257471 0.154000
v -0.069534 0.257471 0.156000
v -0.069462 0.256300 0.154000
v -0.069462 0.256300 0.156000
v -0.069462 0.244993 0.154000
v -0.069462 0.244993 0.156000
v -0.069534 0.243822 0.154000
v -0.069534 0.243822 0.156000
v -0.069750 0.242727 0.154000
v -0.069750 0.242727 0.156000
v -0.070109 0.241707 0.154000
v -0.070109 0.241707 0.156000
v -0.070612 0.240763 0.154000
v -0.070612 0.240763 0.156000
v -0.071247 0.239908 0.154000
v -0.071247 0.239908 0.156000
v -0.072001 0.239159 0.154000
v -0.072001 0.239159 0.156000
v -0.072875 0.238515 0.154000
v -0.072875 0.238515 0.156000
v -0.073868 0.237975 0.154000
v -0.073868 0.237975 0.156000
v -0.074962 0.237548 0.154000
v -0.074962 0.237548 0.156000
v -0.076139 0.237244 0.154000
v -0.076139 0.237244 0.156000
v -0.077399 0.237061 0.154000
v -0.077399 0.237061 0.156000
v -0.078742 0.237000 0.154000
v -0.078742 0.237000 0.156000
v -0.084201 0.241094 0.154000
v -0.084201 0.241094 0.156000
v -0.084189 0.241009 0.154000
v -0.084189 0.241009 0.156000
v -0.084152 0.240948 0.154000
v -0.084152 0.240948 0.156000
v -0.084091 0.240911 0.154000
v -0.084091 0.240911 0.156000
v -0.084006 0.240899 0.154000
v -0.084006 0.240899 0.156000
v -0.078547 0.240899 0.154000
v -0.078547 0.240899 0.156000
v -0.077566 0.240981 0.154000
v -0.077566 0.240981 0.156000
v -0.076690 0.241226 0.154000
v -0.076690 0.241226 0.156000
v -0.075919 0.241634 0.154000
v -0.075919 0.241634 0.156000
v -0.075252 0.242205 0.154000
v -0.075252 0.242205 0.156000
v -0.074713 0.242913 0.154000
v -0.074713 0.242913 0.156000
v -0.074321 0.243731 0.154000
v -0.074321 0.243731 0.156000
v -0.074079 0.244658 0.154000
v -0.074079 0.244658 0.156000
v -0.073985 0.245695 0.154000
v -0.073985 0.245695 0.156000
v -0.073985 0.255560 0.154000
v -0.073985 0.255560 0.156000
v -0.074063 0.256614 0.154000
v -0.074063 0.256614 0.156000
v -0.074297 0.257553 0.154000
v -0.074297 0.257553 0.156000
v -0.074687 0.258378 0.154000
v -0.074687 0.258378 0.156000
v -0.075233 0.259088 0.154000
v -0.075233 0.259088 0.156000
v -0.075910 0.259660 0.154000
v -0.075910 0.259660 0.156000
v -0.076695 0.260068 0.154000
v -0.076695 0.260068 0.156000
v -0.077587 0.260313 0.154000
v -0.077587 0.260313 0.156000
v -0.078586 0.260394 0.154000
v -0.078586 0.260394 0.156000
v -0.084006 0.260394 0.154000
v -0.084006 0.260394 0.156000
v -0.084091 0.260382 0.154000
v -0.084091 0.260382 0.156000
v -0.084152 0.260346 0.154000
v -0.084152 0.260346 0.156000
v -0.084189 0.260285 0.154000
v -0.084189 0.260285 0.156000
v -0.084201 0.260200 0.154000
v -0.084201 0.260200 0.156000
v -0.046146 0.260862 0.154000
v -0.046146 0.260862 0.156000
v -0.046154 0.260769 0.154000
v -0.046154 0.260769 0.156000
v -0.046180 0.260682 0.154000
v -0.046180 0.260682 0.156000
v -0.046222 0.260603 0.154000
v -0.046222 0.260603 0.156000
v -0.046282 0.260531 0.154000
v -0.046282 0.260531 0.156000
v -0.046354 0.260471 0.154000
v -0.046354 0.260471 0.156000
v -0.046433 0.260429 0.154000
v -0.046433 0.260429 0.156000
v -0.046520 0.260403 0.154000
v -0.046520 0.260403 0.156000
v -0.046614 0.260394 0.154000
v -0.046614 0.260394 0.156000
v -0.059909 0.260394 0.154000
v -0.059909 0.260394 0.156000
v -0.059995 0.260382 0.154000
v -0.059995 0.260382 0.156000
v -0.060056 0.260346 0.154000
v -0.060056 0.260346 0.156000
v -0.060092 0.260285 0.154000
v -0.060092 0.260285 0.156000
v -0.060104 0.260200 0.154000
v -0.060104 0.260200 0.156000
v -0.060104 0.252908 0.154000
v -0.060104 0.252908 0.156000
v -0.060092 0.252823 0.154000
v -0.060092 0.252823 0.156000
v -0.060056 0.252762 0.154000
v -0.060056 0.252762 0.156000
v -0.059995 0.252725 0.154000
v -0.059995 0.252725 0.156000
v -0.059909 0.252713 0.154000
v -0.059909 0.252713 0.156000
v -0.050981 0.252713 0.154000
v -0.050981 0.252713 0.156000
v -0.050887 0.252705 0.154000
v -0.050887 0.252705 0.156000
v -0.050800 0.252679 0.154000
v -0.050800 0.252679 0.156000
v -0.050721 0.252637 0.154000
v -0.050721 0.252637 0.156000
v -0.050649 0.252577 0.154000
v -0.050649 0.252577 0.156000
v -0.050589 0.252505 0.154000
v -0.050589 0.252505 0.156000
v -0.050547 0.252426 0.154000
v -0.050547 0.252426 0.156000
v -0.050521 0.252339 0.154000
v -0.050521 0.252339 0.156000
v -0.050513 0.252245 0.154000
v -0.050513 0.252245 0.156000
v -0.050513 0.249282 0.154000
v -0.050513 0.249282 0.156000
v -0.050521 0.249188 0.154000
v -0.050521 0.249188 0.156000
v -0.050547 0.249102 0.154000
v -0.050547 0.249102 0.156000
v -0.050589 0.249023 0.154000
v -0.050589 0.249023 0.156000
v -0.050649 0.248951 0.154000
v -0.050649 0.248951 0.156000
v -0.050721 0.248891 0.154000
v -0.050721 0.248891 0.156000
v -0.050800 0.248848 0.154000
v -0.050800 0.248848 0.156000
v -0.050887 0.248823 0.154000
v -0.050887 0.248823 0.156000
v -0.050981 0.248814 0.154000
v -0.050981 0.248814 0.156000
v -0.059909 0.248814 0.154000
v -0.059909 0.248814 0.156000
v -0.059995 0.248802 0.154000
v -0.059995 0.248802 0.156000
v -0.060056 0.248765 0.154000
v -0.060056 0.248765 0.156000
v -0.060092 0.248705 0.154000
v -0.060092 0.248705 0.156000
v -0.060104 0.248619 0.154000
v -0.060104 0.248619 0.156000
v -0.060104 0.241094 0.154000
v -0.060104 0.241094 0.156000
v -0.060092 0.241009 0.154000
v -0.060092 0.241009 0.156000
v -0.060056 0.240948 0.154000
v -0.060056 0.240948 0.156000
v -0.059995 0.240911 0.154000
v -0.059995 0.240911 0.156000
v -0.059909 0.240899 0.154000
v -0.059909 0.240899 0.156000
v -0.046614 0.240899 0.154000
v -0.046614 0.240899 0.156000
v -0.046520 0.240891 0.154000
v -0.046520 0.240891 0.156000
v -0.046433 0.240865 0.154000
v -0.046433 0.240865 0.156000
v -0.046354 0.240822 0.154000
v -0.046354 0.240822 0.156000
v -0.046282 0.240763 0.154000
v -0.046282 0.240763 0.156000
v -0.046222 0.240691 0.154000
v -0.046222 0.240691 0.156000
v -0.046180 0.240611 0.154000
v -0.046180 0.240611 0.156000
v -0.046154 0.240525 0.154000
v -0.046154 0.240525 0.156000
v -0.046146 0.240431 0.154000
v -0.046146 0.240431 0.156000
v -0.046146 0.237468 0.154000
v -0.046146 0.237468 0.156000
v -0.046154 0.237374 0.154000
v -0.046154 0.237374 0.156000
v -0.046180 0.237288 0.154000
v -0.046180 0.237288 0.156000
v -0.046222 0.237208 0.154000
v -0.046222 0.237208 0.156000
v -0.046282 0.237136 0.154000
v -0.046282 0.237136 0.156000
v -0.046354 0.237077 0.154000
v -0.046354 0.237077 0.156000
v -0.046433 0.237034 0.154000
v -0.046433 0.237034 0.156000
v -0.046520 0.237009 0.154000
v -0.046520 0.237009 0.156000
v -0.046614 0.237000 0.154000
v -0.046614 0.237000 0.156000
v -0.064159 0.237000 0.154000
v -0.064159 0.237000 0.156000
v -0.064253 0.237009 0.154000
v -0.064253 0.237009 0.156000
v -0.064340 0.237034 0.154000
v -0.064340 0.237034 0.156000
v -0.064419 0.237077 0.154000
v -0.064419 0.237077 0.156000
v -0.064491 0.237136 0.154000
v -0.064491 0.237136 0.156000
v -0.064551 0.237208 0.154000
v -0.064551 0.237208 0.156000
v -0.064593 0.237288 0.154000
v -0.064593 0.237288 0.156000
v -0.064619 0.237374 0.154000
v -0.064619 0.237374 0.156000
v -0.064627 0.237468 0.154000
v -0.064627 0.237468 0.156000
v -0.064627 0.263826 0.154000
v -0.064627 0.263826 0.156000
v -0.064619 0.263919 0.154000
v -0.064619 0.263919 0.156000
v -0.064593 0.264006 0.154000
v -0.064593 0.264006 0.156000
v -0.064551 0.264085 0.154000
v -0.064551 0.264085 0.156000
v -0.064491 0.264157 0.154000
v -0.064491 0.264157 0.156000
v -0.064419 0.264217 0.154000
v -0.064419 0.264217 0.156000
v -0.064340 0.264259 0.154000
v -0.064340 0.264259 0.156000
v -0.064253 0.264285 0.154000
v -0.064253 0.264285 0.156000
v -0.064159 0.264294 0.154000
v -0.064159 0.264294 0.156000
v -0.046614 0.264294 0.154000
v -0.046614 0.264294 0.156000
v -0.046520 0.264285 0.154000
v -0.046520 0.264285 0.156000
v -0.046433 0.264259 0.154000
v -0.046433 0.264259 0.156000
v -0.046354 0.264217 0.154000
v -0.046354 0.264217 0.156000
v -0.046282 0.264157 0.154000
v -0.046282 0.264157 0.156000
v -0.046222 0.264085 0.154000
v -0.046222 0.264085 0.156000
v -0.046180 0.264006 0.154000
v -0.046180 0.264006 0.156000
v -0.046154 0.263919 0.154000
v -0.046154 0.263919 0.156000
v -0.046146 0.263826 0.154000
v -0.046146 0.263826 0.156000
v -0.023960 0.263982 0.154000
v -0.023960 0.263982 0.156000
v -0.023853 0.264118 0.154000
v -0.023853 0.264118 0.156000
v -0.023726 0.264216 0.154000
v -0.023726 0.264216 0.156000
v -0.023580 0.264274 0.154000
v -0.023580 0.264274 0.156000
v -0.023414 0.264294 0.154000
v -0.023414 0.264294 0.156000
v -0.019827 0.264294 0.154000
v -0.019827 0.264294 0.156000
v -0.019733 0.264285 0.154000
v -0.019733 0.264285 0.156000
v -0.019647 0.264259 0.154000
v -0.019647 0.264259 0.156000
v -0.019567 0.264217 0.154000
v -0.019567 0.264217 0.156000
v -0.019495 0.264157 0.154000
v -0.019495 0.264157 0.156000
v -0.019436 0.264085 0.154000
v -0.019436 0.264085 0.156000
v -0.019393 0.264006 0.154000
v -0.019393 0.264006 0.156000
v -0.019367 0.263919 0.154000
v -0.019367 0.263919 0.156000
v -0.019359 0.263826 0.154000
v -0.019359 0.263826 0.156000
v -0.019359 0.237468 0.154000
v -0.019359 0.237468 0.156000
v -0.019367 0.237374 0.154000
v -0.019367 0.237374 0.156000
v -0.019393 0.237288 0.154000
v -0.019393 0.237288 0.156000
v -0.019436 0.237208 0.154000
v -0.019436 0.237208 0.156000
v -0.019495 0.237136 0.154000
v -0.019495 0.237136 0.156000
v -0.019567 0.237077 0.154000
v -0.019567 0.237077 0.156000
v -0.019647 0.237034 0.154000
v -0.019647 0.237034 0.156000
v -0.019733 0.237009 0.154000
v -0.019733 0.237009 0.156000
v -0.019827 0.237000 0.154000
v -0.019827 0.237000 0.156000
v -0.023414 0.237000 0.154000
v -0.023414 0.237000 0.156000
v -0.023508 0.237009 0.154000
v -0.023508 0.237009 0.156000
v -0.023594 0.237034 0.154000
v -0.023594 0.237034 0.156000
v -0.023674 0.237077 0.154000
v -0.023674 0.237077 0.156000
v -0.023745 0.237136 0.154000
v -0.023745 0.237136 0.156000
v -0.023805 0.237208 0.154000
v -0.023805 0.237208 0.156000
v -0.023848 0.237288 0.154000
v -0.023848 0.237288 0.156000
v -0.023873 0.237374 0.154000
v -0.023873 0.237374 0.156000
v -0.023882 0.237468 0.154000
v -0.023882 0.237468 0.156000
v -0.023882 0.256067 0.154000
v -0.023882 0.256067 0.156000
v -0.023888 0.256120 0.154000
v -0.023888 0.256120 0.156000
v -0.023906 0.256164 0.154000
v -0.023906 0.256164 0.156000
v -0.023937 0.256198 0.154000
v -0.023937 0.256198 0.156000
v -0.023979 0.256222 0.154000
v -0.023979 0.256222 0.156000
v -0.024024 0.256232 0.154000
v -0.024024 0.256232 0.156000
v -0.024062 0.256222 0.154000
v -0.024062 0.256222 0.156000
v -0.024093 0.256193 0.154000
v -0.024093 0.256193 0.156000
v -0.024116 0.256144 0.154000
v -0.024116 0.256144 0.156000
v -0.028990 0.248658 0.154000
v -0.028990 0.248658 0.156000
v -0.029097 0.248522 0.154000
v -0.029097 0.248522 0.156000
v -0.029224 0.248424 0.154000
v -0.029224 0.248424 0.156000
v -0.029370 0.248366 0.154000
v -0.029370 0.248366 0.156000
v -0.029536 0.248346 0.154000
v -0.029536 0.248346 0.156000
v -0.031329 0.248346 0.154000
v -0.031329 0.248346 0.156000
v -0.031495 0.248366 0.154000
v -0.031495 0.248366 0.156000
v -0.031641 0.248424 0.154000
v -0.031641 0.248424 0.156000
v -0.031768 0.248522 0.154000
v -0.031768 0.248522 0.156000
v -0.031875 0.248658 0.154000
v -0.031875 0.248658 0.156000
v -0.036788 0.256105 0.154000
v -0.036788 0.256105 0.156000
v -0.036811 0.256154 0.154000
v -0.036811 0.256154 0.156000
v -0.036841 0.256184 0.154000
v -0.036841 0.256184 0.156000
v -0.036879 0.256193 0.154000
v -0.036879 0.256193 0.156000
v -0.036924 0.256184 0.154000
v -0.036924 0.256184 0.156000
v -0.036967 0.256159 0.154000
v -0.036967 0.256159 0.156000
v -0.036997 0.256125 0.154000
v -0.036997 0.256125 0.156000
v -0.037016 0.256081 0.154000
v -0.037016 0.256081 0.156000
v -0.037022 0.256028 0.154000
v -0.037022 0.256028 0.156000
v -0.037022 0.237468 0.154000
v -0.037022 0.237468 0.156000
v -0.037030 0.237374 0.154000
v -0.037030 0.237374 0.156000
v -0.037056 0.237288 0.154000
v -0.037056 0.237288 0.156000
v -0.037099 0.237208 0.154000
v -0.037099 0.237208 0.156000
v -0.037158 0.237136 0.154000
v -0.037158 0.237136 0.156000
v -0.037230 0.237077 0.154000
v -0.037230 0.237077 0.156000
v -0.037309 0.237034 0.154000
v -0.037309 0.237034 0.156000
v -0.037396 0.237009 0.154000
v -0.037396 0.237009 0.156000
v -0.037490 0.237000 0.154000
v -0.037490 0.237000 0.156000
v -0.041077 0.237000 0.154000
v -0.041077 0.237000 0.156000
v -0.041171 0.237009 0.154000
v -0.041171 0.237009 0.156000
v -0.041257 0.237034 0.154000
v -0.041257 0.237034 0.156000
v -0.041336 0.237077 0.154000
v -0.041336 0.237077 0.156000
v -0.041408 0.237136 0.154000
v -0.041408 0.237136 0.156000
v -0.041468 0.237208 0.154000
v -0.041468 0.237208 0.156000
v -0.041511 0.237288 0.154000
v -0.041511 0.237288 0.156000
v -0.041536 0.237374 0.154000
v -0.041536 0.237374 0.156000
v -0.041545 0.237468 0.154000
v -0.041545 0.237468 0.156000
v -0.041545 0.263826 0.154000
v -0.041545 0.263826 0.156000
v -0.041536 0.263919 0.154000
v -0.041536 0.263919 0.156000
v -0.041511 0.264006 0.154000
v -0.041511 0.264006 0.156000
v -0.041468 0.264085 0.154000
v -0.041468 0.264085 0.156000
v -0.041408 0.264157 0.154000
v -0.041408 0.264157 0.156000
v -0.041336 0.264217 0.154000
v -0.041336 0.264217 0.156000
v -0.041257 0.264259 0.154000
v -0.041257 0.264259 0.156000
v -0.041171 0.264285 0.154000
v -0.041171 0.264285 0.156000
v -0.041077 0.264294 0.154000
v -0.041077 0.264294 0.156000
v -0.037490 0.264294 0.154000
v -0.037490 0.264294 0.156000
v -0.037324 0.264274 0.154000
v -0.037324 0.264274 0.156000
v -0.037178 0.264216 0.154000
v -0.037178 0.264216 0.156000
v -0.037051 0.264118 0.154000
v -0.037051 0.264118 0.156000
v -0.036944 0.263982 0.154000
v -0.036944 0.263982 0.156000
v -0.030588 0.254351 0.154000
v -0.030588 0.254351 0.156000
v -0.030549 0.254317 0.154000
v -0.030549 0.254317 0.156000
v -0.030510 0.254292 0.154000
v -0.030510 0.254292 0.156000
v -0.030471 0.254278 0.154000
v -0.030471 0.254278 0.156000
v -0.030432 0.254273 0.154000
v -0.030432 0.254273 0.156000
v -0.030396 0.254278 0.154000
v -0.030396 0.254278 0.156000
v -0.030364 0.254292 0.154000
v -0.030364 0.254292 0.156000
v -0.030337 0.254317 0.154000
v -0.030337 0.254317 0.156000
v -0.030315 0.254351 0.154000
v -0.030315 0.254351 0.156000
v -0.013198 0.237000 0.154000
v -0.013198 0.237000 0.156000
v -0.013292 0.237009 0.154000
v -0.013292 0.237009 0.156000
v -0.013379 0.237034 0.154000
v -0.013379 0.237034 0.156000
v -0.013458 0.237077 0.154000
v -0.013458 0.237077 0.156000
v -0.013530 0.237136 0.154000
v -0.013530 0.237136 0.156000
v -0.013590 0.237208 0.154000
v -0.013590 0.237208 0.156000
v -0.013632 0.237288 0.154000
v -0.013632 0.237288 0.156000
v -0.013658 0.237374 0.154000
v -0.013658 0.237374 0.156000
v -0.013666 0.237468 0.154000
v -0.013666 0.237468 0.156000
v -0.013666 0.263826 0.154000
v -0.013666 0.263826 0.156000
v -0.013658 0.263919 0.154000
v -0.013658 0.263919 0.156000
v -0.013632 0.264006 0.154000
v -0.013632 0.264006 0.156000
v -0.013590 0.264085 0.154000
v -0.013590 0.264085 0.156000
v -0.013530 0.264157 0.154000
v -0.013530 0.264157 0.156000
v -0.013458 0.264217 0.154000
v -0.013458 0.264217 0.156000
v -0.013379 0.264259 0.154000
v -0.013379 0.264259 0.156000
v -0.013292 0.264285 0.154000
v -0.013292 0.264285 0.156000
v -0.013198 0.264294 0.154000
v -0.013198 0.264294 0.156000
v -0.009611 0.264294 0.154000
v -0.009611 0.264294 0.156000
v -0.009517 0.264285 0.154000
v -0.009517 0.264285 0.156000
v -0.009431 0.264259 0.154000
v -0.009431 0.264259 0.156000
v -0.009352 0.264217 0.154000
v -0.009352 0.264217 0.156000
v -0.009280 0.264157 0.154000
v -0.009280 0.264157 0.156000
v -0.009220 0.264085 0.154000
v -0.009220 0.264085 0.156000
v -0.009177 0.264006 0.154000
v -0.009177 0.264006 0.156000
v -0.009152 0.263919 0.154000
v -0.009152 0.263919 0.156000
v -0.009143 0.263826 0.154000
v -0.009143 0.263826 0.156000
v -0.009143 0.237468 0.154000
v -0.009143 0.237468 0.156000
v -0.009152 0.237374 0.154000
v -0.009152 0.237374 0.156000
v -0.009177 0.237288 0.154000
v -0.009177 0.237288 0.156000
v -0.009220 0.237208 0.154000
v -0.009220 0.237208 0.156000
v -0.009280 0.237136 0.154000
v -0.009280 0.237136 0.156000
v -0.009352 0.237077 0.154000
v -0.009352 0.237077 0.156000
v -0.009431 0.237034 0.154000
v -0.009431 0.237034 0.156000
v -0.009517 0.237009 0.154000
v -0.009517 0.237009 0.156000
v -0.009611 0.237000 0.154000
v -0.009611 0.237000 0.156000
v 0.012419 0.263826 0.154000
v 0.012419 0.263826 0.156000
v 0.012427 0.263919 0.154000
v 0.012427 0.263919 0.156000
v 0.012453 0.264006 0.154000
v 0.012453 0.264006 0.156000
v 0.012495 0.264085 0.154000
v 0.012495 0.264085 0.156000
v 0.012555 0.264157 0.154000
v 0.012555 0.264157 0.156000
v 0.012627 0.264217 0.154000
v 0.012627 0.264217 0.156000
v 0.012706 0.264259 0.154000
v 0.012706 0.264259 0.156000
v 0.012793 0.264285 0.154000
v 0.012793 0.264285 0.156000
v 0.012886 0.264294 0.154000
v 0.012886 0.264294 0.156000
v 0.016474 0.264294 0.154000
v 0.016474 0.264294 0.156000
v 0.016567 0.264285 0.154000
v 0.016567 0.264285 0.156000
v 0.016654 0.264259 0.154000
v 0.016654 0.264259 0.156000
v 0.016733 0.264217 0.154000
v 0.016733 0.264217 0.156000
v 0.016805 0.264157 0.154000
v 0.016805 0.264157 0.156000
v 0.016865 0.264085 0.154000
v 0.016865 0.264085 0.156000
v 0.016907 0.264006 0.154000
v 0.016907 0.264006 0.156000
v 0.016933 0.263919 0.154000
v 0.016933 0.263919 0.156000
v 0.016942 0.263826 0.154000
v 0.016942 0.263826 0.156000
v 0.016942 0.237468 0.154000
v 0.016942 0.237468 0.156000
v 0.016933 0.237374 0.154000
v 0.016933 0.237374 0.156000
v 0.016907 0.237288 0.154000
v 0.016907 0.237288 0.156000
v 0.016865 0.237208 0.154000
v 0.016865 0.237208 0.156000
v 0.016805 0.237136 0.154000
v 0.016805 0.237136 0.156000
v 0.016733 0.237077 0.154000
v 0.016733 0.237077 0.156000
v 0.016654 0.237034 0.154000
v 0.016654 0.237034 0.156000
v 0.016567 0.237009 0.154000
v 0.016567 0.237009 0.156000
v 0.016474 0.237000 0.154000
v 0.016474 0.237000 0.156000
v 0.013003 0.237000 0.154000
v 0.013003 0.237000 0.156000
v 0.012823 0.237019 0.154000
v 0.012823 0.237019 0.156000
v 0.012672 0.237078 0.154000
v 0.012672 0.237078 0.156000
v 0.012550 0.237175 0.154000
v 0.012550 0.237175 0.156000
v 0.012458 0.237312 0.154000
v 0.012458 0.237312 0.156000
v 0.001228 0.255716 0.154000
v 0.001228 0.255716 0.156000
v 0.001189 0.255766 0.154000
v 0.001189 0.255766 0.156000
v 0.001150 0.255798 0.154000
v 0.001150 0.255798 0.156000
v 0.001111 0.255814 0.154000
v 0.001111 0.255814 0.156000
v 0.001072 0.255813 0.154000
v 0.001072 0.255813 0.156000
v 0.001038 0.255795 0.154000
v 0.001038 0.255795 0.156000
v 0.001014 0.255759 0.154000
v 0.001014 0.255759 0.156000
v 0.000999 0.255707 0.154000
v 0.000999 0.255707 0.156000
v 0.000994 0.255638 0.154000
v 0.000994 0.255638 0.156000
v 0.001072 0.237468 0.154000
v 0.001072 0.237468 0.156000
v 0.001064 0.237374 0.154000
v 0.001064 0.237374 0.156000
v 0.001038 0.237288 0.154000
v 0.001038 0.237288 0.156000
v 0.000995 0.237208 0.154000
v 0.000995 0.237208 0.156000
v 0.000936 0.237136 0.154000
v 0.000936 0.237136 0.156000
v 0.000864 0.237077 0.154000
v 0.000864 0.237077 0.156000
v 0.000785 0.237034 0.154000
v 0.000785 0.237034 0.156000
v 0.000698 0.237009 0.154000
v 0.000698 0.237009 0.156000
v 0.000604 0.237000 0.154000
v 0.000604 0.237000 0.156000
v -0.002983 0.237000 0.154000
v -0.002983 0.237000 0.156000
v -0.003077 0.237009 0.154000
v -0.003077 0.237009 0.156000
v -0.003163 0.237034 0.154000
v -0.003163 0.237034 0.156000
v -0.003242 0.237077 0.154000
v -0.003242 0.237077 0.156000
v -0.003314 0.237136 0.154000
v -0.003314 0.237136 0.156000
v -0.003374 0.237208 0.154000
v -0.003374 0.237208 0.156000
v -0.003417 0.237288 0.154000
v -0.003417 0.237288 0.156000
v -0.003442 0.237374 0.154000
v -0.003442 0.237374 0.156000
v -0.003451 0.237468 0.154000
v -0.003451 0.237468 0.156000
v -0.003451 0.263826 0.154000
v -0.003451 0.263826 0.156000
v -0.003442 0.263919 0.154000
v -0.003442 0.263919 0.156000
v -0.003417 0.264006 0.154000
v -0.003417 0.264006 0.156000
v -0.003374 0.264085 0.154000
v -0.003374 0.264085 0.156000
v -0.003314 0.264157 0.154000
v -0.003314 0.264157 0.156000
v -0.003242 0.264217 0.154000
v -0.003242 0.264217 0.156000
v -0.003163 0.264259 0.154000
v -0.003163 0.264259 0.156000
v -0.003077 0.264285 0.154000
v -0.003077 0.264285 0.156000
v -0.002983 0.264294 0.154000
v -0.002983 0.264294 0.156000
v 0.000487 0.264294 0.154000
v 0.000487 0.264294 0.156000
v 0.000668 0.264274 0.154000
v 0.000668 0.264274 0.156000
v 0.000819 0.264216 0.154000
v 0.000819 0.264216 0.156000
v 0.000941 0.264118 0.154000
v 0.000941 0.264118 0.156000
v 0.001033 0.263982 0.154000
v 0.001033 0.263982 0.156000
v 0.012224 0.245578 0.154000
v 0.012224 0.245578 0.156000
v 0.012263 0.245528 0.154000
v 0.012263 0.245528 0.156000
v 0.012302 0.245495 0.154000
v 0.012302 0.245495 0.156000
v 0.012341 0.245479 0.154000
v 0.012341 0.245479 0.156000
v 0.012380 0.245480 0.154000
v 0.012380 0.245480 0.156000
v 0.012414 0.245499 0.154000
v 0.012414 0.245499 0.156000
v 0.012438 0.245534 0.154000
v 0.012438 0.245534 0.156000
v 0.012453 0.245587 0.154000
v 0.012453 0.245587 0.156000
v 0.012458 0.245656 0.154000
v 0.012458 0.245656 0.156000
v 0.041116 0.260862 0.154000
v 0.041116 0.260862 0.156000
v 0.041107 0.260769 0.154000
v 0.041107 0.260769 0.156000
v 0.041082 0.260682 0.154000
v 0.041082 0.260682 0.156000
v 0.041039 0.260603 0.154000
v 0.041039 0.260603 0.156000
v 0.040979 0.260531 0.154000
v 0.040979 0.260531 0.156000
v 0.040907 0.260471 0.154000
v 0.040907 0.260471 0.156000
v 0.040828 0.260429 0.154000
v 0.040828 0.260429 0.156000
v 0.040742 0.260403 0.154000
v 0.040742 0.260403 0.156000
v 0.040648 0.260394 0.154000
v 0.040648 0.260394 0.156000
v 0.027352 0.260394 0.154000
v 0.027352 0.260394 0.156000
v 0.027267 0.260382 0.154000
v 0.027267 0.260382 0.156000
v 0.027206 0.260346 0.154000
v 0.027206 0.260346 0.156000
v 0.027169 0.260285 0.154000
v 0.027169 0.260285 0.156000
v 0.027157 0.260200 0.154000
v 0.027157 0.260200 0.156000
v 0.027157 0.252908 0.154000
v 0.027157 0.252908 0.156000
v 0.027169 0.252823 0.154000
v 0.027169 0.252823 0.156000
v 0.027206 0.252762 0.154000
v 0.027206 0.252762 0.156000
v 0.027267 0.252725 0.154000
v 0.027267 0.252725 0.156000
v 0.027352 0.252713 0.154000
v 0.027352 0.252713 0.156000
v 0.036281 0.252713 0.154000
v 0.036281 0.252713 0.156000
v 0.036375 0.252705 0.154000
v 0.036375 0.252705 0.156000
v 0.036461 0.252679 0.154000
v 0.036461 0.252679 0.156000
v 0.036541 0.252637 0.154000
v 0.036541 0.252637 0.156000
v 0.036612 0.252577 0.154000
v 0.036612 0.252577 0.156000
v 0.036672 0.252505 0.154000
v 0.036672 0.252505 0.156000
v 0.036715 0.252426 0.154000
v 0.036715 0.252426 0.156000
v 0.036740 0.252339 0.154000
v 0.036740 0.252339 0.156000
v 0.036749 0.252245 0.154000
v 0.036749 0.252245 0.156000
v 0.036749 0.249282 0.154000
v 0.036749 0.249282 0.156000
v 0.036740 0.249188 0.154000
v 0.036740 0.249188 0.156000
v 0.036715 0.249102 0.154000
v 0.036715 0.249102 0.156000
v 0.036672 0.249023 0.154000
v 0.036672 0.249023 0.156000
v 0.036612 0.248951 0.154000
v 0.036612 0.248951 0.156000
v 0.036541 0.248891 0.154000
v 0.036541 0.248891 0.156000
v 0.036461 0.248848 0.154000
v 0.036461 0.248848 0.156000
v 0.036375 0.248823 0.154000
v 0.036375 0.248823 0.156000
v 0.036281 0.248814 0.154000
v 0.036281 0.248814 0.156000
v 0.027352 0.248814 0.154000
v 0.027352 0.248814 0.156000
v 0.027267 0.248802 0.154000
v 0.027267 0.248802 0.156000
v 0.027206 0.248765 0.154000
v 0.027206 0.248765 0.156000
v 0.027169 0.248705 0.154000
v 0.027169 0.248705 0.156000
v 0.027157 0.248619 0.154000
v 0.027157 0.248619 0.156000
v 0.027157 0.241094 0.154000
v 0.027157 0.241094 0.156000
v 0.027169 0.241009 0.154000
v 0.027169 0.241009 0.156000
v 0.027206 0.240948 0.154000
v 0.027206 0.240948 0.156000
v 0.027267 0.240911 0.154000
v 0.027267 0.240911 0.156000
v 0.027352 0.240899 0.154000
v 0.027352 0.240899 0.156000
v 0.040648 0.240899 0.154000
v 0.040648 0.240899 0.156000
v 0.040742 0.240891 0.154000
v 0.040742 0.240891 0.156000
v 0.040828 0.240865 0.154000
v 0.040828 0.240865 0.156000
v 0.040907 0.240822 0.154000
v 0.040907 0.240822 0.156000
v 0.040979 0.240763 0.154000
v 0.040979 0.240763 0.156000
v 0.041039 0.240691 0.154000
v 0.041039 0.240691 0.156000
v 0.041082 0.240611 0.154000
v 0.041082 0.240611 0.156000
v 0.041107 0.240525 0.154000
v 0.041107 0.240525 0.156000
v 0.041116 0.240431 0.154000
v 0.041116 0.240431 0.156000
v 0.041116 0.237468 0.154000
v 0.041116 0.237468 0.156000
v 0.041107 0.237374 0.154000
v 0.041107 0.237374 0.156000
v 0.041082 0.237288 0.154000
v 0.041082 0.237288 0.156000
v 0.041039 0.237208 0.154000
v 0.041039 0.237208 0.156000
v 0.040979 0.237136 0.154000
v 0.040979 0.237136 0.156000
v 0.040907 0.237077 0.154000
v 0.040907 0.237077 0.156000
v 0.040828 0.237034 0.154000
v 0.040828 0.237034 0.156000
v 0.040742 0.237009 0.154000
v 0.040742 0.237009 0.156000
v 0.040648 0.237000 0.154000
v 0.040648 0.237000 0.156000
v 0.023102 0.237000 0.154000
v 0.023102 0.237000 0.156000
v 0.023008 0.237009 0.154000
v 0.023008 0.237009 0.156000
v 0.022922 0.237034 0.154000
v 0.022922 0.237034 0.156000
v 0.022843 0.237077 0.154000
v 0.022843 0.237077 0.156000
v 0.022771 0.237136 0.154000
v 0.022771 0.237136 0.156000
v 0.022711 0.237208 0.154000
v 0.022711 0.237208 0.156000
v 0.022668 0.237288 0.154000
v 0.022668 0.237288 0.156000
v 0.022643 0.237374 0.154000
v 0.022643 0.237374 0.156000
v 0.022634 0.237468 0.154000
v 0.022634 0.237468 0.156000
v 0.022634 0.263826 0.154000
v 0.022634 0.263826 0.156000
v 0.022643 0.263919 0.154000
v 0.022643 0.263919 0.156000
v 0.022668 0.264006 0.154000
v 0.022668 0.264006 0.156000
v 0.022711 0.264085 0.154000
v 0.022711 0.264085 0.156000
v 0.022771 0.264157 0.154000
v 0.022771 0.264157 0.156000
v 0.022843 0.264217 0.154000
v 0.022843 0.264217 0.156000
v 0.022922 0.264259 0.154000
v 0.022922 0.264259 0.156000
v 0.023008 0.264285 0.154000
v 0.023008 0.264285 0.156000
v 0.023102 0.264294 0.154000
v 0.023102 0.264294 0.156000
v 0.040648 0.264294 0.154000
v 0.040648 0.264294 0.156000
v 0.040742 0.264285 0.154000
v 0.040742 0.264285 0.156000
v 0.040828 0.264259 0.154000
v 0.040828 0.264259 0.156000
v 0.040907 0.264217 0.154000
v 0.040907 0.264217 0.156000
v 0.040979 0.264157 0.154000
v 0.040979 0.264157 0.156000
v 0.041039 0.264085 0.154000
v 0.041039 0.264085 0.156000
v 0.041082 0.264006 0.154000
v 0.041082 0.264006 0.156000
v 0.041107 0.263919 0.154000
v 0.041107 0.263919 0.156000
v 0.041116 0.263826 0.154000
v 0.041116 0.263826 0.156000
v 0.055270 0.236688 0.154000
v 0.055270 0.236688 0.156000
v 0.053868 0.236759 0.154000
v 0.053868 0.236759 0.156000
v 0.052550 0.236971 0.154000
v 0.052550 0.236971 0.156000
v 0.051314 0.237324 0.154000
v 0.051314 0.237324 0.156000
v 0.050162 0.237819 0.154000
v 0.050162 0.237819 0.156000
v 0.049113 0.238444 0.154000
v 0.049113 0.238444 0.156000
v 0.048188 0.239188 0.154000
v 0.048188 0.239188 0.156000
v 0.047387 0.240052 0.154000
v 0.047387 0.240052 0.156000
v 0.046711 0.241036 0.154000
v 0.046711 0.241036 0.156000
v 0.046174 0.242119 0.154000
v 0.046174 0.242119 0.156000
v 0.045790 0.243282 0.154000
v 0.045790 0.243282 0.156000
v 0.045560 0.244526 0.154000
v 0.045560 0.244526 0.156000
v 0.045483 0.245851 0.154000
v 0.045483 0.245851 0.156000
v 0.045483 0.263826 0.154000
v 0.045483 0.263826 0.156000
v 0.045491 0.263919 0.154000
v 0.045491 0.263919 0.156000
v 0.045517 0.264006 0.154000
v 0.045517 0.264006 0.156000
v 0.045560 0.264085 0.154000
v 0.045560 0.264085 0.156000
v 0.045619 0.264157 0.154000
v 0.045619 0.264157 0.156000
v 0.045691 0.264217 0.154000
v 0.045691 0.264217 0.156000
v 0.045770 0.264259 0.154000
v 0.045770 0.264259 0.156000
v 0.045857 0.264285 0.154000
v 0.045857 0.264285 0.156000
v 0.045951 0.264294 0.154000
v 0.045951 0.264294 0.156000
v 0.049538 0.264294 0.154000
v 0.049538 0.264294 0.156000
v 0.049632 0.264285 0.154000
v 0.049632 0.264285 0.156000
v 0.049718 0.264259 0.154000
v 0.049718 0.264259 0.156000
v 0.049797 0.264217 0.154000
v 0.049797 0.264217 0.156000
v 0.049869 0.264157 0.154000
v 0.049869 0.264157 0.156000
v 0.049929 0.264085 0.154000
v 0.049929 0.264085 0.156000
v 0.049972 0.264006 0.154000
v 0.049972 0.264006 0.156000
v 0.049997 0.263919 0.154000
v 0.049997 0.263919 0.156000
v 0.050006 0.263826 0.154000
v 0.050006 0.263826 0.156000
v 0.050006 0.245773 0.154000
v 0.050006 0.245773 0.156000
v 0.050096 0.244676 0.154000
v 0.050096 0.244676 0.156000
v 0.050366 0.243687 0.154000
v 0.050366 0.243687 0.156000
v 0.050817 0.242805 0.154000
v 0.050817 0.242805 0.156000
v 0.051448 0.242030 0.154000
v 0.051448 0.242030 0.156000
v 0.052228 0.241399 0.154000
v 0.052228 0.241399 0.156000
v 0.053125 0.240948 0.154000
v 0.053125 0.240948 0.156000
v 0.054139 0.240677 0.154000
v 0.054139 0.240677 0.156000
v 0.055270 0.240587 0.154000
v 0.055270 0.240587 0.156000
v 0.056400 0.240677 0.154000
v 0.056400 0.240677 0.156000
v 0.057414 0.240948 0.154000
v 0.057414 0.240948 0.156000
v 0.058311 0.241399 0.154000
v 0.058311 0.241399 0.156000
v 0.059091 0.242030 0.154000
v 0.059091 0.242030 0.156000
v 0.059722 0.242805 0.154000
v 0.059722 0.242805 0.156000
v 0.060173 0.243687 0.154000
v 0.060173 0.243687 0.156000
v 0.060443 0.244676 0.154000
v 0.060443 0.244676 0.156000
v 0.060533 0.245773 0.154000
v 0.060533 0.245773 0.156000
v 0.060533 0.263826 0.154000
v 0.060533 0.263826 0.156000
v 0.060542 0.263919 0.154000
v 0.060542 0.263919 0.156000
v 0.060567 0.264006 0.154000
v 0.060567 0.264006 0.156000
v 0.060610 0.264085 0.154000
v 0.060610 0.264085 0.156000
v 0.060670 0.264157 0.154000
v 0.060670 0.264157 0.156000
v 0.060742 0.264217 0.154000
v 0.060742 0.264217 0.156000
v 0.060821 0.264259 0.154000
v 0.060821 0.264259 0.156000
v 0.060907 0.264285 0.154000
v 0.060907 0.264285 0.156000
v 0.061001 0.264294 0.154000
v 0.061001 0.264294 0.156000
v 0.064588 0.264294 0.154000
v 0.064588 0.264294 0.156000
v 0.064682 0.264285 0.154000
v 0.064682 0.264285 0.156000
v 0.064769 0.264259 0.154000
v 0.064769 0.264259 0.156000
v 0.064848 0.264217 0.154000
v 0.064848 0.264217 0.156000
v 0.064920 0.264157 0.154000
v 0.064920 0.264157 0.156000
v 0.064979 0.264085 0.154000
v 0.064979 0.264085 0.156000
v 0.065022 0.264006 0.154000
v 0.065022 0.264006 0.156000
v 0.065048 0.263919 0.154000
v 0.065048 0.263919 0.156000
v 0.065056 0.263826 0.154000
v 0.065056 0.263826 0.156000
v 0.065056 0.245851 0.154000
v 0.065056 0.245851 0.156000
v 0.064981 0.244526 0.154000
v 0.064981 0.244526 0.156000
v 0.064754 0.243282 0.154000
v 0.064754 0.243282 0.156000
v 0.064376 0.242119 0.154000
v 0.064376 0.242119 0.156000
v 0.063847 0.241036 0.154000
v 0.063847 0.241036 0.156000
v 0.063180 0.240052 0.154000
v 0.063180 0.240052 0.156000
v 0.062385 0.239188 0.154000
v 0.062385 0.239188 0.156000
v 0.061464 0.238444 0.154000
v 0.061464 0.238444 0.156000
v 0.060416 0.237819 0.154000
v 0.060416 0.237819 0.156000
v 0.059261 0.237324 0.154000
v 0.059261 0.237324 0.156000
v 0.058018 0.236971 0.154000
v 0.058018 0.236971 0.156000
v 0.056688 0.236759 0.154000
v 0.056688 0.236759 0.156000
v 0.085838 0.237000 0.154000
v 0.085838 0.237000 0.156000
v 0.085658 0.237022 0.154000
v 0.085658 0.237022 0.156000
v 0.085507 0.237088 0.154000
v 0.085507 0.237088 0.156000
v 0.085385 0.237197 0.154000
v 0.085385 0.237197 0.156000
v 0.085292 0.237351 0.154000
v 0.085292 0.237351 0.156000
v 0.080146 0.248580 0.154000
v 0.080146 0.248580 0.156000
v 0.080102 0.248649 0.154000
v 0.080102 0.248649 0.156000
v 0.080048 0.248697 0.154000
v 0.080048 0.248697 0.156000
v 0.079985 0.248726 0.154000
v 0.079985 0.248726 0.156000
v 0.079912 0.248736 0.154000
v 0.079912 0.248736 0.156000
v 0.075233 0.248736 0.154000
v 0.075233 0.248736 0.156000
v 0.075148 0.248724 0.154000
v 0.075148 0.248724 0.156000
v 0.075087 0.248688 0.154000
v 0.075087 0.248688 0.156000
v 0.075050 0.248627 0.154000
v 0.075050 0.248627 0.156000
v 0.075038 0.248541 0.154000
v 0.075038 0.248541 0.156000
v 0.075038 0.237468 0.154000
v 0.075038 0.237468 0.156000
v 0.075029 0.237374 0.154000
v 0.075029 0.237374 0.156000
v 0.075004 0.237288 0.154000
v 0.075004 0.237288 0.156000
v 0.074961 0.237208 0.154000
v 0.074961 0.237208 0.156000
v 0.074901 0.237136 0.154000
v 0.074901 0.237136 0.156000
v 0.074829 0.237077 0.154000
v 0.074829 0.237077 0.156000
v 0.074750 0.237034 0.154000
v 0.074750 0.237034 0.156000
v 0.074664 0.237009 0.154000
v 0.074664 0.237009 0.156000
v 0.074570 0.237000 0.154000
v 0.074570 0.237000 0.156000
v 0.070983 0.237000 0.154000
v 0.070983 0.237000 0.156000
v 0.070889 0.237009 0.154000
v 0.070889 0.237009 0.156000
v 0.070802 0.237034 0.154000
v 0.070802 0.237034 0.156000
v 0.070723 0.237077 0.154000
v 0.070723 0.237077 0.156000
v 0.070651 0.237136 0.154000
v 0.070651 0.237136 0.156000
v 0.070592 0.237208 0.154000
v 0.070592 0.237208 0.156000
v 0.070549 0.237288 0.154000
v 0.070549 0.237288 0.156000
v 0.070523 0.237374 0.154000
v 0.070523 0.237374 0.156000
v 0.070515 0.237468 0.154000
v 0.070515 0.237468 0.156000
v 0.070515 0.263826 0.154000
v 0.070515 0.263826 0.156000
v 0.070523 0.263919 0.154000
v 0.070523 0.263919 0.156000
v 0.070549 0.264006 0.154000
v 0.070549 0.264006 0.156000
v 0.070592 0.264085 0.154000
v 0.070592 0.264085 0.156000
v 0.070651 0.264157 0.154000
v 0.070651 0.264157 0.156000
v 0.070723 0.264217 0.154000
v 0.070723 0.264217 0.156000
v 0.070802 0.264259 0.154000
v 0.070802 0.264259 0.156000
v 0.070889 0.264285 0.154000
v 0.070889 0.264285 0.156000
v 0.070983 0.264294 0.154000
v 0.070983 0.264294 0.156000
v 0.081705 0.264294 0.154000
v 0.081705 0.264294 0.156000
v 0.082860 0.264231 0.154000
v 0.082860 0.264231 0.156000
v 0.083947 0.264045 0.154000
v 0.083947 0.264045 0.156000
v 0.084966 0.263734 0.154000
v 0.084966 0.263734 0.156000
v 0.085916 0.263299 0.154000
v 0.085916 0.263299 0.156000
v 0.086781 0.262751 0.154000
v 0.086781 0.262751 0.156000
v 0.087544 0.262100 0.154000
v 0.087544 0.262100 0.156000
v 0.088205 0.261347 0.154000
v 0.088205 0.261347 0.156000
v 0.088763 0.260492 0.154000
v 0.088763 0.260492 0.156000
v 0.089206 0.259553 0.154000
v 0.089206 0.259553 0.156000
v 0.089523 0.258547 0.154000
v 0.089523 0.258547 0.156000
v 0.089713 0.257476 0.154000
v 0.089713 0.257476 0.156000
v 0.089776 0.256339 0.154000
v 0.089776 0.256339 0.156000
v 0.089690 0.255044 0.154000
v 0.089690 0.255044 0.156000
v 0.089430 0.253849 0.154000
v 0.089430 0.253849 0.156000
v 0.088998 0.252753 0.154000
v 0.088998 0.252753 0.156000
v 0.088392 0.251758 0.154000
v 0.088392 0.251758 0.156000
v 0.087633 0.250884 0.154000
v 0.087633 0.250884 0.156000
v 0.086740 0.250154 0.154000
v 0.086740 0.250154 0.156000
v 0.085713 0.249568 0.154000
v 0.085713 0.249568 0.156000
v 0.084552 0.249126 0.154000
v 0.084552 0.249126 0.156000
v 0.084515 0.249121 0.154000
v 0.084515 0.249121 0.156000
v 0.084483 0.249107 0.154000
v 0.084483 0.249107 0.156000
v 0.084457 0.249082 0.154000
v 0.084457 0.249082 0.156000
v 0.084435 0.249048 0.154000
v 0.084435 0.249048 0.156000
v 0.084420 0.249009 0.154000
v 0.084420 0.249009 0.156000
v 0.084415 0.248970 0.154000
v 0.084415 0.248970 0.156000
v 0.084420 0.248931 0.154000
v 0.084420 0.248931 0.156000
v 0.084435 0.248892 0.154000
v 0.084435 0.248892 0.156000
v 0.089932 0.237546 0.154000
v 0.089932 0.237546 0.156000
v 0.089966 0.237473 0.154000
v 0.089966 0.237473 0.156000
v 0.089991 0.237409 0.154000
v 0.089991 0.237409 0.156000
v 0.090005 0.237356 0.154000
v 0.090005 0.237356 0.156000
v 0.090010 0.237312 0.154000
v 0.090010 0.237312 0.156000
v 0.089984 0.237175 0.154000
v 0.089984 0.237175 0.156000
v 0.089903 0.237078 0.154000
v 0.089903 0.237078 0.156000
v 0.089769 0.237019 0.154000
v 0.089769 0.237019 0.156000
v 0.089581 0.237000 0.154000
v 0.089581 0.237000 0.156000
v 0.075233 0.260394 0.154000
v 0.075233 0.260394 0.156000
v 0.075148 0.260382 0.154000
v 0.075148 0.260382 0.156000
v 0.075087 0.260346 0.154000
v 0.075087 0.260346 0.156000
v 0.075050 0.260285 0.154000
v 0.075050 0.260285 0.156000
v 0.075038 0.260200 0.154000
v 0.075038 0.260200 0.156000
v 0.075038 0.252440 0.154000
v 0.075038 0.252440 0.156000
v 0.075050 0.252355 0.154000
v 0.075050 0.252355 0.156000
v 0.075087 0.252294 0.154000
v 0.075087 0.252294 0.156000
v 0.075148 0.252258 0.154000
v 0.075148 0.252258 0.156000
v 0.075233 0.252245 0.154000
v 0.075233 0.252245 0.156000
v 0.081081 0.252245 0.154000
v 0.081081 0.252245 0.156000
v 0.081972 0.252315 0.154000
v 0.081972 0.252315 0.156000
v 0.082773 0.252523 0.154000
v 0.082773 0.252523 0.156000
v 0.083483 0.252871 0.154000
v 0.083483 0.252871 0.156000
v 0.084103 0.253357 0.154000
v 0.084103 0.253357 0.156000
v 0.084606 0.253957 0.154000
v 0.084606 0.253957 0.156000
v 0.084966 0.254648 0.154000
v 0.084966 0.254648 0.156000
v 0.085182 0.255429 0.154000
v 0.085182 0.255429 0.156000
v 0.085253 0.256300 0.154000
v 0.085253 0.256300 0.156000
v 0.085182 0.257173 0.154000
v 0.085182 0.257173 0.156000
v 0.084966 0.257958 0.154000
v 0.084966 0.257958 0.156000
v 0.084606 0.258655 0.154000
v 0.084606 0.258655 0.156000
v 0.084103 0.259264 0.154000
v 0.084103 0.259264 0.156000
v 0.083483 0.259758 0.154000
v 0.083483 0.259758 0.156000
v 0.082773 0.260112 0.154000
v 0.082773 0.260112 0.156000
v 0.081972 0.260324 0.154000
v 0.081972 0.260324 0.156000
v 0.081081 0.260394 0.154000
v 0.081081 0.260394 0.156000
v -0.090000 0.570000 0.151000
v 0.065000 0.570000 0.151000
v 0.085000 0.520000 0.151000
v 0.130000 0.495000 0.151000
v 0.085000 0.475000 0.151000
v 0.065000 0.405000 0.151000
v 0.025000 0.390000 0.151000
v 0.025000 0.355000 0.151000
v 0.150000 0.310000 0.151000
v -0.160000 0.310000 0.151000
v -0.095000 0.380000 0.151000
v -0.100000 0.480000 0.151000
v -0.090000 0.570000 0.145000
v 0.065000 0.570000 0.145000
v 0.085000 0.520000 0.145000
v 0.130000 0.495000 0.145000
v 0.085000 0.475000 0.145000
v 0.065000 0.405000 0.145000
v 0.025000 0.390000 0.145000
v 0.025000 0.355000 0.145000
v 0.150000 0.310000 0.145000
v -0.160000 0.310000 0.145000
v -0.095000 0.380000 0.145000
v -0.100000 0.480000 0.145000
v -0.145000 0.565000 0.151000
v -0.120000 0.630000 0.151000
v -0.070000 0.670000 0.151000
v 0.055000 0.670000 0.151000
v 0.110000 0.610000 0.151000
v 0.160000 0.560000 0.151000
v -0.145000 0.565000 0.145000
v -0.120000 0.630000 0.145000
v -0.070000 0.670000 0.145000
v 0.055000 0.670000 0.145000
v 0.110000 0.610000 0.145000
v 0.160000 0.560000 0.145000
v -0.184774 0.324620 0.151000
v 0.165226 0.664620 0.151000
v 0.154774 0.675380 0.151000
v -0.195226 0.335380 0.151000
v -0.184774 0.324620 0.145000
v 0.165226 0.664620 0.145000
v 0.154774 0.675380 0.145000
v -0.195226 0.335380 0.145000
v -0.184685 0.634143 0.151000
v 0.165315 0.354143 0.151000
v 0.174685 0.365857 0.151000
v -0.175315 0.645856 0.151000
v -0.184685 0.634143 0.145000
v 0.165315 0.354143 0.145000
v 0.174685 0.365857 0.145000
v -0.175315 0.645856 0.145000
v -0.122198 0.337308 0.151000
v 0.017802 0.297308 0.151000
v 0.022198 0.312692 0.151000
v -0.117802 0.352692 0.151000
v -0.122198 0.337308 0.145000
v 0.017802 0.297308 0.145000
v 0.022198 0.312692 0.145000
v -0.117802 0.352692 0.145000
vn 0.000000 -0.000000 1.000000
vn 0.000000 -0.000000 1.000000
vn 0.000000 -0.000000 1.000000
vn 0.000000 -0.000000 1.000000
vn 0.000000 -0.000000 1.000000
vn 0.000000 -0.000000 1.000000
vn 0.000000 -0.000000 1.000000
vn 0.000000 -0.000000 1.000000
vn 0.000000 -0.000000 1.000000
vn 0.000000 -0.000000 1.000000
vn 0.000000 -0.000000 1.000000
vn 0.000000 -0.000000 1.000000
vn 0.000000 -0.000000 1.000000
vn 0.000000 -0.000000 1.000000
vn 0.000000 -0.000000 1.000000
vn 0.000000 -0.000000 1.000000
vn 0.000000 -0.000000 1.000000
vn 0.000000 -0.000000 1.000000
vn 0.000000 -0.000000 1.000000
vn 0.000000 -0.000000 1.000000
vn 0.000000 -0.000000 1.000000
vn 0.000000 -0.000000 1.000000
vn 0.000000 -0.000000 1.000000
vn 0.000000 -0.000000 1.000000
vn 0.000000 -0.000000 1.000000
vn 0.000000 -0.000000 1.000000
vn 0.000000 -0.000000 1.000000
vn 0.000000 -0.000000 1.000000
vn 0.000000 -0.000000 1.000000
vn 0.000000 -0.000000 1.000000
vn 0.000000 -0.000000 1.000000
vn 0.000000 -0.000000 1.000000
vn 0.000000 -0.000000 1.000000
vn 0.000000 -0.000000 1.000000
vn 0.000000 -0.000000 1.000000
vn 0.000000 -0.000000 1.000000
vn 0.000000 -0.000000 1.000000
vn 0.000000 -0.000000 1.000000
vn 0.000000 -0.000000 1.000000
vn 0.000000 -0.000000 1.000000
vn 0.000000 -0.000000 1.000000
vn 0.000000 -0.000000 1.000000
vn 0.000000 -0.000000 1.000000
vn 0.000000 -0.000000 1.000000
vn 0.000000 -0.000000 1.000000
vn 0.000000 -0.000000 1.000000
vn 0.000000 -0.000000 1.000000
vn 0.000000 -0.000000 1.000000
vn 0.000000 -0.000000 1.000000
vn 0.000000 -0.000000 1.000000
vn 0.000000 -0.000000 1.000000
vn 0.000000 -0.000000 1.000000
vn 0.000000 -0.000000 1.000000
vn 0.000000 -0.000000 1.000000
vn 0.000000 -0.000000 1.000000
vn 0.000000 -0.000000 1.000000
vn 0.000000 -0.000000 1.000000
vn 0.000000 -0.000000 1.000000
vn 0.000000 -0.000000 1.000000
vn 0.000000 -0.000000 1.000000
vn 0.000000 -0.000000 1.000000
vn 0.000000 -0.000000 1.000000
vn 0.000000 -0.000000 1.000000
vn 0.000000 -0.000000 1.000000
vn 0.000000 -0.000000 1.000000
vn 0.000000 -0.000000 1.000000
vn 0.000000 -0.000000 1.000000
vn 0.000000 -0.000000 1.000000
vn 0.000000 -0.000000 1.000000
vn 0.000000 -0.000000 1.000000
vn 0.000000 -0.000000 1.000000
vn 0.000000 -0.000000 1.000000
vn 0.000000 -0.000000 1.000000
vn 0.000000 -0.000000 1.000000
vn 0.000000 -0.000000 1.000000
vn 0.000000 -0.000000 1.000000
vn 0.000000 -0.000000 1.000000
vn 0.000000 -0.000000 1.000000
vn 0.000000 -0.000000 1.000000
vn 0.000000 -0.000000 1.000000
vn 0.000000 -0.000000 1.000000
vn 0.000000 -0.000000 1.000000
vn 0.000000 -0.000000 1.000000
vn 0.000000 -0.000000 1.000000
vn 0.000000 -0.000000 1.000000
vn 0.000000 -0.000000 1.000000
vn 0.000000 -0.000000 1.000000
vn 0.000000 -0.000000 1.000000
vn 0.000000 -0.000000 1.000000
vn 0.000000 -0.000000 1.000000
vn 0.000000 -0.000000 1.000000
vn 0.000000 -0.000000 1.000000
vn 0.000000 -0.000000 1.000000
vn 0.000000 -0.000000 1.000000
vn 0.000000 -0.000000 1.000000
vn 0.000000 -0.000000 1.000000
vn 0.000000 -0.000000 1.000000
vn 0.000000 -0.000000 1.000000
vn 0.000000 -0.000000 1.000000
vn 0.000000 -0.000000 1.000000
vn 0.000000 -0.000000 1.000000
vn 0.000000 -0.000000 1.000000
vn 0.000000 -0.000000 1.000000
vn 0.000000 -0.000000 1.000000
vn 0.000000 -0.000000 1.000000
vn 0.000000 -0.000000 1.000000
vn 0.000000 -0.000000 1.000000
vn 0.000000 -0.000000 1.000000
vn 0.000000 -0.000000 1.000000
vn 0.000000 -0.000000 1.000000
vn 0.000000 -0.000000 1.000000
vn 0.000000 -0.000000 1.000000
vn 0.000000 -0.000000 1.000000
vn 0.000000 -0.000000 1.000000
vn 0.000000 -0.000000 1.000000
vn 0.000000 -0.000000 1.000000
vn 0.000000 -0.000000 1.000000
vn 0.000000 -0.000000 1.000000
vn 0.000000 -0.000000 1.000000
vn 0.000000 -0.000000 1.000000
vn 0.000000 -0.000000 1.000000
vn 0.000000 -0.000000 1.000000
vn 0.000000 -0.000000 1.000000
vn 0.000000 -0.000000 1.000000
vn 0.000000 -0.000000 1.000000
vn 0.000000 -0.000000 1.000000
vn 0.000000 -0.000000 1.000000
vn 0.000000 -0.000000 1.000000
vn 0.000000 -0.000000 1.000000
vn 0.000000 -0.000000 1.000000
vn 0.000000 -0.000000 1.000000
vn 0.000000 -0.000000 1.000000
vn 0.000000 -0.000000 1.000000
vn 0.000000 -0.000000 1.000000
vn 0.000000 0.000000 -1.000000
vn 0.000000 0.000000 -1.000000
vn 0.000000 0.000000 -1.000000
vn 0.000000 0.000000 -1.000000
vn 0.000000 0.000000 -1.000000
vn 0.000000 0.000000 -1.000000
vn 0.000000 0.000000 -1.000000
vn 0.000000 0.000000 -1.000000
vn 0.000000 0.000000 -1.000000
vn 0.000000 0.000000 -1.000000
vn 0.000000 0.000000 -1.000000
vn 0.000000 0.000000 -1.000000
vn 0.000000 0.000000 -1.000000
vn 0.000000 0.000000 -1.000000
vn 0.000000 0.000000 -1.000000
vn 0.000000 0.000000 -1.000000
vn 0.000000 0.000000 -1.000000
vn 0.000000 0.000000 -1.000000
vn 0.000000 0.000000 -1.000000
vn 0.000000 0.000000 -1.000000
vn 0.000000 0.000000 -1.000000
vn 0.000000 0.000000 -1.000000
vn 0.000000 0.000000 -1.000000
vn 0.000000 0.000000 -1.000000
vn 0.000000 0.000000 -1.000000
vn 0.000000 0.000000 -1.000000
vn 0.000000 0.000000 -1.000000
vn 0.000000 0.000000 -1.000000
vn 0.000000 0.000000 -1.000000
vn 0.000000 0.000000 -1.000000
vn 0.000000 0.000000 -1.000000
vn 0.000000 0.000000 -1.000000
vn 0.000000 0.000000 -1.000000
vn 0.000000 0.000000 -1.000000
vn 0.000000 0.000000 -1.000000
vn 0.000000 0.000000 -1.000000
vn 0.000000 0.000000 -1.000000
vn 0.000000 0.000000 -1.000000
vn 0.000000 0.000000 -1.000000
vn 0.000000 0.000000 -1.000000
vn 0.000000 0.000000 -1.000000
vn 0.000000 0.000000 -1.000000
vn 0.000000 0.000000 -1.000000
vn 0.000000 0.000000 -1.000000
vn 0.000000 0.000000 -1.000000
vn 0.000000 0.000000 -1.000000
vn 0.000000 0.000000 -1.000000
vn 0.000000 0.000000 -1.000000
vn 0.000000 0.000000 -1.000000
vn 0.000000 0.000000 -1.000000
vn 0.000000 0.000000 -1.000000
vn 0.000000 0.000000 -1.000000
vn 0.000000 0.000000 -1.000000
vn 0.000000 0.000000 -1.000000
vn 0.000000 0.000000 -1.000000
vn 0.000000 0.000000 -1.000000
vn 0.000000 0.000000 -1.000000
vn 0.000000 0.000000 -1.000000
vn 0.000000 0.000000 -1.000000
vn 0.000000 0.000000 -1.000000
vn 0.000000 0.000000 -1.000000
vn 0.000000 0.000000 -1.000000
vn 0.000000 0.000000 -1.000000
vn 0.000000 0.000000 -1.000000
vn 0.000000 0.000000 -1.000000
vn 0.000000 0.000000 -1.000000
vn 0.000000 0.000000 -1.000000
vn 0.000000 0.000000 -1.000000
vn 0.000000 0.000000 -1.000000
vn 0.000000 0.000000 -1.000000
vn 0.000000 0.000000 -1.000000
vn 0.000000 0.000000 -1.000000
vn 0.000000 0.000000 -1.000000
vn 0.000000 0.000000 -1.000000
vn 0.000000 0.000000 -1.000000
vn 0.000000 0.000000 -1.000000
vn 0.000000 0.000000 -1.000000
vn 0.000000 0.000000 -1.000000
vn 0.000000 0.000000 -1.000000
vn 0.000000 0.000000 -1.000000
vn 0.000000 0.000000 -1.000000
vn 0.000000 0.000000 -1.000000
vn 0.000000 0.000000 -1.000000
vn 0.000000 0.000000 -1.000000
vn 0.000000 0.000000 -1.000000
vn 0.000000 0.000000 -1.000000
vn 0.000000 0.000000 -1.000000
vn 0.000000 0.000000 -1.000000
vn 0.000000 0.000000 -1.000000
vn 0.000000 0.000000 -1.000000
vn 0.000000 0.000000 -1.000000
vn 0.000000 0.000000 -1.000000
vn 0.000000 0.000000 -1.000000
vn 0.000000 0.000000 -1.000000
vn 0.000000 0.000000 -1.000000
vn 0.000000 0.000000 -1.000000
vn 0.000000 0.000000 -1.000000
vn 0.000000 0.000000 -1.000000
vn 0.000000 0.000000 -1.000000
vn 0.000000 0.000000 -1.000000
vn 0.000000 0.000000 -1.000000
vn 0.000000 0.000000 -1.000000
vn 0.000000 0.000000 -1.000000
vn 0.000000 0.000000 -1.000000
vn 0.000000 0.000000 -1.000000
vn 0.000000 0.000000 -1.000000
vn 0.000000 0.000000 -1.000000
vn 0.000000 0.000000 -1.000000
vn 0.000000 0.000000 -1.000000
vn 0.000000 0.000000 -1.000000
vn 0.000000 0.000000 -1.000000
vn 0.000000 0.000000 -1.000000
vn 0.000000 0.000000 -1.000000
vn 0.000000 0.000000 -1.000000
vn 0.000000 0.000000 -1.000000
vn 0.000000 0.000000 -1.000000
vn 0.000000 0.000000 -1.000000
vn 0.000000 0.000000 -1.000000
vn 0.000000 0.000000 -1.000000
vn 0.000000 0.000000 -1.000000
vn 0.000000 0.000000 -1.000000
vn 0.000000 0.000000 -1.000000
vn 0.000000 0.000000 -1.000000
vn 0.000000 0.000000 -1.000000
vn 0.000000 0.000000 -1.000000
vn 0.000000 0.000000 -1.000000
vn 0.000000 0.000000 -1.000000
vn 0.000000 0.000000 -1.000000
vn 0.000000 0.000000 -1.000000
vn 0.000000 0.000000 -1.000000
vn 0.000000 0.000000 -1.000000
vn 0.000000 0.000000 -1.000000
vn 0.000000 0.000000 -1.000000
vn 0.000000 0.000000 -1.000000
vn 0.943340 0.331828 0.000000
vn 0.973537 0.228530 0.000000
vn 0.991380 0.131019 0.000000
vn 0.999140 0.041458 0.000000
vn 0.999237 -0.039051 -0.000000
vn 0.992315 -0.123736 -0.000000
vn 0.976247 -0.216660 -0.000000
vn 0.948683 -0.316228 -0.000000
vn 0.911904 -0.410404 -0.000000
vn 0.836635 -0.547761 -0.000000
vn 0.734492 -0.678618 -0.000000
vn 0.611504 -0.791241 -0.000000
vn 0.476156 -0.879361 -0.000000
vn 0.332065 -0.943257 -0.000000
vn 0.190279 -0.981730 -0.000000
vn 0.059583 -0.998223 -0.000000
vn -0.065362 -0.997862 -0.000000
vn -0.206334 -0.978482 -0.000000
vn -0.354540 -0.935041 -0.000000
vn -0.499311 -0.866423 -0.000000
vn -0.628091 -0.778140 -0.000000
vn -0.743343 -0.668911 -0.000000
vn -0.840768 -0.541396 -0.000000
vn -0.914006 -0.405701 -0.000000
vn -0.951843 -0.306587 -0.000000
vn -0.977378 -0.211498 -0.000000
vn -0.991127 -0.132921 -0.000000
vn -0.997680 -0.068083 -0.000000
vn -0.989950 0.141420 0.000000
vn -0.857493 0.514495 0.000000
vn -0.514493 0.857495 0.000000
vn -0.141427 0.989949 0.000000
vn 0.000000 1.000000 0.000000
vn 0.141424 0.989949 0.000000
vn 0.514494 0.857494 0.000000
vn 0.857492 0.514497 0.000000
vn 0.989950 0.141419 0.000000
vn 0.995927 0.090167 0.000000
vn 0.987947 0.154793 0.000000
vn 0.972202 0.234143 0.000000
vn 0.943412 0.331624 0.000000
vn 0.940640 0.339407 0.000000
vn 0.876259 0.481841 0.000000
vn 0.783498 0.621395 0.000000
vn 0.666795 0.745241 0.000000
vn 0.531289 0.847191 0.000000
vn 0.376650 0.926356 0.000000
vn 0.217970 0.975956 0.000000
vn 0.068485 0.997652 0.000000
vn -0.122278 0.992496 0.000000
vn -0.406138 0.913812 0.000000
vn -0.680538 0.732713 0.000000
vn -0.867352 0.497695 0.000000
vn -0.939241 0.343257 0.000000
vn -0.974623 0.223853 0.000000
vn -0.992517 0.122108 0.000000
vn -0.999315 0.037012 0.000000
vn -0.999261 -0.038433 -0.000000
vn -0.992017 -0.126104 -0.000000
vn -0.973297 -0.229551 -0.000000
vn -0.937146 -0.348938 -0.000000
vn -0.847026 -0.531552 -0.000000
vn -0.656179 -0.754605 -0.000000
vn -0.388884 -0.921287 -0.000000
vn -0.117328 -0.993093 -0.000000
vn 0.133917 -0.990993 -0.000000
vn 0.329373 -0.944200 -0.000000
vn 0.454470 -0.890762 -0.000000
vn 0.536875 -0.843662 -0.000000
vn 0.411589 -0.911370 -0.000000
vn 0.325989 -0.945374 -0.000000
vn 0.216922 -0.976189 -0.000000
vn 0.079742 -0.996816 -0.000000
vn -0.148343 -0.988936 -0.000000
vn -0.410364 -0.911922 -0.000000
vn -0.599998 -0.800002 -0.000000
vn -0.724136 -0.689657 -0.000000
vn -0.812015 -0.583636 -0.000000
vn -0.875241 -0.483688 -0.000000
vn -0.914917 -0.403642 -0.000000
vn -0.957827 -0.287346 -0.000000
vn -0.993409 -0.114625 -0.000000
vn -0.994781 0.102030 0.000000
vn -0.951222 0.308506 0.000000
vn -0.868242 0.496140 0.000000
vn -0.762509 0.646978 0.000000
vn -0.700590 0.713564 0.000000
vn -0.776126 0.630578 0.000000
vn -0.916158 0.400817 0.000000
vn -0.998053 0.062376 0.000000
vn -0.954476 -0.298289 -0.000000
vn -0.813735 -0.581236 -0.000000
vn -0.581248 -0.813726 -0.000000
vn -0.316216 -0.948687 -0.000000
vn -0.090562 -0.995891 -0.000000
vn 0.000000 -1.000000 -0.000000
vn -0.090524 -0.995894 -0.000000
vn -0.283627 -0.958935 -0.000000
vn -0.474106 -0.880468 -0.000000
vn -0.638899 -0.769290 -0.000000
vn -0.769287 -0.638904 -0.000000
vn -0.880474 -0.474095 -0.000000
vn -0.958935 -0.283624 -0.000000
vn -0.995893 -0.090540 -0.000000
vn -1.000000 0.000000 -0.000000
vn -0.995894 0.090530 0.000000
vn -0.958935 0.283624 0.000000
vn -0.880474 0.474095 0.000000
vn -0.769282 0.638909 0.000000
vn -0.638904 0.769287 0.000000
vn -0.474092 0.880476 0.000000
vn -0.283627 0.958935 0.000000
vn -0.090540 0.995893 0.000000
vn 0.000000 1.000000 0.000000
vn 0.090540 0.995893 0.000000
vn 0.283627 0.958935 0.000000
vn 0.474092 0.880476 0.000000
vn 0.638904 0.769287 0.000000
vn 0.769287 0.638904 0.000000
vn 0.880470 0.474102 0.000000
vn 0.958933 0.283633 0.000000
vn 0.995894 0.090530 0.000000
vn 1.000000 0.000000 -0.000000
vn 0.996240 -0.086631 -0.000000
vn 0.961524 -0.274720 -0.000000
vn 0.884919 -0.465746 -0.000000
vn 0.771928 -0.635710 -0.000000
vn 0.709566 -0.704639 -0.000000
vn 0.832051 -0.554699 -0.000000
vn 0.988371 0.152060 0.000000
vn 0.617816 0.786323 0.000000
vn 0.327119 0.944983 0.000000
vn 0.253734 0.967274 0.000000
vn 0.498862 0.866681 0.000000
vn 0.718034 0.696008 0.000000
vn 0.869073 0.494683 0.000000
vn 0.000000 -0.000000 1.000000
vn 0.000000 -0.000000 1.000000
vn 0.000000 -0.000000 1.000000
vn 0.000000 -0.000000 1.000000
vn 0.000000 -0.000000 1.000000
vn 0.000000 -0.000000 1.000000
vn 0.000000 -0.000000 1.000000
vn 0.000000 -0.000000 1.000000
vn 0.000000 -0.000000 1.000000
vn 0.000000 -0.000000 1.000000
vn 0.000000 -0.000000 1.000000
vn 0.000000 -0.000000 1.000000
vn 0.000000 -0.000000 1.000000
vn 0.000000 -0.000000 1.000000
vn 0.000000 -0.000000 1.000000
vn 0.000000 -0.000000 1.000000
vn 0.000000 -0.000000 1.000000
vn 0.000000 -0.000000 1.000000
vn 0.000000 -0.000000 1.000000
vn 0.000000 -0.000000 1.000000
vn 0.000000 -0.000000 1.000000
vn 0.000000 -0.000000 1.000000
vn 0.000000 -0.000000 1.000000
vn 0.000000 -0.000000 1.000000
vn 0.000000 -0.000000 1.000000
vn 0.000000 -0.000000 1.000000
vn 0.000000 -0.000000 1.000000
vn 0.000000 -0.000000 1.000000
vn 0.000000 -0.000000 1.000000
vn 0.000000 -0.000000 1.000000
vn 0.000000 -0.000000 1.000000
vn 0.000000 -0.000000 1.000000
vn 0.000000 -0.000000 1.000000
vn 0.000000 -0.000000 1.000000
vn 0.000000 -0.000000 1.000000
vn 0.000000 -0.000000 1.000000
vn 0.000000 -0.000000 1.000000
vn 0.000000 -0.000000 1.000000
vn 0.000000 -0.000000 1.000000
vn 0.000000 -0.000000 1.000000
vn 0.000000 -0.000000 1.000000
vn 0.000000 -0.000000 1.000000
vn 0.000000 -0.000000 1.000000
vn 0.000000 -0.000000 1.000000
vn 0.000000 -0.000000 1.000000
vn 0.000000 -0.000000 1.000000
vn 0.000000 -0.000000 1.000000
vn 0.000000 -0.000000 1.000000
vn 0.000000 -0.000000 1.000000
vn 0.000000 -0.000000 1.000000
vn 0.000000 -0.000000 1.000000
vn 0.000000 -0.000000 1.000000
vn 0.000000 -0.000000 1.000000
vn 0.000000 -0.000000 1.000000
vn 0.000000 -0.000000 1.000000
vn 0.000000 -0.000000 1.000000
vn 0.000000 -0.000000 1.000000
vn 0.000000 -0.000000 1.000000
vn 0.000000 -0.000000 1.000000
vn 0.000000 -0.000000 1.000000
vn 0.000000 -0.000000 1.000000
vn 0.000000 -0.000000 1.000000
vn 0.000000 -0.000000 1.000000
vn 0.000000 -0.000000 1.000000
vn 0.000000 -0.000000 1.000000
vn 0.000000 -0.000000 1.000000
vn 0.000000 -0.000000 1.000000
vn 0.000000 -0.000000 1.000000
vn 0.000000 -0.000000 1.000000
vn 0.000000 -0.000000 1.000000
vn 0.000000 -0.000000 1.000000
vn 0.000000 -0.000000 1.000000
vn 0.000000 -0.000000 1.000000
vn 0.000000 -0.000000 1.000000
vn 0.000000 -0.000000 1.000000
vn 0.000000 -0.000000 1.000000
vn 0.000000 -0.000000 1.000000
vn 0.000000 -0.000000 1.000000
vn 0.000000 -0.000000 1.000000
vn 0.000000 -0.000000 1.000000
vn 0.000000 -0.000000 1.000000
vn 0.000000 -0.000000 1.000000
vn 0.000000 -0.000000 1.000000
vn 0.000000 -0.000000 1.000000
vn 0.000000 -0.000000 1.000000
vn 0.000000 -0.000000 1.000000
vn 0.000000 -0.000000 1.000000
vn 0.000000 -0.000000 1.000000
vn 0.000000 -0.000000 1.000000
vn 0.000000 -0.000000 1.000000
vn 0.000000 -0.000000 1.000000
vn 0.000000 -0.000000 1.000000
vn 0.000000 -0.000000 1.000000
vn 0.000000 -0.000000 1.000000
vn 0.000000 -0.000000 1.000000
vn 0.000000 -0.000000 1.000000
vn 0.000000 -0.000000 1.000000
vn 0.000000 -0.000000 1.000000
vn 0.000000 -0.000000 1.000000
vn 0.000000 -0.000000 1.000000
vn 0.000000 -0.000000 1.000000
vn 0.000000 -0.000000 1.000000
vn 0.000000 -0.000000 1.000000
vn 0.000000 -0.000000 1.000000
vn 0.000000 -0.000000 1.000000
vn 0.000000 -0.000000 1.000000
vn 0.000000 -0.000000 1.000000
vn 0.000000 -0.000000 1.000000
vn 0.000000 -0.000000 1.000000
vn 0.000000 -0.000000 1.000000
vn 0.000000 -0.000000 1.000000
vn 0.000000 -0.000000 1.000000
vn 0.000000 -0.000000 1.000000
vn 0.000000 -0.000000 1.000000
vn 0.000000 -0.000000 1.000000
vn 0.000000 -0.000000 1.000000
vn 0.000000 -0.000000 1.000000
vn 0.000000 -0.000000 1.000000
vn 0.000000 -0.000000 1.000000
vn 0.000000 -0.000000 1.000000
vn 0.000000 -0.000000 1.000000
vn 0.000000 -0.000000 1.000000
vn 0.000000 -0.000000 1.000000
vn 0.000000 -0.000000 1.000000
vn 0.000000 -0.000000 1.000000
vn 0.000000 -0.000000 1.000000
vn 0.000000 -0.000000 1.000000
vn 0.000000 -0.000000 1.000000
vn 0.000000 -0.000000 1.000000
vn 0.000000 -0.000000 1.000000
vn 0.000000 -0.000000 1.000000
vn 0.000000 -0.000000 1.000000
vn 0.000000 -0.000000 1.000000
vn 0.000000 -0.000000 1.000000
vn 0.000000 -0.000000 1.000000
vn 0.000000 -0.000000 1.000000
vn 0.000000 -0.000000 1.000000
vn 0.000000 -0.000000 1.000000
vn 0.000000 -0.000000 1.000000
vn 0.000000 -0.000000 1.000000
vn 0.000000 -0.000000 1.000000
vn 0.000000 -0.000000 1.000000
vn 0.000000 -0.000000 1.000000
vn 0.000000 -0.000000 1.000000
vn 0.000000 -0.000000 1.000000
vn 0.000000 -0.000000 1.000000
vn 0.000000 -0.000000 1.000000
vn 0.000000 -0.000000 1.000000
vn 0.000000 -0.000000 1.000000
vn 0.000000 -0.000000 1.000000
vn 0.000000 -0.000000 1.000000
vn 0.000000 -0.000000 1.000000
vn 0.000000 -0.000000 1.000000
vn 0.000000 -0.000000 1.000000
vn 0.000000 -0.000000 1.000000
vn 0.000000 -0.000000 1.000000
vn 0.000000 -0.000000 1.000000
vn 0.000000 -0.000000 1.000000
vn 0.000000 -0.000000 1.000000
vn 0.000000 -0.000000 1.000000
vn 0.000000 -0.000000 1.000000
vn 0.000000 -0.000000 1.000000
vn 0.000000 -0.000000 1.000000
vn 0.000000 -0.000000 1.000000
vn 0.000000 -0.000000 1.000000
vn 0.000000 -0.000000 1.000000
vn 0.000000 -0.000000 1.000000
vn 0.000000 -0.000000 1.000000
vn 0.000000 -0.000000 1.000000
vn 0.000000 -0.000000 1.000000
vn 0.000000 -0.000000 1.000000
vn 0.000000 -0.000000 1.000000
vn 0.000000 -0.000000 1.000000
vn 0.000000 -0.000000 1.000000
vn 0.000000 -0.000000 1.000000
vn 0.000000 -0.000000 1.000000
vn 0.000000 -0.000000 1.000000
vn 0.000000 -0.000000 1.000000
vn 0.000000 -0.000000 1.000000
vn 0.000000 -0.000000 1.000000
vn 0.000000 -0.000000 1.000000
vn 0.000000 -0.000000 1.000000
vn 0.000000 -0.000000 1.000000
vn 0.000000 -0.000000 1.000000
vn 0.000000 -0.000000 1.000000
vn 0.000000 -0.000000 1.000000
vn 0.000000 -0.000000 1.000000
vn 0.000000 -0.000000 1.000000
vn 0.000000 -0.000000 1.000000
vn 0.000000 -0.000000 1.000000
vn 0.000000 -0.000000 1.000000
vn 0.000000 -0.000000 1.000000
vn 0.000000 -0.000000 1.000000
vn 0.000000 -0.000000 1.000000
vn 0.000000 -0.000000 1.000000
vn 0.000000 -0.000000 1.000000
vn 0.000000 -0.000000 1.000000
vn 0.000000 -0.000000 1.000000
vn 0.000000 -0.000000 1.000000
vn 0.000000 -0.000000 1.000000
vn 0.000000 -0.000000 1.000000
vn 0.000000 -0.000000 1.000000
vn 0.000000 -0.000000 1.000000
vn 0.000000 -0.000000 1.000000
vn 0.000000 -0.000000 1.000000
vn 0.000000 -0.000000 1.000000
vn 0.000000 -0.000000 1.000000
vn 0.000000 -0.000000 1.000000
vn 0.000000 -0.000000 1.000000
vn 0.000000 -0.000000 1.000000
vn 0.000000 -0.000000 1.000000
vn 0.000000 -0.000000 1.000000
vn 0.000000 -0.000000 1.000000
vn 0.000000 -0.000000 1.000000
vn 0.000000 -0.000000 1.000000
vn 0.000000 -0.000000 1.000000
vn 0.000000 -0.000000 1.000000
vn 0.000000 -0.000000 1.000000
vn 0.000000 -0.000000 1.000000
vn 0.000000 -0.000000 1.000000
vn 0.000000 -0.000000 1.000000
vn 0.000000 -0.000000 1.000000
vn 0.000000 -0.000000 1.000000
vn 0.000000 -0.000000 1.000000
vn 0.000000 -0.000000 1.000000
vn 0.000000 -0.000000 1.000000
vn 0.000000 -0.000000 1.000000
vn 0.000000 -0.000000 1.000000
vn 0.000000 -0.000000 1.000000
vn 0.000000 -0.000000 1.000000
vn 0.000000 -0.000000 1.000000
vn 0.000000 -0.000000 1.000000
vn 0.000000 -0.000000 1.000000
vn 0.000000 -0.000000 1.000000
vn 0.000000 -0.000000 1.000000
vn 0.000000 -0.000000 1.000000
vn 0.000000 -0.000000 1.000000
vn 0.000000 -0.000000 1.000000
vn 0.000000 -0.000000 1.000000
vn 0.000000 -0.000000 1.000000
vn 0.000000 -0.000000 1.000000
vn 0.000000 -0.000000 1.000000
vn 0.000000 -0.000000 1.000000
vn 0.000000 -0.000000 1.000000
vn 0.000000 -0.000000 1.000000
vn 0.000000 -0.000000 1.000000
vn 0.000000 -0.000000 1.000000
vn 0.000000 -0.000000 1.000000
vn 0.000000 -0.000000 1.000000
vn 0.000000 -0.000000 1.000000
vn 0.000000 -0.000000 1.000000
vn 0.000000 -0.000000 1.000000
vn 0.000000 -0.000000 1.000000
vn 0.000000 -0.000000 1.000000
vn 0.000000 -0.000000 1.000000
vn 0.000000 -0.000000 1.000000
vn 0.000000 -0.000000 1.000000
vn 0.000000 -0.000000 1.000000
vn 0.000000 -0.000000 1.000000
vn 0.000000 -0.000000 1.000000
vn 0.000000 -0.000000 1.000000
vn 0.000000 -0.000000 1.000000
vn 0.000000 -0.000000 1.000000
vn 0.000000 -0.000000 1.000000
vn 0.000000 -0.000000 1.000000
vn 0.000000 -0.000000 1.000000
vn 0.000000 -0.000000 1.000000
vn 0.000000 -0.000000 1.000000
vn 0.000000 -0.000000 1.000000
vn 0.000000 -0.000000 1.000000
vn 0.000000 -0.000000 1.000000
vn 0.000000 -0.000000 1.000000
vn 0.000000 -0.000000 1.000000
vn 0.000000 -0.000000 1.000000
vn 0.000000 -0.000000 1.000000
vn 0.000000 -0.000000 1.000000
vn 0.000000 -0.000000 1.000000
vn 0.000000 -0.000000 1.000000
vn 0.000000 -0.000000 1.000000
vn 0.000000 -0.000000 1.000000
vn 0.000000 -0.000000 1.000000
vn 0.000000 -0.000000 1.000000
vn 0.000000 -0.000000 1.000000
vn 0.000000 -0.000000 1.000000
vn 0.000000 -0.000000 1.000000
vn 0.000000 -0.000000 1.000000
vn 0.000000 -0.000000 1.000000
vn 0.000000 -0.000000 1.000000
vn 0.000000 -0.000000 1.000000
vn 0.000000 -0.000000 1.000000
vn 0.000000 -0.000000 1.000000
vn 0.000000 -0.000000 1.000000
vn 0.000000 -0.000000 1.000000
vn 0.000000 -0.000000 1.000000
vn 0.000000 -0.000000 1.000000
vn 0.000000 -0.000000 1.000000
vn 0.000000 -0.000000 1.000000
vn 0.000000 -0.000000 1.000000
vn 0.000000 -0.000000 1.000000
vn 0.000000 -0.000000 1.000000
vn 0.000000 -0.000000 1.000000
vn 0.000000 -0.000000 1.000000
vn 0.000000 -0.000000 1.000000
vn 0.000000 -0.000000 1.000000
vn 0.000000 -0.000000 1.000000
vn 0.000000 -0.000000 1.000000
vn 0.000000 -0.000000 1.000000
vn 0.000000 -0.000000 1.000000
vn 0.000000 -0.000000 1.000000
vn 0.000000 -0.000000 1.000000
vn 0.000000 -0.000000 1.000000
vn 0.000000 -0.000000 1.000000
vn 0.000000 -0.000000 1.000000
vn 0.000000 -0.000000 1.000000
vn 0.000000 -0.000000 1.000000
vn 0.000000 -0.000000 1.000000
vn 0.000000 -0.000000 1.000000
vn 0.000000 -0.000000 1.000000
vn 0.000000 -0.000000 1.000000
vn 0.000000 -0.000000 1.000000
vn 0.000000 -0.000000 1.000000
vn 0.000000 -0.000000 1.000000
vn 0.000000 -0.000000 1.000000
vn 0.000000 -0.000000 1.000000
vn 0.000000 -0.000000 1.000000
vn 0.000000 -0.000000 1.000000
vn 0.000000 -0.000000 1.000000
vn 0.000000 -0.000000 1.000000
vn 0.000000 -0.000000 1.000000
vn 0.000000 -0.000000 1.000000
vn 0.000000 -0.000000 1.000000
vn 0.000000 -0.000000 1.000000
vn 0.000000 -0.000000 1.000000
vn 0.000000 -0.000000 1.000000
vn 0.000000 -0.000000 1.000000
vn 0.000000 -0.000000 1.000000
vn 0.000000 -0.000000 1.000000
vn 0.000000 -0.000000 1.000000
vn 0.000000 -0.000000 1.000000
vn 0.000000 -0.000000 1.000000
vn 0.000000 -0.000000 1.000000
vn 0.000000 -0.000000 1.000000
vn 0.000000 -0.000000 1.000000
vn 0.000000 -0.000000 1.000000
vn 0.000000 -0.000000 1.000000
vn 0.000000 -0.000000 1.000000
vn 0.000000 -0.000000 1.000000
vn 0.000000 -0.000000 1.000000
vn 0.000000 -0.000000 1.000000
vn 0.000000 -0.000000 1.000000
vn 0.000000 -0.000000 1.000000
vn 0.000000 -0.000000 1.000000
vn 0.000000 -0.000000 1.000000
vn 0.000000 -0.000000 1.000000
vn 0.000000 -0.000000 1.000000
vn 0.000000 -0.000000 1.000000
vn 0.000000 -0.000000 1.000000
vn 0.000000 -0.000000 1.000000
vn 0.000000 -0.000000 1.000000
vn 0.000000 -0.000000 1.000000
vn 0.000000 -0.000000 1.000000
vn 0.000000 -0.000000 1.000000
vn 0.000000 -0.000000 1.000000
vn 0.000000 -0.000000 1.000000
vn 0.000000 -0.000000 1.000000
vn 0.000000 -0.000000 1.000000
vn 0.000000 -0.000000 1.000000
vn 0.000000 -0.000000 1.000000
vn 0.000000 -0.000000 1.000000
vn 0.000000 -0.000000 1.000000
vn 0.000000 -0.000000 1.000000
vn 0.000000 -0.000000 1.000000
vn 0.000000 -0.000000 1.000000
vn 0.000000 -0.000000 1.000000
vn 0.000000 -0.000000 1.000000
vn 0.000000 -0.000000 1.000000
vn 0.000000 -0.000000 1.000000
vn 0.000000 -0.000000 1.000000
vn 0.000000 -0.000000 1.000000
vn 0.000000 -0.000000 1.000000
vn 0.000000 -0.000000 1.000000
vn 0.000000 -0.000000 1.000000
vn 0.000000 -0.000000 1.000000
vn 0.000000 -0.000000 1.000000
vn 0.000000 -0.000000 1.000000
vn 0.000000 -0.000000 1.000000
vn 0.000000 -0.000000 1.000000
vn 0.000000 -0.000000 1.000000
vn 0.000000 -0.000000 1.000000
vn 0.000000 -0.000000 1.000000
vn 0.000000 -0.000000 1.000000
vn 0.000000 -0.000000 1.000000
vn 0.000000 -0.000000 1.000000
vn 0.000000 -0.000000 1.000000
vn 0.000000 -0.000000 1.000000
vn 0.000000 -0.000000 1.000000
vn 0.000000 -0.000000 1.000000
vn 0.000000 -0.000000 1.000000
vn 0.000000 -0.000000 1.000000
vn 0.000000 -0.000000 1.000000
vn 0.000000 -0.000000 1.000000
vn 0.000000 -0.000000 1.000000
vn 0.000000 -0.000000 1.000000
vn 0.000000 -0.000000 1.000000
vn 0.000000 -0.000000 1.000000
vn 0.000000 -0.000000 1.000000
vn 0.000000 -0.000000 1.000000
vn 0.000000 -0.000000 1.000000
vn 0.000000 -0.000000 1.000000
vn 0.000000 -0.000000 1.000000
vn 0.000000 -0.000000 1.000000
vn 0.000000 -0.000000 1.000000
vn 0.000000 -0.000000 1.000000
vn 0.000000 -0.000000 1.000000
vn 0.000000 -0.000000 1.000000
vn 0.000000 -0.000000 1.000000
vn 0.000000 -0.000000 1.000000
vn 0.000000 -0.000000 1.000000
vn 0.000000 -0.000000 1.000000
vn 0.000000 -0.000000 1.000000
vn 0.000000 -0.000000 1.000000
vn 0.000000 -0.000000 1.000000
vn 0.000000 -0.000000 1.000000
vn 0.000000 -0.000000 1.000000
vn 0.000000 -0.000000 1.000000
vn 0.000000 -0.000000 1.000000
vn 0.000000 -0.000000 1.000000
vn 0.000000 -0.000000 1.000000
vn 0.000000 -0.000000 1.000000
vn 0.000000 -0.000000 1.000000
vn 0.000000 -0.000000 1.000000
vn 0.000000 -0.000000 1.000000
vn 0.000000 -0.000000 1.000000
vn 0.000000 -0.000000 1.000000
vn 0.000000 -0.000000 1.000000
vn 0.000000 -0.000000 1.000000
vn 0.000000 -0.000000 1.000000
vn 0.000000 -0.000000 1.000000
vn 0.000000 -0.000000 1.000000
vn 0.000000 -0.000000 1.000000
vn 0.000000 -0.000000 1.000000
vn 0.000000 -0.000000 1.000000
vn 0.000000 -0.000000 1.000000
vn 0.000000 -0.000000 1.000000
vn 0.000000 -0.000000 1.000000
vn 0.000000 -0.000000 1.000000
vn 0.000000 -0.000000 1.000000
vn 0.000000 -0.000000 1.000000
vn 0.000000 -0.000000 1.000000
vn 0.000000 -0.000000 1.000000
vn 0.000000 -0.000000 1.000000
vn 0.000000 -0.000000 1.000000
vn 0.000000 -0.000000 1.000000
vn 0.000000 -0.000000 1.000000
vn 0.000000 -0.000000 1.000000
vn 0.000000 -0.000000 1.000000
vn 0.000000 -0.000000 1.000000
vn 0.000000 -0.000000 1.000000
vn 0.000000 -0.000000 1.000000
vn 0.000000 -0.000000 1.000000
vn 0.000000 -0.000000 1.000000
vn 0.000000 -0.000000 1.000000
vn 0.000000 -0.000000 1.000000
vn 0.000000 -0.000000 1.000000
vn 0.000000 -0.000000 1.000000
vn 0.000000 -0.000000 1.000000
vn 0.000000 -0.000000 1.000000
vn 0.000000 -0.000000 1.000000
vn 0.000000 -0.000000 1.000000
vn 0.000000 -0.000000 1.000000
vn 0.000000 -0.000000 1.000000
vn 0.000000 -0.000000 1.000000
vn 0.000000 -0.000000 1.000000
vn 0.000000 -0.000000 1.000000
vn 0.000000 -0.000000 1.000000
vn 0.000000 -0.000000 1.000000
vn 0.000000 -0.000000 1.000000
vn 0.000000 -0.000000 1.000000
vn 0.000000 -0.000000 1.000000
vn 0.000000 -0.000000 1.000000
vn 0.000000 -0.000000 1.000000
vn 0.000000 -0.000000 1.000000
vn 0.000000 -0.000000 1.000000
vn 0.000000 -0.000000 1.000000
vn 0.000000 -0.000000 1.000000
vn 0.000000 -0.000000 1.000000
vn 0.000000 -0.000000 1.000000
vn 0.000000 -0.000000 1.000000
vn 0.000000 -0.000000 1.000000
vn 0.000000 -0.000000 1.000000
vn 0.000000 -0.000000 1.000000
vn 0.000000 -0.000000 1.000000
vn 0.000000 -0.000000 1.000000
vn 0.000000 -0.000000 1.000000
vn 0.000000 -0.000000 1.000000
vn 0.000000 -0.000000 1.000000
vn 0.000000 -0.000000 1.000000
vn 0.000000 -0.000000 1.000000
vn 0.000000 -0.000000 1.000000
vn 0.000000 -0.000000 1.000000
vn 0.000000 -0.000000 1.000000
vn 0.000000 -0.000000 1.000000
vn 0.000000 -0.000000 1.000000
vn 0.000000 -0.000000 1.000000
vn 0.000000 -0.000000 1.000000
vn 0.000000 -0.000000 1.000000
vn 0.000000 -0.000000 1.000000
vn 0.000000 -0.000000 1.000000
vn 0.000000 -0.000000 1.000000
vn 0.000000 -0.000000 1.000000
vn 0.000000 -0.000000 1.000000
vn 0.000000 -0.000000 1.000000
vn 0.000000 -0.000000 1.000000
vn 0.000000 -0.000000 1.000000
vn 0.000000 -0.000000 1.000000
vn 0.000000 -0.000000 1.000000
vn 0.000000 -0.000000 1.000000
vn 0.000000 -0.000000 1.000000
vn 0.000000 -0.000000 1.000000
vn 0.000000 -0.000000 1.000000
vn 0.000000 -0.000000 1.000000
vn 0.000000 -0.000000 1.000000
vn 0.000000 -0.000000 1.000000
vn 0.000000 -0.000000 1.000000
vn 0.000000 -0.000000 1.000000
vn 0.000000 -0.000000 1.000000
vn 0.000000 -0.000000 1.000000
vn 0.000000 -0.000000 1.000000
vn 0.000000 -0.000000 1.000000
vn 0.000000 -0.000000 1.000000
vn 0.000000 -0.000000 1.000000
vn 0.000000 -0.000000 1.000000
vn 0.000000 -0.000000 1.000000
vn 0.000000 -0.000000 1.000000
vn 0.000000 -0.000000 1.000000
vn 0.000000 -0.000000 1.000000
vn 0.000000 -0.000000 1.000000
vn 0.000000 -0.000000 1.000000
vn 0.000000 -0.000000 1.000000
vn 0.000000 -0.000000 1.000000
vn 0.000000 -0.000000 1.000000
vn 0.000000 -0.000000 1.000000
vn 0.000000 -0.000000 1.000000
vn 0.000000 -0.000000 1.000000
vn 0.000000 -0.000000 1.000000
vn 0.000000 -0.000000 1.000000
vn 0.000000 -0.000000 1.000000
vn 0.000000 -0.000000 1.000000
vn 0.000000 -0.000000 1.000000
vn 0.000000 -0.000000 1.000000
vn 0.000000 -0.000000 1.000000
vn 0.000000 -0.000000 1.000000
vn 0.000000 -0.000000 1.000000
vn 0.000000 -0.000000 1.000000
vn 0.000000 -0.000000 1.000000
vn 0.000000 -0.000000 1.000000
vn 0.000000 -0.000000 1.000000
vn 0.000000 -0.000000 1.000000
vn 0.000000 -0.000000 1.000000
vn 0.000000 -0.000000 1.000000
vn 0.000000 -0.000000 1.000000
vn 0.000000 -0.000000 1.000000
vn 0.000000 -0.000000 1.000000
vn 0.000000 -0.000000 1.000000
vn 0.000000 -0.000000 1.000000
vn 0.000000 -0.000000 1.000000
vn 0.000000 -0.000000 1.000000
vn 0.000000 -0.000000 1.000000
vn 0.000000 -0.000000 1.000000
vn 0.000000 -0.000000 1.000000
vn 0.000000 -0.000000 1.000000
vn 0.000000 -0.000000 1.000000
vn 0.000000 -0.000000 1.000000
vn 0.000000 -0.000000 1.000000
vn 0.000000 -0.000000 1.000000
vn 0.000000 -0.000000 1.000000
vn 0.000000 -0.000000 1.000000
vn 0.000000 -0.000000 1.000000
vn 0.000000 -0.000000 1.000000
vn 0.000000 -0.000000 1.000000
vn 0.000000 -0.000000 1.000000
vn 0.000000 -0.000000 1.000000
vn 0.000000 -0.000000 1.000000
vn 0.000000 -0.000000 1.000000
vn 0.000000 -0.000000 1.000000
vn 0.000000 -0.000000 1.000000
vn 0.000000 -0.000000 1.000000
vn 0.000000 -0.000000 1.000000
vn 0.000000 -0.000000 1.000000
vn 0.000000 -0.000000 1.000000
vn 0.000000 -0.000000 1.000000
vn 0.000000 -0.000000 1.000000
vn 0.000000 -0.000000 1.000000
vn 0.000000 -0.000000 1.000000
vn 0.000000 -0.000000 1.000000
vn 0.000000 -0.000000 1.000000
vn 0.000000 -0.000000 1.000000
vn 0.000000 -0.000000 1.000000
vn 0.000000 -0.000000 1.000000
vn 0.000000 -0.000000 1.000000
vn 0.000000 -0.000000 1.000000
vn 0.000000 -0.000000 1.000000
vn 0.000000 -0.000000 1.000000
vn 0.000000 -0.000000 1.000000
vn 0.000000 -0.000000 1.000000
vn 0.000000 -0.000000 1.000000
vn 0.000000 -0.000000 1.000000
vn 0.000000 -0.000000 1.000000
vn 0.000000 -0.000000 1.000000
vn 0.000000 -0.000000 1.000000
vn 0.000000 -0.000000 1.000000
vn 0.000000 -0.000000 1.000000
vn 0.000000 -0.000000 1.000000
vn 0.000000 -0.000000 1.000000
vn 0.000000 -0.000000 1.000000
vn 0.000000 -0.000000 1.000000
vn 0.000000 -0.000000 1.000000
vn 0.000000 -0.000000 1.000000
vn 0.000000 -0.000000 1.000000
vn 0.000000 -0.000000 1.000000
vn 0.000000 -0.000000 1.000000
vn 0.000000 -0.000000 1.000000
vn 0.000000 -0.000000 1.000000
vn 0.000000 -0.000000 1.000000
vn 0.000000 -0.000000 1.000000
vn 0.000000 -0.000000 1.000000
vn 0.000000 -0.000000 1.000000
vn 0.000000 -0.000000 1.000000
vn 0.000000 -0.000000 1.000000
vn 0.000000 -0.000000 1.000000
vn 0.000000 -0.000000 1.000000
vn 0.000000 -0.000000 1.000000
vn 0.000000 -0.000000 1.000000
vn 0.000000 -0.000000 1.000000
vn 0.000000 -0.000000 1.000000
vn 0.000000 -0.000000 1.000000
vn 0.000000 -0.000000 1.000000
vn 0.000000 -0.000000 1.000000
vn 0.000000 -0.000000 1.000000
vn 0.000000 -0.000000 1.000000
vn 0.000000 -0.000000 1.000000
vn 0.000000 -0.000000 1.000000
vn 0.000000 -0.000000 1.000000
vn 0.000000 -0.000000 1.000000
vn 0.000000 -0.000000 1.000000
vn 0.000000 -0.000000 1.000000
vn 0.000000 -0.000000 1.000000
vn 0.000000 -0.000000 1.000000
vn 0.000000 0.000000 -1.000000
vn 0.000000 0.000000 -1.000000
vn 0.000000 0.000000 -1.000000
vn 0.000000 0.000000 -1.000000
vn 0.000000 0.000000 -1.000000
vn 0.000000 0.000000 -1.000000
vn 0.000000 0.000000 -1.000000
vn 0.000000 0.000000 -1.000000
vn 0.000000 0.000000 -1.000000
vn 0.000000 0.000000 -1.000000
vn 0.000000 0.000000 -1.000000
vn 0.000000 0.000000 -1.000000
vn 0.000000 0.000000 -1.000000
vn 0.000000 0.000000 -1.000000
vn 0.000000 0.000000 -1.000000
vn 0.000000 0.000000 -1.000000
vn 0.000000 0.000000 -1.000000
vn 0.000000 0.000000 -1.000000
vn 0.000000 0.000000 -1.000000
vn 0.000000 0.000000 -1.000000
vn 0.000000 0.000000 -1.000000
vn 0.000000 0.000000 -1.000000
vn 0.000000 0.000000 -1.000000
vn 0.000000 0.000000 -1.000000
vn 0.000000 0.000000 -1.000000
vn 0.000000 0.000000 -1.000000
vn 0.000000 0.000000 -1.000000
vn 0.000000 0.000000 -1.000000
vn 0.000000 0.000000 -1.000000
vn 0.000000 0.000000 -1.000000
vn 0.000000 0.000000 -1.000000
vn 0.000000 0.000000 -1.000000
vn 0.000000 0.000000 -1.000000
vn 0.000000 0.000000 -1.000000
vn 0.000000 0.000000 -1.000000
vn 0.000000 0.000000 -1.000000
vn 0.000000 0.000000 -1.000000
vn 0.000000 0.000000 -1.000000
vn 0.000000 0.000000 -1.000000
vn 0.000000 0.000000 -1.000000
vn 0.000000 0.000000 -1.000000
vn 0.000000 0.000000 -1.000000
vn 0.000000 0.000000 -1.000000
vn 0.000000 0.000000 -1.000000
vn 0.000000 0.000000 -1.000000
vn 0.000000 0.000000 -1.000000
vn 0.000000 0.000000 -1.000000
vn 0.000000 0.000000 -1.000000
vn 0.000000 0.000000 -1.000000
vn 0.000000 0.000000 -1.000000
vn 0.000000 0.000000 -1.000000
vn 0.000000 0.000000 -1.000000
vn 0.000000 0.000000 -1.000000
vn 0.000000 0.000000 -1.000000
vn 0.000000 0.000000 -1.000000
vn 0.000000 0.000000 -1.000000
vn 0.000000 0.000000 -1.000000
vn 0.000000 0.000000 -1.000000
vn 0.000000 0.000000 -1.000000
vn 0.000000 0.000000 -1.000000
vn 0.000000 0.000000 -1.000000
vn 0.000000 0.000000 -1.000000
vn 0.000000 0.000000 -1.000000
vn 0.000000 0.000000 -1.000000
vn 0.000000 0.000000 -1.000000
vn 0.000000 0.000000 -1.000000
vn 0.000000 0.000000 -1.000000
vn 0.000000 0.000000 -1.000000
vn 0.000000 0.000000 -1.000000
vn 0.000000 0.000000 -1.000000
vn 0.000000 0.000000 -1.000000
vn 0.000000 0.000000 -1.000000
vn 0.000000 0.000000 -1.000000
vn 0.000000 0.000000 -1.000000
vn 0.000000 0.000000 -1.000000
vn 0.000000 0.000000 -1.000000
vn 0.000000 0.000000 -1.000000
vn 0.000000 0.000000 -1.000000
vn 0.000000 0.000000 -1.000000
vn 0.000000 0.000000 -1.000000
vn 0.000000 0.000000 -1.000000
vn 0.000000 0.000000 -1.000000
vn 0.000000 0.000000 -1.000000
vn 0.000000 0.000000 -1.000000
vn 0.000000 0.000000 -1.000000
vn 0.000000 0.000000 -1.000000
vn 0.000000 0.000000 -1.000000
vn 0.000000 0.000000 -1.000000
vn 0.000000 0.000000 -1.000000
vn 0.000000 0.000000 -1.000000
vn 0.000000 0.000000 -1.000000
vn 0.000000 0.000000 -1.000000
vn 0.000000 0.000000 -1.000000
vn 0.000000 0.000000 -1.000000
vn 0.000000 0.000000 -1.000000
vn 0.000000 0.000000 -1.000000
vn 0.000000 0.000000 -1.000000
vn 0.000000 0.000000 -1.000000
vn 0.000000 0.000000 -1.000000
vn 0.000000 0.000000 -1.000000
vn 0.000000 0.000000 -1.000000
vn 0.000000 0.000000 -1.000000
vn 0.000000 0.000000 -1.000000
vn 0.000000 0.000000 -1.000000
vn 0.000000 0.000000 -1.000000
vn 0.000000 0.000000 -1.000000
vn 0.000000 0.000000 -1.000000
vn 0.000000 0.000000 -1.000000
vn 0.000000 0.000000 -1.000000
vn 0.000000 0.000000 -1.000000
vn 0.000000 0.000000 -1.000000
vn 0.000000 0.000000 -1.000000
vn 0.000000 0.000000 -1.000000
vn 0.000000 0.000000 -1.000000
vn 0.000000 0.000000 -1.000000
vn 0.000000 0.000000 -1.000000
vn 0.000000 0.000000 -1.000000
vn 0.000000 0.000000 -1.000000
vn 0.000000 0.000000 -1.000000
vn 0.000000 0.000000 -1.000000
vn 0.000000 0.000000 -1.000000
vn 0.000000 0.000000 -1.000000
vn 0.000000 0.000000 -1.000000
vn 0.000000 0.000000 -1.000000
vn 0.000000 0.000000 -1.000000
vn 0.000000 0.000000 -1.000000
vn 0.000000 0.000000 -1.000000
vn 0.000000 0.000000 -1.000000
vn 0.000000 0.000000 -1.000000
vn 0.000000 0.000000 -1.000000
vn 0.000000 0.000000 -1.000000
vn 0.000000 0.000000 -1.000000
vn 0.000000 0.000000 -1.000000
vn 0.000000 0.000000 -1.000000
vn 0.000000 0.000000 -1.000000
vn 0.000000 0.000000 -1.000000
vn 0.000000 0.000000 -1.000000
vn 0.000000 0.000000 -1.000000
vn 0.000000 0.000000 -1.000000
vn 0.000000 0.000000 -1.000000
vn 0.000000 0.000000 -1.000000
vn 0.000000 0.000000 -1.000000
vn 0.000000 0.000000 -1.000000
vn 0.000000 0.000000 -1.000000
vn 0.000000 0.000000 -1.000000
vn 0.000000 0.000000 -1.000000
vn 0.000000 0.000000 -1.000000
vn 0.000000 0.000000 -1.000000
vn 0.000000 0.000000 -1.000000
vn 0.000000 0.000000 -1.000000
vn 0.000000 0.000000 -1.000000
vn 0.000000 0.000000 -1.000000
vn 0.000000 0.000000 -1.000000
vn 0.000000 0.000000 -1.000000
vn 0.000000 0.000000 -1.000000
vn 0.000000 0.000000 -1.000000
vn 0.000000 0.000000 -1.000000
vn 0.000000 0.000000 -1.000000
vn 0.000000 0.000000 -1.000000
vn 0.000000 0.000000 -1.000000
vn 0.000000 0.000000 -1.000000
vn 0.000000 0.000000 -1.000000
vn 0.000000 0.000000 -1.000000
vn 0.000000 0.000000 -1.000000
vn 0.000000 0.000000 -1.000000
vn 0.000000 0.000000 -1.000000
vn 0.000000 0.000000 -1.000000
vn 0.000000 0.000000 -1.000000
vn 0.000000 0.000000 -1.000000
vn 0.000000 0.000000 -1.000000
vn 0.000000 0.000000 -1.000000
vn 0.000000 0.000000 -1.000000
vn 0.000000 0.000000 -1.000000
vn 0.000000 0.000000 -1.000000
vn 0.000000 0.000000 -1.000000
vn 0.000000 0.000000 -1.000000
vn 0.000000 0.000000 -1.000000
vn 0.000000 0.000000 -1.000000
vn 0.000000 0.000000 -1.000000
vn 0.000000 0.000000 -1.000000
vn 0.000000 0.000000 -1.000000
vn 0.000000 0.000000 -1.000000
vn 0.000000 0.000000 -1.000000
vn 0.000000 0.000000 -1.000000
vn 0.000000 0.000000 -1.000000
vn 0.000000 0.000000 -1.000000
vn 0.000000 0.000000 -1.000000
vn 0.000000 0.000000 -1.000000
vn 0.000000 0.000000 -1.000000
vn 0.000000 0.000000 -1.000000
vn 0.000000 0.000000 -1.000000
vn 0.000000 0.000000 -1.000000
vn 0.000000 0.000000 -1.000000
vn 0.000000 0.000000 -1.000000
vn 0.000000 0.000000 -1.000000
vn 0.000000 0.000000 -1.000000
vn 0.000000 0.000000 -1.000000
vn 0.000000 0.000000 -1.000000
vn 0.000000 0.000000 -1.000000
vn 0.000000 0.000000 -1.000000
vn 0.000000 0.000000 -1.000000
vn 0.000000 0.000000 -1.000000
vn 0.000000 0.000000 -1.000000
vn 0.000000 0.000000 -1.000000
vn 0.000000 0.000000 -1.000000
vn 0.000000 0.000000 -1.000000
vn 0.000000 0.000000 -1.000000
vn 0.000000 0.000000 -1.000000
vn 0.000000 0.000000 -1.000000
vn 0.000000 0.000000 -1.000000
vn 0.000000 0.000000 -1.000000
vn 0.000000 0.000000 -1.000000
vn 0.000000 0.000000 -1.000000
vn 0.000000 0.000000 -1.000000
vn 0.000000 0.000000 -1.000000
vn 0.000000 0.000000 -1.000000
vn 0.000000 0.000000 -1.000000
vn 0.000000 0.000000 -1.000000
vn 0.000000 0.000000 -1.000000
vn 0.000000 0.000000 -1.000000
vn 0.000000 0.000000 -1.000000
vn 0.000000 0.000000 -1.000000
vn 0.000000 0.000000 -1.000000
vn 0.000000 0.000000 -1.000000
vn 0.000000 0.000000 -1.000000
vn 0.000000 0.000000 -1.000000
vn 0.000000 0.000000 -1.000000
vn 0.000000 0.000000 -1.000000
vn 0.000000 0.000000 -1.000000
vn 0.000000 0.000000 -1.000000
vn 0.000000 0.000000 -1.000000
vn 0.000000 0.000000 -1.000000
vn 0.000000 0.000000 -1.000000
vn 0.000000 0.000000 -1.000000
vn 0.000000 0.000000 -1.000000
vn 0.000000 0.000000 -1.000000
vn 0.000000 0.000000 -1.000000
vn 0.000000 0.000000 -1.000000
vn 0.000000 0.000000 -1.000000
vn 0.000000 0.000000 -1.000000
vn 0.000000 0.000000 -1.000000
vn 0.000000 0.000000 -1.000000
vn 0.000000 0.000000 -1.000000
vn 0.000000 0.000000 -1.000000
vn 0.000000 0.000000 -1.000000
vn 0.000000 0.000000 -1.000000
vn 0.000000 0.000000 -1.000000
vn 0.000000 0.000000 -1.000000
vn 0.000000 0.000000 -1.000000
vn 0.000000 0.000000 -1.000000
vn 0.000000 0.000000 -1.000000
vn 0.000000 0.000000 -1.000000
vn 0.000000 0.000000 -1.000000
vn 0.000000 0.000000 -1.000000
vn 0.000000 0.000000 -1.000000
vn 0.000000 0.000000 -1.000000
vn 0.000000 0.000000 -1.000000
vn 0.000000 0.000000 -1.000000
vn 0.000000 0.000000 -1.000000
vn 0.000000 0.000000 -1.000000
vn 0.000000 0.000000 -1.000000
vn 0.000000 0.000000 -1.000000
vn 0.000000 0.000000 -1.000000
vn 0.000000 0.000000 -1.000000
vn 0.000000 0.000000 -1.000000
vn 0.000000 0.000000 -1.000000
vn 0.000000 0.000000 -1.000000
vn 0.000000 0.000000 -1.000000
vn 0.000000 0.000000 -1.000000
vn 0.000000 0.000000 -1.000000
vn 0.000000 0.000000 -1.000000
vn 0.000000 0.000000 -1.000000
vn 0.000000 0.000000 -1.000000
vn 0.000000 0.000000 -1.000000
vn 0.000000 0.000000 -1.000000
vn 0.000000 0.000000 -1.000000
vn 0.000000 0.000000 -1.000000
vn 0.000000 0.000000 -1.000000
vn 0.000000 0.000000 -1.000000
vn 0.000000 0.000000 -1.000000
vn 0.000000 0.000000 -1.000000
vn 0.000000 0.000000 -1.000000
vn 0.000000 0.000000 -1.000000
vn 0.000000 0.000000 -1.000000
vn 0.000000 0.000000 -1.000000
vn 0.000000 0.000000 -1.000000
vn 0.000000 0.000000 -1.000000
vn 0.000000 0.000000 -1.000000
vn 0.000000 0.000000 -1.000000
vn 0.000000 0.000000 -1.000000
vn 0.000000 0.000000 -1.000000
vn 0.000000 0.000000 -1.000000
vn 0.000000 0.000000 -1.000000
vn 0.000000 0.000000 -1.000000
vn 0.000000 0.000000 -1.000000
vn 0.000000 0.000000 -1.000000
vn 0.000000 0.000000 -1.000000
vn 0.000000 0.000000 -1.000000
vn 0.000000 0.000000 -1.000000
vn 0.000000 0.000000 -1.000000
vn 0.000000 0.000000 -1.000000
vn 0.000000 0.000000 -1.000000
vn 0.000000 0.000000 -1.000000
vn 0.000000 0.000000 -1.000000
vn 0.000000 0.000000 -1.000000
vn 0.000000 0.000000 -1.000000
vn 0.000000 0.000000 -1.000000
vn 0.000000 0.000000 -1.000000
vn 0.000000 0.000000 -1.000000
vn 0.000000 0.000000 -1.000000
vn 0.000000 0.000000 -1.000000
vn 0.000000 0.000000 -1.000000
vn 0.000000 0.000000 -1.000000
vn 0.000000 0.000000 -1.000000
vn 0.000000 0.000000 -1.000000
vn 0.000000 0.000000 -1.000000
vn 0.000000 0.000000 -1.000000
vn 0.000000 0.000000 -1.000000
vn 0.000000 0.000000 -1.000000
vn 0.000000 0.000000 -1.000000
vn 0.000000 0.000000 -1.000000
vn 0.000000 0.000000 -1.000000
vn 0.000000 0.000000 -1.000000
vn 0.000000 0.000000 -1.000000
vn 0.000000 0.000000 -1.000000
vn 0.000000 0.000000 -1.000000
vn 0.000000 0.000000 -1.000000
vn 0.000000 0.000000 -1.000000
vn 0.000000 0.000000 -1.000000
vn 0.000000 0.000000 -1.000000
vn 0.000000 0.000000 -1.000000
vn 0.000000 0.000000 -1.000000
vn 0.000000 0.000000 -1.000000
vn 0.000000 0.000000 -1.000000
vn 0.000000 0.000000 -1.000000
vn 0.000000 0.000000 -1.000000
vn 0.000000 0.000000 -1.000000
vn 0.000000 0.000000 -1.000000
vn 0.000000 0.000000 -1.000000
vn 0.000000 0.000000 -1.000000
vn 0.000000 0.000000 -1.000000
vn 0.000000 0.000000 -1.000000
vn 0.000000 0.000000 -1.000000
vn 0.000000 0.000000 -1.000000
vn 0.000000 0.000000 -1.000000
vn 0.000000 0.000000 -1.000000
vn 0.000000 0.000000 -1.000000
vn 0.000000 0.000000 -1.000000
vn 0.000000 0.000000 -1.000000
vn 0.000000 0.000000 -1.000000
vn 0.000000 0.000000 -1.000000
vn 0.000000 0.000000 -1.000000
vn 0.000000 0.000000 -1.000000
vn 0.000000 0.000000 -1.000000
vn 0.000000 0.000000 -1.000000
vn 0.000000 0.000000 -1.000000
vn 0.000000 0.000000 -1.000000
vn 0.000000 0.000000 -1.000000
vn 0.000000 0.000000 -1.000000
vn 0.000000 0.000000 -1.000000
vn 0.000000 0.000000 -1.000000
vn 0.000000 0.000000 -1.000000
vn 0.000000 0.000000 -1.000000
vn 0.000000 0.000000 -1.000000
vn 0.000000 0.000000 -1.000000
vn 0.000000 0.000000 -1.000000
vn 0.000000 0.000000 -1.000000
vn 0.000000 0.000000 -1.000000
vn 0.000000 0.000000 -1.000000
vn 0.000000 0.000000 -1.000000
vn 0.000000 0.000000 -1.000000
vn 0.000000 0.000000 -1.000000
vn 0.000000 0.000000 -1.000000
vn 0.000000 0.000000 -1.000000
vn 0.000000 0.000000 -1.000000
vn 0.000000 0.000000 -1.000000
vn 0.000000 0.000000 -1.000000
vn 0.000000 0.000000 -1.000000
vn 0.000000 0.000000 -1.000000
vn 0.000000 0.000000 -1.000000
vn 0.000000 0.000000 -1.000000
vn 0.000000 0.000000 -1.000000
vn 0.000000 0.000000 -1.000000
vn 0.000000 0.000000 -1.000000
vn 0.000000 0.000000 -1.000000
vn 0.000000 0.000000 -1.000000
vn 0.000000 0.000000 -1.000000
vn 0.000000 0.000000 -1.000000
vn 0.000000 0.000000 -1.000000
vn 0.000000 0.000000 -1.000000
vn 0.000000 0.000000 -1.000000
vn 0.000000 0.000000 -1.000000
vn 0.000000 0.000000 -1.000000
vn 0.000000 0.000000 -1.000000
vn 0.000000 0.000000 -1.000000
vn 0.000000 0.000000 -1.000000
vn 0.000000 0.000000 -1.000000
vn 0.000000 0.000000 -1.000000
vn 0.000000 0.000000 -1.000000
vn 0.000000 0.000000 -1.000000
vn 0.000000 0.000000 -1.000000
vn 0.000000 0.000000 -1.000000
vn 0.000000 0.000000 -1.000000
vn 0.000000 0.000000 -1.000000
vn 0.000000 0.000000 -1.000000
vn 0.000000 0.000000 -1.000000
vn 0.000000 0.000000 -1.000000
vn 0.000000 0.000000 -1.000000
vn 0.000000 0.000000 -1.000000
vn 0.000000 0.000000 -1.000000
vn 0.000000 0.000000 -1.000000
vn 0.000000 0.000000 -1.000000
vn 0.000000 0.000000 -1.000000
vn 0.000000 0.000000 -1.000000
vn 0.000000 0.000000 -1.000000
vn 0.000000 0.000000 -1.000000
vn 0.000000 0.000000 -1.000000
vn 0.000000 0.000000 -1.000000
vn 0.000000 0.000000 -1.000000
vn 0.000000 0.000000 -1.000000
vn 0.000000 0.000000 -1.000000
vn 0.000000 0.000000 -1.000000
vn 0.000000 0.000000 -1.000000
vn 0.000000 0.000000 -1.000000
vn 0.000000 0.000000 -1.000000
vn 0.000000 0.000000 -1.000000
vn 0.000000 0.000000 -1.000000
vn 0.000000 0.000000 -1.000000
vn 0.000000 0.000000 -1.000000
vn 0.000000 0.000000 -1.000000
vn 0.000000 0.000000 -1.000000
vn 0.000000 0.000000 -1.000000
vn 0.000000 0.000000 -1.000000
vn 0.000000 0.000000 -1.000000
vn 0.000000 0.000000 -1.000000
vn 0.000000 0.000000 -1.000000
vn 0.000000 0.000000 -1.000000
vn 0.000000 0.000000 -1.000000
vn 0.000000 0.000000 -1.000000
vn 0.000000 0.000000 -1.000000
vn 0.000000 0.000000 -1.000000
vn 0.000000 0.000000 -1.000000
vn 0.000000 0.000000 -1.000000
vn 0.000000 0.000000 -1.000000
vn 0.000000 0.000000 -1.000000
vn 0.000000 0.000000 -1.000000
vn 0.000000 0.000000 -1.000000
vn 0.000000 0.000000 -1.000000
vn 0.000000 0.000000 -1.000000
vn 0.000000 0.000000 -1.000000
vn 0.000000 0.000000 -1.000000
vn 0.000000 0.000000 -1.000000
vn 0.000000 0.000000 -1.000000
vn 0.000000 0.000000 -1.000000
vn 0.000000 0.000000 -1.000000
vn 0.000000 0.000000 -1.000000
vn 0.000000 0.000000 -1.000000
vn 0.000000 0.000000 -1.000000
vn 0.000000 0.000000 -1.000000
vn 0.000000 0.000000 -1.000000
vn 0.000000 0.000000 -1.000000
vn 0.000000 0.000000 -1.000000
vn 0.000000 0.000000 -1.000000
vn 0.000000 0.000000 -1.000000
vn 0.000000 0.000000 -1.000000
vn 0.000000 0.000000 -1.000000
vn 0.000000 0.000000 -1.000000
vn 0.000000 0.000000 -1.000000
vn 0.000000 0.000000 -1.000000
vn 0.000000 0.000000 -1.000000
vn 0.000000 0.000000 -1.000000
vn 0.000000 0.000000 -1.000000
vn 0.000000 0.000000 -1.000000
vn 0.000000 0.000000 -1.000000
vn 0.000000 0.000000 -1.000000
vn 0.000000 0.000000 -1.000000
vn 0.000000 0.000000 -1.000000
vn 0.000000 0.000000 -1.000000
vn 0.000000 0.000000 -1.000000
vn 0.000000 0.000000 -1.000000
vn 0.000000 0.000000 -1.000000
vn 0.000000 0.000000 -1.000000
vn 0.000000 0.000000 -1.000000
vn 0.000000 0.000000 -1.000000
vn 0.000000 0.000000 -1.000000
vn 0.000000 0.000000 -1.000000
vn 0.000000 0.000000 -1.000000
vn 0.000000 0.000000 -1.000000
vn 0.000000 0.000000 -1.000000
vn 0.000000 0.000000 -1.000000
vn 0.000000 0.000000 -1.000000
vn 0.000000 0.000000 -1.000000
vn 0.000000 0.000000 -1.000000
vn 0.000000 0.000000 -1.000000
vn 0.000000 0.000000 -1.000000
vn 0.000000 0.000000 -1.000000
vn 0.000000 0.000000 -1.000000
vn 0.000000 0.000000 -1.000000
vn 0.000000 0.000000 -1.000000
vn 0.000000 0.000000 -1.000000
vn 0.000000 0.000000 -1.000000
vn 0.000000 0.000000 -1.000000
vn 0.000000 0.000000 -1.000000
vn 0.000000 0.000000 -1.000000
vn 0.000000 0.000000 -1.000000
vn 0.000000 0.000000 -1.000000
vn 0.000000 0.000000 -1.000000
vn 0.000000 0.000000 -1.000000
vn 0.000000 0.000000 -1.000000
vn 0.000000 0.000000 -1.000000
vn 0.000000 0.000000 -1.000000
vn 0.000000 0.000000 -1.000000
vn 0.000000 0.000000 -1.000000
vn 0.000000 0.000000 -1.000000
vn 0.000000 0.000000 -1.000000
vn 0.000000 0.000000 -1.000000
vn 0.000000 0.000000 -1.000000
vn 0.000000 0.000000 -1.000000
vn 0.000000 0.000000 -1.000000
vn 0.000000 0.000000 -1.000000
vn 0.000000 0.000000 -1.000000
vn 0.000000 0.000000 -1.000000
vn 0.000000 0.000000 -1.000000
vn 0.000000 0.000000 -1.000000
vn 0.000000 0.000000 -1.000000
vn 0.000000 0.000000 -1.000000
vn 0.000000 0.000000 -1.000000
vn 0.000000 0.000000 -1.000000
vn 0.000000 0.000000 -1.000000
vn 0.000000 0.000000 -1.000000
vn 0.000000 0.000000 -1.000000
vn 0.000000 0.000000 -1.000000
vn 0.000000 0.000000 -1.000000
vn 0.000000 0.000000 -1.000000
vn 0.000000 0.000000 -1.000000
vn 0.000000 0.000000 -1.000000
vn 0.000000 0.000000 -1.000000
vn 0.000000 0.000000 -1.000000
vn 0.000000 0.000000 -1.000000
vn 0.000000 0.000000 -1.000000
vn 0.000000 0.000000 -1.000000
vn 0.000000 0.000000 -1.000000
vn 0.000000 0.000000 -1.000000
vn 0.000000 0.000000 -1.000000
vn 0.000000 0.000000 -1.000000
vn 0.000000 0.000000 -1.000000
vn 0.000000 0.000000 -1.000000
vn 0.000000 0.000000 -1.000000
vn 0.000000 0.000000 -1.000000
vn 0.000000 0.000000 -1.000000
vn 0.000000 0.000000 -1.000000
vn 0.000000 0.000000 -1.000000
vn 0.000000 0.000000 -1.000000
vn 0.000000 0.000000 -1.000000
vn 0.000000 0.000000 -1.000000
vn 0.000000 0.000000 -1.000000
vn 0.000000 0.000000 -1.000000
vn 0.000000 0.000000 -1.000000
vn 0.000000 0.000000 -1.000000
vn 0.000000 0.000000 -1.000000
vn 0.000000 0.000000 -1.000000
vn 0.000000 0.000000 -1.000000
vn 0.000000 0.000000 -1.000000
vn 0.000000 0.000000 -1.000000
vn 0.000000 0.000000 -1.000000
vn 0.000000 0.000000 -1.000000
vn 0.000000 0.000000 -1.000000
vn 0.000000 0.000000 -1.000000
vn 0.000000 0.000000 -1.000000
vn 0.000000 0.000000 -1.000000
vn 0.000000 0.000000 -1.000000
vn 0.000000 0.000000 -1.000000
vn 0.000000 0.000000 -1.000000
vn 0.000000 0.000000 -1.000000
vn 0.000000 0.000000 -1.000000
vn 0.000000 0.000000 -1.000000
vn 0.000000 0.000000 -1.000000
vn 0.000000 0.000000 -1.000000
vn 0.000000 0.000000 -1.000000
vn 0.000000 0.000000 -1.000000
vn 0.000000 0.000000 -1.000000
vn 0.000000 0.000000 -1.000000
vn 0.000000 0.000000 -1.000000
vn 0.000000 0.000000 -1.000000
vn 0.000000 0.000000 -1.000000
vn 0.000000 0.000000 -1.000000
vn 0.000000 0.000000 -1.000000
vn 0.000000 0.000000 -1.000000
vn 0.000000 0.000000 -1.000000
vn 0.000000 0.000000 -1.000000
vn 0.000000 0.000000 -1.000000
vn 0.000000 0.000000 -1.000000
vn 0.000000 0.000000 -1.000000
vn 0.000000 0.000000 -1.000000
vn 0.000000 0.000000 -1.000000
vn 0.000000 0.000000 -1.000000
vn 0.000000 0.000000 -1.000000
vn 0.000000 0.000000 -1.000000
vn 0.000000 0.000000 -1.000000
vn 0.000000 0.000000 -1.000000
vn 0.000000 0.000000 -1.000000
vn 0.000000 0.000000 -1.000000
vn 0.000000 0.000000 -1.000000
vn 0.000000 0.000000 -1.000000
vn 0.000000 0.000000 -1.000000
vn 0.000000 0.000000 -1.000000
vn 0.000000 0.000000 -1.000000
vn 0.000000 0.000000 -1.000000
vn 0.000000 0.000000 -1.000000
vn 0.000000 0.000000 -1.000000
vn 0.000000 0.000000 -1.000000
vn 0.000000 0.000000 -1.000000
vn 0.000000 0.000000 -1.000000
vn 0.000000 0.000000 -1.000000
vn 0.000000 0.000000 -1.000000
vn 0.000000 0.000000 -1.000000
vn 0.000000 0.000000 -1.000000
vn 0.000000 0.000000 -1.000000
vn 0.000000 0.000000 -1.000000
vn 0.000000 0.000000 -1.000000
vn 0.000000 0.000000 -1.000000
vn 0.000000 0.000000 -1.000000
vn 0.000000 0.000000 -1.000000
vn 0.000000 0.000000 -1.000000
vn 0.000000 0.000000 -1.000000
vn 0.000000 0.000000 -1.000000
vn 0.000000 0.000000 -1.000000
vn 0.000000 0.000000 -1.000000
vn 0.000000 0.000000 -1.000000
vn 0.000000 0.000000 -1.000000
vn 0.000000 0.000000 -1.000000
vn 0.000000 0.000000 -1.000000
vn 0.000000 0.000000 -1.000000
vn 0.000000 0.000000 -1.000000
vn 0.000000 0.000000 -1.000000
vn 0.000000 0.000000 -1.000000
vn 0.000000 0.000000 -1.000000
vn 0.000000 0.000000 -1.000000
vn 0.000000 0.000000 -1.000000
vn 0.000000 0.000000 -1.000000
vn 0.000000 0.000000 -1.000000
vn 0.000000 0.000000 -1.000000
vn 0.000000 0.000000 -1.000000
vn 0.000000 0.000000 -1.000000
vn 0.000000 0.000000 -1.000000
vn 0.000000 0.000000 -1.000000
vn 0.000000 0.000000 -1.000000
vn 0.000000 0.000000 -1.000000
vn -0.090479 -0.995898 -0.000000
vn -0.283458 -0.958985 -0.000000
vn -0.474367 -0.880327 -0.000000
vn -0.638976 -0.769227 -0.000000
vn -0.769279 -0.638913 -0.000000
vn -0.880354 -0.474317 -0.000000
vn -0.958973 -0.283498 -0.000000
vn -0.995891 -0.090557 -0.000000
vn -1.000000 0.000000 -0.000000
vn -0.995891 0.090557 0.000000
vn -0.958973 0.283498 0.000000
vn -0.880503 0.474041 0.000000
vn -0.769279 0.638913 0.000000
vn -0.638638 0.769507 0.000000
vn -0.474367 0.880327 0.000000
vn -0.283458 0.958985 0.000000
vn -0.090472 0.995899 0.000000
vn 0.000000 1.000000 0.000000
vn 0.045320 0.998973 0.000000
vn 0.143548 0.989643 0.000000
vn 0.250563 0.968100 0.000000
vn 0.363155 0.931729 0.000000
vn 0.477569 0.878594 0.000000
vn 0.593694 0.804691 0.000000
vn 0.704808 0.709398 0.000000
vn 0.802597 0.596522 0.000000
vn 0.882514 0.470286 0.000000
vn 0.943134 0.332412 0.000000
vn 0.981165 0.193171 0.000000
vn 0.998121 0.061281 0.000000
vn 1.000000 0.000000 -0.000000
vn 0.998121 -0.061281 -0.000000
vn 0.981165 -0.193171 -0.000000
vn 0.943134 -0.332412 -0.000000
vn 0.882514 -0.470286 -0.000000
vn 0.802597 -0.596522 -0.000000
vn 0.704808 -0.709398 -0.000000
vn 0.593694 -0.804691 -0.000000
vn 0.477569 -0.878594 -0.000000
vn 0.363155 -0.931729 -0.000000
vn 0.250563 -0.968100 -0.000000
vn 0.143548 -0.989643 -0.000000
vn 0.045320 -0.998973 -0.000000
vn 0.000000 -1.000000 -0.000000
vn 0.989955 0.141385 0.000000
vn 0.857696 0.514157 0.000000
vn 0.514326 0.857595 0.000000
vn 0.141119 0.989993 0.000000
vn 0.000000 1.000000 0.000000
vn -0.082905 0.996558 0.000000
vn -0.269237 0.963074 0.000000
vn -0.467803 0.883833 0.000000
vn -0.650882 0.759179 0.000000
vn -0.795210 0.606334 0.000000
vn -0.902091 0.431546 0.000000
vn -0.967470 0.252984 0.000000
vn -0.995931 0.090120 0.000000
vn -1.000000 0.000000 -0.000000
vn -0.997274 -0.073789 -0.000000
vn -0.970363 -0.241652 -0.000000
vn -0.904087 -0.427349 -0.000000
vn -0.792931 -0.609311 -0.000000
vn -0.644786 -0.764363 -0.000000
vn -0.461469 -0.887156 -0.000000
vn -0.264793 -0.964305 -0.000000
vn -0.081399 -0.996682 -0.000000
vn 0.000000 -1.000000 -0.000000
vn 0.141131 -0.989991 -0.000000
vn 0.514326 -0.857595 -0.000000
vn 0.857474 -0.514527 -0.000000
vn 0.989943 -0.141470 -0.000000
vn 1.000000 0.000000 -0.000000
vn 0.995895 -0.090518 -0.000000
vn 0.958920 -0.283678 -0.000000
vn 0.880503 -0.474041 -0.000000
vn 0.769240 -0.638960 -0.000000
vn 0.639015 -0.769194 -0.000000
vn 0.473853 -0.880604 -0.000000
vn 0.283447 -0.958988 -0.000000
vn 0.091103 -0.995842 -0.000000
vn 0.000000 -1.000000 -0.000000
vn 0.141131 -0.989991 -0.000000
vn 0.514326 -0.857595 -0.000000
vn 0.857451 -0.514565 -0.000000
vn 0.989949 -0.141427 -0.000000
vn 1.000000 0.000000 -0.000000
vn 0.989949 0.141427 0.000000
vn 0.857451 0.514565 0.000000
vn 0.514326 0.857595 0.000000
vn 0.141809 0.989894 0.000000
vn 0.000000 1.000000 0.000000
vn 0.090475 0.995899 0.000000
vn 0.283458 0.958985 0.000000
vn 0.473853 0.880604 0.000000
vn 0.639015 0.769194 0.000000
vn 0.769259 0.638937 0.000000
vn 0.880503 0.474041 0.000000
vn 0.958908 0.283716 0.000000
vn 0.995895 0.090518 0.000000
vn 1.000000 0.000000 -0.000000
vn 0.995891 -0.090557 -0.000000
vn 0.958962 -0.283536 -0.000000
vn 0.880503 -0.474041 -0.000000
vn 0.769279 -0.638913 -0.000000
vn 0.638638 -0.769507 -0.000000
vn 0.474367 -0.880327 -0.000000
vn 0.283458 -0.958985 -0.000000
vn 0.090475 -0.995899 -0.000000
vn 0.000000 -1.000000 -0.000000
vn 0.141809 -0.989894 -0.000000
vn 0.514326 -0.857595 -0.000000
vn 0.857451 -0.514565 -0.000000
vn 0.989949 -0.141427 -0.000000
vn 1.000000 0.000000 -0.000000
vn 0.989949 0.141427 0.000000
vn 0.857673 0.514195 0.000000
vn 0.514326 0.857595 0.000000
vn 0.141131 0.989991 0.000000
vn 0.000000 1.000000 0.000000
vn 0.090475 0.995899 0.000000
vn 0.284055 0.958808 0.000000
vn 0.473853 0.880604 0.000000
vn 0.639015 0.769194 0.000000
vn 0.769259 0.638937 0.000000
vn 0.880503 0.474041 0.000000
vn 0.958920 0.283678 0.000000
vn 0.995891 0.090557 0.000000
vn 1.000000 0.000000 -0.000000
vn 0.995895 -0.090518 -0.000000
vn 0.958973 -0.283498 -0.000000
vn 0.880354 -0.474317 -0.000000
vn 0.769240 -0.638960 -0.000000
vn 0.639015 -0.769194 -0.000000
vn 0.474367 -0.880327 -0.000000
vn 0.283447 -0.958988 -0.000000
vn 0.090475 -0.995899 -0.000000
vn 0.000000 -1.000000 -0.000000
vn -0.090479 -0.995898 -0.000000
vn -0.283458 -0.958985 -0.000000
vn -0.474367 -0.880327 -0.000000
vn -0.638976 -0.769227 -0.000000
vn -0.769279 -0.638913 -0.000000
vn -0.880354 -0.474317 -0.000000
vn -0.958973 -0.283498 -0.000000
vn -0.995891 -0.090557 -0.000000
vn -1.000000 0.000000 -0.000000
vn -0.995891 0.090557 0.000000
vn -0.958973 0.283498 0.000000
vn -0.880503 0.474041 0.000000
vn -0.769279 0.638913 0.000000
vn -0.638638 0.769507 0.000000
vn -0.474367 0.880327 0.000000
vn -0.283458 0.958985 0.000000
vn -0.090472 0.995899 0.000000
vn 0.000000 1.000000 0.000000
vn 0.090475 0.995899 0.000000
vn 0.283447 0.958988 0.000000
vn 0.474367 0.880327 0.000000
vn 0.638638 0.769507 0.000000
vn 0.769259 0.638937 0.000000
vn 0.880503 0.474041 0.000000
vn 0.958973 0.283498 0.000000
vn 0.995891 0.090557 0.000000
vn 1.000000 0.000000 -0.000000
vn -0.786376 0.617748 0.000000
vn -0.609621 0.792693 0.000000
vn -0.371313 0.928508 0.000000
vn -0.116814 0.993154 0.000000
vn 0.000000 1.000000 0.000000
vn 0.090475 0.995899 0.000000
vn 0.283453 0.958986 0.000000
vn 0.474367 0.880327 0.000000
vn 0.638648 0.769499 0.000000
vn 0.769259 0.638937 0.000000
vn 0.880503 0.474041 0.000000
vn 0.958967 0.283517 0.000000
vn 0.995891 0.090557 0.000000
vn 1.000000 0.000000 -0.000000
vn 0.995891 -0.090557 -0.000000
vn 0.958967 -0.283517 -0.000000
vn 0.880354 -0.474317 -0.000000
vn 0.769259 -0.638937 -0.000000
vn 0.639025 -0.769186 -0.000000
vn 0.474367 -0.880327 -0.000000
vn 0.283453 -0.958986 -0.000000
vn 0.090475 -0.995899 -0.000000
vn 0.000000 -1.000000 -0.000000
vn -0.090475 -0.995899 -0.000000
vn -0.283453 -0.958986 -0.000000
vn -0.474367 -0.880327 -0.000000
vn -0.639025 -0.769186 -0.000000
vn -0.769259 -0.638937 -0.000000
vn -0.880354 -0.474317 -0.000000
vn -0.958962 -0.283536 -0.000000
vn -0.995893 -0.090538 -0.000000
vn -1.000000 0.000000 -0.000000
vn -0.993602 -0.112941 -0.000000
vn -0.923095 -0.384571 -0.000000
vn -0.746290 -0.665621 -0.000000
vn -0.496270 -0.868169 -0.000000
vn -0.210665 -0.977558 -0.000000
vn 0.249104 -0.968477 -0.000000
vn 0.692811 -0.721119 -0.000000
vn 0.903352 -0.428899 -0.000000
vn 0.838044 -0.545603 -0.000000
vn 0.786245 -0.617914 -0.000000
vn 0.609855 -0.792513 -0.000000
vn 0.371317 -0.928506 -0.000000
vn 0.116814 -0.993154 -0.000000
vn 0.000000 -1.000000 -0.000000
vn -0.116813 -0.993154 -0.000000
vn -0.371309 -0.928509 -0.000000
vn -0.609855 -0.792513 -0.000000
vn -0.786245 -0.617914 -0.000000
vn -0.834730 -0.550660 -0.000000
vn -0.903352 -0.428899 -0.000000
vn -0.692811 -0.721119 -0.000000
vn -0.249115 -0.968474 -0.000000
vn 0.210665 -0.977558 -0.000000
vn 0.496270 -0.868169 -0.000000
vn 0.746290 -0.665621 -0.000000
vn 0.923095 -0.384571 -0.000000
vn 0.993594 -0.113009 -0.000000
vn 1.000000 0.000000 -0.000000
vn 0.995891 -0.090557 -0.000000
vn 0.958962 -0.283536 -0.000000
vn 0.880354 -0.474317 -0.000000
vn 0.769279 -0.638913 -0.000000
vn 0.639015 -0.769194 -0.000000
vn 0.474367 -0.880327 -0.000000
vn 0.283458 -0.958985 -0.000000
vn 0.090475 -0.995899 -0.000000
vn 0.000000 -1.000000 -0.000000
vn -0.090475 -0.995899 -0.000000
vn -0.283447 -0.958988 -0.000000
vn -0.474367 -0.880327 -0.000000
vn -0.639015 -0.769194 -0.000000
vn -0.769279 -0.638913 -0.000000
vn -0.880354 -0.474317 -0.000000
vn -0.958962 -0.283536 -0.000000
vn -0.995895 -0.090518 -0.000000
vn -1.000000 0.000000 -0.000000
vn -0.995891 0.090557 0.000000
vn -0.958962 0.283536 0.000000
vn -0.880503 0.474041 0.000000
vn -0.769299 0.638889 0.000000
vn -0.638638 0.769507 0.000000
vn -0.474367 0.880327 0.000000
vn -0.283447 0.958988 0.000000
vn -0.090475 0.995899 0.000000
vn 0.000000 1.000000 0.000000
vn 0.116813 0.993154 0.000000
vn 0.371317 0.928506 0.000000
vn 0.609621 0.792693 0.000000
vn 0.786376 0.617748 0.000000
vn 0.834641 0.550795 0.000000
vn 0.658253 0.752797 0.000000
vn 0.530141 0.847910 0.000000
vn 0.350736 0.936474 0.000000
vn 0.124373 0.992236 0.000000
vn -0.132528 0.991179 0.000000
vn -0.418625 0.908159 0.000000
vn -0.672821 0.739805 0.000000
vn -0.841029 0.540990 0.000000
vn -0.834641 0.550795 0.000000
vn -0.090474 -0.995899 -0.000000
vn -0.283453 -0.958986 -0.000000
vn -0.474367 -0.880327 -0.000000
vn -0.639025 -0.769186 -0.000000
vn -0.769259 -0.638937 -0.000000
vn -0.880354 -0.474317 -0.000000
vn -0.958964 -0.283526 -0.000000
vn -0.995893 -0.090538 -0.000000
vn -1.000000 0.000000 -0.000000
vn -0.995893 0.090538 0.000000
vn -0.958964 0.283526 0.000000
vn -0.880503 0.474041 0.000000
vn -0.769259 0.638937 0.000000
vn -0.638648 0.769499 0.000000
vn -0.474367 0.880327 0.000000
vn -0.283453 0.958986 0.000000
vn -0.090474 0.995899 0.000000
vn 0.000000 1.000000 0.000000
vn 0.090474 0.995899 0.000000
vn 0.283450 0.958987 0.000000
vn 0.474362 0.880330 0.000000
vn 0.638653 0.769495 0.000000
vn 0.769264 0.638931 0.000000
vn 0.880507 0.474033 0.000000
vn 0.958964 0.283526 0.000000
vn 0.995893 0.090538 0.000000
vn 1.000000 0.000000 -0.000000
vn 0.995893 -0.090538 -0.000000
vn 0.958964 -0.283526 -0.000000
vn 0.880358 -0.474309 -0.000000
vn 0.769264 -0.638931 -0.000000
vn 0.639025 -0.769186 -0.000000
vn 0.474362 -0.880330 -0.000000
vn 0.283450 -0.958987 -0.000000
vn 0.090475 -0.995899 -0.000000
vn 0.000000 -1.000000 -0.000000
vn -0.995892 0.090547 0.000000
vn -0.958964 0.283526 0.000000
vn -0.880503 0.474041 0.000000
vn -0.769264 0.638931 0.000000
vn -0.638648 0.769499 0.000000
vn -0.474367 0.880327 0.000000
vn -0.283453 0.958986 0.000000
vn -0.090475 0.995899 0.000000
vn 0.000000 1.000000 0.000000
vn 0.090475 0.995899 0.000000
vn 0.283453 0.958986 0.000000
vn 0.474367 0.880327 0.000000
vn 0.638638 0.769507 0.000000
vn 0.769269 0.638925 0.000000
vn 0.880512 0.474024 0.000000
vn 0.958967 0.283517 0.000000
vn 0.995891 0.090557 0.000000
vn 1.000000 0.000000 -0.000000
vn 0.995893 -0.090538 -0.000000
vn 0.958967 -0.283517 -0.000000
vn 0.880363 -0.474301 -0.000000
vn 0.769259 -0.638937 -0.000000
vn 0.639025 -0.769186 -0.000000
vn 0.474367 -0.880327 -0.000000
vn 0.283453 -0.958986 -0.000000
vn 0.090473 -0.995899 -0.000000
vn 0.000000 -1.000000 -0.000000
vn -0.107457 -0.994210 -0.000000
vn -0.360919 -0.932597 -0.000000
vn -0.624838 -0.780755 -0.000000
vn -0.827413 -0.561594 -0.000000
vn -0.853640 -0.520864 -0.000000
vn -0.788269 -0.615331 -0.000000
vn -0.644909 -0.764259 -0.000000
vn -0.375462 -0.926838 -0.000000
vn 0.030559 -0.999533 -0.000000
vn 0.472660 -0.881245 -0.000000
vn 0.822842 -0.568270 -0.000000
vn 0.963273 -0.268524 -0.000000
vn 0.997546 -0.070021 -0.000000
vn 0.999991 0.004292 0.000000
vn 0.995893 -0.090540 -0.000000
vn 0.958966 -0.283523 -0.000000
vn 0.880359 -0.474308 -0.000000
vn 0.769264 -0.638931 -0.000000
vn 0.639022 -0.769188 -0.000000
vn 0.474364 -0.880329 -0.000000
vn 0.283452 -0.958987 -0.000000
vn 0.090475 -0.995899 -0.000000
vn 0.000000 -1.000000 -0.000000
vn -0.090475 -0.995899 -0.000000
vn -0.283451 -0.958987 -0.000000
vn -0.474364 -0.880329 -0.000000
vn -0.639023 -0.769188 -0.000000
vn -0.769263 -0.638932 -0.000000
vn -0.880358 -0.474309 -0.000000
vn -0.958966 -0.283522 -0.000000
vn -0.995893 -0.090542 -0.000000
vn -1.000000 0.000000 -0.000000
vn -0.995893 0.090542 0.000000
vn -0.958966 0.283522 0.000000
vn -0.880507 0.474033 0.000000
vn -0.769263 0.638932 0.000000
vn -0.638645 0.769501 0.000000
vn -0.474364 0.880329 0.000000
vn -0.283451 0.958987 0.000000
vn -0.090475 0.995899 0.000000
vn 0.000000 1.000000 0.000000
vn 0.107456 0.994210 0.000000
vn 0.360919 0.932597 0.000000
vn 0.624603 0.780943 0.000000
vn 0.827526 0.561428 0.000000
vn 0.854443 0.519545 0.000000
vn 0.788260 0.615343 0.000000
vn 0.644909 0.764259 0.000000
vn 0.376680 0.926344 0.000000
vn -0.030559 0.999533 0.000000
vn -0.472665 0.881242 0.000000
vn -0.823282 0.567633 0.000000
vn -0.963193 0.268809 0.000000
vn -0.997545 0.070026 0.000000
vn -0.999998 -0.002146 -0.000000
vn 0.995891 -0.090557 -0.000000
vn 0.958908 -0.283716 -0.000000
vn 0.880503 -0.474041 -0.000000
vn 0.769279 -0.638913 -0.000000
vn 0.639015 -0.769194 -0.000000
vn 0.473853 -0.880604 -0.000000
vn 0.283447 -0.958988 -0.000000
vn 0.091103 -0.995842 -0.000000
vn 0.000000 -1.000000 -0.000000
vn 0.141131 -0.989991 -0.000000
vn 0.514326 -0.857595 -0.000000
vn 0.857474 -0.514527 -0.000000
vn 0.989952 -0.141406 -0.000000
vn 1.000000 0.000000 -0.000000
vn 0.989952 0.141406 0.000000
vn 0.857474 0.514527 0.000000
vn 0.514326 0.857595 0.000000
vn 0.141809 0.989894 0.000000
vn 0.000000 1.000000 0.000000
vn 0.090475 0.995899 0.000000
vn 0.283458 0.958985 0.000000
vn 0.473853 0.880604 0.000000
vn 0.639015 0.769194 0.000000
vn 0.769279 0.638913 0.000000
vn 0.880503 0.474041 0.000000
vn 0.958908 0.283716 0.000000
vn 0.995895 0.090518 0.000000
vn 1.000000 0.000000 -0.000000
vn 0.995891 -0.090557 -0.000000
vn 0.958962 -0.283536 -0.000000
vn 0.880503 -0.474041 -0.000000
vn 0.769299 -0.638889 -0.000000
vn 0.638638 -0.769507 -0.000000
vn 0.474367 -0.880327 -0.000000
vn 0.283458 -0.958985 -0.000000
vn 0.090475 -0.995899 -0.000000
vn 0.000000 -1.000000 -0.000000
vn 0.141809 -0.989894 -0.000000
vn 0.514326 -0.857595 -0.000000
vn 0.857474 -0.514527 -0.000000
vn 0.989952 -0.141406 -0.000000
vn 1.000000 0.000000 -0.000000
vn 0.989952 0.141406 0.000000
vn 0.857696 0.514157 0.000000
vn 0.514326 0.857595 0.000000
vn 0.141131 0.989991 0.000000
vn 0.000000 1.000000 0.000000
vn 0.090475 0.995899 0.000000
vn 0.284055 0.958808 0.000000
vn 0.473853 0.880604 0.000000
vn 0.639015 0.769194 0.000000
vn 0.769259 0.638937 0.000000
vn 0.880503 0.474041 0.000000
vn 0.958908 0.283716 0.000000
vn 0.995895 0.090518 0.000000
vn 1.000000 0.000000 -0.000000
vn 0.995891 -0.090557 -0.000000
vn 0.958962 -0.283536 -0.000000
vn 0.880354 -0.474317 -0.000000
vn 0.769279 -0.638913 -0.000000
vn 0.639015 -0.769194 -0.000000
vn 0.474367 -0.880327 -0.000000
vn 0.283447 -0.958988 -0.000000
vn 0.090475 -0.995899 -0.000000
vn 0.000000 -1.000000 -0.000000
vn -0.090475 -0.995899 -0.000000
vn -0.283453 -0.958986 -0.000000
vn -0.474367 -0.880327 -0.000000
vn -0.639025 -0.769186 -0.000000
vn -0.769259 -0.638937 -0.000000
vn -0.880354 -0.474317 -0.000000
vn -0.958967 -0.283517 -0.000000
vn -0.995893 -0.090538 -0.000000
vn -1.000000 0.000000 -0.000000
vn -0.995893 0.090538 0.000000
vn -0.958967 0.283517 0.000000
vn -0.880503 0.474041 0.000000
vn -0.769259 0.638937 0.000000
vn -0.638648 0.769499 0.000000
vn -0.474367 0.880327 0.000000
vn -0.283453 0.958986 0.000000
vn -0.090475 0.995899 0.000000
vn 0.000000 1.000000 0.000000
vn 0.090475 0.995899 0.000000
vn 0.283447 0.958988 0.000000
vn 0.474367 0.880327 0.000000
vn 0.638638 0.769507 0.000000
vn 0.769259 0.638937 0.000000
vn 0.880503 0.474041 0.000000
vn 0.958962 0.283536 0.000000
vn 0.995895 0.090518 0.000000
vn 1.000000 0.000000 -0.000000
vn -0.050343 -0.998732 -0.000000
vn -0.158774 -0.987315 -0.000000
vn -0.275001 -0.961444 -0.000000
vn -0.394364 -0.918954 -0.000000
vn -0.511853 -0.859073 -0.000000
vn -0.627091 -0.778946 -0.000000
vn -0.733477 -0.679714 -0.000000
vn -0.823953 -0.566658 -0.000000
vn -0.895840 -0.444377 -0.000000
vn -0.949670 -0.313251 -0.000000
vn -0.983295 -0.182018 -0.000000
vn -0.998325 -0.057860 -0.000000
vn -1.000000 0.000000 -0.000000
vn -0.995891 0.090557 0.000000
vn -0.958962 0.283536 0.000000
vn -0.880503 0.474041 0.000000
vn -0.769259 0.638937 0.000000
vn -0.638657 0.769491 0.000000
vn -0.474367 0.880327 0.000000
vn -0.283447 0.958988 0.000000
vn -0.090475 0.995899 0.000000
vn 0.000000 1.000000 0.000000
vn 0.090475 0.995899 0.000000
vn 0.283458 0.958985 0.000000
vn 0.474367 0.880327 0.000000
vn 0.638638 0.769507 0.000000
vn 0.769259 0.638937 0.000000
vn 0.880503 0.474041 0.000000
vn 0.958962 0.283536 0.000000
vn 0.995895 0.090518 0.000000
vn 1.000000 0.000000 -0.000000
vn 0.996637 0.081947 0.000000
vn 0.964599 0.263722 0.000000
vn 0.890453 0.455075 0.000000
vn 0.775382 0.631492 0.000000
vn 0.629123 0.777306 0.000000
vn 0.449169 0.893447 0.000000
vn 0.257795 0.966200 0.000000
vn 0.079503 0.996835 0.000000
vn -0.079503 0.996835 0.000000
vn -0.257795 0.966200 0.000000
vn -0.449169 0.893447 0.000000
vn -0.629121 0.777307 0.000000
vn -0.775384 0.631490 0.000000
vn -0.890453 0.455075 0.000000
vn -0.964598 0.263726 0.000000
vn -0.996637 0.081944 0.000000
vn -1.000000 0.000000 -0.000000
vn -0.995891 0.090557 0.000000
vn -0.958962 0.283536 0.000000
vn -0.880503 0.474041 0.000000
vn -0.769299 0.638889 0.000000
vn -0.638638 0.769507 0.000000
vn -0.474367 0.880327 0.000000
vn -0.283447 0.958988 0.000000
vn -0.090472 0.995899 0.000000
vn 0.000000 1.000000 0.000000
vn 0.090479 0.995898 0.000000
vn 0.283458 0.958985 0.000000
vn 0.474367 0.880327 0.000000
vn 0.638638 0.769507 0.000000
vn 0.769240 0.638960 0.000000
vn 0.880503 0.474041 0.000000
vn 0.958973 0.283498 0.000000
vn 0.995891 0.090557 0.000000
vn 1.000000 0.000000 -0.000000
vn 0.998377 -0.056942 -0.000000
vn 0.983809 -0.179220 -0.000000
vn 0.951142 -0.308754 -0.000000
vn 0.898637 -0.438694 -0.000000
vn 0.827287 -0.561780 -0.000000
vn 0.736061 -0.676916 -0.000000
vn 0.628596 -0.777732 -0.000000
vn 0.512294 -0.858810 -0.000000
vn 0.393660 -0.919256 -0.000000
vn 0.273505 -0.961870 -0.000000
vn 0.157356 -0.987542 -0.000000
vn 0.049739 -0.998762 -0.000000
vn -0.120743 -0.992684 -0.000000
vn -0.399298 -0.916821 -0.000000
vn -0.669000 -0.743263 -0.000000
vn -0.856243 -0.516573 -0.000000
vn -0.909065 -0.416654 -0.000000
vn -0.841244 -0.540655 -0.000000
vn -0.672345 -0.740238 -0.000000
vn -0.419329 -0.907834 -0.000000
vn -0.131727 -0.991286 -0.000000
vn 0.000000 -1.000000 -0.000000
vn 0.141131 -0.989991 -0.000000
vn 0.514326 -0.857595 -0.000000
vn 0.857474 -0.514527 -0.000000
vn 0.989955 -0.141385 -0.000000
vn 1.000000 0.000000 -0.000000
vn 0.995891 -0.090557 -0.000000
vn 0.958973 -0.283498 -0.000000
vn 0.880354 -0.474317 -0.000000
vn 0.769279 -0.638913 -0.000000
vn 0.639015 -0.769194 -0.000000
vn 0.474367 -0.880327 -0.000000
vn 0.283458 -0.958985 -0.000000
vn 0.090472 -0.995899 -0.000000
vn 0.000000 -1.000000 -0.000000
vn -0.090479 -0.995898 -0.000000
vn -0.283458 -0.958985 -0.000000
vn -0.474367 -0.880327 -0.000000
vn -0.638976 -0.769227 -0.000000
vn -0.769279 -0.638913 -0.000000
vn -0.880354 -0.474317 -0.000000
vn -0.958973 -0.283498 -0.000000
vn -0.995891 -0.090557 -0.000000
vn -1.000000 0.000000 -0.000000
vn -0.995891 0.090557 0.000000
vn -0.958973 0.283498 0.000000
vn -0.880503 0.474041 0.000000
vn -0.769279 0.638913 0.000000
vn -0.638638 0.769507 0.000000
vn -0.474367 0.880327 0.000000
vn -0.283458 0.958985 0.000000
vn -0.090472 0.995899 0.000000
vn 0.000000 1.000000 0.000000
vn 0.053691 0.998558 0.000000
vn 0.169072 0.985604 0.000000
vn 0.291763 0.956491 0.000000
vn 0.416175 0.909285 0.000000
vn 0.535331 0.844642 0.000000
vn 0.648978 0.760807 0.000000
vn 0.751839 0.659347 0.000000
vn 0.837509 0.546424 0.000000
vn 0.904286 0.426927 0.000000
vn 0.953758 0.300576 0.000000
vn 0.984614 0.174742 0.000000
vn 0.998450 0.055653 0.000000
vn 0.997777 -0.066643 -0.000000
vn 0.977230 -0.212182 -0.000000
vn 0.930112 -0.367277 -0.000000
vn 0.854334 -0.519725 -0.000000
vn 0.754872 -0.655872 -0.000000
vn 0.632778 -0.774333 -0.000000
vn 0.495553 -0.868578 -0.000000
vn 0.355971 -0.934497 -0.000000
vn 0.132534 -0.991179 -0.000000
vn 0.418625 -0.908159 -0.000000
vn 0.672796 -0.739828 -0.000000
vn 0.840987 -0.541055 -0.000000
vn 0.936270 -0.351280 -0.000000
vn 0.992301 -0.123848 -0.000000
vn 0.992278 0.124035 0.000000
vn 0.936270 0.351280 0.000000
vn 0.899925 0.436045 0.000000
vn 0.906115 0.423032 0.000000
vn 0.933337 0.359001 0.000000
vn 0.964785 0.263038 0.000000
vn 0.993888 0.110394 0.000000
vn 0.981239 -0.192797 -0.000000
vn 0.771506 -0.636222 -0.000000
vn 0.399870 -0.916572 -0.000000
vn 0.103311 -0.994649 -0.000000
vn 0.000000 -1.000000 -0.000000
vn 0.141131 -0.989991 -0.000000
vn 0.514326 -0.857595 -0.000000
vn 0.857474 -0.514527 -0.000000
vn 0.989955 -0.141385 -0.000000
vn 1.000000 0.000000 -0.000000
vn 0.989955 0.141385 0.000000
vn 0.857474 0.514527 0.000000
vn 0.514326 0.857595 0.000000
vn 0.141131 0.989991 0.000000
vn 0.000000 1.000000 0.000000
vn -0.077725 0.996975 0.000000
vn -0.251839 0.967769 0.000000
vn -0.439236 0.898372 0.000000
vn -0.616907 0.787036 0.000000
vn -0.766557 0.642176 0.000000
vn -0.887117 0.461544 0.000000
vn -0.963927 0.266167 0.000000
vn -0.996612 0.082241 0.000000
vn -0.996622 -0.082124 -0.000000
vn -0.964243 -0.265020 -0.000000
vn -0.888763 -0.458367 -0.000000
vn -0.770987 -0.636851 -0.000000
vn -0.623586 -0.781755 -0.000000
vn -0.445350 -0.895357 -0.000000
vn -0.256016 -0.966673 -0.000000
vn -0.079051 -0.996871 -0.000000
vn 0.000000 -1.000000 -0.000000
vn 0.000000 -0.000000 1.000000
vn 0.000000 0.000000 -1.000000
vn 0.000000 1.000000 0.000000
vn 0.928477 0.371391 0.000000
vn 0.485643 0.874157 0.000000
vn 0.406139 -0.913811 -0.000000
vn 0.961524 -0.274721 -0.000000
vn 0.351124 -0.936329 -0.000000
vn 1.000000 0.000000 -0.000000
vn 0.338719 0.940887 0.000000
vn 0.000000 -1.000000 -0.000000
vn -0.732794 0.680451 0.000000
vn -0.998752 -0.049938 -0.000000
vn -0.993884 0.110431 0.000000
vn 0.000000 -0.000000 1.000000
vn 0.000000 0.000000 -1.000000
vn -0.933346 0.358979 0.000000
vn -0.624695 0.780869 0.000000
vn 0.000000 1.000000 0.000000
vn 0.737154 0.675725 0.000000
vn 0.707107 0.707107 0.000000
vn -0.016391 -0.999866 -0.000000
vn -0.000000 0.000000 -1.000000
vn 0.000000 -0.000000 1.000000
vn -0.696786 0.717279 0.000000
vn -0.717279 -0.696786 -0.000000
vn 0.696786 -0.717279 -0.000000
vn 0.717280 0.696786 0.000000
vn 0.000000 0.000000 -1.000000
vn -0.000000 -0.000000 1.000000
vn 0.624695 0.780869 0.000000
vn -0.780870 0.624694 0.000000
vn -0.624695 -0.780869 -0.000000
vn 0.780869 -0.624695 -0.000000
vn 0.000000 0.000000 -1.000000
vn 0.000000 -0.000000 1.000000
vn 0.274721 0.961524 0.000000
vn -0.961524 0.274721 0.000000
vn -0.274721 -0.961524 -0.000000
vn 0.961524 -0.274721 -0.000000
vn 0.943340 0.331828 0.000000
vn 0.973537 0.228530 0.000000
vn 0.991380 0.131019 0.000000
vn 0.999140 0.041458 0.000000
vn 0.999237 -0.039051 -0.000000
vn 0.992315 -0.123736 -0.000000
vn 0.976247 -0.216660 -0.000000
vn 0.948683 -0.316228 -0.000000
vn 0.911904 -0.410404 -0.000000
vn 0.836635 -0.547761 -0.000000
vn 0.734492 -0.678618 -0.000000
vn 0.611504 -0.791241 -0.000000
vn 0.476156 -0.879361 -0.000000
vn 0.332065 -0.943257 -0.000000
vn 0.190279 -0.981730 -0.000000
vn 0.059583 -0.998223 -0.000000
vn -0.065362 -0.997862 -0.000000
vn -0.206334 -0.978482 -0.000000
vn -0.354540 -0.935041 -0.000000
vn -0.499311 -0.866423 -0.000000
vn -0.628091 -0.778140 -0.000000
vn -0.743343 -0.668911 -0.000000
vn -0.840768 -0.541396 -0.000000
vn -0.914006 -0.405701 -0.000000
vn -0.951843 -0.306587 -0.000000
vn -0.977378 -0.211498 -0.000000
vn -0.991127 -0.132921 -0.000000
vn -0.997680 -0.068083 -0.000000
vn -0.989950 0.141420 0.000000
vn -0.857493 0.514495 0.000000
vn -0.514493 0.857495 0.000000
vn -0.141427 0.989949 0.000000
vn 0.000000 1.000000 0.000000
vn 0.141424 0.989949 0.000000
vn 0.514494 0.857494 0.000000
vn 0.857492 0.514497 0.000000
vn 0.989950 0.141419 0.000000
vn 0.995927 0.090167 0.000000
vn 0.987947 0.154793 0.000000
vn 0.972202 0.234143 0.000000
vn 0.943412 0.331624 0.000000
vn 0.940640 0.339407 0.000000
vn 0.876259 0.481841 0.000000
vn 0.783498 0.621395 0.000000
vn 0.666795 0.745241 0.000000
vn 0.531289 0.847191 0.000000
vn 0.376650 0.926356 0.000000
vn 0.217970 0.975956 0.000000
vn 0.068485 0.997652 0.000000
vn -0.122278 0.992496 0.000000
vn -0.406138 0.913812 0.000000
vn -0.680538 0.732713 0.000000
vn -0.867352 0.497695 0.000000
vn -0.939241 0.343257 0.000000
vn -0.974623 0.223853 0.000000
vn -0.992517 0.122108 0.000000
vn -0.999315 0.037012 0.000000
vn -0.999261 -0.038433 -0.000000
vn -0.992017 -0.126104 -0.000000
vn -0.973297 -0.229551 -0.000000
vn -0.937146 -0.348938 -0.000000
vn -0.847026 -0.531552 -0.000000
vn -0.656179 -0.754605 -0.000000
vn -0.388884 -0.921287 -0.000000
vn -0.117328 -0.993093 -0.000000
vn 0.133917 -0.990993 -0.000000
vn 0.329373 -0.944200 -0.000000
vn 0.454470 -0.890762 -0.000000
vn 0.536875 -0.843662 -0.000000
vn 0.411589 -0.911370 -0.000000
vn 0.325989 -0.945374 -0.000000
vn 0.216922 -0.976189 -0.000000
vn 0.079742 -0.996816 -0.000000
vn -0.148343 -0.988936 -0.000000
vn -0.410364 -0.911922 -0.000000
vn -0.599998 -0.800002 -0.000000
vn -0.724136 -0.689657 -0.000000
vn -0.812015 -0.583636 -0.000000
vn -0.875241 -0.483688 -0.000000
vn -0.914917 -0.403642 -0.000000
vn -0.957827 -0.287346 -0.000000
vn -0.993409 -0.114625 -0.000000
vn -0.994781 0.102030 0.000000
vn -0.951222 0.308506 0.000000
vn -0.868242 0.496140 0.000000
vn -0.762509 0.646978 0.000000
vn -0.700590 0.713564 0.000000
vn -0.776126 0.630578 0.000000
vn -0.916158 0.400817 0.000000
vn -0.998053 0.062376 0.000000
vn -0.954476 -0.298289 -0.000000
vn -0.813735 -0.581236 -0.000000
vn -0.581248 -0.813726 -0.000000
vn -0.316216 -0.948687 -0.000000
vn -0.090562 -0.995891 -0.000000
vn 0.000000 -1.000000 -0.000000
vn -0.090524 -0.995894 -0.000000
vn -0.283627 -0.958935 -0.000000
vn -0.474106 -0.880468 -0.000000
vn -0.638899 -0.769290 -0.000000
vn -0.769287 -0.638904 -0.000000
vn -0.880474 -0.474095 -0.000000
vn -0.958935 -0.283624 -0.000000
vn -0.995893 -0.090540 -0.000000
vn -1.000000 0.000000 -0.000000
vn -0.995894 0.090530 0.000000
vn -0.958935 0.283624 0.000000
vn -0.880474 0.474095 0.000000
vn -0.769282 0.638909 0.000000
vn -0.638904 0.769287 0.000000
vn -0.474092 0.880476 0.000000
vn -0.283627 0.958935 0.000000
vn -0.090540 0.995893 0.000000
vn 0.000000 1.000000 0.000000
vn 0.090540 0.995893 0.000000
vn 0.283627 0.958935 0.000000
vn 0.474092 0.880476 0.000000
vn 0.638904 0.769287 0.000000
vn 0.769287 0.638904 0.000000
vn 0.880470 0.474102 0.000000
vn 0.958933 0.283633 0.000000
vn 0.995894 0.090530 0.000000
vn 1.000000 0.000000 -0.000000
vn 0.996240 -0.086631 -0.000000
vn 0.961524 -0.274720 -0.000000
vn 0.884919 -0.465746 -0.000000
vn 0.771928 -0.635710 -0.000000
vn 0.709566 -0.704639 -0.000000
vn 0.832051 -0.554699 -0.000000
vn 0.988371 0.152060 0.000000
vn 0.617816 0.786323 0.000000
vn 0.327119 0.944983 0.000000
vn 0.253734 0.967274 0.000000
vn 0.498862 0.866681 0.000000
vn 0.718034 0.696008 0.000000
vn 0.869073 0.494683 0.000000
vn -0.090479 -0.995898 -0.000000
vn -0.283458 -0.958985 -0.000000
vn -0.474367 -0.880327 -0.000000
vn -0.638976 -0.769227 -0.000000
vn -0.769279 -0.638913 -0.000000
vn -0.880354 -0.474317 -0.000000
vn -0.958973 -0.283498 -0.000000
vn -0.995891 -0.090557 -0.000000
vn -1.000000 0.000000 -0.000000
vn -0.995891 0.090557 0.000000
vn -0.958973 0.283498 0.000000
vn -0.880503 0.474041 0.000000
vn -0.769279 0.638913 0.000000
vn -0.638638 0.769507 0.000000
vn -0.474367 0.880327 0.000000
vn -0.283458 0.958985 0.000000
vn -0.090472 0.995899 0.000000
vn 0.000000 1.000000 0.000000
vn 0.045320 0.998973 0.000000
vn 0.143548 0.989643 0.000000
vn 0.250563 0.968100 0.000000
vn 0.363155 0.931729 0.000000
vn 0.477569 0.878594 0.000000
vn 0.593694 0.804691 0.000000
vn 0.704808 0.709398 0.000000
vn 0.802597 0.596522 0.000000
vn 0.882514 0.470286 0.000000
vn 0.943134 0.332412 0.000000
vn 0.981165 0.193171 0.000000
vn 0.998121 0.061281 0.000000
vn 1.000000 0.000000 -0.000000
vn 0.998121 -0.061281 -0.000000
vn 0.981165 -0.193171 -0.000000
vn 0.943134 -0.332412 -0.000000
vn 0.882514 -0.470286 -0.000000
vn 0.802597 -0.596522 -0.000000
vn 0.704808 -0.709398 -0.000000
vn 0.593694 -0.804691 -0.000000
vn 0.477569 -0.878594 -0.000000
vn 0.363155 -0.931729 -0.000000
vn 0.250563 -0.968100 -0.000000
vn 0.143548 -0.989643 -0.000000
vn 0.045320 -0.998973 -0.000000
vn 0.000000 -1.000000 -0.000000
vn 0.989955 0.141385 0.000000
vn 0.857696 0.514157 0.000000
vn 0.514326 0.857595 0.000000
vn 0.141119 0.989993 0.000000
vn 0.000000 1.000000 0.000000
vn -0.082905 0.996558 0.000000
vn -0.269237 0.963074 0.000000
vn -0.467803 0.883833 0.000000
vn -0.650882 0.759179 0.000000
vn -0.795210 0.606334 0.000000
vn -0.902091 0.431546 0.000000
vn -0.967470 0.252984 0.000000
vn -0.995931 0.090120 0.000000
vn -1.000000 0.000000 -0.000000
vn -0.997274 -0.073789 -0.000000
vn -0.970363 -0.241652 -0.000000
vn -0.904087 -0.427349 -0.000000
vn -0.792931 -0.609311 -0.000000
vn -0.644786 -0.764363 -0.000000
vn -0.461469 -0.887156 -0.000000
vn -0.264793 -0.964305 -0.000000
vn -0.081399 -0.996682 -0.000000
vn 0.000000 -1.000000 -0.000000
vn 0.141131 -0.989991 -0.000000
vn 0.514326 -0.857595 -0.000000
vn 0.857474 -0.514527 -0.000000
vn 0.989943 -0.141470 -0.000000
vn 1.000000 0.000000 -0.000000
vn 0.995895 -0.090518 -0.000000
vn 0.958920 -0.283678 -0.000000
vn 0.880503 -0.474041 -0.000000
vn 0.769240 -0.638960 -0.000000
vn 0.639015 -0.769194 -0.000000
vn 0.473853 -0.880604 -0.000000
vn 0.283447 -0.958988 -0.000000
vn 0.091103 -0.995842 -0.000000
vn 0.000000 -1.000000 -0.000000
vn 0.141131 -0.989991 -0.000000
vn 0.514326 -0.857595 -0.000000
vn 0.857451 -0.514565 -0.000000
vn 0.989949 -0.141427 -0.000000
vn 1.000000 0.000000 -0.000000
vn 0.989949 0.141427 0.000000
vn 0.857451 0.514565 0.000000
vn 0.514326 0.857595 0.000000
vn 0.141809 0.989894 0.000000
vn 0.000000 1.000000 0.000000
vn 0.090475 0.995899 0.000000
vn 0.283458 0.958985 0.000000
vn 0.473853 0.880604 0.000000
vn 0.639015 0.769194 0.000000
vn 0.769259 0.638937 0.000000
vn 0.880503 0.474041 0.000000
vn 0.958908 0.283716 0.000000
vn 0.995895 0.090518 0.000000
vn 1.000000 0.000000 -0.000000
vn 0.995891 -0.090557 -0.000000
vn 0.958962 -0.283536 -0.000000
vn 0.880503 -0.474041 -0.000000
vn 0.769279 -0.638913 -0.000000
vn 0.638638 -0.769507 -0.000000
vn 0.474367 -0.880327 -0.000000
vn 0.283458 -0.958985 -0.000000
vn 0.090475 -0.995899 -0.000000
vn 0.000000 -1.000000 -0.000000
vn 0.141809 -0.989894 -0.000000
vn 0.514326 -0.857595 -0.000000
vn 0.857451 -0.514565 -0.000000
vn 0.989949 -0.141427 -0.000000
vn 1.000000 0.000000 -0.000000
vn 0.989949 0.141427 0.000000
vn 0.857673 0.514195 0.000000
vn 0.514326 0.857595 0.000000
vn 0.141131 0.989991 0.000000
vn 0.000000 1.000000 0.000000
vn 0.090475 0.995899 0.000000
vn 0.284055 0.958808 0.000000
vn 0.473853 0.880604 0.000000
vn 0.639015 0.769194 0.000000
vn 0.769259 0.638937 0.000000
vn 0.880503 0.474041 0.000000
vn 0.958920 0.283678 0.000000
vn 0.995891 0.090557 0.000000
vn 1.000000 0.000000 -0.000000
vn 0.995895 -0.090518 -0.000000
vn 0.958973 -0.283498 -0.000000
vn 0.880354 -0.474317 -0.000000
vn 0.769240 -0.638960 -0.000000
vn 0.639015 -0.769194 -0.000000
vn 0.474367 -0.880327 -0.000000
vn 0.283447 -0.958988 -0.000000
vn 0.090475 -0.995899 -0.000000
vn 0.000000 -1.000000 -0.000000
vn -0.090479 -0.995898 -0.000000
vn -0.283458 -0.958985 -0.000000
vn -0.474367 -0.880327 -0.000000
vn -0.638976 -0.769227 -0.000000
vn -0.769279 -0.638913 -0.000000
vn -0.880354 -0.474317 -0.000000
vn -0.958973 -0.283498 -0.000000
vn -0.995891 -0.090557 -0.000000
vn -1.000000 0.000000 -0.000000
vn -0.995891 0.090557 0.000000
vn -0.958973 0.283498 0.000000
vn -0.880503 0.474041 0.000000
vn -0.769279 0.638913 0.000000
vn -0.638638 0.769507 0.000000
vn -0.474367 0.880327 0.000000
vn -0.283458 0.958985 0.000000
vn -0.090472 0.995899 0.000000
vn 0.000000 1.000000 0.000000
vn 0.090475 0.995899 0.000000
vn 0.283447 0.958988 0.000000
vn 0.474367 0.880327 0.000000
vn 0.638638 0.769507 0.000000
vn 0.769259 0.638937 0.000000
vn 0.880503 0.474041 0.000000
vn 0.958973 0.283498 0.000000
vn 0.995891 0.090557 0.000000
vn 1.000000 0.000000 -0.000000
vn -0.786376 0.617748 0.000000
vn -0.609621 0.792693 0.000000
vn -0.371313 0.928508 0.000000
vn -0.116814 0.993154 0.000000
vn 0.000000 1.000000 0.000000
vn 0.090475 0.995899 0.000000
vn 0.283453 0.958986 0.000000
vn 0.474367 0.880327 0.000000
vn 0.638648 0.769499 0.000000
vn 0.769259 0.638937 0.000000
vn 0.880503 0.474041 0.000000
vn 0.958967 0.283517 0.000000
vn 0.995891 0.090557 0.000000
vn 1.000000 0.000000 -0.000000
vn 0.995891 -0.090557 -0.000000
vn 0.958967 -0.283517 -0.000000
vn 0.880354 -0.474317 -0.000000
vn 0.769259 -0.638937 -0.000000
vn 0.639025 -0.769186 -0.000000
vn 0.474367 -0.880327 -0.000000
vn 0.283453 -0.958986 -0.000000
vn 0.090475 -0.995899 -0.000000
vn 0.000000 -1.000000 -0.000000
vn -0.090475 -0.995899 -0.000000
vn -0.283453 -0.958986 -0.000000
vn -0.474367 -0.880327 -0.000000
vn -0.639025 -0.769186 -0.000000
vn -0.769259 -0.638937 -0.000000
vn -0.880354 -0.474317 -0.000000
vn -0.958962 -0.283536 -0.000000
vn -0.995893 -0.090538 -0.000000
vn -1.000000 0.000000 -0.000000
vn -0.993602 -0.112941 -0.000000
vn -0.923095 -0.384571 -0.000000
vn -0.746290 -0.665621 -0.000000
vn -0.496270 -0.868169 -0.000000
vn -0.210665 -0.977558 -0.000000
vn 0.249104 -0.968477 -0.000000
vn 0.692811 -0.721119 -0.000000
vn 0.903352 -0.428899 -0.000000
vn 0.838044 -0.545603 -0.000000
vn 0.786245 -0.617914 -0.000000
vn 0.609855 -0.792513 -0.000000
vn 0.371317 -0.928506 -0.000000
vn 0.116814 -0.993154 -0.000000
vn 0.000000 -1.000000 -0.000000
vn -0.116813 -0.993154 -0.000000
vn -0.371309 -0.928509 -0.000000
vn -0.609855 -0.792513 -0.000000
vn -0.786245 -0.617914 -0.000000
vn -0.834730 -0.550660 -0.000000
vn -0.903352 -0.428899 -0.000000
vn -0.692811 -0.721119 -0.000000
vn -0.249115 -0.968474 -0.000000
vn 0.210665 -0.977558 -0.000000
vn 0.496270 -0.868169 -0.000000
vn 0.746290 -0.665621 -0.000000
vn 0.923095 -0.384571 -0.000000
vn 0.993594 -0.113009 -0.000000
vn 1.000000 0.000000 -0.000000
vn 0.995891 -0.090557 -0.000000
vn 0.958962 -0.283536 -0.000000
vn 0.880354 -0.474317 -0.000000
vn 0.769279 -0.638913 -0.000000
vn 0.639015 -0.769194 -0.000000
vn 0.474367 -0.880327 -0.000000
vn 0.283458 -0.958985 -0.000000
vn 0.090475 -0.995899 -0.000000
vn 0.000000 -1.000000 -0.000000
vn -0.090475 -0.995899 -0.000000
vn -0.283447 -0.958988 -0.000000
vn -0.474367 -0.880327 -0.000000
vn -0.639015 -0.769194 -0.000000
vn -0.769279 -0.638913 -0.000000
vn -0.880354 -0.474317 -0.000000
vn -0.958962 -0.283536 -0.000000
vn -0.995895 -0.090518 -0.000000
vn -1.000000 0.000000 -0.000000
vn -0.995891 0.090557 0.000000
vn -0.958962 0.283536 0.000000
vn -0.880503 0.474041 0.000000
vn -0.769299 0.638889 0.000000
vn -0.638638 0.769507 0.000000
vn -0.474367 0.880327 0.000000
vn -0.283447 0.958988 0.000000
vn -0.090475 0.995899 0.000000
vn 0.000000 1.000000 0.000000
vn 0.116813 0.993154 0.000000
vn 0.371317 0.928506 0.000000
vn 0.609621 0.792693 0.000000
vn 0.786376 0.617748 0.000000
vn 0.834641 0.550795 0.000000
vn 0.658253 0.752797 0.000000
vn 0.530141 0.847910 0.000000
vn 0.350736 0.936474 0.000000
vn 0.124373 0.992236 0.000000
vn -0.132528 0.991179 0.000000
vn -0.418625 0.908159 0.000000
vn -0.672821 0.739805 0.000000
vn -0.841029 0.540990 0.000000
vn -0.834641 0.550795 0.000000
vn -0.090474 -0.995899 -0.000000
vn -0.283453 -0.958986 -0.000000
vn -0.474367 -0.880327 -0.000000
vn -0.639025 -0.769186 -0.000000
vn -0.769259 -0.638937 -0.000000
vn -0.880354 -0.474317 -0.000000
vn -0.958964 -0.283526 -0.000000
vn -0.995893 -0.090538 -0.000000
vn -1.000000 0.000000 -0.000000
vn -0.995893 0.090538 0.000000
vn -0.958964 0.283526 0.000000
vn -0.880503 0.474041 0.000000
vn -0.769259 0.638937 0.000000
vn -0.638648 0.769499 0.000000
vn -0.474367 0.880327 0.000000
vn -0.283453 0.958986 0.000000
vn -0.090474 0.995899 0.000000
vn 0.000000 1.000000 0.000000
vn 0.090474 0.995899 0.000000
vn 0.283450 0.958987 0.000000
vn 0.474362 0.880330 0.000000
vn 0.638653 0.769495 0.000000
vn 0.769264 0.638931 0.000000
vn 0.880507 0.474033 0.000000
vn 0.958964 0.283526 0.000000
vn 0.995893 0.090538 0.000000
vn 1.000000 0.000000 -0.000000
vn 0.995893 -0.090538 -0.000000
vn 0.958964 -0.283526 -0.000000
vn 0.880358 -0.474309 -0.000000
vn 0.769264 -0.638931 -0.000000
vn 0.639025 -0.769186 -0.000000
vn 0.474362 -0.880330 -0.000000
vn 0.283450 -0.958987 -0.000000
vn 0.090475 -0.995899 -0.000000
vn 0.000000 -1.000000 -0.000000
vn -0.995892 0.090547 0.000000
vn -0.958964 0.283526 0.000000
vn -0.880503 0.474041 0.000000
vn -0.769264 0.638931 0.000000
vn -0.638648 0.769499 0.000000
vn -0.474367 0.880327 0.000000
vn -0.283453 0.958986 0.000000
vn -0.090475 0.995899 0.000000
vn 0.000000 1.000000 0.000000
vn 0.090475 0.995899 0.000000
vn 0.283453 0.958986 0.000000
vn 0.474367 0.880327 0.000000
vn 0.638638 0.769507 0.000000
vn 0.769269 0.638925 0.000000
vn 0.880512 0.474024 0.000000
vn 0.958967 0.283517 0.000000
vn 0.995891 0.090557 0.000000
vn 1.000000 0.000000 -0.000000
vn 0.995893 -0.090538 -0.000000
vn 0.958967 -0.283517 -0.000000
vn 0.880363 -0.474301 -0.000000
vn 0.769259 -0.638937 -0.000000
vn 0.639025 -0.769186 -0.000000
vn 0.474367 -0.880327 -0.000000
vn 0.283453 -0.958986 -0.000000
vn 0.090473 -0.995899 -0.000000
vn 0.000000 -1.000000 -0.000000
vn -0.107457 -0.994210 -0.000000
vn -0.360919 -0.932597 -0.000000
vn -0.624838 -0.780755 -0.000000
vn -0.827413 -0.561594 -0.000000
vn -0.853640 -0.520864 -0.000000
vn -0.788269 -0.615331 -0.000000
vn -0.644909 -0.764259 -0.000000
vn -0.375462 -0.926838 -0.000000
vn 0.030559 -0.999533 -0.000000
vn 0.472660 -0.881245 -0.000000
vn 0.822842 -0.568270 -0.000000
vn 0.963273 -0.268524 -0.000000
vn 0.997546 -0.070021 -0.000000
vn 0.999991 0.004292 0.000000
vn 0.995893 -0.090540 -0.000000
vn 0.958966 -0.283523 -0.000000
vn 0.880359 -0.474308 -0.000000
vn 0.769264 -0.638931 -0.000000
vn 0.639022 -0.769188 -0.000000
vn 0.474364 -0.880329 -0.000000
vn 0.283452 -0.958987 -0.000000
vn 0.090475 -0.995899 -0.000000
vn 0.000000 -1.000000 -0.000000
vn -0.090475 -0.995899 -0.000000
vn -0.283451 -0.958987 -0.000000
vn -0.474364 -0.880329 -0.000000
vn -0.639023 -0.769188 -0.000000
vn -0.769263 -0.638932 -0.000000
vn -0.880358 -0.474309 -0.000000
vn -0.958966 -0.283522 -0.000000
vn -0.995893 -0.090542 -0.000000
vn -1.000000 0.000000 -0.000000
vn -0.995893 0.090542 0.000000
vn -0.958966 0.283522 0.000000
vn -0.880507 0.474033 0.000000
vn -0.769263 0.638932 0.000000
vn -0.638645 0.769501 0.000000
vn -0.474364 0.880329 0.000000
vn -0.283451 0.958987 0.000000
vn -0.090475 0.995899 0.000000
vn 0.000000 1.000000 0.000000
vn 0.107456 0.994210 0.000000
vn 0.360919 0.932597 0.000000
vn 0.624603 0.780943 0.000000
vn 0.827526 0.561428 0.000000
vn 0.854443 0.519545 0.000000
vn 0.788260 0.615343 0.000000
vn 0.644909 0.764259 0.000000
vn 0.376680 0.926344 0.000000
vn -0.030559 0.999533 0.000000
vn -0.472665 0.881242 0.000000
vn -0.823282 0.567633 0.000000
vn -0.963193 0.268809 0.000000
vn -0.997545 0.070026 0.000000
vn -0.999998 -0.002146 -0.000000
vn 0.995891 -0.090557 -0.000000
vn 0.958908 -0.283716 -0.000000
vn 0.880503 -0.474041 -0.000000
vn 0.769279 -0.638913 -0.000000
vn 0.639015 -0.769194 -0.000000
vn 0.473853 -0.880604 -0.000000
vn 0.283447 -0.958988 -0.000000
vn 0.091103 -0.995842 -0.000000
vn 0.000000 -1.000000 -0.000000
vn 0.141131 -0.989991 -0.000000
vn 0.514326 -0.857595 -0.000000
vn 0.857474 -0.514527 -0.000000
vn 0.989952 -0.141406 -0.000000
vn 1.000000 0.000000 -0.000000
vn 0.989952 0.141406 0.000000
vn 0.857474 0.514527 0.000000
vn 0.514326 0.857595 0.000000
vn 0.141809 0.989894 0.000000
vn 0.000000 1.000000 0.000000
vn 0.090475 0.995899 0.000000
vn 0.283458 0.958985 0.000000
vn 0.473853 0.880604 0.000000
vn 0.639015 0.769194 0.000000
vn 0.769279 0.638913 0.000000
vn 0.880503 0.474041 0.000000
vn 0.958908 0.283716 0.000000
vn 0.995895 0.090518 0.000000
vn 1.000000 0.000000 -0.000000
vn 0.995891 -0.090557 -0.000000
vn 0.958962 -0.283536 -0.000000
vn 0.880503 -0.474041 -0.000000
vn 0.769299 -0.638889 -0.000000
vn 0.638638 -0.769507 -0.000000
vn 0.474367 -0.880327 -0.000000
vn 0.283458 -0.958985 -0.000000
vn 0.090475 -0.995899 -0.000000
vn 0.000000 -1.000000 -0.000000
vn 0.141809 -0.989894 -0.000000
vn 0.514326 -0.857595 -0.000000
vn 0.857474 -0.514527 -0.000000
vn 0.989952 -0.141406 -0.000000
vn 1.000000 0.000000 -0.000000
vn 0.989952 0.141406 0.000000
vn 0.857696 0.514157 0.000000
vn 0.514326 0.857595 0.000000
vn 0.141131 0.989991 0.000000
vn 0.000000 1.000000 0.000000
vn 0.090475 0.995899 0.000000
vn 0.284055 0.958808 0.000000
vn 0.473853 0.880604 0.000000
vn 0.639015 0.769194 0.000000
vn 0.769259 0.638937 0.000000
vn 0.880503 0.474041 0.000000
vn 0.958908 0.283716 0.000000
vn 0.995895 0.090518 0.000000
vn 1.000000 0.000000 -0.000000
vn 0.995891 -0.090557 -0.000000
vn 0.958962 -0.283536 -0.000000
vn 0.880354 -0.474317 -0.000000
vn 0.769279 -0.638913 -0.000000
vn 0.639015 -0.769194 -0.000000
vn 0.474367 -0.880327 -0.000000
vn 0.283447 -0.958988 -0.000000
vn 0.090475 -0.995899 -0.000000
vn 0.000000 -1.000000 -0.000000
vn -0.090475 -0.995899 -0.000000
vn -0.283453 -0.958986 -0.000000
vn -0.474367 -0.880327 -0.000000
vn -0.639025 -0.769186 -0.000000
vn -0.769259 -0.638937 -0.000000
vn -0.880354 -0.474317 -0.000000
vn -0.958967 -0.283517 -0.000000
vn -0.995893 -0.090538 -0.000000
vn -1.000000 0.000000 -0.000000
vn -0.995893 0.090538 0.000000
vn -0.958967 0.283517 0.000000
vn -0.880503 0.474041 0.000000
vn -0.769259 0.638937 0.000000
vn -0.638648 0.769499 0.000000
vn -0.474367 0.880327 0.000000
vn -0.283453 0.958986 0.000000
vn -0.090475 0.995899 0.000000
vn 0.000000 1.000000 0.000000
vn 0.090475 0.995899 0.000000
vn 0.283447 0.958988 0.000000
vn 0.474367 0.880327 0.000000
vn 0.638638 0.769507 0.000000
vn 0.769259 0.638937 0.000000
vn 0.880503 0.474041 0.000000
vn 0.958962 0.283536 0.000000
vn 0.995895 0.090518 0.000000
vn 1.000000 0.000000 -0.000000
vn -0.050343 -0.998732 -0.000000
vn -0.158774 -0.987315 -0.000000
vn -0.275001 -0.961444 -0.000000
vn -0.394364 -0.918954 -0.000000
vn -0.511853 -0.859073 -0.000000
vn -0.627091 -0.778946 -0.000000
vn -0.733477 -0.679714 -0.000000
vn -0.823953 -0.566658 -0.000000
vn -0.895840 -0.444377 -0.000000
vn -0.949670 -0.313251 -0.000000
vn -0.983295 -0.182018 -0.000000
vn -0.998325 -0.057860 -0.000000
vn -1.000000 0.000000 -0.000000
vn -0.995891 0.090557 0.000000
vn -0.958962 0.283536 0.000000
vn -0.880503 0.474041 0.000000
vn -0.769259 0.638937 0.000000
vn -0.638657 0.769491 0.000000
vn -0.474367 0.880327 0.000000
vn -0.283447 0.958988 0.000000
vn -0.090475 0.995899 0.000000
vn 0.000000 1.000000 0.000000
vn 0.090475 0.995899 0.000000
vn 0.283458 0.958985 0.000000
vn 0.474367 0.880327 0.000000
vn 0.638638 0.769507 0.000000
vn 0.769259 0.638937 0.000000
vn 0.880503 0.474041 0.000000
vn 0.958962 0.283536 0.000000
vn 0.995895 0.090518 0.000000
vn 1.000000 0.000000 -0.000000
vn 0.996637 0.081947 0.000000
vn 0.964599 0.263722 0.000000
vn 0.890453 0.455075 0.000000
vn 0.775382 0.631492 0.000000
vn 0.629123 0.777306 0.000000
vn 0.449169 0.893447 0.000000
vn 0.257795 0.966200 0.000000
vn 0.079503 0.996835 0.000000
vn -0.079503 0.996835 0.000000
vn -0.257795 0.966200 0.000000
vn -0.449169 0.893447 0.000000
vn -0.629121 0.777307 0.000000
vn -0.775384 0.631490 0.000000
vn -0.890453 0.455075 0.000000
vn -0.964598 0.263726 0.000000
vn -0.996637 0.081944 0.000000
vn -1.000000 0.000000 -0.000000
vn -0.995891 0.090557 0.000000
vn -0.958962 0.283536 0.000000
vn -0.880503 0.474041 0.000000
vn -0.769299 0.638889 0.000000
vn -0.638638 0.769507 0.000000
vn -0.474367 0.880327 0.000000
vn -0.283447 0.958988 0.000000
vn -0.090472 0.995899 0.000000
vn 0.000000 1.000000 0.000000
vn 0.090479 0.995898 0.000000
vn 0.283458 0.958985 0.000000
vn 0.474367 0.880327 0.000000
vn 0.638638 0.769507 0.000000
vn 0.769240 0.638960 0.000000
vn 0.880503 0.474041 0.000000
vn 0.958973 0.283498 0.000000
vn 0.995891 0.090557 0.000000
vn 1.000000 0.000000 -0.000000
vn 0.998377 -0.056942 -0.000000
vn 0.983809 -0.179220 -0.000000
vn 0.951142 -0.308754 -0.000000
vn 0.898637 -0.438694 -0.000000
vn 0.827287 -0.561780 -0.000000
vn 0.736061 -0.676916 -0.000000
vn 0.628596 -0.777732 -0.000000
vn 0.512294 -0.858810 -0.000000
vn 0.393660 -0.919256 -0.000000
vn 0.273505 -0.961870 -0.000000
vn 0.157356 -0.987542 -0.000000
vn 0.049739 -0.998762 -0.000000
vn -0.120743 -0.992684 -0.000000
vn -0.399298 -0.916821 -0.000000
vn -0.669000 -0.743263 -0.000000
vn -0.856243 -0.516573 -0.000000
vn -0.909065 -0.416654 -0.000000
vn -0.841244 -0.540655 -0.000000
vn -0.672345 -0.740238 -0.000000
vn -0.419329 -0.907834 -0.000000
vn -0.131727 -0.991286 -0.000000
vn 0.000000 -1.000000 -0.000000
vn 0.141131 -0.989991 -0.000000
vn 0.514326 -0.857595 -0.000000
vn 0.857474 -0.514527 -0.000000
vn 0.989955 -0.141385 -0.000000
vn 1.000000 0.000000 -0.000000
vn 0.995891 -0.090557 -0.000000
vn 0.958973 -0.283498 -0.000000
vn 0.880354 -0.474317 -0.000000
vn 0.769279 -0.638913 -0.000000
vn 0.639015 -0.769194 -0.000000
vn 0.474367 -0.880327 -0.000000
vn 0.283458 -0.958985 -0.000000
vn 0.090472 -0.995899 -0.000000
vn 0.000000 -1.000000 -0.000000
vn -0.090479 -0.995898 -0.000000
vn -0.283458 -0.958985 -0.000000
vn -0.474367 -0.880327 -0.000000
vn -0.638976 -0.769227 -0.000000
vn -0.769279 -0.638913 -0.000000
vn -0.880354 -0.474317 -0.000000
vn -0.958973 -0.283498 -0.000000
vn -0.995891 -0.090557 -0.000000
vn -1.000000 0.000000 -0.000000
vn -0.995891 0.090557 0.000000
vn -0.958973 0.283498 0.000000
vn -0.880503 0.474041 0.000000
vn -0.769279 0.638913 0.000000
vn -0.638638 0.769507 0.000000
vn -0.474367 0.880327 0.000000
vn -0.283458 0.958985 0.000000
vn -0.090472 0.995899 0.000000
vn 0.000000 1.000000 0.000000
vn 0.053691 0.998558 0.000000
vn 0.169072 0.985604 0.000000
vn 0.291763 0.956491 0.000000
vn 0.416175 0.909285 0.000000
vn 0.535331 0.844642 0.000000
vn 0.648978 0.760807 0.000000
vn 0.751839 0.659347 0.000000
vn 0.837509 0.546424 0.000000
vn 0.904286 0.426927 0.000000
vn 0.953758 0.300576 0.000000
vn 0.984614 0.174742 0.000000
vn 0.998450 0.055653 0.000000
vn 0.997777 -0.066643 -0.000000
vn 0.977230 -0.212182 -0.000000
vn 0.930112 -0.367277 -0.000000
vn 0.854334 -0.519725 -0.000000
vn 0.754872 -0.655872 -0.000000
vn 0.632778 -0.774333 -0.000000
vn 0.495553 -0.868578 -0.000000
vn 0.355971 -0.934497 -0.000000
vn 0.132534 -0.991179 -0.000000
vn 0.418625 -0.908159 -0.000000
vn 0.672796 -0.739828 -0.000000
vn 0.840987 -0.541055 -0.000000
vn 0.936270 -0.351280 -0.000000
vn 0.992301 -0.123848 -0.000000
vn 0.992278 0.124035 0.000000
vn 0.936270 0.351280 0.000000
vn 0.899925 0.436045 0.000000
vn 0.906115 0.423032 0.000000
vn 0.933337 0.359001 0.000000
vn 0.964785 0.263038 0.000000
vn 0.993888 0.110394 0.000000
vn 0.981239 -0.192797 -0.000000
vn 0.771506 -0.636222 -0.000000
vn 0.399870 -0.916572 -0.000000
vn 0.103311 -0.994649 -0.000000
vn 0.000000 -1.000000 -0.000000
vn 0.141131 -0.989991 -0.000000
vn 0.514326 -0.857595 -0.000000
vn 0.857474 -0.514527 -0.000000
vn 0.989955 -0.141385 -0.000000
vn 1.000000 0.000000 -0.000000
vn 0.989955 0.141385 0.000000
vn 0.857474 0.514527 0.000000
vn 0.514326 0.857595 0.000000
vn 0.141131 0.989991 0.000000
vn 0.000000 1.000000 0.000000
vn -0.077725 0.996975 0.000000
vn -0.251839 0.967769 0.000000
vn -0.439236 0.898372 0.000000
vn -0.616907 0.787036 0.000000
vn -0.766557 0.642176 0.000000
vn -0.887117 0.461544 0.000000
vn -0.963927 0.266167 0.000000
vn -0.996612 0.082241 0.000000
vn -0.996622 -0.082124 -0.000000
vn -0.964243 -0.265020 -0.000000
vn -0.888763 -0.458367 -0.000000
vn -0.770987 -0.636851 -0.000000
vn -0.623586 -0.781755 -0.000000
vn -0.445350 -0.895357 -0.000000
vn -0.256016 -0.966673 -0.000000
vn -0.079051 -0.996871 -0.000000
vn 0.000000 -1.000000 -0.000000
vn 0.000000 0.000000 1.000000
vn 0.000000 -0.000000 1.000000
vn 0.000000 -0.000000 1.000000
vn 0.000000 -0.000000 1.000000
vn 0.000000 -0.000000 1.000000
vn 0.000000 0.000000 1.000000
vn -0.000000 0.000000 1.000000
vn 0.000000 -0.000000 1.000000
vn 0.000000 -0.000000 1.000000
vn 0.000000 -0.000000 -1.000000
vn 0.000000 -0.000000 -1.000000
vn -0.000000 0.000000 -1.000000
vn 0.000000 0.000000 -1.000000
vn 0.000000 0.000000 -1.000000
vn 0.000000 0.000000 -1.000000
vn -0.000000 -0.000000 -1.000000
vn 0.000000 0.000000 -1.000000
vn 0.000000 0.000000 -1.000000
vn 0.000000 1.000000 0.000000
vn 0.928477 0.371391 0.000000
vn 0.485643 0.874157 0.000000
vn 0.406139 -0.913811 -0.000000
vn 0.961524 -0.274721 -0.000000
vn 0.351124 -0.936329 -0.000000
vn 1.000000 0.000000 -0.000000
vn 0.338719 0.940887 0.000000
vn 0.000000 -1.000000 -0.000000
vn -0.732794 0.680451 0.000000
vn -0.998752 -0.049938 -0.000000
vn -0.993884 0.110431 0.000000
vn 0.000000 -0.000000 1.000000
vn 0.000000 -0.000000 1.000000
vn 0.000000 -0.000000 1.000000
vn 0.000000 0.000000 -1.000000
vn 0.000000 0.000000 -1.000000
vn 0.000000 0.000000 -1.000000
vn -0.933346 0.358979 0.000000
vn -0.624695 0.780869 0.000000
vn 0.000000 1.000000 0.000000
vn 0.737154 0.675725 0.000000
vn 0.707107 0.707107 0.000000
vn -0.016391 -0.999866 -0.000000
vn -0.000000 0.000000 -1.000000
vn 0.000000 -0.000000 1.000000
vn -0.696786 0.717279 0.000000
vn -0.717279 -0.696786 -0.000000
vn 0.696786 -0.717279 -0.000000
vn 0.717280 0.696786 0.000000
vn 0.000000 0.000000 -1.000000
vn -0.000000 -0.000000 1.000000
vn 0.624695 0.780869 0.000000
vn -0.780870 0.624694 0.000000
vn -0.624695 -0.780869 -0.000000
vn 0.780869 -0.624695 -0.000000
vn 0.000000 0.000000 -1.000000
vn 0.000000 -0.000000 1.000000
vn 0.274721 0.961524 0.000000
vn -0.961524 0.274721 0.000000
vn -0.274721 -0.961524 -0.000000
vn 0.961524 -0.274721 -0.000000
f 113//1 115//1 114//1
f 113//2 116//2 115//2
f 112//3 116//3 113//3
f 112//4 117//4 116//4
f 111//5 117//5 112//5
f 111//6 118//6 117//6
f 110//7 118//7 111//7
f 110//8 119//8 118//8
f 109//9 119//9 110//9
f 109//10 120//10 119//10
f 108//11 120//11 109//11
f 108//12 121//12 120//12
f 107//13 121//13 108//13
f 107//14 122//14 121//14
f 106//15 122//15 107//15
f 106//16 123//16 122//16
f 105//17 123//17 106//17
f 105//18 124//18 123//18
f 104//19 124//19 105//19
f 103//20 124//20 104//20
f 102//21 124//21 103//21
f 101//22 124//22 102//22
f 100//23 124//23 101//23
f 99//24 124//24 100//24
f 99//25 96//25 124//25
f 96//26 125//26 124//26
f 98//27 96//27 99//27
f 97//28 96//28 98//28
f 95//29 125//29 96//29
f 94//30 125//30 95//30
f 93//31 125//31 94//31
f 92//32 125//32 93//32
f 91//33 125//33 92//33
f 90//34 125//34 91//34
f 90//35 126//35 125//35
f 89//36 126//36 90//36
f 88//37 126//37 89//37
f 87//38 126//38 88//38
f 87//39 127//39 126//39
f 87//40 128//40 127//40
f 87//41 129//41 128//41
f 87//42 130//42 129//42
f 87//43 131//43 130//43
f 87//44 132//44 131//44
f 87//45 133//45 132//45
f 87//46 134//46 133//46
f 86//47 134//47 87//47
f 85//48 134//48 86//48
f 84//49 134//49 85//49
f 83//50 134//50 84//50
f 83//51 135//51 134//51
f 82//52 135//52 83//52
f 81//53 135//53 82//53
f 80//54 135//54 81//54
f 79//55 135//55 80//55
f 78//56 67//56 79//56
f 67//57 135//57 79//57
f 67//58 66//58 135//58
f 66//59 136//59 135//59
f 66//60 65//60 136//60
f 65//61 1//61 136//61
f 78//62 68//62 67//62
f 64//63 1//63 65//63
f 78//64 69//64 68//64
f 78//65 70//65 69//65
f 63//66 1//66 64//66
f 77//67 70//67 78//67
f 76//68 70//68 77//68
f 76//69 71//69 70//69
f 75//70 71//70 76//70
f 75//71 72//71 71//71
f 75//72 73//72 72//72
f 74//73 73//73 75//73
f 62//74 1//74 63//74
f 62//75 2//75 1//75
f 61//76 2//76 62//76
f 61//77 3//77 2//77
f 60//78 3//78 61//78
f 60//79 4//79 3//79
f 59//80 4//80 60//80
f 59//81 5//81 4//81
f 58//82 5//82 59//82
f 57//83 5//83 58//83
f 32//84 34//84 33//84
f 32//85 35//85 34//85
f 32//86 36//86 35//86
f 31//87 36//87 32//87
f 57//88 6//88 5//88
f 31//89 37//89 36//89
f 30//90 37//90 31//90
f 30//91 38//91 37//91
f 29//92 38//92 30//92
f 28//93 38//93 29//93
f 28//94 39//94 38//94
f 56//95 6//95 57//95
f 28//96 40//96 39//96
f 56//97 7//97 6//97
f 27//98 40//98 28//98
f 55//99 7//99 56//99
f 27//100 41//100 40//100
f 27//101 42//101 41//101
f 55//102 8//102 7//102
f 54//103 8//103 55//103
f 26//104 42//104 27//104
f 26//105 43//105 42//105
f 53//106 8//106 54//106
f 25//107 43//107 26//107
f 53//108 9//108 8//108
f 25//109 44//109 43//109
f 25//110 45//110 44//110
f 24//111 45//111 25//111
f 52//112 9//112 53//112
f 52//113 10//113 9//113
f 24//114 46//114 45//114
f 24//115 47//115 46//115
f 51//116 10//116 52//116
f 24//117 48//117 47//117
f 23//118 48//118 24//118
f 23//119 49//119 48//119
f 50//120 10//120 51//120
f 50//121 11//121 10//121
f 23//122 50//122 49//122
f 23//123 11//123 50//123
f 22//124 11//124 23//124
f 22//125 12//125 11//125
f 21//126 12//126 22//126
f 21//127 13//127 12//127
f 20//128 13//128 21//128
f 20//129 14//129 13//129
f 19//130 14//130 20//130
f 19//131 15//131 14//131
f 18//132 15//132 19//132
f 18//133 16//133 15//133
f 17//134 16//134 18//134
f 249//135 250//135 251//135
f 249//136 251//136 252//136
f 248//137 249//137 252//137
f 248//138 252//138 253//138
f 247//139 248//139 253//139
f 247//140 253//140 254//140
f 246//141 247//141 254//141
f 246//142 254//142 255//142
f 245//143 246//143 255//143
f 245//144 255//144 256//144
f 244//145 245//145 256//145
f 244//146 256//146 257//146
f 243//147 244//147 257//147
f 243//148 257//148 258//148
f 242//149 243//149 258//149
f 242//150 258//150 259//150
f 241//151 242//151 259//151
f 241//152 259//152 260//152
f 240//153 241//153 260//153
f 239//154 240//154 260//154
f 238//155 239//155 260//155
f 237//156 238//156 260//156
f 236//157 237//157 260//157
f 235//158 236//158 260//158
f 235//159 260//159 232//159
f 232//160 260//160 261//160
f 234//161 235//161 232//161
f 233//162 234//162 232//162
f 231//163 232//163 261//163
f 230//164 231//164 261//164
f 229//165 230//165 261//165
f 228//166 229//166 261//166
f 227//167 228//167 261//167
f 226//168 227//168 261//168
f 226//169 261//169 262//169
f 225//170 226//170 262//170
f 224//171 225//171 262//171
f 223//172 224//172 262//172
f 223//173 262//173 263//173
f 223//174 263//174 264//174
f 223//175 264//175 265//175
f 223//176 265//176 266//176
f 223//177 266//177 267//177
f 223//178 267//178 268//178
f 223//179 268//179 269//179
f 223//180 269//180 270//180
f 222//181 223//181 270//181
f 221//182 222//182 270//182
f 220//183 221//183 270//183
f 219//184 220//184 270//184
f 219//185 270//185 271//185
f 218//186 219//186 271//186
f 217//187 218//187 271//187
f 216//188 217//188 271//188
f 215//189 216//189 271//189
f 214//190 215//190 203//190
f 203//191 215//191 271//191
f 203//192 271//192 202//192
f 202//193 271//193 272//193
f 202//194 272//194 201//194
f 201//195 272//195 137//195
f 214//196 203//196 204//196
f 200//197 201//197 137//197
f 214//198 204//198 205//198
f 214//199 205//199 206//199
f 199//200 200//200 137//200
f 213//201 214//201 206//201
f 212//202 213//202 206//202
f 212//203 206//203 207//203
f 211//204 212//204 207//204
f 211//205 207//205 208//205
f 211//206 208//206 209//206
f 210//207 211//207 209//207
f 198//208 199//208 137//208
f 198//209 137//209 138//209
f 197//210 198//210 138//210
f 197//211 138//211 139//211
f 196//212 197//212 139//212
f 196//213 139//213 140//213
f 195//214 196//214 140//214
f 195//215 140//215 141//215
f 194//216 195//216 141//216
f 193//217 194//217 141//217
f 168//218 169//218 170//218
f 168//219 170//219 171//219
f 168//220 171//220 172//220
f 167//221 168//221 172//221
f 193//222 141//222 142//222
f 167//223 172//223 173//223
f 166//224 167//224 173//224
f 166//225 173//225 174//225
f 165//226 166//226 174//226
f 164//227 165//227 174//227
f 164//228 174//228 175//228
f 192//229 193//229 142//229
f 164//230 175//230 176//230
f 192//231 142//231 143//231
f 163//232 164//232 176//232
f 191//233 192//233 143//233
f 163//234 176//234 177//234
f 163//235 177//235 178//235
f 191//236 143//236 144//236
f 190//237 191//237 144//237
f 162//238 163//238 178//238
f 162//239 178//239 179//239
f 189//240 190//240 144//240
f 161//241 162//241 179//241
f 189//242 144//242 145//242
f 161//243 179//243 180//243
f 161//244 180//244 181//244
f 160//245 161//245 181//245
f 188//246 189//246 145//246
f 188//247 145//247 146//247
f 160//248 181//248 182//248
f 160//249 182//249 183//249
f 187//250 188//250 146//250
f 160//251 183//251 184//251
f 159//252 160//252 184//252
f 159//253 184//253 185//253
f 186//254 187//254 146//254
f 186//255 146//255 147//255
f 159//256 185//256 186//256
f 159//257 186//257 147//257
f 158//258 159//258 147//258
f 158//259 147//259 148//259
f 157//260 158//260 148//260
f 157//261 148//261 149//261
f 156//262 157//262 149//262
f 156//263 149//263 150//263
f 155//264 156//264 150//264
f 155//265 150//265 151//265
f 154//266 155//266 151//266
f 154//267 151//267 152//267
f 153//268 154//268 152//268
f 276//269 273//269 274//269
f 278//270 275//270 276//270
f 280//271 277//271 278//271
f 282//272 279//272 280//272
f 284//273 281//273 282//273
f 286//274 283//274 284//274
f 288//275 285//275 286//275
f 290//276 287//276 288//276
f 292//277 289//277 290//277
f 294//278 291//278 292//278
f 296//279 293//279 294//279
f 298//280 295//280 296//280
f 300//281 297//281 298//281
f 302//282 299//282 300//282
f 304//283 301//283 302//283
f 306//284 303//284 304//284
f 308//285 305//285 306//285
f 310//286 307//286 308//286
f 312//287 309//287 310//287
f 314//288 311//288 312//288
f 316//289 313//289 314//289
f 318//290 315//290 316//290
f 320//291 317//291 318//291
f 322//292 319//292 320//292
f 324//293 321//293 322//293
f 326//294 323//294 324//294
f 328//295 325//295 326//295
f 330//296 327//296 328//296
f 332//297 329//297 330//297
f 334//298 331//298 332//298
f 336//299 333//299 334//299
f 338//300 335//300 336//300
f 340//301 337//301 338//301
f 342//302 339//302 340//302
f 344//303 341//303 342//303
f 346//304 343//304 344//304
f 348//305 345//305 346//305
f 350//306 347//306 348//306
f 352//307 349//307 350//307
f 354//308 351//308 352//308
f 356//309 353//309 354//309
f 358//310 355//310 356//310
f 360//311 357//311 358//311
f 362//312 359//312 360//312
f 364//313 361//313 362//313
f 366//314 363//314 364//314
f 368//315 365//315 366//315
f 370//316 367//316 368//316
f 372//317 369//317 370//317
f 374//318 371//318 372//318
f 376//319 373//319 374//319
f 378//320 375//320 376//320
f 380//321 377//321 378//321
f 382//322 379//322 380//322
f 384//323 381//323 382//323
f 386//324 383//324 384//324
f 388//325 385//325 386//325
f 390//326 387//326 388//326
f 392//327 389//327 390//327
f 394//328 391//328 392//328
f 396//329 393//329 394//329
f 398//330 395//330 396//330
f 400//331 397//331 398//331
f 402//332 399//332 400//332
f 404//333 401//333 402//333
f 406//334 403//334 404//334
f 408//335 405//335 406//335
f 410//336 407//336 408//336
f 412//337 409//337 410//337
f 414//338 411//338 412//338
f 416//339 413//339 414//339
f 418//340 415//340 416//340
f 420//341 417//341 418//341
f 422//342 419//342 420//342
f 424//343 421//343 422//343
f 426//344 423//344 424//344
f 428//345 425//345 426//345
f 430//346 427//346 428//346
f 432//347 429//347 430//347
f 434//348 431//348 432//348
f 436//349 433//349 434//349
f 438//350 435//350 436//350
f 440//351 437//351 438//351
f 442//352 439//352 440//352
f 444//353 441//353 442//353
f 446//354 443//354 444//354
f 448//355 445//355 446//355
f 450//356 447//356 448//356
f 452//357 449//357 450//357
f 454//358 451//358 452//358
f 456//359 453//359 454//359
f 458//360 455//360 456//360
f 460//361 457//361 458//361
f 462//362 459//362 460//362
f 464//363 461//363 462//363
f 466//364 463//364 464//364
f 468//365 465//365 466//365
f 470//366 467//366 468//366
f 472//367 469//367 470//367
f 474//368 471//368 472//368
f 476//369 473//369 474//369
f 478//370 475//370 476//370
f 480//371 477//371 478//371
f 482//372 479//372 480//372
f 484//373 481//373 482//373
f 486//374 483//374 484//374
f 488//375 485//375 486//375
f 490//376 487//376 488//376
f 492//377 489//377 490//377
f 494//378 491//378 492//378
f 496//379 493//379 494//379
f 498//380 495//380 496//380
f 500//381 497//381 498//381
f 502//382 499//382 500//382
f 504//383 501//383 502//383
f 506//384 503//384 504//384
f 508//385 505//385 506//385
f 510//386 507//386 508//386
f 512//387 509//387 510//387
f 514//388 511//388 512//388
f 516//389 513//389 514//389
f 518//390 515//390 516//390
f 520//391 517//391 518//391
f 522//392 519//392 520//392
f 524//393 521//393 522//393
f 526//394 523//394 524//394
f 528//395 525//395 526//395
f 530//396 527//396 528//396
f 532//397 529//397 530//397
f 534//398 531//398 532//398
f 536//399 533//399 534//399
f 538//400 535//400 536//400
f 540//401 537//401 538//401
f 542//402 539//402 540//402
f 544//403 541//403 542//403
f 274//404 543//404 544//404
f 585//405 587//405 586//405
f 585//406 588//406 587//406
f 584//407 588//407 585//407
f 583//408 588//408 584//408
f 583//409 589//409 588//409
f 582//410 589//410 583//410
f 581//411 589//411 582//411
f 580//412 589//412 581//412
f 580//413 590//413 589//413
f 579//414 590//414 580//414
f 578//415 590//415 579//415
f 577//416 628//416 578//416
f 628//417 627//417 578//417
f 627//418 626//418 578//418
f 626//419 590//419 578//419
f 626//420 591//420 590//420
f 626//421 592//421 591//421
f 626//422 625//422 592//422
f 625//423 593//423 592//423
f 625//424 594//424 593//424
f 625//425 595//425 594//425
f 625//426 651//426 595//426
f 651//427 650//427 595//427
f 650//428 596//428 595//428
f 649//429 596//429 650//429
f 577//430 629//430 628//430
f 577//431 630//431 629//431
f 648//432 596//432 649//432
f 647//433 596//433 648//433
f 647//434 597//434 596//434
f 646//435 597//435 647//435
f 645//436 597//436 646//436
f 645//437 598//437 597//437
f 644//438 598//438 645//438
f 644//439 599//439 598//439
f 643//440 599//440 644//440
f 643//441 600//441 599//441
f 642//442 600//442 643//442
f 641//443 600//443 642//443
f 641//444 601//444 600//444
f 640//445 601//445 641//445
f 639//446 601//446 640//446
f 639//447 602//447 601//447
f 638//448 602//448 639//448
f 637//449 602//449 638//449
f 637//450 603//450 602//450
f 636//451 603//451 637//451
f 577//452 631//452 630//452
f 577//453 632//453 631//453
f 635//454 603//454 636//454
f 577//455 633//455 632//455
f 577//456 634//456 633//456
f 577//457 558//457 634//457
f 558//458 557//458 634//458
f 557//459 556//459 634//459
f 556//460 635//460 634//460
f 556//461 603//461 635//461
f 556//462 604//462 603//462
f 556//463 555//463 604//463
f 555//464 605//464 604//464
f 555//465 606//465 605//465
f 555//466 607//466 606//466
f 555//467 608//467 607//467
f 555//468 609//468 608//468
f 555//469 610//469 609//469
f 555//470 611//470 610//470
f 555//471 612//471 611//471
f 555//472 613//472 612//472
f 555//473 614//473 613//473
f 555//474 615//474 614//474
f 555//475 554//475 615//475
f 554//476 553//476 615//476
f 553//477 552//477 615//477
f 552//478 551//478 615//478
f 551//479 616//479 615//479
f 550//480 616//480 551//480
f 577//481 559//481 558//481
f 549//482 616//482 550//482
f 577//483 560//483 559//483
f 549//484 617//484 616//484
f 549//485 618//485 617//485
f 576//486 560//486 577//486
f 576//487 561//487 560//487
f 549//488 619//488 618//488
f 575//489 561//489 576//489
f 575//490 562//490 561//490
f 549//491 620//491 619//491
f 548//492 620//492 549//492
f 548//493 621//493 620//493
f 574//494 562//494 575//494
f 574//495 563//495 562//495
f 573//496 563//496 574//496
f 573//497 564//497 563//497
f 547//498 621//498 548//498
f 547//499 622//499 621//499
f 572//500 564//500 573//500
f 572//501 565//501 564//501
f 546//502 622//502 547//502
f 546//503 623//503 622//503
f 571//504 565//504 572//504
f 571//505 566//505 565//505
f 570//506 566//506 571//506
f 570//507 567//507 566//507
f 545//508 623//508 546//508
f 545//509 624//509 623//509
f 569//510 567//510 570//510
f 569//511 568//511 567//511
f 672//512 674//512 673//512
f 672//513 675//513 674//513
f 707//514 709//514 708//514
f 707//515 710//515 709//515
f 671//516 675//516 672//516
f 671//517 676//517 675//517
f 706//518 710//518 707//518
f 706//519 711//519 710//519
f 670//520 676//520 671//520
f 670//521 677//521 676//521
f 705//522 711//522 706//522
f 705//523 712//523 711//523
f 669//524 677//524 670//524
f 669//525 678//525 677//525
f 704//526 712//526 705//526
f 704//527 713//527 712//527
f 668//528 678//528 669//528
f 668//529 679//529 678//529
f 703//530 713//530 704//530
f 703//531 714//531 713//531
f 668//532 680//532 679//532
f 703//533 715//533 714//533
f 667//534 680//534 668//534
f 702//535 715//535 703//535
f 667//536 681//536 680//536
f 702//537 716//537 715//537
f 666//538 681//538 667//538
f 701//539 716//539 702//539
f 666//540 682//540 681//540
f 701//541 717//541 716//541
f 665//542 682//542 666//542
f 700//543 717//543 701//543
f 664//544 682//544 665//544
f 664//545 683//545 682//545
f 699//546 717//546 700//546
f 699//547 718//547 717//547
f 663//548 683//548 664//548
f 699//549 719//549 718//549
f 663//550 684//550 683//550
f 698//551 719//551 699//551
f 663//552 685//552 684//552
f 697//553 719//553 698//553
f 662//554 685//554 663//554
f 697//555 720//555 719//555
f 662//556 686//556 685//556
f 696//557 720//557 697//557
f 661//558 686//558 662//558
f 696//559 721//559 720//559
f 661//560 687//560 686//560
f 695//561 721//561 696//561
f 660//562 687//562 661//562
f 695//563 722//563 721//563
f 660//564 688//564 687//564
f 694//565 722//565 695//565
f 660//566 689//566 688//566
f 693//567 722//567 694//567
f 659//568 689//568 660//568
f 693//569 723//569 722//569
f 659//570 690//570 689//570
f 692//571 723//571 693//571
f 659//572 691//572 690//572
f 691//573 723//573 692//573
f 659//574 723//574 691//574
f 658//575 723//575 659//575
f 658//576 724//576 723//576
f 657//577 724//577 658//577
f 657//578 725//578 724//578
f 656//579 725//579 657//579
f 656//580 726//580 725//580
f 655//581 726//581 656//581
f 655//582 727//582 726//582
f 654//583 727//583 655//583
f 654//584 728//584 727//584
f 654//585 729//585 728//585
f 653//586 729//586 654//586
f 653//587 652//587 729//587
f 811//588 813//588 812//588
f 811//589 814//589 813//589
f 810//590 814//590 811//590
f 810//591 815//591 814//591
f 809//592 815//592 810//592
f 809//593 816//593 815//593
f 808//594 816//594 809//594
f 808//595 817//595 816//595
f 807//596 817//596 808//596
f 807//597 818//597 817//597
f 807//598 819//598 818//598
f 806//599 819//599 807//599
f 806//600 820//600 819//600
f 805//601 820//601 806//601
f 805//602 821//602 820//602
f 804//603 821//603 805//603
f 803//604 742//604 804//604
f 742//605 741//605 804//605
f 741//606 740//606 804//606
f 740//607 821//607 804//607
f 740//608 739//608 821//608
f 739//609 730//609 821//609
f 739//610 731//610 730//610
f 739//611 732//611 731//611
f 739//612 733//612 732//612
f 739//613 734//613 733//613
f 739//614 735//614 734//614
f 739//615 736//615 735//615
f 739//616 737//616 736//616
f 739//617 738//617 737//617
f 803//618 743//618 742//618
f 803//619 744//619 743//619
f 803//620 745//620 744//620
f 803//621 746//621 745//621
f 803//622 747//622 746//622
f 803//623 748//623 747//623
f 803//624 770//624 748//624
f 770//625 769//625 748//625
f 769//626 768//626 748//626
f 768//627 749//627 748//627
f 768//628 750//628 749//628
f 768//629 751//629 750//629
f 768//630 752//630 751//630
f 768//631 753//631 752//631
f 768//632 754//632 753//632
f 768//633 755//633 754//633
f 768//634 756//634 755//634
f 768//635 757//635 756//635
f 768//636 767//636 757//636
f 767//637 758//637 757//637
f 767//638 759//638 758//638
f 767//639 760//639 759//639
f 767//640 761//640 760//640
f 767//641 762//641 761//641
f 767//642 763//642 762//642
f 767//643 764//643 763//643
f 767//644 765//644 764//644
f 767//645 766//645 765//645
f 803//646 771//646 770//646
f 803//647 772//647 771//647
f 803//648 773//648 772//648
f 803//649 774//649 773//649
f 803//650 775//650 774//650
f 803//651 776//651 775//651
f 803//652 777//652 776//652
f 803//653 778//653 777//653
f 803//654 779//654 778//654
f 803//655 780//655 779//655
f 803//656 781//656 780//656
f 803//657 782//657 781//657
f 803//658 783//658 782//658
f 803//659 784//659 783//659
f 803//660 785//660 784//660
f 803//661 786//661 785//661
f 802//662 786//662 803//662
f 802//663 787//663 786//663
f 801//664 787//664 802//664
f 801//665 788//665 787//665
f 800//666 788//666 801//666
f 800//667 789//667 788//667
f 799//668 789//668 800//668
f 799//669 790//669 789//669
f 798//670 790//670 799//670
f 798//671 791//671 790//671
f 797//672 791//672 798//672
f 797//673 792//673 791//673
f 796//674 792//674 797//674
f 796//675 793//675 792//675
f 795//676 793//676 796//676
f 795//677 794//677 793//677
f 888//678 890//678 889//678
f 888//679 891//679 890//679
f 829//680 831//680 830//680
f 829//681 832//681 831//681
f 887//682 891//682 888//682
f 828//683 832//683 829//683
f 828//684 833//684 832//684
f 887//685 892//685 891//685
f 886//686 892//686 887//686
f 827//687 833//687 828//687
f 827//688 834//688 833//688
f 885//689 892//689 886//689
f 826//690 834//690 827//690
f 826//691 835//691 834//691
f 885//692 893//692 892//692
f 884//693 893//693 885//693
f 825//694 835//694 826//694
f 825//695 836//695 835//695
f 884//696 894//696 893//696
f 825//697 837//697 836//697
f 883//698 894//698 884//698
f 824//699 837//699 825//699
f 824//700 838//700 837//700
f 882//701 894//701 883//701
f 823//702 838//702 824//702
f 882//703 895//703 894//703
f 823//704 839//704 838//704
f 881//705 895//705 882//705
f 822//706 839//706 823//706
f 880//707 861//707 881//707
f 861//708 860//708 881//708
f 860//709 859//709 881//709
f 859//710 858//710 881//710
f 858//711 857//711 881//711
f 857//712 856//712 881//712
f 856//713 855//713 881//713
f 855//714 895//714 881//714
f 903//715 839//715 822//715
f 903//716 840//716 839//716
f 854//717 895//717 855//717
f 853//718 895//718 854//718
f 880//719 862//719 861//719
f 880//720 863//720 862//720
f 902//721 840//721 903//721
f 901//722 840//722 902//722
f 853//723 896//723 895//723
f 900//724 840//724 901//724
f 853//725 897//725 896//725
f 899//726 840//726 900//726
f 853//727 898//727 897//727
f 898//728 840//728 899//728
f 853//729 840//729 898//729
f 879//730 863//730 880//730
f 879//731 864//731 863//731
f 853//732 841//732 840//732
f 878//733 864//733 879//733
f 878//734 865//734 864//734
f 853//735 842//735 841//735
f 852//736 842//736 853//736
f 877//737 865//737 878//737
f 877//738 866//738 865//738
f 852//739 843//739 842//739
f 876//740 866//740 877//740
f 876//741 867//741 866//741
f 852//742 844//742 843//742
f 851//743 844//743 852//743
f 875//744 867//744 876//744
f 875//745 868//745 867//745
f 851//746 845//746 844//746
f 850//747 845//747 851//747
f 874//748 868//748 875//748
f 874//749 869//749 868//749
f 850//750 846//750 845//750
f 873//751 869//751 874//751
f 873//752 870//752 869//752
f 850//753 847//753 846//753
f 849//754 847//754 850//754
f 872//755 870//755 873//755
f 872//756 871//756 870//756
f 849//757 848//757 847//757
f 920//758 922//758 921//758
f 920//759 923//759 922//759
f 919//760 923//760 920//760
f 919//761 924//761 923//761
f 918//762 924//762 919//762
f 918//763 925//763 924//763
f 917//764 925//764 918//764
f 917//765 926//765 925//765
f 916//766 926//766 917//766
f 916//767 927//767 926//767
f 916//768 928//768 927//768
f 915//769 928//769 916//769
f 915//770 929//770 928//770
f 914//771 929//771 915//771
f 914//772 930//772 929//772
f 913//773 930//773 914//773
f 912//774 930//774 913//774
f 912//775 931//775 930//775
f 911//776 931//776 912//776
f 911//777 932//777 931//777
f 910//778 932//778 911//778
f 910//779 933//779 932//779
f 909//780 933//780 910//780
f 909//781 934//781 933//781
f 908//782 934//782 909//782
f 908//783 935//783 934//783
f 907//784 935//784 908//784
f 907//785 936//785 935//785
f 906//786 936//786 907//786
f 906//787 937//787 936//787
f 905//788 937//788 906//788
f 905//789 938//789 937//789
f 904//790 938//790 905//790
f 904//791 939//791 938//791
f 1025//792 1027//792 1026//792
f 1025//793 1028//793 1027//793
f 943//794 945//794 944//794
f 943//795 946//795 945//795
f 1024//796 1028//796 1025//796
f 943//797 947//797 946//797
f 1024//798 1029//798 1028//798
f 942//799 947//799 943//799
f 1023//800 1029//800 1024//800
f 942//801 948//801 947//801
f 1022//802 1029//802 1023//802
f 942//803 949//803 948//803
f 1022//804 1030//804 1029//804
f 941//805 949//805 942//805
f 1021//806 1030//806 1022//806
f 941//807 950//807 949//807
f 1021//808 1031//808 1030//808
f 940//809 950//809 941//809
f 940//810 951//810 950//810
f 1020//811 1031//811 1021//811
f 940//812 952//812 951//812
f 1019//813 1031//813 1020//813
f 1019//814 1032//814 1031//814
f 1040//815 952//815 940//815
f 1040//816 953//816 952//816
f 1018//817 1032//817 1019//817
f 1017//818 998//818 1018//818
f 998//819 997//819 1018//819
f 997//820 996//820 1018//820
f 996//821 995//821 1018//821
f 995//822 994//822 1018//822
f 994//823 993//823 1018//823
f 993//824 1032//824 1018//824
f 1040//825 978//825 953//825
f 978//826 977//826 953//826
f 977//827 976//827 953//827
f 976//828 975//828 953//828
f 975//829 974//829 953//829
f 974//830 973//830 953//830
f 973//831 954//831 953//831
f 1040//832 979//832 978//832
f 1040//833 980//833 979//833
f 992//834 1032//834 993//834
f 991//835 1032//835 992//835
f 1040//836 981//836 980//836
f 972//837 954//837 973//837
f 990//838 1032//838 991//838
f 1017//839 999//839 998//839
f 971//840 954//840 972//840
f 1017//841 1000//841 999//841
f 990//842 1033//842 1032//842
f 1039//843 981//843 1040//843
f 1038//844 981//844 1039//844
f 990//845 1034//845 1033//845
f 1037//846 981//846 1038//846
f 990//847 1035//847 1034//847
f 1036//848 981//848 1037//848
f 990//849 1036//849 1035//849
f 990//850 981//850 1036//850
f 989//851 981//851 990//851
f 989//852 982//852 981//852
f 988//853 982//853 989//853
f 988//854 983//854 982//854
f 987//855 983//855 988//855
f 987//856 984//856 983//856
f 986//857 984//857 987//857
f 986//858 985//858 984//858
f 1016//859 1000//859 1017//859
f 1016//860 1001//860 1000//860
f 970//861 954//861 971//861
f 970//862 955//862 954//862
f 1015//863 1001//863 1016//863
f 969//864 955//864 970//864
f 1015//865 1002//865 1001//865
f 969//866 956//866 955//866
f 1014//867 1002//867 1015//867
f 968//868 956//868 969//868
f 1014//869 1003//869 1002//869
f 968//870 957//870 956//870
f 1013//871 1003//871 1014//871
f 967//872 957//872 968//872
f 1013//873 1004//873 1003//873
f 967//874 958//874 957//874
f 1012//875 1004//875 1013//875
f 1012//876 1005//876 1004//876
f 966//877 958//877 967//877
f 966//878 959//878 958//878
f 1011//879 1005//879 1012//879
f 1011//880 1006//880 1005//880
f 965//881 959//881 966//881
f 965//882 960//882 959//882
f 1010//883 1006//883 1011//883
f 964//884 960//884 965//884
f 1010//885 1007//885 1006//885
f 964//886 961//886 960//886
f 1009//887 1007//887 1010//887
f 963//888 961//888 964//888
f 1009//889 1008//889 1007//889
f 963//890 962//890 961//890
f 1122//891 1124//891 1123//891
f 1122//892 1125//892 1124//892
f 1121//893 1125//893 1122//893
f 1121//894 1126//894 1125//894
f 1120//895 1126//895 1121//895
f 1120//896 1127//896 1126//896
f 1119//897 1127//897 1120//897
f 1119//898 1128//898 1127//898
f 1118//899 1128//899 1119//899
f 1118//900 1129//900 1128//900
f 1118//901 1130//901 1129//901
f 1117//902 1130//902 1118//902
f 1117//903 1131//903 1130//903
f 1116//904 1131//904 1117//904
f 1116//905 1132//905 1131//905
f 1115//906 1132//906 1116//906
f 1114//907 1053//907 1115//907
f 1053//908 1052//908 1115//908
f 1052//909 1051//909 1115//909
f 1051//910 1132//910 1115//910
f 1051//911 1050//911 1132//911
f 1050//912 1041//912 1132//912
f 1050//913 1042//913 1041//913
f 1050//914 1043//914 1042//914
f 1050//915 1044//915 1043//915
f 1050//916 1045//916 1044//916
f 1050//917 1046//917 1045//917
f 1050//918 1047//918 1046//918
f 1050//919 1048//919 1047//919
f 1050//920 1049//920 1048//920
f 1114//921 1054//921 1053//921
f 1114//922 1055//922 1054//922
f 1114//923 1056//923 1055//923
f 1114//924 1057//924 1056//924
f 1114//925 1058//925 1057//925
f 1114//926 1059//926 1058//926
f 1114//927 1081//927 1059//927
f 1081//928 1080//928 1059//928
f 1080//929 1079//929 1059//929
f 1079//930 1060//930 1059//930
f 1079//931 1061//931 1060//931
f 1079//932 1062//932 1061//932
f 1079//933 1063//933 1062//933
f 1079//934 1064//934 1063//934
f 1079//935 1065//935 1064//935
f 1079//936 1066//936 1065//936
f 1079//937 1067//937 1066//937
f 1079//938 1068//938 1067//938
f 1079//939 1078//939 1068//939
f 1078//940 1069//940 1068//940
f 1078//941 1070//941 1069//941
f 1078//942 1071//942 1070//942
f 1078//943 1072//943 1071//943
f 1078//944 1073//944 1072//944
f 1078//945 1074//945 1073//945
f 1078//946 1075//946 1074//946
f 1078//947 1076//947 1075//947
f 1078//948 1077//948 1076//948
f 1114//949 1082//949 1081//949
f 1114//950 1083//950 1082//950
f 1114//951 1084//951 1083//951
f 1114//952 1085//952 1084//952
f 1114//953 1086//953 1085//953
f 1114//954 1087//954 1086//954
f 1114//955 1088//955 1087//955
f 1114//956 1089//956 1088//956
f 1114//957 1090//957 1089//957
f 1114//958 1091//958 1090//958
f 1114//959 1092//959 1091//959
f 1114//960 1093//960 1092//960
f 1114//961 1094//961 1093//961
f 1114//962 1095//962 1094//962
f 1114//963 1096//963 1095//963
f 1114//964 1097//964 1096//964
f 1113//965 1097//965 1114//965
f 1113//966 1098//966 1097//966
f 1112//967 1098//967 1113//967
f 1112//968 1099//968 1098//968
f 1111//969 1099//969 1112//969
f 1111//970 1100//970 1099//970
f 1110//971 1100//971 1111//971
f 1110//972 1101//972 1100//972
f 1109//973 1101//973 1110//973
f 1109//974 1102//974 1101//974
f 1108//975 1102//975 1109//975
f 1108//976 1103//976 1102//976
f 1107//977 1103//977 1108//977
f 1107//978 1104//978 1103//978
f 1106//979 1104//979 1107//979
f 1106//980 1105//980 1104//980
f 1149//981 1151//981 1150//981
f 1149//982 1152//982 1151//982
f 1148//983 1152//983 1149//983
f 1147//984 1152//984 1148//984
f 1147//985 1153//985 1152//985
f 1146//986 1153//986 1147//986
f 1145//987 1153//987 1146//987
f 1144//988 1153//988 1145//988
f 1144//989 1154//989 1153//989
f 1143//990 1154//990 1144//990
f 1142//991 1154//991 1143//991
f 1141//992 1203//992 1142//992
f 1203//993 1202//993 1142//993
f 1202//994 1201//994 1142//994
f 1201//995 1154//995 1142//995
f 1201//996 1155//996 1154//996
f 1201//997 1156//997 1155//997
f 1201//998 1157//998 1156//998
f 1201//999 1200//999 1157//999
f 1200//1000 1158//1000 1157//1000
f 1200//1001 1159//1001 1158//1001
f 1200//1002 1199//1002 1159//1002
f 1199//1003 1198//1003 1159//1003
f 1198//1004 1160//1004 1159//1004
f 1197//1005 1160//1005 1198//1005
f 1141//1006 1204//1006 1203//1006
f 1141//1007 1177//1007 1204//1007
f 1196//1008 1160//1008 1197//1008
f 1195//1009 1160//1009 1196//1009
f 1195//1010 1161//1010 1160//1010
f 1194//1011 1161//1011 1195//1011
f 1194//1012 1162//1012 1161//1012
f 1193//1013 1162//1013 1194//1013
f 1192//1014 1162//1014 1193//1014
f 1192//1015 1163//1015 1162//1015
f 1191//1016 1163//1016 1192//1016
f 1191//1017 1164//1017 1163//1017
f 1190//1018 1164//1018 1191//1018
f 1189//1019 1164//1019 1190//1019
f 1189//1020 1165//1020 1164//1020
f 1188//1021 1165//1021 1189//1021
f 1188//1022 1166//1022 1165//1022
f 1187//1023 1166//1023 1188//1023
f 1186//1024 1166//1024 1187//1024
f 1186//1025 1167//1025 1166//1025
f 1185//1026 1167//1026 1186//1026
f 1185//1027 1168//1027 1167//1027
f 1184//1028 1168//1028 1185//1028
f 1183//1029 1168//1029 1184//1029
f 1141//1030 1178//1030 1177//1030
f 1141//1031 1179//1031 1178//1031
f 1182//1032 1168//1032 1183//1032
f 1141//1033 1180//1033 1179//1033
f 1141//1034 1181//1034 1180//1034
f 1141//1035 1182//1035 1181//1035
f 1141//1036 1168//1036 1182//1036
f 1141//1037 1169//1037 1168//1037
f 1141//1038 1170//1038 1169//1038
f 1141//1039 1171//1039 1170//1039
f 1141//1040 1172//1040 1171//1040
f 1141//1041 1173//1041 1172//1041
f 1141//1042 1174//1042 1173//1042
f 1140//1043 1174//1043 1141//1043
f 1139//1044 1174//1044 1140//1044
f 1138//1045 1174//1045 1139//1045
f 1138//1046 1175//1046 1174//1046
f 1137//1047 1175//1047 1138//1047
f 1136//1048 1175//1048 1137//1048
f 1135//1049 1175//1049 1136//1049
f 1135//1050 1176//1050 1175//1050
f 1134//1051 1176//1051 1135//1051
f 1133//1052 1176//1052 1134//1052
f 1245//1053 1246//1053 1247//1053
f 1245//1054 1247//1054 1248//1054
f 1244//1055 1245//1055 1248//1055
f 1243//1056 1244//1056 1248//1056
f 1243//1057 1248//1057 1249//1057
f 1242//1058 1243//1058 1249//1058
f 1241//1059 1242//1059 1249//1059
f 1240//1060 1241//1060 1249//1060
f 1240//1061 1249//1061 1250//1061
f 1239//1062 1240//1062 1250//1062
f 1238//1063 1239//1063 1250//1063
f 1237//1064 1238//1064 1288//1064
f 1288//1065 1238//1065 1287//1065
f 1287//1066 1238//1066 1286//1066
f 1286//1067 1238//1067 1250//1067
f 1286//1068 1250//1068 1251//1068
f 1286//1069 1251//1069 1252//1069
f 1286//1070 1252//1070 1285//1070
f 1285//1071 1252//1071 1253//1071
f 1285//1072 1253//1072 1254//1072
f 1285//1073 1254//1073 1255//1073
f 1285//1074 1255//1074 1311//1074
f 1311//1075 1255//1075 1310//1075
f 1310//1076 1255//1076 1256//1076
f 1309//1077 1310//1077 1256//1077
f 1237//1078 1288//1078 1289//1078
f 1237//1079 1289//1079 1290//1079
f 1308//1080 1309//1080 1256//1080
f 1307//1081 1308//1081 1256//1081
f 1307//1082 1256//1082 1257//1082
f 1306//1083 1307//1083 1257//1083
f 1305//1084 1306//1084 1257//1084
f 1305//1085 1257//1085 1258//1085
f 1304//1086 1305//1086 1258//1086
f 1304//1087 1258//1087 1259//1087
f 1303//1088 1304//1088 1259//1088
f 1303//1089 1259//1089 1260//1089
f 1302//1090 1303//1090 1260//1090
f 1301//1091 1302//1091 1260//1091
f 1301//1092 1260//1092 1261//1092
f 1300//1093 1301//1093 1261//1093
f 1299//1094 1300//1094 1261//1094
f 1299//1095 1261//1095 1262//1095
f 1298//1096 1299//1096 1262//1096
f 1297//1097 1298//1097 1262//1097
f 1297//1098 1262//1098 1263//1098
f 1296//1099 1297//1099 1263//1099
f 1237//1100 1290//1100 1291//1100
f 1237//1101 1291//1101 1292//1101
f 1295//1102 1296//1102 1263//1102
f 1237//1103 1292//1103 1293//1103
f 1237//1104 1293//1104 1294//1104
f 1237//1105 1294//1105 1218//1105
f 1218//1106 1294//1106 1217//1106
f 1217//1107 1294//1107 1216//1107
f 1216//1108 1294//1108 1295//1108
f 1216//1109 1295//1109 1263//1109
f 1216//1110 1263//1110 1264//1110
f 1216//1111 1264//1111 1215//1111
f 1215//1112 1264//1112 1265//1112
f 1215//1113 1265//1113 1266//1113
f 1215//1114 1266//1114 1267//1114
f 1215//1115 1267//1115 1268//1115
f 1215//1116 1268//1116 1269//1116
f 1215//1117 1269//1117 1270//1117
f 1215//1118 1270//1118 1271//1118
f 1215//1119 1271//1119 1272//1119
f 1215//1120 1272//1120 1273//1120
f 1215//1121 1273//1121 1274//1121
f 1215//1122 1274//1122 1275//1122
f 1215//1123 1275//1123 1214//1123
f 1214//1124 1275//1124 1213//1124
f 1213//1125 1275//1125 1212//1125
f 1212//1126 1275//1126 1211//1126
f 1211//1127 1275//1127 1276//1127
f 1210//1128 1211//1128 1276//1128
f 1237//1129 1218//1129 1219//1129
f 1209//1130 1210//1130 1276//1130
f 1237//1131 1219//1131 1220//1131
f 1209//1132 1276//1132 1277//1132
f 1209//1133 1277//1133 1278//1133
f 1236//1134 1237//1134 1220//1134
f 1236//1135 1220//1135 1221//1135
f 1209//1136 1278//1136 1279//1136
f 1235//1137 1236//1137 1221//1137
f 1235//1138 1221//1138 1222//1138
f 1209//1139 1279//1139 1280//1139
f 1208//1140 1209//1140 1280//1140
f 1208//1141 1280//1141 1281//1141
f 1234//1142 1235//1142 1222//1142
f 1234//1143 1222//1143 1223//1143
f 1233//1144 1234//1144 1223//1144
f 1233//1145 1223//1145 1224//1145
f 1207//1146 1208//1146 1281//1146
f 1207//1147 1281//1147 1282//1147
f 1232//1148 1233//1148 1224//1148
f 1232//1149 1224//1149 1225//1149
f 1206//1150 1207//1150 1282//1150
f 1206//1151 1282//1151 1283//1151
f 1231//1152 1232//1152 1225//1152
f 1231//1153 1225//1153 1226//1153
f 1230//1154 1231//1154 1226//1154
f 1230//1155 1226//1155 1227//1155
f 1205//1156 1206//1156 1283//1156
f 1205//1157 1283//1157 1284//1157
f 1229//1158 1230//1158 1227//1158
f 1229//1159 1227//1159 1228//1159
f 1332//1160 1333//1160 1334//1160
f 1332//1161 1334//1161 1335//1161
f 1367//1162 1368//1162 1369//1162
f 1367//1163 1369//1163 1370//1163
f 1331//1164 1332//1164 1335//1164
f 1331//1165 1335//1165 1336//1165
f 1366//1166 1367//1166 1370//1166
f 1366//1167 1370//1167 1371//1167
f 1330//1168 1331//1168 1336//1168
f 1330//1169 1336//1169 1337//1169
f 1365//1170 1366//1170 1371//1170
f 1365//1171 1371//1171 1372//1171
f 1329//1172 1330//1172 1337//1172
f 1329//1173 1337//1173 1338//1173
f 1364//1174 1365//1174 1372//1174
f 1364//1175 1372//1175 1373//1175
f 1328//1176 1329//1176 1338//1176
f 1328//1177 1338//1177 1339//1177
f 1363//1178 1364//1178 1373//1178
f 1363//1179 1373//1179 1374//1179
f 1328//1180 1339//1180 1340//1180
f 1363//1181 1374//1181 1375//1181
f 1327//1182 1328//1182 1340//1182
f 1362//1183 1363//1183 1375//1183
f 1327//1184 1340//1184 1341//1184
f 1362//1185 1375//1185 1376//1185
f 1326//1186 1327//1186 1341//1186
f 1361//1187 1362//1187 1376//1187
f 1326//1188 1341//1188 1342//1188
f 1361//1189 1376//1189 1377//1189
f 1325//1190 1326//1190 1342//1190
f 1360//1191 1361//1191 1377//1191
f 1324//1192 1325//1192 1342//1192
f 1324//1193 1342//1193 1343//1193
f 1359//1194 1360//1194 1377//1194
f 1359//1195 1377//1195 1378//1195
f 1323//1196 1324//1196 1343//1196
f 1359//1197 1378//1197 1379//1197
f 1323//1198 1343//1198 1344//1198
f 1358//1199 1359//1199 1379//1199
f 1323//1200 1344//1200 1345//1200
f 1357//1201 1358//1201 1379//1201
f 1322//1202 1323//1202 1345//1202
f 1357//1203 1379//1203 1380//1203
f 1322//1204 1345//1204 1346//1204
f 1356//1205 1357//1205 1380//1205
f 1321//1206 1322//1206 1346//1206
f 1356//1207 1380//1207 1381//1207
f 1321//1208 1346//1208 1347//1208
f 1355//1209 1356//1209 1381//1209
f 1320//1210 1321//1210 1347//1210
f 1355//1211 1381//1211 1382//1211
f 1320//1212 1347//1212 1348//1212
f 1354//1213 1355//1213 1382//1213
f 1320//1214 1348//1214 1349//1214
f 1353//1215 1354//1215 1382//1215
f 1319//1216 1320//1216 1349//1216
f 1353//1217 1382//1217 1383//1217
f 1319//1218 1349//1218 1350//1218
f 1352//1219 1353//1219 1383//1219
f 1319//1220 1350//1220 1351//1220
f 1351//1221 1352//1221 1383//1221
f 1319//1222 1351//1222 1383//1222
f 1318//1223 1319//1223 1383//1223
f 1318//1224 1383//1224 1384//1224
f 1317//1225 1318//1225 1384//1225
f 1317//1226 1384//1226 1385//1226
f 1316//1227 1317//1227 1385//1227
f 1316//1228 1385//1228 1386//1228
f 1315//1229 1316//1229 1386//1229
f 1315//1230 1386//1230 1387//1230
f 1314//1231 1315//1231 1387//1231
f 1314//1232 1387//1232 1388//1232
f 1314//1233 1388//1233 1389//1233
f 1313//1234 1314//1234 1389//1234
f 1313//1235 1389//1235 1312//1235
f 1471//1236 1472//1236 1473//1236
f 1471//1237 1473//1237 1474//1237
f 1470//1238 1471//1238 1474//1238
f 1470//1239 1474//1239 1475//1239
f 1469//1240 1470//1240 1475//1240
f 1469//1241 1475//1241 1476//1241
f 1468//1242 1469//1242 1476//1242
f 1468//1243 1476//1243 1477//1243
f 1467//1244 1468//1244 1477//1244
f 1467//1245 1477//1245 1478//1245
f 1467//1246 1478//1246 1479//1246
f 1466//1247 1467//1247 1479//1247
f 1466//1248 1479//1248 1480//1248
f 1465//1249 1466//1249 1480//1249
f 1465//1250 1480//1250 1481//1250
f 1464//1251 1465//1251 1481//1251
f 1463//1252 1464//1252 1402//1252
f 1402//1253 1464//1253 1401//1253
f 1401//1254 1464//1254 1400//1254
f 1400//1255 1464//1255 1481//1255
f 1400//1256 1481//1256 1399//1256
f 1399//1257 1481//1257 1390//1257
f 1399//1258 1390//1258 1391//1258
f 1399//1259 1391//1259 1392//1259
f 1399//1260 1392//1260 1393//1260
f 1399//1261 1393//1261 1394//1261
f 1399//1262 1394//1262 1395//1262
f 1399//1263 1395//1263 1396//1263
f 1399//1264 1396//1264 1397//1264
f 1399//1265 1397//1265 1398//1265
f 1463//1266 1402//1266 1403//1266
f 1463//1267 1403//1267 1404//1267
f 1463//1268 1404//1268 1405//1268
f 1463//1269 1405//1269 1406//1269
f 1463//1270 1406//1270 1407//1270
f 1463//1271 1407//1271 1408//1271
f 1463//1272 1408//1272 1430//1272
f 1430//1273 1408//1273 1429//1273
f 1429//1274 1408//1274 1428//1274
f 1428//1275 1408//1275 1409//1275
f 1428//1276 1409//1276 1410//1276
f 1428//1277 1410//1277 1411//1277
f 1428//1278 1411//1278 1412//1278
f 1428//1279 1412//1279 1413//1279
f 1428//1280 1413//1280 1414//1280
f 1428//1281 1414//1281 1415//1281
f 1428//1282 1415//1282 1416//1282
f 1428//1283 1416//1283 1417//1283
f 1428//1284 1417//1284 1427//1284
f 1427//1285 1417//1285 1418//1285
f 1427//1286 1418//1286 1419//1286
f 1427//1287 1419//1287 1420//1287
f 1427//1288 1420//1288 1421//1288
f 1427//1289 1421//1289 1422//1289
f 1427//1290 1422//1290 1423//1290
f 1427//1291 1423//1291 1424//1291
f 1427//1292 1424//1292 1425//1292
f 1427//1293 1425//1293 1426//1293
f 1463//1294 1430//1294 1431//1294
f 1463//1295 1431//1295 1432//1295
f 1463//1296 1432//1296 1433//1296
f 1463//1297 1433//1297 1434//1297
f 1463//1298 1434//1298 1435//1298
f 1463//1299 1435//1299 1436//1299
f 1463//1300 1436//1300 1437//1300
f 1463//1301 1437//1301 1438//1301
f 1463//1302 1438//1302 1439//1302
f 1463//1303 1439//1303 1440//1303
f 1463//1304 1440//1304 1441//1304
f 1463//1305 1441//1305 1442//1305
f 1463//1306 1442//1306 1443//1306
f 1463//1307 1443//1307 1444//1307
f 1463//1308 1444//1308 1445//1308
f 1463//1309 1445//1309 1446//1309
f 1462//1310 1463//1310 1446//1310
f 1462//1311 1446//1311 1447//1311
f 1461//1312 1462//1312 1447//1312
f 1461//1313 1447//1313 1448//1313
f 1460//1314 1461//1314 1448//1314
f 1460//1315 1448//1315 1449//1315
f 1459//1316 1460//1316 1449//1316
f 1459//1317 1449//1317 1450//1317
f 1458//1318 1459//1318 1450//1318
f 1458//1319 1450//1319 1451//1319
f 1457//1320 1458//1320 1451//1320
f 1457//1321 1451//1321 1452//1321
f 1456//1322 1457//1322 1452//1322
f 1456//1323 1452//1323 1453//1323
f 1455//1324 1456//1324 1453//1324
f 1455//1325 1453//1325 1454//1325
f 1548//1326 1549//1326 1550//1326
f 1548//1327 1550//1327 1551//1327
f 1489//1328 1490//1328 1491//1328
f 1489//1329 1491//1329 1492//1329
f 1547//1330 1548//1330 1551//1330
f 1488//1331 1489//1331 1492//1331
f 1488//1332 1492//1332 1493//1332
f 1547//1333 1551//1333 1552//1333
f 1546//1334 1547//1334 1552//1334
f 1487//1335 1488//1335 1493//1335
f 1487//1336 1493//1336 1494//1336
f 1545//1337 1546//1337 1552//1337
f 1486//1338 1487//1338 1494//1338
f 1486//1339 1494//1339 1495//1339
f 1545//1340 1552//1340 1553//1340
f 1544//1341 1545//1341 1553//1341
f 1485//1342 1486//1342 1495//1342
f 1485//1343 1495//1343 1496//1343
f 1544//1344 1553//1344 1554//1344
f 1485//1345 1496//1345 1497//1345
f 1543//1346 1544//1346 1554//1346
f 1484//1347 1485//1347 1497//1347
f 1484//1348 1497//1348 1498//1348
f 1542//1349 1543//1349 1554//1349
f 1483//1350 1484//1350 1498//1350
f 1542//1351 1554//1351 1555//1351
f 1483//1352 1498//1352 1499//1352
f 1541//1353 1542//1353 1555//1353
f 1482//1354 1483//1354 1499//1354
f 1540//1355 1541//1355 1521//1355
f 1521//1356 1541//1356 1520//1356
f 1520//1357 1541//1357 1519//1357
f 1519//1358 1541//1358 1518//1358
f 1518//1359 1541//1359 1517//1359
f 1517//1360 1541//1360 1516//1360
f 1516//1361 1541//1361 1515//1361
f 1515//1362 1541//1362 1555//1362
f 1563//1363 1482//1363 1499//1363
f 1563//1364 1499//1364 1500//1364
f 1514//1365 1515//1365 1555//1365
f 1513//1366 1514//1366 1555//1366
f 1540//1367 1521//1367 1522//1367
f 1540//1368 1522//1368 1523//1368
f 1562//1369 1563//1369 1500//1369
f 1561//1370 1562//1370 1500//1370
f 1513//1371 1555//1371 1556//1371
f 1560//1372 1561//1372 1500//1372
f 1513//1373 1556//1373 1557//1373
f 1559//1374 1560//1374 1500//1374
f 1513//1375 1557//1375 1558//1375
f 1558//1376 1559//1376 1500//1376
f 1513//1377 1558//1377 1500//1377
f 1539//1378 1540//1378 1523//1378
f 1539//1379 1523//1379 1524//1379
f 1513//1380 1500//1380 1501//1380
f 1538//1381 1539//1381 1524//1381
f 1538//1382 1524//1382 1525//1382
f 1513//1383 1501//1383 1502//1383
f 1512//1384 1513//1384 1502//1384
f 1537//1385 1538//1385 1525//1385
f 1537//1386 1525//1386 1526//1386
f 1512//1387 1502//1387 1503//1387
f 1536//1388 1537//1388 1526//1388
f 1536//1389 1526//1389 1527//1389
f 1512//1390 1503//1390 1504//1390
f 1511//1391 1512//1391 1504//1391
f 1535//1392 1536//1392 1527//1392
f 1535//1393 1527//1393 1528//1393
f 1511//1394 1504//1394 1505//1394
f 1510//1395 1511//1395 1505//1395
f 1534//1396 1535//1396 1528//1396
f 1534//1397 1528//1397 1529//1397
f 1510//1398 1505//1398 1506//1398
f 1533//1399 1534//1399 1529//1399
f 1533//1400 1529//1400 1530//1400
f 1510//1401 1506//1401 1507//1401
f 1509//1402 1510//1402 1507//1402
f 1532//1403 1533//1403 1530//1403
f 1532//1404 1530//1404 1531//1404
f 1509//1405 1507//1405 1508//1405
f 1580//1406 1581//1406 1582//1406
f 1580//1407 1582//1407 1583//1407
f 1579//1408 1580//1408 1583//1408
f 1579//1409 1583//1409 1584//1409
f 1578//1410 1579//1410 1584//1410
f 1578//1411 1584//1411 1585//1411
f 1577//1412 1578//1412 1585//1412
f 1577//1413 1585//1413 1586//1413
f 1576//1414 1577//1414 1586//1414
f 1576//1415 1586//1415 1587//1415
f 1576//1416 1587//1416 1588//1416
f 1575//1417 1576//1417 1588//1417
f 1575//1418 1588//1418 1589//1418
f 1574//1419 1575//1419 1589//1419
f 1574//1420 1589//1420 1590//1420
f 1573//1421 1574//1421 1590//1421
f 1572//1422 1573//1422 1590//1422
f 1572//1423 1590//1423 1591//1423
f 1571//1424 1572//1424 1591//1424
f 1571//1425 1591//1425 1592//1425
f 1570//1426 1571//1426 1592//1426
f 1570//1427 1592//1427 1593//1427
f 1569//1428 1570//1428 1593//1428
f 1569//1429 1593//1429 1594//1429
f 1568//1430 1569//1430 1594//1430
f 1568//1431 1594//1431 1595//1431
f 1567//1432 1568//1432 1595//1432
f 1567//1433 1595//1433 1596//1433
f 1566//1434 1567//1434 1596//1434
f 1566//1435 1596//1435 1597//1435
f 1565//1436 1566//1436 1597//1436
f 1565//1437 1597//1437 1598//1437
f 1564//1438 1565//1438 1598//1438
f 1564//1439 1598//1439 1599//1439
f 1685//1440 1686//1440 1687//1440
f 1685//1441 1687//1441 1688//1441
f 1603//1442 1604//1442 1605//1442
f 1603//1443 1605//1443 1606//1443
f 1684//1444 1685//1444 1688//1444
f 1603//1445 1606//1445 1607//1445
f 1684//1446 1688//1446 1689//1446
f 1602//1447 1603//1447 1607//1447
f 1683//1448 1684//1448 1689//1448
f 1602//1449 1607//1449 1608//1449
f 1682//1450 1683//1450 1689//1450
f 1602//1451 1608//1451 1609//1451
f 1682//1452 1689//1452 1690//1452
f 1601//1453 1602//1453 1609//1453
f 1681//1454 1682//1454 1690//1454
f 1601//1455 1609//1455 1610//1455
f 1681//1456 1690//1456 1691//1456
f 1600//1457 1601//1457 1610//1457
f 1600//1458 1610//1458 1611//1458
f 1680//1459 1681//1459 1691//1459
f 1600//1460 1611//1460 1612//1460
f 1679//1461 1680//1461 1691//1461
f 1679//1462 1691//1462 1692//1462
f 1700//1463 1600//1463 1612//1463
f 1700//1464 1612//1464 1613//1464
f 1678//1465 1679//1465 1692//1465
f 1677//1466 1678//1466 1658//1466
f 1658//1467 1678//1467 1657//1467
f 1657//1468 1678//1468 1656//1468
f 1656//1469 1678//1469 1655//1469
f 1655//1470 1678//1470 1654//1470
f 1654//1471 1678//1471 1653//1471
f 1653//1472 1678//1472 1692//1472
f 1700//1473 1613//1473 1638//1473
f 1638//1474 1613//1474 1637//1474
f 1637//1475 1613//1475 1636//1475
f 1636//1476 1613//1476 1635//1476
f 1635//1477 1613//1477 1634//1477
f 1634//1478 1613//1478 1633//1478
f 1633//1479 1613//1479 1614//1479
f 1700//1480 1638//1480 1639//1480
f 1700//1481 1639//1481 1640//1481
f 1652//1482 1653//1482 1692//1482
f 1651//1483 1652//1483 1692//1483
f 1700//1484 1640//1484 1641//1484
f 1632//1485 1633//1485 1614//1485
f 1650//1486 1651//1486 1692//1486
f 1677//1487 1658//1487 1659//1487
f 1631//1488 1632//1488 1614//1488
f 1677//1489 1659//1489 1660//1489
f 1650//1490 1692//1490 1693//1490
f 1699//1491 1700//1491 1641//1491
f 1698//1492 1699//1492 1641//1492
f 1650//1493 1693//1493 1694//1493
f 1697//1494 1698//1494 1641//1494
f 1650//1495 1694//1495 1695//1495
f 1696//1496 1697//1496 1641//1496
f 1650//1497 1695//1497 1696//1497
f 1650//1498 1696//1498 1641//1498
f 1649//1499 1650//1499 1641//1499
f 1649//1500 1641//1500 1642//1500
f 1648//1501 1649//1501 1642//1501
f 1648//1502 1642//1502 1643//1502
f 1647//1503 1648//1503 1643//1503
f 1647//1504 1643//1504 1644//1504
f 1646//1505 1647//1505 1644//1505
f 1646//1506 1644//1506 1645//1506
f 1676//1507 1677//1507 1660//1507
f 1676//1508 1660//1508 1661//1508
f 1630//1509 1631//1509 1614//1509
f 1630//1510 1614//1510 1615//1510
f 1675//1511 1676//1511 1661//1511
f 1629//1512 1630//1512 1615//1512
f 1675//1513 1661//1513 1662//1513
f 1629//1514 1615//1514 1616//1514
f 1674//1515 1675//1515 1662//1515
f 1628//1516 1629//1516 1616//1516
f 1674//1517 1662//1517 1663//1517
f 1628//1518 1616//1518 1617//1518
f 1673//1519 1674//1519 1663//1519
f 1627//1520 1628//1520 1617//1520
f 1673//1521 1663//1521 1664//1521
f 1627//1522 1617//1522 1618//1522
f 1672//1523 1673//1523 1664//1523
f 1672//1524 1664//1524 1665//1524
f 1626//1525 1627//1525 1618//1525
f 1626//1526 1618//1526 1619//1526
f 1671//1527 1672//1527 1665//1527
f 1671//1528 1665//1528 1666//1528
f 1625//1529 1626//1529 1619//1529
f 1625//1530 1619//1530 1620//1530
f 1670//1531 1671//1531 1666//1531
f 1624//1532 1625//1532 1620//1532
f 1670//1533 1666//1533 1667//1533
f 1624//1534 1620//1534 1621//1534
f 1669//1535 1670//1535 1667//1535
f 1623//1536 1624//1536 1621//1536
f 1669//1537 1667//1537 1668//1537
f 1623//1538 1621//1538 1622//1538
f 1782//1539 1783//1539 1784//1539
f 1782//1540 1784//1540 1785//1540
f 1781//1541 1782//1541 1785//1541
f 1781//1542 1785//1542 1786//1542
f 1780//1543 1781//1543 1786//1543
f 1780//1544 1786//1544 1787//1544
f 1779//1545 1780//1545 1787//1545
f 1779//1546 1787//1546 1788//1546
f 1778//1547 1779//1547 1788//1547
f 1778//1548 1788//1548 1789//1548
f 1778//1549 1789//1549 1790//1549
f 1777//1550 1778//1550 1790//1550
f 1777//1551 1790//1551 1791//1551
f 1776//1552 1777//1552 1791//1552
f 1776//1553 1791//1553 1792//1553
f 1775//1554 1776//1554 1792//1554
f 1774//1555 1775//1555 1713//1555
f 1713//1556 1775//1556 1712//1556
f 1712//1557 1775//1557 1711//1557
f 1711//1558 1775//1558 1792//1558
f 1711//1559 1792//1559 1710//1559
f 1710//1560 1792//1560 1701//1560
f 1710//1561 1701//1561 1702//1561
f 1710//1562 1702//1562 1703//1562
f 1710//1563 1703//1563 1704//1563
f 1710//1564 1704//1564 1705//1564
f 1710//1565 1705//1565 1706//1565
f 1710//1566 1706//1566 1707//1566
f 1710//1567 1707//1567 1708//1567
f 1710//1568 1708//1568 1709//1568
f 1774//1569 1713//1569 1714//1569
f 1774//1570 1714//1570 1715//1570
f 1774//1571 1715//1571 1716//1571
f 1774//1572 1716//1572 1717//1572
f 1774//1573 1717//1573 1718//1573
f 1774//1574 1718//1574 1719//1574
f 1774//1575 1719//1575 1741//1575
f 1741//1576 1719//1576 1740//1576
f 1740//1577 1719//1577 1739//1577
f 1739//1578 1719//1578 1720//1578
f 1739//1579 1720//1579 1721//1579
f 1739//1580 1721//1580 1722//1580
f 1739//1581 1722//1581 1723//1581
f 1739//1582 1723//1582 1724//1582
f 1739//1583 1724//1583 1725//1583
f 1739//1584 1725//1584 1726//1584
f 1739//1585 1726//1585 1727//1585
f 1739//1586 1727//1586 1728//1586
f 1739//1587 1728//1587 1738//1587
f 1738//1588 1728//1588 1729//1588
f 1738//1589 1729//1589 1730//1589
f 1738//1590 1730//1590 1731//1590
f 1738//1591 1731//1591 1732//1591
f 1738//1592 1732//1592 1733//1592
f 1738//1593 1733//1593 1734//1593
f 1738//1594 1734//1594 1735//1594
f 1738//1595 1735//1595 1736//1595
f 1738//1596 1736//1596 1737//1596
f 1774//1597 1741//1597 1742//1597
f 1774//1598 1742//1598 1743//1598
f 1774//1599 1743//1599 1744//1599
f 1774//1600 1744//1600 1745//1600
f 1774//1601 1745//1601 1746//1601
f 1774//1602 1746//1602 1747//1602
f 1774//1603 1747//1603 1748//1603
f 1774//1604 1748//1604 1749//1604
f 1774//1605 1749//1605 1750//1605
f 1774//1606 1750//1606 1751//1606
f 1774//1607 1751//1607 1752//1607
f 1774//1608 1752//1608 1753//1608
f 1774//1609 1753//1609 1754//1609
f 1774//1610 1754//1610 1755//1610
f 1774//1611 1755//1611 1756//1611
f 1774//1612 1756//1612 1757//1612
f 1773//1613 1774//1613 1757//1613
f 1773//1614 1757//1614 1758//1614
f 1772//1615 1773//1615 1758//1615
f 1772//1616 1758//1616 1759//1616
f 1771//1617 1772//1617 1759//1617
f 1771//1618 1759//1618 1760//1618
f 1770//1619 1771//1619 1760//1619
f 1770//1620 1760//1620 1761//1620
f 1769//1621 1770//1621 1761//1621
f 1769//1622 1761//1622 1762//1622
f 1768//1623 1769//1623 1762//1623
f 1768//1624 1762//1624 1763//1624
f 1767//1625 1768//1625 1763//1625
f 1767//1626 1763//1626 1764//1626
f 1766//1627 1767//1627 1764//1627
f 1766//1628 1764//1628 1765//1628
f 1809//1629 1810//1629 1811//1629
f 1809//1630 1811//1630 1812//1630
f 1808//1631 1809//1631 1812//1631
f 1807//1632 1808//1632 1812//1632
f 1807//1633 1812//1633 1813//1633
f 1806//1634 1807//1634 1813//1634
f 1805//1635 1806//1635 1813//1635
f 1804//1636 1805//1636 1813//1636
f 1804//1637 1813//1637 1814//1637
f 1803//1638 1804//1638 1814//1638
f 1802//1639 1803//1639 1814//1639
f 1801//1640 1802//1640 1863//1640
f 1863//1641 1802//1641 1862//1641
f 1862//1642 1802//1642 1861//1642
f 1861//1643 1802//1643 1814//1643
f 1861//1644 1814//1644 1815//1644
f 1861//1645 1815//1645 1816//1645
f 1861//1646 1816//1646 1817//1646
f 1861//1647 1817//1647 1860//1647
f 1860//1648 1817//1648 1818//1648
f 1860//1649 1818//1649 1819//1649
f 1860//1650 1819//1650 1859//1650
f 1859//1651 1819//1651 1858//1651
f 1858//1652 1819//1652 1820//1652
f 1857//1653 1858//1653 1820//1653
f 1801//1654 1863//1654 1864//1654
f 1801//1655 1864//1655 1837//1655
f 1856//1656 1857//1656 1820//1656
f 1855//1657 1856//1657 1820//1657
f 1855//1658 1820//1658 1821//1658
f 1854//1659 1855//1659 1821//1659
f 1854//1660 1821//1660 1822//1660
f 1853//1661 1854//1661 1822//1661
f 1852//1662 1853//1662 1822//1662
f 1852//1663 1822//1663 1823//1663
f 1851//1664 1852//1664 1823//1664
f 1851//1665 1823//1665 1824//1665
f 1850//1666 1851//1666 1824//1666
f 1849//1667 1850//1667 1824//1667
f 1849//1668 1824//1668 1825//1668
f 1848//1669 1849//1669 1825//1669
f 1848//1670 1825//1670 1826//1670
f 1847//1671 1848//1671 1826//1671
f 1846//1672 1847//1672 1826//1672
f 1846//1673 1826//1673 1827//1673
f 1845//1674 1846//1674 1827//1674
f 1845//1675 1827//1675 1828//1675
f 1844//1676 1845//1676 1828//1676
f 1843//1677 1844//1677 1828//1677
f 1801//1678 1837//1678 1838//1678
f 1801//1679 1838//1679 1839//1679
f 1842//1680 1843//1680 1828//1680
f 1801//1681 1839//1681 1840//1681
f 1801//1682 1840//1682 1841//1682
f 1801//1683 1841//1683 1842//1683
f 1801//1684 1842//1684 1828//1684
f 1801//1685 1828//1685 1829//1685
f 1801//1686 1829//1686 1830//1686
f 1801//1687 1830//1687 1831//1687
f 1801//1688 1831//1688 1832//1688
f 1801//1689 1832//1689 1833//1689
f 1801//1690 1833//1690 1834//1690
f 1800//1691 1801//1691 1834//1691
f 1799//1692 1800//1692 1834//1692
f 1798//1693 1799//1693 1834//1693
f 1798//1694 1834//1694 1835//1694
f 1797//1695 1798//1695 1835//1695
f 1796//1696 1797//1696 1835//1696
f 1795//1697 1796//1697 1835//1697
f 1795//1698 1835//1698 1836//1698
f 1794//1699 1795//1699 1836//1699
f 1793//1700 1794//1700 1836//1700
f 1868//1701 1865//1701 1866//1701
f 1870//1702 1867//1702 1868//1702
f 1872//1703 1869//1703 1870//1703
f 1874//1704 1871//1704 1872//1704
f 1876//1705 1873//1705 1874//1705
f 1878//1706 1875//1706 1876//1706
f 1880//1707 1877//1707 1878//1707
f 1882//1708 1879//1708 1880//1708
f 1884//1709 1881//1709 1882//1709
f 1886//1710 1883//1710 1884//1710
f 1888//1711 1885//1711 1886//1711
f 1890//1712 1887//1712 1888//1712
f 1892//1713 1889//1713 1890//1713
f 1894//1714 1891//1714 1892//1714
f 1896//1715 1893//1715 1894//1715
f 1898//1716 1895//1716 1896//1716
f 1900//1717 1897//1717 1898//1717
f 1902//1718 1899//1718 1900//1718
f 1904//1719 1901//1719 1902//1719
f 1906//1720 1903//1720 1904//1720
f 1908//1721 1905//1721 1906//1721
f 1910//1722 1907//1722 1908//1722
f 1912//1723 1909//1723 1910//1723
f 1914//1724 1911//1724 1912//1724
f 1916//1725 1913//1725 1914//1725
f 1918//1726 1915//1726 1916//1726
f 1920//1727 1917//1727 1918//1727
f 1922//1728 1919//1728 1920//1728
f 1924//1729 1921//1729 1922//1729
f 1926//1730 1923//1730 1924//1730
f 1928//1731 1925//1731 1926//1731
f 1930//1732 1927//1732 1928//1732
f 1932//1733 1929//1733 1930//1733
f 1934//1734 1931//1734 1932//1734
f 1936//1735 1933//1735 1934//1735
f 1938//1736 1935//1736 1936//1736
f 1940//1737 1937//1737 1938//1737
f 1942//1738 1939//1738 1940//1738
f 1944//1739 1941//1739 1942//1739
f 1946//1740 1943//1740 1944//1740
f 1948//1741 1945//1741 1946//1741
f 1950//1742 1947//1742 1948//1742
f 1952//1743 1949//1743 1950//1743
f 1866//1744 1951//1744 1952//1744
f 1956//1745 1953//1745 1954//1745
f 1958//1746 1955//1746 1956//1746
f 1960//1747 1957//1747 1958//1747
f 1962//1748 1959//1748 1960//1748
f 1964//1749 1961//1749 1962//1749
f 1966//1750 1963//1750 1964//1750
f 1968//1751 1965//1751 1966//1751
f 1970//1752 1967//1752 1968//1752
f 1972//1753 1969//1753 1970//1753
f 1974//1754 1971//1754 1972//1754
f 1976//1755 1973//1755 1974//1755
f 1978//1756 1975//1756 1976//1756
f 1980//1757 1977//1757 1978//1757
f 1982//1758 1979//1758 1980//1758
f 1984//1759 1981//1759 1982//1759
f 1986//1760 1983//1760 1984//1760
f 1988//1761 1985//1761 1986//1761
f 1990//1762 1987//1762 1988//1762
f 1992//1763 1989//1763 1990//1763
f 1994//1764 1991//1764 1992//1764
f 1996//1765 1993//1765 1994//1765
f 1998//1766 1995//1766 1996//1766
f 2000//1767 1997//1767 1998//1767
f 2002//1768 1999//1768 2000//1768
f 2004//1769 2001//1769 2002//1769
f 2006//1770 2003//1770 2004//1770
f 2008//1771 2005//1771 2006//1771
f 1954//1772 2007//1772 2008//1772
f 2012//1773 2009//1773 2010//1773
f 2014//1774 2011//1774 2012//1774
f 2016//1775 2013//1775 2014//1775
f 2018//1776 2015//1776 2016//1776
f 2020//1777 2017//1777 2018//1777
f 2022//1778 2019//1778 2020//1778
f 2024//1779 2021//1779 2022//1779
f 2026//1780 2023//1780 2024//1780
f 2028//1781 2025//1781 2026//1781
f 2030//1782 2027//1782 2028//1782
f 2032//1783 2029//1783 2030//1783
f 2034//1784 2031//1784 2032//1784
f 2036//1785 2033//1785 2034//1785
f 2038//1786 2035//1786 2036//1786
f 2040//1787 2037//1787 2038//1787
f 2042//1788 2039//1788 2040//1788
f 2044//1789 2041//1789 2042//1789
f 2046//1790 2043//1790 2044//1790
f 2048//1791 2045//1791 2046//1791
f 2050//1792 2047//1792 2048//1792
f 2052//1793 2049//1793 2050//1793
f 2054//1794 2051//1794 2052//1794
f 2056//1795 2053//1795 2054//1795
f 2058//1796 2055//1796 2056//1796
f 2060//1797 2057//1797 2058//1797
f 2062//1798 2059//1798 2060//1798
f 2064//1799 2061//1799 2062//1799
f 2066//1800 2063//1800 2064//1800
f 2068//1801 2065//1801 2066//1801
f 2070//1802 2067//1802 2068//1802
f 2072//1803 2069//1803 2070//1803
f 2074//1804 2071//1804 2072//1804
f 2076//1805 2073//1805 2074//1805
f 2078//1806 2075//1806 2076//1806
f 2080//1807 2077//1807 2078//1807
f 2082//1808 2079//1808 2080//1808
f 2084//1809 2081//1809 2082//1809
f 2086//1810 2083//1810 2084//1810
f 2088//1811 2085//1811 2086//1811
f 2090//1812 2087//1812 2088//1812
f 2092//1813 2089//1813 2090//1813
f 2094//1814 2091//1814 2092//1814
f 2096//1815 2093//1815 2094//1815
f 2098//1816 2095//1816 2096//1816
f 2100//1817 2097//1817 2098//1817
f 2102//1818 2099//1818 2100//1818
f 2104//1819 2101//1819 2102//1819
f 2106//1820 2103//1820 2104//1820
f 2108//1821 2105//1821 2106//1821
f 2110//1822 2107//1822 2108//1822
f 2112//1823 2109//1823 2110//1823
f 2114//1824 2111//1824 2112//1824
f 2116//1825 2113//1825 2114//1825
f 2118//1826 2115//1826 2116//1826
f 2120//1827 2117//1827 2118//1827
f 2122//1828 2119//1828 2120//1828
f 2124//1829 2121//1829 2122//1829
f 2126//1830 2123//1830 2124//1830
f 2128//1831 2125//1831 2126//1831
f 2130//1832 2127//1832 2128//1832
f 2132//1833 2129//1833 2130//1833
f 2134//1834 2131//1834 2132//1834
f 2136//1835 2133//1835 2134//1835
f 2138//1836 2135//1836 2136//1836
f 2140//1837 2137//1837 2138//1837
f 2142//1838 2139//1838 2140//1838
f 2144//1839 2141//1839 2142//1839
f 2146//1840 2143//1840 2144//1840
f 2148//1841 2145//1841 2146//1841
f 2150//1842 2147//1842 2148//1842
f 2152//1843 2149//1843 2150//1843
f 2154//1844 2151//1844 2152//1844
f 2156//1845 2153//1845 2154//1845
f 2158//1846 2155//1846 2156//1846
f 2160//1847 2157//1847 2158//1847
f 2162//1848 2159//1848 2160//1848
f 2164//1849 2161//1849 2162//1849
f 2166//1850 2163//1850 2164//1850
f 2168//1851 2165//1851 2166//1851
f 2170//1852 2167//1852 2168//1852
f 2172//1853 2169//1853 2170//1853
f 2174//1854 2171//1854 2172//1854
f 2176//1855 2173//1855 2174//1855
f 2178//1856 2175//1856 2176//1856
f 2180//1857 2177//1857 2178//1857
f 2182//1858 2179//1858 2180//1858
f 2184//1859 2181//1859 2182//1859
f 2186//1860 2183//1860 2184//1860
f 2188//1861 2185//1861 2186//1861
f 2190//1862 2187//1862 2188//1862
f 2192//1863 2189//1863 2190//1863
f 2010//1864 2191//1864 2192//1864
f 2196//1865 2193//1865 2194//1865
f 2198//1866 2195//1866 2196//1866
f 2200//1867 2197//1867 2198//1867
f 2202//1868 2199//1868 2200//1868
f 2204//1869 2201//1869 2202//1869
f 2206//1870 2203//1870 2204//1870
f 2208//1871 2205//1871 2206//1871
f 2210//1872 2207//1872 2208//1872
f 2212//1873 2209//1873 2210//1873
f 2214//1874 2211//1874 2212//1874
f 2216//1875 2213//1875 2214//1875
f 2218//1876 2215//1876 2216//1876
f 2220//1877 2217//1877 2218//1877
f 2222//1878 2219//1878 2220//1878
f 2224//1879 2221//1879 2222//1879
f 2226//1880 2223//1880 2224//1880
f 2228//1881 2225//1881 2226//1881
f 2230//1882 2227//1882 2228//1882
f 2232//1883 2229//1883 2230//1883
f 2234//1884 2231//1884 2232//1884
f 2236//1885 2233//1885 2234//1885
f 2238//1886 2235//1886 2236//1886
f 2240//1887 2237//1887 2238//1887
f 2242//1888 2239//1888 2240//1888
f 2244//1889 2241//1889 2242//1889
f 2246//1890 2243//1890 2244//1890
f 2248//1891 2245//1891 2246//1891
f 2250//1892 2247//1892 2248//1892
f 2252//1893 2249//1893 2250//1893
f 2254//1894 2251//1894 2252//1894
f 2256//1895 2253//1895 2254//1895
f 2258//1896 2255//1896 2256//1896
f 2260//1897 2257//1897 2258//1897
f 2262//1898 2259//1898 2260//1898
f 2264//1899 2261//1899 2262//1899
f 2266//1900 2263//1900 2264//1900
f 2268//1901 2265//1901 2266//1901
f 2270//1902 2267//1902 2268//1902
f 2272//1903 2269//1903 2270//1903
f 2274//1904 2271//1904 2272//1904
f 2276//1905 2273//1905 2274//1905
f 2278//1906 2275//1906 2276//1906
f 2280//1907 2277//1907 2278//1907
f 2282//1908 2279//1908 2280//1908
f 2284//1909 2281//1909 2282//1909
f 2286//1910 2283//1910 2284//1910
f 2288//1911 2285//1911 2286//1911
f 2290//1912 2287//1912 2288//1912
f 2292//1913 2289//1913 2290//1913
f 2294//1914 2291//1914 2292//1914
f 2296//1915 2293//1915 2294//1915
f 2298//1916 2295//1916 2296//1916
f 2300//1917 2297//1917 2298//1917
f 2302//1918 2299//1918 2300//1918
f 2304//1919 2301//1919 2302//1919
f 2306//1920 2303//1920 2304//1920
f 2308//1921 2305//1921 2306//1921
f 2310//1922 2307//1922 2308//1922
f 2312//1923 2309//1923 2310//1923
f 2314//1924 2311//1924 2312//1924
f 2316//1925 2313//1925 2314//1925
f 2318//1926 2315//1926 2316//1926
f 2320//1927 2317//1927 2318//1927
f 2322//1928 2319//1928 2320//1928
f 2324//1929 2321//1929 2322//1929
f 2326//1930 2323//1930 2324//1930
f 2328//1931 2325//1931 2326//1931
f 2330//1932 2327//1932 2328//1932
f 2332//1933 2329//1933 2330//1933
f 2334//1934 2331//1934 2332//1934
f 2336//1935 2333//1935 2334//1935
f 2338//1936 2335//1936 2336//1936
f 2340//1937 2337//1937 2338//1937
f 2342//1938 2339//1938 2340//1938
f 2344//1939 2341//1939 2342//1939
f 2346//1940 2343//1940 2344//1940
f 2348//1941 2345//1941 2346//1941
f 2350//1942 2347//1942 2348//1942
f 2352//1943 2349//1943 2350//1943
f 2354//1944 2351//1944 2352//1944
f 2356//1945 2353//1945 2354//1945
f 2358//1946 2355//1946 2356//1946
f 2360//1947 2357//1947 2358//1947
f 2362//1948 2359//1948 2360//1948
f 2364//1949 2361//1949 2362//1949
f 2366//1950 2363//1950 2364//1950
f 2368//1951 2365//1951 2366//1951
f 2370//1952 2367//1952 2368//1952
f 2372//1953 2369//1953 2370//1953
f 2374//1954 2371//1954 2372//1954
f 2376//1955 2373//1955 2374//1955
f 2378//1956 2375//1956 2376//1956
f 2380//1957 2377//1957 2378//1957
f 2382//1958 2379//1958 2380//1958
f 2384//1959 2381//1959 2382//1959
f 2386//1960 2383//1960 2384//1960
f 2388//1961 2385//1961 2386//1961
f 2390//1962 2387//1962 2388//1962
f 2392//1963 2389//1963 2390//1963
f 2394//1964 2391//1964 2392//1964
f 2194//1965 2393//1965 2394//1965
f 2398//1966 2395//1966 2396//1966
f 2400//1967 2397//1967 2398//1967
f 2402//1968 2399//1968 2400//1968
f 2404//1969 2401//1969 2402//1969
f 2406//1970 2403//1970 2404//1970
f 2408//1971 2405//1971 2406//1971
f 2410//1972 2407//1972 2408//1972
f 2412//1973 2409//1973 2410//1973
f 2414//1974 2411//1974 2412//1974
f 2416//1975 2413//1975 2414//1975
f 2418//1976 2415//1976 2416//1976
f 2420//1977 2417//1977 2418//1977
f 2422//1978 2419//1978 2420//1978
f 2424//1979 2421//1979 2422//1979
f 2426//1980 2423//1980 2424//1980
f 2428//1981 2425//1981 2426//1981
f 2430//1982 2427//1982 2428//1982
f 2432//1983 2429//1983 2430//1983
f 2434//1984 2431//1984 2432//1984
f 2436//1985 2433//1985 2434//1985
f 2438//1986 2435//1986 2436//1986
f 2440//1987 2437//1987 2438//1987
f 2442//1988 2439//1988 2440//1988
f 2444//1989 2441//1989 2442//1989
f 2446//1990 2443//1990 2444//1990
f 2448//1991 2445//1991 2446//1991
f 2450//1992 2447//1992 2448//1992
f 2452//1993 2449//1993 2450//1993
f 2454//1994 2451//1994 2452//1994
f 2456//1995 2453//1995 2454//1995
f 2458//1996 2455//1996 2456//1996
f 2460//1997 2457//1997 2458//1997
f 2462//1998 2459//1998 2460//1998
f 2464//1999 2461//1999 2462//1999
f 2466//2000 2463//2000 2464//2000
f 2396//2001 2465//2001 2466//2001
f 2470//2002 2467//2002 2468//2002
f 2472//2003 2469//2003 2470//2003
f 2474//2004 2471//2004 2472//2004
f 2476//2005 2473//2005 2474//2005
f 2478//2006 2475//2006 2476//2006
f 2480//2007 2477//2007 2478//2007
f 2482//2008 2479//2008 2480//2008
f 2484//2009 2481//2009 2482//2009
f 2486//2010 2483//2010 2484//2010
f 2488//2011 2485//2011 2486//2011
f 2490//2012 2487//2012 2488//2012
f 2492//2013 2489//2013 2490//2013
f 2494//2014 2491//2014 2492//2014
f 2496//2015 2493//2015 2494//2015
f 2498//2016 2495//2016 2496//2016
f 2500//2017 2497//2017 2498//2017
f 2502//2018 2499//2018 2500//2018
f 2504//2019 2501//2019 2502//2019
f 2506//2020 2503//2020 2504//2020
f 2508//2021 2505//2021 2506//2021
f 2510//2022 2507//2022 2508//2022
f 2512//2023 2509//2023 2510//2023
f 2514//2024 2511//2024 2512//2024
f 2516//2025 2513//2025 2514//2025
f 2518//2026 2515//2026 2516//2026
f 2520//2027 2517//2027 2518//2027
f 2522//2028 2519//2028 2520//2028
f 2524//2029 2521//2029 2522//2029
f 2526//2030 2523//2030 2524//2030
f 2528//2031 2525//2031 2526//2031
f 2530//2032 2527//2032 2528//2032
f 2532//2033 2529//2033 2530//2033
f 2534//2034 2531//2034 2532//2034
f 2536//2035 2533//2035 2534//2035
f 2538//2036 2535//2036 2536//2036
f 2540//2037 2537//2037 2538//2037
f 2542//2038 2539//2038 2540//2038
f 2544//2039 2541//2039 2542//2039
f 2546//2040 2543//2040 2544//2040
f 2548//2041 2545//2041 2546//2041
f 2550//2042 2547//2042 2548//2042
f 2552//2043 2549//2043 2550//2043
f 2554//2044 2551//2044 2552//2044
f 2556//2045 2553//2045 2554//2045
f 2558//2046 2555//2046 2556//2046
f 2560//2047 2557//2047 2558//2047
f 2562//2048 2559//2048 2560//2048
f 2564//2049 2561//2049 2562//2049
f 2566//2050 2563//2050 2564//2050
f 2568//2051 2565//2051 2566//2051
f 2570//2052 2567//2052 2568//2052
f 2572//2053 2569//2053 2570//2053
f 2574//2054 2571//2054 2572//2054
f 2576//2055 2573//2055 2574//2055
f 2578//2056 2575//2056 2576//2056
f 2580//2057 2577//2057 2578//2057
f 2582//2058 2579//2058 2580//2058
f 2584//2059 2581//2059 2582//2059
f 2586//2060 2583//2060 2584//2060
f 2588//2061 2585//2061 2586//2061
f 2590//2062 2587//2062 2588//2062
f 2592//2063 2589//2063 2590//2063
f 2594//2064 2591//2064 2592//2064
f 2596//2065 2593//2065 2594//2065
f 2598//2066 2595//2066 2596//2066
f 2600//2067 2597//2067 2598//2067
f 2602//2068 2599//2068 2600//2068
f 2604//2069 2601//2069 2602//2069
f 2606//2070 2603//2070 2604//2070
f 2608//2071 2605//2071 2606//2071
f 2610//2072 2607//2072 2608//2072
f 2612//2073 2609//2073 2610//2073
f 2614//2074 2611//2074 2612//2074
f 2616//2075 2613//2075 2614//2075
f 2618//2076 2615//2076 2616//2076
f 2620//2077 2617//2077 2618//2077
f 2622//2078 2619//2078 2620//2078
f 2624//2079 2621//2079 2622//2079
f 2626//2080 2623//2080 2624//2080
f 2628//2081 2625//2081 2626//2081
f 2630//2082 2627//2082 2628//2082
f 2468//2083 2629//2083 2630//2083
f 2634//2084 2631//2084 2632//2084
f 2636//2085 2633//2085 2634//2085
f 2638//2086 2635//2086 2636//2086
f 2640//2087 2637//2087 2638//2087
f 2642//2088 2639//2088 2640//2088
f 2644//2089 2641//2089 2642//2089
f 2646//2090 2643//2090 2644//2090
f 2648//2091 2645//2091 2646//2091
f 2650//2092 2647//2092 2648//2092
f 2652//2093 2649//2093 2650//2093
f 2654//2094 2651//2094 2652//2094
f 2656//2095 2653//2095 2654//2095
f 2658//2096 2655//2096 2656//2096
f 2660//2097 2657//2097 2658//2097
f 2662//2098 2659//2098 2660//2098
f 2664//2099 2661//2099 2662//2099
f 2666//2100 2663//2100 2664//2100
f 2668//2101 2665//2101 2666//2101
f 2670//2102 2667//2102 2668//2102
f 2672//2103 2669//2103 2670//2103
f 2674//2104 2671//2104 2672//2104
f 2676//2105 2673//2105 2674//2105
f 2678//2106 2675//2106 2676//2106
f 2680//2107 2677//2107 2678//2107
f 2682//2108 2679//2108 2680//2108
f 2684//2109 2681//2109 2682//2109
f 2686//2110 2683//2110 2684//2110
f 2688//2111 2685//2111 2686//2111
f 2690//2112 2687//2112 2688//2112
f 2692//2113 2689//2113 2690//2113
f 2694//2114 2691//2114 2692//2114
f 2696//2115 2693//2115 2694//2115
f 2698//2116 2695//2116 2696//2116
f 2700//2117 2697//2117 2698//2117
f 2702//2118 2699//2118 2700//2118
f 2704//2119 2701//2119 2702//2119
f 2706//2120 2703//2120 2704//2120
f 2708//2121 2705//2121 2706//2121
f 2710//2122 2707//2122 2708//2122
f 2712//2123 2709//2123 2710//2123
f 2714//2124 2711//2124 2712//2124
f 2716//2125 2713//2125 2714//2125
f 2718//2126 2715//2126 2716//2126
f 2720//2127 2717//2127 2718//2127
f 2722//2128 2719//2128 2720//2128
f 2724//2129 2721//2129 2722//2129
f 2726//2130 2723//2130 2724//2130
f 2728//2131 2725//2131 2726//2131
f 2730//2132 2727//2132 2728//2132
f 2732//2133 2729//2133 2730//2133
f 2734//2134 2731//2134 2732//2134
f 2736//2135 2733//2135 2734//2135
f 2738//2136 2735//2136 2736//2136
f 2740//2137 2737//2137 2738//2137
f 2742//2138 2739//2138 2740//2138
f 2744//2139 2741//2139 2742//2139
f 2746//2140 2743//2140 2744//2140
f 2748//2141 2745//2141 2746//2141
f 2750//2142 2747//2142 2748//2142
f 2752//2143 2749//2143 2750//2143
f 2754//2144 2751//2144 2752//2144
f 2756//2145 2753//2145 2754//2145
f 2758//2146 2755//2146 2756//2146
f 2760//2147 2757//2147 2758//2147
f 2762//2148 2759//2148 2760//2148
f 2764//2149 2761//2149 2762//2149
f 2766//2150 2763//2150 2764//2150
f 2768//2151 2765//2151 2766//2151
f 2770//2152 2767//2152 2768//2152
f 2772//2153 2769//2153 2770//2153
f 2774//2154 2771//2154 2772//2154
f 2776//2155 2773//2155 2774//2155
f 2778//2156 2775//2156 2776//2156
f 2780//2157 2777//2157 2778//2157
f 2782//2158 2779//2158 2780//2158
f 2784//2159 2781//2159 2782//2159
f 2786//2160 2783//2160 2784//2160
f 2788//2161 2785//2161 2786//2161
f 2790//2162 2787//2162 2788//2162
f 2792//2163 2789//2163 2790//2163
f 2794//2164 2791//2164 2792//2164
f 2796//2165 2793//2165 2794//2165
f 2798//2166 2795//2166 2796//2166
f 2800//2167 2797//2167 2798//2167
f 2802//2168 2799//2168 2800//2168
f 2804//2169 2801//2169 2802//2169
f 2806//2170 2803//2170 2804//2170
f 2808//2171 2805//2171 2806//2171
f 2810//2172 2807//2172 2808//2172
f 2812//2173 2809//2173 2810//2173
f 2814//2174 2811//2174 2812//2174
f 2632//2175 2813//2175 2814//2175
f 2818//2176 2815//2176 2816//2176
f 2820//2177 2817//2177 2818//2177
f 2822//2178 2819//2178 2820//2178
f 2824//2179 2821//2179 2822//2179
f 2826//2180 2823//2180 2824//2180
f 2828//2181 2825//2181 2826//2181
f 2830//2182 2827//2182 2828//2182
f 2832//2183 2829//2183 2830//2183
f 2834//2184 2831//2184 2832//2184
f 2836//2185 2833//2185 2834//2185
f 2838//2186 2835//2186 2836//2186
f 2840//2187 2837//2187 2838//2187
f 2842//2188 2839//2188 2840//2188
f 2844//2189 2841//2189 2842//2189
f 2846//2190 2843//2190 2844//2190
f 2848//2191 2845//2191 2846//2191
f 2850//2192 2847//2192 2848//2192
f 2852//2193 2849//2193 2850//2193
f 2854//2194 2851//2194 2852//2194
f 2856//2195 2853//2195 2854//2195
f 2858//2196 2855//2196 2856//2196
f 2860//2197 2857//2197 2858//2197
f 2862//2198 2859//2198 2860//2198
f 2864//2199 2861//2199 2862//2199
f 2866//2200 2863//2200 2864//2200
f 2868//2201 2865//2201 2866//2201
f 2870//2202 2867//2202 2868//2202
f 2872//2203 2869//2203 2870//2203
f 2874//2204 2871//2204 2872//2204
f 2876//2205 2873//2205 2874//2205
f 2878//2206 2875//2206 2876//2206
f 2880//2207 2877//2207 2878//2207
f 2882//2208 2879//2208 2880//2208
f 2884//2209 2881//2209 2882//2209
f 2886//2210 2883//2210 2884//2210
f 2888//2211 2885//2211 2886//2211
f 2890//2212 2887//2212 2888//2212
f 2892//2213 2889//2213 2890//2213
f 2894//2214 2891//2214 2892//2214
f 2896//2215 2893//2215 2894//2215
f 2898//2216 2895//2216 2896//2216
f 2900//2217 2897//2217 2898//2217
f 2902//2218 2899//2218 2900//2218
f 2904//2219 2901//2219 2902//2219
f 2906//2220 2903//2220 2904//2220
f 2908//2221 2905//2221 2906//2221
f 2910//2222 2907//2222 2908//2222
f 2912//2223 2909//2223 2910//2223
f 2914//2224 2911//2224 2912//2224
f 2916//2225 2913//2225 2914//2225
f 2918//2226 2915//2226 2916//2226
f 2920//2227 2917//2227 2918//2227
f 2922//2228 2919//2228 2920//2228
f 2924//2229 2921//2229 2922//2229
f 2926//2230 2923//2230 2924//2230
f 2928//2231 2925//2231 2926//2231
f 2930//2232 2927//2232 2928//2232
f 2932//2233 2929//2233 2930//2233
f 2934//2234 2931//2234 2932//2234
f 2936//2235 2933//2235 2934//2235
f 2938//2236 2935//2236 2936//2236
f 2940//2237 2937//2237 2938//2237
f 2942//2238 2939//2238 2940//2238
f 2944//2239 2941//2239 2942//2239
f 2946//2240 2943//2240 2944//2240
f 2948//2241 2945//2241 2946//2241
f 2950//2242 2947//2242 2948//2242
f 2952//2243 2949//2243 2950//2243
f 2954//2244 2951//2244 2952//2244
f 2956//2245 2953//2245 2954//2245
f 2958//2246 2955//2246 2956//2246
f 2960//2247 2957//2247 2958//2247
f 2962//2248 2959//2248 2960//2248
f 2964//2249 2961//2249 2962//2249
f 2966//2250 2963//2250 2964//2250
f 2968//2251 2965//2251 2966//2251
f 2970//2252 2967//2252 2968//2252
f 2816//2253 2969//2253 2970//2253
f 2974//2254 2971//2254 2972//2254
f 2976//2255 2973//2255 2974//2255
f 2978//2256 2975//2256 2976//2256
f 2980//2257 2977//2257 2978//2257
f 2982//2258 2979//2258 2980//2258
f 2984//2259 2981//2259 2982//2259
f 2986//2260 2983//2260 2984//2260
f 2988//2261 2985//2261 2986//2261
f 2990//2262 2987//2262 2988//2262
f 2992//2263 2989//2263 2990//2263
f 2994//2264 2991//2264 2992//2264
f 2996//2265 2993//2265 2994//2265
f 2998//2266 2995//2266 2996//2266
f 3000//2267 2997//2267 2998//2267
f 3002//2268 2999//2268 3000//2268
f 3004//2269 3001//2269 3002//2269
f 3006//2270 3003//2270 3004//2270
f 3008//2271 3005//2271 3006//2271
f 3010//2272 3007//2272 3008//2272
f 3012//2273 3009//2273 3010//2273
f 3014//2274 3011//2274 3012//2274
f 3016//2275 3013//2275 3014//2275
f 3018//2276 3015//2276 3016//2276
f 3020//2277 3017//2277 3018//2277
f 3022//2278 3019//2278 3020//2278
f 3024//2279 3021//2279 3022//2279
f 3026//2280 3023//2280 3024//2280
f 3028//2281 3025//2281 3026//2281
f 3030//2282 3027//2282 3028//2282
f 3032//2283 3029//2283 3030//2283
f 3034//2284 3031//2284 3032//2284
f 3036//2285 3033//2285 3034//2285
f 3038//2286 3035//2286 3036//2286
f 3040//2287 3037//2287 3038//2287
f 3042//2288 3039//2288 3040//2288
f 3044//2289 3041//2289 3042//2289
f 3046//2290 3043//2290 3044//2290
f 3048//2291 3045//2291 3046//2291
f 3050//2292 3047//2292 3048//2292
f 3052//2293 3049//2293 3050//2293
f 3054//2294 3051//2294 3052//2294
f 3056//2295 3053//2295 3054//2295
f 3058//2296 3055//2296 3056//2296
f 3060//2297 3057//2297 3058//2297
f 3062//2298 3059//2298 3060//2298
f 3064//2299 3061//2299 3062//2299
f 3066//2300 3063//2300 3064//2300
f 3068//2301 3065//2301 3066//2301
f 3070//2302 3067//2302 3068//2302
f 3072//2303 3069//2303 3070//2303
f 3074//2304 3071//2304 3072//2304
f 3076//2305 3073//2305 3074//2305
f 3078//2306 3075//2306 3076//2306
f 3080//2307 3077//2307 3078//2307
f 3082//2308 3079//2308 3080//2308
f 3084//2309 3081//2309 3082//2309
f 3086//2310 3083//2310 3084//2310
f 3088//2311 3085//2311 3086//2311
f 3090//2312 3087//2312 3088//2312
f 3092//2313 3089//2313 3090//2313
f 3094//2314 3091//2314 3092//2314
f 3096//2315 3093//2315 3094//2315
f 3098//2316 3095//2316 3096//2316
f 3100//2317 3097//2317 3098//2317
f 3102//2318 3099//2318 3100//2318
f 3104//2319 3101//2319 3102//2319
f 3106//2320 3103//2320 3104//2320
f 3108//2321 3105//2321 3106//2321
f 3110//2322 3107//2322 3108//2322
f 3112//2323 3109//2323 3110//2323
f 3114//2324 3111//2324 3112//2324
f 3116//2325 3113//2325 3114//2325
f 3118//2326 3115//2326 3116//2326
f 3120//2327 3117//2327 3118//2327
f 3122//2328 3119//2328 3120//2328
f 3124//2329 3121//2329 3122//2329
f 3126//2330 3123//2330 3124//2330
f 3128//2331 3125//2331 3126//2331
f 3130//2332 3127//2332 3128//2332
f 2972//2333 3129//2333 3130//2333
f 3134//2334 3131//2334 3132//2334
f 3136//2335 3133//2335 3134//2335
f 3138//2336 3135//2336 3136//2336
f 3140//2337 3137//2337 3138//2337
f 3142//2338 3139//2338 3140//2338
f 3144//2339 3141//2339 3142//2339
f 3146//2340 3143//2340 3144//2340
f 3148//2341 3145//2341 3146//2341
f 3150//2342 3147//2342 3148//2342
f 3152//2343 3149//2343 3150//2343
f 3154//2344 3151//2344 3152//2344
f 3156//2345 3153//2345 3154//2345
f 3158//2346 3155//2346 3156//2346
f 3160//2347 3157//2347 3158//2347
f 3162//2348 3159//2348 3160//2348
f 3164//2349 3161//2349 3162//2349
f 3166//2350 3163//2350 3164//2350
f 3168//2351 3165//2351 3166//2351
f 3170//2352 3167//2352 3168//2352
f 3172//2353 3169//2353 3170//2353
f 3174//2354 3171//2354 3172//2354
f 3176//2355 3173//2355 3174//2355
f 3178//2356 3175//2356 3176//2356
f 3180//2357 3177//2357 3178//2357
f 3182//2358 3179//2358 3180//2358
f 3184//2359 3181//2359 3182//2359
f 3132//2360 3183//2360 3184//2360
f 3191//2361 3190//2361 3189//2361
f 3203//2362 3204//2362 3207//2362
f 3186//2363 3197//2363 3185//2363
f 3187//2364 3198//2364 3186//2364
f 3187//2365 3200//2365 3199//2365
f 3189//2366 3200//2366 3188//2366
f 3190//2367 3201//2367 3189//2367
f 3191//2368 3202//2368 3190//2368
f 3192//2369 3203//2369 3191//2369
f 3193//2370 3204//2370 3192//2370
f 3194//2371 3205//2371 3193//2371
f 3195//2372 3206//2372 3194//2372
f 3196//2373 3207//2373 3195//2373
f 3185//2374 3208//2374 3196//2374
f 3213//2375 3211//2375 3209//2375
f 3217//2376 3218//2376 3219//2376
f 3210//2377 3215//2377 3209//2377
f 3211//2378 3216//2378 3210//2378
f 3212//2379 3217//2379 3211//2379
f 3213//2380 3218//2380 3212//2380
f 3214//2381 3219//2381 3213//2381
f 3209//2382 3220//2382 3214//2382
f 3223//2383 3221//2383 3224//2383
f 3226//2384 3228//2384 3225//2384
f 3222//2385 3225//2385 3221//2385
f 3223//2386 3226//2386 3222//2386
f 3224//2387 3227//2387 3223//2387
f 3221//2388 3228//2388 3224//2388
f 3231//2389 3229//2389 3232//2389
f 3233//2390 3235//2390 3236//2390
f 3230//2391 3233//2391 3229//2391
f 3231//2392 3234//2392 3230//2392
f 3232//2393 3235//2393 3231//2393
f 3229//2394 3236//2394 3232//2394
f 3239//2395 3237//2395 3240//2395
f 3241//2396 3243//2396 3244//2396
f 3238//2397 3241//2397 3237//2397
f 3239//2398 3242//2398 3238//2398
f 3240//2399 3243//2399 3239//2399
f 3237//2400 3244//2400 3240//2400
f 276//2401 275//2401 273//2401
f 278//2402 277//2402 275//2402
f 280//2403 279//2403 277//2403
f 282//2404 281//2404 279//2404
f 284//2405 283//2405 281//2405
f 286//2406 285//2406 283//2406
f 288//2407 287//2407 285//2407
f 290//2408 289//2408 287//2408
f 292//2409 291//2409 289//2409
f 294//2410 293//2410 291//2410
f 296//2411 295//2411 293//2411
f 298//2412 297//2412 295//2412
f 300//2413 299//2413 297//2413
f 302//2414 301//2414 299//2414
f 304//2415 303//2415 301//2415
f 306//2416 305//2416 303//2416
f 308//2417 307//2417 305//2417
f 310//2418 309//2418 307//2418
f 312//2419 311//2419 309//2419
f 314//2420 313//2420 311//2420
f 316//2421 315//2421 313//2421
f 318//2422 317//2422 315//2422
f 320//2423 319//2423 317//2423
f 322//2424 321//2424 319//2424
f 324//2425 323//2425 321//2425
f 326//2426 325//2426 323//2426
f 328//2427 327//2427 325//2427
f 330//2428 329//2428 327//2428
f 332//2429 331//2429 329//2429
f 334//2430 333//2430 331//2430
f 336//2431 335//2431 333//2431
f 338//2432 337//2432 335//2432
f 340//2433 339//2433 337//2433
f 342//2434 341//2434 339//2434
f 344//2435 343//2435 341//2435
f 346//2436 345//2436 343//2436
f 348//2437 347//2437 345//2437
f 350//2438 349//2438 347//2438
f 352//2439 351//2439 349//2439
f 354//2440 353//2440 351//2440
f 356//2441 355//2441 353//2441
f 358//2442 357//2442 355//2442
f 360//2443 359//2443 357//2443
f 362//2444 361//2444 359//2444
f 364//2445 363//2445 361//2445
f 366//2446 365//2446 363//2446
f 368//2447 367//2447 365//2447
f 370//2448 369//2448 367//2448
f 372//2449 371//2449 369//2449
f 374//2450 373//2450 371//2450
f 376//2451 375//2451 373//2451
f 378//2452 377//2452 375//2452
f 380//2453 379//2453 377//2453
f 382//2454 381//2454 379//2454
f 384//2455 383//2455 381//2455
f 386//2456 385//2456 383//2456
f 388//2457 387//2457 385//2457
f 390//2458 389//2458 387//2458
f 392//2459 391//2459 389//2459
f 394//2460 393//2460 391//2460
f 396//2461 395//2461 393//2461
f 398//2462 397//2462 395//2462
f 400//2463 399//2463 397//2463
f 402//2464 401//2464 399//2464
f 404//2465 403//2465 401//2465
f 406//2466 405//2466 403//2466
f 408//2467 407//2467 405//2467
f 410//2468 409//2468 407//2468
f 412//2469 411//2469 409//2469
f 414//2470 413//2470 411//2470
f 416//2471 415//2471 413//2471
f 418//2472 417//2472 415//2472
f 420//2473 419//2473 417//2473
f 422//2474 421//2474 419//2474
f 424//2475 423//2475 421//2475
f 426//2476 425//2476 423//2476
f 428//2477 427//2477 425//2477
f 430//2478 429//2478 427//2478
f 432//2479 431//2479 429//2479
f 434//2480 433//2480 431//2480
f 436//2481 435//2481 433//2481
f 438//2482 437//2482 435//2482
f 440//2483 439//2483 437//2483
f 442//2484 441//2484 439//2484
f 444//2485 443//2485 441//2485
f 446//2486 445//2486 443//2486
f 448//2487 447//2487 445//2487
f 450//2488 449//2488 447//2488
f 452//2489 451//2489 449//2489
f 454//2490 453//2490 451//2490
f 456//2491 455//2491 453//2491
f 458//2492 457//2492 455//2492
f 460//2493 459//2493 457//2493
f 462//2494 461//2494 459//2494
f 464//2495 463//2495 461//2495
f 466//2496 465//2496 463//2496
f 468//2497 467//2497 465//2497
f 470//2498 469//2498 467//2498
f 472//2499 471//2499 469//2499
f 474//2500 473//2500 471//2500
f 476//2501 475//2501 473//2501
f 478//2502 477//2502 475//2502
f 480//2503 479//2503 477//2503
f 482//2504 481//2504 479//2504
f 484//2505 483//2505 481//2505
f 486//2506 485//2506 483//2506
f 488//2507 487//2507 485//2507
f 490//2508 489//2508 487//2508
f 492//2509 491//2509 489//2509
f 494//2510 493//2510 491//2510
f 496//2511 495//2511 493//2511
f 498//2512 497//2512 495//2512
f 500//2513 499//2513 497//2513
f 502//2514 501//2514 499//2514
f 504//2515 503//2515 501//2515
f 506//2516 505//2516 503//2516
f 508//2517 507//2517 505//2517
f 510//2518 509//2518 507//2518
f 512//2519 511//2519 509//2519
f 514//2520 513//2520 511//2520
f 516//2521 515//2521 513//2521
f 518//2522 517//2522 515//2522
f 520//2523 519//2523 517//2523
f 522//2524 521//2524 519//2524
f 524//2525 523//2525 521//2525
f 526//2526 525//2526 523//2526
f 528//2527 527//2527 525//2527
f 530//2528 529//2528 527//2528
f 532//2529 531//2529 529//2529
f 534//2530 533//2530 531//2530
f 536//2531 535//2531 533//2531
f 538//2532 537//2532 535//2532
f 540//2533 539//2533 537//2533
f 542//2534 541//2534 539//2534
f 544//2535 543//2535 541//2535
f 274//2536 273//2536 543//2536
f 1868//2537 1867//2537 1865//2537
f 1870//2538 1869//2538 1867//2538
f 1872//2539 1871//2539 1869//2539
f 1874//2540 1873//2540 1871//2540
f 1876//2541 1875//2541 1873//2541
f 1878//2542 1877//2542 1875//2542
f 1880//2543 1879//2543 1877//2543
f 1882//2544 1881//2544 1879//2544
f 1884//2545 1883//2545 1881//2545
f 1886//2546 1885//2546 1883//2546
f 1888//2547 1887//2547 1885//2547
f 1890//2548 1889//2548 1887//2548
f 1892//2549 1891//2549 1889//2549
f 1894//2550 1893//2550 1891//2550
f 1896//2551 1895//2551 1893//2551
f 1898//2552 1897//2552 1895//2552
f 1900//2553 1899//2553 1897//2553
f 1902//2554 1901//2554 1899//2554
f 1904//2555 1903//2555 1901//2555
f 1906//2556 1905//2556 1903//2556
f 1908//2557 1907//2557 1905//2557
f 1910//2558 1909//2558 1907//2558
f 1912//2559 1911//2559 1909//2559
f 1914//2560 1913//2560 1911//2560
f 1916//2561 1915//2561 1913//2561
f 1918//2562 1917//2562 1915//2562
f 1920//2563 1919//2563 1917//2563
f 1922//2564 1921//2564 1919//2564
f 1924//2565 1923//2565 1921//2565
f 1926//2566 1925//2566 1923//2566
f 1928//2567 1927//2567 1925//2567
f 1930//2568 1929//2568 1927//2568
f 1932//2569 1931//2569 1929//2569
f 1934//2570 1933//2570 1931//2570
f 1936//2571 1935//2571 1933//2571
f 1938//2572 1937//2572 1935//2572
f 1940//2573 1939//2573 1937//2573
f 1942//2574 1941//2574 1939//2574
f 1944//2575 1943//2575 1941//2575
f 1946//2576 1945//2576 1943//2576
f 1948//2577 1947//2577 1945//2577
f 1950//2578 1949//2578 1947//2578
f 1952//2579 1951//2579 1949//2579
f 1866//2580 1865//2580 1951//2580
f 1956//2581 1955//2581 1953//2581
f 1958//2582 1957//2582 1955//2582
f 1960//2583 1959//2583 1957//2583
f 1962//2584 1961//2584 1959//2584
f 1964//2585 1963//2585 1961//2585
f 1966//2586 1965//2586 1963//2586
f 1968//2587 1967//2587 1965//2587
f 1970//2588 1969//2588 1967//2588
f 1972//2589 1971//2589 1969//2589
f 1974//2590 1973//2590 1971//2590
f 1976//2591 1975//2591 1973//2591
f 1978//2592 1977//2592 1975//2592
f 1980//2593 1979//2593 1977//2593
f 1982//2594 1981//2594 1979//2594
f 1984//2595 1983//2595 1981//2595
f 1986//2596 1985//2596 1983//2596
f 1988//2597 1987//2597 1985//2597
f 1990//2598 1989//2598 1987//2598
f 1992//2599 1991//2599 1989//2599
f 1994//2600 1993//2600 1991//2600
f 1996//2601 1995//2601 1993//2601
f 1998//2602 1997//2602 1995//2602
f 2000//2603 1999//2603 1997//2603
f 2002//2604 2001//2604 1999//2604
f 2004//2605 2003//2605 2001//2605
f 2006//2606 2005//2606 2003//2606
f 2008//2607 2007//2607 2005//2607
f 1954//2608 1953//2608 2007//2608
f 2012//2609 2011//2609 2009//2609
f 2014//2610 2013//2610 2011//2610
f 2016//2611 2015//2611 2013//2611
f 2018//2612 2017//2612 2015//2612
f 2020//2613 2019//2613 2017//2613
f 2022//2614 2021//2614 2019//2614
f 2024//2615 2023//2615 2021//2615
f 2026//2616 2025//2616 2023//2616
f 2028//2617 2027//2617 2025//2617
f 2030//2618 2029//2618 2027//2618
f 2032//2619 2031//2619 2029//2619
f 2034//2620 2033//2620 2031//2620
f 2036//2621 2035//2621 2033//2621
f 2038//2622 2037//2622 2035//2622
f 2040//2623 2039//2623 2037//2623
f 2042//2624 2041//2624 2039//2624
f 2044//2625 2043//2625 2041//2625
f 2046//2626 2045//2626 2043//2626
f 2048//2627 2047//2627 2045//2627
f 2050//2628 2049//2628 2047//2628
f 2052//2629 2051//2629 2049//2629
f 2054//2630 2053//2630 2051//2630
f 2056//2631 2055//2631 2053//2631
f 2058//2632 2057//2632 2055//2632
f 2060//2633 2059//2633 2057//2633
f 2062//2634 2061//2634 2059//2634
f 2064//2635 2063//2635 2061//2635
f 2066//2636 2065//2636 2063//2636
f 2068//2637 2067//2637 2065//2637
f 2070//2638 2069//2638 2067//2638
f 2072//2639 2071//2639 2069//2639
f 2074//2640 2073//2640 2071//2640
f 2076//2641 2075//2641 2073//2641
f 2078//2642 2077//2642 2075//2642
f 2080//2643 2079//2643 2077//2643
f 2082//2644 2081//2644 2079//2644
f 2084//2645 2083//2645 2081//2645
f 2086//2646 2085//2646 2083//2646
f 2088//2647 2087//2647 2085//2647
f 2090//2648 2089//2648 2087//2648
f 2092//2649 2091//2649 2089//2649
f 2094//2650 2093//2650 2091//2650
f 2096//2651 2095//2651 2093//2651
f 2098//2652 2097//2652 2095//2652
f 2100//2653 2099//2653 2097//2653
f 2102//2654 2101//2654 2099//2654
f 2104//2655 2103//2655 2101//2655
f 2106//2656 2105//2656 2103//2656
f 2108//2657 2107//2657 2105//2657
f 2110//2658 2109//2658 2107//2658
f 2112//2659 2111//2659 2109//2659
f 2114//2660 2113//2660 2111//2660
f 2116//2661 2115//2661 2113//2661
f 2118//2662 2117//2662 2115//2662
f 2120//2663 2119//2663 2117//2663
f 2122//2664 2121//2664 2119//2664
f 2124//2665 2123//2665 2121//2665
f 2126//2666 2125//2666 2123//2666
f 2128//2667 2127//2667 2125//2667
f 2130//2668 2129//2668 2127//2668
f 2132//2669 2131//2669 2129//2669
f 2134//2670 2133//2670 2131//2670
f 2136//2671 2135//2671 2133//2671
f 2138//2672 2137//2672 2135//2672
f 2140//2673 2139//2673 2137//2673
f 2142//2674 2141//2674 2139//2674
f 2144//2675 2143//2675 2141//2675
f 2146//2676 2145//2676 2143//2676
f 2148//2677 2147//2677 2145//2677
f 2150//2678 2149//2678 2147//2678
f 2152//2679 2151//2679 2149//2679
f 2154//2680 2153//2680 2151//2680
f 2156//2681 2155//2681 2153//2681
f 2158//2682 2157//2682 2155//2682
f 2160//2683 2159//2683 2157//2683
f 2162//2684 2161//2684 2159//2684
f 2164//2685 2163//2685 2161//2685
f 2166//2686 2165//2686 2163//2686
f 2168//2687 2167//2687 2165//2687
f 2170//2688 2169//2688 2167//2688
f 2172//2689 2171//2689 2169//2689
f 2174//2690 2173//2690 2171//2690
f 2176//2691 2175//2691 2173//2691
f 2178//2692 2177//2692 2175//2692
f 2180//2693 2179//2693 2177//2693
f 2182//2694 2181//2694 2179//2694
f 2184//2695 2183//2695 2181//2695
f 2186//2696 2185//2696 2183//2696
f 2188//2697 2187//2697 2185//2697
f 2190//2698 2189//2698 2187//2698
f 2192//2699 2191//2699 2189//2699
f 2010//2700 2009//2700 2191//2700
f 2196//2701 2195//2701 2193//2701
f 2198//2702 2197//2702 2195//2702
f 2200//2703 2199//2703 2197//2703
f 2202//2704 2201//2704 2199//2704
f 2204//2705 2203//2705 2201//2705
f 2206//2706 2205//2706 2203//2706
f 2208//2707 2207//2707 2205//2707
f 2210//2708 2209//2708 2207//2708
f 2212//2709 2211//2709 2209//2709
f 2214//2710 2213//2710 2211//2710
f 2216//2711 2215//2711 2213//2711
f 2218//2712 2217//2712 2215//2712
f 2220//2713 2219//2713 2217//2713
f 2222//2714 2221//2714 2219//2714
f 2224//2715 2223//2715 2221//2715
f 2226//2716 2225//2716 2223//2716
f 2228//2717 2227//2717 2225//2717
f 2230//2718 2229//2718 2227//2718
f 2232//2719 2231//2719 2229//2719
f 2234//2720 2233//2720 2231//2720
f 2236//2721 2235//2721 2233//2721
f 2238//2722 2237//2722 2235//2722
f 2240//2723 2239//2723 2237//2723
f 2242//2724 2241//2724 2239//2724
f 2244//2725 2243//2725 2241//2725
f 2246//2726 2245//2726 2243//2726
f 2248//2727 2247//2727 2245//2727
f 2250//2728 2249//2728 2247//2728
f 2252//2729 2251//2729 2249//2729
f 2254//2730 2253//2730 2251//2730
f 2256//2731 2255//2731 2253//2731
f 2258//2732 2257//2732 2255//2732
f 2260//2733 2259//2733 2257//2733
f 2262//2734 2261//2734 2259//2734
f 2264//2735 2263//2735 2261//2735
f 2266//2736 2265//2736 2263//2736
f 2268//2737 2267//2737 2265//2737
f 2270//2738 2269//2738 2267//2738
f 2272//2739 2271//2739 2269//2739
f 2274//2740 2273//2740 2271//2740
f 2276//2741 2275//2741 2273//2741
f 2278//2742 2277//2742 2275//2742
f 2280//2743 2279//2743 2277//2743
f 2282//2744 2281//2744 2279//2744
f 2284//2745 2283//2745 2281//2745
f 2286//2746 2285//2746 2283//2746
f 2288//2747 2287//2747 2285//2747
f 2290//2748 2289//2748 2287//2748
f 2292//2749 2291//2749 2289//2749
f 2294//2750 2293//2750 2291//2750
f 2296//2751 2295//2751 2293//2751
f 2298//2752 2297//2752 2295//2752
f 2300//2753 2299//2753 2297//2753
f 2302//2754 2301//2754 2299//2754
f 2304//2755 2303//2755 2301//2755
f 2306//2756 2305//2756 2303//2756
f 2308//2757 2307//2757 2305//2757
f 2310//2758 2309//2758 2307//2758
f 2312//2759 2311//2759 2309//2759
f 2314//2760 2313//2760 2311//2760
f 2316//2761 2315//2761 2313//2761
f 2318//2762 2317//2762 2315//2762
f 2320//2763 2319//2763 2317//2763
f 2322//2764 2321//2764 2319//2764
f 2324//2765 2323//2765 2321//2765
f 2326//2766 2325//2766 2323//2766
f 2328//2767 2327//2767 2325//2767
f 2330//2768 2329//2768 2327//2768
f 2332//2769 2331//2769 2329//2769
f 2334//2770 2333//2770 2331//2770
f 2336//2771 2335//2771 2333//2771
f 2338//2772 2337//2772 2335//2772
f 2340//2773 2339//2773 2337//2773
f 2342//2774 2341//2774 2339//2774
f 2344//2775 2343//2775 2341//2775
f 2346//2776 2345//2776 2343//2776
f 2348//2777 2347//2777 2345//2777
f 2350//2778 2349//2778 2347//2778
f 2352//2779 2351//2779 2349//2779
f 2354//2780 2353//2780 2351//2780
f 2356//2781 2355//2781 2353//2781
f 2358//2782 2357//2782 2355//2782
f 2360//2783 2359//2783 2357//2783
f 2362//2784 2361//2784 2359//2784
f 2364//2785 2363//2785 2361//2785
f 2366//2786 2365//2786 2363//2786
f 2368//2787 2367//2787 2365//2787
f 2370//2788 2369//2788 2367//2788
f 2372//2789 2371//2789 2369//2789
f 2374//2790 2373//2790 2371//2790
f 2376//2791 2375//2791 2373//2791
f 2378//2792 2377//2792 2375//2792
f 2380//2793 2379//2793 2377//2793
f 2382//2794 2381//2794 2379//2794
f 2384//2795 2383//2795 2381//2795
f 2386//2796 2385//2796 2383//2796
f 2388//2797 2387//2797 2385//2797
f 2390//2798 2389//2798 2387//2798
f 2392//2799 2391//2799 2389//2799
f 2394//2800 2393//2800 2391//2800
f 2194//2801 2193//2801 2393//2801
f 2398//2802 2397//2802 2395//2802
f 2400//2803 2399//2803 2397//2803
f 2402//2804 2401//2804 2399//2804
f 2404//2805 2403//2805 2401//2805
f 2406//2806 2405//2806 2403//2806
f 2408//2807 2407//2807 2405//2807
f 2410//2808 2409//2808 2407//2808
f 2412//2809 2411//2809 2409//2809
f 2414//2810 2413//2810 2411//2810
f 2416//2811 2415//2811 2413//2811
f 2418//2812 2417//2812 2415//2812
f 2420//2813 2419//2813 2417//2813
f 2422//2814 2421//2814 2419//2814
f 2424//2815 2423//2815 2421//2815
f 2426//2816 2425//2816 2423//2816
f 2428//2817 2427//2817 2425//2817
f 2430//2818 2429//2818 2427//2818
f 2432//2819 2431//2819 2429//2819
f 2434//2820 2433//2820 2431//2820
f 2436//2821 2435//2821 2433//2821
f 2438//2822 2437//2822 2435//2822
f 2440//2823 2439//2823 2437//2823
f 2442//2824 2441//2824 2439//2824
f 2444//2825 2443//2825 2441//2825
f 2446//2826 2445//2826 2443//2826
f 2448//2827 2447//2827 2445//2827
f 2450//2828 2449//2828 2447//2828
f 2452//2829 2451//2829 2449//2829
f 2454//2830 2453//2830 2451//2830
f 2456//2831 2455//2831 2453//2831
f 2458//2832 2457//2832 2455//2832
f 2460//2833 2459//2833 2457//2833
f 2462//2834 2461//2834 2459//2834
f 2464//2835 2463//2835 2461//2835
f 2466//2836 2465//2836 2463//2836
f 2396//2837 2395//2837 2465//2837
f 2470//2838 2469//2838 2467//2838
f 2472//2839 2471//2839 2469//2839
f 2474//2840 2473//2840 2471//2840
f 2476//2841 2475//2841 2473//2841
f 2478//2842 2477//2842 2475//2842
f 2480//2843 2479//2843 2477//2843
f 2482//2844 2481//2844 2479//2844
f 2484//2845 2483//2845 2481//2845
f 2486//2846 2485//2846 2483//2846
f 2488//2847 2487//2847 2485//2847
f 2490//2848 2489//2848 2487//2848
f 2492//2849 2491//2849 2489//2849
f 2494//2850 2493//2850 2491//2850
f 2496//2851 2495//2851 2493//2851
f 2498//2852 2497//2852 2495//2852
f 2500//2853 2499//2853 2497//2853
f 2502//2854 2501//2854 2499//2854
f 2504//2855 2503//2855 2501//2855
f 2506//2856 2505//2856 2503//2856
f 2508//2857 2507//2857 2505//2857
f 2510//2858 2509//2858 2507//2858
f 2512//2859 2511//2859 2509//2859
f 2514//2860 2513//2860 2511//2860
f 2516//2861 2515//2861 2513//2861
f 2518//2862 2517//2862 2515//2862
f 2520//2863 2519//2863 2517//2863
f 2522//2864 2521//2864 2519//2864
f 2524//2865 2523//2865 2521//2865
f 2526//2866 2525//2866 2523//2866
f 2528//2867 2527//2867 2525//2867
f 2530//2868 2529//2868 2527//2868
f 2532//2869 2531//2869 2529//2869
f 2534//2870 2533//2870 2531//2870
f 2536//2871 2535//2871 2533//2871
f 2538//2872 2537//2872 2535//2872
f 2540//2873 2539//2873 2537//2873
f 2542//2874 2541//2874 2539//2874
f 2544//2875 2543//2875 2541//2875
f 2546//2876 2545//2876 2543//2876
f 2548//2877 2547//2877 2545//2877
f 2550//2878 2549//2878 2547//2878
f 2552//2879 2551//2879 2549//2879
f 2554//2880 2553//2880 2551//2880
f 2556//2881 2555//2881 2553//2881
f 2558//2882 2557//2882 2555//2882
f 2560//2883 2559//2883 2557//2883
f 2562//2884 2561//2884 2559//2884
f 2564//2885 2563//2885 2561//2885
f 2566//2886 2565//2886 2563//2886
f 2568//2887 2567//2887 2565//2887
f 2570//2888 2569//2888 2567//2888
f 2572//2889 2571//2889 2569//2889
f 2574//2890 2573//2890 2571//2890
f 2576//2891 2575//2891 2573//2891
f 2578//2892 2577//2892 2575//2892
f 2580//2893 2579//2893 2577//2893
f 2582//2894 2581//2894 2579//2894
f 2584//2895 2583//2895 2581//2895
f 2586//2896 2585//2896 2583//2896
f 2588//2897 2587//2897 2585//2897
f 2590//2898 2589//2898 2587//2898
f 2592//2899 2591//2899 2589//2899
f 2594//2900 2593//2900 2591//2900
f 2596//2901 2595//2901 2593//2901
f 2598//2902 2597//2902 2595//2902
f 2600//2903 2599//2903 2597//2903
f 2602//2904 2601//2904 2599//2904
f 2604//2905 2603//2905 2601//2905
f 2606//2906 2605//2906 2603//2906
f 2608//2907 2607//2907 2605//2907
f 2610//2908 2609//2908 2607//2908
f 2612//2909 2611//2909 2609//2909
f 2614//2910 2613//2910 2611//2910
f 2616//2911 2615//2911 2613//2911
f 2618//2912 2617//2912 2615//2912
f 2620//2913 2619//2913 2617//2913
f 2622//2914 2621//2914 2619//2914
f 2624//2915 2623//2915 2621//2915
f 2626//2916 2625//2916 2623//2916
f 2628//2917 2627//2917 2625//2917
f 2630//2918 2629//2918 2627//2918
f 2468//2919 2467//2919 2629//2919
f 2634//2920 2633//2920 2631//2920
f 2636//2921 2635//2921 2633//2921
f 2638//2922 2637//2922 2635//2922
f 2640//2923 2639//2923 2637//2923
f 2642//2924 2641//2924 2639//2924
f 2644//2925 2643//2925 2641//2925
f 2646//2926 2645//2926 2643//2926
f 2648//2927 2647//2927 2645//2927
f 2650//2928 2649//2928 2647//2928
f 2652//2929 2651//2929 2649//2929
f 2654//2930 2653//2930 2651//2930
f 2656//2931 2655//2931 2653//2931
f 2658//2932 2657//2932 2655//2932
f 2660//2933 2659//2933 2657//2933
f 2662//2934 2661//2934 2659//2934
f 2664//2935 2663//2935 2661//2935
f 2666//2936 2665//2936 2663//2936
f 2668//2937 2667//2937 2665//2937
f 2670//2938 2669//2938 2667//2938
f 2672//2939 2671//2939 2669//2939
f 2674//2940 2673//2940 2671//2940
f 2676//2941 2675//2941 2673//2941
f 2678//2942 2677//2942 2675//2942
f 2680//2943 2679//2943 2677//2943
f 2682//2944 2681//2944 2679//2944
f 2684//2945 2683//2945 2681//2945
f 2686//2946 2685//2946 2683//2946
f 2688//2947 2687//2947 2685//2947
f 2690//2948 2689//2948 2687//2948
f 2692//2949 2691//2949 2689//2949
f 2694//2950 2693//2950 2691//2950
f 2696//2951 2695//2951 2693//2951
f 2698//2952 2697//2952 2695//2952
f 2700//2953 2699//2953 2697//2953
f 2702//2954 2701//2954 2699//2954
f 2704//2955 2703//2955 2701//2955
f 2706//2956 2705//2956 2703//2956
f 2708//2957 2707//2957 2705//2957
f 2710//2958 2709//2958 2707//2958
f 2712//2959 2711//2959 2709//2959
f 2714//2960 2713//2960 2711//2960
f 2716//2961 2715//2961 2713//2961
f 2718//2962 2717//2962 2715//2962
f 2720//2963 2719//2963 2717//2963
f 2722//2964 2721//2964 2719//2964
f 2724//2965 2723//2965 2721//2965
f 2726//2966 2725//2966 2723//2966
f 2728//2967 2727//2967 2725//2967
f 2730//2968 2729//2968 2727//2968
f 2732//2969 2731//2969 2729//2969
f 2734//2970 2733//2970 2731//2970
f 2736//2971 2735//2971 2733//2971
f 2738//2972 2737//2972 2735//2972
f 2740//2973 2739//2973 2737//2973
f 2742//2974 2741//2974 2739//2974
f 2744//2975 2743//2975 2741//2975
f 2746//2976 2745//2976 2743//2976
f 2748//2977 2747//2977 2745//2977
f 2750//2978 2749//2978 2747//2978
f 2752//2979 2751//2979 2749//2979
f 2754//2980 2753//2980 2751//2980
f 2756//2981 2755//2981 2753//2981
f 2758//2982 2757//2982 2755//2982
f 2760//2983 2759//2983 2757//2983
f 2762//2984 2761//2984 2759//2984
f 2764//2985 2763//2985 2761//2985
f 2766//2986 2765//2986 2763//2986
f 2768//2987 2767//2987 2765//2987
f 2770//2988 2769//2988 2767//2988
f 2772//2989 2771//2989 2769//2989
f 2774//2990 2773//2990 2771//2990
f 2776//2991 2775//2991 2773//2991
f 2778//2992 2777//2992 2775//2992
f 2780//2993 2779//2993 2777//2993
f 2782//2994 2781//2994 2779//2994
f 2784//2995 2783//2995 2781//2995
f 2786//2996 2785//2996 2783//2996
f 2788//2997 2787//2997 2785//2997
f 2790//2998 2789//2998 2787//2998
f 2792//2999 2791//2999 2789//2999
f 2794//3000 2793//3000 2791//3000
f 2796//3001 2795//3001 2793//3001
f 2798//3002 2797//3002 2795//3002
f 2800//3003 2799//3003 2797//3003
f 2802//3004 2801//3004 2799//3004
f 2804//3005 2803//3005 2801//3005
f 2806//3006 2805//3006 2803//3006
f 2808//3007 2807//3007 2805//3007
f 2810//3008 2809//3008 2807//3008
f 2812//3009 2811//3009 2809//3009
f 2814//3010 2813//3010 2811//3010
f 2632//3011 2631//3011 2813//3011
f 2818//3012 2817//3012 2815//3012
f 2820//3013 2819//3013 2817//3013
f 2822//3014 2821//3014 2819//3014
f 2824//3015 2823//3015 2821//3015
f 2826//3016 2825//3016 2823//3016
f 2828//3017 2827//3017 2825//3017
f 2830//3018 2829//3018 2827//3018
f 2832//3019 2831//3019 2829//3019
f 2834//3020 2833//3020 2831//3020
f 2836//3021 2835//3021 2833//3021
f 2838//3022 2837//3022 2835//3022
f 2840//3023 2839//3023 2837//3023
f 2842//3024 2841//3024 2839//3024
f 2844//3025 2843//3025 2841//3025
f 2846//3026 2845//3026 2843//3026
f 2848//3027 2847//3027 2845//3027
f 2850//3028 2849//3028 2847//3028
f 2852//3029 2851//3029 2849//3029
f 2854//3030 2853//3030 2851//3030
f 2856//3031 2855//3031 2853//3031
f 2858//3032 2857//3032 2855//3032
f 2860//3033 2859//3033 2857//3033
f 2862//3034 2861//3034 2859//3034
f 2864//3035 2863//3035 2861//3035
f 2866//3036 2865//3036 2863//3036
f 2868//3037 2867//3037 2865//3037
f 2870//3038 2869//3038 2867//3038
f 2872//3039 2871//3039 2869//3039
f 2874//3040 2873//3040 2871//3040
f 2876//3041 2875//3041 2873//3041
f 2878//3042 2877//3042 2875//3042
f 2880//3043 2879//3043 2877//3043
f 2882//3044 2881//3044 2879//3044
f 2884//3045 2883//3045 2881//3045
f 2886//3046 2885//3046 2883//3046
f 2888//3047 2887//3047 2885//3047
f 2890//3048 2889//3048 2887//3048
f 2892//3049 2891//3049 2889//3049
f 2894//3050 2893//3050 2891//3050
f 2896//3051 2895//3051 2893//3051
f 2898//3052 2897//3052 2895//3052
f 2900//3053 2899//3053 2897//3053
f 2902//3054 2901//3054 2899//3054
f 2904//3055 2903//3055 2901//3055
f 2906//3056 2905//3056 2903//3056
f 2908//3057 2907//3057 2905//3057
f 2910//3058 2909//3058 2907//3058
f 2912//3059 2911//3059 2909//3059
f 2914//3060 2913//3060 2911//3060
f 2916//3061 2915//3061 2913//3061
f 2918//3062 2917//3062 2915//3062
f 2920//3063 2919//3063 2917//3063
f 2922//3064 2921//3064 2919//3064
f 2924//3065 2923//3065 2921//3065
f 2926//3066 2925//3066 2923//3066
f 2928//3067 2927//3067 2925//3067
f 2930//3068 2929//3068 2927//3068
f 2932//3069 2931//3069 2929//3069
f 2934//3070 2933//3070 2931//3070
f 2936//3071 2935//3071 2933//3071
f 2938//3072 2937//3072 2935//3072
f 2940//3073 2939//3073 2937//3073
f 2942//3074 2941//3074 2939//3074
f 2944//3075 2943//3075 2941//3075
f 2946//3076 2945//3076 2943//3076
f 2948//3077 2947//3077 2945//3077
f 2950//3078 2949//3078 2947//3078
f 2952//3079 2951//3079 2949//3079
f 2954//3080 2953//3080 2951//3080
f 2956//3081 2955//3081 2953//3081
f 2958//3082 2957//3082 2955//3082
f 2960//3083 2959//3083 2957//3083
f 2962//3084 2961//3084 2959//3084
f 2964//3085 2963//3085 2961//3085
f 2966//3086 2965//3086 2963//3086
f 2968//3087 2967//3087 2965//3087
f 2970//3088 2969//3088 2967//3088
f 2816//3089 2815//3089 2969//3089
f 2974//3090 2973//3090 2971//3090
f 2976//3091 2975//3091 2973//3091
f 2978//3092 2977//3092 2975//3092
f 2980//3093 2979//3093 2977//3093
f 2982//3094 2981//3094 2979//3094
f 2984//3095 2983//3095 2981//3095
f 2986//3096 2985//3096 2983//3096
f 2988//3097 2987//3097 2985//3097
f 2990//3098 2989//3098 2987//3098
f 2992//3099 2991//3099 2989//3099
f 2994//3100 2993//3100 2991//3100
f 2996//3101 2995//3101 2993//3101
f 2998//3102 2997//3102 2995//3102
f 3000//3103 2999//3103 2997//3103
f 3002//3104 3001//3104 2999//3104
f 3004//3105 3003//3105 3001//3105
f 3006//3106 3005//3106 3003//3106
f 3008//3107 3007//3107 3005//3107
f 3010//3108 3009//3108 3007//3108
f 3012//3109 3011//3109 3009//3109
f 3014//3110 3013//3110 3011//3110
f 3016//3111 3015//3111 3013//3111
f 3018//3112 3017//3112 3015//3112
f 3020//3113 3019//3113 3017//3113
f 3022//3114 3021//3114 3019//3114
f 3024//3115 3023//3115 3021//3115
f 3026//3116 3025//3116 3023//3116
f 3028//3117 3027//3117 3025//3117
f 3030//3118 3029//3118 3027//3118
f 3032//3119 3031//3119 3029//3119
f 3034//3120 3033//3120 3031//3120
f 3036//3121 3035//3121 3033//3121
f 3038//3122 3037//3122 3035//3122
f 3040//3123 3039//3123 3037//3123
f 3042//3124 3041//3124 3039//3124
f 3044//3125 3043//3125 3041//3125
f 3046//3126 3045//3126 3043//3126
f 3048//3127 3047//3127 3045//3127
f 3050//3128 3049//3128 3047//3128
f 3052//3129 3051//3129 3049//3129
f 3054//3130 3053//3130 3051//3130
f 3056//3131 3055//3131 3053//3131
f 3058//3132 3057//3132 3055//3132
f 3060//3133 3059//3133 3057//3133
f 3062//3134 3061//3134 3059//3134
f 3064//3135 3063//3135 3061//3135
f 3066//3136 3065//3136 3063//3136
f 3068//3137 3067//3137 3065//3137
f 3070//3138 3069//3138 3067//3138
f 3072//3139 3071//3139 3069//3139
f 3074//3140 3073//3140 3071//3140
f 3076//3141 3075//3141 3073//3141
f 3078//3142 3077//3142 3075//3142
f 3080//3143 3079//3143 3077//3143
f 3082//3144 3081//3144 3079//3144
f 3084//3145 3083//3145 3081//3145
f 3086//3146 3085//3146 3083//3146
f 3088//3147 3087//3147 3085//3147
f 3090//3148 3089//3148 3087//3148
f 3092//3149 3091//3149 3089//3149
f 3094//3150 3093//3150 3091//3150
f 3096//3151 3095//3151 3093//3151
f 3098//3152 3097//3152 3095//3152
f 3100//3153 3099//3153 3097//3153
f 3102//3154 3101//3154 3099//3154
f 3104//3155 3103//3155 3101//3155
f 3106//3156 3105//3156 3103//3156
f 3108//3157 3107//3157 3105//3157
f 3110//3158 3109//3158 3107//3158
f 3112//3159 3111//3159 3109//3159
f 3114//3160 3113//3160 3111//3160
f 3116//3161 3115//3161 3113//3161
f 3118//3162 3117//3162 3115//3162
f 3120//3163 3119//3163 3117//3163
f 3122//3164 3121//3164 3119//3164
f 3124//3165 3123//3165 3121//3165
f 3126//3166 3125//3166 3123//3166
f 3128//3167 3127//3167 3125//3167
f 3130//3168 3129//3168 3127//3168
f 2972//3169 2971//3169 3129//3169
f 3134//3170 3133//3170 3131//3170
f 3136//3171 3135//3171 3133//3171
f 3138//3172 3137//3172 3135//3172
f 3140//3173 3139//3173 3137//3173
f 3142//3174 3141//3174 3139//3174
f 3144//3175 3143//3175 3141//3175
f 3146//3176 3145//3176 3143//3176
f 3148//3177 3147//3177 3145//3177
f 3150//3178 3149//3178 3147//3178
f 3152//3179 3151//3179 3149//3179
f 3154//3180 3153//3180 3151//3180
f 3156//3181 3155//3181 3153//3181
f 3158//3182 3157//3182 3155//3182
f 3160//3183 3159//3183 3157//3183
f 3162//3184 3161//3184 3159//3184
f 3164//3185 3163//3185 3161//3185
f 3166//3186 3165//3186 3163//3186
f 3168//3187 3167//3187 3165//3187
f 3170//3188 3169//3188 3167//3188
f 3172//3189 3171//3189 3169//3189
f 3174//3190 3173//3190 3171//3190
f 3176//3191 3175//3191 3173//3191
f 3178//3192 3177//3192 3175//3192
f 3180//3193 3179//3193 3177//3193
f 3182//3194 3181//3194 3179//3194
f 3184//3195 3183//3195 3181//3195
f 3132//3196 3131//3196 3183//3196
f 3185//3197 3196//3197 3186//3197
f 3196//3198 3195//3198 3191//3198
f 3186//3199 3196//3199 3187//3199
f 3195//3200 3194//3200 3192//3200
f 3194//3201 3193//3201 3192//3201
f 3187//3202 3196//3202 3189//3202
f 3189//3203 3188//3203 3187//3203
f 3189//3204 3196//3204 3191//3204
f 3195//3205 3192//3205 3191//3205
f 3208//3206 3197//3206 3198//3206
f 3199//3207 3200//3207 3201//3207
f 3208//3208 3198//3208 3199//3208
f 3205//3209 3206//3209 3204//3209
f 3206//3210 3207//3210 3204//3210
f 3207//3211 3208//3211 3203//3211
f 3208//3212 3199//3212 3201//3212
f 3203//3213 3208//3213 3201//3213
f 3201//3214 3202//3214 3203//3214
f 3186//3215 3198//3215 3197//3215
f 3187//3216 3199//3216 3198//3216
f 3187//3217 3188//3217 3200//3217
f 3189//3218 3201//3218 3200//3218
f 3190//3219 3202//3219 3201//3219
f 3191//3220 3203//3220 3202//3220
f 3192//3221 3204//3221 3203//3221
f 3193//3222 3205//3222 3204//3222
f 3194//3223 3206//3223 3205//3223
f 3195//3224 3207//3224 3206//3224
f 3196//3225 3208//3225 3207//3225
f 3185//3226 3197//3226 3208//3226
f 3209//3227 3214//3227 3213//3227
f 3213//3228 3212//3228 3211//3228
f 3211//3229 3210//3229 3209//3229
f 3220//3230 3215//3230 3219//3230
f 3215//3231 3216//3231 3217//3231
f 3219//3232 3215//3232 3217//3232
f 3210//3233 3216//3233 3215//3233
f 3211//3234 3217//3234 3216//3234
f 3212//3235 3218//3235 3217//3235
f 3213//3236 3219//3236 3218//3236
f 3214//3237 3220//3237 3219//3237
f 3209//3238 3215//3238 3220//3238
f 3223//3239 3222//3239 3221//3239
f 3226//3240 3227//3240 3228//3240
f 3222//3241 3226//3241 3225//3241
f 3223//3242 3227//3242 3226//3242
f 3224//3243 3228//3243 3227//3243
f 3221//3244 3225//3244 3228//3244
f 3231//3245 3230//3245 3229//3245
f 3233//3246 3234//3246 3235//3246
f 3230//3247 3234//3247 3233//3247
f 3231//3248 3235//3248 3234//3248
f 3232//3249 3236//3249 3235//3249
f 3229//3250 3233//3250 3236//3250
f 3239//3251 3238//3251 3237//3251
f 3241//3252 3242//3252 3243//3252
f 3238//3253 3242//3253 3241//3253
f 3239//3254 3243//3254 3242//3254
f 3240//3255 3244//3255 3243//3255
f 3237//3256 3241//3256 3244//3256
