# Original asset generated in Blender
v -0.012397 0.783639 0.156000
v -0.012545 0.783463 0.156000
v -0.012639 0.783287 0.156000
v -0.012677 0.783112 0.156000
v -0.012661 0.782936 0.156000
v -0.012589 0.782782 0.156000
v -0.012463 0.782672 0.156000
v -0.012281 0.782606 0.156000
v -0.012045 0.782584 0.156000
v 0.038070 0.782584 0.156000
v 0.038493 0.782546 0.156000
v 0.038883 0.782430 0.156000
v 0.039240 0.782238 0.156000
v 0.039564 0.781969 0.156000
v 0.039833 0.781644 0.156000
v 0.040026 0.781287 0.156000
v 0.040141 0.780897 0.156000
v 0.040180 0.780474 0.156000
v 0.040180 0.767110 0.156000
v 0.040141 0.766687 0.156000
v 0.040026 0.766297 0.156000
v 0.039833 0.765940 0.156000
v 0.039564 0.765615 0.156000
v 0.039240 0.765346 0.156000
v 0.038883 0.765154 0.156000
v 0.038493 0.765038 0.156000
v 0.038070 0.765000 0.156000
v -0.037542 0.765000 0.156000
v -0.037965 0.765038 0.156000
v -0.038355 0.765154 0.156000
v -0.038712 0.765346 0.156000
v -0.039037 0.765615 0.156000
v -0.039306 0.765940 0.156000
v -0.039498 0.766297 0.156000
v -0.039614 0.766687 0.156000
v -0.039652 0.767110 0.156000
v -0.039652 0.779771 0.156000
v -0.039586 0.780529 0.156000
v -0.039388 0.781221 0.156000
v -0.039059 0.781848 0.156000
v -0.038597 0.782408 0.156000
v -0.031651 0.789936 0.156000
v -0.024178 0.798278 0.156000
v -0.016177 0.807433 0.156000
v -0.007649 0.817401 0.156000
v 0.000615 0.827072 0.156000
v 0.007693 0.835908 0.156000
v 0.012748 0.843601 0.156000
v 0.015782 0.850151 0.156000
v 0.016793 0.855558 0.156000
v 0.016474 0.858998 0.156000
v 0.015518 0.862108 0.156000
v 0.013924 0.864889 0.156000
v 0.011693 0.867339 0.156000
v 0.008957 0.869340 0.156000
v 0.005847 0.870768 0.156000
v 0.002363 0.871626 0.156000
v -0.001495 0.871911 0.156000
v -0.005347 0.871626 0.156000
v -0.008814 0.870768 0.156000
v -0.011897 0.869340 0.156000
v -0.014595 0.867339 0.156000
v -0.016787 0.864867 0.156000
v -0.018353 0.862020 0.156000
v -0.019293 0.858800 0.156000
v -0.019606 0.855206 0.156000
v -0.019606 0.850635 0.156000
v -0.019645 0.850211 0.156000
v -0.019760 0.849821 0.156000
v -0.019952 0.849464 0.156000
v -0.020222 0.849140 0.156000
v -0.020546 0.848871 0.156000
v -0.020903 0.848678 0.156000
v -0.021293 0.848563 0.156000
v -0.021716 0.848524 0.156000
v -0.038070 0.848524 0.156000
v -0.038493 0.848563 0.156000
v -0.038883 0.848678 0.156000
v -0.039240 0.848871 0.156000
v -0.039564 0.849140 0.156000
v -0.039833 0.849464 0.156000
v -0.040026 0.849821 0.156000
v -0.040141 0.850211 0.156000
v -0.040180 0.850635 0.156000
v -0.040180 0.858196 0.156000
v -0.039707 0.862790 0.156000
v -0.038641 0.867076 0.156000
v -0.036982 0.871054 0.156000
v -0.034729 0.874725 0.156000
v -0.031954 0.878044 0.156000
v -0.028728 0.880967 0.156000
v -0.025052 0.883495 0.156000
v -0.020925 0.885627 0.156000
v -0.016447 0.887319 0.156000
v -0.011715 0.888528 0.156000
v -0.006731 0.889254 0.156000
v -0.001495 0.889495 0.156000
v 0.004209 0.889221 0.156000
v 0.009539 0.888396 0.156000
v 0.014496 0.887023 0.156000
v 0.019079 0.885099 0.156000
v 0.023222 0.882698 0.156000
v 0.026860 0.879890 0.156000
v 0.029992 0.876675 0.156000
v 0.032619 0.873054 0.156000
v 0.034696 0.869114 0.156000
v 0.036179 0.864944 0.156000
v 0.037069 0.860542 0.156000
v 0.037366 0.855910 0.156000
v 0.036410 0.848426 0.156000
v 0.033542 0.840392 0.156000
v 0.028761 0.831809 0.156000
v 0.022068 0.822676 0.156000
v 0.017166 0.816741 0.156000
v 0.010902 0.809488 0.156000
v 0.003275 0.800915 0.156000
v -0.005715 0.791024 0.156000
v -0.012397 0.783639 0.154000
v -0.012545 0.783463 0.154000
v -0.012639 0.783287 0.154000
v -0.012677 0.783112 0.154000
v -0.012661 0.782936 0.154000
v -0.012589 0.782782 0.154000
v -0.012463 0.782672 0.154000
v -0.012281 0.782606 0.154000
v -0.012045 0.782584 0.154000
v 0.038070 0.782584 0.154000
v 0.038493 0.782546 0.154000
v 0.038883 0.782430 0.154000
v 0.039240 0.782238 0.154000
v 0.039564 0.781969 0.154000
v 0.039833 0.781644 0.154000
v 0.040026 0.781287 0.154000
v 0.040141 0.780897 0.154000
v 0.040180 0.780474 0.154000
v 0.040180 0.767110 0.154000
v 0.040141 0.766687 0.154000
v 0.040026 0.766297 0.154000
v 0.039833 0.765940 0.154000
v 0.039564 0.765615 0.154000
v 0.039240 0.765346 0.154000
v 0.038883 0.765154 0.154000
v 0.038493 0.765038 0.154000
v 0.038070 0.765000 0.154000
v -0.037542 0.765000 0.154000
v -0.037965 0.765038 0.154000
v -0.038355 0.765154 0.154000
v -0.038712 0.765346 0.154000
v -0.039037 0.765615 0.154000
v -0.039306 0.765940 0.154000
v -0.039498 0.766297 0.154000
v -0.039614 0.766687 0.154000
v -0.039652 0.767110 0.154000
v -0.039652 0.779771 0.154000
v -0.039586 0.780529 0.154000
v -0.039388 0.781221 0.154000
v -0.039059 0.781848 0.154000
v -0.038597 0.782408 0.154000
v -0.031651 0.789936 0.154000
v -0.024178 0.798278 0.154000
v -0.016177 0.807433 0.154000
v -0.007649 0.817401 0.154000
v 0.000615 0.827072 0.154000
v 0.007693 0.835908 0.154000
v 0.012748 0.843601 0.154000
v 0.015782 0.850151 0.154000
v 0.016793 0.855558 0.154000
v 0.016474 0.858998 0.154000
v 0.015518 0.862108 0.154000
v 0.013924 0.864889 0.154000
v 0.011693 0.867339 0.154000
v 0.008957 0.869340 0.154000
v 0.005847 0.870768 0.154000
v 0.002363 0.871626 0.154000
v -0.001495 0.871911 0.154000
v -0.005347 0.871626 0.154000
v -0.008814 0.870768 0.154000
v -0.011897 0.869340 0.154000
v -0.014595 0.867339 0.154000
v -0.016787 0.864867 0.154000
v -0.018353 0.862020 0.154000
v -0.019293 0.858800 0.154000
v -0.019606 0.855206 0.154000
v -0.019606 0.850635 0.154000
v -0.019645 0.850211 0.154000
v -0.019760 0.849821 0.154000
v -0.019952 0.849464 0.154000
v -0.020222 0.849140 0.154000
v -0.020546 0.848871 0.154000
v -0.020903 0.848678 0.154000
v -0.021293 0.848563 0.154000
v -0.021716 0.848524 0.154000
v -0.038070 0.848524 0.154000
v -0.038493 0.848563 0.154000
v -0.038883 0.848678 0.154000
v -0.039240 0.848871 0.154000
v -0.039564 0.849140 0.154000
v -0.039833 0.849464 0.154000
v -0.040026 0.849821 0.154000
v -0.040141 0.850211 0.154000
v -0.040180 0.850635 0.154000
v -0.040180 0.858196 0.154000
v -0.039707 0.862790 0.154000
v -0.038641 0.867076 0.154000
v -0.036982 0.871054 0.154000
v -0.034729 0.874725 0.154000
v -0.031954 0.878044 0.154000
v -0.028728 0.880967 0.154000
v -0.025052 0.883495 0.154000
v -0.020925 0.885627 0.154000
v -0.016447 0.887319 0.154000
v -0.011715 0.888528 0.154000
v -0.006731 0.889254 0.154000
v -0.001495 0.889495 0.154000
v 0.004209 0.889221 0.154000
v 0.009539 0.888396 0.154000
v 0.014496 0.887023 0.154000
v 0.019079 0.885099 0.154000
v 0.023222 0.882698 0.154000
v 0.026860 0.879890 0.154000
v 0.029992 0.876675 0.154000
v 0.032619 0.873054 0.154000
v 0.034696 0.869114 0.154000
v 0.036179 0.864944 0.154000
v 0.037069 0.860542 0.154000
v 0.037366 0.855910 0.154000
v 0.036410 0.848426 0.154000
v 0.033542 0.840392 0.154000
v 0.028761 0.831809 0.154000
v 0.022068 0.822676 0.154000
v 0.017166 0.816741 0.154000
v 0.010902 0.809488 0.154000
v 0.003275 0.800916 0.154000
v -0.005715 0.791024 0.154000
v -0.012397 0.783639 0.154000
v -0.012397 0.783639 0.156000
v -0.012545 0.783463 0.154000
v -0.012545 0.783463 0.156000
v -0.012639 0.783287 0.154000
v -0.012639 0.783287 0.156000
v -0.012677 0.783112 0.154000
v -0.012677 0.783112 0.156000
v -0.012661 0.782936 0.154000
v -0.012661 0.782936 0.156000
v -0.012589 0.782782 0.154000
v -0.012589 0.782782 0.156000
v -0.012463 0.782672 0.154000
v -0.012463 0.782672 0.156000
v -0.012281 0.782606 0.154000
v -0.012281 0.782606 0.156000
v -0.012045 0.782584 0.154000
v -0.012045 0.782584 0.156000
v 0.038070 0.782584 0.154000
v 0.038070 0.782584 0.156000
v 0.038493 0.782546 0.154000
v 0.038493 0.782546 0.156000
v 0.038883 0.782430 0.154000
v 0.038883 0.782430 0.156000
v 0.039240 0.782238 0.154000
v 0.039240 0.782238 0.156000
v 0.039564 0.781969 0.154000
v 0.039564 0.781969 0.156000
v 0.039833 0.781644 0.154000
v 0.039833 0.781644 0.156000
v 0.040026 0.781287 0.154000
v 0.040026 0.781287 0.156000
v 0.040141 0.780897 0.154000
v 0.040141 0.780897 0.156000
v 0.040180 0.780474 0.154000
v 0.040180 0.780474 0.156000
v 0.040180 0.767110 0.154000
v 0.040180 0.767110 0.156000
v 0.040141 0.766687 0.154000
v 0.040141 0.766687 0.156000
v 0.040026 0.766297 0.154000
v 0.040026 0.766297 0.156000
v 0.039833 0.765940 0.154000
v 0.039833 0.765940 0.156000
v 0.039564 0.765615 0.154000
v 0.039564 0.765615 0.156000
v 0.039240 0.765346 0.154000
v 0.039240 0.765346 0.156000
v 0.038883 0.765154 0.154000
v 0.038883 0.765154 0.156000
v 0.038493 0.765038 0.154000
v 0.038493 0.765038 0.156000
v 0.038070 0.765000 0.154000
v 0.038070 0.765000 0.156000
v -0.037542 0.765000 0.154000
v -0.037542 0.765000 0.156000
v -0.037965 0.765038 0.154000
v -0.037965 0.765038 0.156000
v -0.038355 0.765154 0.154000
v -0.038355 0.765154 0.156000
v -0.038712 0.765346 0.154000
v -0.038712 0.765346 0.156000
v -0.039037 0.765615 0.154000
v -0.039037 0.765615 0.156000
v -0.039306 0.765940 0.154000
v -0.039306 0.765940 0.156000
v -0.039498 0.766297 0.154000
v -0.039498 0.766297 0.156000
v -0.039614 0.766687 0.154000
v -0.039614 0.766687 0.156000
v -0.039652 0.767110 0.154000
v -0.039652 0.767110 0.156000
v -0.039652 0.779771 0.154000
v -0.039652 0.779771 0.156000
v -0.039586 0.780529 0.154000
v -0.039586 0.780529 0.156000
v -0.039388 0.781221 0.154000
v -0.039388 0.781221 0.156000
v -0.039059 0.781848 0.154000
v -0.039059 0.781848 0.156000
v -0.038597 0.782408 0.154000
v -0.038597 0.782408 0.156000
v -0.031651 0.789936 0.154000
v -0.031651 0.789936 0.156000
v -0.024178 0.798278 0.154000
v -0.024178 0.798278 0.156000
v -0.016177 0.807433 0.154000
v -0.016177 0.807433 0.156000
v -0.007649 0.817401 0.154000
v -0.007649 0.817401 0.156000
v 0.000615 0.827072 0.154000
v 0.000615 0.827072 0.156000
v 0.007693 0.835908 0.154000
v 0.007693 0.835908 0.156000
v 0.012748 0.843601 0.154000
v 0.012748 0.843601 0.156000
v 0.015782 0.850151 0.154000
v 0.015782 0.850151 0.156000
v 0.016793 0.855558 0.154000
v 0.016793 0.855558 0.156000
v 0.016474 0.858998 0.154000
v 0.016474 0.858998 0.156000
v 0.015518 0.862108 0.154000
v 0.015518 0.862108 0.156000
v 0.013924 0.864889 0.154000
v 0.013924 0.864889 0.156000
v 0.011693 0.867339 0.154000
v 0.011693 0.867339 0.156000
v 0.008957 0.869340 0.154000
v 0.008957 0.869340 0.156000
v 0.005847 0.870768 0.154000
v 0.005847 0.870768 0.156000
v 0.002363 0.871626 0.154000
v 0.002363 0.871626 0.156000
v -0.001495 0.871911 0.154000
v -0.001495 0.871911 0.156000
v -0.005347 0.871626 0.154000
v -0.005347 0.871626 0.156000
v -0.008814 0.870768 0.154000
v -0.008814 0.870768 0.156000
v -0.011897 0.869340 0.154000
v -0.011897 0.869340 0.156000
v -0.014595 0.867339 0.154000
v -0.014595 0.867339 0.156000
v -0.016787 0.864867 0.154000
v -0.016787 0.864867 0.156000
v -0.018353 0.862020 0.154000
v -0.018353 0.862020 0.156000
v -0.019293 0.858800 0.154000
v -0.019293 0.858800 0.156000
v -0.019606 0.855206 0.154000
v -0.019606 0.855206 0.156000
v -0.019606 0.850635 0.154000
v -0.019606 0.850635 0.156000
v -0.019645 0.850211 0.154000
v -0.019645 0.850211 0.156000
v -0.019760 0.849821 0.154000
v -0.019760 0.849821 0.156000
v -0.019952 0.849464 0.154000
v -0.019952 0.849464 0.156000
v -0.020222 0.849140 0.154000
v -0.020222 0.849140 0.156000
v -0.020546 0.848871 0.154000
v -0.020546 0.848871 0.156000
v -0.020903 0.848678 0.154000
v -0.020903 0.848678 0.156000
v -0.021293 0.848563 0.154000
v -0.021293 0.848563 0.156000
v -0.021716 0.848524 0.154000
v -0.021716 0.848524 0.156000
v -0.038070 0.848524 0.154000
v -0.038070 0.848524 0.156000
v -0.038493 0.848563 0.154000
v -0.038493 0.848563 0.156000
v -0.038883 0.848678 0.154000
v -0.038883 0.848678 0.156000
v -0.039240 0.848871 0.154000
v -0.039240 0.848871 0.156000
v -0.039564 0.849140 0.154000
v -0.039564 0.849140 0.156000
v -0.039833 0.849464 0.154000
v -0.039833 0.849464 0.156000
v -0.040026 0.849821 0.154000
v -0.040026 0.849821 0.156000
v -0.040141 0.850211 0.154000
v -0.040141 0.850211 0.156000
v -0.040180 0.850635 0.154000
v -0.040180 0.850635 0.156000
v -0.040180 0.858196 0.154000
v -0.040180 0.858196 0.156000
v -0.039707 0.862790 0.154000
v -0.039707 0.862790 0.156000
v -0.038641 0.867076 0.154000
v -0.038641 0.867076 0.156000
v -0.036982 0.871054 0.154000
v -0.036982 0.871054 0.156000
v -0.034729 0.874725 0.154000
v -0.034729 0.874725 0.156000
v -0.031954 0.878044 0.154000
v -0.031954 0.878044 0.156000
v -0.028728 0.880967 0.154000
v -0.028728 0.880967 0.156000
v -0.025052 0.883495 0.154000
v -0.025052 0.883495 0.156000
v -0.020925 0.885627 0.154000
v -0.020925 0.885627 0.156000
v -0.016447 0.887319 0.154000
v -0.016447 0.887319 0.156000
v -0.011715 0.888528 0.154000
v -0.011715 0.888528 0.156000
v -0.006731 0.889254 0.154000
v -0.006731 0.889254 0.156000
v -0.001495 0.889495 0.154000
v -0.001495 0.889495 0.156000
v 0.004209 0.889221 0.154000
v 0.004209 0.889221 0.156000
v 0.009539 0.888396 0.154000
v 0.009539 0.888396 0.156000
v 0.014496 0.887023 0.154000
v 0.014496 0.887023 0.156000
v 0.019079 0.885099 0.154000
v 0.019079 0.885099 0.156000
v 0.023222 0.882698 0.154000
v 0.023222 0.882698 0.156000
v 0.026860 0.879890 0.154000
v 0.026860 0.879890 0.156000
v 0.029992 0.876675 0.154000
v 0.029992 0.876675 0.156000
v 0.032619 0.873054 0.154000
v 0.032619 0.873054 0.156000
v 0.034696 0.869114 0.154000
v 0.034696 0.869114 0.156000
v 0.036179 0.864944 0.154000
v 0.036179 0.864944 0.156000
v 0.037069 0.860542 0.154000
v 0.037069 0.860542 0.156000
v 0.037366 0.855910 0.154000
v 0.037366 0.855910 0.156000
v 0.036410 0.848426 0.154000
v 0.036410 0.848426 0.156000
v 0.033542 0.840392 0.154000
v 0.033542 0.840392 0.156000
v 0.028761 0.831809 0.154000
v 0.028761 0.831809 0.156000
v 0.022068 0.822676 0.154000
v 0.022068 0.822676 0.156000
v 0.017166 0.816741 0.154000
v 0.017166 0.816741 0.156000
v 0.010902 0.809488 0.154000
v 0.010902 0.809488 0.156000
v 0.003275 0.800916 0.154000
v 0.003275 0.800915 0.156000
v -0.005715 0.791024 0.154000
v -0.005715 0.791024 0.156000
v 0.094377 0.237000 0.156000
v 0.094197 0.237022 0.156000
v 0.094046 0.237088 0.156000
v 0.093924 0.237197 0.156000
v 0.093831 0.237351 0.156000
v 0.088685 0.248580 0.156000
v 0.088641 0.248649 0.156000
v 0.088587 0.248697 0.156000
v 0.088524 0.248726 0.156000
v 0.088451 0.248736 0.156000
v 0.083772 0.248736 0.156000
v 0.083686 0.248724 0.156000
v 0.083626 0.248688 0.156000
v 0.083589 0.248627 0.156000
v 0.083577 0.248541 0.156000
v 0.083577 0.237468 0.156000
v 0.083568 0.237374 0.156000
v 0.083543 0.237288 0.156000
v 0.083500 0.237208 0.156000
v 0.083440 0.237136 0.156000
v 0.083368 0.237077 0.156000
v 0.083289 0.237034 0.156000
v 0.083203 0.237009 0.156000
v 0.083109 0.237000 0.156000
v 0.079522 0.237000 0.156000
v 0.079428 0.237009 0.156000
v 0.079341 0.237034 0.156000
v 0.079262 0.237077 0.156000
v 0.079190 0.237136 0.156000
v 0.079131 0.237208 0.156000
v 0.079088 0.237288 0.156000
v 0.079062 0.237374 0.156000
v 0.079054 0.237468 0.156000
v 0.079054 0.263826 0.156000
v 0.079062 0.263919 0.156000
v 0.079088 0.264006 0.156000
v 0.079131 0.264085 0.156000
v 0.079190 0.264157 0.156000
v 0.079262 0.264217 0.156000
v 0.079341 0.264259 0.156000
v 0.079428 0.264285 0.156000
v 0.079522 0.264294 0.156000
v 0.090244 0.264294 0.156000
v 0.091399 0.264231 0.156000
v 0.092486 0.264045 0.156000
v 0.093505 0.263734 0.156000
v 0.094455 0.263299 0.156000
v 0.095320 0.262751 0.156000
v 0.096083 0.262100 0.156000
v 0.096744 0.261347 0.156000
v 0.097302 0.260492 0.156000
v 0.097745 0.259553 0.156000
v 0.098062 0.258547 0.156000
v 0.098252 0.257476 0.156000
v 0.098315 0.256339 0.156000
v 0.098229 0.255044 0.156000
v 0.097969 0.253849 0.156000
v 0.097537 0.252753 0.156000
v 0.096931 0.251758 0.156000
v 0.096172 0.250884 0.156000
v 0.095279 0.250154 0.156000
v 0.094252 0.249568 0.156000
v 0.093091 0.249126 0.156000
v 0.093054 0.249121 0.156000
v 0.093022 0.249107 0.156000
v 0.092996 0.249082 0.156000
v 0.092974 0.249048 0.156000
v 0.092959 0.249009 0.156000
v 0.092954 0.248970 0.156000
v 0.092959 0.248931 0.156000
v 0.092974 0.248892 0.156000
v 0.098471 0.237546 0.156000
v 0.098505 0.237473 0.156000
v 0.098530 0.237409 0.156000
v 0.098544 0.237356 0.156000
v 0.098549 0.237312 0.156000
v 0.098522 0.237175 0.156000
v 0.098442 0.237078 0.156000
v 0.098308 0.237019 0.156000
v 0.098120 0.237000 0.156000
v 0.083772 0.260394 0.156000
v 0.083686 0.260382 0.156000
v 0.083626 0.260346 0.156000
v 0.083589 0.260285 0.156000
v 0.083577 0.260200 0.156000
v 0.083577 0.252440 0.156000
v 0.083589 0.252355 0.156000
v 0.083626 0.252294 0.156000
v 0.083686 0.252258 0.156000
v 0.083772 0.252245 0.156000
v 0.089620 0.252245 0.156000
v 0.090511 0.252315 0.156000
v 0.091312 0.252523 0.156000
v 0.092022 0.252871 0.156000
v 0.092642 0.253357 0.156000
v 0.093145 0.253957 0.156000
v 0.093505 0.254648 0.156000
v 0.093721 0.255429 0.156000
v 0.093792 0.256300 0.156000
v 0.093721 0.257173 0.156000
v 0.093505 0.257958 0.156000
v 0.093145 0.258655 0.156000
v 0.092642 0.259264 0.156000
v 0.092022 0.259758 0.156000
v 0.091312 0.260112 0.156000
v 0.090511 0.260324 0.156000
v 0.089620 0.260394 0.156000
v 0.063808 0.236688 0.156000
v 0.062407 0.236759 0.156000
v 0.061089 0.236971 0.156000
v 0.059853 0.237324 0.156000
v 0.058701 0.237819 0.156000
v 0.057652 0.238444 0.156000
v 0.056727 0.239188 0.156000
v 0.055926 0.240052 0.156000
v 0.055250 0.241036 0.156000
v 0.054713 0.242119 0.156000
v 0.054329 0.243282 0.156000
v 0.054099 0.244526 0.156000
v 0.054022 0.245851 0.156000
v 0.054022 0.263826 0.156000
v 0.054030 0.263919 0.156000
v 0.054056 0.264006 0.156000
v 0.054099 0.264085 0.156000
v 0.054158 0.264157 0.156000
v 0.054230 0.264217 0.156000
v 0.054309 0.264259 0.156000
v 0.054396 0.264285 0.156000
v 0.054490 0.264294 0.156000
v 0.058077 0.264294 0.156000
v 0.058171 0.264285 0.156000
v 0.058257 0.264259 0.156000
v 0.058336 0.264217 0.156000
v 0.058408 0.264157 0.156000
v 0.058468 0.264085 0.156000
v 0.058511 0.264006 0.156000
v 0.058536 0.263919 0.156000
v 0.058545 0.263826 0.156000
v 0.058545 0.245773 0.156000
v 0.058635 0.244676 0.156000
v 0.058905 0.243687 0.156000
v 0.059356 0.242805 0.156000
v 0.059987 0.242030 0.156000
v 0.060767 0.241399 0.156000
v 0.061664 0.240948 0.156000
v 0.062678 0.240677 0.156000
v 0.063808 0.240587 0.156000
v 0.064939 0.240677 0.156000
v 0.065953 0.240948 0.156000
v 0.066850 0.241399 0.156000
v 0.067630 0.242030 0.156000
v 0.068261 0.242805 0.156000
v 0.068712 0.243687 0.156000
v 0.068982 0.244676 0.156000
v 0.069072 0.245773 0.156000
v 0.069072 0.263826 0.156000
v 0.069081 0.263919 0.156000
v 0.069106 0.264006 0.156000
v 0.069149 0.264085 0.156000
v 0.069209 0.264157 0.156000
v 0.069281 0.264217 0.156000
v 0.069360 0.264259 0.156000
v 0.069446 0.264285 0.156000
v 0.069540 0.264294 0.156000
v 0.073127 0.264294 0.156000
v 0.073221 0.264285 0.156000
v 0.073308 0.264259 0.156000
v 0.073387 0.264217 0.156000
v 0.073459 0.264157 0.156000
v 0.073518 0.264085 0.156000
v 0.073561 0.264006 0.156000
v 0.073587 0.263919 0.156000
v 0.073595 0.263826 0.156000
v 0.073595 0.245851 0.156000
v 0.073520 0.244526 0.156000
v 0.073293 0.243282 0.156000
v 0.072915 0.242119 0.156000
v 0.072386 0.241036 0.156000
v 0.071719 0.240052 0.156000
v 0.070924 0.239188 0.156000
v 0.070003 0.238444 0.156000
v 0.068955 0.237819 0.156000
v 0.067800 0.237324 0.156000
v 0.066557 0.236971 0.156000
v 0.065227 0.236759 0.156000
v 0.049655 0.260862 0.156000
v 0.049646 0.260769 0.156000
v 0.049621 0.260682 0.156000
v 0.049578 0.260603 0.156000
v 0.049518 0.260531 0.156000
v 0.049446 0.260471 0.156000
v 0.049367 0.260429 0.156000
v 0.049281 0.260403 0.156000
v 0.049187 0.260394 0.156000
v 0.035891 0.260394 0.156000
v 0.035806 0.260382 0.156000
v 0.035745 0.260346 0.156000
v 0.035708 0.260285 0.156000
v 0.035696 0.260200 0.156000
v 0.035696 0.252908 0.156000
v 0.035708 0.252823 0.156000
v 0.035745 0.252762 0.156000
v 0.035806 0.252725 0.156000
v 0.035891 0.252713 0.156000
v 0.044820 0.252713 0.156000
v 0.044914 0.252705 0.156000
v 0.045000 0.252679 0.156000
v 0.045079 0.252637 0.156000
v 0.045151 0.252577 0.156000
v 0.045211 0.252505 0.156000
v 0.045254 0.252426 0.156000
v 0.045279 0.252339 0.156000
v 0.045288 0.252245 0.156000
v 0.045288 0.249282 0.156000
v 0.045279 0.249188 0.156000
v 0.045254 0.249102 0.156000
v 0.045211 0.249023 0.156000
v 0.045151 0.248951 0.156000
v 0.045079 0.248891 0.156000
v 0.045000 0.248848 0.156000
v 0.044914 0.248823 0.156000
v 0.044820 0.248814 0.156000
v 0.035891 0.248814 0.156000
v 0.035806 0.248802 0.156000
v 0.035745 0.248765 0.156000
v 0.035708 0.248705 0.156000
v 0.035696 0.248619 0.156000
v 0.035696 0.241094 0.156000
v 0.035708 0.241009 0.156000
v 0.035745 0.240948 0.156000
v 0.035806 0.240911 0.156000
v 0.035891 0.240899 0.156000
v 0.049187 0.240899 0.156000
v 0.049281 0.240891 0.156000
v 0.049367 0.240865 0.156000
v 0.049446 0.240822 0.156000
v 0.049518 0.240763 0.156000
v 0.049578 0.240691 0.156000
v 0.049621 0.240611 0.156000
v 0.049646 0.240525 0.156000
v 0.049655 0.240431 0.156000
v 0.049655 0.237468 0.156000
v 0.049646 0.237374 0.156000
v 0.049621 0.237288 0.156000
v 0.049578 0.237208 0.156000
v 0.049518 0.237136 0.156000
v 0.049446 0.237077 0.156000
v 0.049367 0.237034 0.156000
v 0.049281 0.237009 0.156000
v 0.049187 0.237000 0.156000
v 0.031641 0.237000 0.156000
v 0.031547 0.237009 0.156000
v 0.031461 0.237034 0.156000
v 0.031382 0.237077 0.156000
v 0.031310 0.237136 0.156000
v 0.031250 0.237208 0.156000
v 0.031207 0.237288 0.156000
v 0.031182 0.237374 0.156000
v 0.031173 0.237468 0.156000
v 0.031173 0.263826 0.156000
v 0.031182 0.263919 0.156000
v 0.031207 0.264006 0.156000
v 0.031250 0.264085 0.156000
v 0.031310 0.264157 0.156000
v 0.031382 0.264217 0.156000
v 0.031461 0.264259 0.156000
v 0.031547 0.264285 0.156000
v 0.031641 0.264294 0.156000
v 0.049187 0.264294 0.156000
v 0.049281 0.264285 0.156000
v 0.049367 0.264259 0.156000
v 0.049446 0.264217 0.156000
v 0.049518 0.264157 0.156000
v 0.049578 0.264085 0.156000
v 0.049621 0.264006 0.156000
v 0.049646 0.263919 0.156000
v 0.049655 0.263826 0.156000
v 0.022595 0.237000 0.156000
v 0.022415 0.237022 0.156000
v 0.022264 0.237088 0.156000
v 0.022142 0.237197 0.156000
v 0.022049 0.237351 0.156000
v 0.016903 0.248580 0.156000
v 0.016859 0.248649 0.156000
v 0.016805 0.248697 0.156000
v 0.016742 0.248726 0.156000
v 0.016669 0.248736 0.156000
v 0.011990 0.248736 0.156000
v 0.011904 0.248724 0.156000
v 0.011843 0.248688 0.156000
v 0.011807 0.248627 0.156000
v 0.011795 0.248541 0.156000
v 0.011795 0.237468 0.156000
v 0.011786 0.237374 0.156000
v 0.011761 0.237288 0.156000
v 0.011718 0.237208 0.156000
v 0.011658 0.237136 0.156000
v 0.011586 0.237077 0.156000
v 0.011507 0.237034 0.156000
v 0.011421 0.237009 0.156000
v 0.011327 0.237000 0.156000
v 0.007740 0.237000 0.156000
v 0.007646 0.237009 0.156000
v 0.007559 0.237034 0.156000
v 0.007480 0.237077 0.156000
v 0.007408 0.237136 0.156000
v 0.007349 0.237208 0.156000
v 0.007306 0.237288 0.156000
v 0.007280 0.237374 0.156000
v 0.007272 0.237468 0.156000
v 0.007272 0.263826 0.156000
v 0.007280 0.263919 0.156000
v 0.007306 0.264006 0.156000
v 0.007349 0.264085 0.156000
v 0.007408 0.264157 0.156000
v 0.007480 0.264217 0.156000
v 0.007559 0.264259 0.156000
v 0.007646 0.264285 0.156000
v 0.007740 0.264294 0.156000
v 0.018462 0.264294 0.156000
v 0.019617 0.264231 0.156000
v 0.020704 0.264045 0.156000
v 0.021723 0.263734 0.156000
v 0.022673 0.263299 0.156000
v 0.023538 0.262751 0.156000
v 0.024301 0.262100 0.156000
v 0.024961 0.261347 0.156000
v 0.025519 0.260492 0.156000
v 0.025963 0.259553 0.156000
v 0.026280 0.258547 0.156000
v 0.026470 0.257476 0.156000
v 0.026533 0.256339 0.156000
v 0.026447 0.255044 0.156000
v 0.026187 0.253849 0.156000
v 0.025755 0.252753 0.156000
v 0.025149 0.251758 0.156000
v 0.024390 0.250884 0.156000
v 0.023497 0.250154 0.156000
v 0.022470 0.249568 0.156000
v 0.021308 0.249126 0.156000
v 0.021272 0.249121 0.156000
v 0.021240 0.249107 0.156000
v 0.021213 0.249082 0.156000
v 0.021192 0.249048 0.156000
v 0.021177 0.249009 0.156000
v 0.021172 0.248970 0.156000
v 0.021177 0.248931 0.156000
v 0.021192 0.248892 0.156000
v 0.026689 0.237546 0.156000
v 0.026723 0.237473 0.156000
v 0.026748 0.237409 0.156000
v 0.026762 0.237356 0.156000
v 0.026767 0.237312 0.156000
v 0.026740 0.237175 0.156000
v 0.026660 0.237078 0.156000
v 0.026526 0.237019 0.156000
v 0.026338 0.237000 0.156000
v 0.011990 0.260394 0.156000
v 0.011904 0.260382 0.156000
v 0.011843 0.260346 0.156000
v 0.011807 0.260285 0.156000
v 0.011795 0.260200 0.156000
v 0.011795 0.252440 0.156000
v 0.011807 0.252355 0.156000
v 0.011843 0.252294 0.156000
v 0.011904 0.252258 0.156000
v 0.011990 0.252245 0.156000
v 0.017838 0.252245 0.156000
v 0.018729 0.252315 0.156000
v 0.019530 0.252523 0.156000
v 0.020240 0.252871 0.156000
v 0.020860 0.253357 0.156000
v 0.021363 0.253957 0.156000
v 0.021723 0.254648 0.156000
v 0.021938 0.255429 0.156000
v 0.022010 0.256300 0.156000
v 0.021938 0.257173 0.156000
v 0.021723 0.257958 0.156000
v 0.021363 0.258655 0.156000
v 0.020860 0.259264 0.156000
v 0.020240 0.259758 0.156000
v 0.019530 0.260112 0.156000
v 0.018729 0.260324 0.156000
v 0.017838 0.260394 0.156000
v -0.002476 0.237000 0.156000
v -0.002570 0.237009 0.156000
v -0.002656 0.237034 0.156000
v -0.002735 0.237077 0.156000
v -0.002807 0.237136 0.156000
v -0.002867 0.237208 0.156000
v -0.002910 0.237288 0.156000
v -0.002935 0.237374 0.156000
v -0.002944 0.237468 0.156000
v -0.002944 0.263826 0.156000
v -0.002935 0.263919 0.156000
v -0.002910 0.264006 0.156000
v -0.002867 0.264085 0.156000
v -0.002807 0.264157 0.156000
v -0.002735 0.264217 0.156000
v -0.002656 0.264259 0.156000
v -0.002570 0.264285 0.156000
v -0.002476 0.264294 0.156000
v 0.001111 0.264294 0.156000
v 0.001205 0.264285 0.156000
v 0.001292 0.264259 0.156000
v 0.001371 0.264217 0.156000
v 0.001443 0.264157 0.156000
v 0.001502 0.264085 0.156000
v 0.001545 0.264006 0.156000
v 0.001571 0.263919 0.156000
v 0.001579 0.263826 0.156000
v 0.001579 0.237468 0.156000
v 0.001571 0.237374 0.156000
v 0.001545 0.237288 0.156000
v 0.001502 0.237208 0.156000
v 0.001443 0.237136 0.156000
v 0.001371 0.237077 0.156000
v 0.001292 0.237034 0.156000
v 0.001205 0.237009 0.156000
v 0.001111 0.237000 0.156000
v -0.011288 0.237000 0.156000
v -0.011466 0.237024 0.156000
v -0.011610 0.237097 0.156000
v -0.011719 0.237219 0.156000
v -0.011795 0.237390 0.156000
v -0.013081 0.241562 0.156000
v -0.013123 0.241630 0.156000
v -0.013169 0.241679 0.156000
v -0.013220 0.241708 0.156000
v -0.013276 0.241718 0.156000
v -0.023570 0.241718 0.156000
v -0.023626 0.241708 0.156000
v -0.023677 0.241679 0.156000
v -0.023723 0.241630 0.156000
v -0.023765 0.241562 0.156000
v -0.025052 0.237390 0.156000
v -0.025127 0.237219 0.156000
v -0.025237 0.237097 0.156000
v -0.025381 0.237024 0.156000
v -0.025558 0.237000 0.156000
v -0.029458 0.237000 0.156000
v -0.029567 0.237009 0.156000
v -0.029662 0.237034 0.156000
v -0.029743 0.237077 0.156000
v -0.029808 0.237136 0.156000
v -0.029855 0.237213 0.156000
v -0.029877 0.237307 0.156000
v -0.029874 0.237418 0.156000
v -0.029847 0.237546 0.156000
v -0.021386 0.263904 0.156000
v -0.021311 0.264074 0.156000
v -0.021201 0.264196 0.156000
v -0.021057 0.264269 0.156000
v -0.020880 0.264294 0.156000
v -0.016006 0.264294 0.156000
v -0.015828 0.264269 0.156000
v -0.015684 0.264196 0.156000
v -0.015574 0.264074 0.156000
v -0.015499 0.263904 0.156000
v -0.006999 0.237546 0.156000
v -0.006982 0.237504 0.156000
v -0.006970 0.237458 0.156000
v -0.006962 0.237407 0.156000
v -0.006960 0.237351 0.156000
v -0.006987 0.237197 0.156000
v -0.007067 0.237088 0.156000
v -0.007201 0.237022 0.156000
v -0.007389 0.237000 0.156000
v -0.022556 0.245500 0.156000
v -0.022561 0.245398 0.156000
v -0.022537 0.245325 0.156000
v -0.022483 0.245281 0.156000
v -0.022400 0.245266 0.156000
v -0.014485 0.245266 0.156000
v -0.014388 0.245281 0.156000
v -0.014329 0.245325 0.156000
v -0.014310 0.245398 0.156000
v -0.014329 0.245500 0.156000
v -0.018345 0.258562 0.156000
v -0.018367 0.258630 0.156000
v -0.018394 0.258679 0.156000
v -0.018426 0.258708 0.156000
v -0.018462 0.258718 0.156000
v -0.018499 0.258708 0.156000
v -0.018530 0.258679 0.156000
v -0.018557 0.258630 0.156000
v -0.018579 0.258562 0.156000
v -0.050006 0.237000 0.156000
v -0.050100 0.237009 0.156000
v -0.050186 0.237034 0.156000
v -0.050265 0.237077 0.156000
v -0.050337 0.237136 0.156000
v -0.050397 0.237208 0.156000
v -0.050439 0.237288 0.156000
v -0.050465 0.237374 0.156000
v -0.050474 0.237468 0.156000
v -0.050474 0.263826 0.156000
v -0.050465 0.263919 0.156000
v -0.050439 0.264006 0.156000
v -0.050397 0.264085 0.156000
v -0.050337 0.264157 0.156000
v -0.050265 0.264217 0.156000
v -0.050186 0.264259 0.156000
v -0.050100 0.264285 0.156000
v -0.050006 0.264294 0.156000
v -0.046419 0.264294 0.156000
v -0.046325 0.264285 0.156000
v -0.046238 0.264259 0.156000
v -0.046159 0.264217 0.156000
v -0.046087 0.264157 0.156000
v -0.046027 0.264085 0.156000
v -0.045985 0.264006 0.156000
v -0.045959 0.263919 0.156000
v -0.045951 0.263826 0.156000
v -0.045951 0.241094 0.156000
v -0.045938 0.241009 0.156000
v -0.045902 0.240948 0.156000
v -0.045841 0.240911 0.156000
v -0.045756 0.240899 0.156000
v -0.032694 0.240899 0.156000
v -0.032600 0.240891 0.156000
v -0.032513 0.240865 0.156000
v -0.032434 0.240822 0.156000
v -0.032362 0.240763 0.156000
v -0.032303 0.240691 0.156000
v -0.032260 0.240611 0.156000
v -0.032234 0.240525 0.156000
v -0.032226 0.240431 0.156000
v -0.032226 0.237468 0.156000
v -0.032234 0.237374 0.156000
v -0.032260 0.237288 0.156000
v -0.032303 0.237208 0.156000
v -0.032362 0.237136 0.156000
v -0.032434 0.237077 0.156000
v -0.032513 0.237034 0.156000
v -0.032600 0.237009 0.156000
v -0.032694 0.237000 0.156000
v -0.065056 0.236688 0.156000
v -0.066474 0.236760 0.156000
v -0.067805 0.236976 0.156000
v -0.069048 0.237335 0.156000
v -0.070203 0.237838 0.156000
v -0.071251 0.238471 0.156000
v -0.072172 0.239218 0.156000
v -0.072966 0.240079 0.156000
v -0.073634 0.241055 0.156000
v -0.074163 0.242130 0.156000
v -0.074541 0.243287 0.156000
v -0.074767 0.244528 0.156000
v -0.074843 0.245851 0.156000
v -0.074843 0.255482 0.156000
v -0.074767 0.256805 0.156000
v -0.074541 0.258045 0.156000
v -0.074163 0.259203 0.156000
v -0.073634 0.260278 0.156000
v -0.072966 0.261252 0.156000
v -0.072172 0.262110 0.156000
v -0.071251 0.262851 0.156000
v -0.070203 0.263475 0.156000
v -0.069048 0.263969 0.156000
v -0.067805 0.264323 0.156000
v -0.066474 0.264535 0.156000
v -0.065056 0.264606 0.156000
v -0.063655 0.264537 0.156000
v -0.062337 0.264333 0.156000
v -0.061101 0.263991 0.156000
v -0.059948 0.263514 0.156000
v -0.058901 0.262912 0.156000
v -0.057979 0.262198 0.156000
v -0.057185 0.261372 0.156000
v -0.056517 0.260433 0.156000
v -0.055988 0.259400 0.156000
v -0.055611 0.258289 0.156000
v -0.055384 0.257100 0.156000
v -0.055308 0.255833 0.156000
v -0.055317 0.255739 0.156000
v -0.055343 0.255652 0.156000
v -0.055385 0.255573 0.156000
v -0.055445 0.255501 0.156000
v -0.055517 0.255441 0.156000
v -0.055596 0.255399 0.156000
v -0.055683 0.255373 0.156000
v -0.055776 0.255365 0.156000
v -0.059364 0.255170 0.156000
v -0.059568 0.255197 0.156000
v -0.059714 0.255277 0.156000
v -0.059802 0.255411 0.156000
v -0.059831 0.255599 0.156000
v -0.059920 0.256693 0.156000
v -0.060187 0.257675 0.156000
v -0.060632 0.258545 0.156000
v -0.061255 0.259303 0.156000
v -0.062026 0.259917 0.156000
v -0.062917 0.260355 0.156000
v -0.063927 0.260619 0.156000
v -0.065056 0.260706 0.156000
v -0.066187 0.260619 0.156000
v -0.067201 0.260355 0.156000
v -0.068097 0.259917 0.156000
v -0.068877 0.259303 0.156000
v -0.069508 0.258545 0.156000
v -0.069959 0.257675 0.156000
v -0.070230 0.256693 0.156000
v -0.070320 0.255599 0.156000
v -0.070320 0.245656 0.156000
v -0.070230 0.244579 0.156000
v -0.069959 0.243609 0.156000
v -0.069508 0.242746 0.156000
v -0.068877 0.241991 0.156000
v -0.068097 0.241377 0.156000
v -0.067201 0.240938 0.156000
v -0.066187 0.240675 0.156000
v -0.065056 0.240587 0.156000
v -0.063927 0.240674 0.156000
v -0.062917 0.240933 0.156000
v -0.062026 0.241366 0.156000
v -0.061255 0.241971 0.156000
v -0.060632 0.242721 0.156000
v -0.060187 0.243585 0.156000
v -0.059920 0.244563 0.156000
v -0.059831 0.245656 0.156000
v -0.059802 0.245844 0.156000
v -0.059714 0.245978 0.156000
v -0.059568 0.246058 0.156000
v -0.059364 0.246085 0.156000
v -0.055776 0.245929 0.156000
v -0.055683 0.245922 0.156000
v -0.055596 0.245900 0.156000
v -0.055517 0.245863 0.156000
v -0.055445 0.245812 0.156000
v -0.055385 0.245751 0.156000
v -0.055343 0.245685 0.156000
v -0.055317 0.245615 0.156000
v -0.055308 0.245539 0.156000
v -0.055384 0.244254 0.156000
v -0.055611 0.243048 0.156000
v -0.055988 0.241924 0.156000
v -0.056517 0.240880 0.156000
v -0.057185 0.239933 0.156000
v -0.057979 0.239101 0.156000
v -0.058901 0.238383 0.156000
v -0.059948 0.237780 0.156000
v -0.061101 0.237302 0.156000
v -0.062337 0.236961 0.156000
v -0.063655 0.236756 0.156000
v -0.078781 0.260862 0.156000
v -0.078789 0.260769 0.156000
v -0.078815 0.260682 0.156000
v -0.078858 0.260603 0.156000
v -0.078917 0.260531 0.156000
v -0.078989 0.260471 0.156000
v -0.079069 0.260429 0.156000
v -0.079155 0.260403 0.156000
v -0.079249 0.260394 0.156000
v -0.092545 0.260394 0.156000
v -0.092630 0.260382 0.156000
v -0.092691 0.260346 0.156000
v -0.092727 0.260285 0.156000
v -0.092740 0.260200 0.156000
v -0.092740 0.252908 0.156000
v -0.092727 0.252823 0.156000
v -0.092691 0.252762 0.156000
v -0.092630 0.252725 0.156000
v -0.092545 0.252713 0.156000
v -0.083616 0.252713 0.156000
v -0.083522 0.252705 0.156000
v -0.083435 0.252679 0.156000
v -0.083356 0.252637 0.156000
v -0.083284 0.252577 0.156000
v -0.083225 0.252505 0.156000
v -0.083182 0.252426 0.156000
v -0.083156 0.252339 0.156000
v -0.083148 0.252245 0.156000
v -0.083148 0.249282 0.156000
v -0.083156 0.249188 0.156000
v -0.083182 0.249102 0.156000
v -0.083225 0.249023 0.156000
v -0.083284 0.248951 0.156000
v -0.083356 0.248891 0.156000
v -0.083435 0.248848 0.156000
v -0.083522 0.248823 0.156000
v -0.083616 0.248814 0.156000
v -0.092545 0.248814 0.156000
v -0.092630 0.248802 0.156000
v -0.092691 0.248765 0.156000
v -0.092727 0.248705 0.156000
v -0.092740 0.248619 0.156000
v -0.092740 0.241094 0.156000
v -0.092727 0.241009 0.156000
v -0.092691 0.240948 0.156000
v -0.092630 0.240911 0.156000
v -0.092545 0.240899 0.156000
v -0.079249 0.240899 0.156000
v -0.079155 0.240891 0.156000
v -0.079069 0.240865 0.156000
v -0.078989 0.240822 0.156000
v -0.078917 0.240763 0.156000
v -0.078858 0.240691 0.156000
v -0.078815 0.240611 0.156000
v -0.078789 0.240525 0.156000
v -0.078781 0.240431 0.156000
v -0.078781 0.237468 0.156000
v -0.078789 0.237374 0.156000
v -0.078815 0.237288 0.156000
v -0.078858 0.237208 0.156000
v -0.078917 0.237136 0.156000
v -0.078989 0.237077 0.156000
v -0.079069 0.237034 0.156000
v -0.079155 0.237009 0.156000
v -0.079249 0.237000 0.156000
v -0.096795 0.237000 0.156000
v -0.096889 0.237009 0.156000
v -0.096975 0.237034 0.156000
v -0.097054 0.237077 0.156000
v -0.097126 0.237136 0.156000
v -0.097186 0.237208 0.156000
v -0.097228 0.237288 0.156000
v -0.097254 0.237374 0.156000
v -0.097263 0.237468 0.156000
v -0.097263 0.263826 0.156000
v -0.097254 0.263919 0.156000
v -0.097228 0.264006 0.156000
v -0.097186 0.264085 0.156000
v -0.097126 0.264157 0.156000
v -0.097054 0.264217 0.156000
v -0.096975 0.264259 0.156000
v -0.096889 0.264285 0.156000
v -0.096795 0.264294 0.156000
v -0.079249 0.264294 0.156000
v -0.079155 0.264285 0.156000
v -0.079069 0.264259 0.156000
v -0.078989 0.264217 0.156000
v -0.078917 0.264157 0.156000
v -0.078858 0.264085 0.156000
v -0.078815 0.264006 0.156000
v -0.078789 0.263919 0.156000
v -0.078781 0.263826 0.156000
v 0.094377 0.237000 0.154000
v 0.094197 0.237022 0.154000
v 0.094046 0.237088 0.154000
v 0.093924 0.237197 0.154000
v 0.093831 0.237351 0.154000
v 0.088685 0.248580 0.154000
v 0.088641 0.248649 0.154000
v 0.088587 0.248697 0.154000
v 0.088524 0.248726 0.154000
v 0.088451 0.248736 0.154000
v 0.083772 0.248736 0.154000
v 0.083686 0.248724 0.154000
v 0.083626 0.248688 0.154000
v 0.083589 0.248627 0.154000
v 0.083577 0.248541 0.154000
v 0.083577 0.237468 0.154000
v 0.083568 0.237374 0.154000
v 0.083543 0.237288 0.154000
v 0.083500 0.237208 0.154000
v 0.083440 0.237136 0.154000
v 0.083368 0.237077 0.154000
v 0.083289 0.237034 0.154000
v 0.083203 0.237009 0.154000
v 0.083109 0.237000 0.154000
v 0.079522 0.237000 0.154000
v 0.079428 0.237009 0.154000
v 0.079341 0.237034 0.154000
v 0.079262 0.237077 0.154000
v 0.079190 0.237136 0.154000
v 0.079131 0.237208 0.154000
v 0.079088 0.237288 0.154000
v 0.079062 0.237374 0.154000
v 0.079054 0.237468 0.154000
v 0.079054 0.263826 0.154000
v 0.079062 0.263919 0.154000
v 0.079088 0.264006 0.154000
v 0.079131 0.264085 0.154000
v 0.079190 0.264157 0.154000
v 0.079262 0.264217 0.154000
v 0.079341 0.264259 0.154000
v 0.079428 0.264285 0.154000
v 0.079522 0.264294 0.154000
v 0.090244 0.264294 0.154000
v 0.091399 0.264231 0.154000
v 0.092486 0.264045 0.154000
v 0.093505 0.263734 0.154000
v 0.094455 0.263299 0.154000
v 0.095320 0.262751 0.154000
v 0.096083 0.262100 0.154000
v 0.096744 0.261347 0.154000
v 0.097302 0.260492 0.154000
v 0.097745 0.259553 0.154000
v 0.098062 0.258547 0.154000
v 0.098252 0.257476 0.154000
v 0.098315 0.256339 0.154000
v 0.098229 0.255044 0.154000
v 0.097969 0.253849 0.154000
v 0.097537 0.252753 0.154000
v 0.096931 0.251758 0.154000
v 0.096172 0.250884 0.154000
v 0.095279 0.250154 0.154000
v 0.094252 0.249568 0.154000
v 0.093091 0.249126 0.154000
v 0.093054 0.249121 0.154000
v 0.093022 0.249107 0.154000
v 0.092996 0.249082 0.154000
v 0.092974 0.249048 0.154000
v 0.092959 0.249009 0.154000
v 0.092954 0.248970 0.154000
v 0.092959 0.248931 0.154000
v 0.092974 0.248892 0.154000
v 0.098471 0.237546 0.154000
v 0.098505 0.237473 0.154000
v 0.098530 0.237409 0.154000
v 0.098544 0.237356 0.154000
v 0.098549 0.237312 0.154000
v 0.098522 0.237175 0.154000
v 0.098442 0.237078 0.154000
v 0.098308 0.237019 0.154000
v 0.098120 0.237000 0.154000
v 0.083772 0.260394 0.154000
v 0.083686 0.260382 0.154000
v 0.083626 0.260346 0.154000
v 0.083589 0.260285 0.154000
v 0.083577 0.260200 0.154000
v 0.083577 0.252440 0.154000
v 0.083589 0.252355 0.154000
v 0.083626 0.252294 0.154000
v 0.083686 0.252258 0.154000
v 0.083772 0.252245 0.154000
v 0.089620 0.252245 0.154000
v 0.090511 0.252315 0.154000
v 0.091312 0.252523 0.154000
v 0.092022 0.252871 0.154000
v 0.092642 0.253357 0.154000
v 0.093145 0.253957 0.154000
v 0.093505 0.254648 0.154000
v 0.093721 0.255429 0.154000
v 0.093792 0.256300 0.154000
v 0.093721 0.257173 0.154000
v 0.093505 0.257958 0.154000
v 0.093145 0.258655 0.154000
v 0.092642 0.259264 0.154000
v 0.092022 0.259758 0.154000
v 0.091312 0.260112 0.154000
v 0.090511 0.260324 0.154000
v 0.089620 0.260394 0.154000
v 0.063808 0.236688 0.154000
v 0.062407 0.236759 0.154000
v 0.061089 0.236971 0.154000
v 0.059853 0.237324 0.154000
v 0.058701 0.237819 0.154000
v 0.057652 0.238444 0.154000
v 0.056727 0.239188 0.154000
v 0.055926 0.240052 0.154000
v 0.055250 0.241036 0.154000
v 0.054713 0.242119 0.154000
v 0.054329 0.243282 0.154000
v 0.054099 0.244526 0.154000
v 0.054022 0.245851 0.154000
v 0.054022 0.263826 0.154000
v 0.054030 0.263919 0.154000
v 0.054056 0.264006 0.154000
v 0.054099 0.264085 0.154000
v 0.054158 0.264157 0.154000
v 0.054230 0.264217 0.154000
v 0.054309 0.264259 0.154000
v 0.054396 0.264285 0.154000
v 0.054490 0.264294 0.154000
v 0.058077 0.264294 0.154000
v 0.058171 0.264285 0.154000
v 0.058257 0.264259 0.154000
v 0.058336 0.264217 0.154000
v 0.058408 0.264157 0.154000
v 0.058468 0.264085 0.154000
v 0.058511 0.264006 0.154000
v 0.058536 0.263919 0.154000
v 0.058545 0.263826 0.154000
v 0.058545 0.245773 0.154000
v 0.058635 0.244676 0.154000
v 0.058905 0.243687 0.154000
v 0.059356 0.242805 0.154000
v 0.059987 0.242030 0.154000
v 0.060767 0.241399 0.154000
v 0.061664 0.240948 0.154000
v 0.062678 0.240677 0.154000
v 0.063808 0.240587 0.154000
v 0.064939 0.240677 0.154000
v 0.065953 0.240948 0.154000
v 0.066850 0.241399 0.154000
v 0.067630 0.242030 0.154000
v 0.068261 0.242805 0.154000
v 0.068712 0.243687 0.154000
v 0.068982 0.244676 0.154000
v 0.069072 0.245773 0.154000
v 0.069072 0.263826 0.154000
v 0.069081 0.263919 0.154000
v 0.069106 0.264006 0.154000
v 0.069149 0.264085 0.154000
v 0.069209 0.264157 0.154000
v 0.069281 0.264217 0.154000
v 0.069360 0.264259 0.154000
v 0.069446 0.264285 0.154000
v 0.069540 0.264294 0.154000
v 0.073127 0.264294 0.154000
v 0.073221 0.264285 0.154000
v 0.073308 0.264259 0.154000
v 0.073387 0.264217 0.154000
v 0.073459 0.264157 0.154000
v 0.073518 0.264085 0.154000
v 0.073561 0.264006 0.154000
v 0.073587 0.263919 0.154000
v 0.073595 0.263826 0.154000
v 0.073595 0.245851 0.154000
v 0.073520 0.244526 0.154000
v 0.073293 0.243282 0.154000
v 0.072915 0.242119 0.154000
v 0.072386 0.241036 0.154000
v 0.071719 0.240052 0.154000
v 0.070924 0.239188 0.154000
v 0.070003 0.238444 0.154000
v 0.068955 0.237819 0.154000
v 0.067800 0.237324 0.154000
v 0.066557 0.236971 0.154000
v 0.065227 0.236759 0.154000
v 0.049655 0.260862 0.154000
v 0.049646 0.260769 0.154000
v 0.049621 0.260682 0.154000
v 0.049578 0.260603 0.154000
v 0.049518 0.260531 0.154000
v 0.049446 0.260471 0.154000
v 0.049367 0.260429 0.154000
v 0.049281 0.260403 0.154000
v 0.049187 0.260394 0.154000
v 0.035891 0.260394 0.154000
v 0.035806 0.260382 0.154000
v 0.035745 0.260346 0.154000
v 0.035708 0.260285 0.154000
v 0.035696 0.260200 0.154000
v 0.035696 0.252908 0.154000
v 0.035708 0.252823 0.154000
v 0.035745 0.252762 0.154000
v 0.035806 0.252725 0.154000
v 0.035891 0.252713 0.154000
v 0.044820 0.252713 0.154000
v 0.044914 0.252705 0.154000
v 0.045000 0.252679 0.154000
v 0.045079 0.252637 0.154000
v 0.045151 0.252577 0.154000
v 0.045211 0.252505 0.154000
v 0.045254 0.252426 0.154000
v 0.045279 0.252339 0.154000
v 0.045288 0.252245 0.154000
v 0.045288 0.249282 0.154000
v 0.045279 0.249188 0.154000
v 0.045254 0.249102 0.154000
v 0.045211 0.249023 0.154000
v 0.045151 0.248951 0.154000
v 0.045079 0.248891 0.154000
v 0.045000 0.248848 0.154000
v 0.044914 0.248823 0.154000
v 0.044820 0.248814 0.154000
v 0.035891 0.248814 0.154000
v 0.035806 0.248802 0.154000
v 0.035745 0.248765 0.154000
v 0.035708 0.248705 0.154000
v 0.035696 0.248619 0.154000
v 0.035696 0.241094 0.154000
v 0.035708 0.241009 0.154000
v 0.035745 0.240948 0.154000
v 0.035806 0.240911 0.154000
v 0.035891 0.240899 0.154000
v 0.049187 0.240899 0.154000
v 0.049281 0.240891 0.154000
v 0.049367 0.240865 0.154000
v 0.049446 0.240822 0.154000
v 0.049518 0.240763 0.154000
v 0.049578 0.240691 0.154000
v 0.049621 0.240611 0.154000
v 0.049646 0.240525 0.154000
v 0.049655 0.240431 0.154000
v 0.049655 0.237468 0.154000
v 0.049646 0.237374 0.154000
v 0.049621 0.237288 0.154000
v 0.049578 0.237208 0.154000
v 0.049518 0.237136 0.154000
v 0.049446 0.237077 0.154000
v 0.049367 0.237034 0.154000
v 0.049281 0.237009 0.154000
v 0.049187 0.237000 0.154000
v 0.031641 0.237000 0.154000
v 0.031547 0.237009 0.154000
v 0.031461 0.237034 0.154000
v 0.031382 0.237077 0.154000
v 0.031310 0.237136 0.154000
v 0.031250 0.237208 0.154000
v 0.031207 0.237288 0.154000
v 0.031182 0.237374 0.154000
v 0.031173 0.237468 0.154000
v 0.031173 0.263826 0.154000
v 0.031182 0.263919 0.154000
v 0.031207 0.264006 0.154000
v 0.031250 0.264085 0.154000
v 0.031310 0.264157 0.154000
v 0.031382 0.264217 0.154000
v 0.031461 0.264259 0.154000
v 0.031547 0.264285 0.154000
v 0.031641 0.264294 0.154000
v 0.049187 0.264294 0.154000
v 0.049281 0.264285 0.154000
v 0.049367 0.264259 0.154000
v 0.049446 0.264217 0.154000
v 0.049518 0.264157 0.154000
v 0.049578 0.264085 0.154000
v 0.049621 0.264006 0.154000
v 0.049646 0.263919 0.154000
v 0.049655 0.263826 0.154000
v 0.022595 0.237000 0.154000
v 0.022415 0.237022 0.154000
v 0.022264 0.237088 0.154000
v 0.022142 0.237197 0.154000
v 0.022049 0.237351 0.154000
v 0.016903 0.248580 0.154000
v 0.016859 0.248649 0.154000
v 0.016805 0.248697 0.154000
v 0.016742 0.248726 0.154000
v 0.016669 0.248736 0.154000
v 0.011990 0.248736 0.154000
v 0.011904 0.248724 0.154000
v 0.011843 0.248688 0.154000
v 0.011807 0.248627 0.154000
v 0.011795 0.248541 0.154000
v 0.011795 0.237468 0.154000
v 0.011786 0.237374 0.154000
v 0.011761 0.237288 0.154000
v 0.011718 0.237208 0.154000
v 0.011658 0.237136 0.154000
v 0.011586 0.237077 0.154000
v 0.011507 0.237034 0.154000
v 0.011421 0.237009 0.154000
v 0.011327 0.237000 0.154000
v 0.007740 0.237000 0.154000
v 0.007646 0.237009 0.154000
v 0.007559 0.237034 0.154000
v 0.007480 0.237077 0.154000
v 0.007408 0.237136 0.154000
v 0.007349 0.237208 0.154000
v 0.007306 0.237288 0.154000
v 0.007280 0.237374 0.154000
v 0.007272 0.237468 0.154000
v 0.007272 0.263826 0.154000
v 0.007280 0.263919 0.154000
v 0.007306 0.264006 0.154000
v 0.007349 0.264085 0.154000
v 0.007408 0.264157 0.154000
v 0.007480 0.264217 0.154000
v 0.007559 0.264259 0.154000
v 0.007646 0.264285 0.154000
v 0.007740 0.264294 0.154000
v 0.018462 0.264294 0.154000
v 0.019617 0.264231 0.154000
v 0.020704 0.264045 0.154000
v 0.021723 0.263734 0.154000
v 0.022673 0.263299 0.154000
v 0.023538 0.262751 0.154000
v 0.024301 0.262100 0.154000
v 0.024961 0.261347 0.154000
v 0.025519 0.260492 0.154000
v 0.025963 0.259553 0.154000
v 0.026280 0.258547 0.154000
v 0.026470 0.257476 0.154000
v 0.026533 0.256339 0.154000
v 0.026447 0.255044 0.154000
v 0.026187 0.253849 0.154000
v 0.025755 0.252753 0.154000
v 0.025149 0.251758 0.154000
v 0.024390 0.250884 0.154000
v 0.023497 0.250154 0.154000
v 0.022470 0.249568 0.154000
v 0.021308 0.249126 0.154000
v 0.021272 0.249121 0.154000
v 0.021240 0.249107 0.154000
v 0.021213 0.249082 0.154000
v 0.021192 0.249048 0.154000
v 0.021177 0.249009 0.154000
v 0.021172 0.248970 0.154000
v 0.021177 0.248931 0.154000
v 0.021192 0.248892 0.154000
v 0.026689 0.237546 0.154000
v 0.026723 0.237473 0.154000
v 0.026748 0.237409 0.154000
v 0.026762 0.237356 0.154000
v 0.026767 0.237312 0.154000
v 0.026740 0.237175 0.154000
v 0.026660 0.237078 0.154000
v 0.026526 0.237019 0.154000
v 0.026338 0.237000 0.154000
v 0.011990 0.260394 0.154000
v 0.011904 0.260382 0.154000
v 0.011843 0.260346 0.154000
v 0.011807 0.260285 0.154000
v 0.011795 0.260200 0.154000
v 0.011795 0.252440 0.154000
v 0.011807 0.252355 0.154000
v 0.011843 0.252294 0.154000
v 0.011904 0.252258 0.154000
v 0.011990 0.252245 0.154000
v 0.017838 0.252245 0.154000
v 0.018729 0.252315 0.154000
v 0.019530 0.252523 0.154000
v 0.020240 0.252871 0.154000
v 0.020860 0.253357 0.154000
v 0.021363 0.253957 0.154000
v 0.021723 0.254648 0.154000
v 0.021938 0.255429 0.154000
v 0.022010 0.256300 0.154000
v 0.021938 0.257173 0.154000
v 0.021723 0.257958 0.154000
v 0.021363 0.258655 0.154000
v 0.020860 0.259264 0.154000
v 0.020240 0.259758 0.154000
v 0.019530 0.260112 0.154000
v 0.018729 0.260324 0.154000
v 0.017838 0.260394 0.154000
v -0.002476 0.237000 0.154000
v -0.002570 0.237009 0.154000
v -0.002656 0.237034 0.154000
v -0.002735 0.237077 0.154000
v -0.002807 0.237136 0.154000
v -0.002867 0.237208 0.154000
v -0.002910 0.237288 0.154000
v -0.002935 0.237374 0.154000
v -0.002944 0.237468 0.154000
v -0.002944 0.263826 0.154000
v -0.002935 0.263919 0.154000
v -0.002910 0.264006 0.154000
v -0.002867 0.264085 0.154000
v -0.002807 0.264157 0.154000
v -0.002735 0.264217 0.154000
v -0.002656 0.264259 0.154000
v -0.002570 0.264285 0.154000
v -0.002476 0.264294 0.154000
v 0.001111 0.264294 0.154000
v 0.001205 0.264285 0.154000
v 0.001292 0.264259 0.154000
v 0.001371 0.264217 0.154000
v 0.001443 0.264157 0.154000
v 0.001502 0.264085 0.154000
v 0.001545 0.264006 0.154000
v 0.001571 0.263919 0.154000
v 0.001579 0.263826 0.154000
v 0.001579 0.237468 0.154000
v 0.001571 0.237374 0.154000
v 0.001545 0.237288 0.154000
v 0.001502 0.237208 0.154000
v 0.001443 0.237136 0.154000
v 0.001371 0.237077 0.154000
v 0.001292 0.237034 0.154000
v 0.001205 0.237009 0.154000
v 0.001111 0.237000 0.154000
v -0.011288 0.237000 0.154000
v -0.011466 0.237024 0.154000
v -0.011610 0.237097 0.154000
v -0.011719 0.237219 0.154000
v -0.011795 0.237390 0.154000
v -0.013081 0.241562 0.154000
v -0.013123 0.241630 0.154000
v -0.013169 0.241679 0.154000
v -0.013220 0.241708 0.154000
v -0.013276 0.241718 0.154000
v -0.023570 0.241718 0.154000
v -0.023626 0.241708 0.154000
v -0.023677 0.241679 0.154000
v -0.023723 0.241630 0.154000
v -0.023765 0.241562 0.154000
v -0.025052 0.237390 0.154000
v -0.025127 0.237219 0.154000
v -0.025237 0.237097 0.154000
v -0.025381 0.237024 0.154000
v -0.025558 0.237000 0.154000
v -0.029458 0.237000 0.154000
v -0.029567 0.237009 0.154000
v -0.029662 0.237034 0.154000
v -0.029743 0.237077 0.154000
v -0.029808 0.237136 0.154000
v -0.029855 0.237213 0.154000
v -0.029877 0.237307 0.154000
v -0.029874 0.237418 0.154000
v -0.029847 0.237546 0.154000
v -0.021386 0.263904 0.154000
v -0.021311 0.264074 0.154000
v -0.021201 0.264196 0.154000
v -0.021057 0.264269 0.154000
v -0.020880 0.264294 0.154000
v -0.016006 0.264294 0.154000
v -0.015828 0.264269 0.154000
v -0.015684 0.264196 0.154000
v -0.015574 0.264074 0.154000
v -0.015499 0.263904 0.154000
v -0.006999 0.237546 0.154000
v -0.006982 0.237504 0.154000
v -0.006970 0.237458 0.154000
v -0.006962 0.237407 0.154000
v -0.006960 0.237351 0.154000
v -0.006987 0.237197 0.154000
v -0.007067 0.237088 0.154000
v -0.007201 0.237022 0.154000
v -0.007389 0.237000 0.154000
v -0.022556 0.245500 0.154000
v -0.022561 0.245398 0.154000
v -0.022537 0.245325 0.154000
v -0.022483 0.245281 0.154000
v -0.022400 0.245266 0.154000
v -0.014485 0.245266 0.154000
v -0.014388 0.245281 0.154000
v -0.014329 0.245325 0.154000
v -0.014310 0.245398 0.154000
v -0.014329 0.245500 0.154000
v -0.018345 0.258562 0.154000
v -0.018367 0.258630 0.154000
v -0.018394 0.258679 0.154000
v -0.018426 0.258708 0.154000
v -0.018462 0.258718 0.154000
v -0.018499 0.258708 0.154000
v -0.018530 0.258679 0.154000
v -0.018557 0.258630 0.154000
v -0.018579 0.258562 0.154000
v -0.050006 0.237000 0.154000
v -0.050100 0.237009 0.154000
v -0.050186 0.237034 0.154000
v -0.050265 0.237077 0.154000
v -0.050337 0.237136 0.154000
v -0.050397 0.237208 0.154000
v -0.050439 0.237288 0.154000
v -0.050465 0.237374 0.154000
v -0.050474 0.237468 0.154000
v -0.050474 0.263826 0.154000
v -0.050465 0.263919 0.154000
v -0.050439 0.264006 0.154000
v -0.050397 0.264085 0.154000
v -0.050337 0.264157 0.154000
v -0.050265 0.264217 0.154000
v -0.050186 0.264259 0.154000
v -0.050100 0.264285 0.154000
v -0.050006 0.264294 0.154000
v -0.046419 0.264294 0.154000
v -0.046325 0.264285 0.154000
v -0.046238 0.264259 0.154000
v -0.046159 0.264217 0.154000
v -0.046087 0.264157 0.154000
v -0.046027 0.264085 0.154000
v -0.045985 0.264006 0.154000
v -0.045959 0.263919 0.154000
v -0.045951 0.263826 0.154000
v -0.045951 0.241094 0.154000
v -0.045938 0.241009 0.154000
v -0.045902 0.240948 0.154000
v -0.045841 0.240911 0.154000
v -0.045756 0.240899 0.154000
v -0.032694 0.240899 0.154000
v -0.032600 0.240891 0.154000
v -0.032513 0.240865 0.154000
v -0.032434 0.240822 0.154000
v -0.032362 0.240763 0.154000
v -0.032303 0.240691 0.154000
v -0.032260 0.240611 0.154000
v -0.032234 0.240525 0.154000
v -0.032226 0.240431 0.154000
v -0.032226 0.237468 0.154000
v -0.032234 0.237374 0.154000
v -0.032260 0.237288 0.154000
v -0.032303 0.237208 0.154000
v -0.032362 0.237136 0.154000
v -0.032434 0.237077 0.154000
v -0.032513 0.237034 0.154000
v -0.032600 0.237009 0.154000
v -0.032694 0.237000 0.154000
v -0.065056 0.236688 0.154000
v -0.066474 0.236760 0.154000
v -0.067805 0.236976 0.154000
v -0.069048 0.237335 0.154000
v -0.070203 0.237838 0.154000
v -0.071251 0.238471 0.154000
v -0.072172 0.239218 0.154000
v -0.072966 0.240079 0.154000
v -0.073634 0.241055 0.154000
v -0.074163 0.242130 0.154000
v -0.074541 0.243287 0.154000
v -0.074767 0.244528 0.154000
v -0.074843 0.245851 0.154000
v -0.074843 0.255482 0.154000
v -0.074767 0.256805 0.154000
v -0.074541 0.258045 0.154000
v -0.074163 0.259203 0.154000
v -0.073634 0.260278 0.154000
v -0.072966 0.261252 0.154000
v -0.072172 0.262110 0.154000
v -0.071251 0.262851 0.154000
v -0.070203 0.263475 0.154000
v -0.069048 0.263969 0.154000
v -0.067805 0.264323 0.154000
v -0.066474 0.264535 0.154000
v -0.065056 0.264606 0.154000
v -0.063655 0.264537 0.154000
v -0.062337 0.264333 0.154000
v -0.061101 0.263991 0.154000
v -0.059948 0.263514 0.154000
v -0.058901 0.262912 0.154000
v -0.057979 0.262198 0.154000
v -0.057185 0.261372 0.154000
v -0.056517 0.260433 0.154000
v -0.055988 0.259400 0.154000
v -0.055611 0.258289 0.154000
v -0.055384 0.257100 0.154000
v -0.055308 0.255833 0.154000
v -0.055317 0.255739 0.154000
v -0.055343 0.255652 0.154000
v -0.055385 0.255573 0.154000
v -0.055445 0.255501 0.154000
v -0.055517 0.255441 0.154000
v -0.055596 0.255399 0.154000
v -0.055683 0.255373 0.154000
v -0.055776 0.255365 0.154000
v -0.059364 0.255170 0.154000
v -0.059568 0.255197 0.154000
v -0.059714 0.255277 0.154000
v -0.059802 0.255411 0.154000
v -0.059831 0.255599 0.154000
v -0.059920 0.256693 0.154000
v -0.060187 0.257675 0.154000
v -0.060632 0.258545 0.154000
v -0.061255 0.259303 0.154000
v -0.062026 0.259917 0.154000
v -0.062917 0.260355 0.154000
v -0.063927 0.260619 0.154000
v -0.065056 0.260706 0.154000
v -0.066187 0.260619 0.154000
v -0.067201 0.260355 0.154000
v -0.068097 0.259917 0.154000
v -0.068877 0.259303 0.154000
v -0.069508 0.258545 0.154000
v -0.069959 0.257675 0.154000
v -0.070230 0.256693 0.154000
v -0.070320 0.255599 0.154000
v -0.070320 0.245656 0.154000
v -0.070230 0.244579 0.154000
v -0.069959 0.243609 0.154000
v -0.069508 0.242746 0.154000
v -0.068877 0.241991 0.154000
v -0.068097 0.241377 0.154000
v -0.067201 0.240938 0.154000
v -0.066187 0.240675 0.154000
v -0.065056 0.240587 0.154000
v -0.063927 0.240674 0.154000
v -0.062917 0.240933 0.154000
v -0.062026 0.241366 0.154000
v -0.061255 0.241971 0.154000
v -0.060632 0.242721 0.154000
v -0.060187 0.243585 0.154000
v -0.059920 0.244563 0.154000
v -0.059831 0.245656 0.154000
v -0.059802 0.245844 0.154000
v -0.059714 0.245978 0.154000
v -0.059568 0.246058 0.154000
v -0.059364 0.246085 0.154000
v -0.055776 0.245929 0.154000
v -0.055683 0.245922 0.154000
v -0.055596 0.245900 0.154000
v -0.055517 0.245863 0.154000
v -0.055445 0.245812 0.154000
v -0.055385 0.245751 0.154000
v -0.055343 0.245685 0.154000
v -0.055317 0.245615 0.154000
v -0.055308 0.245539 0.154000
v -0.055384 0.244254 0.154000
v -0.055611 0.243048 0.154000
v -0.055988 0.241924 0.154000
v -0.056517 0.240880 0.154000
v -0.057185 0.239933 0.154000
v -0.057979 0.239101 0.154000
v -0.058901 0.238383 0.154000
v -0.059948 0.237780 0.154000
v -0.061101 0.237302 0.154000
v -0.062337 0.236961 0.154000
v -0.063655 0.236756 0.154000
v -0.078781 0.260862 0.154000
v -0.078789 0.260769 0.154000
v -0.078815 0.260682 0.154000
v -0.078858 0.260603 0.154000
v -0.078917 0.260531 0.154000
v -0.078989 0.260471 0.154000
v -0.079069 0.260429 0.154000
v -0.079155 0.260403 0.154000
v -0.079249 0.260394 0.154000
v -0.092545 0.260394 0.154000
v -0.092630 0.260382 0.154000
v -0.092691 0.260346 0.154000
v -0.092727 0.260285 0.154000
v -0.092740 0.260200 0.154000
v -0.092740 0.252908 0.154000
v -0.092727 0.252823 0.154000
v -0.092691 0.252762 0.154000
v -0.092630 0.252725 0.154000
v -0.092545 0.252713 0.154000
v -0.083616 0.252713 0.154000
v -0.083522 0.252705 0.154000
v -0.083435 0.252679 0.154000
v -0.083356 0.252637 0.154000
v -0.083284 0.252577 0.154000
v -0.083225 0.252505 0.154000
v -0.083182 0.252426 0.154000
v -0.083156 0.252339 0.154000
v -0.083148 0.252245 0.154000
v -0.083148 0.249282 0.154000
v -0.083156 0.249188 0.154000
v -0.083182 0.249102 0.154000
v -0.083225 0.249023 0.154000
v -0.083284 0.248951 0.154000
v -0.083356 0.248891 0.154000
v -0.083435 0.248848 0.154000
v -0.083522 0.248823 0.154000
v -0.083616 0.248814 0.154000
v -0.092545 0.248814 0.154000
v -0.092630 0.248802 0.154000
v -0.092691 0.248765 0.154000
v -0.092727 0.248705 0.154000
v -0.092740 0.248619 0.154000
v -0.092740 0.241094 0.154000
v -0.092727 0.241009 0.154000
v -0.092691 0.240948 0.154000
v -0.092630 0.240911 0.154000
v -0.092545 0.240899 0.154000
v -0.079249 0.240899 0.154000
v -0.079155 0.240891 0.154000
v -0.079069 0.240865 0.154000
v -0.078989 0.240822 0.154000
v -0.078917 0.240763 0.154000
v -0.078858 0.240691 0.154000
v -0.078815 0.240611 0.154000
v -0.078789 0.240525 0.154000
v -0.078781 0.240431 0.154000
v -0.078781 0.237468 0.154000
v -0.078789 0.237374 0.154000
v -0.078815 0.237288 0.154000
v -0.078858 0.237208 0.154000
v -0.078917 0.237136 0.154000
v -0.078989 0.237077 0.154000
v -0.079069 0.237034 0.154000
v -0.079155 0.237009 0.154000
v -0.079249 0.237000 0.154000
v -0.096795 0.237000 0.154000
v -0.096889 0.237009 0.154000
v -0.096975 0.237034 0.154000
v -0.097054 0.237077 0.154000
v -0.097126 0.237136 0.154000
v -0.097186 0.237208 0.154000
v -0.097228 0.237288 0.154000
v -0.097254 0.237374 0.154000
v -0.097263 0.237468 0.154000
v -0.097263 0.263826 0.154000
v -0.097254 0.263919 0.154000
v -0.097228 0.264006 0.154000
v -0.097186 0.264085 0.154000
v -0.097126 0.264157 0.154000
v -0.097054 0.264217 0.154000
v -0.096975 0.264259 0.154000
v -0.096889 0.264285 0.154000
v -0.096795 0.264294 0.154000
v -0.079249 0.264294 0.154000
v -0.079155 0.264285 0.154000
v -0.079069 0.264259 0.154000
v -0.078989 0.264217 0.154000
v -0.078917 0.264157 0.154000
v -0.078858 0.264085 0.154000
v -0.078815 0.264006 0.154000
v -0.078789 0.263919 0.154000
v -0.078781 0.263826 0.154000
v -0.078781 0.260862 0.154000
v -0.078781 0.260862 0.156000
v -0.078789 0.260769 0.154000
v -0.078789 0.260769 0.156000
v -0.078815 0.260682 0.154000
v -0.078815 0.260682 0.156000
v -0.078858 0.260603 0.154000
v -0.078858 0.260603 0.156000
v -0.078917 0.260531 0.154000
v -0.078917 0.260531 0.156000
v -0.078989 0.260471 0.154000
v -0.078989 0.260471 0.156000
v -0.079069 0.260429 0.154000
v -0.079069 0.260429 0.156000
v -0.079155 0.260403 0.154000
v -0.079155 0.260403 0.156000
v -0.079249 0.260394 0.154000
v -0.079249 0.260394 0.156000
v -0.092545 0.260394 0.154000
v -0.092545 0.260394 0.156000
v -0.092630 0.260382 0.154000
v -0.092630 0.260382 0.156000
v -0.092691 0.260346 0.154000
v -0.092691 0.260346 0.156000
v -0.092727 0.260285 0.154000
v -0.092727 0.260285 0.156000
v -0.092740 0.260200 0.154000
v -0.092740 0.260200 0.156000
v -0.092740 0.252908 0.154000
v -0.092740 0.252908 0.156000
v -0.092727 0.252823 0.154000
v -0.092727 0.252823 0.156000
v -0.092691 0.252762 0.154000
v -0.092691 0.252762 0.156000
v -0.092630 0.252725 0.154000
v -0.092630 0.252725 0.156000
v -0.092545 0.252713 0.154000
v -0.092545 0.252713 0.156000
v -0.083616 0.252713 0.154000
v -0.083616 0.252713 0.156000
v -0.083522 0.252705 0.154000
v -0.083522 0.252705 0.156000
v -0.083435 0.252679 0.154000
v -0.083435 0.252679 0.156000
v -0.083356 0.252637 0.154000
v -0.083356 0.252637 0.156000
v -0.083284 0.252577 0.154000
v -0.083284 0.252577 0.156000
v -0.083225 0.252505 0.154000
v -0.083225 0.252505 0.156000
v -0.083182 0.252426 0.154000
v -0.083182 0.252426 0.156000
v -0.083156 0.252339 0.154000
v -0.083156 0.252339 0.156000
v -0.083148 0.252245 0.154000
v -0.083148 0.252245 0.156000
v -0.083148 0.249282 0.154000
v -0.083148 0.249282 0.156000
v -0.083156 0.249188 0.154000
v -0.083156 0.249188 0.156000
v -0.083182 0.249102 0.154000
v -0.083182 0.249102 0.156000
v -0.083225 0.249023 0.154000
v -0.083225 0.249023 0.156000
v -0.083284 0.248951 0.154000
v -0.083284 0.248951 0.156000
v -0.083356 0.248891 0.154000
v -0.083356 0.248891 0.156000
v -0.083435 0.248848 0.154000
v -0.083435 0.248848 0.156000
v -0.083522 0.248823 0.154000
v -0.083522 0.248823 0.156000
v -0.083616 0.248814 0.154000
v -0.083616 0.248814 0.156000
v -0.092545 0.248814 0.154000
v -0.092545 0.248814 0.156000
v -0.092630 0.248802 0.154000
v -0.092630 0.248802 0.156000
v -0.092691 0.248765 0.154000
v -0.092691 0.248765 0.156000
v -0.092727 0.248705 0.154000
v -0.092727 0.248705 0.156000
v -0.092740 0.248619 0.154000
v -0.092740 0.248619 0.156000
v -0.092740 0.241094 0.154000
v -0.092740 0.241094 0.156000
v -0.092727 0.241009 0.154000
v -0.092727 0.241009 0.156000
v -0.092691 0.240948 0.154000
v -0.092691 0.240948 0.156000
v -0.092630 0.240911 0.154000
v -0.092630 0.240911 0.156000
v -0.092545 0.240899 0.154000
v -0.092545 0.240899 0.156000
v -0.079249 0.240899 0.154000
v -0.079249 0.240899 0.156000
v -0.079155 0.240891 0.154000
v -0.079155 0.240891 0.156000
v -0.079069 0.240865 0.154000
v -0.079069 0.240865 0.156000
v -0.078989 0.240822 0.154000
v -0.078989 0.240822 0.156000
v -0.078917 0.240763 0.154000
v -0.078917 0.240763 0.156000
v -0.078858 0.240691 0.154000
v -0.078858 0.240691 0.156000
v -0.078815 0.240611 0.154000
v -0.078815 0.240611 0.156000
v -0.078789 0.240525 0.154000
v -0.078789 0.240525 0.156000
v -0.078781 0.240431 0.154000
v -0.078781 0.240431 0.156000
v -0.078781 0.237468 0.154000
v -0.078781 0.237468 0.156000
v -0.078789 0.237374 0.154000
v -0.078789 0.237374 0.156000
v -0.078815 0.237288 0.154000
v -0.078815 0.237288 0.156000
v -0.078858 0.237208 0.154000
v -0.078858 0.237208 0.156000
v -0.078917 0.237136 0.154000
v -0.078917 0.237136 0.156000
v -0.078989 0.237077 0.154000
v -0.078989 0.237077 0.156000
v -0.079069 0.237034 0.154000
v -0.079069 0.237034 0.156000
v -0.079155 0.237009 0.154000
v -0.079155 0.237009 0.156000
v -0.079249 0.237000 0.154000
v -0.079249 0.237000 0.156000
v -0.096795 0.237000 0.154000
v -0.096795 0.237000 0.156000
v -0.096889 0.237009 0.154000
v -0.096889 0.237009 0.156000
v -0.096975 0.237034 0.154000
v -0.096975 0.237034 0.156000
v -0.097054 0.237077 0.154000
v -0.097054 0.237077 0.156000
v -0.097126 0.237136 0.154000
v -0.097126 0.237136 0.156000
v -0.097186 0.237208 0.154000
v -0.097186 0.237208 0.156000
v -0.097228 0.237288 0.154000
v -0.097228 0.237288 0.156000
v -0.097254 0.237374 0.154000
v -0.097254 0.237374 0.156000
v -0.097263 0.237468 0.154000
v -0.097263 0.237468 0.156000
v -0.097263 0.263826 0.154000
v -0.097263 0.263826 0.156000
v -0.097254 0.263919 0.154000
v -0.097254 0.263919 0.156000
v -0.097228 0.264006 0.154000
v -0.097228 0.264006 0.156000
v -0.097186 0.264085 0.154000
v -0.097186 0.264085 0.156000
v -0.097126 0.264157 0.154000
v -0.097126 0.264157 0.156000
v -0.097054 0.264217 0.154000
v -0.097054 0.264217 0.156000
v -0.096975 0.264259 0.154000
v -0.096975 0.264259 0.156000
v -0.096889 0.264285 0.154000
v -0.096889 0.264285 0.156000
v -0.096795 0.264294 0.154000
v -0.096795 0.264294 0.156000
v -0.079249 0.264294 0.154000
v -0.079249 0.264294 0.156000
v -0.079155 0.264285 0.154000
v -0.079155 0.264285 0.156000
v -0.079069 0.264259 0.154000
v -0.079069 0.264259 0.156000
v -0.078989 0.264217 0.154000
v -0.078989 0.264217 0.156000
v -0.078917 0.264157 0.154000
v -0.078917 0.264157 0.156000
v -0.078858 0.264085 0.154000
v -0.078858 0.264085 0.156000
v -0.078815 0.264006 0.154000
v -0.078815 0.264006 0.156000
v -0.078789 0.263919 0.154000
v -0.078789 0.263919 0.156000
v -0.078781 0.263826 0.154000
v -0.078781 0.263826 0.156000
v -0.065056 0.236688 0.154000
v -0.065056 0.236688 0.156000
v -0.066474 0.236760 0.154000
v -0.066474 0.236760 0.156000
v -0.067805 0.236976 0.154000
v -0.067805 0.236976 0.156000
v -0.069048 0.237335 0.154000
v -0.069048 0.237335 0.156000
v -0.070203 0.237838 0.154000
v -0.070203 0.237838 0.156000
v -0.071251 0.238471 0.154000
v -0.071251 0.238471 0.156000
v -0.072172 0.239218 0.154000
v -0.072172 0.239218 0.156000
v -0.072966 0.240079 0.154000
v -0.072966 0.240079 0.156000
v -0.073634 0.241055 0.154000
v -0.073634 0.241055 0.156000
v -0.074163 0.242130 0.154000
v -0.074163 0.242130 0.156000
v -0.074541 0.243287 0.154000
v -0.074541 0.243287 0.156000
v -0.074767 0.244528 0.154000
v -0.074767 0.244528 0.156000
v -0.074843 0.245851 0.154000
v -0.074843 0.245851 0.156000
v -0.074843 0.255482 0.154000
v -0.074843 0.255482 0.156000
v -0.074767 0.256805 0.154000
v -0.074767 0.256805 0.156000
v -0.074541 0.258045 0.154000
v -0.074541 0.258045 0.156000
v -0.074163 0.259203 0.154000
v -0.074163 0.259203 0.156000
v -0.073634 0.260278 0.154000
v -0.073634 0.260278 0.156000
v -0.072966 0.261252 0.154000
v -0.072966 0.261252 0.156000
v -0.072172 0.262110 0.154000
v -0.072172 0.262110 0.156000
v -0.071251 0.262851 0.154000
v -0.071251 0.262851 0.156000
v -0.070203 0.263475 0.154000
v -0.070203 0.263475 0.156000
v -0.069048 0.263969 0.154000
v -0.069048 0.263969 0.156000
v -0.067805 0.264323 0.154000
v -0.067805 0.264323 0.156000
v -0.066474 0.264535 0.154000
v -0.066474 0.264535 0.156000
v -0.065056 0.264606 0.154000
v -0.065056 0.264606 0.156000
v -0.063655 0.264537 0.154000
v -0.063655 0.264537 0.156000
v -0.062337 0.264333 0.154000
v -0.062337 0.264333 0.156000
v -0.061101 0.263991 0.154000
v -0.061101 0.263991 0.156000
v -0.059948 0.263514 0.154000
v -0.059948 0.263514 0.156000
v -0.058901 0.262912 0.154000
v -0.058901 0.262912 0.156000
v -0.057979 0.262198 0.154000
v -0.057979 0.262198 0.156000
v -0.057185 0.261372 0.154000
v -0.057185 0.261372 0.156000
v -0.056517 0.260433 0.154000
v -0.056517 0.260433 0.156000
v -0.055988 0.259400 0.154000
v -0.055988 0.259400 0.156000
v -0.055611 0.258289 0.154000
v -0.055611 0.258289 0.156000
v -0.055384 0.257100 0.154000
v -0.055384 0.257100 0.156000
v -0.055308 0.255833 0.154000
v -0.055308 0.255833 0.156000
v -0.055317 0.255739 0.154000
v -0.055317 0.255739 0.156000
v -0.055343 0.255652 0.154000
v -0.055343 0.255652 0.156000
v -0.055385 0.255573 0.154000
v -0.055385 0.255573 0.156000
v -0.055445 0.255501 0.154000
v -0.055445 0.255501 0.156000
v -0.055517 0.255441 0.154000
v -0.055517 0.255441 0.156000
v -0.055596 0.255399 0.154000
v -0.055596 0.255399 0.156000
v -0.055683 0.255373 0.154000
v -0.055683 0.255373 0.156000
v -0.055776 0.255365 0.154000
v -0.055776 0.255365 0.156000
v -0.059364 0.255170 0.154000
v -0.059364 0.255170 0.156000
v -0.059568 0.255197 0.154000
v -0.059568 0.255197 0.156000
v -0.059714 0.255277 0.154000
v -0.059714 0.255277 0.156000
v -0.059802 0.255411 0.154000
v -0.059802 0.255411 0.156000
v -0.059831 0.255599 0.154000
v -0.059831 0.255599 0.156000
v -0.059920 0.256693 0.154000
v -0.059920 0.256693 0.156000
v -0.060187 0.257675 0.154000
v -0.060187 0.257675 0.156000
v -0.060632 0.258545 0.154000
v -0.060632 0.258545 0.156000
v -0.061255 0.259303 0.154000
v -0.061255 0.259303 0.156000
v -0.062026 0.259917 0.154000
v -0.062026 0.259917 0.156000
v -0.062917 0.260355 0.154000
v -0.062917 0.260355 0.156000
v -0.063927 0.260619 0.154000
v -0.063927 0.260619 0.156000
v -0.065056 0.260706 0.154000
v -0.065056 0.260706 0.156000
v -0.066187 0.260619 0.154000
v -0.066187 0.260619 0.156000
v -0.067201 0.260355 0.154000
v -0.067201 0.260355 0.156000
v -0.068097 0.259917 0.154000
v -0.068097 0.259917 0.156000
v -0.068877 0.259303 0.154000
v -0.068877 0.259303 0.156000
v -0.069508 0.258545 0.154000
v -0.069508 0.258545 0.156000
v -0.069959 0.257675 0.154000
v -0.069959 0.257675 0.156000
v -0.070230 0.256693 0.154000
v -0.070230 0.256693 0.156000
v -0.070320 0.255599 0.154000
v -0.070320 0.255599 0.156000
v -0.070320 0.245656 0.154000
v -0.070320 0.245656 0.156000
v -0.070230 0.244579 0.154000
v -0.070230 0.244579 0.156000
v -0.069959 0.243609 0.154000
v -0.069959 0.243609 0.156000
v -0.069508 0.242746 0.154000
v -0.069508 0.242746 0.156000
v -0.068877 0.241991 0.154000
v -0.068877 0.241991 0.156000
v -0.068097 0.241377 0.154000
v -0.068097 0.241377 0.156000
v -0.067201 0.240938 0.154000
v -0.067201 0.240938 0.156000
v -0.066187 0.240675 0.154000
v -0.066187 0.240675 0.156000
v -0.065056 0.240587 0.154000
v -0.065056 0.240587 0.156000
v -0.063927 0.240674 0.154000
v -0.063927 0.240674 0.156000
v -0.062917 0.240933 0.154000
v -0.062917 0.240933 0.156000
v -0.062026 0.241366 0.154000
v -0.062026 0.241366 0.156000
v -0.061255 0.241971 0.154000
v -0.061255 0.241971 0.156000
v -0.060632 0.242721 0.154000
v -0.060632 0.242721 0.156000
v -0.060187 0.243585 0.154000
v -0.060187 0.243585 0.156000
v -0.059920 0.244563 0.154000
v -0.059920 0.244563 0.156000
v -0.059831 0.245656 0.154000
v -0.059831 0.245656 0.156000
v -0.059802 0.245844 0.154000
v -0.059802 0.245844 0.156000
v -0.059714 0.245978 0.154000
v -0.059714 0.245978 0.156000
v -0.059568 0.246058 0.154000
v -0.059568 0.246058 0.156000
v -0.059364 0.246085 0.154000
v -0.059364 0.246085 0.156000
v -0.055776 0.245929 0.154000
v -0.055776 0.245929 0.156000
v -0.055683 0.245922 0.154000
v -0.055683 0.245922 0.156000
v -0.055596 0.245900 0.154000
v -0.055596 0.245900 0.156000
v -0.055517 0.245863 0.154000
v -0.055517 0.245863 0.156000
v -0.055445 0.245812 0.154000
v -0.055445 0.245812 0.156000
v -0.055385 0.245751 0.154000
v -0.055385 0.245751 0.156000
v -0.055343 0.245685 0.154000
v -0.055343 0.245685 0.156000
v -0.055317 0.245615 0.154000
v -0.055317 0.245615 0.156000
v -0.055308 0.245539 0.154000
v -0.055308 0.245539 0.156000
v -0.055384 0.244254 0.154000
v -0.055384 0.244254 0.156000
v -0.055611 0.243048 0.154000
v -0.055611 0.243048 0.156000
v -0.055988 0.241924 0.154000
v -0.055988 0.241924 0.156000
v -0.056517 0.240880 0.154000
v -0.056517 0.240880 0.156000
v -0.057185 0.239933 0.154000
v -0.057185 0.239933 0.156000
v -0.057979 0.239101 0.154000
v -0.057979 0.239101 0.156000
v -0.058901 0.238383 0.154000
v -0.058901 0.238383 0.156000
v -0.059948 0.237780 0.154000
v -0.059948 0.237780 0.156000
v -0.061101 0.237302 0.154000
v -0.061101 0.237302 0.156000
v -0.062337 0.236961 0.154000
v -0.062337 0.236961 0.156000
v -0.063655 0.236756 0.154000
v -0.063655 0.236756 0.156000
v -0.050006 0.237000 0.154000
v -0.050006 0.237000 0.156000
v -0.050100 0.237009 0.154000
v -0.050100 0.237009 0.156000
v -0.050186 0.237034 0.154000
v -0.050186 0.237034 0.156000
v -0.050265 0.237077 0.154000
v -0.050265 0.237077 0.156000
v -0.050337 0.237136 0.154000
v -0.050337 0.237136 0.156000
v -0.050397 0.237208 0.154000
v -0.050397 0.237208 0.156000
v -0.050439 0.237288 0.154000
v -0.050439 0.237288 0.156000
v -0.050465 0.237374 0.154000
v -0.050465 0.237374 0.156000
v -0.050474 0.237468 0.154000
v -0.050474 0.237468 0.156000
v -0.050474 0.263826 0.154000
v -0.050474 0.263826 0.156000
v -0.050465 0.263919 0.154000
v -0.050465 0.263919 0.156000
v -0.050439 0.264006 0.154000
v -0.050439 0.264006 0.156000
v -0.050397 0.264085 0.154000
v -0.050397 0.264085 0.156000
v -0.050337 0.264157 0.154000
v -0.050337 0.264157 0.156000
v -0.050265 0.264217 0.154000
v -0.050265 0.264217 0.156000
v -0.050186 0.264259 0.154000
v -0.050186 0.264259 0.156000
v -0.050100 0.264285 0.154000
v -0.050100 0.264285 0.156000
v -0.050006 0.264294 0.154000
v -0.050006 0.264294 0.156000
v -0.046419 0.264294 0.154000
v -0.046419 0.264294 0.156000
v -0.046325 0.264285 0.154000
v -0.046325 0.264285 0.156000
v -0.046238 0.264259 0.154000
v -0.046238 0.264259 0.156000
v -0.046159 0.264217 0.154000
v -0.046159 0.264217 0.156000
v -0.046087 0.264157 0.154000
v -0.046087 0.264157 0.156000
v -0.046027 0.264085 0.154000
v -0.046027 0.264085 0.156000
v -0.045985 0.264006 0.154000
v -0.045985 0.264006 0.156000
v -0.045959 0.263919 0.154000
v -0.045959 0.263919 0.156000
v -0.045951 0.263826 0.154000
v -0.045951 0.263826 0.156000
v -0.045951 0.241094 0.154000
v -0.045951 0.241094 0.156000
v -0.045938 0.241009 0.154000
v -0.045938 0.241009 0.156000
v -0.045902 0.240948 0.154000
v -0.045902 0.240948 0.156000
v -0.045841 0.240911 0.154000
v -0.045841 0.240911 0.156000
v -0.045756 0.240899 0.154000
v -0.045756 0.240899 0.156000
v -0.032694 0.240899 0.154000
v -0.032694 0.240899 0.156000
v -0.032600 0.240891 0.154000
v -0.032600 0.240891 0.156000
v -0.032513 0.240865 0.154000
v -0.032513 0.240865 0.156000
v -0.032434 0.240822 0.154000
v -0.032434 0.240822 0.156000
v -0.032362 0.240763 0.154000
v -0.032362 0.240763 0.156000
v -0.032303 0.240691 0.154000
v -0.032303 0.240691 0.156000
v -0.032260 0.240611 0.154000
v -0.032260 0.240611 0.156000
v -0.032234 0.240525 0.154000
v -0.032234 0.240525 0.156000
v -0.032226 0.240431 0.154000
v -0.032226 0.240431 0.156000
v -0.032226 0.237468 0.154000
v -0.032226 0.237468 0.156000
v -0.032234 0.237374 0.154000
v -0.032234 0.237374 0.156000
v -0.032260 0.237288 0.154000
v -0.032260 0.237288 0.156000
v -0.032303 0.237208 0.154000
v -0.032303 0.237208 0.156000
v -0.032362 0.237136 0.154000
v -0.032362 0.237136 0.156000
v -0.032434 0.237077 0.154000
v -0.032434 0.237077 0.156000
v -0.032513 0.237034 0.154000
v -0.032513 0.237034 0.156000
v -0.032600 0.237009 0.154000
v -0.032600 0.237009 0.156000
v -0.032694 0.237000 0.154000
v -0.032694 0.237000 0.156000
v -0.011288 0.237000 0.154000
v -0.011288 0.237000 0.156000
v -0.011466 0.237024 0.154000
v -0.011466 0.237024 0.156000
v -0.011610 0.237097 0.154000
v -0.011610 0.237097 0.156000
v -0.011719 0.237219 0.154000
v -0.011719 0.237219 0.156000
v -0.011795 0.237390 0.154000
v -0.011795 0.237390 0.156000
v -0.013081 0.241562 0.154000
v -0.013081 0.241562 0.156000
v -0.013123 0.241630 0.154000
v -0.013123 0.241630 0.156000
v -0.013169 0.241679 0.154000
v -0.013169 0.241679 0.156000
v -0.013220 0.241708 0.154000
v -0.013220 0.241708 0.156000
v -0.013276 0.241718 0.154000
v -0.013276 0.241718 0.156000
v -0.023570 0.241718 0.154000
v -0.023570 0.241718 0.156000
v -0.023626 0.241708 0.154000
v -0.023626 0.241708 0.156000
v -0.023677 0.241679 0.154000
v -0.023677 0.241679 0.156000
v -0.023723 0.241630 0.154000
v -0.023723 0.241630 0.156000
v -0.023765 0.241562 0.154000
v -0.023765 0.241562 0.156000
v -0.025052 0.237390 0.154000
v -0.025052 0.237390 0.156000
v -0.025127 0.237219 0.154000
v -0.025127 0.237219 0.156000
v -0.025237 0.237097 0.154000
v -0.025237 0.237097 0.156000
v -0.025381 0.237024 0.154000
v -0.025381 0.237024 0.156000
v -0.025558 0.237000 0.154000
v -0.025558 0.237000 0.156000
v -0.029458 0.237000 0.154000
v -0.029458 0.237000 0.156000
v -0.029567 0.237009 0.154000
v -0.029567 0.237009 0.156000
v -0.029662 0.237034 0.154000
v -0.029662 0.237034 0.156000
v -0.029743 0.237077 0.154000
v -0.029743 0.237077 0.156000
v -0.029808 0.237136 0.154000
v -0.029808 0.237136 0.156000
v -0.029855 0.237213 0.154000
v -0.029855 0.237213 0.156000
v -0.029877 0.237307 0.154000
v -0.029877 0.237307 0.156000
v -0.029874 0.237418 0.154000
v -0.029874 0.237418 0.156000
v -0.029847 0.237546 0.154000
v -0.029847 0.237546 0.156000
v -0.021386 0.263904 0.154000
v -0.021386 0.263904 0.156000
v -0.021311 0.264074 0.154000
v -0.021311 0.264074 0.156000
v -0.021201 0.264196 0.154000
v -0.021201 0.264196 0.156000
v -0.021057 0.264269 0.154000
v -0.021057 0.264269 0.156000
v -0.020880 0.264294 0.154000
v -0.020880 0.264294 0.156000
v -0.016006 0.264294 0.154000
v -0.016006 0.264294 0.156000
v -0.015828 0.264269 0.154000
v -0.015828 0.264269 0.156000
v -0.015684 0.264196 0.154000
v -0.015684 0.264196 0.156000
v -0.015574 0.264074 0.154000
v -0.015574 0.264074 0.156000
v -0.015499 0.263904 0.154000
v -0.015499 0.263904 0.156000
v -0.006999 0.237546 0.154000
v -0.006999 0.237546 0.156000
v -0.006982 0.237504 0.154000
v -0.006982 0.237504 0.156000
v -0.006970 0.237458 0.154000
v -0.006970 0.237458 0.156000
v -0.006962 0.237407 0.154000
v -0.006962 0.237407 0.156000
v -0.006960 0.237351 0.154000
v -0.006960 0.237351 0.156000
v -0.006987 0.237197 0.154000
v -0.006987 0.237197 0.156000
v -0.007067 0.237088 0.154000
v -0.007067 0.237088 0.156000
v -0.007201 0.237022 0.154000
v -0.007201 0.237022 0.156000
v -0.007389 0.237000 0.154000
v -0.007389 0.237000 0.156000
v -0.022556 0.245500 0.154000
v -0.022556 0.245500 0.156000
v -0.022561 0.245398 0.154000
v -0.022561 0.245398 0.156000
v -0.022537 0.245325 0.154000
v -0.022537 0.245325 0.156000
v -0.022483 0.245281 0.154000
v -0.022483 0.245281 0.156000
v -0.022400 0.245266 0.154000
v -0.022400 0.245266 0.156000
v -0.014485 0.245266 0.154000
v -0.014485 0.245266 0.156000
v -0.014388 0.245281 0.154000
v -0.014388 0.245281 0.156000
v -0.014329 0.245325 0.154000
v -0.014329 0.245325 0.156000
v -0.014310 0.245398 0.154000
v -0.014310 0.245398 0.156000
v -0.014329 0.245500 0.154000
v -0.014329 0.245500 0.156000
v -0.018345 0.258562 0.154000
v -0.018345 0.258562 0.156000
v -0.018367 0.258630 0.154000
v -0.018367 0.258630 0.156000
v -0.018394 0.258679 0.154000
v -0.018394 0.258679 0.156000
v -0.018426 0.258708 0.154000
v -0.018426 0.258708 0.156000
v -0.018462 0.258718 0.154000
v -0.018462 0.258718 0.156000
v -0.018499 0.258708 0.154000
v -0.018499 0.258708 0.156000
v -0.018530 0.258679 0.154000
v -0.018530 0.258679 0.156000
v -0.018557 0.258630 0.154000
v -0.018557 0.258630 0.156000
v -0.018579 0.258562 0.154000
v -0.018579 0.258562 0.156000
v -0.002476 0.237000 0.154000
v -0.002476 0.237000 0.156000
v -0.002570 0.237009 0.154000
v -0.002570 0.237009 0.156000
v -0.002656 0.237034 0.154000
v -0.002656 0.237034 0.156000
v -0.002735 0.237077 0.154000
v -0.002735 0.237077 0.156000
v -0.002807 0.237136 0.154000
v -0.002807 0.237136 0.156000
v -0.002867 0.237208 0.154000
v -0.002867 0.237208 0.156000
v -0.002910 0.237288 0.154000
v -0.002910 0.237288 0.156000
v -0.002935 0.237374 0.154000
v -0.002935 0.237374 0.156000
v -0.002944 0.237468 0.154000
v -0.002944 0.237468 0.156000
v -0.002944 0.263826 0.154000
v -0.002944 0.263826 0.156000
v -0.002935 0.263919 0.154000
v -0.002935 0.263919 0.156000
v -0.002910 0.264006 0.154000
v -0.002910 0.264006 0.156000
v -0.002867 0.264085 0.154000
v -0.002867 0.264085 0.156000
v -0.002807 0.264157 0.154000
v -0.002807 0.264157 0.156000
v -0.002735 0.264217 0.154000
v -0.002735 0.264217 0.156000
v -0.002656 0.264259 0.154000
v -0.002656 0.264259 0.156000
v -0.002570 0.264285 0.154000
v -0.002570 0.264285 0.156000
v -0.002476 0.264294 0.154000
v -0.002476 0.264294 0.156000
v 0.001111 0.264294 0.154000
v 0.001111 0.264294 0.156000
v 0.001205 0.264285 0.154000
v 0.001205 0.264285 0.156000
v 0.001292 0.264259 0.154000
v 0.001292 0.264259 0.156000
v 0.001371 0.264217 0.154000
v 0.001371 0.264217 0.156000
v 0.001443 0.264157 0.154000
v 0.001443 0.264157 0.156000
v 0.001502 0.264085 0.154000
v 0.001502 0.264085 0.156000
v 0.001545 0.264006 0.154000
v 0.001545 0.264006 0.156000
v 0.001571 0.263919 0.154000
v 0.001571 0.263919 0.156000
v 0.001579 0.263826 0.154000
v 0.001579 0.263826 0.156000
v 0.001579 0.237468 0.154000
v 0.001579 0.237468 0.156000
v 0.001571 0.237374 0.154000
v 0.001571 0.237374 0.156000
v 0.001545 0.237288 0.154000
v 0.001545 0.237288 0.156000
v 0.001502 0.237208 0.154000
v 0.001502 0.237208 0.156000
v 0.001443 0.237136 0.154000
v 0.001443 0.237136 0.156000
v 0.001371 0.237077 0.154000
v 0.001371 0.237077 0.156000
v 0.001292 0.237034 0.154000
v 0.001292 0.237034 0.156000
v 0.001205 0.237009 0.154000
v 0.001205 0.237009 0.156000
v 0.001111 0.237000 0.154000
v 0.001111 0.237000 0.156000
v 0.022595 0.237000 0.154000
v 0.022595 0.237000 0.156000
v 0.022415 0.237022 0.154000
v 0.022415 0.237022 0.156000
v 0.022264 0.237088 0.154000
v 0.022264 0.237088 0.156000
v 0.022142 0.237197 0.154000
v 0.022142 0.237197 0.156000
v 0.022049 0.237351 0.154000
v 0.022049 0.237351 0.156000
v 0.016903 0.248580 0.154000
v 0.016903 0.248580 0.156000
v 0.016859 0.248649 0.154000
v 0.016859 0.248649 0.156000
v 0.016805 0.248697 0.154000
v 0.016805 0.248697 0.156000
v 0.016742 0.248726 0.154000
v 0.016742 0.248726 0.156000
v 0.016669 0.248736 0.154000
v 0.016669 0.248736 0.156000
v 0.011990 0.248736 0.154000
v 0.011990 0.248736 0.156000
v 0.011904 0.248724 0.154000
v 0.011904 0.248724 0.156000
v 0.011843 0.248688 0.154000
v 0.011843 0.248688 0.156000
v 0.011807 0.248627 0.154000
v 0.011807 0.248627 0.156000
v 0.011795 0.248541 0.154000
v 0.011795 0.248541 0.156000
v 0.011795 0.237468 0.154000
v 0.011795 0.237468 0.156000
v 0.011786 0.237374 0.154000
v 0.011786 0.237374 0.156000
v 0.011761 0.237288 0.154000
v 0.011761 0.237288 0.156000
v 0.011718 0.237208 0.154000
v 0.011718 0.237208 0.156000
v 0.011658 0.237136 0.154000
v 0.011658 0.237136 0.156000
v 0.011586 0.237077 0.154000
v 0.011586 0.237077 0.156000
v 0.011507 0.237034 0.154000
v 0.011507 0.237034 0.156000
v 0.011421 0.237009 0.154000
v 0.011421 0.237009 0.156000
v 0.011327 0.237000 0.154000
v 0.011327 0.237000 0.156000
v 0.007740 0.237000 0.154000
v 0.007740 0.237000 0.156000
v 0.007646 0.237009 0.154000
v 0.007646 0.237009 0.156000
v 0.007559 0.237034 0.154000
v 0.007559 0.237034 0.156000
v 0.007480 0.237077 0.154000
v 0.007480 0.237077 0.156000
v 0.007408 0.237136 0.154000
v 0.007408 0.237136 0.156000
v 0.007349 0.237208 0.154000
v 0.007349 0.237208 0.156000
v 0.007306 0.237288 0.154000
v 0.007306 0.237288 0.156000
v 0.007280 0.237374 0.154000
v 0.007280 0.237374 0.156000
v 0.007272 0.237468 0.154000
v 0.007272 0.237468 0.156000
v 0.007272 0.263826 0.154000
v 0.007272 0.263826 0.156000
v 0.007280 0.263919 0.154000
v 0.007280 0.263919 0.156000
v 0.007306 0.264006 0.154000
v 0.007306 0.264006 0.156000
v 0.007349 0.264085 0.154000
v 0.007349 0.264085 0.156000
v 0.007408 0.264157 0.154000
v 0.007408 0.264157 0.156000
v 0.007480 0.264217 0.154000
v 0.007480 0.264217 0.156000
v 0.007559 0.264259 0.154000
v 0.007559 0.264259 0.156000
v 0.007646 0.264285 0.154000
v 0.007646 0.264285 0.156000
v 0.007740 0.264294 0.154000
v 0.007740 0.264294 0.156000
v 0.018462 0.264294 0.154000
v 0.018462 0.264294 0.156000
v 0.019617 0.264231 0.154000
v 0.019617 0.264231 0.156000
v 0.020704 0.264045 0.154000
v 0.020704 0.264045 0.156000
v 0.021723 0.263734 0.154000
v 0.021723 0.263734 0.156000
v 0.022673 0.263299 0.154000
v 0.022673 0.263299 0.156000
v 0.023538 0.262751 0.154000
v 0.023538 0.262751 0.156000
v 0.024301 0.262100 0.154000
v 0.024301 0.262100 0.156000
v 0.024961 0.261347 0.154000
v 0.024961 0.261347 0.156000
v 0.025519 0.260492 0.154000
v 0.025519 0.260492 0.156000
v 0.025963 0.259553 0.154000
v 0.025963 0.259553 0.156000
v 0.026280 0.258547 0.154000
v 0.026280 0.258547 0.156000
v 0.026470 0.257476 0.154000
v 0.026470 0.257476 0.156000
v 0.026533 0.256339 0.154000
v 0.026533 0.256339 0.156000
v 0.026447 0.255044 0.154000
v 0.026447 0.255044 0.156000
v 0.026187 0.253849 0.154000
v 0.026187 0.253849 0.156000
v 0.025755 0.252753 0.154000
v 0.025755 0.252753 0.156000
v 0.025149 0.251758 0.154000
v 0.025149 0.251758 0.156000
v 0.024390 0.250884 0.154000
v 0.024390 0.250884 0.156000
v 0.023497 0.250154 0.154000
v 0.023497 0.250154 0.156000
v 0.022470 0.249568 0.154000
v 0.022470 0.249568 0.156000
v 0.021308 0.249126 0.154000
v 0.021308 0.249126 0.156000
v 0.021272 0.249121 0.154000
v 0.021272 0.249121 0.156000
v 0.021240 0.249107 0.154000
v 0.021240 0.249107 0.156000
v 0.021213 0.249082 0.154000
v 0.021213 0.249082 0.156000
v 0.021192 0.249048 0.154000
v 0.021192 0.249048 0.156000
v 0.021177 0.249009 0.154000
v 0.021177 0.249009 0.156000
v 0.021172 0.248970 0.154000
v 0.021172 0.248970 0.156000
v 0.021177 0.248931 0.154000
v 0.021177 0.248931 0.156000
v 0.021192 0.248892 0.154000
v 0.021192 0.248892 0.156000
v 0.026689 0.237546 0.154000
v 0.026689 0.237546 0.156000
v 0.026723 0.237473 0.154000
v 0.026723 0.237473 0.156000
v 0.026748 0.237409 0.154000
v 0.026748 0.237409 0.156000
v 0.026762 0.237356 0.154000
v 0.026762 0.237356 0.156000
v 0.026767 0.237312 0.154000
v 0.026767 0.237312 0.156000
v 0.026740 0.237175 0.154000
v 0.026740 0.237175 0.156000
v 0.026660 0.237078 0.154000
v 0.026660 0.237078 0.156000
v 0.026526 0.237019 0.154000
v 0.026526 0.237019 0.156000
v 0.026338 0.237000 0.154000
v 0.026338 0.237000 0.156000
v 0.011990 0.260394 0.154000
v 0.011990 0.260394 0.156000
v 0.011904 0.260382 0.154000
v 0.011904 0.260382 0.156000
v 0.011843 0.260346 0.154000
v 0.011843 0.260346 0.156000
v 0.011807 0.260285 0.154000
v 0.011807 0.260285 0.156000
v 0.011795 0.260200 0.154000
v 0.011795 0.260200 0.156000
v 0.011795 0.252440 0.154000
v 0.011795 0.252440 0.156000
v 0.011807 0.252355 0.154000
v 0.011807 0.252355 0.156000
v 0.011843 0.252294 0.154000
v 0.011843 0.252294 0.156000
v 0.011904 0.252258 0.154000
v 0.011904 0.252258 0.156000
v 0.011990 0.252245 0.154000
v 0.011990 0.252245 0.156000
v 0.017838 0.252245 0.154000
v 0.017838 0.252245 0.156000
v 0.018729 0.252315 0.154000
v 0.018729 0.252315 0.156000
v 0.019530 0.252523 0.154000
v 0.019530 0.252523 0.156000
v 0.020240 0.252871 0.154000
v 0.020240 0.252871 0.156000
v 0.020860 0.253357 0.154000
v 0.020860 0.253357 0.156000
v 0.021363 0.253957 0.154000
v 0.021363 0.253957 0.156000
v 0.021723 0.254648 0.154000
v 0.021723 0.254648 0.156000
v 0.021938 0.255429 0.154000
v 0.021938 0.255429 0.156000
v 0.022010 0.256300 0.154000
v 0.022010 0.256300 0.156000
v 0.021938 0.257173 0.154000
v 0.021938 0.257173 0.156000
v 0.021723 0.257958 0.154000
v 0.021723 0.257958 0.156000
v 0.021363 0.258655 0.154000
v 0.021363 0.258655 0.156000
v 0.020860 0.259264 0.154000
v 0.020860 0.259264 0.156000
v 0.020240 0.259758 0.154000
v 0.020240 0.259758 0.156000
v 0.019530 0.260112 0.154000
v 0.019530 0.260112 0.156000
v 0.018729 0.260324 0.154000
v 0.018729 0.260324 0.156000
v 0.017838 0.260394 0.154000
v 0.017838 0.260394 0.156000
v 0.049655 0.260862 0.154000
v 0.049655 0.260862 0.156000
v 0.049646 0.260769 0.154000
v 0.049646 0.260769 0.156000
v 0.049621 0.260682 0.154000
v 0.049621 0.260682 0.156000
v 0.049578 0.260603 0.154000
v 0.049578 0.260603 0.156000
v 0.049518 0.260531 0.154000
v 0.049518 0.260531 0.156000
v 0.049446 0.260471 0.154000
v 0.049446 0.260471 0.156000
v 0.049367 0.260429 0.154000
v 0.049367 0.260429 0.156000
v 0.049281 0.260403 0.154000
v 0.049281 0.260403 0.156000
v 0.049187 0.260394 0.154000
v 0.049187 0.260394 0.156000
v 0.035891 0.260394 0.154000
v 0.035891 0.260394 0.156000
v 0.035806 0.260382 0.154000
v 0.035806 0.260382 0.156000
v 0.035745 0.260346 0.154000
v 0.035745 0.260346 0.156000
v 0.035708 0.260285 0.154000
v 0.035708 0.260285 0.156000
v 0.035696 0.260200 0.154000
v 0.035696 0.260200 0.156000
v 0.035696 0.252908 0.154000
v 0.035696 0.252908 0.156000
v 0.035708 0.252823 0.154000
v 0.035708 0.252823 0.156000
v 0.035745 0.252762 0.154000
v 0.035745 0.252762 0.156000
v 0.035806 0.252725 0.154000
v 0.035806 0.252725 0.156000
v 0.035891 0.252713 0.154000
v 0.035891 0.252713 0.156000
v 0.044820 0.252713 0.154000
v 0.044820 0.252713 0.156000
v 0.044914 0.252705 0.154000
v 0.044914 0.252705 0.156000
v 0.045000 0.252679 0.154000
v 0.045000 0.252679 0.156000
v 0.045079 0.252637 0.154000
v 0.045079 0.252637 0.156000
v 0.045151 0.252577 0.154000
v 0.045151 0.252577 0.156000
v 0.045211 0.252505 0.154000
v 0.045211 0.252505 0.156000
v 0.045254 0.252426 0.154000
v 0.045254 0.252426 0.156000
v 0.045279 0.252339 0.154000
v 0.045279 0.252339 0.156000
v 0.045288 0.252245 0.154000
v 0.045288 0.252245 0.156000
v 0.045288 0.249282 0.154000
v 0.045288 0.249282 0.156000
v 0.045279 0.249188 0.154000
v 0.045279 0.249188 0.156000
v 0.045254 0.249102 0.154000
v 0.045254 0.249102 0.156000
v 0.045211 0.249023 0.154000
v 0.045211 0.249023 0.156000
v 0.045151 0.248951 0.154000
v 0.045151 0.248951 0.156000
v 0.045079 0.248891 0.154000
v 0.045079 0.248891 0.156000
v 0.045000 0.248848 0.154000
v 0.045000 0.248848 0.156000
v 0.044914 0.248823 0.154000
v 0.044914 0.248823 0.156000
v 0.044820 0.248814 0.154000
v 0.044820 0.248814 0.156000
v 0.035891 0.248814 0.154000
v 0.035891 0.248814 0.156000
v 0.035806 0.248802 0.154000
v 0.035806 0.248802 0.156000
v 0.035745 0.248765 0.154000
v 0.035745 0.248765 0.156000
v 0.035708 0.248705 0.154000
v 0.035708 0.248705 0.156000
v 0.035696 0.248619 0.154000
v 0.035696 0.248619 0.156000
v 0.035696 0.241094 0.154000
v 0.035696 0.241094 0.156000
v 0.035708 0.241009 0.154000
v 0.035708 0.241009 0.156000
v 0.035745 0.240948 0.154000
v 0.035745 0.240948 0.156000
v 0.035806 0.240911 0.154000
v 0.035806 0.240911 0.156000
v 0.035891 0.240899 0.154000
v 0.035891 0.240899 0.156000
v 0.049187 0.240899 0.154000
v 0.049187 0.240899 0.156000
v 0.049281 0.240891 0.154000
v 0.049281 0.240891 0.156000
v 0.049367 0.240865 0.154000
v 0.049367 0.240865 0.156000
v 0.049446 0.240822 0.154000
v 0.049446 0.240822 0.156000
v 0.049518 0.240763 0.154000
v 0.049518 0.240763 0.156000
v 0.049578 0.240691 0.154000
v 0.049578 0.240691 0.156000
v 0.049621 0.240611 0.154000
v 0.049621 0.240611 0.156000
v 0.049646 0.240525 0.154000
v 0.049646 0.240525 0.156000
v 0.049655 0.240431 0.154000
v 0.049655 0.240431 0.156000
v 0.049655 0.237468 0.154000
v 0.049655 0.237468 0.156000
v 0.049646 0.237374 0.154000
v 0.049646 0.237374 0.156000
v 0.049621 0.237288 0.154000
v 0.049621 0.237288 0.156000
v 0.049578 0.237208 0.154000
v 0.049578 0.237208 0.156000
v 0.049518 0.237136 0.154000
v 0.049518 0.237136 0.156000
v 0.049446 0.237077 0.154000
v 0.049446 0.237077 0.156000
v 0.049367 0.237034 0.154000
v 0.049367 0.237034 0.156000
v 0.049281 0.237009 0.154000
v 0.049281 0.237009 0.156000
v 0.049187 0.237000 0.154000
v 0.049187 0.237000 0.156000
v 0.031641 0.237000 0.154000
v 0.031641 0.237000 0.156000
v 0.031547 0.237009 0.154000
v 0.031547 0.237009 0.156000
v 0.031461 0.237034 0.154000
v 0.031461 0.237034 0.156000
v 0.031382 0.237077 0.154000
v 0.031382 0.237077 0.156000
v 0.031310 0.237136 0.154000
v 0.031310 0.237136 0.156000
v 0.031250 0.237208 0.154000
v 0.031250 0.237208 0.156000
v 0.031207 0.237288 0.154000
v 0.031207 0.237288 0.156000
v 0.031182 0.237374 0.154000
v 0.031182 0.237374 0.156000
v 0.031173 0.237468 0.154000
v 0.031173 0.237468 0.156000
v 0.031173 0.263826 0.154000
v 0.031173 0.263826 0.156000
v 0.031182 0.263919 0.154000
v 0.031182 0.263919 0.156000
v 0.031207 0.264006 0.154000
v 0.031207 0.264006 0.156000
v 0.031250 0.264085 0.154000
v 0.031250 0.264085 0.156000
v 0.031310 0.264157 0.154000
v 0.031310 0.264157 0.156000
v 0.031382 0.264217 0.154000
v 0.031382 0.264217 0.156000
v 0.031461 0.264259 0.154000
v 0.031461 0.264259 0.156000
v 0.031547 0.264285 0.154000
v 0.031547 0.264285 0.156000
v 0.031641 0.264294 0.154000
v 0.031641 0.264294 0.156000
v 0.049187 0.264294 0.154000
v 0.049187 0.264294 0.156000
v 0.049281 0.264285 0.154000
v 0.049281 0.264285 0.156000
v 0.049367 0.264259 0.154000
v 0.049367 0.264259 0.156000
v 0.049446 0.264217 0.154000
v 0.049446 0.264217 0.156000
v 0.049518 0.264157 0.154000
v 0.049518 0.264157 0.156000
v 0.049578 0.264085 0.154000
v 0.049578 0.264085 0.156000
v 0.049621 0.264006 0.154000
v 0.049621 0.264006 0.156000
v 0.049646 0.263919 0.154000
v 0.049646 0.263919 0.156000
v 0.049655 0.263826 0.154000
v 0.049655 0.263826 0.156000
v 0.063808 0.236688 0.154000
v 0.063808 0.236688 0.156000
v 0.062407 0.236759 0.154000
v 0.062407 0.236759 0.156000
v 0.061089 0.236971 0.154000
v 0.061089 0.236971 0.156000
v 0.059853 0.237324 0.154000
v 0.059853 0.237324 0.156000
v 0.058701 0.237819 0.154000
v 0.058701 0.237819 0.156000
v 0.057652 0.238444 0.154000
v 0.057652 0.238444 0.156000
v 0.056727 0.239188 0.154000
v 0.056727 0.239188 0.156000
v 0.055926 0.240052 0.154000
v 0.055926 0.240052 0.156000
v 0.055250 0.241036 0.154000
v 0.055250 0.241036 0.156000
v 0.054713 0.242119 0.154000
v 0.054713 0.242119 0.156000
v 0.054329 0.243282 0.154000
v 0.054329 0.243282 0.156000
v 0.054099 0.244526 0.154000
v 0.054099 0.244526 0.156000
v 0.054022 0.245851 0.154000
v 0.054022 0.245851 0.156000
v 0.054022 0.263826 0.154000
v 0.054022 0.263826 0.156000
v 0.054030 0.263919 0.154000
v 0.054030 0.263919 0.156000
v 0.054056 0.264006 0.154000
v 0.054056 0.264006 0.156000
v 0.054099 0.264085 0.154000
v 0.054099 0.264085 0.156000
v 0.054158 0.264157 0.154000
v 0.054158 0.264157 0.156000
v 0.054230 0.264217 0.154000
v 0.054230 0.264217 0.156000
v 0.054309 0.264259 0.154000
v 0.054309 0.264259 0.156000
v 0.054396 0.264285 0.154000
v 0.054396 0.264285 0.156000
v 0.054490 0.264294 0.154000
v 0.054490 0.264294 0.156000
v 0.058077 0.264294 0.154000
v 0.058077 0.264294 0.156000
v 0.058171 0.264285 0.154000
v 0.058171 0.264285 0.156000
v 0.058257 0.264259 0.154000
v 0.058257 0.264259 0.156000
v 0.058336 0.264217 0.154000
v 0.058336 0.264217 0.156000
v 0.058408 0.264157 0.154000
v 0.058408 0.264157 0.156000
v 0.058468 0.264085 0.154000
v 0.058468 0.264085 0.156000
v 0.058511 0.264006 0.154000
v 0.058511 0.264006 0.156000
v 0.058536 0.263919 0.154000
v 0.058536 0.263919 0.156000
v 0.058545 0.263826 0.154000
v 0.058545 0.263826 0.156000
v 0.058545 0.245773 0.154000
v 0.058545 0.245773 0.156000
v 0.058635 0.244676 0.154000
v 0.058635 0.244676 0.156000
v 0.058905 0.243687 0.154000
v 0.058905 0.243687 0.156000
v 0.059356 0.242805 0.154000
v 0.059356 0.242805 0.156000
v 0.059987 0.242030 0.154000
v 0.059987 0.242030 0.156000
v 0.060767 0.241399 0.154000
v 0.060767 0.241399 0.156000
v 0.061664 0.240948 0.154000
v 0.061664 0.240948 0.156000
v 0.062678 0.240677 0.154000
v 0.062678 0.240677 0.156000
v 0.063808 0.240587 0.154000
v 0.063808 0.240587 0.156000
v 0.064939 0.240677 0.154000
v 0.064939 0.240677 0.156000
v 0.065953 0.240948 0.154000
v 0.065953 0.240948 0.156000
v 0.066850 0.241399 0.154000
v 0.066850 0.241399 0.156000
v 0.067630 0.242030 0.154000
v 0.067630 0.242030 0.156000
v 0.068261 0.242805 0.154000
v 0.068261 0.242805 0.156000
v 0.068712 0.243687 0.154000
v 0.068712 0.243687 0.156000
v 0.068982 0.244676 0.154000
v 0.068982 0.244676 0.156000
v 0.069072 0.245773 0.154000
v 0.069072 0.245773 0.156000
v 0.069072 0.263826 0.154000
v 0.069072 0.263826 0.156000
v 0.069081 0.263919 0.154000
v 0.069081 0.263919 0.156000
v 0.069106 0.264006 0.154000
v 0.069106 0.264006 0.156000
v 0.069149 0.264085 0.154000
v 0.069149 0.264085 0.156000
v 0.069209 0.264157 0.154000
v 0.069209 0.264157 0.156000
v 0.069281 0.264217 0.154000
v 0.069281 0.264217 0.156000
v 0.069360 0.264259 0.154000
v 0.069360 0.264259 0.156000
v 0.069446 0.264285 0.154000
v 0.069446 0.264285 0.156000
v 0.069540 0.264294 0.154000
v 0.069540 0.264294 0.156000
v 0.073127 0.264294 0.154000
v 0.073127 0.264294 0.156000
v 0.073221 0.264285 0.154000
v 0.073221 0.264285 0.156000
v 0.073308 0.264259 0.154000
v 0.073308 0.264259 0.156000
v 0.073387 0.264217 0.154000
v 0.073387 0.264217 0.156000
v 0.073459 0.264157 0.154000
v 0.073459 0.264157 0.156000
v 0.073518 0.264085 0.154000
v 0.073518 0.264085 0.156000
v 0.073561 0.264006 0.154000
v 0.073561 0.264006 0.156000
v 0.073587 0.263919 0.154000
v 0.073587 0.263919 0.156000
v 0.073595 0.263826 0.154000
v 0.073595 0.263826 0.156000
v 0.073595 0.245851 0.154000
v 0.073595 0.245851 0.156000
v 0.073520 0.244526 0.154000
v 0.073520 0.244526 0.156000
v 0.073293 0.243282 0.154000
v 0.073293 0.243282 0.156000
v 0.072915 0.242119 0.154000
v 0.072915 0.242119 0.156000
v 0.072386 0.241036 0.154000
v 0.072386 0.241036 0.156000
v 0.071719 0.240052 0.154000
v 0.071719 0.240052 0.156000
v 0.070924 0.239188 0.154000
v 0.070924 0.239188 0.156000
v 0.070003 0.238444 0.154000
v 0.070003 0.238444 0.156000
v 0.068955 0.237819 0.154000
v 0.068955 0.237819 0.156000
v 0.067800 0.237324 0.154000
v 0.067800 0.237324 0.156000
v 0.066557 0.236971 0.154000
v 0.066557 0.236971 0.156000
v 0.065227 0.236759 0.154000
v 0.065227 0.236759 0.156000
v 0.094377 0.237000 0.154000
v 0.094377 0.237000 0.156000
v 0.094197 0.237022 0.154000
v 0.094197 0.237022 0.156000
v 0.094046 0.237088 0.154000
v 0.094046 0.237088 0.156000
v 0.093924 0.237197 0.154000
v 0.093924 0.237197 0.156000
v 0.093831 0.237351 0.154000
v 0.093831 0.237351 0.156000
v 0.088685 0.248580 0.154000
v 0.088685 0.248580 0.156000
v 0.088641 0.248649 0.154000
v 0.088641 0.248649 0.156000
v 0.088587 0.248697 0.154000
v 0.088587 0.248697 0.156000
v 0.088524 0.248726 0.154000
v 0.088524 0.248726 0.156000
v 0.088451 0.248736 0.154000
v 0.088451 0.248736 0.156000
v 0.083772 0.248736 0.154000
v 0.083772 0.248736 0.156000
v 0.083686 0.248724 0.154000
v 0.083686 0.248724 0.156000
v 0.083626 0.248688 0.154000
v 0.083626 0.248688 0.156000
v 0.083589 0.248627 0.154000
v 0.083589 0.248627 0.156000
v 0.083577 0.248541 0.154000
v 0.083577 0.248541 0.156000
v 0.083577 0.237468 0.154000
v 0.083577 0.237468 0.156000
v 0.083568 0.237374 0.154000
v 0.083568 0.237374 0.156000
v 0.083543 0.237288 0.154000
v 0.083543 0.237288 0.156000
v 0.083500 0.237208 0.154000
v 0.083500 0.237208 0.156000
v 0.083440 0.237136 0.154000
v 0.083440 0.237136 0.156000
v 0.083368 0.237077 0.154000
v 0.083368 0.237077 0.156000
v 0.083289 0.237034 0.154000
v 0.083289 0.237034 0.156000
v 0.083203 0.237009 0.154000
v 0.083203 0.237009 0.156000
v 0.083109 0.237000 0.154000
v 0.083109 0.237000 0.156000
v 0.079522 0.237000 0.154000
v 0.079522 0.237000 0.156000
v 0.079428 0.237009 0.154000
v 0.079428 0.237009 0.156000
v 0.079341 0.237034 0.154000
v 0.079341 0.237034 0.156000
v 0.079262 0.237077 0.154000
v 0.079262 0.237077 0.156000
v 0.079190 0.237136 0.154000
v 0.079190 0.237136 0.156000
v 0.079131 0.237208 0.154000
v 0.079131 0.237208 0.156000
v 0.079088 0.237288 0.154000
v 0.079088 0.237288 0.156000
v 0.079062 0.237374 0.154000
v 0.079062 0.237374 0.156000
v 0.079054 0.237468 0.154000
v 0.079054 0.237468 0.156000
v 0.079054 0.263826 0.154000
v 0.079054 0.263826 0.156000
v 0.079062 0.263919 0.154000
v 0.079062 0.263919 0.156000
v 0.079088 0.264006 0.154000
v 0.079088 0.264006 0.156000
v 0.079131 0.264085 0.154000
v 0.079131 0.264085 0.156000
v 0.079190 0.264157 0.154000
v 0.079190 0.264157 0.156000
v 0.079262 0.264217 0.154000
v 0.079262 0.264217 0.156000
v 0.079341 0.264259 0.154000
v 0.079341 0.264259 0.156000
v 0.079428 0.264285 0.154000
v 0.079428 0.264285 0.156000
v 0.079522 0.264294 0.154000
v 0.079522 0.264294 0.156000
v 0.090244 0.264294 0.154000
v 0.090244 0.264294 0.156000
v 0.091399 0.264231 0.154000
v 0.091399 0.264231 0.156000
v 0.092486 0.264045 0.154000
v 0.092486 0.264045 0.156000
v 0.093505 0.263734 0.154000
v 0.093505 0.263734 0.156000
v 0.094455 0.263299 0.154000
v 0.094455 0.263299 0.156000
v 0.095320 0.262751 0.154000
v 0.095320 0.262751 0.156000
v 0.096083 0.262100 0.154000
v 0.096083 0.262100 0.156000
v 0.096744 0.261347 0.154000
v 0.096744 0.261347 0.156000
v 0.097302 0.260492 0.154000
v 0.097302 0.260492 0.156000
v 0.097745 0.259553 0.154000
v 0.097745 0.259553 0.156000
v 0.098062 0.258547 0.154000
v 0.098062 0.258547 0.156000
v 0.098252 0.257476 0.154000
v 0.098252 0.257476 0.156000
v 0.098315 0.256339 0.154000
v 0.098315 0.256339 0.156000
v 0.098229 0.255044 0.154000
v 0.098229 0.255044 0.156000
v 0.097969 0.253849 0.154000
v 0.097969 0.253849 0.156000
v 0.097537 0.252753 0.154000
v 0.097537 0.252753 0.156000
v 0.096931 0.251758 0.154000
v 0.096931 0.251758 0.156000
v 0.096172 0.250884 0.154000
v 0.096172 0.250884 0.156000
v 0.095279 0.250154 0.154000
v 0.095279 0.250154 0.156000
v 0.094252 0.249568 0.154000
v 0.094252 0.249568 0.156000
v 0.093091 0.249126 0.154000
v 0.093091 0.249126 0.156000
v 0.093054 0.249121 0.154000
v 0.093054 0.249121 0.156000
v 0.093022 0.249107 0.154000
v 0.093022 0.249107 0.156000
v 0.092996 0.249082 0.154000
v 0.092996 0.249082 0.156000
v 0.092974 0.249048 0.154000
v 0.092974 0.249048 0.156000
v 0.092959 0.249009 0.154000
v 0.092959 0.249009 0.156000
v 0.092954 0.248970 0.154000
v 0.092954 0.248970 0.156000
v 0.092959 0.248931 0.154000
v 0.092959 0.248931 0.156000
v 0.092974 0.248892 0.154000
v 0.092974 0.248892 0.156000
v 0.098471 0.237546 0.154000
v 0.098471 0.237546 0.156000
v 0.098505 0.237473 0.154000
v 0.098505 0.237473 0.156000
v 0.098530 0.237409 0.154000
v 0.098530 0.237409 0.156000
v 0.098544 0.237356 0.154000
v 0.098544 0.237356 0.156000
v 0.098549 0.237312 0.154000
v 0.098549 0.237312 0.156000
v 0.098522 0.237175 0.154000
v 0.098522 0.237175 0.156000
v 0.098442 0.237078 0.154000
v 0.098442 0.237078 0.156000
v 0.098308 0.237019 0.154000
v 0.098308 0.237019 0.156000
v 0.098120 0.237000 0.154000
v 0.098120 0.237000 0.156000
v 0.083772 0.260394 0.154000
v 0.083772 0.260394 0.156000
v 0.083686 0.260382 0.154000
v 0.083686 0.260382 0.156000
v 0.083626 0.260346 0.154000
v 0.083626 0.260346 0.156000
v 0.083589 0.260285 0.154000
v 0.083589 0.260285 0.156000
v 0.083577 0.260200 0.154000
v 0.083577 0.260200 0.156000
v 0.083577 0.252440 0.154000
v 0.083577 0.252440 0.156000
v 0.083589 0.252355 0.154000
v 0.083589 0.252355 0.156000
v 0.083626 0.252294 0.154000
v 0.083626 0.252294 0.156000
v 0.083686 0.252258 0.154000
v 0.083686 0.252258 0.156000
v 0.083772 0.252245 0.154000
v 0.083772 0.252245 0.156000
v 0.089620 0.252245 0.154000
v 0.089620 0.252245 0.156000
v 0.090511 0.252315 0.154000
v 0.090511 0.252315 0.156000
v 0.091312 0.252523 0.154000
v 0.091312 0.252523 0.156000
v 0.092022 0.252871 0.154000
v 0.092022 0.252871 0.156000
v 0.092642 0.253357 0.154000
v 0.092642 0.253357 0.156000
v 0.093145 0.253957 0.154000
v 0.093145 0.253957 0.156000
v 0.093505 0.254648 0.154000
v 0.093505 0.254648 0.156000
v 0.093721 0.255429 0.154000
v 0.093721 0.255429 0.156000
v 0.093792 0.256300 0.154000
v 0.093792 0.256300 0.156000
v 0.093721 0.257173 0.154000
v 0.093721 0.257173 0.156000
v 0.093505 0.257958 0.154000
v 0.093505 0.257958 0.156000
v 0.093145 0.258655 0.154000
v 0.093145 0.258655 0.156000
v 0.092642 0.259264 0.154000
v 0.092642 0.259264 0.156000
v 0.092022 0.259758 0.154000
v 0.092022 0.259758 0.156000
v 0.091312 0.260112 0.154000
v 0.091312 0.260112 0.156000
v 0.090511 0.260324 0.154000
v 0.090511 0.260324 0.156000
v 0.089620 0.260394 0.154000
v 0.089620 0.260394 0.156000
v -0.090000 0.570000 0.151000
v 0.065000 0.570000 0.151000
v 0.085000 0.520000 0.151000
v 0.130000 0.495000 0.151000
v 0.085000 0.475000 0.151000
v 0.065000 0.405000 0.151000
v 0.025000 0.390000 0.151000
v 0.025000 0.355000 0.151000
v 0.150000 0.310000 0.151000
v -0.160000 0.310000 0.151000
v -0.095000 0.380000 0.151000
v -0.100000 0.480000 0.151000
v -0.090000 0.570000 0.145000
v 0.065000 0.570000 0.145000
v 0.085000 0.520000 0.145000
v 0.130000 0.495000 0.145000
v 0.085000 0.475000 0.145000
v 0.065000 0.405000 0.145000
v 0.025000 0.390000 0.145000
v 0.025000 0.355000 0.145000
v 0.150000 0.310000 0.145000
v -0.160000 0.310000 0.145000
v -0.095000 0.380000 0.145000
v -0.100000 0.480000 0.145000
v -0.145000 0.565000 0.151000
v -0.120000 0.630000 0.151000
v -0.070000 0.670000 0.151000
v 0.055000 0.670000 0.151000
v 0.110000 0.610000 0.151000
v 0.160000 0.560000 0.151000
v -0.145000 0.565000 0.145000
v -0.120000 0.630000 0.145000
v -0.070000 0.670000 0.145000
v 0.055000 0.670000 0.145000
v 0.110000 0.610000 0.145000
v 0.160000 0.560000 0.145000
v -0.100000 0.640000 0.151000
v -0.130000 0.730000 0.151000
v -0.060000 0.715000 0.151000
v -0.040000 0.650000 0.151000
v -0.100000 0.640000 0.145000
v -0.130000 0.730000 0.145000
v -0.060000 0.715000 0.145000
v -0.040000 0.650000 0.145000
v -0.122198 0.337308 0.151000
v 0.017802 0.297308 0.151000
v 0.022198 0.312692 0.151000
v -0.117802 0.352692 0.151000
v -0.122198 0.337308 0.145000
v 0.017802 0.297308 0.145000
v 0.022198 0.312692 0.145000
v -0.117802 0.352692 0.145000
vn 0.000000 -0.000000 1.000000
vn 0.000000 -0.000000 1.000000
vn 0.000000 -0.000000 1.000000
vn 0.000000 -0.000000 1.000000
vn 0.000000 -0.000000 1.000000
vn 0.000000 -0.000000 1.000000
vn 0.000000 -0.000000 1.000000
vn 0.000000 -0.000000 1.000000
vn 0.000000 -0.000000 1.000000
vn 0.000000 -0.000000 1.000000
vn 0.000000 -0.000000 1.000000
vn 0.000000 -0.000000 1.000000
vn 0.000000 -0.000000 1.000000
vn 0.000000 -0.000000 1.000000
vn 0.000000 -0.000000 1.000000
vn 0.000000 -0.000000 1.000000
vn 0.000000 -0.000000 1.000000
vn 0.000000 -0.000000 1.000000
vn 0.000000 -0.000000 1.000000
vn 0.000000 -0.000000 1.000000
vn 0.000000 -0.000000 1.000000
vn 0.000000 -0.000000 1.000000
vn 0.000000 -0.000000 1.000000
vn 0.000000 -0.000000 1.000000
vn 0.000000 -0.000000 1.000000
vn 0.000000 -0.000000 1.000000
vn 0.000000 -0.000000 1.000000
vn 0.000000 -0.000000 1.000000
vn 0.000000 -0.000000 1.000000
vn 0.000000 -0.000000 1.000000
vn 0.000000 -0.000000 1.000000
vn 0.000000 -0.000000 1.000000
vn 0.000000 -0.000000 1.000000
vn 0.000000 -0.000000 1.000000
vn 0.000000 -0.000000 1.000000
vn 0.000000 -0.000000 1.000000
vn 0.000000 -0.000000 1.000000
vn 0.000000 -0.000000 1.000000
vn 0.000000 -0.000000 1.000000
vn 0.000000 -0.000000 1.000000
vn 0.000000 -0.000000 1.000000
vn 0.000000 -0.000000 1.000000
vn 0.000000 -0.000000 1.000000
vn 0.000000 -0.000000 1.000000
vn 0.000000 -0.000000 1.000000
vn 0.000000 -0.000000 1.000000
vn 0.000000 -0.000000 1.000000
vn 0.000000 -0.000000 1.000000
vn 0.000000 -0.000000 1.000000
vn 0.000000 -0.000000 1.000000
vn 0.000000 -0.000000 1.000000
vn 0.000000 -0.000000 1.000000
vn 0.000000 -0.000000 1.000000
vn 0.000000 -0.000000 1.000000
vn 0.000000 -0.000000 1.000000
vn 0.000000 -0.000000 1.000000
vn 0.000000 -0.000000 1.000000
vn 0.000000 -0.000000 1.000000
vn 0.000000 -0.000000 1.000000
vn 0.000000 -0.000000 1.000000
vn 0.000000 -0.000000 1.000000
vn 0.000000 -0.000000 1.000000
vn 0.000000 -0.000000 1.000000
vn 0.000000 -0.000000 1.000000
vn 0.000000 -0.000000 1.000000
vn 0.000000 -0.000000 1.000000
vn 0.000000 -0.000000 1.000000
vn 0.000000 -0.000000 1.000000
vn 0.000000 -0.000000 1.000000
vn 0.000000 -0.000000 1.000000
vn 0.000000 -0.000000 1.000000
vn 0.000000 -0.000000 1.000000
vn 0.000000 -0.000000 1.000000
vn 0.000000 -0.000000 1.000000
vn 0.000000 -0.000000 1.000000
vn 0.000000 -0.000000 1.000000
vn 0.000000 -0.000000 1.000000
vn 0.000000 -0.000000 1.000000
vn 0.000000 -0.000000 1.000000
vn 0.000000 -0.000000 1.000000
vn 0.000000 -0.000000 1.000000
vn 0.000000 -0.000000 1.000000
vn 0.000000 -0.000000 1.000000
vn 0.000000 -0.000000 1.000000
vn 0.000000 -0.000000 1.000000
vn 0.000000 -0.000000 1.000000
vn 0.000000 -0.000000 1.000000
vn 0.000000 -0.000000 1.000000
vn 0.000000 -0.000000 1.000000
vn 0.000000 -0.000000 1.000000
vn 0.000000 -0.000000 1.000000
vn 0.000000 -0.000000 1.000000
vn 0.000000 -0.000000 1.000000
vn 0.000000 -0.000000 1.000000
vn 0.000000 -0.000000 1.000000
vn 0.000000 -0.000000 1.000000
vn 0.000000 -0.000000 1.000000
vn 0.000000 -0.000000 1.000000
vn 0.000000 -0.000000 1.000000
vn 0.000000 -0.000000 1.000000
vn 0.000000 -0.000000 1.000000
vn 0.000000 -0.000000 1.000000
vn 0.000000 -0.000000 1.000000
vn 0.000000 -0.000000 1.000000
vn 0.000000 -0.000000 1.000000
vn 0.000000 -0.000000 1.000000
vn 0.000000 -0.000000 1.000000
vn 0.000000 -0.000000 1.000000
vn 0.000000 -0.000000 1.000000
vn 0.000000 -0.000000 1.000000
vn 0.000000 -0.000000 1.000000
vn 0.000000 -0.000000 1.000000
vn 0.000000 -0.000000 1.000000
vn 0.000000 -0.000000 1.000000
vn 0.000000 -0.000000 1.000000
vn 0.000000 0.000000 -1.000000
vn 0.000000 0.000000 -1.000000
vn 0.000000 0.000000 -1.000000
vn 0.000000 0.000000 -1.000000
vn 0.000000 0.000000 -1.000000
vn 0.000000 0.000000 -1.000000
vn 0.000000 0.000000 -1.000000
vn 0.000000 0.000000 -1.000000
vn 0.000000 0.000000 -1.000000
vn 0.000000 0.000000 -1.000000
vn 0.000000 0.000000 -1.000000
vn 0.000000 0.000000 -1.000000
vn 0.000000 0.000000 -1.000000
vn 0.000000 0.000000 -1.000000
vn 0.000000 0.000000 -1.000000
vn 0.000000 0.000000 -1.000000
vn 0.000000 0.000000 -1.000000
vn 0.000000 0.000000 -1.000000
vn 0.000000 0.000000 -1.000000
vn 0.000000 0.000000 -1.000000
vn 0.000000 0.000000 -1.000000
vn 0.000000 0.000000 -1.000000
vn 0.000000 0.000000 -1.000000
vn 0.000000 0.000000 -1.000000
vn 0.000000 0.000000 -1.000000
vn 0.000000 0.000000 -1.000000
vn 0.000000 0.000000 -1.000000
vn 0.000000 0.000000 -1.000000
vn 0.000000 0.000000 -1.000000
vn 0.000000 0.000000 -1.000000
vn 0.000000 0.000000 -1.000000
vn 0.000000 0.000000 -1.000000
vn 0.000000 0.000000 -1.000000
vn 0.000000 0.000000 -1.000000
vn 0.000000 0.000000 -1.000000
vn 0.000000 0.000000 -1.000000
vn 0.000000 0.000000 -1.000000
vn 0.000000 0.000000 -1.000000
vn 0.000000 0.000000 -1.000000
vn 0.000000 0.000000 -1.000000
vn 0.000000 0.000000 -1.000000
vn 0.000000 0.000000 -1.000000
vn 0.000000 0.000000 -1.000000
vn 0.000000 0.000000 -1.000000
vn 0.000000 0.000000 -1.000000
vn 0.000000 0.000000 -1.000000
vn 0.000000 0.000000 -1.000000
vn 0.000000 0.000000 -1.000000
vn 0.000000 0.000000 -1.000000
vn 0.000000 0.000000 -1.000000
vn 0.000000 0.000000 -1.000000
vn 0.000000 0.000000 -1.000000
vn 0.000000 0.000000 -1.000000
vn 0.000000 0.000000 -1.000000
vn 0.000000 0.000000 -1.000000
vn 0.000000 0.000000 -1.000000
vn 0.000000 0.000000 -1.000000
vn 0.000000 0.000000 -1.000000
vn 0.000000 0.000000 -1.000000
vn 0.000000 0.000000 -1.000000
vn 0.000000 0.000000 -1.000000
vn 0.000000 0.000000 -1.000000
vn 0.000000 0.000000 -1.000000
vn 0.000000 0.000000 -1.000000
vn 0.000000 0.000000 -1.000000
vn 0.000000 0.000000 -1.000000
vn 0.000000 0.000000 -1.000000
vn 0.000000 0.000000 -1.000000
vn 0.000000 0.000000 -1.000000
vn 0.000000 0.000000 -1.000000
vn 0.000000 0.000000 -1.000000
vn 0.000000 0.000000 -1.000000
vn 0.000000 0.000000 -1.000000
vn 0.000000 0.000000 -1.000000
vn 0.000000 0.000000 -1.000000
vn 0.000000 0.000000 -1.000000
vn 0.000000 0.000000 -1.000000
vn 0.000000 0.000000 -1.000000
vn 0.000000 0.000000 -1.000000
vn 0.000000 0.000000 -1.000000
vn 0.000000 0.000000 -1.000000
vn 0.000000 0.000000 -1.000000
vn 0.000000 0.000000 -1.000000
vn 0.000000 0.000000 -1.000000
vn 0.000000 0.000000 -1.000000
vn 0.000000 0.000000 -1.000000
vn 0.000000 0.000000 -1.000000
vn 0.000000 0.000000 -1.000000
vn 0.000000 0.000000 -1.000000
vn 0.000000 0.000000 -1.000000
vn 0.000000 0.000000 -1.000000
vn 0.000000 0.000000 -1.000000
vn 0.000000 0.000000 -1.000000
vn 0.000000 0.000000 -1.000000
vn 0.000000 0.000000 -1.000000
vn 0.000000 0.000000 -1.000000
vn 0.000000 0.000000 -1.000000
vn 0.000000 0.000000 -1.000000
vn 0.000000 0.000000 -1.000000
vn 0.000000 0.000000 -1.000000
vn 0.000000 0.000000 -1.000000
vn 0.000000 0.000000 -1.000000
vn 0.000000 0.000000 -1.000000
vn 0.000000 0.000000 -1.000000
vn 0.000000 0.000000 -1.000000
vn 0.000000 0.000000 -1.000000
vn 0.000000 0.000000 -1.000000
vn 0.000000 0.000000 -1.000000
vn 0.000000 0.000000 -1.000000
vn 0.000000 0.000000 -1.000000
vn 0.000000 0.000000 -1.000000
vn 0.000000 0.000000 -1.000000
vn 0.000000 0.000000 -1.000000
vn 0.000000 0.000000 -1.000000
vn 0.000000 0.000000 -1.000000
vn 0.764291 -0.644872 -0.000000
vn 0.883116 -0.469154 -0.000000
vn 0.976900 -0.213698 -0.000000
vn 0.995634 0.093338 0.000000
vn 0.907009 0.421112 0.000000
vn 0.656175 0.754609 0.000000
vn 0.341738 0.939795 0.000000
vn 0.092627 0.995701 0.000000
vn 0.000000 1.000000 0.000000
vn 0.090536 0.995893 0.000000
vn 0.283629 0.958934 0.000000
vn 0.474102 0.880470 0.000000
vn 0.638899 0.769290 0.000000
vn 0.769289 0.638901 0.000000
vn 0.880472 0.474099 0.000000
vn 0.958935 0.283626 0.000000
vn 0.995894 0.090532 0.000000
vn 1.000000 0.000000 -0.000000
vn 0.995894 -0.090532 -0.000000
vn 0.958935 -0.283626 -0.000000
vn 0.880472 -0.474099 -0.000000
vn 0.769289 -0.638901 -0.000000
vn 0.638899 -0.769291 -0.000000
vn 0.474100 -0.880471 -0.000000
vn 0.283627 -0.958935 -0.000000
vn 0.090536 -0.995893 -0.000000
vn 0.000000 -1.000000 -0.000000
vn -0.090536 -0.995893 -0.000000
vn -0.283629 -0.958934 -0.000000
vn -0.474100 -0.880471 -0.000000
vn -0.638899 -0.769291 -0.000000
vn -0.769289 -0.638901 -0.000000
vn -0.880472 -0.474099 -0.000000
vn -0.958935 -0.283626 -0.000000
vn -0.995894 -0.090532 -0.000000
vn -1.000000 0.000000 -0.000000
vn -0.996240 0.086631 0.000000
vn -0.961524 0.274720 0.000000
vn -0.884920 0.465744 0.000000
vn -0.771931 0.635706 0.000000
vn -0.734968 0.678102 0.000000
vn -0.744805 0.667282 0.000000
vn -0.752969 0.658057 0.000000
vn -0.759848 0.650101 0.000000
vn -0.760231 0.649652 0.000000
vn -0.780490 0.625168 0.000000
vn -0.835706 0.549178 0.000000
vn -0.907424 0.420216 0.000000
vn -0.982963 0.183806 0.000000
vn -0.995735 -0.092257 -0.000000
vn -0.955852 -0.293849 -0.000000
vn -0.867610 -0.497246 -0.000000
vn -0.739490 -0.673167 -0.000000
vn -0.590098 -0.807332 -0.000000
vn -0.417429 -0.908710 -0.000000
vn -0.238931 -0.971037 -0.000000
vn -0.073871 -0.997268 -0.000000
vn 0.073977 -0.997260 -0.000000
vn 0.240001 -0.970773 -0.000000
vn 0.420494 -0.907296 -0.000000
vn 0.595539 -0.803326 -0.000000
vn 0.748235 -0.663434 -0.000000
vn 0.876145 -0.482049 -0.000000
vn 0.959963 -0.280126 -0.000000
vn 0.996224 -0.086826 -0.000000
vn 1.000000 0.000000 -0.000000
vn 0.995893 -0.090540 -0.000000
vn 0.958934 -0.283629 -0.000000
vn 0.880470 -0.474103 -0.000000
vn 0.769289 -0.638901 -0.000000
vn 0.638899 -0.769290 -0.000000
vn 0.474106 -0.880468 -0.000000
vn 0.283627 -0.958935 -0.000000
vn 0.090541 -0.995893 -0.000000
vn 0.000000 -1.000000 -0.000000
vn -0.090540 -0.995893 -0.000000
vn -0.283627 -0.958935 -0.000000
vn -0.474106 -0.880468 -0.000000
vn -0.638899 -0.769290 -0.000000
vn -0.769287 -0.638904 -0.000000
vn -0.880470 -0.474103 -0.000000
vn -0.958935 -0.283624 -0.000000
vn -0.995893 -0.090540 -0.000000
vn -1.000000 0.000000 -0.000000
vn -0.994750 0.102331 0.000000
vn -0.970435 0.241365 0.000000
vn -0.922926 0.384978 0.000000
vn -0.852271 0.523101 0.000000
vn -0.767179 0.641433 0.000000
vn -0.671541 0.740968 0.000000
vn -0.566581 0.824006 0.000000
vn -0.459006 0.888433 0.000000
vn -0.353512 0.935430 0.000000
vn -0.247562 0.968872 0.000000
vn -0.144016 0.989575 0.000000
vn -0.046125 0.998936 0.000000
vn 0.048116 0.998842 0.000000
vn 0.152823 0.988254 0.000000
vn 0.267093 0.963671 0.000000
vn 0.386968 0.922093 0.000000
vn 0.501442 0.865191 0.000000
vn 0.611038 0.791601 0.000000
vn 0.716229 0.697865 0.000000
vn 0.809480 0.587148 0.000000
vn 0.884597 0.466357 0.000000
vn 0.942163 0.335156 0.000000
vn 0.980155 0.198234 0.000000
vn 0.997955 0.063926 0.000000
vn 0.991938 -0.126723 -0.000000
vn 0.941771 -0.336255 -0.000000
vn 0.873629 -0.486593 -0.000000
vn 0.806590 -0.591111 -0.000000
vn 0.771023 -0.636808 -0.000000
vn 0.756823 -0.653620 -0.000000
vn 0.747092 -0.664720 -0.000000
vn 0.740015 -0.672591 -0.000000
vn 0.741536 -0.670913 -0.000000
vn 0.000000 -0.000000 1.000000
vn 0.000000 -0.000000 1.000000
vn 0.000000 -0.000000 1.000000
vn 0.000000 -0.000000 1.000000
vn 0.000000 -0.000000 1.000000
vn 0.000000 -0.000000 1.000000
vn 0.000000 -0.000000 1.000000
vn 0.000000 -0.000000 1.000000
vn 0.000000 -0.000000 1.000000
vn 0.000000 -0.000000 1.000000
vn 0.000000 -0.000000 1.000000
vn 0.000000 -0.000000 1.000000
vn 0.000000 -0.000000 1.000000
vn 0.000000 -0.000000 1.000000
vn 0.000000 -0.000000 1.000000
vn 0.000000 -0.000000 1.000000
vn 0.000000 -0.000000 1.000000
vn 0.000000 -0.000000 1.000000
vn 0.000000 -0.000000 1.000000
vn 0.000000 -0.000000 1.000000
vn 0.000000 -0.000000 1.000000
vn 0.000000 -0.000000 1.000000
vn 0.000000 -0.000000 1.000000
vn 0.000000 -0.000000 1.000000
vn 0.000000 -0.000000 1.000000
vn 0.000000 -0.000000 1.000000
vn 0.000000 -0.000000 1.000000
vn 0.000000 -0.000000 1.000000
vn 0.000000 -0.000000 1.000000
vn 0.000000 -0.000000 1.000000
vn 0.000000 -0.000000 1.000000
vn 0.000000 -0.000000 1.000000
vn 0.000000 -0.000000 1.000000
vn 0.000000 -0.000000 1.000000
vn 0.000000 -0.000000 1.000000
vn 0.000000 -0.000000 1.000000
vn 0.000000 -0.000000 1.000000
vn 0.000000 -0.000000 1.000000
vn 0.000000 -0.000000 1.000000
vn 0.000000 -0.000000 1.000000
vn 0.000000 -0.000000 1.000000
vn 0.000000 -0.000000 1.000000
vn 0.000000 -0.000000 1.000000
vn 0.000000 -0.000000 1.000000
vn 0.000000 -0.000000 1.000000
vn 0.000000 -0.000000 1.000000
vn 0.000000 -0.000000 1.000000
vn 0.000000 -0.000000 1.000000
vn 0.000000 -0.000000 1.000000
vn 0.000000 -0.000000 1.000000
vn 0.000000 -0.000000 1.000000
vn 0.000000 -0.000000 1.000000
vn 0.000000 -0.000000 1.000000
vn 0.000000 -0.000000 1.000000
vn 0.000000 -0.000000 1.000000
vn 0.000000 -0.000000 1.000000
vn 0.000000 -0.000000 1.000000
vn 0.000000 -0.000000 1.000000
vn 0.000000 -0.000000 1.000000
vn 0.000000 -0.000000 1.000000
vn 0.000000 -0.000000 1.000000
vn 0.000000 -0.000000 1.000000
vn 0.000000 -0.000000 1.000000
vn 0.000000 -0.000000 1.000000
vn 0.000000 -0.000000 1.000000
vn 0.000000 -0.000000 1.000000
vn 0.000000 -0.000000 1.000000
vn 0.000000 -0.000000 1.000000
vn 0.000000 -0.000000 1.000000
vn 0.000000 -0.000000 1.000000
vn 0.000000 -0.000000 1.000000
vn 0.000000 -0.000000 1.000000
vn 0.000000 -0.000000 1.000000
vn 0.000000 -0.000000 1.000000
vn 0.000000 -0.000000 1.000000
vn 0.000000 -0.000000 1.000000
vn 0.000000 -0.000000 1.000000
vn 0.000000 -0.000000 1.000000
vn 0.000000 -0.000000 1.000000
vn 0.000000 -0.000000 1.000000
vn 0.000000 -0.000000 1.000000
vn 0.000000 -0.000000 1.000000
vn 0.000000 -0.000000 1.000000
vn 0.000000 -0.000000 1.000000
vn 0.000000 -0.000000 1.000000
vn 0.000000 -0.000000 1.000000
vn 0.000000 -0.000000 1.000000
vn 0.000000 -0.000000 1.000000
vn 0.000000 -0.000000 1.000000
vn 0.000000 -0.000000 1.000000
vn 0.000000 -0.000000 1.000000
vn 0.000000 -0.000000 1.000000
vn 0.000000 -0.000000 1.000000
vn 0.000000 -0.000000 1.000000
vn 0.000000 -0.000000 1.000000
vn 0.000000 -0.000000 1.000000
vn 0.000000 -0.000000 1.000000
vn 0.000000 -0.000000 1.000000
vn 0.000000 -0.000000 1.000000
vn 0.000000 -0.000000 1.000000
vn 0.000000 -0.000000 1.000000
vn 0.000000 -0.000000 1.000000
vn 0.000000 -0.000000 1.000000
vn 0.000000 -0.000000 1.000000
vn 0.000000 -0.000000 1.000000
vn 0.000000 -0.000000 1.000000
vn 0.000000 -0.000000 1.000000
vn 0.000000 -0.000000 1.000000
vn 0.000000 -0.000000 1.000000
vn 0.000000 -0.000000 1.000000
vn 0.000000 -0.000000 1.000000
vn 0.000000 -0.000000 1.000000
vn 0.000000 -0.000000 1.000000
vn 0.000000 -0.000000 1.000000
vn 0.000000 -0.000000 1.000000
vn 0.000000 -0.000000 1.000000
vn 0.000000 -0.000000 1.000000
vn 0.000000 -0.000000 1.000000
vn 0.000000 -0.000000 1.000000
vn 0.000000 -0.000000 1.000000
vn 0.000000 -0.000000 1.000000
vn 0.000000 -0.000000 1.000000
vn 0.000000 -0.000000 1.000000
vn 0.000000 -0.000000 1.000000
vn 0.000000 -0.000000 1.000000
vn 0.000000 -0.000000 1.000000
vn 0.000000 -0.000000 1.000000
vn 0.000000 -0.000000 1.000000
vn 0.000000 -0.000000 1.000000
vn 0.000000 -0.000000 1.000000
vn 0.000000 -0.000000 1.000000
vn 0.000000 -0.000000 1.000000
vn 0.000000 -0.000000 1.000000
vn 0.000000 -0.000000 1.000000
vn 0.000000 -0.000000 1.000000
vn 0.000000 -0.000000 1.000000
vn 0.000000 -0.000000 1.000000
vn 0.000000 -0.000000 1.000000
vn 0.000000 -0.000000 1.000000
vn 0.000000 -0.000000 1.000000
vn 0.000000 -0.000000 1.000000
vn 0.000000 -0.000000 1.000000
vn 0.000000 -0.000000 1.000000
vn 0.000000 -0.000000 1.000000
vn 0.000000 -0.000000 1.000000
vn 0.000000 -0.000000 1.000000
vn 0.000000 -0.000000 1.000000
vn 0.000000 -0.000000 1.000000
vn 0.000000 -0.000000 1.000000
vn 0.000000 -0.000000 1.000000
vn 0.000000 -0.000000 1.000000
vn 0.000000 -0.000000 1.000000
vn 0.000000 -0.000000 1.000000
vn 0.000000 -0.000000 1.000000
vn 0.000000 -0.000000 1.000000
vn 0.000000 -0.000000 1.000000
vn 0.000000 -0.000000 1.000000
vn 0.000000 -0.000000 1.000000
vn 0.000000 -0.000000 1.000000
vn 0.000000 -0.000000 1.000000
vn 0.000000 -0.000000 1.000000
vn 0.000000 -0.000000 1.000000
vn 0.000000 -0.000000 1.000000
vn 0.000000 -0.000000 1.000000
vn 0.000000 -0.000000 1.000000
vn 0.000000 -0.000000 1.000000
vn 0.000000 -0.000000 1.000000
vn 0.000000 -0.000000 1.000000
vn 0.000000 -0.000000 1.000000
vn 0.000000 -0.000000 1.000000
vn 0.000000 -0.000000 1.000000
vn 0.000000 -0.000000 1.000000
vn 0.000000 -0.000000 1.000000
vn 0.000000 -0.000000 1.000000
vn 0.000000 -0.000000 1.000000
vn 0.000000 -0.000000 1.000000
vn 0.000000 -0.000000 1.000000
vn 0.000000 -0.000000 1.000000
vn 0.000000 -0.000000 1.000000
vn 0.000000 -0.000000 1.000000
vn 0.000000 -0.000000 1.000000
vn 0.000000 -0.000000 1.000000
vn 0.000000 -0.000000 1.000000
vn 0.000000 -0.000000 1.000000
vn 0.000000 -0.000000 1.000000
vn 0.000000 -0.000000 1.000000
vn 0.000000 -0.000000 1.000000
vn 0.000000 -0.000000 1.000000
vn 0.000000 -0.000000 1.000000
vn 0.000000 -0.000000 1.000000
vn 0.000000 -0.000000 1.000000
vn 0.000000 -0.000000 1.000000
vn 0.000000 -0.000000 1.000000
vn 0.000000 -0.000000 1.000000
vn 0.000000 -0.000000 1.000000
vn 0.000000 -0.000000 1.000000
vn 0.000000 -0.000000 1.000000
vn 0.000000 -0.000000 1.000000
vn 0.000000 -0.000000 1.000000
vn 0.000000 -0.000000 1.000000
vn 0.000000 -0.000000 1.000000
vn 0.000000 -0.000000 1.000000
vn 0.000000 -0.000000 1.000000
vn 0.000000 -0.000000 1.000000
vn 0.000000 -0.000000 1.000000
vn 0.000000 -0.000000 1.000000
vn 0.000000 -0.000000 1.000000
vn 0.000000 -0.000000 1.000000
vn 0.000000 -0.000000 1.000000
vn 0.000000 -0.000000 1.000000
vn 0.000000 -0.000000 1.000000
vn 0.000000 -0.000000 1.000000
vn 0.000000 -0.000000 1.000000
vn 0.000000 -0.000000 1.000000
vn 0.000000 -0.000000 1.000000
vn 0.000000 -0.000000 1.000000
vn 0.000000 -0.000000 1.000000
vn 0.000000 -0.000000 1.000000
vn 0.000000 -0.000000 1.000000
vn 0.000000 -0.000000 1.000000
vn 0.000000 -0.000000 1.000000
vn 0.000000 -0.000000 1.000000
vn 0.000000 -0.000000 1.000000
vn 0.000000 -0.000000 1.000000
vn 0.000000 -0.000000 1.000000
vn 0.000000 -0.000000 1.000000
vn 0.000000 -0.000000 1.000000
vn 0.000000 -0.000000 1.000000
vn 0.000000 -0.000000 1.000000
vn 0.000000 -0.000000 1.000000
vn 0.000000 -0.000000 1.000000
vn 0.000000 -0.000000 1.000000
vn 0.000000 -0.000000 1.000000
vn 0.000000 -0.000000 1.000000
vn 0.000000 -0.000000 1.000000
vn 0.000000 -0.000000 1.000000
vn 0.000000 -0.000000 1.000000
vn 0.000000 -0.000000 1.000000
vn 0.000000 -0.000000 1.000000
vn 0.000000 -0.000000 1.000000
vn 0.000000 -0.000000 1.000000
vn 0.000000 -0.000000 1.000000
vn 0.000000 -0.000000 1.000000
vn 0.000000 -0.000000 1.000000
vn 0.000000 -0.000000 1.000000
vn 0.000000 -0.000000 1.000000
vn 0.000000 -0.000000 1.000000
vn 0.000000 -0.000000 1.000000
vn 0.000000 -0.000000 1.000000
vn 0.000000 -0.000000 1.000000
vn 0.000000 -0.000000 1.000000
vn 0.000000 -0.000000 1.000000
vn 0.000000 -0.000000 1.000000
vn 0.000000 -0.000000 1.000000
vn 0.000000 -0.000000 1.000000
vn 0.000000 -0.000000 1.000000
vn 0.000000 -0.000000 1.000000
vn 0.000000 -0.000000 1.000000
vn 0.000000 -0.000000 1.000000
vn 0.000000 -0.000000 1.000000
vn 0.000000 -0.000000 1.000000
vn 0.000000 -0.000000 1.000000
vn 0.000000 -0.000000 1.000000
vn 0.000000 -0.000000 1.000000
vn 0.000000 -0.000000 1.000000
vn 0.000000 -0.000000 1.000000
vn 0.000000 -0.000000 1.000000
vn 0.000000 -0.000000 1.000000
vn 0.000000 -0.000000 1.000000
vn 0.000000 -0.000000 1.000000
vn 0.000000 -0.000000 1.000000
vn 0.000000 -0.000000 1.000000
vn 0.000000 -0.000000 1.000000
vn 0.000000 -0.000000 1.000000
vn 0.000000 -0.000000 1.000000
vn 0.000000 -0.000000 1.000000
vn 0.000000 -0.000000 1.000000
vn 0.000000 -0.000000 1.000000
vn 0.000000 -0.000000 1.000000
vn 0.000000 -0.000000 1.000000
vn 0.000000 -0.000000 1.000000
vn 0.000000 -0.000000 1.000000
vn 0.000000 -0.000000 1.000000
vn 0.000000 -0.000000 1.000000
vn 0.000000 -0.000000 1.000000
vn 0.000000 -0.000000 1.000000
vn 0.000000 -0.000000 1.000000
vn 0.000000 -0.000000 1.000000
vn 0.000000 -0.000000 1.000000
vn 0.000000 -0.000000 1.000000
vn 0.000000 -0.000000 1.000000
vn 0.000000 -0.000000 1.000000
vn 0.000000 -0.000000 1.000000
vn 0.000000 -0.000000 1.000000
vn 0.000000 -0.000000 1.000000
vn 0.000000 -0.000000 1.000000
vn 0.000000 -0.000000 1.000000
vn 0.000000 -0.000000 1.000000
vn 0.000000 -0.000000 1.000000
vn 0.000000 -0.000000 1.000000
vn 0.000000 -0.000000 1.000000
vn 0.000000 -0.000000 1.000000
vn 0.000000 -0.000000 1.000000
vn 0.000000 -0.000000 1.000000
vn 0.000000 -0.000000 1.000000
vn 0.000000 -0.000000 1.000000
vn 0.000000 -0.000000 1.000000
vn 0.000000 -0.000000 1.000000
vn 0.000000 -0.000000 1.000000
vn 0.000000 -0.000000 1.000000
vn 0.000000 -0.000000 1.000000
vn 0.000000 -0.000000 1.000000
vn 0.000000 -0.000000 1.000000
vn 0.000000 -0.000000 1.000000
vn 0.000000 -0.000000 1.000000
vn 0.000000 -0.000000 1.000000
vn 0.000000 -0.000000 1.000000
vn 0.000000 -0.000000 1.000000
vn 0.000000 -0.000000 1.000000
vn 0.000000 -0.000000 1.000000
vn 0.000000 -0.000000 1.000000
vn 0.000000 -0.000000 1.000000
vn 0.000000 -0.000000 1.000000
vn 0.000000 -0.000000 1.000000
vn 0.000000 -0.000000 1.000000
vn 0.000000 -0.000000 1.000000
vn 0.000000 -0.000000 1.000000
vn 0.000000 -0.000000 1.000000
vn 0.000000 -0.000000 1.000000
vn 0.000000 -0.000000 1.000000
vn 0.000000 -0.000000 1.000000
vn 0.000000 -0.000000 1.000000
vn 0.000000 -0.000000 1.000000
vn 0.000000 -0.000000 1.000000
vn 0.000000 -0.000000 1.000000
vn 0.000000 -0.000000 1.000000
vn 0.000000 -0.000000 1.000000
vn 0.000000 -0.000000 1.000000
vn 0.000000 -0.000000 1.000000
vn 0.000000 -0.000000 1.000000
vn 0.000000 -0.000000 1.000000
vn 0.000000 -0.000000 1.000000
vn 0.000000 -0.000000 1.000000
vn 0.000000 -0.000000 1.000000
vn 0.000000 -0.000000 1.000000
vn 0.000000 -0.000000 1.000000
vn 0.000000 -0.000000 1.000000
vn 0.000000 -0.000000 1.000000
vn 0.000000 -0.000000 1.000000
vn 0.000000 -0.000000 1.000000
vn 0.000000 -0.000000 1.000000
vn 0.000000 -0.000000 1.000000
vn 0.000000 -0.000000 1.000000
vn 0.000000 -0.000000 1.000000
vn 0.000000 -0.000000 1.000000
vn 0.000000 -0.000000 1.000000
vn 0.000000 -0.000000 1.000000
vn 0.000000 -0.000000 1.000000
vn 0.000000 -0.000000 1.000000
vn 0.000000 -0.000000 1.000000
vn 0.000000 -0.000000 1.000000
vn 0.000000 -0.000000 1.000000
vn 0.000000 -0.000000 1.000000
vn 0.000000 -0.000000 1.000000
vn 0.000000 -0.000000 1.000000
vn 0.000000 -0.000000 1.000000
vn 0.000000 -0.000000 1.000000
vn 0.000000 -0.000000 1.000000
vn 0.000000 -0.000000 1.000000
vn 0.000000 -0.000000 1.000000
vn 0.000000 -0.000000 1.000000
vn 0.000000 -0.000000 1.000000
vn 0.000000 -0.000000 1.000000
vn 0.000000 -0.000000 1.000000
vn 0.000000 -0.000000 1.000000
vn 0.000000 -0.000000 1.000000
vn 0.000000 -0.000000 1.000000
vn 0.000000 -0.000000 1.000000
vn 0.000000 -0.000000 1.000000
vn 0.000000 -0.000000 1.000000
vn 0.000000 -0.000000 1.000000
vn 0.000000 -0.000000 1.000000
vn 0.000000 -0.000000 1.000000
vn 0.000000 -0.000000 1.000000
vn 0.000000 -0.000000 1.000000
vn 0.000000 -0.000000 1.000000
vn 0.000000 -0.000000 1.000000
vn 0.000000 -0.000000 1.000000
vn 0.000000 -0.000000 1.000000
vn 0.000000 -0.000000 1.000000
vn 0.000000 -0.000000 1.000000
vn 0.000000 -0.000000 1.000000
vn 0.000000 -0.000000 1.000000
vn 0.000000 -0.000000 1.000000
vn 0.000000 -0.000000 1.000000
vn 0.000000 -0.000000 1.000000
vn 0.000000 -0.000000 1.000000
vn 0.000000 -0.000000 1.000000
vn 0.000000 -0.000000 1.000000
vn 0.000000 -0.000000 1.000000
vn 0.000000 -0.000000 1.000000
vn 0.000000 -0.000000 1.000000
vn 0.000000 -0.000000 1.000000
vn 0.000000 -0.000000 1.000000
vn 0.000000 -0.000000 1.000000
vn 0.000000 -0.000000 1.000000
vn 0.000000 -0.000000 1.000000
vn 0.000000 -0.000000 1.000000
vn 0.000000 -0.000000 1.000000
vn 0.000000 -0.000000 1.000000
vn 0.000000 -0.000000 1.000000
vn 0.000000 -0.000000 1.000000
vn 0.000000 -0.000000 1.000000
vn 0.000000 -0.000000 1.000000
vn 0.000000 -0.000000 1.000000
vn 0.000000 -0.000000 1.000000
vn 0.000000 -0.000000 1.000000
vn 0.000000 -0.000000 1.000000
vn 0.000000 -0.000000 1.000000
vn 0.000000 -0.000000 1.000000
vn 0.000000 -0.000000 1.000000
vn 0.000000 -0.000000 1.000000
vn 0.000000 -0.000000 1.000000
vn 0.000000 -0.000000 1.000000
vn 0.000000 -0.000000 1.000000
vn 0.000000 -0.000000 1.000000
vn 0.000000 -0.000000 1.000000
vn 0.000000 -0.000000 1.000000
vn 0.000000 -0.000000 1.000000
vn 0.000000 -0.000000 1.000000
vn 0.000000 -0.000000 1.000000
vn 0.000000 -0.000000 1.000000
vn 0.000000 -0.000000 1.000000
vn 0.000000 -0.000000 1.000000
vn 0.000000 -0.000000 1.000000
vn 0.000000 -0.000000 1.000000
vn 0.000000 -0.000000 1.000000
vn 0.000000 -0.000000 1.000000
vn 0.000000 -0.000000 1.000000
vn 0.000000 -0.000000 1.000000
vn 0.000000 -0.000000 1.000000
vn 0.000000 -0.000000 1.000000
vn 0.000000 -0.000000 1.000000
vn 0.000000 -0.000000 1.000000
vn 0.000000 -0.000000 1.000000
vn 0.000000 -0.000000 1.000000
vn 0.000000 -0.000000 1.000000
vn 0.000000 -0.000000 1.000000
vn 0.000000 -0.000000 1.000000
vn 0.000000 -0.000000 1.000000
vn 0.000000 -0.000000 1.000000
vn 0.000000 -0.000000 1.000000
vn 0.000000 -0.000000 1.000000
vn 0.000000 -0.000000 1.000000
vn 0.000000 -0.000000 1.000000
vn 0.000000 -0.000000 1.000000
vn 0.000000 -0.000000 1.000000
vn 0.000000 -0.000000 1.000000
vn 0.000000 -0.000000 1.000000
vn 0.000000 -0.000000 1.000000
vn 0.000000 -0.000000 1.000000
vn 0.000000 -0.000000 1.000000
vn 0.000000 -0.000000 1.000000
vn 0.000000 -0.000000 1.000000
vn 0.000000 -0.000000 1.000000
vn 0.000000 -0.000000 1.000000
vn 0.000000 -0.000000 1.000000
vn 0.000000 -0.000000 1.000000
vn 0.000000 -0.000000 1.000000
vn 0.000000 -0.000000 1.000000
vn 0.000000 -0.000000 1.000000
vn 0.000000 -0.000000 1.000000
vn 0.000000 -0.000000 1.000000
vn 0.000000 -0.000000 1.000000
vn 0.000000 -0.000000 1.000000
vn 0.000000 -0.000000 1.000000
vn 0.000000 -0.000000 1.000000
vn 0.000000 -0.000000 1.000000
vn 0.000000 -0.000000 1.000000
vn 0.000000 -0.000000 1.000000
vn 0.000000 -0.000000 1.000000
vn 0.000000 -0.000000 1.000000
vn 0.000000 -0.000000 1.000000
vn 0.000000 -0.000000 1.000000
vn 0.000000 -0.000000 1.000000
vn 0.000000 -0.000000 1.000000
vn 0.000000 -0.000000 1.000000
vn 0.000000 -0.000000 1.000000
vn 0.000000 -0.000000 1.000000
vn 0.000000 -0.000000 1.000000
vn 0.000000 -0.000000 1.000000
vn 0.000000 -0.000000 1.000000
vn 0.000000 -0.000000 1.000000
vn 0.000000 -0.000000 1.000000
vn 0.000000 -0.000000 1.000000
vn 0.000000 -0.000000 1.000000
vn 0.000000 -0.000000 1.000000
vn 0.000000 -0.000000 1.000000
vn 0.000000 -0.000000 1.000000
vn 0.000000 -0.000000 1.000000
vn 0.000000 -0.000000 1.000000
vn 0.000000 -0.000000 1.000000
vn 0.000000 -0.000000 1.000000
vn 0.000000 -0.000000 1.000000
vn 0.000000 -0.000000 1.000000
vn 0.000000 -0.000000 1.000000
vn 0.000000 -0.000000 1.000000
vn 0.000000 -0.000000 1.000000
vn 0.000000 -0.000000 1.000000
vn 0.000000 -0.000000 1.000000
vn 0.000000 -0.000000 1.000000
vn 0.000000 -0.000000 1.000000
vn 0.000000 -0.000000 1.000000
vn 0.000000 -0.000000 1.000000
vn 0.000000 -0.000000 1.000000
vn 0.000000 -0.000000 1.000000
vn 0.000000 -0.000000 1.000000
vn 0.000000 -0.000000 1.000000
vn 0.000000 -0.000000 1.000000
vn 0.000000 -0.000000 1.000000
vn 0.000000 -0.000000 1.000000
vn 0.000000 -0.000000 1.000000
vn 0.000000 -0.000000 1.000000
vn 0.000000 -0.000000 1.000000
vn 0.000000 -0.000000 1.000000
vn 0.000000 -0.000000 1.000000
vn 0.000000 -0.000000 1.000000
vn 0.000000 -0.000000 1.000000
vn 0.000000 -0.000000 1.000000
vn 0.000000 -0.000000 1.000000
vn 0.000000 -0.000000 1.000000
vn 0.000000 -0.000000 1.000000
vn 0.000000 -0.000000 1.000000
vn 0.000000 -0.000000 1.000000
vn 0.000000 -0.000000 1.000000
vn 0.000000 -0.000000 1.000000
vn 0.000000 -0.000000 1.000000
vn 0.000000 -0.000000 1.000000
vn 0.000000 -0.000000 1.000000
vn 0.000000 -0.000000 1.000000
vn 0.000000 -0.000000 1.000000
vn 0.000000 -0.000000 1.000000
vn 0.000000 -0.000000 1.000000
vn 0.000000 -0.000000 1.000000
vn 0.000000 -0.000000 1.000000
vn 0.000000 -0.000000 1.000000
vn 0.000000 -0.000000 1.000000
vn 0.000000 -0.000000 1.000000
vn 0.000000 -0.000000 1.000000
vn 0.000000 -0.000000 1.000000
vn 0.000000 -0.000000 1.000000
vn 0.000000 -0.000000 1.000000
vn 0.000000 -0.000000 1.000000
vn 0.000000 -0.000000 1.000000
vn 0.000000 -0.000000 1.000000
vn 0.000000 -0.000000 1.000000
vn 0.000000 -0.000000 1.000000
vn 0.000000 -0.000000 1.000000
vn 0.000000 -0.000000 1.000000
vn 0.000000 -0.000000 1.000000
vn 0.000000 -0.000000 1.000000
vn 0.000000 -0.000000 1.000000
vn 0.000000 -0.000000 1.000000
vn 0.000000 -0.000000 1.000000
vn 0.000000 -0.000000 1.000000
vn 0.000000 -0.000000 1.000000
vn 0.000000 -0.000000 1.000000
vn 0.000000 -0.000000 1.000000
vn 0.000000 -0.000000 1.000000
vn 0.000000 -0.000000 1.000000
vn 0.000000 -0.000000 1.000000
vn 0.000000 -0.000000 1.000000
vn 0.000000 -0.000000 1.000000
vn 0.000000 -0.000000 1.000000
vn 0.000000 -0.000000 1.000000
vn 0.000000 -0.000000 1.000000
vn 0.000000 -0.000000 1.000000
vn 0.000000 -0.000000 1.000000
vn 0.000000 -0.000000 1.000000
vn 0.000000 -0.000000 1.000000
vn 0.000000 -0.000000 1.000000
vn 0.000000 -0.000000 1.000000
vn 0.000000 -0.000000 1.000000
vn 0.000000 -0.000000 1.000000
vn 0.000000 -0.000000 1.000000
vn 0.000000 -0.000000 1.000000
vn 0.000000 -0.000000 1.000000
vn 0.000000 -0.000000 1.000000
vn 0.000000 -0.000000 1.000000
vn 0.000000 -0.000000 1.000000
vn 0.000000 -0.000000 1.000000
vn 0.000000 -0.000000 1.000000
vn 0.000000 -0.000000 1.000000
vn 0.000000 -0.000000 1.000000
vn 0.000000 -0.000000 1.000000
vn 0.000000 -0.000000 1.000000
vn 0.000000 -0.000000 1.000000
vn 0.000000 -0.000000 1.000000
vn 0.000000 -0.000000 1.000000
vn 0.000000 -0.000000 1.000000
vn 0.000000 -0.000000 1.000000
vn 0.000000 -0.000000 1.000000
vn 0.000000 -0.000000 1.000000
vn 0.000000 -0.000000 1.000000
vn 0.000000 -0.000000 1.000000
vn 0.000000 -0.000000 1.000000
vn 0.000000 -0.000000 1.000000
vn 0.000000 -0.000000 1.000000
vn 0.000000 -0.000000 1.000000
vn 0.000000 -0.000000 1.000000
vn 0.000000 -0.000000 1.000000
vn 0.000000 -0.000000 1.000000
vn 0.000000 -0.000000 1.000000
vn 0.000000 -0.000000 1.000000
vn 0.000000 -0.000000 1.000000
vn 0.000000 -0.000000 1.000000
vn 0.000000 -0.000000 1.000000
vn 0.000000 -0.000000 1.000000
vn 0.000000 -0.000000 1.000000
vn 0.000000 -0.000000 1.000000
vn 0.000000 -0.000000 1.000000
vn 0.000000 -0.000000 1.000000
vn 0.000000 -0.000000 1.000000
vn 0.000000 -0.000000 1.000000
vn 0.000000 -0.000000 1.000000
vn 0.000000 -0.000000 1.000000
vn 0.000000 -0.000000 1.000000
vn 0.000000 -0.000000 1.000000
vn 0.000000 -0.000000 1.000000
vn 0.000000 -0.000000 1.000000
vn 0.000000 -0.000000 1.000000
vn 0.000000 -0.000000 1.000000
vn 0.000000 -0.000000 1.000000
vn 0.000000 -0.000000 1.000000
vn 0.000000 -0.000000 1.000000
vn 0.000000 -0.000000 1.000000
vn 0.000000 -0.000000 1.000000
vn 0.000000 -0.000000 1.000000
vn 0.000000 -0.000000 1.000000
vn 0.000000 -0.000000 1.000000
vn 0.000000 -0.000000 1.000000
vn 0.000000 -0.000000 1.000000
vn 0.000000 -0.000000 1.000000
vn 0.000000 -0.000000 1.000000
vn 0.000000 -0.000000 1.000000
vn 0.000000 -0.000000 1.000000
vn 0.000000 -0.000000 1.000000
vn 0.000000 -0.000000 1.000000
vn 0.000000 -0.000000 1.000000
vn 0.000000 -0.000000 1.000000
vn 0.000000 -0.000000 1.000000
vn 0.000000 -0.000000 1.000000
vn 0.000000 -0.000000 1.000000
vn 0.000000 -0.000000 1.000000
vn 0.000000 -0.000000 1.000000
vn 0.000000 -0.000000 1.000000
vn 0.000000 -0.000000 1.000000
vn 0.000000 -0.000000 1.000000
vn 0.000000 -0.000000 1.000000
vn 0.000000 -0.000000 1.000000
vn 0.000000 -0.000000 1.000000
vn 0.000000 -0.000000 1.000000
vn 0.000000 -0.000000 1.000000
vn 0.000000 -0.000000 1.000000
vn 0.000000 -0.000000 1.000000
vn 0.000000 -0.000000 1.000000
vn 0.000000 -0.000000 1.000000
vn 0.000000 -0.000000 1.000000
vn 0.000000 -0.000000 1.000000
vn 0.000000 -0.000000 1.000000
vn 0.000000 -0.000000 1.000000
vn 0.000000 -0.000000 1.000000
vn 0.000000 -0.000000 1.000000
vn 0.000000 -0.000000 1.000000
vn 0.000000 -0.000000 1.000000
vn 0.000000 -0.000000 1.000000
vn 0.000000 -0.000000 1.000000
vn 0.000000 -0.000000 1.000000
vn 0.000000 -0.000000 1.000000
vn 0.000000 -0.000000 1.000000
vn 0.000000 -0.000000 1.000000
vn 0.000000 -0.000000 1.000000
vn 0.000000 -0.000000 1.000000
vn 0.000000 -0.000000 1.000000
vn 0.000000 -0.000000 1.000000
vn 0.000000 -0.000000 1.000000
vn 0.000000 -0.000000 1.000000
vn 0.000000 -0.000000 1.000000
vn 0.000000 -0.000000 1.000000
vn 0.000000 -0.000000 1.000000
vn 0.000000 -0.000000 1.000000
vn 0.000000 -0.000000 1.000000
vn 0.000000 -0.000000 1.000000
vn 0.000000 -0.000000 1.000000
vn 0.000000 -0.000000 1.000000
vn 0.000000 -0.000000 1.000000
vn 0.000000 -0.000000 1.000000
vn 0.000000 -0.000000 1.000000
vn 0.000000 -0.000000 1.000000
vn 0.000000 -0.000000 1.000000
vn 0.000000 -0.000000 1.000000
vn 0.000000 -0.000000 1.000000
vn 0.000000 -0.000000 1.000000
vn 0.000000 -0.000000 1.000000
vn 0.000000 -0.000000 1.000000
vn 0.000000 -0.000000 1.000000
vn 0.000000 -0.000000 1.000000
vn 0.000000 -0.000000 1.000000
vn 0.000000 -0.000000 1.000000
vn 0.000000 -0.000000 1.000000
vn 0.000000 -0.000000 1.000000
vn 0.000000 -0.000000 1.000000
vn 0.000000 -0.000000 1.000000
vn 0.000000 -0.000000 1.000000
vn 0.000000 -0.000000 1.000000
vn 0.000000 -0.000000 1.000000
vn 0.000000 -0.000000 1.000000
vn 0.000000 -0.000000 1.000000
vn 0.000000 -0.000000 1.000000
vn 0.000000 -0.000000 1.000000
vn 0.000000 -0.000000 1.000000
vn 0.000000 -0.000000 1.000000
vn 0.000000 -0.000000 1.000000
vn 0.000000 -0.000000 1.000000
vn 0.000000 -0.000000 1.000000
vn 0.000000 0.000000 -1.000000
vn 0.000000 0.000000 -1.000000
vn 0.000000 0.000000 -1.000000
vn 0.000000 0.000000 -1.000000
vn 0.000000 0.000000 -1.000000
vn 0.000000 0.000000 -1.000000
vn 0.000000 0.000000 -1.000000
vn 0.000000 0.000000 -1.000000
vn 0.000000 0.000000 -1.000000
vn 0.000000 0.000000 -1.000000
vn 0.000000 0.000000 -1.000000
vn 0.000000 0.000000 -1.000000
vn 0.000000 0.000000 -1.000000
vn 0.000000 0.000000 -1.000000
vn 0.000000 0.000000 -1.000000
vn 0.000000 0.000000 -1.000000
vn 0.000000 0.000000 -1.000000
vn 0.000000 0.000000 -1.000000
vn 0.000000 0.000000 -1.000000
vn 0.000000 0.000000 -1.000000
vn 0.000000 0.000000 -1.000000
vn 0.000000 0.000000 -1.000000
vn 0.000000 0.000000 -1.000000
vn 0.000000 0.000000 -1.000000
vn 0.000000 0.000000 -1.000000
vn 0.000000 0.000000 -1.000000
vn 0.000000 0.000000 -1.000000
vn 0.000000 0.000000 -1.000000
vn 0.000000 0.000000 -1.000000
vn 0.000000 0.000000 -1.000000
vn 0.000000 0.000000 -1.000000
vn 0.000000 0.000000 -1.000000
vn 0.000000 0.000000 -1.000000
vn 0.000000 0.000000 -1.000000
vn 0.000000 0.000000 -1.000000
vn 0.000000 0.000000 -1.000000
vn 0.000000 0.000000 -1.000000
vn 0.000000 0.000000 -1.000000
vn 0.000000 0.000000 -1.000000
vn 0.000000 0.000000 -1.000000
vn 0.000000 0.000000 -1.000000
vn 0.000000 0.000000 -1.000000
vn 0.000000 0.000000 -1.000000
vn 0.000000 0.000000 -1.000000
vn 0.000000 0.000000 -1.000000
vn 0.000000 0.000000 -1.000000
vn 0.000000 0.000000 -1.000000
vn 0.000000 0.000000 -1.000000
vn 0.000000 0.000000 -1.000000
vn 0.000000 0.000000 -1.000000
vn 0.000000 0.000000 -1.000000
vn 0.000000 0.000000 -1.000000
vn 0.000000 0.000000 -1.000000
vn 0.000000 0.000000 -1.000000
vn 0.000000 0.000000 -1.000000
vn 0.000000 0.000000 -1.000000
vn 0.000000 0.000000 -1.000000
vn 0.000000 0.000000 -1.000000
vn 0.000000 0.000000 -1.000000
vn 0.000000 0.000000 -1.000000
vn 0.000000 0.000000 -1.000000
vn 0.000000 0.000000 -1.000000
vn 0.000000 0.000000 -1.000000
vn 0.000000 0.000000 -1.000000
vn 0.000000 0.000000 -1.000000
vn 0.000000 0.000000 -1.000000
vn 0.000000 0.000000 -1.000000
vn 0.000000 0.000000 -1.000000
vn 0.000000 0.000000 -1.000000
vn 0.000000 0.000000 -1.000000
vn 0.000000 0.000000 -1.000000
vn 0.000000 0.000000 -1.000000
vn 0.000000 0.000000 -1.000000
vn 0.000000 0.000000 -1.000000
vn 0.000000 0.000000 -1.000000
vn 0.000000 0.000000 -1.000000
vn 0.000000 0.000000 -1.000000
vn 0.000000 0.000000 -1.000000
vn 0.000000 0.000000 -1.000000
vn 0.000000 0.000000 -1.000000
vn 0.000000 0.000000 -1.000000
vn 0.000000 0.000000 -1.000000
vn 0.000000 0.000000 -1.000000
vn 0.000000 0.000000 -1.000000
vn 0.000000 0.000000 -1.000000
vn 0.000000 0.000000 -1.000000
vn 0.000000 0.000000 -1.000000
vn 0.000000 0.000000 -1.000000
vn 0.000000 0.000000 -1.000000
vn 0.000000 0.000000 -1.000000
vn 0.000000 0.000000 -1.000000
vn 0.000000 0.000000 -1.000000
vn 0.000000 0.000000 -1.000000
vn 0.000000 0.000000 -1.000000
vn 0.000000 0.000000 -1.000000
vn 0.000000 0.000000 -1.000000
vn 0.000000 0.000000 -1.000000
vn 0.000000 0.000000 -1.000000
vn 0.000000 0.000000 -1.000000
vn 0.000000 0.000000 -1.000000
vn 0.000000 0.000000 -1.000000
vn 0.000000 0.000000 -1.000000
vn 0.000000 0.000000 -1.000000
vn 0.000000 0.000000 -1.000000
vn 0.000000 0.000000 -1.000000
vn 0.000000 0.000000 -1.000000
vn 0.000000 0.000000 -1.000000
vn 0.000000 0.000000 -1.000000
vn 0.000000 0.000000 -1.000000
vn 0.000000 0.000000 -1.000000
vn 0.000000 0.000000 -1.000000
vn 0.000000 0.000000 -1.000000
vn 0.000000 0.000000 -1.000000
vn 0.000000 0.000000 -1.000000
vn 0.000000 0.000000 -1.000000
vn 0.000000 0.000000 -1.000000
vn 0.000000 0.000000 -1.000000
vn 0.000000 0.000000 -1.000000
vn 0.000000 0.000000 -1.000000
vn 0.000000 0.000000 -1.000000
vn 0.000000 0.000000 -1.000000
vn 0.000000 0.000000 -1.000000
vn 0.000000 0.000000 -1.000000
vn 0.000000 0.000000 -1.000000
vn 0.000000 0.000000 -1.000000
vn 0.000000 0.000000 -1.000000
vn 0.000000 0.000000 -1.000000
vn 0.000000 0.000000 -1.000000
vn 0.000000 0.000000 -1.000000
vn 0.000000 0.000000 -1.000000
vn 0.000000 0.000000 -1.000000
vn 0.000000 0.000000 -1.000000
vn 0.000000 0.000000 -1.000000
vn 0.000000 0.000000 -1.000000
vn 0.000000 0.000000 -1.000000
vn 0.000000 0.000000 -1.000000
vn 0.000000 0.000000 -1.000000
vn 0.000000 0.000000 -1.000000
vn 0.000000 0.000000 -1.000000
vn 0.000000 0.000000 -1.000000
vn 0.000000 0.000000 -1.000000
vn 0.000000 0.000000 -1.000000
vn 0.000000 0.000000 -1.000000
vn 0.000000 0.000000 -1.000000
vn 0.000000 0.000000 -1.000000
vn 0.000000 0.000000 -1.000000
vn 0.000000 0.000000 -1.000000
vn 0.000000 0.000000 -1.000000
vn 0.000000 0.000000 -1.000000
vn 0.000000 0.000000 -1.000000
vn 0.000000 0.000000 -1.000000
vn 0.000000 0.000000 -1.000000
vn 0.000000 0.000000 -1.000000
vn 0.000000 0.000000 -1.000000
vn 0.000000 0.000000 -1.000000
vn 0.000000 0.000000 -1.000000
vn 0.000000 0.000000 -1.000000
vn 0.000000 0.000000 -1.000000
vn 0.000000 0.000000 -1.000000
vn 0.000000 0.000000 -1.000000
vn 0.000000 0.000000 -1.000000
vn 0.000000 0.000000 -1.000000
vn 0.000000 0.000000 -1.000000
vn 0.000000 0.000000 -1.000000
vn 0.000000 0.000000 -1.000000
vn 0.000000 0.000000 -1.000000
vn 0.000000 0.000000 -1.000000
vn 0.000000 0.000000 -1.000000
vn 0.000000 0.000000 -1.000000
vn 0.000000 0.000000 -1.000000
vn 0.000000 0.000000 -1.000000
vn 0.000000 0.000000 -1.000000
vn 0.000000 0.000000 -1.000000
vn 0.000000 0.000000 -1.000000
vn 0.000000 0.000000 -1.000000
vn 0.000000 0.000000 -1.000000
vn 0.000000 0.000000 -1.000000
vn 0.000000 0.000000 -1.000000
vn 0.000000 0.000000 -1.000000
vn 0.000000 0.000000 -1.000000
vn 0.000000 0.000000 -1.000000
vn 0.000000 0.000000 -1.000000
vn 0.000000 0.000000 -1.000000
vn 0.000000 0.000000 -1.000000
vn 0.000000 0.000000 -1.000000
vn 0.000000 0.000000 -1.000000
vn 0.000000 0.000000 -1.000000
vn 0.000000 0.000000 -1.000000
vn 0.000000 0.000000 -1.000000
vn 0.000000 0.000000 -1.000000
vn 0.000000 0.000000 -1.000000
vn 0.000000 0.000000 -1.000000
vn 0.000000 0.000000 -1.000000
vn 0.000000 0.000000 -1.000000
vn 0.000000 0.000000 -1.000000
vn 0.000000 0.000000 -1.000000
vn 0.000000 0.000000 -1.000000
vn 0.000000 0.000000 -1.000000
vn 0.000000 0.000000 -1.000000
vn 0.000000 0.000000 -1.000000
vn 0.000000 0.000000 -1.000000
vn 0.000000 0.000000 -1.000000
vn 0.000000 0.000000 -1.000000
vn 0.000000 0.000000 -1.000000
vn 0.000000 0.000000 -1.000000
vn 0.000000 0.000000 -1.000000
vn 0.000000 0.000000 -1.000000
vn 0.000000 0.000000 -1.000000
vn 0.000000 0.000000 -1.000000
vn 0.000000 0.000000 -1.000000
vn 0.000000 0.000000 -1.000000
vn 0.000000 0.000000 -1.000000
vn 0.000000 0.000000 -1.000000
vn 0.000000 0.000000 -1.000000
vn 0.000000 0.000000 -1.000000
vn 0.000000 0.000000 -1.000000
vn 0.000000 0.000000 -1.000000
vn 0.000000 0.000000 -1.000000
vn 0.000000 0.000000 -1.000000
vn 0.000000 0.000000 -1.000000
vn 0.000000 0.000000 -1.000000
vn 0.000000 0.000000 -1.000000
vn 0.000000 0.000000 -1.000000
vn 0.000000 0.000000 -1.000000
vn 0.000000 0.000000 -1.000000
vn 0.000000 0.000000 -1.000000
vn 0.000000 0.000000 -1.000000
vn 0.000000 0.000000 -1.000000
vn 0.000000 0.000000 -1.000000
vn 0.000000 0.000000 -1.000000
vn 0.000000 0.000000 -1.000000
vn 0.000000 0.000000 -1.000000
vn 0.000000 0.000000 -1.000000
vn 0.000000 0.000000 -1.000000
vn 0.000000 0.000000 -1.000000
vn 0.000000 0.000000 -1.000000
vn 0.000000 0.000000 -1.000000
vn 0.000000 0.000000 -1.000000
vn 0.000000 0.000000 -1.000000
vn 0.000000 0.000000 -1.000000
vn 0.000000 0.000000 -1.000000
vn 0.000000 0.000000 -1.000000
vn 0.000000 0.000000 -1.000000
vn 0.000000 0.000000 -1.000000
vn 0.000000 0.000000 -1.000000
vn 0.000000 0.000000 -1.000000
vn 0.000000 0.000000 -1.000000
vn 0.000000 0.000000 -1.000000
vn 0.000000 0.000000 -1.000000
vn 0.000000 0.000000 -1.000000
vn 0.000000 0.000000 -1.000000
vn 0.000000 0.000000 -1.000000
vn 0.000000 0.000000 -1.000000
vn 0.000000 0.000000 -1.000000
vn 0.000000 0.000000 -1.000000
vn 0.000000 0.000000 -1.000000
vn 0.000000 0.000000 -1.000000
vn 0.000000 0.000000 -1.000000
vn 0.000000 0.000000 -1.000000
vn 0.000000 0.000000 -1.000000
vn 0.000000 0.000000 -1.000000
vn 0.000000 0.000000 -1.000000
vn 0.000000 0.000000 -1.000000
vn 0.000000 0.000000 -1.000000
vn 0.000000 0.000000 -1.000000
vn 0.000000 0.000000 -1.000000
vn 0.000000 0.000000 -1.000000
vn 0.000000 0.000000 -1.000000
vn 0.000000 0.000000 -1.000000
vn 0.000000 0.000000 -1.000000
vn 0.000000 0.000000 -1.000000
vn 0.000000 0.000000 -1.000000
vn 0.000000 0.000000 -1.000000
vn 0.000000 0.000000 -1.000000
vn 0.000000 0.000000 -1.000000
vn 0.000000 0.000000 -1.000000
vn 0.000000 0.000000 -1.000000
vn 0.000000 0.000000 -1.000000
vn 0.000000 0.000000 -1.000000
vn 0.000000 0.000000 -1.000000
vn 0.000000 0.000000 -1.000000
vn 0.000000 0.000000 -1.000000
vn 0.000000 0.000000 -1.000000
vn 0.000000 0.000000 -1.000000
vn 0.000000 0.000000 -1.000000
vn 0.000000 0.000000 -1.000000
vn 0.000000 0.000000 -1.000000
vn 0.000000 0.000000 -1.000000
vn 0.000000 0.000000 -1.000000
vn 0.000000 0.000000 -1.000000
vn 0.000000 0.000000 -1.000000
vn 0.000000 0.000000 -1.000000
vn 0.000000 0.000000 -1.000000
vn 0.000000 0.000000 -1.000000
vn 0.000000 0.000000 -1.000000
vn 0.000000 0.000000 -1.000000
vn 0.000000 0.000000 -1.000000
vn 0.000000 0.000000 -1.000000
vn 0.000000 0.000000 -1.000000
vn 0.000000 0.000000 -1.000000
vn 0.000000 0.000000 -1.000000
vn 0.000000 0.000000 -1.000000
vn 0.000000 0.000000 -1.000000
vn 0.000000 0.000000 -1.000000
vn 0.000000 0.000000 -1.000000
vn 0.000000 0.000000 -1.000000
vn 0.000000 0.000000 -1.000000
vn 0.000000 0.000000 -1.000000
vn 0.000000 0.000000 -1.000000
vn 0.000000 0.000000 -1.000000
vn 0.000000 0.000000 -1.000000
vn 0.000000 0.000000 -1.000000
vn 0.000000 0.000000 -1.000000
vn 0.000000 0.000000 -1.000000
vn 0.000000 0.000000 -1.000000
vn 0.000000 0.000000 -1.000000
vn 0.000000 0.000000 -1.000000
vn 0.000000 0.000000 -1.000000
vn 0.000000 0.000000 -1.000000
vn 0.000000 0.000000 -1.000000
vn 0.000000 0.000000 -1.000000
vn 0.000000 0.000000 -1.000000
vn 0.000000 0.000000 -1.000000
vn 0.000000 0.000000 -1.000000
vn 0.000000 0.000000 -1.000000
vn 0.000000 0.000000 -1.000000
vn 0.000000 0.000000 -1.000000
vn 0.000000 0.000000 -1.000000
vn 0.000000 0.000000 -1.000000
vn 0.000000 0.000000 -1.000000
vn 0.000000 0.000000 -1.000000
vn 0.000000 0.000000 -1.000000
vn 0.000000 0.000000 -1.000000
vn 0.000000 0.000000 -1.000000
vn 0.000000 0.000000 -1.000000
vn 0.000000 0.000000 -1.000000
vn 0.000000 0.000000 -1.000000
vn 0.000000 0.000000 -1.000000
vn 0.000000 0.000000 -1.000000
vn 0.000000 0.000000 -1.000000
vn 0.000000 0.000000 -1.000000
vn 0.000000 0.000000 -1.000000
vn 0.000000 0.000000 -1.000000
vn 0.000000 0.000000 -1.000000
vn 0.000000 0.000000 -1.000000
vn 0.000000 0.000000 -1.000000
vn 0.000000 0.000000 -1.000000
vn 0.000000 0.000000 -1.000000
vn 0.000000 0.000000 -1.000000
vn 0.000000 0.000000 -1.000000
vn 0.000000 0.000000 -1.000000
vn 0.000000 0.000000 -1.000000
vn 0.000000 0.000000 -1.000000
vn 0.000000 0.000000 -1.000000
vn 0.000000 0.000000 -1.000000
vn 0.000000 0.000000 -1.000000
vn 0.000000 0.000000 -1.000000
vn 0.000000 0.000000 -1.000000
vn 0.000000 0.000000 -1.000000
vn 0.000000 0.000000 -1.000000
vn 0.000000 0.000000 -1.000000
vn 0.000000 0.000000 -1.000000
vn 0.000000 0.000000 -1.000000
vn 0.000000 0.000000 -1.000000
vn 0.000000 0.000000 -1.000000
vn 0.000000 0.000000 -1.000000
vn 0.000000 0.000000 -1.000000
vn 0.000000 0.000000 -1.000000
vn 0.000000 0.000000 -1.000000
vn 0.000000 0.000000 -1.000000
vn 0.000000 0.000000 -1.000000
vn 0.000000 0.000000 -1.000000
vn 0.000000 0.000000 -1.000000
vn 0.000000 0.000000 -1.000000
vn 0.000000 0.000000 -1.000000
vn 0.000000 0.000000 -1.000000
vn 0.000000 0.000000 -1.000000
vn 0.000000 0.000000 -1.000000
vn 0.000000 0.000000 -1.000000
vn 0.000000 0.000000 -1.000000
vn 0.000000 0.000000 -1.000000
vn 0.000000 0.000000 -1.000000
vn 0.000000 0.000000 -1.000000
vn 0.000000 0.000000 -1.000000
vn 0.000000 0.000000 -1.000000
vn 0.000000 0.000000 -1.000000
vn 0.000000 0.000000 -1.000000
vn 0.000000 0.000000 -1.000000
vn 0.000000 0.000000 -1.000000
vn 0.000000 0.000000 -1.000000
vn 0.000000 0.000000 -1.000000
vn 0.000000 0.000000 -1.000000
vn 0.000000 0.000000 -1.000000
vn 0.000000 0.000000 -1.000000
vn 0.000000 0.000000 -1.000000
vn 0.000000 0.000000 -1.000000
vn 0.000000 0.000000 -1.000000
vn 0.000000 0.000000 -1.000000
vn 0.000000 0.000000 -1.000000
vn 0.000000 0.000000 -1.000000
vn 0.000000 0.000000 -1.000000
vn 0.000000 0.000000 -1.000000
vn 0.000000 0.000000 -1.000000
vn 0.000000 0.000000 -1.000000
vn 0.000000 0.000000 -1.000000
vn 0.000000 0.000000 -1.000000
vn 0.000000 0.000000 -1.000000
vn 0.000000 0.000000 -1.000000
vn 0.000000 0.000000 -1.000000
vn 0.000000 0.000000 -1.000000
vn 0.000000 0.000000 -1.000000
vn 0.000000 0.000000 -1.000000
vn 0.000000 0.000000 -1.000000
vn 0.000000 0.000000 -1.000000
vn 0.000000 0.000000 -1.000000
vn 0.000000 0.000000 -1.000000
vn 0.000000 0.000000 -1.000000
vn 0.000000 0.000000 -1.000000
vn 0.000000 0.000000 -1.000000
vn 0.000000 0.000000 -1.000000
vn 0.000000 0.000000 -1.000000
vn 0.000000 0.000000 -1.000000
vn 0.000000 0.000000 -1.000000
vn 0.000000 0.000000 -1.000000
vn 0.000000 0.000000 -1.000000
vn 0.000000 0.000000 -1.000000
vn 0.000000 0.000000 -1.000000
vn 0.000000 0.000000 -1.000000
vn 0.000000 0.000000 -1.000000
vn 0.000000 0.000000 -1.000000
vn 0.000000 0.000000 -1.000000
vn 0.000000 0.000000 -1.000000
vn 0.000000 0.000000 -1.000000
vn 0.000000 0.000000 -1.000000
vn 0.000000 0.000000 -1.000000
vn 0.000000 0.000000 -1.000000
vn 0.000000 0.000000 -1.000000
vn 0.000000 0.000000 -1.000000
vn 0.000000 0.000000 -1.000000
vn 0.000000 0.000000 -1.000000
vn 0.000000 0.000000 -1.000000
vn 0.000000 0.000000 -1.000000
vn 0.000000 0.000000 -1.000000
vn 0.000000 0.000000 -1.000000
vn 0.000000 0.000000 -1.000000
vn 0.000000 0.000000 -1.000000
vn 0.000000 0.000000 -1.000000
vn 0.000000 0.000000 -1.000000
vn 0.000000 0.000000 -1.000000
vn 0.000000 0.000000 -1.000000
vn 0.000000 0.000000 -1.000000
vn 0.000000 0.000000 -1.000000
vn 0.000000 0.000000 -1.000000
vn 0.000000 0.000000 -1.000000
vn 0.000000 0.000000 -1.000000
vn 0.000000 0.000000 -1.000000
vn 0.000000 0.000000 -1.000000
vn 0.000000 0.000000 -1.000000
vn 0.000000 0.000000 -1.000000
vn 0.000000 0.000000 -1.000000
vn 0.000000 0.000000 -1.000000
vn 0.000000 0.000000 -1.000000
vn 0.000000 0.000000 -1.000000
vn 0.000000 0.000000 -1.000000
vn 0.000000 0.000000 -1.000000
vn 0.000000 0.000000 -1.000000
vn 0.000000 0.000000 -1.000000
vn 0.000000 0.000000 -1.000000
vn 0.000000 0.000000 -1.000000
vn 0.000000 0.000000 -1.000000
vn 0.000000 0.000000 -1.000000
vn 0.000000 0.000000 -1.000000
vn 0.000000 0.000000 -1.000000
vn 0.000000 0.000000 -1.000000
vn 0.000000 0.000000 -1.000000
vn 0.000000 0.000000 -1.000000
vn 0.000000 0.000000 -1.000000
vn 0.000000 0.000000 -1.000000
vn 0.000000 0.000000 -1.000000
vn 0.000000 0.000000 -1.000000
vn 0.000000 0.000000 -1.000000
vn 0.000000 0.000000 -1.000000
vn 0.000000 0.000000 -1.000000
vn 0.000000 0.000000 -1.000000
vn 0.000000 0.000000 -1.000000
vn 0.000000 0.000000 -1.000000
vn 0.000000 0.000000 -1.000000
vn 0.000000 0.000000 -1.000000
vn 0.000000 0.000000 -1.000000
vn 0.000000 0.000000 -1.000000
vn 0.000000 0.000000 -1.000000
vn 0.000000 0.000000 -1.000000
vn 0.000000 0.000000 -1.000000
vn 0.000000 0.000000 -1.000000
vn 0.000000 0.000000 -1.000000
vn 0.000000 0.000000 -1.000000
vn 0.000000 0.000000 -1.000000
vn 0.000000 0.000000 -1.000000
vn 0.000000 0.000000 -1.000000
vn 0.000000 0.000000 -1.000000
vn 0.000000 0.000000 -1.000000
vn 0.000000 0.000000 -1.000000
vn 0.000000 0.000000 -1.000000
vn 0.000000 0.000000 -1.000000
vn 0.000000 0.000000 -1.000000
vn 0.000000 0.000000 -1.000000
vn 0.000000 0.000000 -1.000000
vn 0.000000 0.000000 -1.000000
vn 0.000000 0.000000 -1.000000
vn 0.000000 0.000000 -1.000000
vn 0.000000 0.000000 -1.000000
vn 0.000000 0.000000 -1.000000
vn 0.000000 0.000000 -1.000000
vn 0.000000 0.000000 -1.000000
vn 0.000000 0.000000 -1.000000
vn 0.000000 0.000000 -1.000000
vn 0.000000 0.000000 -1.000000
vn 0.000000 0.000000 -1.000000
vn 0.000000 0.000000 -1.000000
vn 0.000000 0.000000 -1.000000
vn 0.000000 0.000000 -1.000000
vn 0.000000 0.000000 -1.000000
vn 0.000000 0.000000 -1.000000
vn 0.000000 0.000000 -1.000000
vn 0.000000 0.000000 -1.000000
vn 0.000000 0.000000 -1.000000
vn 0.000000 0.000000 -1.000000
vn 0.000000 0.000000 -1.000000
vn 0.000000 0.000000 -1.000000
vn 0.000000 0.000000 -1.000000
vn 0.000000 0.000000 -1.000000
vn 0.000000 0.000000 -1.000000
vn 0.000000 0.000000 -1.000000
vn 0.000000 0.000000 -1.000000
vn 0.000000 0.000000 -1.000000
vn 0.000000 0.000000 -1.000000
vn 0.000000 0.000000 -1.000000
vn 0.000000 0.000000 -1.000000
vn 0.000000 0.000000 -1.000000
vn 0.000000 0.000000 -1.000000
vn 0.000000 0.000000 -1.000000
vn 0.000000 0.000000 -1.000000
vn 0.000000 0.000000 -1.000000
vn 0.000000 0.000000 -1.000000
vn 0.000000 0.000000 -1.000000
vn 0.000000 0.000000 -1.000000
vn 0.000000 0.000000 -1.000000
vn 0.000000 0.000000 -1.000000
vn 0.000000 0.000000 -1.000000
vn 0.000000 0.000000 -1.000000
vn 0.000000 0.000000 -1.000000
vn 0.000000 0.000000 -1.000000
vn 0.000000 0.000000 -1.000000
vn 0.000000 0.000000 -1.000000
vn 0.000000 0.000000 -1.000000
vn 0.000000 0.000000 -1.000000
vn 0.000000 0.000000 -1.000000
vn 0.000000 0.000000 -1.000000
vn 0.000000 0.000000 -1.000000
vn 0.000000 0.000000 -1.000000
vn 0.000000 0.000000 -1.000000
vn 0.000000 0.000000 -1.000000
vn 0.000000 0.000000 -1.000000
vn 0.000000 0.000000 -1.000000
vn 0.000000 0.000000 -1.000000
vn 0.000000 0.000000 -1.000000
vn 0.000000 0.000000 -1.000000
vn 0.000000 0.000000 -1.000000
vn 0.000000 0.000000 -1.000000
vn 0.000000 0.000000 -1.000000
vn 0.000000 0.000000 -1.000000
vn 0.000000 0.000000 -1.000000
vn 0.000000 0.000000 -1.000000
vn 0.000000 0.000000 -1.000000
vn 0.000000 0.000000 -1.000000
vn 0.000000 0.000000 -1.000000
vn 0.000000 0.000000 -1.000000
vn 0.000000 0.000000 -1.000000
vn 0.000000 0.000000 -1.000000
vn 0.000000 0.000000 -1.000000
vn 0.000000 0.000000 -1.000000
vn 0.000000 0.000000 -1.000000
vn 0.000000 0.000000 -1.000000
vn 0.000000 0.000000 -1.000000
vn 0.000000 0.000000 -1.000000
vn 0.000000 0.000000 -1.000000
vn 0.000000 0.000000 -1.000000
vn 0.000000 0.000000 -1.000000
vn 0.000000 0.000000 -1.000000
vn 0.000000 0.000000 -1.000000
vn 0.000000 0.000000 -1.000000
vn 0.000000 0.000000 -1.000000
vn 0.000000 0.000000 -1.000000
vn 0.000000 0.000000 -1.000000
vn 0.000000 0.000000 -1.000000
vn 0.000000 0.000000 -1.000000
vn 0.000000 0.000000 -1.000000
vn 0.000000 0.000000 -1.000000
vn 0.000000 0.000000 -1.000000
vn 0.000000 0.000000 -1.000000
vn 0.000000 0.000000 -1.000000
vn 0.000000 0.000000 -1.000000
vn 0.000000 0.000000 -1.000000
vn 0.000000 0.000000 -1.000000
vn 0.000000 0.000000 -1.000000
vn 0.000000 0.000000 -1.000000
vn 0.000000 0.000000 -1.000000
vn 0.000000 0.000000 -1.000000
vn 0.000000 0.000000 -1.000000
vn 0.000000 0.000000 -1.000000
vn 0.000000 0.000000 -1.000000
vn 0.000000 0.000000 -1.000000
vn 0.000000 0.000000 -1.000000
vn 0.000000 0.000000 -1.000000
vn 0.000000 0.000000 -1.000000
vn 0.000000 0.000000 -1.000000
vn 0.000000 0.000000 -1.000000
vn 0.000000 0.000000 -1.000000
vn 0.000000 0.000000 -1.000000
vn 0.000000 0.000000 -1.000000
vn 0.000000 0.000000 -1.000000
vn 0.000000 0.000000 -1.000000
vn 0.000000 0.000000 -1.000000
vn 0.000000 0.000000 -1.000000
vn 0.000000 0.000000 -1.000000
vn 0.000000 0.000000 -1.000000
vn 0.000000 0.000000 -1.000000
vn 0.000000 0.000000 -1.000000
vn 0.000000 0.000000 -1.000000
vn 0.000000 0.000000 -1.000000
vn 0.000000 0.000000 -1.000000
vn 0.000000 0.000000 -1.000000
vn 0.000000 0.000000 -1.000000
vn 0.000000 0.000000 -1.000000
vn 0.000000 0.000000 -1.000000
vn 0.000000 0.000000 -1.000000
vn 0.000000 0.000000 -1.000000
vn 0.000000 0.000000 -1.000000
vn 0.000000 0.000000 -1.000000
vn 0.000000 0.000000 -1.000000
vn 0.000000 0.000000 -1.000000
vn 0.000000 0.000000 -1.000000
vn 0.000000 0.000000 -1.000000
vn 0.000000 0.000000 -1.000000
vn 0.000000 0.000000 -1.000000
vn 0.000000 0.000000 -1.000000
vn 0.000000 0.000000 -1.000000
vn 0.000000 0.000000 -1.000000
vn 0.000000 0.000000 -1.000000
vn 0.000000 0.000000 -1.000000
vn 0.000000 0.000000 -1.000000
vn 0.000000 0.000000 -1.000000
vn 0.000000 0.000000 -1.000000
vn 0.000000 0.000000 -1.000000
vn 0.000000 0.000000 -1.000000
vn 0.000000 0.000000 -1.000000
vn 0.000000 0.000000 -1.000000
vn 0.000000 0.000000 -1.000000
vn 0.000000 0.000000 -1.000000
vn 0.000000 0.000000 -1.000000
vn 0.000000 0.000000 -1.000000
vn 0.000000 0.000000 -1.000000
vn 0.000000 0.000000 -1.000000
vn 0.000000 0.000000 -1.000000
vn 0.000000 0.000000 -1.000000
vn 0.000000 0.000000 -1.000000
vn 0.000000 0.000000 -1.000000
vn 0.000000 0.000000 -1.000000
vn 0.000000 0.000000 -1.000000
vn 0.000000 0.000000 -1.000000
vn 0.000000 0.000000 -1.000000
vn 0.000000 0.000000 -1.000000
vn 0.000000 0.000000 -1.000000
vn 0.000000 0.000000 -1.000000
vn 0.000000 0.000000 -1.000000
vn 0.000000 0.000000 -1.000000
vn 0.000000 0.000000 -1.000000
vn 0.000000 0.000000 -1.000000
vn 0.000000 0.000000 -1.000000
vn 0.000000 0.000000 -1.000000
vn 0.000000 0.000000 -1.000000
vn 0.000000 0.000000 -1.000000
vn 0.000000 0.000000 -1.000000
vn 0.000000 0.000000 -1.000000
vn 0.000000 0.000000 -1.000000
vn 0.000000 0.000000 -1.000000
vn 0.000000 0.000000 -1.000000
vn 0.000000 0.000000 -1.000000
vn 0.000000 0.000000 -1.000000
vn 0.000000 0.000000 -1.000000
vn 0.000000 0.000000 -1.000000
vn 0.000000 0.000000 -1.000000
vn 0.000000 0.000000 -1.000000
vn 0.000000 0.000000 -1.000000
vn 0.000000 0.000000 -1.000000
vn 0.000000 0.000000 -1.000000
vn 0.000000 0.000000 -1.000000
vn 0.000000 0.000000 -1.000000
vn 0.000000 0.000000 -1.000000
vn 0.000000 0.000000 -1.000000
vn 0.000000 0.000000 -1.000000
vn 0.000000 0.000000 -1.000000
vn 0.000000 0.000000 -1.000000
vn 0.000000 0.000000 -1.000000
vn 0.000000 0.000000 -1.000000
vn 0.000000 0.000000 -1.000000
vn 0.000000 0.000000 -1.000000
vn 0.000000 0.000000 -1.000000
vn 0.000000 0.000000 -1.000000
vn 0.000000 0.000000 -1.000000
vn 0.000000 0.000000 -1.000000
vn 0.000000 0.000000 -1.000000
vn 0.000000 0.000000 -1.000000
vn 0.000000 0.000000 -1.000000
vn 0.000000 0.000000 -1.000000
vn 0.000000 0.000000 -1.000000
vn 0.000000 0.000000 -1.000000
vn 0.000000 0.000000 -1.000000
vn 0.000000 0.000000 -1.000000
vn 0.000000 0.000000 -1.000000
vn 0.000000 0.000000 -1.000000
vn 0.000000 0.000000 -1.000000
vn 0.000000 0.000000 -1.000000
vn 0.000000 0.000000 -1.000000
vn 0.000000 0.000000 -1.000000
vn 0.995891 -0.090557 -0.000000
vn 0.958897 -0.283754 -0.000000
vn 0.880503 -0.474041 -0.000000
vn 0.769279 -0.638913 -0.000000
vn 0.639015 -0.769194 -0.000000
vn 0.473853 -0.880604 -0.000000
vn 0.283458 -0.958985 -0.000000
vn 0.091099 -0.995842 -0.000000
vn 0.000000 -1.000000 -0.000000
vn 0.141131 -0.989991 -0.000000
vn 0.514326 -0.857595 -0.000000
vn 0.857474 -0.514527 -0.000000
vn 0.989943 -0.141470 -0.000000
vn 1.000000 0.000000 -0.000000
vn 0.989955 0.141385 0.000000
vn 0.857474 0.514527 0.000000
vn 0.514326 0.857595 0.000000
vn 0.141797 0.989896 0.000000
vn 0.000000 1.000000 0.000000
vn 0.090479 0.995898 0.000000
vn 0.283458 0.958985 0.000000
vn 0.473853 0.880604 0.000000
vn 0.639015 0.769194 0.000000
vn 0.769279 0.638913 0.000000
vn 0.880503 0.474041 0.000000
vn 0.958920 0.283678 0.000000
vn 0.995891 0.090557 0.000000
vn 1.000000 0.000000 -0.000000
vn 0.995891 -0.090557 -0.000000
vn 0.958973 -0.283498 -0.000000
vn 0.880503 -0.474041 -0.000000
vn 0.769279 -0.638913 -0.000000
vn 0.638638 -0.769507 -0.000000
vn 0.474367 -0.880327 -0.000000
vn 0.283458 -0.958985 -0.000000
vn 0.090479 -0.995898 -0.000000
vn 0.000000 -1.000000 -0.000000
vn 0.141809 -0.989894 -0.000000
vn 0.514326 -0.857595 -0.000000
vn 0.857474 -0.514527 -0.000000
vn 0.989943 -0.141470 -0.000000
vn 1.000000 0.000000 -0.000000
vn 0.989955 0.141385 0.000000
vn 0.857696 0.514157 0.000000
vn 0.514326 0.857595 0.000000
vn 0.141119 0.989993 0.000000
vn 0.000000 1.000000 0.000000
vn 0.090472 0.995899 0.000000
vn 0.284066 0.958805 0.000000
vn 0.473853 0.880604 0.000000
vn 0.639015 0.769194 0.000000
vn 0.769240 0.638960 0.000000
vn 0.880503 0.474041 0.000000
vn 0.958897 0.283754 0.000000
vn 0.995898 0.090479 0.000000
vn 1.000000 0.000000 -0.000000
vn 0.995891 -0.090557 -0.000000
vn 0.958950 -0.283574 -0.000000
vn 0.880354 -0.474317 -0.000000
vn 0.769279 -0.638913 -0.000000
vn 0.639015 -0.769194 -0.000000
vn 0.474367 -0.880327 -0.000000
vn 0.283458 -0.958985 -0.000000
vn 0.090472 -0.995899 -0.000000
vn 0.000000 -1.000000 -0.000000
vn -0.090479 -0.995898 -0.000000
vn -0.283458 -0.958985 -0.000000
vn -0.474367 -0.880327 -0.000000
vn -0.639015 -0.769194 -0.000000
vn -0.769279 -0.638913 -0.000000
vn -0.880354 -0.474317 -0.000000
vn -0.958973 -0.283498 -0.000000
vn -0.995891 -0.090557 -0.000000
vn -1.000000 0.000000 -0.000000
vn -0.995891 0.090557 0.000000
vn -0.958973 0.283498 0.000000
vn -0.880503 0.474041 0.000000
vn -0.769279 0.638913 0.000000
vn -0.638638 0.769507 0.000000
vn -0.474367 0.880327 0.000000
vn -0.283458 0.958985 0.000000
vn -0.090479 0.995898 0.000000
vn 0.000000 1.000000 0.000000
vn 0.090472 0.995899 0.000000
vn 0.283458 0.958985 0.000000
vn 0.474367 0.880327 0.000000
vn 0.638638 0.769507 0.000000
vn 0.769240 0.638960 0.000000
vn 0.880503 0.474041 0.000000
vn 0.958950 0.283574 0.000000
vn 0.995898 0.090479 0.000000
vn 1.000000 0.000000 -0.000000
vn -0.050618 -0.998718 -0.000000
vn -0.159986 -0.987119 -0.000000
vn -0.277850 -0.960624 -0.000000
vn -0.399370 -0.916790 -0.000000
vn -0.516703 -0.856164 -0.000000
vn -0.629812 -0.776748 -0.000000
vn -0.735126 -0.677930 -0.000000
vn -0.825328 -0.564653 -0.000000
vn -0.897265 -0.441492 -0.000000
vn -0.950665 -0.310220 -0.000000
vn -0.983715 -0.179737 -0.000000
vn -0.998374 -0.056999 -0.000000
vn -1.000000 0.000000 -0.000000
vn -0.998374 0.056996 0.000000
vn -0.983716 0.179729 0.000000
vn -0.950665 0.310220 0.000000
vn -0.897253 0.441516 0.000000
vn -0.825003 0.565128 0.000000
vn -0.733672 0.679504 0.000000
vn -0.626704 0.779258 0.000000
vn -0.511574 0.859239 0.000000
vn -0.393701 0.919239 0.000000
vn -0.273463 0.961883 0.000000
vn -0.157356 0.987542 0.000000
vn -0.049781 0.998760 0.000000
vn 0.048647 0.998816 0.000000
vn 0.153459 0.988155 0.000000
vn 0.266135 0.963936 0.000000
vn 0.382834 0.923817 0.000000
vn 0.498073 0.867135 0.000000
vn 0.612661 0.790345 0.000000
vn 0.720794 0.693150 0.000000
vn 0.814723 0.579850 0.000000
vn 0.890186 0.455598 0.000000
vn 0.946800 0.321822 0.000000
vn 0.982321 0.187204 0.000000
vn 0.998228 0.059507 0.000000
vn 0.995895 -0.090518 -0.000000
vn 0.958920 -0.283678 -0.000000
vn 0.880503 -0.474041 -0.000000
vn 0.769240 -0.638960 -0.000000
vn 0.639015 -0.769194 -0.000000
vn 0.473853 -0.880604 -0.000000
vn 0.284066 -0.958805 -0.000000
vn 0.090479 -0.995898 -0.000000
vn 0.054271 -0.998526 -0.000000
vn -0.129920 -0.991524 -0.000000
vn -0.481868 -0.876244 -0.000000
vn -0.836735 -0.547608 -0.000000
vn -0.988072 -0.153994 -0.000000
vn -0.996712 -0.081027 -0.000000
vn -0.965014 -0.262199 -0.000000
vn -0.890404 -0.455172 -0.000000
vn -0.772679 -0.634797 -0.000000
vn -0.622883 -0.782315 -0.000000
vn -0.441792 -0.897118 -0.000000
vn -0.252159 -0.967686 -0.000000
vn -0.077445 -0.996997 -0.000000
vn 0.077361 -0.997003 -0.000000
vn 0.251308 -0.967907 -0.000000
vn 0.439372 -0.898305 -0.000000
vn 0.618694 -0.785632 -0.000000
vn 0.768421 -0.639945 -0.000000
vn 0.887868 -0.460099 -0.000000
vn 0.964100 -0.265541 -0.000000
vn 0.996622 -0.082129 -0.000000
vn 1.000000 0.000000 -0.000000
vn 0.996515 0.083420 0.000000
vn 0.963239 0.268647 0.000000
vn 0.886281 0.463148 0.000000
vn 0.767403 0.641165 0.000000
vn 0.618690 0.785635 0.000000
vn 0.439372 0.898305 0.000000
vn 0.251308 0.967907 0.000000
vn 0.077362 0.997003 0.000000
vn -0.076398 0.997077 0.000000
vn -0.248841 0.968544 0.000000
vn -0.436844 0.899538 0.000000
vn -0.617549 0.786532 0.000000
vn -0.769141 0.639079 0.000000
vn -0.889104 0.457706 0.000000
vn -0.964763 0.263121 0.000000
vn -0.996705 0.081114 0.000000
vn -0.988072 0.153994 0.000000
vn -0.836735 0.547608 0.000000
vn -0.481868 0.876244 0.000000
vn -0.129920 0.991524 0.000000
vn 0.043443 0.999056 0.000000
vn 0.077907 0.996961 0.000000
vn 0.245775 0.969327 0.000000
vn 0.418907 0.908029 0.000000
vn 0.579663 0.814856 0.000000
vn 0.714510 0.699625 0.000000
vn 0.838947 0.544213 0.000000
vn 0.940307 0.340326 0.000000
vn 0.993690 0.112162 0.000000
vn 0.998277 -0.058669 -0.000000
vn 0.982771 -0.184826 -0.000000
vn 0.947960 -0.318391 -0.000000
vn 0.892124 -0.451791 -0.000000
vn 0.817205 -0.576347 -0.000000
vn 0.723328 -0.690505 -0.000000
vn 0.614605 -0.788835 -0.000000
vn 0.498852 -0.866687 -0.000000
vn 0.382794 -0.923834 -0.000000
vn 0.266178 -0.963924 -0.000000
vn 0.153415 -0.988162 -0.000000
vn 0.048647 -0.998816 -0.000000
vn -0.090475 -0.995899 -0.000000
vn -0.283458 -0.958985 -0.000000
vn -0.474367 -0.880327 -0.000000
vn -0.639015 -0.769194 -0.000000
vn -0.769259 -0.638937 -0.000000
vn -0.880354 -0.474317 -0.000000
vn -0.958962 -0.283536 -0.000000
vn -0.995895 -0.090518 -0.000000
vn -1.000000 0.000000 -0.000000
vn -0.995891 0.090557 0.000000
vn -0.958962 0.283536 0.000000
vn -0.880503 0.474041 0.000000
vn -0.769279 0.638913 0.000000
vn -0.638638 0.769507 0.000000
vn -0.474367 0.880327 0.000000
vn -0.283458 0.958985 0.000000
vn -0.090475 0.995899 0.000000
vn 0.000000 1.000000 0.000000
vn 0.090475 0.995899 0.000000
vn 0.283458 0.958985 0.000000
vn 0.474367 0.880327 0.000000
vn 0.638638 0.769507 0.000000
vn 0.769259 0.638937 0.000000
vn 0.880503 0.474041 0.000000
vn 0.958962 0.283536 0.000000
vn 0.995895 0.090518 0.000000
vn 1.000000 0.000000 -0.000000
vn 0.989949 0.141427 0.000000
vn 0.857696 0.514157 0.000000
vn 0.514326 0.857595 0.000000
vn 0.141137 0.989990 0.000000
vn 0.000000 1.000000 0.000000
vn 0.090475 0.995899 0.000000
vn 0.284055 0.958808 0.000000
vn 0.473853 0.880604 0.000000
vn 0.639015 0.769194 0.000000
vn 0.769259 0.638937 0.000000
vn 0.880520 0.474008 0.000000
vn 0.958920 0.283678 0.000000
vn 0.995891 0.090557 0.000000
vn 1.000000 0.000000 -0.000000
vn 0.995895 -0.090518 -0.000000
vn 0.958973 -0.283498 -0.000000
vn 0.880371 -0.474285 -0.000000
vn 0.769240 -0.638960 -0.000000
vn 0.639015 -0.769194 -0.000000
vn 0.474367 -0.880327 -0.000000
vn 0.283447 -0.958988 -0.000000
vn 0.090475 -0.995899 -0.000000
vn 0.000000 -1.000000 -0.000000
vn -0.135768 -0.990741 -0.000000
vn -0.453087 -0.891466 -0.000000
vn -0.743418 -0.668827 -0.000000
vn -0.914352 -0.404921 -0.000000
vn -0.955585 -0.294717 -0.000000
vn -0.854831 -0.518906 -0.000000
vn -0.725127 -0.688616 -0.000000
vn -0.496432 -0.868076 -0.000000
vn -0.170794 -0.985307 -0.000000
vn 0.000000 -1.000000 -0.000000
vn 0.170794 -0.985307 -0.000000
vn 0.496425 -0.868080 -0.000000
vn 0.725127 -0.688616 -0.000000
vn 0.854826 -0.518915 -0.000000
vn 0.955585 -0.294717 -0.000000
vn 0.914352 -0.404921 -0.000000
vn 0.743418 -0.668827 -0.000000
vn 0.453085 -0.891467 -0.000000
vn 0.135768 -0.990741 -0.000000
vn 0.000000 -1.000000 -0.000000
vn -0.077492 -0.996993 -0.000000
vn -0.259811 -0.965660 -0.000000
vn -0.468769 -0.883321 -0.000000
vn -0.672103 -0.740458 -0.000000
vn -0.856136 -0.516750 -0.000000
vn -0.973745 -0.227642 -0.000000
vn -0.999759 0.021959 0.000000
vn -0.978737 0.205120 0.000000
vn -0.952146 0.305644 0.000000
vn -0.914348 0.404929 0.000000
vn -0.743256 0.669007 0.000000
vn -0.453089 0.891465 0.000000
vn -0.135768 0.990741 0.000000
vn 0.000000 1.000000 0.000000
vn 0.135768 0.990741 0.000000
vn 0.453085 0.891467 0.000000
vn 0.743256 0.669007 0.000000
vn 0.914354 0.404917 0.000000
vn 0.951735 0.306920 0.000000
vn 0.924673 0.380762 0.000000
vn 0.967090 0.254433 0.000000
vn 0.989936 0.141517 0.000000
vn 0.999058 0.043405 0.000000
vn 0.985089 -0.172047 -0.000000
vn 0.806434 -0.591324 -0.000000
vn 0.440707 -0.897651 -0.000000
vn 0.116104 -0.993237 -0.000000
vn 0.000000 -1.000000 -0.000000
vn 0.998868 -0.047576 -0.000000
vn 0.948642 0.316351 0.000000
vn 0.633288 0.773917 0.000000
vn 0.174259 0.984700 0.000000
vn 0.000000 1.000000 0.000000
vn -0.148748 0.988875 0.000000
vn -0.600039 0.799971 0.000000
vn -0.966207 0.257769 0.000000
vn -0.982335 -0.187129 -0.000000
vn -0.955841 -0.293885 -0.000000
vn -0.952045 -0.305959 -0.000000
vn -0.876298 -0.481770 -0.000000
vn -0.677820 -0.735228 -0.000000
vn -0.258337 -0.966055 -0.000000
vn 0.258349 -0.966052 -0.000000
vn 0.677820 -0.735228 -0.000000
vn 0.876284 -0.481795 -0.000000
vn 0.952045 -0.305959 -0.000000
vn 0.956639 -0.291275 -0.000000
vn -0.090475 -0.995899 -0.000000
vn -0.283452 -0.958986 -0.000000
vn -0.474364 -0.880329 -0.000000
vn -0.639023 -0.769188 -0.000000
vn -0.769262 -0.638934 -0.000000
vn -0.880358 -0.474309 -0.000000
vn -0.958966 -0.283522 -0.000000
vn -0.995893 -0.090542 -0.000000
vn -1.000000 0.000000 -0.000000
vn -0.995893 0.090540 0.000000
vn -0.958965 0.283524 0.000000
vn -0.880507 0.474033 0.000000
vn -0.769262 0.638934 0.000000
vn -0.638645 0.769501 0.000000
vn -0.474364 0.880329 0.000000
vn -0.283452 0.958986 0.000000
vn -0.090475 0.995899 0.000000
vn 0.000000 1.000000 0.000000
vn 0.090475 0.995899 0.000000
vn 0.283452 0.958987 0.000000
vn 0.474364 0.880329 0.000000
vn 0.638645 0.769502 0.000000
vn 0.769264 0.638931 0.000000
vn 0.880508 0.474032 0.000000
vn 0.958966 0.283523 0.000000
vn 0.995893 0.090540 0.000000
vn 1.000000 0.000000 -0.000000
vn 0.995893 -0.090540 -0.000000
vn 0.958966 -0.283523 -0.000000
vn 0.880359 -0.474308 -0.000000
vn 0.769264 -0.638931 -0.000000
vn 0.639022 -0.769188 -0.000000
vn 0.474364 -0.880329 -0.000000
vn 0.283452 -0.958987 -0.000000
vn 0.090475 -0.995899 -0.000000
vn 0.000000 -1.000000 -0.000000
vn -0.120744 -0.992684 -0.000000
vn -0.399302 -0.916819 -0.000000
vn -0.669000 -0.743263 -0.000000
vn -0.856225 -0.516603 -0.000000
vn -0.909065 -0.416653 -0.000000
vn -0.841223 -0.540688 -0.000000
vn -0.672358 -0.740226 -0.000000
vn -0.419329 -0.907834 -0.000000
vn -0.131734 -0.991285 -0.000000
vn 0.000000 -1.000000 -0.000000
vn 0.141134 -0.989991 -0.000000
vn 0.514326 -0.857595 -0.000000
vn 0.857463 -0.514546 -0.000000
vn 0.989950 -0.141417 -0.000000
vn 1.000000 0.000000 -0.000000
vn 0.995893 -0.090538 -0.000000
vn 0.958964 -0.283526 -0.000000
vn 0.880358 -0.474309 -0.000000
vn 0.769264 -0.638931 -0.000000
vn 0.639025 -0.769186 -0.000000
vn 0.474367 -0.880327 -0.000000
vn 0.283453 -0.958986 -0.000000
vn 0.090474 -0.995899 -0.000000
vn 0.000000 -1.000000 -0.000000
vn -0.090475 -0.995899 -0.000000
vn -0.283451 -0.958987 -0.000000
vn -0.474364 -0.880329 -0.000000
vn -0.639023 -0.769188 -0.000000
vn -0.769262 -0.638934 -0.000000
vn -0.880358 -0.474309 -0.000000
vn -0.958966 -0.283522 -0.000000
vn -0.995893 -0.090542 -0.000000
vn -1.000000 0.000000 -0.000000
vn -0.995893 0.090542 0.000000
vn -0.958966 0.283522 0.000000
vn -0.880507 0.474033 0.000000
vn -0.769262 0.638934 0.000000
vn -0.638645 0.769501 0.000000
vn -0.474364 0.880329 0.000000
vn -0.283451 0.958987 0.000000
vn -0.090475 0.995899 0.000000
vn 0.000000 1.000000 0.000000
vn 0.053691 0.998558 0.000000
vn 0.169072 0.985604 0.000000
vn 0.291763 0.956491 0.000000
vn 0.416175 0.909285 0.000000
vn 0.535332 0.844642 0.000000
vn 0.648980 0.760806 0.000000
vn 0.751838 0.659348 0.000000
vn 0.837505 0.546430 0.000000
vn 0.904285 0.426928 0.000000
vn 0.953757 0.300578 0.000000
vn 0.984614 0.174743 0.000000
vn 0.998451 0.055647 0.000000
vn 0.997777 -0.066644 -0.000000
vn 0.977230 -0.212182 -0.000000
vn 0.930111 -0.367280 -0.000000
vn 0.854334 -0.519725 -0.000000
vn 0.754872 -0.655872 -0.000000
vn 0.632778 -0.774334 -0.000000
vn 0.495553 -0.868578 -0.000000
vn 0.355971 -0.934497 -0.000000
vn 0.132528 -0.991179 -0.000000
vn 0.418625 -0.908159 -0.000000
vn 0.672821 -0.739805 -0.000000
vn 0.841008 -0.541022 -0.000000
vn 0.936300 -0.351202 -0.000000
vn 0.992295 -0.123895 -0.000000
vn 0.992272 0.124081 0.000000
vn 0.936300 0.351202 0.000000
vn 0.899925 0.436046 0.000000
vn 0.906106 0.423051 0.000000
vn 0.933346 0.358977 0.000000
vn 0.964811 0.262944 0.000000
vn 0.993888 0.110394 0.000000
vn 0.981241 -0.192784 -0.000000
vn 0.771492 -0.636239 -0.000000
vn 0.399865 -0.916574 -0.000000
vn 0.103316 -0.994649 -0.000000
vn 0.000000 -1.000000 -0.000000
vn 0.141134 -0.989991 -0.000000
vn 0.514326 -0.857595 -0.000000
vn 0.857463 -0.514546 -0.000000
vn 0.989950 -0.141417 -0.000000
vn 1.000000 0.000000 -0.000000
vn 0.989950 0.141417 0.000000
vn 0.857463 0.514546 0.000000
vn 0.514326 0.857595 0.000000
vn 0.141134 0.989991 0.000000
vn 0.000000 1.000000 0.000000
vn -0.077725 0.996975 0.000000
vn -0.251838 0.967770 0.000000
vn -0.439238 0.898371 0.000000
vn -0.616909 0.787035 0.000000
vn -0.766558 0.642175 0.000000
vn -0.887117 0.461544 0.000000
vn -0.963928 0.266162 0.000000
vn -0.996612 0.082241 0.000000
vn -0.996622 -0.082124 -0.000000
vn -0.964244 -0.265016 -0.000000
vn -0.888763 -0.458367 -0.000000
vn -0.770988 -0.636849 -0.000000
vn -0.623588 -0.781753 -0.000000
vn -0.445351 -0.895356 -0.000000
vn -0.256015 -0.966673 -0.000000
vn -0.079051 -0.996871 -0.000000
vn 0.000000 -1.000000 -0.000000
vn 0.995895 -0.090518 -0.000000
vn 0.958920 -0.283678 -0.000000
vn 0.880520 -0.474008 -0.000000
vn 0.769240 -0.638960 -0.000000
vn 0.639015 -0.769194 -0.000000
vn 0.473853 -0.880604 -0.000000
vn 0.283447 -0.958988 -0.000000
vn 0.091103 -0.995842 -0.000000
vn 0.000000 -1.000000 -0.000000
vn 0.141131 -0.989991 -0.000000
vn 0.514326 -0.857595 -0.000000
vn 0.857474 -0.514527 -0.000000
vn 0.989949 -0.141427 -0.000000
vn 1.000000 0.000000 -0.000000
vn 0.989949 0.141427 0.000000
vn 0.857474 0.514527 0.000000
vn 0.514326 0.857595 0.000000
vn 0.141809 0.989894 0.000000
vn 0.000000 1.000000 0.000000
vn 0.090475 0.995899 0.000000
vn 0.283447 0.958988 0.000000
vn 0.473853 0.880604 0.000000
vn 0.639015 0.769194 0.000000
vn 0.769279 0.638913 0.000000
vn 0.880503 0.474041 0.000000
vn 0.958908 0.283716 0.000000
vn 0.995895 0.090518 0.000000
vn 1.000000 0.000000 -0.000000
vn 0.995891 -0.090557 -0.000000
vn 0.958962 -0.283536 -0.000000
vn 0.880503 -0.474041 -0.000000
vn 0.769299 -0.638889 -0.000000
vn 0.638638 -0.769507 -0.000000
vn 0.474367 -0.880327 -0.000000
vn 0.283447 -0.958988 -0.000000
vn 0.090475 -0.995899 -0.000000
vn 0.000000 -1.000000 -0.000000
vn 0.141809 -0.989894 -0.000000
vn 0.514326 -0.857595 -0.000000
vn 0.857474 -0.514527 -0.000000
vn 0.989949 -0.141427 -0.000000
vn 1.000000 0.000000 -0.000000
vn 0.989949 0.141427 0.000000
vn 0.857696 0.514157 0.000000
vn 0.514326 0.857595 0.000000
vn 0.141131 0.989991 0.000000
vn 0.000000 1.000000 0.000000
vn 0.090475 0.995899 0.000000
vn 0.284055 0.958808 0.000000
vn 0.473853 0.880604 0.000000
vn 0.639015 0.769194 0.000000
vn 0.769259 0.638937 0.000000
vn 0.880520 0.474008 0.000000
vn 0.958920 0.283678 0.000000
vn 0.995891 0.090557 0.000000
vn 1.000000 0.000000 -0.000000
vn 0.995895 -0.090518 -0.000000
vn 0.958973 -0.283498 -0.000000
vn 0.880371 -0.474285 -0.000000
vn 0.769240 -0.638960 -0.000000
vn 0.639015 -0.769194 -0.000000
vn 0.474367 -0.880327 -0.000000
vn 0.283447 -0.958988 -0.000000
vn 0.090475 -0.995899 -0.000000
vn 0.000000 -1.000000 -0.000000
vn -0.090475 -0.995899 -0.000000
vn -0.283447 -0.958988 -0.000000
vn -0.474367 -0.880327 -0.000000
vn -0.639015 -0.769194 -0.000000
vn -0.769269 -0.638925 -0.000000
vn -0.880363 -0.474301 -0.000000
vn -0.958962 -0.283536 -0.000000
vn -0.995893 -0.090538 -0.000000
vn -1.000000 0.000000 -0.000000
vn -0.995893 0.090538 0.000000
vn -0.958962 0.283536 0.000000
vn -0.880512 0.474024 0.000000
vn -0.769269 0.638925 0.000000
vn -0.638638 0.769507 0.000000
vn -0.474367 0.880327 0.000000
vn -0.283447 0.958988 0.000000
vn -0.090475 0.995899 0.000000
vn 0.000000 1.000000 0.000000
vn 0.090475 0.995899 0.000000
vn 0.283447 0.958988 0.000000
vn 0.474367 0.880327 0.000000
vn 0.638638 0.769507 0.000000
vn 0.769259 0.638937 0.000000
vn 0.880520 0.474008 0.000000
vn 0.958973 0.283498 0.000000
vn 0.995891 0.090557 0.000000
vn 1.000000 0.000000 -0.000000
vn -0.050343 -0.998732 -0.000000
vn -0.158774 -0.987315 -0.000000
vn -0.275001 -0.961444 -0.000000
vn -0.394364 -0.918954 -0.000000
vn -0.511853 -0.859073 -0.000000
vn -0.627091 -0.778946 -0.000000
vn -0.733477 -0.679714 -0.000000
vn -0.823953 -0.566658 -0.000000
vn -0.895840 -0.444377 -0.000000
vn -0.949670 -0.313251 -0.000000
vn -0.983295 -0.182018 -0.000000
vn -0.998325 -0.057858 -0.000000
vn -1.000000 0.000000 -0.000000
vn -0.995895 0.090518 0.000000
vn -0.958973 0.283498 0.000000
vn -0.880520 0.474008 0.000000
vn -0.769259 0.638937 0.000000
vn -0.638638 0.769507 0.000000
vn -0.474367 0.880327 0.000000
vn -0.283447 0.958988 0.000000
vn -0.090475 0.995899 0.000000
vn 0.000000 1.000000 0.000000
vn 0.090475 0.995899 0.000000
vn 0.283447 0.958988 0.000000
vn 0.474367 0.880327 0.000000
vn 0.638638 0.769507 0.000000
vn 0.769279 0.638913 0.000000
vn 0.880503 0.474041 0.000000
vn 0.958962 0.283536 0.000000
vn 0.995895 0.090518 0.000000
vn 1.000000 0.000000 -0.000000
vn 0.996637 0.081947 0.000000
vn 0.964598 0.263726 0.000000
vn 0.890453 0.455075 0.000000
vn 0.775382 0.631492 0.000000
vn 0.629123 0.777306 0.000000
vn 0.449169 0.893447 0.000000
vn 0.257795 0.966200 0.000000
vn 0.079503 0.996835 0.000000
vn -0.079502 0.996835 0.000000
vn -0.257795 0.966200 0.000000
vn -0.449169 0.893447 0.000000
vn -0.629123 0.777306 0.000000
vn -0.775384 0.631490 0.000000
vn -0.890455 0.455072 0.000000
vn -0.964598 0.263726 0.000000
vn -0.996637 0.081947 0.000000
vn -1.000000 0.000000 -0.000000
vn -0.995891 0.090557 0.000000
vn -0.958973 0.283498 0.000000
vn -0.880503 0.474041 0.000000
vn -0.769279 0.638913 0.000000
vn -0.638638 0.769507 0.000000
vn -0.474367 0.880327 0.000000
vn -0.283458 0.958985 0.000000
vn -0.090464 0.995900 0.000000
vn 0.000000 1.000000 0.000000
vn 0.090472 0.995899 0.000000
vn 0.283458 0.958985 0.000000
vn 0.474367 0.880327 0.000000
vn 0.638638 0.769507 0.000000
vn 0.769240 0.638960 0.000000
vn 0.880503 0.474041 0.000000
vn 0.958950 0.283574 0.000000
vn 0.995898 0.090479 0.000000
vn 1.000000 0.000000 -0.000000
vn 0.998377 -0.056942 -0.000000
vn 0.983809 -0.179220 -0.000000
vn 0.951142 -0.308754 -0.000000
vn 0.898634 -0.438699 -0.000000
vn 0.827290 -0.561776 -0.000000
vn 0.736062 -0.676914 -0.000000
vn 0.628596 -0.777732 -0.000000
vn 0.512292 -0.858811 -0.000000
vn 0.393661 -0.919256 -0.000000
vn 0.273505 -0.961870 -0.000000
vn 0.157356 -0.987542 -0.000000
vn 0.049738 -0.998762 -0.000000
vn -0.120743 -0.992684 -0.000000
vn -0.399298 -0.916821 -0.000000
vn -0.669000 -0.743263 -0.000000
vn -0.856225 -0.516603 -0.000000
vn -0.909065 -0.416653 -0.000000
vn -0.841202 -0.540720 -0.000000
vn -0.672345 -0.740238 -0.000000
vn -0.419329 -0.907834 -0.000000
vn -0.131740 -0.991284 -0.000000
vn 0.000000 -1.000000 -0.000000
vn 0.141131 -0.989991 -0.000000
vn 0.514326 -0.857595 -0.000000
vn 0.857474 -0.514527 -0.000000
vn 0.989943 -0.141470 -0.000000
vn 1.000000 0.000000 -0.000000
vn 0.995891 -0.090557 -0.000000
vn 0.958973 -0.283498 -0.000000
vn 0.880354 -0.474317 -0.000000
vn 0.769279 -0.638913 -0.000000
vn 0.639055 -0.769161 -0.000000
vn 0.474367 -0.880327 -0.000000
vn 0.283458 -0.958985 -0.000000
vn 0.090472 -0.995899 -0.000000
vn 0.000000 -1.000000 -0.000000
vn -0.090479 -0.995898 -0.000000
vn -0.283458 -0.958985 -0.000000
vn -0.474367 -0.880327 -0.000000
vn -0.639015 -0.769194 -0.000000
vn -0.769279 -0.638913 -0.000000
vn -0.880354 -0.474317 -0.000000
vn -0.958973 -0.283498 -0.000000
vn -0.995891 -0.090557 -0.000000
vn -1.000000 0.000000 -0.000000
vn -0.995891 0.090557 0.000000
vn -0.958973 0.283498 0.000000
vn -0.880503 0.474041 0.000000
vn -0.769279 0.638913 0.000000
vn -0.638638 0.769507 0.000000
vn -0.474367 0.880327 0.000000
vn -0.283458 0.958985 0.000000
vn -0.090479 0.995898 0.000000
vn 0.000000 1.000000 0.000000
vn 0.053691 0.998558 0.000000
vn 0.169072 0.985604 0.000000
vn 0.291763 0.956491 0.000000
vn 0.416172 0.909286 0.000000
vn 0.535331 0.844642 0.000000
vn 0.648982 0.760804 0.000000
vn 0.751839 0.659347 0.000000
vn 0.837506 0.546429 0.000000
vn 0.904286 0.426927 0.000000
vn 0.953758 0.300576 0.000000
vn 0.984614 0.174742 0.000000
vn 0.998450 0.055653 0.000000
vn 0.997777 -0.066643 -0.000000
vn 0.977230 -0.212182 -0.000000
vn 0.930112 -0.367277 -0.000000
vn 0.854334 -0.519725 -0.000000
vn 0.754869 -0.655876 -0.000000
vn 0.632775 -0.774336 -0.000000
vn 0.495553 -0.868578 -0.000000
vn 0.355973 -0.934496 -0.000000
vn 0.132534 -0.991179 -0.000000
vn 0.418625 -0.908159 -0.000000
vn 0.672796 -0.739828 -0.000000
vn 0.841071 -0.540925 -0.000000
vn 0.936270 -0.351280 -0.000000
vn 0.992301 -0.123848 -0.000000
vn 0.992278 0.124035 0.000000
vn 0.936270 0.351280 0.000000
vn 0.899925 0.436045 0.000000
vn 0.906115 0.423032 0.000000
vn 0.933337 0.359001 0.000000
vn 0.964785 0.263038 0.000000
vn 0.993888 0.110394 0.000000
vn 0.981239 -0.192797 -0.000000
vn 0.771477 -0.636257 -0.000000
vn 0.399870 -0.916572 -0.000000
vn 0.103316 -0.994649 -0.000000
vn 0.000000 -1.000000 -0.000000
vn 0.141131 -0.989991 -0.000000
vn 0.514326 -0.857595 -0.000000
vn 0.857474 -0.514527 -0.000000
vn 0.989943 -0.141470 -0.000000
vn 1.000000 0.000000 -0.000000
vn 0.989943 0.141470 0.000000
vn 0.857474 0.514527 0.000000
vn 0.514326 0.857595 0.000000
vn 0.141131 0.989991 0.000000
vn 0.000000 1.000000 0.000000
vn -0.077725 0.996975 0.000000
vn -0.251839 0.967769 0.000000
vn -0.439236 0.898372 0.000000
vn -0.616907 0.787036 0.000000
vn -0.766562 0.642170 0.000000
vn -0.887117 0.461544 0.000000
vn -0.963927 0.266167 0.000000
vn -0.996612 0.082241 0.000000
vn -0.996622 -0.082124 -0.000000
vn -0.964243 -0.265020 -0.000000
vn -0.888763 -0.458367 -0.000000
vn -0.770992 -0.636845 -0.000000
vn -0.623586 -0.781755 -0.000000
vn -0.445350 -0.895357 -0.000000
vn -0.256016 -0.966673 -0.000000
vn -0.079051 -0.996871 -0.000000
vn 0.000000 -1.000000 -0.000000
vn 0.000000 -0.000000 1.000000
vn 0.000000 0.000000 -1.000000
vn 0.000000 1.000000 0.000000
vn 0.928477 0.371391 0.000000
vn 0.485643 0.874157 0.000000
vn 0.406139 -0.913811 -0.000000
vn 0.961524 -0.274721 -0.000000
vn 0.351124 -0.936329 -0.000000
vn 1.000000 0.000000 -0.000000
vn 0.338719 0.940887 0.000000
vn 0.000000 -1.000000 -0.000000
vn -0.732794 0.680451 0.000000
vn -0.998752 -0.049938 -0.000000
vn -0.993884 0.110431 0.000000
vn 0.000000 -0.000000 1.000000
vn 0.000000 0.000000 -1.000000
vn -0.933346 0.358979 0.000000
vn -0.624695 0.780869 0.000000
vn 0.000000 1.000000 0.000000
vn 0.737154 0.675725 0.000000
vn 0.707107 0.707107 0.000000
vn -0.016391 -0.999866 -0.000000
vn 0.000000 -0.000000 1.000000
vn 0.000000 0.000000 -1.000000
vn -0.948683 -0.316228 -0.000000
vn 0.209530 0.977802 0.000000
vn 0.955779 0.294086 0.000000
vn 0.164399 -0.986394 -0.000000
vn 0.000000 0.000000 -1.000000
vn 0.000000 -0.000000 1.000000
vn 0.274721 0.961524 0.000000
vn -0.961524 0.274721 0.000000
vn -0.274721 -0.961524 -0.000000
vn 0.961524 -0.274721 -0.000000
vn 0.764291 -0.644872 -0.000000
vn 0.883116 -0.469154 -0.000000
vn 0.976900 -0.213698 -0.000000
vn 0.995634 0.093338 0.000000
vn 0.907009 0.421112 0.000000
vn 0.656175 0.754609 0.000000
vn 0.341738 0.939795 0.000000
vn 0.092627 0.995701 0.000000
vn 0.000000 1.000000 0.000000
vn 0.090536 0.995893 0.000000
vn 0.283629 0.958934 0.000000
vn 0.474102 0.880470 0.000000
vn 0.638899 0.769290 0.000000
vn 0.769289 0.638901 0.000000
vn 0.880472 0.474099 0.000000
vn 0.958935 0.283626 0.000000
vn 0.995894 0.090532 0.000000
vn 1.000000 0.000000 -0.000000
vn 0.995894 -0.090532 -0.000000
vn 0.958935 -0.283626 -0.000000
vn 0.880472 -0.474099 -0.000000
vn 0.769289 -0.638901 -0.000000
vn 0.638899 -0.769291 -0.000000
vn 0.474100 -0.880471 -0.000000
vn 0.283627 -0.958935 -0.000000
vn 0.090536 -0.995893 -0.000000
vn 0.000000 -1.000000 -0.000000
vn -0.090536 -0.995893 -0.000000
vn -0.283629 -0.958934 -0.000000
vn -0.474100 -0.880471 -0.000000
vn -0.638899 -0.769291 -0.000000
vn -0.769289 -0.638901 -0.000000
vn -0.880472 -0.474099 -0.000000
vn -0.958935 -0.283626 -0.000000
vn -0.995894 -0.090532 -0.000000
vn -1.000000 0.000000 -0.000000
vn -0.996240 0.086631 0.000000
vn -0.961524 0.274720 0.000000
vn -0.884920 0.465744 0.000000
vn -0.771931 0.635706 0.000000
vn -0.734968 0.678102 0.000000
vn -0.744805 0.667282 0.000000
vn -0.752969 0.658057 0.000000
vn -0.759848 0.650101 0.000000
vn -0.760231 0.649652 0.000000
vn -0.780490 0.625168 0.000000
vn -0.835706 0.549178 0.000000
vn -0.907424 0.420216 0.000000
vn -0.982963 0.183806 0.000000
vn -0.995735 -0.092257 -0.000000
vn -0.955852 -0.293849 -0.000000
vn -0.867610 -0.497246 -0.000000
vn -0.739490 -0.673167 -0.000000
vn -0.590098 -0.807332 -0.000000
vn -0.417429 -0.908710 -0.000000
vn -0.238931 -0.971037 -0.000000
vn -0.073871 -0.997268 -0.000000
vn 0.073977 -0.997260 -0.000000
vn 0.240001 -0.970773 -0.000000
vn 0.420494 -0.907296 -0.000000
vn 0.595539 -0.803326 -0.000000
vn 0.748235 -0.663434 -0.000000
vn 0.876145 -0.482049 -0.000000
vn 0.959963 -0.280126 -0.000000
vn 0.996224 -0.086826 -0.000000
vn 1.000000 0.000000 -0.000000
vn 0.995893 -0.090540 -0.000000
vn 0.958934 -0.283629 -0.000000
vn 0.880470 -0.474103 -0.000000
vn 0.769289 -0.638901 -0.000000
vn 0.638899 -0.769290 -0.000000
vn 0.474106 -0.880468 -0.000000
vn 0.283627 -0.958935 -0.000000
vn 0.090541 -0.995893 -0.000000
vn 0.000000 -1.000000 -0.000000
vn -0.090540 -0.995893 -0.000000
vn -0.283627 -0.958935 -0.000000
vn -0.474106 -0.880468 -0.000000
vn -0.638899 -0.769290 -0.000000
vn -0.769287 -0.638904 -0.000000
vn -0.880470 -0.474103 -0.000000
vn -0.958935 -0.283624 -0.000000
vn -0.995893 -0.090540 -0.000000
vn -1.000000 0.000000 -0.000000
vn -0.994750 0.102331 0.000000
vn -0.970435 0.241365 0.000000
vn -0.922926 0.384978 0.000000
vn -0.852271 0.523101 0.000000
vn -0.767179 0.641433 0.000000
vn -0.671541 0.740968 0.000000
vn -0.566581 0.824006 0.000000
vn -0.459006 0.888433 0.000000
vn -0.353512 0.935430 0.000000
vn -0.247562 0.968872 0.000000
vn -0.144016 0.989575 0.000000
vn -0.046125 0.998936 0.000000
vn 0.048116 0.998842 0.000000
vn 0.152823 0.988254 0.000000
vn 0.267093 0.963671 0.000000
vn 0.386968 0.922093 0.000000
vn 0.501442 0.865191 0.000000
vn 0.611038 0.791601 0.000000
vn 0.716229 0.697865 0.000000
vn 0.809480 0.587148 0.000000
vn 0.884597 0.466357 0.000000
vn 0.942163 0.335156 0.000000
vn 0.980155 0.198234 0.000000
vn 0.997955 0.063926 0.000000
vn 0.991938 -0.126723 -0.000000
vn 0.941771 -0.336255 -0.000000
vn 0.873629 -0.486593 -0.000000
vn 0.806590 -0.591111 -0.000000
vn 0.771023 -0.636808 -0.000000
vn 0.756823 -0.653620 -0.000000
vn 0.747092 -0.664720 -0.000000
vn 0.740015 -0.672591 -0.000000
vn 0.741536 -0.670913 -0.000000
vn 0.995891 -0.090557 -0.000000
vn 0.958897 -0.283754 -0.000000
vn 0.880503 -0.474041 -0.000000
vn 0.769279 -0.638913 -0.000000
vn 0.639015 -0.769194 -0.000000
vn 0.473853 -0.880604 -0.000000
vn 0.283458 -0.958985 -0.000000
vn 0.091099 -0.995842 -0.000000
vn 0.000000 -1.000000 -0.000000
vn 0.141131 -0.989991 -0.000000
vn 0.514326 -0.857595 -0.000000
vn 0.857474 -0.514527 -0.000000
vn 0.989943 -0.141470 -0.000000
vn 1.000000 0.000000 -0.000000
vn 0.989955 0.141385 0.000000
vn 0.857474 0.514527 0.000000
vn 0.514326 0.857595 0.000000
vn 0.141797 0.989896 0.000000
vn 0.000000 1.000000 0.000000
vn 0.090479 0.995898 0.000000
vn 0.283458 0.958985 0.000000
vn 0.473853 0.880604 0.000000
vn 0.639015 0.769194 0.000000
vn 0.769279 0.638913 0.000000
vn 0.880503 0.474041 0.000000
vn 0.958920 0.283678 0.000000
vn 0.995891 0.090557 0.000000
vn 1.000000 0.000000 -0.000000
vn 0.995891 -0.090557 -0.000000
vn 0.958973 -0.283498 -0.000000
vn 0.880503 -0.474041 -0.000000
vn 0.769279 -0.638913 -0.000000
vn 0.638638 -0.769507 -0.000000
vn 0.474367 -0.880327 -0.000000
vn 0.283458 -0.958985 -0.000000
vn 0.090479 -0.995898 -0.000000
vn 0.000000 -1.000000 -0.000000
vn 0.141809 -0.989894 -0.000000
vn 0.514326 -0.857595 -0.000000
vn 0.857474 -0.514527 -0.000000
vn 0.989943 -0.141470 -0.000000
vn 1.000000 0.000000 -0.000000
vn 0.989955 0.141385 0.000000
vn 0.857696 0.514157 0.000000
vn 0.514326 0.857595 0.000000
vn 0.141119 0.989993 0.000000
vn 0.000000 1.000000 0.000000
vn 0.090472 0.995899 0.000000
vn 0.284066 0.958805 0.000000
vn 0.473853 0.880604 0.000000
vn 0.639015 0.769194 0.000000
vn 0.769240 0.638960 0.000000
vn 0.880503 0.474041 0.000000
vn 0.958897 0.283754 0.000000
vn 0.995898 0.090479 0.000000
vn 1.000000 0.000000 -0.000000
vn 0.995891 -0.090557 -0.000000
vn 0.958950 -0.283574 -0.000000
vn 0.880354 -0.474317 -0.000000
vn 0.769279 -0.638913 -0.000000
vn 0.639015 -0.769194 -0.000000
vn 0.474367 -0.880327 -0.000000
vn 0.283458 -0.958985 -0.000000
vn 0.090472 -0.995899 -0.000000
vn 0.000000 -1.000000 -0.000000
vn -0.090479 -0.995898 -0.000000
vn -0.283458 -0.958985 -0.000000
vn -0.474367 -0.880327 -0.000000
vn -0.639015 -0.769194 -0.000000
vn -0.769279 -0.638913 -0.000000
vn -0.880354 -0.474317 -0.000000
vn -0.958973 -0.283498 -0.000000
vn -0.995891 -0.090557 -0.000000
vn -1.000000 0.000000 -0.000000
vn -0.995891 0.090557 0.000000
vn -0.958973 0.283498 0.000000
vn -0.880503 0.474041 0.000000
vn -0.769279 0.638913 0.000000
vn -0.638638 0.769507 0.000000
vn -0.474367 0.880327 0.000000
vn -0.283458 0.958985 0.000000
vn -0.090479 0.995898 0.000000
vn 0.000000 1.000000 0.000000
vn 0.090472 0.995899 0.000000
vn 0.283458 0.958985 0.000000
vn 0.474367 0.880327 0.000000
vn 0.638638 0.769507 0.000000
vn 0.769240 0.638960 0.000000
vn 0.880503 0.474041 0.000000
vn 0.958950 0.283574 0.000000
vn 0.995898 0.090479 0.000000
vn 1.000000 0.000000 -0.000000
vn -0.050618 -0.998718 -0.000000
vn -0.159986 -0.987119 -0.000000
vn -0.277850 -0.960624 -0.000000
vn -0.399370 -0.916790 -0.000000
vn -0.516703 -0.856164 -0.000000
vn -0.629812 -0.776748 -0.000000
vn -0.735126 -0.677930 -0.000000
vn -0.825328 -0.564653 -0.000000
vn -0.897265 -0.441492 -0.000000
vn -0.950665 -0.310220 -0.000000
vn -0.983715 -0.179737 -0.000000
vn -0.998374 -0.056999 -0.000000
vn -1.000000 0.000000 -0.000000
vn -0.998374 0.056996 0.000000
vn -0.983716 0.179729 0.000000
vn -0.950665 0.310220 0.000000
vn -0.897253 0.441516 0.000000
vn -0.825003 0.565128 0.000000
vn -0.733672 0.679504 0.000000
vn -0.626704 0.779258 0.000000
vn -0.511574 0.859239 0.000000
vn -0.393701 0.919239 0.000000
vn -0.273463 0.961883 0.000000
vn -0.157356 0.987542 0.000000
vn -0.049781 0.998760 0.000000
vn 0.048647 0.998816 0.000000
vn 0.153459 0.988155 0.000000
vn 0.266135 0.963936 0.000000
vn 0.382834 0.923817 0.000000
vn 0.498073 0.867135 0.000000
vn 0.612661 0.790345 0.000000
vn 0.720794 0.693150 0.000000
vn 0.814723 0.579850 0.000000
vn 0.890186 0.455598 0.000000
vn 0.946800 0.321822 0.000000
vn 0.982321 0.187204 0.000000
vn 0.998228 0.059507 0.000000
vn 0.995895 -0.090518 -0.000000
vn 0.958920 -0.283678 -0.000000
vn 0.880503 -0.474041 -0.000000
vn 0.769240 -0.638960 -0.000000
vn 0.639015 -0.769194 -0.000000
vn 0.473853 -0.880604 -0.000000
vn 0.284066 -0.958805 -0.000000
vn 0.090479 -0.995898 -0.000000
vn 0.054271 -0.998526 -0.000000
vn -0.129920 -0.991524 -0.000000
vn -0.481868 -0.876244 -0.000000
vn -0.836735 -0.547608 -0.000000
vn -0.988072 -0.153994 -0.000000
vn -0.996712 -0.081027 -0.000000
vn -0.965014 -0.262199 -0.000000
vn -0.890404 -0.455172 -0.000000
vn -0.772679 -0.634797 -0.000000
vn -0.622883 -0.782315 -0.000000
vn -0.441792 -0.897118 -0.000000
vn -0.252159 -0.967686 -0.000000
vn -0.077445 -0.996997 -0.000000
vn 0.077361 -0.997003 -0.000000
vn 0.251308 -0.967907 -0.000000
vn 0.439372 -0.898305 -0.000000
vn 0.618694 -0.785632 -0.000000
vn 0.768421 -0.639945 -0.000000
vn 0.887868 -0.460099 -0.000000
vn 0.964100 -0.265541 -0.000000
vn 0.996622 -0.082129 -0.000000
vn 1.000000 0.000000 -0.000000
vn 0.996515 0.083420 0.000000
vn 0.963239 0.268647 0.000000
vn 0.886281 0.463148 0.000000
vn 0.767403 0.641165 0.000000
vn 0.618690 0.785635 0.000000
vn 0.439372 0.898305 0.000000
vn 0.251308 0.967907 0.000000
vn 0.077362 0.997003 0.000000
vn -0.076398 0.997077 0.000000
vn -0.248841 0.968544 0.000000
vn -0.436844 0.899538 0.000000
vn -0.617549 0.786532 0.000000
vn -0.769141 0.639079 0.000000
vn -0.889104 0.457706 0.000000
vn -0.964763 0.263121 0.000000
vn -0.996705 0.081114 0.000000
vn -0.988072 0.153994 0.000000
vn -0.836735 0.547608 0.000000
vn -0.481868 0.876244 0.000000
vn -0.129920 0.991524 0.000000
vn 0.043443 0.999056 0.000000
vn 0.077907 0.996961 0.000000
vn 0.245775 0.969327 0.000000
vn 0.418907 0.908029 0.000000
vn 0.579663 0.814856 0.000000
vn 0.714510 0.699625 0.000000
vn 0.838947 0.544213 0.000000
vn 0.940307 0.340326 0.000000
vn 0.993690 0.112162 0.000000
vn 0.998277 -0.058669 -0.000000
vn 0.982771 -0.184826 -0.000000
vn 0.947960 -0.318391 -0.000000
vn 0.892124 -0.451791 -0.000000
vn 0.817205 -0.576347 -0.000000
vn 0.723328 -0.690505 -0.000000
vn 0.614605 -0.788835 -0.000000
vn 0.498852 -0.866687 -0.000000
vn 0.382794 -0.923834 -0.000000
vn 0.266178 -0.963924 -0.000000
vn 0.153415 -0.988162 -0.000000
vn 0.048647 -0.998816 -0.000000
vn -0.090475 -0.995899 -0.000000
vn -0.283458 -0.958985 -0.000000
vn -0.474367 -0.880327 -0.000000
vn -0.639015 -0.769194 -0.000000
vn -0.769259 -0.638937 -0.000000
vn -0.880354 -0.474317 -0.000000
vn -0.958962 -0.283536 -0.000000
vn -0.995895 -0.090518 -0.000000
vn -1.000000 0.000000 -0.000000
vn -0.995891 0.090557 0.000000
vn -0.958962 0.283536 0.000000
vn -0.880503 0.474041 0.000000
vn -0.769279 0.638913 0.000000
vn -0.638638 0.769507 0.000000
vn -0.474367 0.880327 0.000000
vn -0.283458 0.958985 0.000000
vn -0.090475 0.995899 0.000000
vn 0.000000 1.000000 0.000000
vn 0.090475 0.995899 0.000000
vn 0.283458 0.958985 0.000000
vn 0.474367 0.880327 0.000000
vn 0.638638 0.769507 0.000000
vn 0.769259 0.638937 0.000000
vn 0.880503 0.474041 0.000000
vn 0.958962 0.283536 0.000000
vn 0.995895 0.090518 0.000000
vn 1.000000 0.000000 -0.000000
vn 0.989949 0.141427 0.000000
vn 0.857696 0.514157 0.000000
vn 0.514326 0.857595 0.000000
vn 0.141137 0.989990 0.000000
vn 0.000000 1.000000 0.000000
vn 0.090475 0.995899 0.000000
vn 0.284055 0.958808 0.000000
vn 0.473853 0.880604 0.000000
vn 0.639015 0.769194 0.000000
vn 0.769259 0.638937 0.000000
vn 0.880520 0.474008 0.000000
vn 0.958920 0.283678 0.000000
vn 0.995891 0.090557 0.000000
vn 1.000000 0.000000 -0.000000
vn 0.995895 -0.090518 -0.000000
vn 0.958973 -0.283498 -0.000000
vn 0.880371 -0.474285 -0.000000
vn 0.769240 -0.638960 -0.000000
vn 0.639015 -0.769194 -0.000000
vn 0.474367 -0.880327 -0.000000
vn 0.283447 -0.958988 -0.000000
vn 0.090475 -0.995899 -0.000000
vn 0.000000 -1.000000 -0.000000
vn -0.135768 -0.990741 -0.000000
vn -0.453087 -0.891466 -0.000000
vn -0.743418 -0.668827 -0.000000
vn -0.914352 -0.404921 -0.000000
vn -0.955585 -0.294717 -0.000000
vn -0.854831 -0.518906 -0.000000
vn -0.725127 -0.688616 -0.000000
vn -0.496432 -0.868076 -0.000000
vn -0.170794 -0.985307 -0.000000
vn 0.000000 -1.000000 -0.000000
vn 0.170794 -0.985307 -0.000000
vn 0.496425 -0.868080 -0.000000
vn 0.725127 -0.688616 -0.000000
vn 0.854826 -0.518915 -0.000000
vn 0.955585 -0.294717 -0.000000
vn 0.914352 -0.404921 -0.000000
vn 0.743418 -0.668827 -0.000000
vn 0.453085 -0.891467 -0.000000
vn 0.135768 -0.990741 -0.000000
vn 0.000000 -1.000000 -0.000000
vn -0.077492 -0.996993 -0.000000
vn -0.259811 -0.965660 -0.000000
vn -0.468769 -0.883321 -0.000000
vn -0.672103 -0.740458 -0.000000
vn -0.856136 -0.516750 -0.000000
vn -0.973745 -0.227642 -0.000000
vn -0.999759 0.021959 0.000000
vn -0.978737 0.205120 0.000000
vn -0.952146 0.305644 0.000000
vn -0.914348 0.404929 0.000000
vn -0.743256 0.669007 0.000000
vn -0.453089 0.891465 0.000000
vn -0.135768 0.990741 0.000000
vn 0.000000 1.000000 0.000000
vn 0.135768 0.990741 0.000000
vn 0.453085 0.891467 0.000000
vn 0.743256 0.669007 0.000000
vn 0.914354 0.404917 0.000000
vn 0.951735 0.306920 0.000000
vn 0.924673 0.380762 0.000000
vn 0.967090 0.254433 0.000000
vn 0.989936 0.141517 0.000000
vn 0.999058 0.043405 0.000000
vn 0.985089 -0.172047 -0.000000
vn 0.806434 -0.591324 -0.000000
vn 0.440707 -0.897651 -0.000000
vn 0.116104 -0.993237 -0.000000
vn 0.000000 -1.000000 -0.000000
vn 0.998868 -0.047576 -0.000000
vn 0.948642 0.316351 0.000000
vn 0.633288 0.773917 0.000000
vn 0.174259 0.984700 0.000000
vn 0.000000 1.000000 0.000000
vn -0.148748 0.988875 0.000000
vn -0.600039 0.799971 0.000000
vn -0.966207 0.257769 0.000000
vn -0.982335 -0.187129 -0.000000
vn -0.955841 -0.293885 -0.000000
vn -0.952045 -0.305959 -0.000000
vn -0.876298 -0.481770 -0.000000
vn -0.677820 -0.735228 -0.000000
vn -0.258337 -0.966055 -0.000000
vn 0.258349 -0.966052 -0.000000
vn 0.677820 -0.735228 -0.000000
vn 0.876284 -0.481795 -0.000000
vn 0.952045 -0.305959 -0.000000
vn 0.956639 -0.291275 -0.000000
vn -0.090475 -0.995899 -0.000000
vn -0.283452 -0.958986 -0.000000
vn -0.474364 -0.880329 -0.000000
vn -0.639023 -0.769188 -0.000000
vn -0.769262 -0.638934 -0.000000
vn -0.880358 -0.474309 -0.000000
vn -0.958966 -0.283522 -0.000000
vn -0.995893 -0.090542 -0.000000
vn -1.000000 0.000000 -0.000000
vn -0.995893 0.090540 0.000000
vn -0.958965 0.283524 0.000000
vn -0.880507 0.474033 0.000000
vn -0.769262 0.638934 0.000000
vn -0.638645 0.769501 0.000000
vn -0.474364 0.880329 0.000000
vn -0.283452 0.958986 0.000000
vn -0.090475 0.995899 0.000000
vn 0.000000 1.000000 0.000000
vn 0.090475 0.995899 0.000000
vn 0.283452 0.958987 0.000000
vn 0.474364 0.880329 0.000000
vn 0.638645 0.769502 0.000000
vn 0.769264 0.638931 0.000000
vn 0.880508 0.474032 0.000000
vn 0.958966 0.283523 0.000000
vn 0.995893 0.090540 0.000000
vn 1.000000 0.000000 -0.000000
vn 0.995893 -0.090540 -0.000000
vn 0.958966 -0.283523 -0.000000
vn 0.880359 -0.474308 -0.000000
vn 0.769264 -0.638931 -0.000000
vn 0.639022 -0.769188 -0.000000
vn 0.474364 -0.880329 -0.000000
vn 0.283452 -0.958987 -0.000000
vn 0.090475 -0.995899 -0.000000
vn 0.000000 -1.000000 -0.000000
vn -0.120744 -0.992684 -0.000000
vn -0.399302 -0.916819 -0.000000
vn -0.669000 -0.743263 -0.000000
vn -0.856225 -0.516603 -0.000000
vn -0.909065 -0.416653 -0.000000
vn -0.841223 -0.540688 -0.000000
vn -0.672358 -0.740226 -0.000000
vn -0.419329 -0.907834 -0.000000
vn -0.131734 -0.991285 -0.000000
vn 0.000000 -1.000000 -0.000000
vn 0.141134 -0.989991 -0.000000
vn 0.514326 -0.857595 -0.000000
vn 0.857463 -0.514546 -0.000000
vn 0.989950 -0.141417 -0.000000
vn 1.000000 0.000000 -0.000000
vn 0.995893 -0.090538 -0.000000
vn 0.958964 -0.283526 -0.000000
vn 0.880358 -0.474309 -0.000000
vn 0.769264 -0.638931 -0.000000
vn 0.639025 -0.769186 -0.000000
vn 0.474367 -0.880327 -0.000000
vn 0.283453 -0.958986 -0.000000
vn 0.090474 -0.995899 -0.000000
vn 0.000000 -1.000000 -0.000000
vn -0.090475 -0.995899 -0.000000
vn -0.283451 -0.958987 -0.000000
vn -0.474364 -0.880329 -0.000000
vn -0.639023 -0.769188 -0.000000
vn -0.769262 -0.638934 -0.000000
vn -0.880358 -0.474309 -0.000000
vn -0.958966 -0.283522 -0.000000
vn -0.995893 -0.090542 -0.000000
vn -1.000000 0.000000 -0.000000
vn -0.995893 0.090542 0.000000
vn -0.958966 0.283522 0.000000
vn -0.880507 0.474033 0.000000
vn -0.769262 0.638934 0.000000
vn -0.638645 0.769501 0.000000
vn -0.474364 0.880329 0.000000
vn -0.283451 0.958987 0.000000
vn -0.090475 0.995899 0.000000
vn 0.000000 1.000000 0.000000
vn 0.053691 0.998558 0.000000
vn 0.169072 0.985604 0.000000
vn 0.291763 0.956491 0.000000
vn 0.416175 0.909285 0.000000
vn 0.535332 0.844642 0.000000
vn 0.648980 0.760806 0.000000
vn 0.751838 0.659348 0.000000
vn 0.837505 0.546430 0.000000
vn 0.904285 0.426928 0.000000
vn 0.953757 0.300578 0.000000
vn 0.984614 0.174743 0.000000
vn 0.998451 0.055647 0.000000
vn 0.997777 -0.066644 -0.000000
vn 0.977230 -0.212182 -0.000000
vn 0.930111 -0.367280 -0.000000
vn 0.854334 -0.519725 -0.000000
vn 0.754872 -0.655872 -0.000000
vn 0.632778 -0.774334 -0.000000
vn 0.495553 -0.868578 -0.000000
vn 0.355971 -0.934497 -0.000000
vn 0.132528 -0.991179 -0.000000
vn 0.418625 -0.908159 -0.000000
vn 0.672821 -0.739805 -0.000000
vn 0.841008 -0.541022 -0.000000
vn 0.936300 -0.351202 -0.000000
vn 0.992295 -0.123895 -0.000000
vn 0.992272 0.124081 0.000000
vn 0.936300 0.351202 0.000000
vn 0.899925 0.436046 0.000000
vn 0.906106 0.423051 0.000000
vn 0.933346 0.358977 0.000000
vn 0.964811 0.262944 0.000000
vn 0.993888 0.110394 0.000000
vn 0.981241 -0.192784 -0.000000
vn 0.771492 -0.636239 -0.000000
vn 0.399865 -0.916574 -0.000000
vn 0.103316 -0.994649 -0.000000
vn 0.000000 -1.000000 -0.000000
vn 0.141134 -0.989991 -0.000000
vn 0.514326 -0.857595 -0.000000
vn 0.857463 -0.514546 -0.000000
vn 0.989950 -0.141417 -0.000000
vn 1.000000 0.000000 -0.000000
vn 0.989950 0.141417 0.000000
vn 0.857463 0.514546 0.000000
vn 0.514326 0.857595 0.000000
vn 0.141134 0.989991 0.000000
vn 0.000000 1.000000 0.000000
vn -0.077725 0.996975 0.000000
vn -0.251838 0.967770 0.000000
vn -0.439238 0.898371 0.000000
vn -0.616909 0.787035 0.000000
vn -0.766558 0.642175 0.000000
vn -0.887117 0.461544 0.000000
vn -0.963928 0.266162 0.000000
vn -0.996612 0.082241 0.000000
vn -0.996622 -0.082124 -0.000000
vn -0.964244 -0.265016 -0.000000
vn -0.888763 -0.458367 -0.000000
vn -0.770988 -0.636849 -0.000000
vn -0.623588 -0.781753 -0.000000
vn -0.445351 -0.895356 -0.000000
vn -0.256015 -0.966673 -0.000000
vn -0.079051 -0.996871 -0.000000
vn 0.000000 -1.000000 -0.000000
vn 0.995895 -0.090518 -0.000000
vn 0.958920 -0.283678 -0.000000
vn 0.880520 -0.474008 -0.000000
vn 0.769240 -0.638960 -0.000000
vn 0.639015 -0.769194 -0.000000
vn 0.473853 -0.880604 -0.000000
vn 0.283447 -0.958988 -0.000000
vn 0.091103 -0.995842 -0.000000
vn 0.000000 -1.000000 -0.000000
vn 0.141131 -0.989991 -0.000000
vn 0.514326 -0.857595 -0.000000
vn 0.857474 -0.514527 -0.000000
vn 0.989949 -0.141427 -0.000000
vn 1.000000 0.000000 -0.000000
vn 0.989949 0.141427 0.000000
vn 0.857474 0.514527 0.000000
vn 0.514326 0.857595 0.000000
vn 0.141809 0.989894 0.000000
vn 0.000000 1.000000 0.000000
vn 0.090475 0.995899 0.000000
vn 0.283447 0.958988 0.000000
vn 0.473853 0.880604 0.000000
vn 0.639015 0.769194 0.000000
vn 0.769279 0.638913 0.000000
vn 0.880503 0.474041 0.000000
vn 0.958908 0.283716 0.000000
vn 0.995895 0.090518 0.000000
vn 1.000000 0.000000 -0.000000
vn 0.995891 -0.090557 -0.000000
vn 0.958962 -0.283536 -0.000000
vn 0.880503 -0.474041 -0.000000
vn 0.769299 -0.638889 -0.000000
vn 0.638638 -0.769507 -0.000000
vn 0.474367 -0.880327 -0.000000
vn 0.283447 -0.958988 -0.000000
vn 0.090475 -0.995899 -0.000000
vn 0.000000 -1.000000 -0.000000
vn 0.141809 -0.989894 -0.000000
vn 0.514326 -0.857595 -0.000000
vn 0.857474 -0.514527 -0.000000
vn 0.989949 -0.141427 -0.000000
vn 1.000000 0.000000 -0.000000
vn 0.989949 0.141427 0.000000
vn 0.857696 0.514157 0.000000
vn 0.514326 0.857595 0.000000
vn 0.141131 0.989991 0.000000
vn 0.000000 1.000000 0.000000
vn 0.090475 0.995899 0.000000
vn 0.284055 0.958808 0.000000
vn 0.473853 0.880604 0.000000
vn 0.639015 0.769194 0.000000
vn 0.769259 0.638937 0.000000
vn 0.880520 0.474008 0.000000
vn 0.958920 0.283678 0.000000
vn 0.995891 0.090557 0.000000
vn 1.000000 0.000000 -0.000000
vn 0.995895 -0.090518 -0.000000
vn 0.958973 -0.283498 -0.000000
vn 0.880371 -0.474285 -0.000000
vn 0.769240 -0.638960 -0.000000
vn 0.639015 -0.769194 -0.000000
vn 0.474367 -0.880327 -0.000000
vn 0.283447 -0.958988 -0.000000
vn 0.090475 -0.995899 -0.000000
vn 0.000000 -1.000000 -0.000000
vn -0.090475 -0.995899 -0.000000
vn -0.283447 -0.958988 -0.000000
vn -0.474367 -0.880327 -0.000000
vn -0.639015 -0.769194 -0.000000
vn -0.769269 -0.638925 -0.000000
vn -0.880363 -0.474301 -0.000000
vn -0.958962 -0.283536 -0.000000
vn -0.995893 -0.090538 -0.000000
vn -1.000000 0.000000 -0.000000
vn -0.995893 0.090538 0.000000
vn -0.958962 0.283536 0.000000
vn -0.880512 0.474024 0.000000
vn -0.769269 0.638925 0.000000
vn -0.638638 0.769507 0.000000
vn -0.474367 0.880327 0.000000
vn -0.283447 0.958988 0.000000
vn -0.090475 0.995899 0.000000
vn 0.000000 1.000000 0.000000
vn 0.090475 0.995899 0.000000
vn 0.283447 0.958988 0.000000
vn 0.474367 0.880327 0.000000
vn 0.638638 0.769507 0.000000
vn 0.769259 0.638937 0.000000
vn 0.880520 0.474008 0.000000
vn 0.958973 0.283498 0.000000
vn 0.995891 0.090557 0.000000
vn 1.000000 0.000000 -0.000000
vn -0.050343 -0.998732 -0.000000
vn -0.158774 -0.987315 -0.000000
vn -0.275001 -0.961444 -0.000000
vn -0.394364 -0.918954 -0.000000
vn -0.511853 -0.859073 -0.000000
vn -0.627091 -0.778946 -0.000000
vn -0.733477 -0.679714 -0.000000
vn -0.823953 -0.566658 -0.000000
vn -0.895840 -0.444377 -0.000000
vn -0.949670 -0.313251 -0.000000
vn -0.983295 -0.182018 -0.000000
vn -0.998325 -0.057858 -0.000000
vn -1.000000 0.000000 -0.000000
vn -0.995895 0.090518 0.000000
vn -0.958973 0.283498 0.000000
vn -0.880520 0.474008 0.000000
vn -0.769259 0.638937 0.000000
vn -0.638638 0.769507 0.000000
vn -0.474367 0.880327 0.000000
vn -0.283447 0.958988 0.000000
vn -0.090475 0.995899 0.000000
vn 0.000000 1.000000 0.000000
vn 0.090475 0.995899 0.000000
vn 0.283447 0.958988 0.000000
vn 0.474367 0.880327 0.000000
vn 0.638638 0.769507 0.000000
vn 0.769279 0.638913 0.000000
vn 0.880503 0.474041 0.000000
vn 0.958962 0.283536 0.000000
vn 0.995895 0.090518 0.000000
vn 1.000000 0.000000 -0.000000
vn 0.996637 0.081947 0.000000
vn 0.964598 0.263726 0.000000
vn 0.890453 0.455075 0.000000
vn 0.775382 0.631492 0.000000
vn 0.629123 0.777306 0.000000
vn 0.449169 0.893447 0.000000
vn 0.257795 0.966200 0.000000
vn 0.079503 0.996835 0.000000
vn -0.079502 0.996835 0.000000
vn -0.257795 0.966200 0.000000
vn -0.449169 0.893447 0.000000
vn -0.629123 0.777306 0.000000
vn -0.775384 0.631490 0.000000
vn -0.890455 0.455072 0.000000
vn -0.964598 0.263726 0.000000
vn -0.996637 0.081947 0.000000
vn -1.000000 0.000000 -0.000000
vn -0.995891 0.090557 0.000000
vn -0.958973 0.283498 0.000000
vn -0.880503 0.474041 0.000000
vn -0.769279 0.638913 0.000000
vn -0.638638 0.769507 0.000000
vn -0.474367 0.880327 0.000000
vn -0.283458 0.958985 0.000000
vn -0.090464 0.995900 0.000000
vn 0.000000 1.000000 0.000000
vn 0.090472 0.995899 0.000000
vn 0.283458 0.958985 0.000000
vn 0.474367 0.880327 0.000000
vn 0.638638 0.769507 0.000000
vn 0.769240 0.638960 0.000000
vn 0.880503 0.474041 0.000000
vn 0.958950 0.283574 0.000000
vn 0.995898 0.090479 0.000000
vn 1.000000 0.000000 -0.000000
vn 0.998377 -0.056942 -0.000000
vn 0.983809 -0.179220 -0.000000
vn 0.951142 -0.308754 -0.000000
vn 0.898634 -0.438699 -0.000000
vn 0.827290 -0.561776 -0.000000
vn 0.736062 -0.676914 -0.000000
vn 0.628596 -0.777732 -0.000000
vn 0.512292 -0.858811 -0.000000
vn 0.393661 -0.919256 -0.000000
vn 0.273505 -0.961870 -0.000000
vn 0.157356 -0.987542 -0.000000
vn 0.049738 -0.998762 -0.000000
vn -0.120743 -0.992684 -0.000000
vn -0.399298 -0.916821 -0.000000
vn -0.669000 -0.743263 -0.000000
vn -0.856225 -0.516603 -0.000000
vn -0.909065 -0.416653 -0.000000
vn -0.841202 -0.540720 -0.000000
vn -0.672345 -0.740238 -0.000000
vn -0.419329 -0.907834 -0.000000
vn -0.131740 -0.991284 -0.000000
vn 0.000000 -1.000000 -0.000000
vn 0.141131 -0.989991 -0.000000
vn 0.514326 -0.857595 -0.000000
vn 0.857474 -0.514527 -0.000000
vn 0.989943 -0.141470 -0.000000
vn 1.000000 0.000000 -0.000000
vn 0.995891 -0.090557 -0.000000
vn 0.958973 -0.283498 -0.000000
vn 0.880354 -0.474317 -0.000000
vn 0.769279 -0.638913 -0.000000
vn 0.639055 -0.769161 -0.000000
vn 0.474367 -0.880327 -0.000000
vn 0.283458 -0.958985 -0.000000
vn 0.090472 -0.995899 -0.000000
vn 0.000000 -1.000000 -0.000000
vn -0.090479 -0.995898 -0.000000
vn -0.283458 -0.958985 -0.000000
vn -0.474367 -0.880327 -0.000000
vn -0.639015 -0.769194 -0.000000
vn -0.769279 -0.638913 -0.000000
vn -0.880354 -0.474317 -0.000000
vn -0.958973 -0.283498 -0.000000
vn -0.995891 -0.090557 -0.000000
vn -1.000000 0.000000 -0.000000
vn -0.995891 0.090557 0.000000
vn -0.958973 0.283498 0.000000
vn -0.880503 0.474041 0.000000
vn -0.769279 0.638913 0.000000
vn -0.638638 0.769507 0.000000
vn -0.474367 0.880327 0.000000
vn -0.283458 0.958985 0.000000
vn -0.090479 0.995898 0.000000
vn 0.000000 1.000000 0.000000
vn 0.053691 0.998558 0.000000
vn 0.169072 0.985604 0.000000
vn 0.291763 0.956491 0.000000
vn 0.416172 0.909286 0.000000
vn 0.535331 0.844642 0.000000
vn 0.648982 0.760804 0.000000
vn 0.751839 0.659347 0.000000
vn 0.837506 0.546429 0.000000
vn 0.904286 0.426927 0.000000
vn 0.953758 0.300576 0.000000
vn 0.984614 0.174742 0.000000
vn 0.998450 0.055653 0.000000
vn 0.997777 -0.066643 -0.000000
vn 0.977230 -0.212182 -0.000000
vn 0.930112 -0.367277 -0.000000
vn 0.854334 -0.519725 -0.000000
vn 0.754869 -0.655876 -0.000000
vn 0.632775 -0.774336 -0.000000
vn 0.495553 -0.868578 -0.000000
vn 0.355973 -0.934496 -0.000000
vn 0.132534 -0.991179 -0.000000
vn 0.418625 -0.908159 -0.000000
vn 0.672796 -0.739828 -0.000000
vn 0.841071 -0.540925 -0.000000
vn 0.936270 -0.351280 -0.000000
vn 0.992301 -0.123848 -0.000000
vn 0.992278 0.124035 0.000000
vn 0.936270 0.351280 0.000000
vn 0.899925 0.436045 0.000000
vn 0.906115 0.423032 0.000000
vn 0.933337 0.359001 0.000000
vn 0.964785 0.263038 0.000000
vn 0.993888 0.110394 0.000000
vn 0.981239 -0.192797 -0.000000
vn 0.771477 -0.636257 -0.000000
vn 0.399870 -0.916572 -0.000000
vn 0.103316 -0.994649 -0.000000
vn 0.000000 -1.000000 -0.000000
vn 0.141131 -0.989991 -0.000000
vn 0.514326 -0.857595 -0.000000
vn 0.857474 -0.514527 -0.000000
vn 0.989943 -0.141470 -0.000000
vn 1.000000 0.000000 -0.000000
vn 0.989943 0.141470 0.000000
vn 0.857474 0.514527 0.000000
vn 0.514326 0.857595 0.000000
vn 0.141131 0.989991 0.000000
vn 0.000000 1.000000 0.000000
vn -0.077725 0.996975 0.000000
vn -0.251839 0.967769 0.000000
vn -0.439236 0.898372 0.000000
vn -0.616907 0.787036 0.000000
vn -0.766562 0.642170 0.000000
vn -0.887117 0.461544 0.000000
vn -0.963927 0.266167 0.000000
vn -0.996612 0.082241 0.000000
vn -0.996622 -0.082124 -0.000000
vn -0.964243 -0.265020 -0.000000
vn -0.888763 -0.458367 -0.000000
vn -0.770992 -0.636845 -0.000000
vn -0.623586 -0.781755 -0.000000
vn -0.445350 -0.895357 -0.000000
vn -0.256016 -0.966673 -0.000000
vn -0.079051 -0.996871 -0.000000
vn 0.000000 -1.000000 -0.000000
vn 0.000000 0.000000 1.000000
vn 0.000000 -0.000000 1.000000
vn 0.000000 -0.000000 1.000000
vn 0.000000 -0.000000 1.000000
vn 0.000000 -0.000000 1.000000
vn 0.000000 0.000000 1.000000
vn -0.000000 0.000000 1.000000
vn 0.000000 -0.000000 1.000000
vn 0.000000 -0.000000 1.000000
vn 0.000000 -0.000000 -1.000000
vn 0.000000 -0.000000 -1.000000
vn -0.000000 0.000000 -1.000000
vn 0.000000 0.000000 -1.000000
vn 0.000000 0.000000 -1.000000
vn 0.000000 0.000000 -1.000000
vn -0.000000 -0.000000 -1.000000
vn 0.000000 0.000000 -1.000000
vn 0.000000 0.000000 -1.000000
vn 0.000000 1.000000 0.000000
vn 0.928477 0.371391 0.000000
vn 0.485643 0.874157 0.000000
vn 0.406139 -0.913811 -0.000000
vn 0.961524 -0.274721 -0.000000
vn 0.351124 -0.936329 -0.000000
vn 1.000000 0.000000 -0.000000
vn 0.338719 0.940887 0.000000
vn 0.000000 -1.000000 -0.000000
vn -0.732794 0.680451 0.000000
vn -0.998752 -0.049938 -0.000000
vn -0.993884 0.110431 0.000000
vn 0.000000 -0.000000 1.000000
vn 0.000000 -0.000000 1.000000
vn 0.000000 -0.000000 1.000000
vn 0.000000 0.000000 -1.000000
vn 0.000000 0.000000 -1.000000
vn 0.000000 0.000000 -1.000000
vn -0.933346 0.358979 0.000000
vn -0.624695 0.780869 0.000000
vn 0.000000 1.000000 0.000000
vn 0.737154 0.675725 0.000000
vn 0.707107 0.707107 0.000000
vn -0.016391 -0.999866 -0.000000
vn 0.000000 -0.000000 1.000000
vn 0.000000 0.000000 -1.000000
vn -0.948683 -0.316228 -0.000000
vn 0.209530 0.977802 0.000000
vn 0.955779 0.294086 0.000000
vn 0.164399 -0.986394 -0.000000
vn 0.000000 0.000000 -1.000000
vn 0.000000 -0.000000 1.000000
vn 0.274721 0.961524 0.000000
vn -0.961524 0.274721 0.000000
vn -0.274721 -0.961524 -0.000000
vn 0.961524 -0.274721 -0.000000
f 96//1 98//1 97//1
f 95//2 98//2 96//2
f 95//3 99//3 98//3
f 94//4 99//4 95//4
f 94//5 100//5 99//5
f 93//6 100//6 94//6
f 93//7 101//7 100//7
f 92//8 101//8 93//8
f 92//9 102//9 101//9
f 91//10 102//10 92//10
f 91//11 103//11 102//11
f 90//12 103//12 91//12
f 90//13 104//13 103//13
f 89//14 104//14 90//14
f 89//15 105//15 104//15
f 88//16 105//16 89//16
f 88//17 58//17 105//17
f 58//18 57//18 105//18
f 57//19 106//19 105//19
f 88//20 59//20 58//20
f 56//21 106//21 57//21
f 88//22 60//22 59//22
f 87//23 60//23 88//23
f 55//24 106//24 56//24
f 87//25 61//25 60//25
f 54//26 106//26 55//26
f 87//27 62//27 61//27
f 54//28 107//28 106//28
f 87//29 63//29 62//29
f 53//30 107//30 54//30
f 86//31 63//31 87//31
f 53//32 108//32 107//32
f 52//33 108//33 53//33
f 86//34 64//34 63//34
f 85//35 64//35 86//35
f 51//36 108//36 52//36
f 85//37 65//37 64//37
f 51//38 109//38 108//38
f 50//39 109//39 51//39
f 85//40 66//40 65//40
f 84//41 66//41 85//41
f 50//42 110//42 109//42
f 49//43 110//43 50//43
f 84//44 67//44 66//44
f 83//45 67//45 84//45
f 83//46 68//46 67//46
f 82//47 68//47 83//47
f 82//48 69//48 68//48
f 48//49 110//49 49//49
f 81//50 69//50 82//50
f 81//51 70//51 69//51
f 80//52 70//52 81//52
f 80//53 71//53 70//53
f 79//54 71//54 80//54
f 79//55 72//55 71//55
f 78//56 72//56 79//56
f 78//57 73//57 72//57
f 77//58 73//58 78//58
f 77//59 74//59 73//59
f 76//60 74//60 77//60
f 76//61 75//61 74//61
f 48//62 111//62 110//62
f 47//63 111//63 48//63
f 47//64 112//64 111//64
f 46//65 112//65 47//65
f 46//66 113//66 112//66
f 45//67 113//67 46//67
f 45//68 114//68 113//68
f 44//69 114//69 45//69
f 44//70 115//70 114//70
f 44//71 116//71 115//71
f 43//72 116//72 44//72
f 43//73 117//73 116//73
f 42//74 117//74 43//74
f 42//75 1//75 117//75
f 41//76 1//76 42//76
f 41//77 2//77 1//77
f 41//78 3//78 2//78
f 41//79 4//79 3//79
f 41//80 5//80 4//80
f 41//81 6//81 5//81
f 41//82 7//82 6//82
f 41//83 8//83 7//83
f 41//84 9//84 8//84
f 41//85 10//85 9//85
f 41//86 11//86 10//86
f 41//87 12//87 11//87
f 41//88 13//88 12//88
f 40//89 13//89 41//89
f 40//90 14//90 13//90
f 40//91 15//91 14//91
f 39//92 15//92 40//92
f 39//93 16//93 15//93
f 39//94 17//94 16//94
f 38//95 17//95 39//95
f 38//96 18//96 17//96
f 37//97 18//97 38//97
f 37//98 19//98 18//98
f 36//99 19//99 37//99
f 35//100 19//100 36//100
f 35//101 20//101 19//101
f 34//102 20//102 35//102
f 34//103 21//103 20//103
f 33//104 21//104 34//104
f 33//105 22//105 21//105
f 33//106 23//106 22//106
f 32//107 23//107 33//107
f 31//108 23//108 32//108
f 31//109 24//109 23//109
f 30//110 24//110 31//110
f 30//111 25//111 24//111
f 30//112 26//112 25//112
f 29//113 26//113 30//113
f 29//114 27//114 26//114
f 28//115 27//115 29//115
f 213//116 214//116 215//116
f 212//117 213//117 215//117
f 212//118 215//118 216//118
f 211//119 212//119 216//119
f 211//120 216//120 217//120
f 210//121 211//121 217//121
f 210//122 217//122 218//122
f 209//123 210//123 218//123
f 209//124 218//124 219//124
f 208//125 209//125 219//125
f 208//126 219//126 220//126
f 207//127 208//127 220//127
f 207//128 220//128 221//128
f 206//129 207//129 221//129
f 206//130 221//130 222//130
f 205//131 206//131 222//131
f 205//132 222//132 175//132
f 175//133 222//133 174//133
f 174//134 222//134 223//134
f 205//135 175//135 176//135
f 173//136 174//136 223//136
f 205//137 176//137 177//137
f 204//138 205//138 177//138
f 172//139 173//139 223//139
f 204//140 177//140 178//140
f 171//141 172//141 223//141
f 204//142 178//142 179//142
f 171//143 223//143 224//143
f 204//144 179//144 180//144
f 170//145 171//145 224//145
f 203//146 204//146 180//146
f 170//147 224//147 225//147
f 169//148 170//148 225//148
f 203//149 180//149 181//149
f 202//150 203//150 181//150
f 168//151 169//151 225//151
f 202//152 181//152 182//152
f 168//153 225//153 226//153
f 167//154 168//154 226//154
f 202//155 182//155 183//155
f 201//156 202//156 183//156
f 167//157 226//157 227//157
f 166//158 167//158 227//158
f 201//159 183//159 184//159
f 200//160 201//160 184//160
f 200//161 184//161 185//161
f 199//162 200//162 185//162
f 199//163 185//163 186//163
f 165//164 166//164 227//164
f 198//165 199//165 186//165
f 198//166 186//166 187//166
f 197//167 198//167 187//167
f 197//168 187//168 188//168
f 196//169 197//169 188//169
f 196//170 188//170 189//170
f 195//171 196//171 189//171
f 195//172 189//172 190//172
f 194//173 195//173 190//173
f 194//174 190//174 191//174
f 193//175 194//175 191//175
f 193//176 191//176 192//176
f 165//177 227//177 228//177
f 164//178 165//178 228//178
f 164//179 228//179 229//179
f 163//180 164//180 229//180
f 163//181 229//181 230//181
f 162//182 163//182 230//182
f 162//183 230//183 231//183
f 161//184 162//184 231//184
f 161//185 231//185 232//185
f 161//186 232//186 233//186
f 160//187 161//187 233//187
f 160//188 233//188 234//188
f 159//189 160//189 234//189
f 159//190 234//190 118//190
f 158//191 159//191 118//191
f 158//192 118//192 119//192
f 158//193 119//193 120//193
f 158//194 120//194 121//194
f 158//195 121//195 122//195
f 158//196 122//196 123//196
f 158//197 123//197 124//197
f 158//198 124//198 125//198
f 158//199 125//199 126//199
f 158//200 126//200 127//200
f 158//201 127//201 128//201
f 158//202 128//202 129//202
f 158//203 129//203 130//203
f 157//204 158//204 130//204
f 157//205 130//205 131//205
f 157//206 131//206 132//206
f 156//207 157//207 132//207
f 156//208 132//208 133//208
f 156//209 133//209 134//209
f 155//210 156//210 134//210
f 155//211 134//211 135//211
f 154//212 155//212 135//212
f 154//213 135//213 136//213
f 153//214 154//214 136//214
f 152//215 153//215 136//215
f 152//216 136//216 137//216
f 151//217 152//217 137//217
f 151//218 137//218 138//218
f 150//219 151//219 138//219
f 150//220 138//220 139//220
f 150//221 139//221 140//221
f 149//222 150//222 140//222
f 148//223 149//223 140//223
f 148//224 140//224 141//224
f 147//225 148//225 141//225
f 147//226 141//226 142//226
f 147//227 142//227 143//227
f 146//228 147//228 143//228
f 146//229 143//229 144//229
f 145//230 146//230 144//230
f 238//231 235//231 236//231
f 240//232 237//232 238//232
f 242//233 239//233 240//233
f 244//234 241//234 242//234
f 246//235 243//235 244//235
f 248//236 245//236 246//236
f 250//237 247//237 248//237
f 252//238 249//238 250//238
f 254//239 251//239 252//239
f 256//240 253//240 254//240
f 258//241 255//241 256//241
f 260//242 257//242 258//242
f 262//243 259//243 260//243
f 264//244 261//244 262//244
f 266//245 263//245 264//245
f 268//246 265//246 266//246
f 270//247 267//247 268//247
f 272//248 269//248 270//248
f 274//249 271//249 272//249
f 276//250 273//250 274//250
f 278//251 275//251 276//251
f 280//252 277//252 278//252
f 282//253 279//253 280//253
f 284//254 281//254 282//254
f 286//255 283//255 284//255
f 288//256 285//256 286//256
f 290//257 287//257 288//257
f 292//258 289//258 290//258
f 294//259 291//259 292//259
f 296//260 293//260 294//260
f 298//261 295//261 296//261
f 300//262 297//262 298//262
f 302//263 299//263 300//263
f 304//264 301//264 302//264
f 306//265 303//265 304//265
f 308//266 305//266 306//266
f 310//267 307//267 308//267
f 312//268 309//268 310//268
f 314//269 311//269 312//269
f 316//270 313//270 314//270
f 318//271 315//271 316//271
f 320//272 317//272 318//272
f 322//273 319//273 320//273
f 324//274 321//274 322//274
f 326//275 323//275 324//275
f 328//276 325//276 326//276
f 330//277 327//277 328//277
f 332//278 329//278 330//278
f 334//279 331//279 332//279
f 336//280 333//280 334//280
f 338//281 335//281 336//281
f 340//282 337//282 338//282
f 342//283 339//283 340//283
f 344//284 341//284 342//284
f 346//285 343//285 344//285
f 348//286 345//286 346//286
f 350//287 347//287 348//287
f 352//288 349//288 350//288
f 354//289 351//289 352//289
f 356//290 353//290 354//290
f 358//291 355//291 356//291
f 360//292 357//292 358//292
f 362//293 359//293 360//293
f 364//294 361//294 362//294
f 366//295 363//295 364//295
f 368//296 365//296 366//296
f 370//297 367//297 368//297
f 372//298 369//298 370//298
f 374//299 371//299 372//299
f 376//300 373//300 374//300
f 378//301 375//301 376//301
f 380//302 377//302 378//302
f 382//303 379//303 380//303
f 384//304 381//304 382//304
f 386//305 383//305 384//305
f 388//306 385//306 386//306
f 390//307 387//307 388//307
f 392//308 389//308 390//308
f 394//309 391//309 392//309
f 396//310 393//310 394//310
f 398//311 395//311 396//311
f 400//312 397//312 398//312
f 402//313 399//313 400//313
f 404//314 401//314 402//314
f 406//315 403//315 404//315
f 408//316 405//316 406//316
f 410//317 407//317 408//317
f 412//318 409//318 410//318
f 414//319 411//319 412//319
f 416//320 413//320 414//320
f 418//321 415//321 416//321
f 420//322 417//322 418//322
f 422//323 419//323 420//323
f 424//324 421//324 422//324
f 426//325 423//325 424//325
f 428//326 425//326 426//326
f 430//327 427//327 428//327
f 432//328 429//328 430//328
f 434//329 431//329 432//329
f 436//330 433//330 434//330
f 438//331 435//331 436//331
f 440//332 437//332 438//332
f 442//333 439//333 440//333
f 444//334 441//334 442//334
f 446//335 443//335 444//335
f 448//336 445//336 446//336
f 450//337 447//337 448//337
f 452//338 449//338 450//338
f 454//339 451//339 452//339
f 456//340 453//340 454//340
f 458//341 455//341 456//341
f 460//342 457//342 458//342
f 462//343 459//343 460//343
f 464//344 461//344 462//344
f 466//345 463//345 464//345
f 468//346 465//346 466//346
f 236//347 467//347 468//347
f 509//348 511//348 510//348
f 509//349 512//349 511//349
f 508//350 512//350 509//350
f 507//351 512//351 508//351
f 507//352 513//352 512//352
f 506//353 513//353 507//353
f 505//354 513//354 506//354
f 504//355 513//355 505//355
f 504//356 514//356 513//356
f 503//357 514//357 504//357
f 502//358 514//358 503//358
f 501//359 552//359 502//359
f 552//360 551//360 502//360
f 551//361 550//361 502//361
f 550//362 514//362 502//362
f 550//363 515//363 514//363
f 550//364 516//364 515//364
f 550//365 549//365 516//365
f 549//366 517//366 516//366
f 549//367 518//367 517//367
f 549//368 519//368 518//368
f 549//369 575//369 519//369
f 575//370 574//370 519//370
f 574//371 520//371 519//371
f 573//372 520//372 574//372
f 501//373 553//373 552//373
f 501//374 554//374 553//374
f 572//375 520//375 573//375
f 571//376 520//376 572//376
f 571//377 521//377 520//377
f 570//378 521//378 571//378
f 569//379 521//379 570//379
f 569//380 522//380 521//380
f 568//381 522//381 569//381
f 568//382 523//382 522//382
f 567//383 523//383 568//383
f 567//384 524//384 523//384
f 566//385 524//385 567//385
f 565//386 524//386 566//386
f 565//387 525//387 524//387
f 564//388 525//388 565//388
f 563//389 525//389 564//389
f 563//390 526//390 525//390
f 562//391 526//391 563//391
f 561//392 526//392 562//392
f 561//393 527//393 526//393
f 560//394 527//394 561//394
f 501//395 555//395 554//395
f 501//396 556//396 555//396
f 559//397 527//397 560//397
f 501//398 557//398 556//398
f 501//399 558//399 557//399
f 501//400 482//400 558//400
f 482//401 481//401 558//401
f 481//402 480//402 558//402
f 480//403 559//403 558//403
f 480//404 527//404 559//404
f 480//405 528//405 527//405
f 480//406 479//406 528//406
f 479//407 529//407 528//407
f 479//408 530//408 529//408
f 479//409 531//409 530//409
f 479//410 532//410 531//410
f 479//411 533//411 532//411
f 479//412 534//412 533//412
f 479//413 535//413 534//413
f 479//414 536//414 535//414
f 479//415 537//415 536//415
f 479//416 538//416 537//416
f 479//417 539//417 538//417
f 479//418 478//418 539//418
f 478//419 477//419 539//419
f 477//420 476//420 539//420
f 476//421 475//421 539//421
f 475//422 540//422 539//422
f 474//423 540//423 475//423
f 501//424 483//424 482//424
f 473//425 540//425 474//425
f 501//426 484//426 483//426
f 473//427 541//427 540//427
f 473//428 542//428 541//428
f 500//429 484//429 501//429
f 500//430 485//430 484//430
f 473//431 543//431 542//431
f 499//432 485//432 500//432
f 499//433 486//433 485//433
f 473//434 544//434 543//434
f 472//435 544//435 473//435
f 472//436 545//436 544//436
f 498//437 486//437 499//437
f 498//438 487//438 486//438
f 497//439 487//439 498//439
f 497//440 488//440 487//440
f 471//441 545//441 472//441
f 471//442 546//442 545//442
f 496//443 488//443 497//443
f 496//444 489//444 488//444
f 470//445 546//445 471//445
f 470//446 547//446 546//446
f 495//447 489//447 496//447
f 495//448 490//448 489//448
f 494//449 490//449 495//449
f 494//450 491//450 490//450
f 469//451 547//451 470//451
f 469//452 548//452 547//452
f 493//453 491//453 494//453
f 493//454 492//454 491//454
f 596//455 598//455 597//455
f 596//456 599//456 598//456
f 631//457 633//457 632//457
f 631//458 634//458 633//458
f 595//459 599//459 596//459
f 595//460 600//460 599//460
f 630//461 634//461 631//461
f 630//462 635//462 634//462
f 594//463 600//463 595//463
f 594//464 601//464 600//464
f 629//465 635//465 630//465
f 629//466 636//466 635//466
f 593//467 601//467 594//467
f 593//468 602//468 601//468
f 628//469 636//469 629//469
f 628//470 637//470 636//470
f 592//471 602//471 593//471
f 592//472 603//472 602//472
f 627//473 637//473 628//473
f 627//474 638//474 637//474
f 592//475 604//475 603//475
f 627//476 639//476 638//476
f 591//477 604//477 592//477
f 626//478 639//478 627//478
f 591//479 605//479 604//479
f 626//480 640//480 639//480
f 590//481 605//481 591//481
f 625//482 640//482 626//482
f 590//483 606//483 605//483
f 625//484 641//484 640//484
f 589//485 606//485 590//485
f 624//486 641//486 625//486
f 588//487 606//487 589//487
f 588//488 607//488 606//488
f 623//489 641//489 624//489
f 623//490 642//490 641//490
f 587//491 607//491 588//491
f 623//492 643//492 642//492
f 587//493 608//493 607//493
f 622//494 643//494 623//494
f 587//495 609//495 608//495
f 621//496 643//496 622//496
f 586//497 609//497 587//497
f 621//498 644//498 643//498
f 586//499 610//499 609//499
f 620//500 644//500 621//500
f 585//501 610//501 586//501
f 620//502 645//502 644//502
f 585//503 611//503 610//503
f 619//504 645//504 620//504
f 584//505 611//505 585//505
f 619//506 646//506 645//506
f 584//507 612//507 611//507
f 618//508 646//508 619//508
f 584//509 613//509 612//509
f 617//510 646//510 618//510
f 583//511 613//511 584//511
f 617//512 647//512 646//512
f 583//513 614//513 613//513
f 616//514 647//514 617//514
f 583//515 615//515 614//515
f 615//516 647//516 616//516
f 583//517 647//517 615//517
f 582//518 647//518 583//518
f 582//519 648//519 647//519
f 581//520 648//520 582//520
f 581//521 649//521 648//521
f 580//522 649//522 581//522
f 580//523 650//523 649//523
f 579//524 650//524 580//524
f 579//525 651//525 650//525
f 578//526 651//526 579//526
f 578//527 652//527 651//527
f 578//528 653//528 652//528
f 577//529 653//529 578//529
f 577//530 576//530 653//530
f 735//531 737//531 736//531
f 735//532 738//532 737//532
f 734//533 738//533 735//533
f 734//534 739//534 738//534
f 733//535 739//535 734//535
f 733//536 740//536 739//536
f 732//537 740//537 733//537
f 732//538 741//538 740//538
f 731//539 741//539 732//539
f 731//540 742//540 741//540
f 731//541 743//541 742//541
f 730//542 743//542 731//542
f 730//543 744//543 743//543
f 729//544 744//544 730//544
f 729//545 745//545 744//545
f 728//546 745//546 729//546
f 727//547 666//547 728//547
f 666//548 665//548 728//548
f 665//549 664//549 728//549
f 664//550 745//550 728//550
f 664//551 663//551 745//551
f 663//552 654//552 745//552
f 663//553 655//553 654//553
f 663//554 656//554 655//554
f 663//555 657//555 656//555
f 663//556 658//556 657//556
f 663//557 659//557 658//557
f 663//558 660//558 659//558
f 663//559 661//559 660//559
f 663//560 662//560 661//560
f 727//561 667//561 666//561
f 727//562 668//562 667//562
f 727//563 669//563 668//563
f 727//564 670//564 669//564
f 727//565 671//565 670//565
f 727//566 672//566 671//566
f 727//567 694//567 672//567
f 694//568 693//568 672//568
f 693//569 692//569 672//569
f 692//570 673//570 672//570
f 692//571 674//571 673//571
f 692//572 675//572 674//572
f 692//573 676//573 675//573
f 692//574 677//574 676//574
f 692//575 678//575 677//575
f 692//576 679//576 678//576
f 692//577 680//577 679//577
f 692//578 681//578 680//578
f 692//579 691//579 681//579
f 691//580 682//580 681//580
f 691//581 683//581 682//581
f 691//582 684//582 683//582
f 691//583 685//583 684//583
f 691//584 686//584 685//584
f 691//585 687//585 686//585
f 691//586 688//586 687//586
f 691//587 689//587 688//587
f 691//588 690//588 689//588
f 727//589 695//589 694//589
f 727//590 696//590 695//590
f 727//591 697//591 696//591
f 727//592 698//592 697//592
f 727//593 699//593 698//593
f 727//594 700//594 699//594
f 727//595 701//595 700//595
f 727//596 702//596 701//596
f 727//597 703//597 702//597
f 727//598 704//598 703//598
f 727//599 705//599 704//599
f 727//600 706//600 705//600
f 727//601 707//601 706//601
f 727//602 708//602 707//602
f 727//603 709//603 708//603
f 727//604 710//604 709//604
f 726//605 710//605 727//605
f 726//606 711//606 710//606
f 725//607 711//607 726//607
f 725//608 712//608 711//608
f 724//609 712//609 725//609
f 724//610 713//610 712//610
f 723//611 713//611 724//611
f 723//612 714//612 713//612
f 722//613 714//613 723//613
f 722//614 715//614 714//614
f 721//615 715//615 722//615
f 721//616 716//616 715//616
f 720//617 716//617 721//617
f 720//618 717//618 716//618
f 719//619 717//619 720//619
f 719//620 718//620 717//620
f 786//621 788//621 787//621
f 786//622 789//622 788//622
f 785//623 789//623 786//623
f 784//624 789//624 785//624
f 784//625 790//625 789//625
f 783//626 790//626 784//626
f 782//627 790//627 783//627
f 781//628 790//628 782//628
f 781//629 791//629 790//629
f 780//630 791//630 781//630
f 779//631 791//631 780//631
f 778//632 829//632 779//632
f 829//633 828//633 779//633
f 828//634 827//634 779//634
f 827//635 791//635 779//635
f 827//636 792//636 791//636
f 827//637 793//637 792//637
f 827//638 826//638 793//638
f 826//639 794//639 793//639
f 826//640 795//640 794//640
f 826//641 796//641 795//641
f 826//642 852//642 796//642
f 852//643 851//643 796//643
f 851//644 797//644 796//644
f 850//645 797//645 851//645
f 778//646 830//646 829//646
f 778//647 831//647 830//647
f 849//648 797//648 850//648
f 848//649 797//649 849//649
f 848//650 798//650 797//650
f 847//651 798//651 848//651
f 846//652 798//652 847//652
f 846//653 799//653 798//653
f 845//654 799//654 846//654
f 845//655 800//655 799//655
f 844//656 800//656 845//656
f 844//657 801//657 800//657
f 843//658 801//658 844//658
f 842//659 801//659 843//659
f 842//660 802//660 801//660
f 841//661 802//661 842//661
f 840//662 802//662 841//662
f 840//663 803//663 802//663
f 839//664 803//664 840//664
f 838//665 803//665 839//665
f 838//666 804//666 803//666
f 837//667 804//667 838//667
f 778//668 832//668 831//668
f 778//669 833//669 832//669
f 836//670 804//670 837//670
f 778//671 834//671 833//671
f 778//672 835//672 834//672
f 778//673 759//673 835//673
f 759//674 758//674 835//674
f 758//675 757//675 835//675
f 757//676 836//676 835//676
f 757//677 804//677 836//677
f 757//678 805//678 804//678
f 757//679 756//679 805//679
f 756//680 806//680 805//680
f 756//681 807//681 806//681
f 756//682 808//682 807//682
f 756//683 809//683 808//683
f 756//684 810//684 809//684
f 756//685 811//685 810//685
f 756//686 812//686 811//686
f 756//687 813//687 812//687
f 756//688 814//688 813//688
f 756//689 815//689 814//689
f 756//690 816//690 815//690
f 756//691 755//691 816//691
f 755//692 754//692 816//692
f 754//693 753//693 816//693
f 753//694 752//694 816//694
f 752//695 817//695 816//695
f 751//696 817//696 752//696
f 778//697 760//697 759//697
f 750//698 817//698 751//698
f 778//699 761//699 760//699
f 750//700 818//700 817//700
f 750//701 819//701 818//701
f 777//702 761//702 778//702
f 777//703 762//703 761//703
f 750//704 820//704 819//704
f 776//705 762//705 777//705
f 776//706 763//706 762//706
f 750//707 821//707 820//707
f 749//708 821//708 750//708
f 749//709 822//709 821//709
f 775//710 763//710 776//710
f 775//711 764//711 763//711
f 774//712 764//712 775//712
f 774//713 765//713 764//713
f 748//714 822//714 749//714
f 748//715 823//715 822//715
f 773//716 765//716 774//716
f 773//717 766//717 765//717
f 747//718 823//718 748//718
f 747//719 824//719 823//719
f 772//720 766//720 773//720
f 772//721 767//721 766//721
f 771//722 767//722 772//722
f 771//723 768//723 767//723
f 746//724 824//724 747//724
f 746//725 825//725 824//725
f 770//726 768//726 771//726
f 770//727 769//727 768//727
f 869//728 871//728 870//728
f 869//729 872//729 871//729
f 868//730 872//730 869//730
f 868//731 873//731 872//731
f 867//732 873//732 868//732
f 867//733 874//733 873//733
f 866//734 874//734 867//734
f 866//735 875//735 874//735
f 865//736 875//736 866//736
f 865//737 876//737 875//737
f 865//738 877//738 876//738
f 864//739 877//739 865//739
f 864//740 878//740 877//740
f 863//741 878//741 864//741
f 863//742 879//742 878//742
f 862//743 879//743 863//743
f 861//744 879//744 862//744
f 861//745 880//745 879//745
f 860//746 880//746 861//746
f 860//747 881//747 880//747
f 859//748 881//748 860//748
f 859//749 882//749 881//749
f 858//750 882//750 859//750
f 858//751 883//751 882//751
f 857//752 883//752 858//752
f 857//753 884//753 883//753
f 856//754 884//754 857//754
f 856//755 885//755 884//755
f 855//756 885//756 856//756
f 855//757 886//757 885//757
f 854//758 886//758 855//758
f 854//759 887//759 886//759
f 853//760 887//760 854//760
f 853//761 888//761 887//761
f 921//762 923//762 922//762
f 921//763 924//763 923//763
f 920//764 924//764 921//764
f 920//765 925//765 924//765
f 919//766 925//766 920//766
f 919//767 926//767 925//767
f 918//768 926//768 919//768
f 918//769 927//769 926//769
f 917//770 954//770 918//770
f 954//771 953//771 918//771
f 953//772 927//772 918//772
f 953//773 952//773 927//773
f 952//774 951//774 927//774
f 951//775 950//775 927//775
f 950//776 949//776 927//776
f 949//777 948//777 927//777
f 948//778 928//778 927//778
f 917//779 955//779 954//779
f 947//780 928//780 948//780
f 917//781 937//781 955//781
f 946//782 928//782 947//782
f 917//783 938//783 937//783
f 945//784 928//784 946//784
f 917//785 939//785 938//785
f 944//786 928//786 945//786
f 917//787 940//787 939//787
f 943//788 928//788 944//788
f 917//789 941//789 940//789
f 942//790 928//790 943//790
f 917//791 901//791 941//791
f 901//792 900//792 941//792
f 900//793 942//793 941//793
f 900//794 899//794 942//794
f 899//795 898//795 942//795
f 898//796 897//796 942//796
f 897//797 896//797 942//797
f 896//798 928//798 942//798
f 917//799 902//799 901//799
f 895//800 928//800 896//800
f 917//801 903//801 902//801
f 894//802 928//802 895//802
f 917//803 904//803 903//803
f 893//804 928//804 894//804
f 916//805 904//805 917//805
f 893//806 929//806 928//806
f 893//807 930//807 929//807
f 893//808 931//808 930//808
f 915//809 904//809 916//809
f 893//810 932//810 931//810
f 915//811 905//811 904//811
f 892//812 932//812 893//812
f 892//813 933//813 932//813
f 914//814 905//814 915//814
f 914//815 906//815 905//815
f 891//816 933//816 892//816
f 913//817 906//817 914//817
f 891//818 934//818 933//818
f 912//819 906//819 913//819
f 912//820 907//820 906//820
f 890//821 934//821 891//821
f 890//822 935//822 934//822
f 911//823 907//823 912//823
f 910//824 907//824 911//824
f 910//825 908//825 907//825
f 889//826 935//826 890//826
f 889//827 936//827 935//827
f 909//828 908//828 910//828
f 972//829 974//829 973//829
f 972//830 975//830 974//830
f 971//831 975//831 972//831
f 971//832 976//832 975//832
f 970//833 976//833 971//833
f 970//834 977//834 976//834
f 969//835 977//835 970//835
f 969//836 978//836 977//836
f 968//837 978//837 969//837
f 968//838 979//838 978//838
f 968//839 980//839 979//839
f 967//840 980//840 968//840
f 967//841 981//841 980//841
f 966//842 981//842 967//842
f 966//843 982//843 981//843
f 965//844 982//844 966//844
f 964//845 982//845 965//845
f 964//846 983//846 982//846
f 964//847 984//847 983//847
f 964//848 985//848 984//848
f 964//849 986//849 985//849
f 964//850 987//850 986//850
f 964//851 988//851 987//851
f 964//852 989//852 988//852
f 964//853 990//853 989//853
f 964//854 991//854 990//854
f 964//855 992//855 991//855
f 964//856 993//856 992//856
f 964//857 994//857 993//857
f 964//858 995//858 994//858
f 964//859 996//859 995//859
f 964//860 997//860 996//860
f 963//861 997//861 964//861
f 963//862 998//862 997//862
f 962//863 998//863 963//863
f 962//864 999//864 998//864
f 961//865 999//865 962//865
f 961//866 1000//866 999//866
f 960//867 1000//867 961//867
f 960//868 1001//868 1000//868
f 959//869 1001//869 960//869
f 959//870 1002//870 1001//870
f 958//871 1002//871 959//871
f 958//872 1003//872 1002//872
f 957//873 1003//873 958//873
f 957//874 1004//874 1003//874
f 956//875 1004//875 957//875
f 956//876 1005//876 1004//876
f 1030//877 1032//877 1031//877
f 1030//878 1033//878 1032//878
f 1029//879 1033//879 1030//879
f 1029//880 1034//880 1033//880
f 1028//881 1034//881 1029//881
f 1028//882 1035//882 1034//882
f 1027//883 1035//883 1028//883
f 1027//884 1036//884 1035//884
f 1026//885 1036//885 1027//885
f 1026//886 1037//886 1036//886
f 1025//887 1037//887 1026//887
f 1025//888 1038//888 1037//888
f 1024//889 1038//889 1025//889
f 1024//890 1039//890 1038//890
f 1023//891 1064//891 1024//891
f 1064//892 1039//892 1024//892
f 1023//893 1065//893 1064//893
f 1063//894 1039//894 1064//894
f 1023//895 1066//895 1065//895
f 1062//896 1039//896 1063//896
f 1062//897 1040//897 1039//897
f 1023//898 1067//898 1066//898
f 1061//899 1040//899 1062//899
f 1022//900 1067//900 1023//900
f 1022//901 1068//901 1067//901
f 1060//902 1040//902 1061//902
f 1060//903 1041//903 1040//903
f 1022//904 1069//904 1068//904
f 1059//905 1041//905 1060//905
f 1021//906 1069//906 1022//906
f 1021//907 1070//907 1069//907
f 1058//908 1041//908 1059//908
f 1058//909 1042//909 1041//909
f 1020//910 1070//910 1021//910
f 1020//911 1071//911 1070//911
f 1057//912 1042//912 1058//912
f 1057//913 1043//913 1042//913
f 1019//914 1071//914 1020//914
f 1019//915 1072//915 1071//915
f 1056//916 1043//916 1057//916
f 1056//917 1044//917 1043//917
f 1056//918 1045//918 1044//918
f 1056//919 1046//919 1045//919
f 1019//920 1073//920 1072//920
f 1055//921 1046//921 1056//921
f 1055//922 1047//922 1046//922
f 1055//923 1048//923 1047//923
f 1018//924 1073//924 1019//924
f 1055//925 1049//925 1048//925
f 1054//926 1049//926 1055//926
f 1054//927 1050//927 1049//927
f 1054//928 1051//928 1050//928
f 1054//929 1052//929 1051//929
f 1053//930 1052//930 1054//930
f 1092//931 1094//931 1093//931
f 1091//932 1094//932 1092//932
f 1090//933 1094//933 1091//933
f 1090//934 1095//934 1094//934
f 1090//935 1096//935 1095//935
f 1090//936 1097//936 1096//936
f 1090//937 1098//937 1097//937
f 1017//938 1073//938 1018//938
f 1089//939 1098//939 1090//939
f 1089//940 1099//940 1098//940
f 1089//941 1100//941 1099//941
f 1089//942 1101//942 1100//942
f 1017//943 1074//943 1073//943
f 1088//944 1101//944 1089//944
f 1088//945 1102//945 1101//945
f 1088//946 1103//946 1102//946
f 1017//947 1075//947 1074//947
f 1087//948 1103//948 1088//948
f 1016//949 1075//949 1017//949
f 1087//950 1104//950 1103//950
f 1016//951 1076//951 1075//951
f 1086//952 1104//952 1087//952
f 1015//953 1076//953 1016//953
f 1086//954 1105//954 1104//954
f 1015//955 1077//955 1076//955
f 1085//956 1105//956 1086//956
f 1014//957 1077//957 1015//957
f 1014//958 1078//958 1077//958
f 1084//959 1105//959 1085//959
f 1084//960 1106//960 1105//960
f 1014//961 1079//961 1078//961
f 1083//962 1106//962 1084//962
f 1013//963 1079//963 1014//963
f 1013//964 1080//964 1079//964
f 1082//965 1106//965 1083//965
f 1082//966 1107//966 1106//966
f 1013//967 1081//967 1080//967
f 1081//968 1107//968 1082//968
f 1013//969 1107//969 1081//969
f 1012//970 1107//970 1013//970
f 1012//971 1108//971 1107//971
f 1011//972 1108//972 1012//972
f 1011//973 1109//973 1108//973
f 1010//974 1109//974 1011//974
f 1010//975 1110//975 1109//975
f 1009//976 1110//976 1010//976
f 1009//977 1111//977 1110//977
f 1008//978 1111//978 1009//978
f 1008//979 1112//979 1111//979
f 1007//980 1112//980 1008//980
f 1007//981 1113//981 1112//981
f 1006//982 1113//982 1007//982
f 1195//983 1197//983 1196//983
f 1195//984 1198//984 1197//984
f 1194//985 1198//985 1195//985
f 1194//986 1199//986 1198//986
f 1193//987 1199//987 1194//987
f 1193//988 1200//988 1199//988
f 1192//989 1200//989 1193//989
f 1192//990 1201//990 1200//990
f 1191//991 1201//991 1192//991
f 1191//992 1202//992 1201//992
f 1191//993 1203//993 1202//993
f 1190//994 1203//994 1191//994
f 1190//995 1204//995 1203//995
f 1189//996 1204//996 1190//996
f 1189//997 1205//997 1204//997
f 1188//998 1205//998 1189//998
f 1187//999 1126//999 1188//999
f 1126//1000 1125//1000 1188//1000
f 1125//1001 1124//1001 1188//1001
f 1124//1002 1205//1002 1188//1002
f 1124//1003 1123//1003 1205//1003
f 1123//1004 1114//1004 1205//1004
f 1123//1005 1115//1005 1114//1005
f 1123//1006 1116//1006 1115//1006
f 1123//1007 1117//1007 1116//1007
f 1123//1008 1118//1008 1117//1008
f 1123//1009 1119//1009 1118//1009
f 1123//1010 1120//1010 1119//1010
f 1123//1011 1121//1011 1120//1011
f 1123//1012 1122//1012 1121//1012
f 1187//1013 1127//1013 1126//1013
f 1187//1014 1128//1014 1127//1014
f 1187//1015 1129//1015 1128//1015
f 1187//1016 1130//1016 1129//1016
f 1187//1017 1131//1017 1130//1017
f 1187//1018 1132//1018 1131//1018
f 1187//1019 1154//1019 1132//1019
f 1154//1020 1153//1020 1132//1020
f 1153//1021 1152//1021 1132//1021
f 1152//1022 1133//1022 1132//1022
f 1152//1023 1134//1023 1133//1023
f 1152//1024 1135//1024 1134//1024
f 1152//1025 1136//1025 1135//1025
f 1152//1026 1137//1026 1136//1026
f 1152//1027 1138//1027 1137//1027
f 1152//1028 1139//1028 1138//1028
f 1152//1029 1140//1029 1139//1029
f 1152//1030 1141//1030 1140//1030
f 1152//1031 1151//1031 1141//1031
f 1151//1032 1142//1032 1141//1032
f 1151//1033 1143//1033 1142//1033
f 1151//1034 1144//1034 1143//1034
f 1151//1035 1145//1035 1144//1035
f 1151//1036 1146//1036 1145//1036
f 1151//1037 1147//1037 1146//1037
f 1151//1038 1148//1038 1147//1038
f 1151//1039 1149//1039 1148//1039
f 1151//1040 1150//1040 1149//1040
f 1187//1041 1155//1041 1154//1041
f 1187//1042 1156//1042 1155//1042
f 1187//1043 1157//1043 1156//1043
f 1187//1044 1158//1044 1157//1044
f 1187//1045 1159//1045 1158//1045
f 1187//1046 1160//1046 1159//1046
f 1187//1047 1161//1047 1160//1047
f 1187//1048 1162//1048 1161//1048
f 1187//1049 1163//1049 1162//1049
f 1187//1050 1164//1050 1163//1050
f 1187//1051 1165//1051 1164//1051
f 1187//1052 1166//1052 1165//1052
f 1187//1053 1167//1053 1166//1053
f 1187//1054 1168//1054 1167//1054
f 1187//1055 1169//1055 1168//1055
f 1187//1056 1170//1056 1169//1056
f 1186//1057 1170//1057 1187//1057
f 1186//1058 1171//1058 1170//1058
f 1185//1059 1171//1059 1186//1059
f 1185//1060 1172//1060 1171//1060
f 1184//1061 1172//1061 1185//1061
f 1184//1062 1173//1062 1172//1062
f 1183//1063 1173//1063 1184//1063
f 1183//1064 1174//1064 1173//1064
f 1182//1065 1174//1065 1183//1065
f 1182//1066 1175//1066 1174//1066
f 1181//1067 1175//1067 1182//1067
f 1181//1068 1176//1068 1175//1068
f 1180//1069 1176//1069 1181//1069
f 1180//1070 1177//1070 1176//1070
f 1179//1071 1177//1071 1180//1071
f 1179//1072 1178//1072 1177//1072
f 1246//1073 1247//1073 1248//1073
f 1246//1074 1248//1074 1249//1074
f 1245//1075 1246//1075 1249//1075
f 1244//1076 1245//1076 1249//1076
f 1244//1077 1249//1077 1250//1077
f 1243//1078 1244//1078 1250//1078
f 1242//1079 1243//1079 1250//1079
f 1241//1080 1242//1080 1250//1080
f 1241//1081 1250//1081 1251//1081
f 1240//1082 1241//1082 1251//1082
f 1239//1083 1240//1083 1251//1083
f 1238//1084 1239//1084 1289//1084
f 1289//1085 1239//1085 1288//1085
f 1288//1086 1239//1086 1287//1086
f 1287//1087 1239//1087 1251//1087
f 1287//1088 1251//1088 1252//1088
f 1287//1089 1252//1089 1253//1089
f 1287//1090 1253//1090 1286//1090
f 1286//1091 1253//1091 1254//1091
f 1286//1092 1254//1092 1255//1092
f 1286//1093 1255//1093 1256//1093
f 1286//1094 1256//1094 1312//1094
f 1312//1095 1256//1095 1311//1095
f 1311//1096 1256//1096 1257//1096
f 1310//1097 1311//1097 1257//1097
f 1238//1098 1289//1098 1290//1098
f 1238//1099 1290//1099 1291//1099
f 1309//1100 1310//1100 1257//1100
f 1308//1101 1309//1101 1257//1101
f 1308//1102 1257//1102 1258//1102
f 1307//1103 1308//1103 1258//1103
f 1306//1104 1307//1104 1258//1104
f 1306//1105 1258//1105 1259//1105
f 1305//1106 1306//1106 1259//1106
f 1305//1107 1259//1107 1260//1107
f 1304//1108 1305//1108 1260//1108
f 1304//1109 1260//1109 1261//1109
f 1303//1110 1304//1110 1261//1110
f 1302//1111 1303//1111 1261//1111
f 1302//1112 1261//1112 1262//1112
f 1301//1113 1302//1113 1262//1113
f 1300//1114 1301//1114 1262//1114
f 1300//1115 1262//1115 1263//1115
f 1299//1116 1300//1116 1263//1116
f 1298//1117 1299//1117 1263//1117
f 1298//1118 1263//1118 1264//1118
f 1297//1119 1298//1119 1264//1119
f 1238//1120 1291//1120 1292//1120
f 1238//1121 1292//1121 1293//1121
f 1296//1122 1297//1122 1264//1122
f 1238//1123 1293//1123 1294//1123
f 1238//1124 1294//1124 1295//1124
f 1238//1125 1295//1125 1219//1125
f 1219//1126 1295//1126 1218//1126
f 1218//1127 1295//1127 1217//1127
f 1217//1128 1295//1128 1296//1128
f 1217//1129 1296//1129 1264//1129
f 1217//1130 1264//1130 1265//1130
f 1217//1131 1265//1131 1216//1131
f 1216//1132 1265//1132 1266//1132
f 1216//1133 1266//1133 1267//1133
f 1216//1134 1267//1134 1268//1134
f 1216//1135 1268//1135 1269//1135
f 1216//1136 1269//1136 1270//1136
f 1216//1137 1270//1137 1271//1137
f 1216//1138 1271//1138 1272//1138
f 1216//1139 1272//1139 1273//1139
f 1216//1140 1273//1140 1274//1140
f 1216//1141 1274//1141 1275//1141
f 1216//1142 1275//1142 1276//1142
f 1216//1143 1276//1143 1215//1143
f 1215//1144 1276//1144 1214//1144
f 1214//1145 1276//1145 1213//1145
f 1213//1146 1276//1146 1212//1146
f 1212//1147 1276//1147 1277//1147
f 1211//1148 1212//1148 1277//1148
f 1238//1149 1219//1149 1220//1149
f 1210//1150 1211//1150 1277//1150
f 1238//1151 1220//1151 1221//1151
f 1210//1152 1277//1152 1278//1152
f 1210//1153 1278//1153 1279//1153
f 1237//1154 1238//1154 1221//1154
f 1237//1155 1221//1155 1222//1155
f 1210//1156 1279//1156 1280//1156
f 1236//1157 1237//1157 1222//1157
f 1236//1158 1222//1158 1223//1158
f 1210//1159 1280//1159 1281//1159
f 1209//1160 1210//1160 1281//1160
f 1209//1161 1281//1161 1282//1161
f 1235//1162 1236//1162 1223//1162
f 1235//1163 1223//1163 1224//1163
f 1234//1164 1235//1164 1224//1164
f 1234//1165 1224//1165 1225//1165
f 1208//1166 1209//1166 1282//1166
f 1208//1167 1282//1167 1283//1167
f 1233//1168 1234//1168 1225//1168
f 1233//1169 1225//1169 1226//1169
f 1207//1170 1208//1170 1283//1170
f 1207//1171 1283//1171 1284//1171
f 1232//1172 1233//1172 1226//1172
f 1232//1173 1226//1173 1227//1173
f 1231//1174 1232//1174 1227//1174
f 1231//1175 1227//1175 1228//1175
f 1206//1176 1207//1176 1284//1176
f 1206//1177 1284//1177 1285//1177
f 1230//1178 1231//1178 1228//1178
f 1230//1179 1228//1179 1229//1179
f 1333//1180 1334//1180 1335//1180
f 1333//1181 1335//1181 1336//1181
f 1368//1182 1369//1182 1370//1182
f 1368//1183 1370//1183 1371//1183
f 1332//1184 1333//1184 1336//1184
f 1332//1185 1336//1185 1337//1185
f 1367//1186 1368//1186 1371//1186
f 1367//1187 1371//1187 1372//1187
f 1331//1188 1332//1188 1337//1188
f 1331//1189 1337//1189 1338//1189
f 1366//1190 1367//1190 1372//1190
f 1366//1191 1372//1191 1373//1191
f 1330//1192 1331//1192 1338//1192
f 1330//1193 1338//1193 1339//1193
f 1365//1194 1366//1194 1373//1194
f 1365//1195 1373//1195 1374//1195
f 1329//1196 1330//1196 1339//1196
f 1329//1197 1339//1197 1340//1197
f 1364//1198 1365//1198 1374//1198
f 1364//1199 1374//1199 1375//1199
f 1329//1200 1340//1200 1341//1200
f 1364//1201 1375//1201 1376//1201
f 1328//1202 1329//1202 1341//1202
f 1363//1203 1364//1203 1376//1203
f 1328//1204 1341//1204 1342//1204
f 1363//1205 1376//1205 1377//1205
f 1327//1206 1328//1206 1342//1206
f 1362//1207 1363//1207 1377//1207
f 1327//1208 1342//1208 1343//1208
f 1362//1209 1377//1209 1378//1209
f 1326//1210 1327//1210 1343//1210
f 1361//1211 1362//1211 1378//1211
f 1325//1212 1326//1212 1343//1212
f 1325//1213 1343//1213 1344//1213
f 1360//1214 1361//1214 1378//1214
f 1360//1215 1378//1215 1379//1215
f 1324//1216 1325//1216 1344//1216
f 1360//1217 1379//1217 1380//1217
f 1324//1218 1344//1218 1345//1218
f 1359//1219 1360//1219 1380//1219
f 1324//1220 1345//1220 1346//1220
f 1358//1221 1359//1221 1380//1221
f 1323//1222 1324//1222 1346//1222
f 1358//1223 1380//1223 1381//1223
f 1323//1224 1346//1224 1347//1224
f 1357//1225 1358//1225 1381//1225
f 1322//1226 1323//1226 1347//1226
f 1357//1227 1381//1227 1382//1227
f 1322//1228 1347//1228 1348//1228
f 1356//1229 1357//1229 1382//1229
f 1321//1230 1322//1230 1348//1230
f 1356//1231 1382//1231 1383//1231
f 1321//1232 1348//1232 1349//1232
f 1355//1233 1356//1233 1383//1233
f 1321//1234 1349//1234 1350//1234
f 1354//1235 1355//1235 1383//1235
f 1320//1236 1321//1236 1350//1236
f 1354//1237 1383//1237 1384//1237
f 1320//1238 1350//1238 1351//1238
f 1353//1239 1354//1239 1384//1239
f 1320//1240 1351//1240 1352//1240
f 1352//1241 1353//1241 1384//1241
f 1320//1242 1352//1242 1384//1242
f 1319//1243 1320//1243 1384//1243
f 1319//1244 1384//1244 1385//1244
f 1318//1245 1319//1245 1385//1245
f 1318//1246 1385//1246 1386//1246
f 1317//1247 1318//1247 1386//1247
f 1317//1248 1386//1248 1387//1248
f 1316//1249 1317//1249 1387//1249
f 1316//1250 1387//1250 1388//1250
f 1315//1251 1316//1251 1388//1251
f 1315//1252 1388//1252 1389//1252
f 1315//1253 1389//1253 1390//1253
f 1314//1254 1315//1254 1390//1254
f 1314//1255 1390//1255 1313//1255
f 1472//1256 1473//1256 1474//1256
f 1472//1257 1474//1257 1475//1257
f 1471//1258 1472//1258 1475//1258
f 1471//1259 1475//1259 1476//1259
f 1470//1260 1471//1260 1476//1260
f 1470//1261 1476//1261 1477//1261
f 1469//1262 1470//1262 1477//1262
f 1469//1263 1477//1263 1478//1263
f 1468//1264 1469//1264 1478//1264
f 1468//1265 1478//1265 1479//1265
f 1468//1266 1479//1266 1480//1266
f 1467//1267 1468//1267 1480//1267
f 1467//1268 1480//1268 1481//1268
f 1466//1269 1467//1269 1481//1269
f 1466//1270 1481//1270 1482//1270
f 1465//1271 1466//1271 1482//1271
f 1464//1272 1465//1272 1403//1272
f 1403//1273 1465//1273 1402//1273
f 1402//1274 1465//1274 1401//1274
f 1401//1275 1465//1275 1482//1275
f 1401//1276 1482//1276 1400//1276
f 1400//1277 1482//1277 1391//1277
f 1400//1278 1391//1278 1392//1278
f 1400//1279 1392//1279 1393//1279
f 1400//1280 1393//1280 1394//1280
f 1400//1281 1394//1281 1395//1281
f 1400//1282 1395//1282 1396//1282
f 1400//1283 1396//1283 1397//1283
f 1400//1284 1397//1284 1398//1284
f 1400//1285 1398//1285 1399//1285
f 1464//1286 1403//1286 1404//1286
f 1464//1287 1404//1287 1405//1287
f 1464//1288 1405//1288 1406//1288
f 1464//1289 1406//1289 1407//1289
f 1464//1290 1407//1290 1408//1290
f 1464//1291 1408//1291 1409//1291
f 1464//1292 1409//1292 1431//1292
f 1431//1293 1409//1293 1430//1293
f 1430//1294 1409//1294 1429//1294
f 1429//1295 1409//1295 1410//1295
f 1429//1296 1410//1296 1411//1296
f 1429//1297 1411//1297 1412//1297
f 1429//1298 1412//1298 1413//1298
f 1429//1299 1413//1299 1414//1299
f 1429//1300 1414//1300 1415//1300
f 1429//1301 1415//1301 1416//1301
f 1429//1302 1416//1302 1417//1302
f 1429//1303 1417//1303 1418//1303
f 1429//1304 1418//1304 1428//1304
f 1428//1305 1418//1305 1419//1305
f 1428//1306 1419//1306 1420//1306
f 1428//1307 1420//1307 1421//1307
f 1428//1308 1421//1308 1422//1308
f 1428//1309 1422//1309 1423//1309
f 1428//1310 1423//1310 1424//1310
f 1428//1311 1424//1311 1425//1311
f 1428//1312 1425//1312 1426//1312
f 1428//1313 1426//1313 1427//1313
f 1464//1314 1431//1314 1432//1314
f 1464//1315 1432//1315 1433//1315
f 1464//1316 1433//1316 1434//1316
f 1464//1317 1434//1317 1435//1317
f 1464//1318 1435//1318 1436//1318
f 1464//1319 1436//1319 1437//1319
f 1464//1320 1437//1320 1438//1320
f 1464//1321 1438//1321 1439//1321
f 1464//1322 1439//1322 1440//1322
f 1464//1323 1440//1323 1441//1323
f 1464//1324 1441//1324 1442//1324
f 1464//1325 1442//1325 1443//1325
f 1464//1326 1443//1326 1444//1326
f 1464//1327 1444//1327 1445//1327
f 1464//1328 1445//1328 1446//1328
f 1464//1329 1446//1329 1447//1329
f 1463//1330 1464//1330 1447//1330
f 1463//1331 1447//1331 1448//1331
f 1462//1332 1463//1332 1448//1332
f 1462//1333 1448//1333 1449//1333
f 1461//1334 1462//1334 1449//1334
f 1461//1335 1449//1335 1450//1335
f 1460//1336 1461//1336 1450//1336
f 1460//1337 1450//1337 1451//1337
f 1459//1338 1460//1338 1451//1338
f 1459//1339 1451//1339 1452//1339
f 1458//1340 1459//1340 1452//1340
f 1458//1341 1452//1341 1453//1341
f 1457//1342 1458//1342 1453//1342
f 1457//1343 1453//1343 1454//1343
f 1456//1344 1457//1344 1454//1344
f 1456//1345 1454//1345 1455//1345
f 1523//1346 1524//1346 1525//1346
f 1523//1347 1525//1347 1526//1347
f 1522//1348 1523//1348 1526//1348
f 1521//1349 1522//1349 1526//1349
f 1521//1350 1526//1350 1527//1350
f 1520//1351 1521//1351 1527//1351
f 1519//1352 1520//1352 1527//1352
f 1518//1353 1519//1353 1527//1353
f 1518//1354 1527//1354 1528//1354
f 1517//1355 1518//1355 1528//1355
f 1516//1356 1517//1356 1528//1356
f 1515//1357 1516//1357 1566//1357
f 1566//1358 1516//1358 1565//1358
f 1565//1359 1516//1359 1564//1359
f 1564//1360 1516//1360 1528//1360
f 1564//1361 1528//1361 1529//1361
f 1564//1362 1529//1362 1530//1362
f 1564//1363 1530//1363 1563//1363
f 1563//1364 1530//1364 1531//1364
f 1563//1365 1531//1365 1532//1365
f 1563//1366 1532//1366 1533//1366
f 1563//1367 1533//1367 1589//1367
f 1589//1368 1533//1368 1588//1368
f 1588//1369 1533//1369 1534//1369
f 1587//1370 1588//1370 1534//1370
f 1515//1371 1566//1371 1567//1371
f 1515//1372 1567//1372 1568//1372
f 1586//1373 1587//1373 1534//1373
f 1585//1374 1586//1374 1534//1374
f 1585//1375 1534//1375 1535//1375
f 1584//1376 1585//1376 1535//1376
f 1583//1377 1584//1377 1535//1377
f 1583//1378 1535//1378 1536//1378
f 1582//1379 1583//1379 1536//1379
f 1582//1380 1536//1380 1537//1380
f 1581//1381 1582//1381 1537//1381
f 1581//1382 1537//1382 1538//1382
f 1580//1383 1581//1383 1538//1383
f 1579//1384 1580//1384 1538//1384
f 1579//1385 1538//1385 1539//1385
f 1578//1386 1579//1386 1539//1386
f 1577//1387 1578//1387 1539//1387
f 1577//1388 1539//1388 1540//1388
f 1576//1389 1577//1389 1540//1389
f 1575//1390 1576//1390 1540//1390
f 1575//1391 1540//1391 1541//1391
f 1574//1392 1575//1392 1541//1392
f 1515//1393 1568//1393 1569//1393
f 1515//1394 1569//1394 1570//1394
f 1573//1395 1574//1395 1541//1395
f 1515//1396 1570//1396 1571//1396
f 1515//1397 1571//1397 1572//1397
f 1515//1398 1572//1398 1496//1398
f 1496//1399 1572//1399 1495//1399
f 1495//1400 1572//1400 1494//1400
f 1494//1401 1572//1401 1573//1401
f 1494//1402 1573//1402 1541//1402
f 1494//1403 1541//1403 1542//1403
f 1494//1404 1542//1404 1493//1404
f 1493//1405 1542//1405 1543//1405
f 1493//1406 1543//1406 1544//1406
f 1493//1407 1544//1407 1545//1407
f 1493//1408 1545//1408 1546//1408
f 1493//1409 1546//1409 1547//1409
f 1493//1410 1547//1410 1548//1410
f 1493//1411 1548//1411 1549//1411
f 1493//1412 1549//1412 1550//1412
f 1493//1413 1550//1413 1551//1413
f 1493//1414 1551//1414 1552//1414
f 1493//1415 1552//1415 1553//1415
f 1493//1416 1553//1416 1492//1416
f 1492//1417 1553//1417 1491//1417
f 1491//1418 1553//1418 1490//1418
f 1490//1419 1553//1419 1489//1419
f 1489//1420 1553//1420 1554//1420
f 1488//1421 1489//1421 1554//1421
f 1515//1422 1496//1422 1497//1422
f 1487//1423 1488//1423 1554//1423
f 1515//1424 1497//1424 1498//1424
f 1487//1425 1554//1425 1555//1425
f 1487//1426 1555//1426 1556//1426
f 1514//1427 1515//1427 1498//1427
f 1514//1428 1498//1428 1499//1428
f 1487//1429 1556//1429 1557//1429
f 1513//1430 1514//1430 1499//1430
f 1513//1431 1499//1431 1500//1431
f 1487//1432 1557//1432 1558//1432
f 1486//1433 1487//1433 1558//1433
f 1486//1434 1558//1434 1559//1434
f 1512//1435 1513//1435 1500//1435
f 1512//1436 1500//1436 1501//1436
f 1511//1437 1512//1437 1501//1437
f 1511//1438 1501//1438 1502//1438
f 1485//1439 1486//1439 1559//1439
f 1485//1440 1559//1440 1560//1440
f 1510//1441 1511//1441 1502//1441
f 1510//1442 1502//1442 1503//1442
f 1484//1443 1485//1443 1560//1443
f 1484//1444 1560//1444 1561//1444
f 1509//1445 1510//1445 1503//1445
f 1509//1446 1503//1446 1504//1446
f 1508//1447 1509//1447 1504//1447
f 1508//1448 1504//1448 1505//1448
f 1483//1449 1484//1449 1561//1449
f 1483//1450 1561//1450 1562//1450
f 1507//1451 1508//1451 1505//1451
f 1507//1452 1505//1452 1506//1452
f 1606//1453 1607//1453 1608//1453
f 1606//1454 1608//1454 1609//1454
f 1605//1455 1606//1455 1609//1455
f 1605//1456 1609//1456 1610//1456
f 1604//1457 1605//1457 1610//1457
f 1604//1458 1610//1458 1611//1458
f 1603//1459 1604//1459 1611//1459
f 1603//1460 1611//1460 1612//1460
f 1602//1461 1603//1461 1612//1461
f 1602//1462 1612//1462 1613//1462
f 1602//1463 1613//1463 1614//1463
f 1601//1464 1602//1464 1614//1464
f 1601//1465 1614//1465 1615//1465
f 1600//1466 1601//1466 1615//1466
f 1600//1467 1615//1467 1616//1467
f 1599//1468 1600//1468 1616//1468
f 1598//1469 1599//1469 1616//1469
f 1598//1470 1616//1470 1617//1470
f 1597//1471 1598//1471 1617//1471
f 1597//1472 1617//1472 1618//1472
f 1596//1473 1597//1473 1618//1473
f 1596//1474 1618//1474 1619//1474
f 1595//1475 1596//1475 1619//1475
f 1595//1476 1619//1476 1620//1476
f 1594//1477 1595//1477 1620//1477
f 1594//1478 1620//1478 1621//1478
f 1593//1479 1594//1479 1621//1479
f 1593//1480 1621//1480 1622//1480
f 1592//1481 1593//1481 1622//1481
f 1592//1482 1622//1482 1623//1482
f 1591//1483 1592//1483 1623//1483
f 1591//1484 1623//1484 1624//1484
f 1590//1485 1591//1485 1624//1485
f 1590//1486 1624//1486 1625//1486
f 1658//1487 1659//1487 1660//1487
f 1658//1488 1660//1488 1661//1488
f 1657//1489 1658//1489 1661//1489
f 1657//1490 1661//1490 1662//1490
f 1656//1491 1657//1491 1662//1491
f 1656//1492 1662//1492 1663//1492
f 1655//1493 1656//1493 1663//1493
f 1655//1494 1663//1494 1664//1494
f 1654//1495 1655//1495 1691//1495
f 1691//1496 1655//1496 1690//1496
f 1690//1497 1655//1497 1664//1497
f 1690//1498 1664//1498 1689//1498
f 1689//1499 1664//1499 1688//1499
f 1688//1500 1664//1500 1687//1500
f 1687//1501 1664//1501 1686//1501
f 1686//1502 1664//1502 1685//1502
f 1685//1503 1664//1503 1665//1503
f 1654//1504 1691//1504 1692//1504
f 1684//1505 1685//1505 1665//1505
f 1654//1506 1692//1506 1674//1506
f 1683//1507 1684//1507 1665//1507
f 1654//1508 1674//1508 1675//1508
f 1682//1509 1683//1509 1665//1509
f 1654//1510 1675//1510 1676//1510
f 1681//1511 1682//1511 1665//1511
f 1654//1512 1676//1512 1677//1512
f 1680//1513 1681//1513 1665//1513
f 1654//1514 1677//1514 1678//1514
f 1679//1515 1680//1515 1665//1515
f 1654//1516 1678//1516 1638//1516
f 1638//1517 1678//1517 1637//1517
f 1637//1518 1678//1518 1679//1518
f 1637//1519 1679//1519 1636//1519
f 1636//1520 1679//1520 1635//1520
f 1635//1521 1679//1521 1634//1521
f 1634//1522 1679//1522 1633//1522
f 1633//1523 1679//1523 1665//1523
f 1654//1524 1638//1524 1639//1524
f 1632//1525 1633//1525 1665//1525
f 1654//1526 1639//1526 1640//1526
f 1631//1527 1632//1527 1665//1527
f 1654//1528 1640//1528 1641//1528
f 1630//1529 1631//1529 1665//1529
f 1653//1530 1654//1530 1641//1530
f 1630//1531 1665//1531 1666//1531
f 1630//1532 1666//1532 1667//1532
f 1630//1533 1667//1533 1668//1533
f 1652//1534 1653//1534 1641//1534
f 1630//1535 1668//1535 1669//1535
f 1652//1536 1641//1536 1642//1536
f 1629//1537 1630//1537 1669//1537
f 1629//1538 1669//1538 1670//1538
f 1651//1539 1652//1539 1642//1539
f 1651//1540 1642//1540 1643//1540
f 1628//1541 1629//1541 1670//1541
f 1650//1542 1651//1542 1643//1542
f 1628//1543 1670//1543 1671//1543
f 1649//1544 1650//1544 1643//1544
f 1649//1545 1643//1545 1644//1545
f 1627//1546 1628//1546 1671//1546
f 1627//1547 1671//1547 1672//1547
f 1648//1548 1649//1548 1644//1548
f 1647//1549 1648//1549 1644//1549
f 1647//1550 1644//1550 1645//1550
f 1626//1551 1627//1551 1672//1551
f 1626//1552 1672//1552 1673//1552
f 1646//1553 1647//1553 1645//1553
f 1709//1554 1710//1554 1711//1554
f 1709//1555 1711//1555 1712//1555
f 1708//1556 1709//1556 1712//1556
f 1708//1557 1712//1557 1713//1557
f 1707//1558 1708//1558 1713//1558
f 1707//1559 1713//1559 1714//1559
f 1706//1560 1707//1560 1714//1560
f 1706//1561 1714//1561 1715//1561
f 1705//1562 1706//1562 1715//1562
f 1705//1563 1715//1563 1716//1563
f 1705//1564 1716//1564 1717//1564
f 1704//1565 1705//1565 1717//1565
f 1704//1566 1717//1566 1718//1566
f 1703//1567 1704//1567 1718//1567
f 1703//1568 1718//1568 1719//1568
f 1702//1569 1703//1569 1719//1569
f 1701//1570 1702//1570 1719//1570
f 1701//1571 1719//1571 1720//1571
f 1701//1572 1720//1572 1721//1572
f 1701//1573 1721//1573 1722//1573
f 1701//1574 1722//1574 1723//1574
f 1701//1575 1723//1575 1724//1575
f 1701//1576 1724//1576 1725//1576
f 1701//1577 1725//1577 1726//1577
f 1701//1578 1726//1578 1727//1578
f 1701//1579 1727//1579 1728//1579
f 1701//1580 1728//1580 1729//1580
f 1701//1581 1729//1581 1730//1581
f 1701//1582 1730//1582 1731//1582
f 1701//1583 1731//1583 1732//1583
f 1701//1584 1732//1584 1733//1584
f 1701//1585 1733//1585 1734//1585
f 1700//1586 1701//1586 1734//1586
f 1700//1587 1734//1587 1735//1587
f 1699//1588 1700//1588 1735//1588
f 1699//1589 1735//1589 1736//1589
f 1698//1590 1699//1590 1736//1590
f 1698//1591 1736//1591 1737//1591
f 1697//1592 1698//1592 1737//1592
f 1697//1593 1737//1593 1738//1593
f 1696//1594 1697//1594 1738//1594
f 1696//1595 1738//1595 1739//1595
f 1695//1596 1696//1596 1739//1596
f 1695//1597 1739//1597 1740//1597
f 1694//1598 1695//1598 1740//1598
f 1694//1599 1740//1599 1741//1599
f 1693//1600 1694//1600 1741//1600
f 1693//1601 1741//1601 1742//1601
f 1767//1602 1768//1602 1769//1602
f 1767//1603 1769//1603 1770//1603
f 1766//1604 1767//1604 1770//1604
f 1766//1605 1770//1605 1771//1605
f 1765//1606 1766//1606 1771//1606
f 1765//1607 1771//1607 1772//1607
f 1764//1608 1765//1608 1772//1608
f 1764//1609 1772//1609 1773//1609
f 1763//1610 1764//1610 1773//1610
f 1763//1611 1773//1611 1774//1611
f 1762//1612 1763//1612 1774//1612
f 1762//1613 1774//1613 1775//1613
f 1761//1614 1762//1614 1775//1614
f 1761//1615 1775//1615 1776//1615
f 1760//1616 1761//1616 1801//1616
f 1801//1617 1761//1617 1776//1617
f 1760//1618 1801//1618 1802//1618
f 1800//1619 1801//1619 1776//1619
f 1760//1620 1802//1620 1803//1620
f 1799//1621 1800//1621 1776//1621
f 1799//1622 1776//1622 1777//1622
f 1760//1623 1803//1623 1804//1623
f 1798//1624 1799//1624 1777//1624
f 1759//1625 1760//1625 1804//1625
f 1759//1626 1804//1626 1805//1626
f 1797//1627 1798//1627 1777//1627
f 1797//1628 1777//1628 1778//1628
f 1759//1629 1805//1629 1806//1629
f 1796//1630 1797//1630 1778//1630
f 1758//1631 1759//1631 1806//1631
f 1758//1632 1806//1632 1807//1632
f 1795//1633 1796//1633 1778//1633
f 1795//1634 1778//1634 1779//1634
f 1757//1635 1758//1635 1807//1635
f 1757//1636 1807//1636 1808//1636
f 1794//1637 1795//1637 1779//1637
f 1794//1638 1779//1638 1780//1638
f 1756//1639 1757//1639 1808//1639
f 1756//1640 1808//1640 1809//1640
f 1793//1641 1794//1641 1780//1641
f 1793//1642 1780//1642 1781//1642
f 1793//1643 1781//1643 1782//1643
f 1793//1644 1782//1644 1783//1644
f 1756//1645 1809//1645 1810//1645
f 1792//1646 1793//1646 1783//1646
f 1792//1647 1783//1647 1784//1647
f 1792//1648 1784//1648 1785//1648
f 1755//1649 1756//1649 1810//1649
f 1792//1650 1785//1650 1786//1650
f 1791//1651 1792//1651 1786//1651
f 1791//1652 1786//1652 1787//1652
f 1791//1653 1787//1653 1788//1653
f 1791//1654 1788//1654 1789//1654
f 1790//1655 1791//1655 1789//1655
f 1829//1656 1830//1656 1831//1656
f 1828//1657 1829//1657 1831//1657
f 1827//1658 1828//1658 1831//1658
f 1827//1659 1831//1659 1832//1659
f 1827//1660 1832//1660 1833//1660
f 1827//1661 1833//1661 1834//1661
f 1827//1662 1834//1662 1835//1662
f 1754//1663 1755//1663 1810//1663
f 1826//1664 1827//1664 1835//1664
f 1826//1665 1835//1665 1836//1665
f 1826//1666 1836//1666 1837//1666
f 1826//1667 1837//1667 1838//1667
f 1754//1668 1810//1668 1811//1668
f 1825//1669 1826//1669 1838//1669
f 1825//1670 1838//1670 1839//1670
f 1825//1671 1839//1671 1840//1671
f 1754//1672 1811//1672 1812//1672
f 1824//1673 1825//1673 1840//1673
f 1753//1674 1754//1674 1812//1674
f 1824//1675 1840//1675 1841//1675
f 1753//1676 1812//1676 1813//1676
f 1823//1677 1824//1677 1841//1677
f 1752//1678 1753//1678 1813//1678
f 1823//1679 1841//1679 1842//1679
f 1752//1680 1813//1680 1814//1680
f 1822//1681 1823//1681 1842//1681
f 1751//1682 1752//1682 1814//1682
f 1751//1683 1814//1683 1815//1683
f 1821//1684 1822//1684 1842//1684
f 1821//1685 1842//1685 1843//1685
f 1751//1686 1815//1686 1816//1686
f 1820//1687 1821//1687 1843//1687
f 1750//1688 1751//1688 1816//1688
f 1750//1689 1816//1689 1817//1689
f 1819//1690 1820//1690 1843//1690
f 1819//1691 1843//1691 1844//1691
f 1750//1692 1817//1692 1818//1692
f 1818//1693 1819//1693 1844//1693
f 1750//1694 1818//1694 1844//1694
f 1749//1695 1750//1695 1844//1695
f 1749//1696 1844//1696 1845//1696
f 1748//1697 1749//1697 1845//1697
f 1748//1698 1845//1698 1846//1698
f 1747//1699 1748//1699 1846//1699
f 1747//1700 1846//1700 1847//1700
f 1746//1701 1747//1701 1847//1701
f 1746//1702 1847//1702 1848//1702
f 1745//1703 1746//1703 1848//1703
f 1745//1704 1848//1704 1849//1704
f 1744//1705 1745//1705 1849//1705
f 1744//1706 1849//1706 1850//1706
f 1743//1707 1744//1707 1850//1707
f 1932//1708 1933//1708 1934//1708
f 1932//1709 1934//1709 1935//1709
f 1931//1710 1932//1710 1935//1710
f 1931//1711 1935//1711 1936//1711
f 1930//1712 1931//1712 1936//1712
f 1930//1713 1936//1713 1937//1713
f 1929//1714 1930//1714 1937//1714
f 1929//1715 1937//1715 1938//1715
f 1928//1716 1929//1716 1938//1716
f 1928//1717 1938//1717 1939//1717
f 1928//1718 1939//1718 1940//1718
f 1927//1719 1928//1719 1940//1719
f 1927//1720 1940//1720 1941//1720
f 1926//1721 1927//1721 1941//1721
f 1926//1722 1941//1722 1942//1722
f 1925//1723 1926//1723 1942//1723
f 1924//1724 1925//1724 1863//1724
f 1863//1725 1925//1725 1862//1725
f 1862//1726 1925//1726 1861//1726
f 1861//1727 1925//1727 1942//1727
f 1861//1728 1942//1728 1860//1728
f 1860//1729 1942//1729 1851//1729
f 1860//1730 1851//1730 1852//1730
f 1860//1731 1852//1731 1853//1731
f 1860//1732 1853//1732 1854//1732
f 1860//1733 1854//1733 1855//1733
f 1860//1734 1855//1734 1856//1734
f 1860//1735 1856//1735 1857//1735
f 1860//1736 1857//1736 1858//1736
f 1860//1737 1858//1737 1859//1737
f 1924//1738 1863//1738 1864//1738
f 1924//1739 1864//1739 1865//1739
f 1924//1740 1865//1740 1866//1740
f 1924//1741 1866//1741 1867//1741
f 1924//1742 1867//1742 1868//1742
f 1924//1743 1868//1743 1869//1743
f 1924//1744 1869//1744 1891//1744
f 1891//1745 1869//1745 1890//1745
f 1890//1746 1869//1746 1889//1746
f 1889//1747 1869//1747 1870//1747
f 1889//1748 1870//1748 1871//1748
f 1889//1749 1871//1749 1872//1749
f 1889//1750 1872//1750 1873//1750
f 1889//1751 1873//1751 1874//1751
f 1889//1752 1874//1752 1875//1752
f 1889//1753 1875//1753 1876//1753
f 1889//1754 1876//1754 1877//1754
f 1889//1755 1877//1755 1878//1755
f 1889//1756 1878//1756 1888//1756
f 1888//1757 1878//1757 1879//1757
f 1888//1758 1879//1758 1880//1758
f 1888//1759 1880//1759 1881//1759
f 1888//1760 1881//1760 1882//1760
f 1888//1761 1882//1761 1883//1761
f 1888//1762 1883//1762 1884//1762
f 1888//1763 1884//1763 1885//1763
f 1888//1764 1885//1764 1886//1764
f 1888//1765 1886//1765 1887//1765
f 1924//1766 1891//1766 1892//1766
f 1924//1767 1892//1767 1893//1767
f 1924//1768 1893//1768 1894//1768
f 1924//1769 1894//1769 1895//1769
f 1924//1770 1895//1770 1896//1770
f 1924//1771 1896//1771 1897//1771
f 1924//1772 1897//1772 1898//1772
f 1924//1773 1898//1773 1899//1773
f 1924//1774 1899//1774 1900//1774
f 1924//1775 1900//1775 1901//1775
f 1924//1776 1901//1776 1902//1776
f 1924//1777 1902//1777 1903//1777
f 1924//1778 1903//1778 1904//1778
f 1924//1779 1904//1779 1905//1779
f 1924//1780 1905//1780 1906//1780
f 1924//1781 1906//1781 1907//1781
f 1923//1782 1924//1782 1907//1782
f 1923//1783 1907//1783 1908//1783
f 1922//1784 1923//1784 1908//1784
f 1922//1785 1908//1785 1909//1785
f 1921//1786 1922//1786 1909//1786
f 1921//1787 1909//1787 1910//1787
f 1920//1788 1921//1788 1910//1788
f 1920//1789 1910//1789 1911//1789
f 1919//1790 1920//1790 1911//1790
f 1919//1791 1911//1791 1912//1791
f 1918//1792 1919//1792 1912//1792
f 1918//1793 1912//1793 1913//1793
f 1917//1794 1918//1794 1913//1794
f 1917//1795 1913//1795 1914//1795
f 1916//1796 1917//1796 1914//1796
f 1916//1797 1914//1797 1915//1797
f 1946//1798 1943//1798 1944//1798
f 1948//1799 1945//1799 1946//1799
f 1950//1800 1947//1800 1948//1800
f 1952//1801 1949//1801 1950//1801
f 1954//1802 1951//1802 1952//1802
f 1956//1803 1953//1803 1954//1803
f 1958//1804 1955//1804 1956//1804
f 1960//1805 1957//1805 1958//1805
f 1962//1806 1959//1806 1960//1806
f 1964//1807 1961//1807 1962//1807
f 1966//1808 1963//1808 1964//1808
f 1968//1809 1965//1809 1966//1809
f 1970//1810 1967//1810 1968//1810
f 1972//1811 1969//1811 1970//1811
f 1974//1812 1971//1812 1972//1812
f 1976//1813 1973//1813 1974//1813
f 1978//1814 1975//1814 1976//1814
f 1980//1815 1977//1815 1978//1815
f 1982//1816 1979//1816 1980//1816
f 1984//1817 1981//1817 1982//1817
f 1986//1818 1983//1818 1984//1818
f 1988//1819 1985//1819 1986//1819
f 1990//1820 1987//1820 1988//1820
f 1992//1821 1989//1821 1990//1821
f 1994//1822 1991//1822 1992//1822
f 1996//1823 1993//1823 1994//1823
f 1998//1824 1995//1824 1996//1824
f 2000//1825 1997//1825 1998//1825
f 2002//1826 1999//1826 2000//1826
f 2004//1827 2001//1827 2002//1827
f 2006//1828 2003//1828 2004//1828
f 2008//1829 2005//1829 2006//1829
f 2010//1830 2007//1830 2008//1830
f 2012//1831 2009//1831 2010//1831
f 2014//1832 2011//1832 2012//1832
f 2016//1833 2013//1833 2014//1833
f 2018//1834 2015//1834 2016//1834
f 2020//1835 2017//1835 2018//1835
f 2022//1836 2019//1836 2020//1836
f 2024//1837 2021//1837 2022//1837
f 2026//1838 2023//1838 2024//1838
f 2028//1839 2025//1839 2026//1839
f 2030//1840 2027//1840 2028//1840
f 2032//1841 2029//1841 2030//1841
f 2034//1842 2031//1842 2032//1842
f 2036//1843 2033//1843 2034//1843
f 2038//1844 2035//1844 2036//1844
f 2040//1845 2037//1845 2038//1845
f 2042//1846 2039//1846 2040//1846
f 2044//1847 2041//1847 2042//1847
f 2046//1848 2043//1848 2044//1848
f 2048//1849 2045//1849 2046//1849
f 2050//1850 2047//1850 2048//1850
f 2052//1851 2049//1851 2050//1851
f 2054//1852 2051//1852 2052//1852
f 2056//1853 2053//1853 2054//1853
f 2058//1854 2055//1854 2056//1854
f 2060//1855 2057//1855 2058//1855
f 2062//1856 2059//1856 2060//1856
f 2064//1857 2061//1857 2062//1857
f 2066//1858 2063//1858 2064//1858
f 2068//1859 2065//1859 2066//1859
f 2070//1860 2067//1860 2068//1860
f 2072//1861 2069//1861 2070//1861
f 2074//1862 2071//1862 2072//1862
f 2076//1863 2073//1863 2074//1863
f 2078//1864 2075//1864 2076//1864
f 2080//1865 2077//1865 2078//1865
f 2082//1866 2079//1866 2080//1866
f 2084//1867 2081//1867 2082//1867
f 2086//1868 2083//1868 2084//1868
f 2088//1869 2085//1869 2086//1869
f 2090//1870 2087//1870 2088//1870
f 2092//1871 2089//1871 2090//1871
f 2094//1872 2091//1872 2092//1872
f 2096//1873 2093//1873 2094//1873
f 2098//1874 2095//1874 2096//1874
f 2100//1875 2097//1875 2098//1875
f 2102//1876 2099//1876 2100//1876
f 2104//1877 2101//1877 2102//1877
f 2106//1878 2103//1878 2104//1878
f 2108//1879 2105//1879 2106//1879
f 2110//1880 2107//1880 2108//1880
f 2112//1881 2109//1881 2110//1881
f 2114//1882 2111//1882 2112//1882
f 2116//1883 2113//1883 2114//1883
f 2118//1884 2115//1884 2116//1884
f 2120//1885 2117//1885 2118//1885
f 2122//1886 2119//1886 2120//1886
f 2124//1887 2121//1887 2122//1887
f 2126//1888 2123//1888 2124//1888
f 1944//1889 2125//1889 2126//1889
f 2130//1890 2127//1890 2128//1890
f 2132//1891 2129//1891 2130//1891
f 2134//1892 2131//1892 2132//1892
f 2136//1893 2133//1893 2134//1893
f 2138//1894 2135//1894 2136//1894
f 2140//1895 2137//1895 2138//1895
f 2142//1896 2139//1896 2140//1896
f 2144//1897 2141//1897 2142//1897
f 2146//1898 2143//1898 2144//1898
f 2148//1899 2145//1899 2146//1899
f 2150//1900 2147//1900 2148//1900
f 2152//1901 2149//1901 2150//1901
f 2154//1902 2151//1902 2152//1902
f 2156//1903 2153//1903 2154//1903
f 2158//1904 2155//1904 2156//1904
f 2160//1905 2157//1905 2158//1905
f 2162//1906 2159//1906 2160//1906
f 2164//1907 2161//1907 2162//1907
f 2166//1908 2163//1908 2164//1908
f 2168//1909 2165//1909 2166//1909
f 2170//1910 2167//1910 2168//1910
f 2172//1911 2169//1911 2170//1911
f 2174//1912 2171//1912 2172//1912
f 2176//1913 2173//1913 2174//1913
f 2178//1914 2175//1914 2176//1914
f 2180//1915 2177//1915 2178//1915
f 2182//1916 2179//1916 2180//1916
f 2184//1917 2181//1917 2182//1917
f 2186//1918 2183//1918 2184//1918
f 2188//1919 2185//1919 2186//1919
f 2190//1920 2187//1920 2188//1920
f 2192//1921 2189//1921 2190//1921
f 2194//1922 2191//1922 2192//1922
f 2196//1923 2193//1923 2194//1923
f 2198//1924 2195//1924 2196//1924
f 2200//1925 2197//1925 2198//1925
f 2202//1926 2199//1926 2200//1926
f 2204//1927 2201//1927 2202//1927
f 2206//1928 2203//1928 2204//1928
f 2208//1929 2205//1929 2206//1929
f 2210//1930 2207//1930 2208//1930
f 2212//1931 2209//1931 2210//1931
f 2214//1932 2211//1932 2212//1932
f 2216//1933 2213//1933 2214//1933
f 2218//1934 2215//1934 2216//1934
f 2220//1935 2217//1935 2218//1935
f 2222//1936 2219//1936 2220//1936
f 2224//1937 2221//1937 2222//1937
f 2226//1938 2223//1938 2224//1938
f 2228//1939 2225//1939 2226//1939
f 2230//1940 2227//1940 2228//1940
f 2232//1941 2229//1941 2230//1941
f 2234//1942 2231//1942 2232//1942
f 2236//1943 2233//1943 2234//1943
f 2238//1944 2235//1944 2236//1944
f 2240//1945 2237//1945 2238//1945
f 2242//1946 2239//1946 2240//1946
f 2244//1947 2241//1947 2242//1947
f 2246//1948 2243//1948 2244//1948
f 2248//1949 2245//1949 2246//1949
f 2250//1950 2247//1950 2248//1950
f 2252//1951 2249//1951 2250//1951
f 2254//1952 2251//1952 2252//1952
f 2256//1953 2253//1953 2254//1953
f 2258//1954 2255//1954 2256//1954
f 2260//1955 2257//1955 2258//1955
f 2262//1956 2259//1956 2260//1956
f 2264//1957 2261//1957 2262//1957
f 2266//1958 2263//1958 2264//1958
f 2268//1959 2265//1959 2266//1959
f 2270//1960 2267//1960 2268//1960
f 2272//1961 2269//1961 2270//1961
f 2274//1962 2271//1962 2272//1962
f 2276//1963 2273//1963 2274//1963
f 2278//1964 2275//1964 2276//1964
f 2280//1965 2277//1965 2278//1965
f 2282//1966 2279//1966 2280//1966
f 2284//1967 2281//1967 2282//1967
f 2286//1968 2283//1968 2284//1968
f 2288//1969 2285//1969 2286//1969
f 2290//1970 2287//1970 2288//1970
f 2292//1971 2289//1971 2290//1971
f 2294//1972 2291//1972 2292//1972
f 2296//1973 2293//1973 2294//1973
f 2298//1974 2295//1974 2296//1974
f 2300//1975 2297//1975 2298//1975
f 2302//1976 2299//1976 2300//1976
f 2304//1977 2301//1977 2302//1977
f 2306//1978 2303//1978 2304//1978
f 2308//1979 2305//1979 2306//1979
f 2310//1980 2307//1980 2308//1980
f 2312//1981 2309//1981 2310//1981
f 2314//1982 2311//1982 2312//1982
f 2316//1983 2313//1983 2314//1983
f 2318//1984 2315//1984 2316//1984
f 2320//1985 2317//1985 2318//1985
f 2322//1986 2319//1986 2320//1986
f 2324//1987 2321//1987 2322//1987
f 2326//1988 2323//1988 2324//1988
f 2328//1989 2325//1989 2326//1989
f 2330//1990 2327//1990 2328//1990
f 2332//1991 2329//1991 2330//1991
f 2334//1992 2331//1992 2332//1992
f 2336//1993 2333//1993 2334//1993
f 2338//1994 2335//1994 2336//1994
f 2340//1995 2337//1995 2338//1995
f 2342//1996 2339//1996 2340//1996
f 2128//1997 2341//1997 2342//1997
f 2346//1998 2343//1998 2344//1998
f 2348//1999 2345//1999 2346//1999
f 2350//2000 2347//2000 2348//2000
f 2352//2001 2349//2001 2350//2001
f 2354//2002 2351//2002 2352//2002
f 2356//2003 2353//2003 2354//2003
f 2358//2004 2355//2004 2356//2004
f 2360//2005 2357//2005 2358//2005
f 2362//2006 2359//2006 2360//2006
f 2364//2007 2361//2007 2362//2007
f 2366//2008 2363//2008 2364//2008
f 2368//2009 2365//2009 2366//2009
f 2370//2010 2367//2010 2368//2010
f 2372//2011 2369//2011 2370//2011
f 2374//2012 2371//2012 2372//2012
f 2376//2013 2373//2013 2374//2013
f 2378//2014 2375//2014 2376//2014
f 2380//2015 2377//2015 2378//2015
f 2382//2016 2379//2016 2380//2016
f 2384//2017 2381//2017 2382//2017
f 2386//2018 2383//2018 2384//2018
f 2388//2019 2385//2019 2386//2019
f 2390//2020 2387//2020 2388//2020
f 2392//2021 2389//2021 2390//2021
f 2394//2022 2391//2022 2392//2022
f 2396//2023 2393//2023 2394//2023
f 2398//2024 2395//2024 2396//2024
f 2400//2025 2397//2025 2398//2025
f 2402//2026 2399//2026 2400//2026
f 2404//2027 2401//2027 2402//2027
f 2406//2028 2403//2028 2404//2028
f 2408//2029 2405//2029 2406//2029
f 2410//2030 2407//2030 2408//2030
f 2412//2031 2409//2031 2410//2031
f 2414//2032 2411//2032 2412//2032
f 2416//2033 2413//2033 2414//2033
f 2418//2034 2415//2034 2416//2034
f 2420//2035 2417//2035 2418//2035
f 2422//2036 2419//2036 2420//2036
f 2424//2037 2421//2037 2422//2037
f 2426//2038 2423//2038 2424//2038
f 2428//2039 2425//2039 2426//2039
f 2430//2040 2427//2040 2428//2040
f 2432//2041 2429//2041 2430//2041
f 2434//2042 2431//2042 2432//2042
f 2436//2043 2433//2043 2434//2043
f 2438//2044 2435//2044 2436//2044
f 2440//2045 2437//2045 2438//2045
f 2442//2046 2439//2046 2440//2046
f 2344//2047 2441//2047 2442//2047
f 2446//2048 2443//2048 2444//2048
f 2448//2049 2445//2049 2446//2049
f 2450//2050 2447//2050 2448//2050
f 2452//2051 2449//2051 2450//2051
f 2454//2052 2451//2052 2452//2052
f 2456//2053 2453//2053 2454//2053
f 2458//2054 2455//2054 2456//2054
f 2460//2055 2457//2055 2458//2055
f 2462//2056 2459//2056 2460//2056
f 2464//2057 2461//2057 2462//2057
f 2466//2058 2463//2058 2464//2058
f 2468//2059 2465//2059 2466//2059
f 2470//2060 2467//2060 2468//2060
f 2472//2061 2469//2061 2470//2061
f 2474//2062 2471//2062 2472//2062
f 2476//2063 2473//2063 2474//2063
f 2478//2064 2475//2064 2476//2064
f 2480//2065 2477//2065 2478//2065
f 2482//2066 2479//2066 2480//2066
f 2484//2067 2481//2067 2482//2067
f 2486//2068 2483//2068 2484//2068
f 2488//2069 2485//2069 2486//2069
f 2490//2070 2487//2070 2488//2070
f 2492//2071 2489//2071 2490//2071
f 2494//2072 2491//2072 2492//2072
f 2496//2073 2493//2073 2494//2073
f 2498//2074 2495//2074 2496//2074
f 2500//2075 2497//2075 2498//2075
f 2502//2076 2499//2076 2500//2076
f 2504//2077 2501//2077 2502//2077
f 2506//2078 2503//2078 2504//2078
f 2508//2079 2505//2079 2506//2079
f 2510//2080 2507//2080 2508//2080
f 2512//2081 2509//2081 2510//2081
f 2514//2082 2511//2082 2512//2082
f 2516//2083 2513//2083 2514//2083
f 2518//2084 2515//2084 2516//2084
f 2520//2085 2517//2085 2518//2085
f 2522//2086 2519//2086 2520//2086
f 2524//2087 2521//2087 2522//2087
f 2526//2088 2523//2088 2524//2088
f 2528//2089 2525//2089 2526//2089
f 2530//2090 2527//2090 2528//2090
f 2532//2091 2529//2091 2530//2091
f 2534//2092 2531//2092 2532//2092
f 2536//2093 2533//2093 2534//2093
f 2538//2094 2535//2094 2536//2094
f 2444//2095 2537//2095 2538//2095
f 2542//2096 2539//2096 2540//2096
f 2544//2097 2541//2097 2542//2097
f 2546//2098 2543//2098 2544//2098
f 2548//2099 2545//2099 2546//2099
f 2550//2100 2547//2100 2548//2100
f 2552//2101 2549//2101 2550//2101
f 2554//2102 2551//2102 2552//2102
f 2556//2103 2553//2103 2554//2103
f 2558//2104 2555//2104 2556//2104
f 2560//2105 2557//2105 2558//2105
f 2562//2106 2559//2106 2560//2106
f 2564//2107 2561//2107 2562//2107
f 2566//2108 2563//2108 2564//2108
f 2568//2109 2565//2109 2566//2109
f 2570//2110 2567//2110 2568//2110
f 2572//2111 2569//2111 2570//2111
f 2574//2112 2571//2112 2572//2112
f 2576//2113 2573//2113 2574//2113
f 2540//2114 2575//2114 2576//2114
f 2580//2115 2577//2115 2578//2115
f 2582//2116 2579//2116 2580//2116
f 2584//2117 2581//2117 2582//2117
f 2586//2118 2583//2118 2584//2118
f 2588//2119 2585//2119 2586//2119
f 2590//2120 2587//2120 2588//2120
f 2592//2121 2589//2121 2590//2121
f 2594//2122 2591//2122 2592//2122
f 2596//2123 2593//2123 2594//2123
f 2598//2124 2595//2124 2596//2124
f 2600//2125 2597//2125 2598//2125
f 2602//2126 2599//2126 2600//2126
f 2604//2127 2601//2127 2602//2127
f 2606//2128 2603//2128 2604//2128
f 2608//2129 2605//2129 2606//2129
f 2610//2130 2607//2130 2608//2130
f 2612//2131 2609//2131 2610//2131
f 2614//2132 2611//2132 2612//2132
f 2616//2133 2613//2133 2614//2133
f 2618//2134 2615//2134 2616//2134
f 2620//2135 2617//2135 2618//2135
f 2622//2136 2619//2136 2620//2136
f 2624//2137 2621//2137 2622//2137
f 2626//2138 2623//2138 2624//2138
f 2628//2139 2625//2139 2626//2139
f 2630//2140 2627//2140 2628//2140
f 2632//2141 2629//2141 2630//2141
f 2634//2142 2631//2142 2632//2142
f 2636//2143 2633//2143 2634//2143
f 2638//2144 2635//2144 2636//2144
f 2640//2145 2637//2145 2638//2145
f 2642//2146 2639//2146 2640//2146
f 2644//2147 2641//2147 2642//2147
f 2646//2148 2643//2148 2644//2148
f 2648//2149 2645//2149 2646//2149
f 2578//2150 2647//2150 2648//2150
f 2652//2151 2649//2151 2650//2151
f 2654//2152 2651//2152 2652//2152
f 2656//2153 2653//2153 2654//2153
f 2658//2154 2655//2154 2656//2154
f 2660//2155 2657//2155 2658//2155
f 2662//2156 2659//2156 2660//2156
f 2664//2157 2661//2157 2662//2157
f 2666//2158 2663//2158 2664//2158
f 2668//2159 2665//2159 2666//2159
f 2670//2160 2667//2160 2668//2160
f 2672//2161 2669//2161 2670//2161
f 2674//2162 2671//2162 2672//2162
f 2676//2163 2673//2163 2674//2163
f 2678//2164 2675//2164 2676//2164
f 2680//2165 2677//2165 2678//2165
f 2682//2166 2679//2166 2680//2166
f 2684//2167 2681//2167 2682//2167
f 2686//2168 2683//2168 2684//2168
f 2688//2169 2685//2169 2686//2169
f 2690//2170 2687//2170 2688//2170
f 2692//2171 2689//2171 2690//2171
f 2694//2172 2691//2172 2692//2172
f 2696//2173 2693//2173 2694//2173
f 2698//2174 2695//2174 2696//2174
f 2700//2175 2697//2175 2698//2175
f 2702//2176 2699//2176 2700//2176
f 2704//2177 2701//2177 2702//2177
f 2706//2178 2703//2178 2704//2178
f 2708//2179 2705//2179 2706//2179
f 2710//2180 2707//2180 2708//2180
f 2712//2181 2709//2181 2710//2181
f 2714//2182 2711//2182 2712//2182
f 2716//2183 2713//2183 2714//2183
f 2718//2184 2715//2184 2716//2184
f 2720//2185 2717//2185 2718//2185
f 2722//2186 2719//2186 2720//2186
f 2724//2187 2721//2187 2722//2187
f 2726//2188 2723//2188 2724//2188
f 2728//2189 2725//2189 2726//2189
f 2730//2190 2727//2190 2728//2190
f 2732//2191 2729//2191 2730//2191
f 2734//2192 2731//2192 2732//2192
f 2736//2193 2733//2193 2734//2193
f 2738//2194 2735//2194 2736//2194
f 2740//2195 2737//2195 2738//2195
f 2742//2196 2739//2196 2740//2196
f 2744//2197 2741//2197 2742//2197
f 2746//2198 2743//2198 2744//2198
f 2748//2199 2745//2199 2746//2199
f 2750//2200 2747//2200 2748//2200
f 2752//2201 2749//2201 2750//2201
f 2754//2202 2751//2202 2752//2202
f 2756//2203 2753//2203 2754//2203
f 2758//2204 2755//2204 2756//2204
f 2760//2205 2757//2205 2758//2205
f 2762//2206 2759//2206 2760//2206
f 2764//2207 2761//2207 2762//2207
f 2766//2208 2763//2208 2764//2208
f 2768//2209 2765//2209 2766//2209
f 2770//2210 2767//2210 2768//2210
f 2772//2211 2769//2211 2770//2211
f 2774//2212 2771//2212 2772//2212
f 2776//2213 2773//2213 2774//2213
f 2778//2214 2775//2214 2776//2214
f 2780//2215 2777//2215 2778//2215
f 2782//2216 2779//2216 2780//2216
f 2784//2217 2781//2217 2782//2217
f 2786//2218 2783//2218 2784//2218
f 2788//2219 2785//2219 2786//2219
f 2790//2220 2787//2220 2788//2220
f 2792//2221 2789//2221 2790//2221
f 2794//2222 2791//2222 2792//2222
f 2796//2223 2793//2223 2794//2223
f 2798//2224 2795//2224 2796//2224
f 2800//2225 2797//2225 2798//2225
f 2802//2226 2799//2226 2800//2226
f 2804//2227 2801//2227 2802//2227
f 2806//2228 2803//2228 2804//2228
f 2808//2229 2805//2229 2806//2229
f 2650//2230 2807//2230 2808//2230
f 2812//2231 2809//2231 2810//2231
f 2814//2232 2811//2232 2812//2232
f 2816//2233 2813//2233 2814//2233
f 2818//2234 2815//2234 2816//2234
f 2820//2235 2817//2235 2818//2235
f 2822//2236 2819//2236 2820//2236
f 2824//2237 2821//2237 2822//2237
f 2826//2238 2823//2238 2824//2238
f 2828//2239 2825//2239 2826//2239
f 2830//2240 2827//2240 2828//2240
f 2832//2241 2829//2241 2830//2241
f 2834//2242 2831//2242 2832//2242
f 2836//2243 2833//2243 2834//2243
f 2838//2244 2835//2244 2836//2244
f 2840//2245 2837//2245 2838//2245
f 2842//2246 2839//2246 2840//2246
f 2844//2247 2841//2247 2842//2247
f 2846//2248 2843//2248 2844//2248
f 2848//2249 2845//2249 2846//2249
f 2850//2250 2847//2250 2848//2250
f 2852//2251 2849//2251 2850//2251
f 2854//2252 2851//2252 2852//2252
f 2856//2253 2853//2253 2854//2253
f 2858//2254 2855//2254 2856//2254
f 2860//2255 2857//2255 2858//2255
f 2862//2256 2859//2256 2860//2256
f 2810//2257 2861//2257 2862//2257
f 2866//2258 2863//2258 2864//2258
f 2868//2259 2865//2259 2866//2259
f 2870//2260 2867//2260 2868//2260
f 2872//2261 2869//2261 2870//2261
f 2874//2262 2871//2262 2872//2262
f 2876//2263 2873//2263 2874//2263
f 2878//2264 2875//2264 2876//2264
f 2880//2265 2877//2265 2878//2265
f 2882//2266 2879//2266 2880//2266
f 2884//2267 2881//2267 2882//2267
f 2886//2268 2883//2268 2884//2268
f 2888//2269 2885//2269 2886//2269
f 2890//2270 2887//2270 2888//2270
f 2892//2271 2889//2271 2890//2271
f 2894//2272 2891//2272 2892//2272
f 2896//2273 2893//2273 2894//2273
f 2898//2274 2895//2274 2896//2274
f 2900//2275 2897//2275 2898//2275
f 2902//2276 2899//2276 2900//2276
f 2904//2277 2901//2277 2902//2277
f 2906//2278 2903//2278 2904//2278
f 2908//2279 2905//2279 2906//2279
f 2910//2280 2907//2280 2908//2280
f 2912//2281 2909//2281 2910//2281
f 2914//2282 2911//2282 2912//2282
f 2916//2283 2913//2283 2914//2283
f 2918//2284 2915//2284 2916//2284
f 2920//2285 2917//2285 2918//2285
f 2922//2286 2919//2286 2920//2286
f 2924//2287 2921//2287 2922//2287
f 2926//2288 2923//2288 2924//2288
f 2928//2289 2925//2289 2926//2289
f 2930//2290 2927//2290 2928//2290
f 2932//2291 2929//2291 2930//2291
f 2934//2292 2931//2292 2932//2292
f 2936//2293 2933//2293 2934//2293
f 2938//2294 2935//2294 2936//2294
f 2940//2295 2937//2295 2938//2295
f 2942//2296 2939//2296 2940//2296
f 2944//2297 2941//2297 2942//2297
f 2946//2298 2943//2298 2944//2298
f 2948//2299 2945//2299 2946//2299
f 2950//2300 2947//2300 2948//2300
f 2952//2301 2949//2301 2950//2301
f 2954//2302 2951//2302 2952//2302
f 2956//2303 2953//2303 2954//2303
f 2958//2304 2955//2304 2956//2304
f 2960//2305 2957//2305 2958//2305
f 2962//2306 2959//2306 2960//2306
f 2964//2307 2961//2307 2962//2307
f 2966//2308 2963//2308 2964//2308
f 2968//2309 2965//2309 2966//2309
f 2970//2310 2967//2310 2968//2310
f 2972//2311 2969//2311 2970//2311
f 2974//2312 2971//2312 2972//2312
f 2976//2313 2973//2313 2974//2313
f 2978//2314 2975//2314 2976//2314
f 2980//2315 2977//2315 2978//2315
f 2982//2316 2979//2316 2980//2316
f 2984//2317 2981//2317 2982//2317
f 2986//2318 2983//2318 2984//2318
f 2988//2319 2985//2319 2986//2319
f 2990//2320 2987//2320 2988//2320
f 2992//2321 2989//2321 2990//2321
f 2994//2322 2991//2322 2992//2322
f 2996//2323 2993//2323 2994//2323
f 2998//2324 2995//2324 2996//2324
f 3000//2325 2997//2325 2998//2325
f 3002//2326 2999//2326 3000//2326
f 3004//2327 3001//2327 3002//2327
f 3006//2328 3003//2328 3004//2328
f 3008//2329 3005//2329 3006//2329
f 3010//2330 3007//2330 3008//2330
f 3012//2331 3009//2331 3010//2331
f 3014//2332 3011//2332 3012//2332
f 3016//2333 3013//2333 3014//2333
f 3018//2334 3015//2334 3016//2334
f 3020//2335 3017//2335 3018//2335
f 3022//2336 3019//2336 3020//2336
f 3024//2337 3021//2337 3022//2337
f 3026//2338 3023//2338 3024//2338
f 3028//2339 3025//2339 3026//2339
f 3030//2340 3027//2340 3028//2340
f 3032//2341 3029//2341 3030//2341
f 3034//2342 3031//2342 3032//2342
f 3036//2343 3033//2343 3034//2343
f 3038//2344 3035//2344 3036//2344
f 3040//2345 3037//2345 3038//2345
f 3042//2346 3039//2346 3040//2346
f 3044//2347 3041//2347 3042//2347
f 3046//2348 3043//2348 3044//2348
f 2864//2349 3045//2349 3046//2349
f 3050//2350 3047//2350 3048//2350
f 3052//2351 3049//2351 3050//2351
f 3054//2352 3051//2352 3052//2352
f 3056//2353 3053//2353 3054//2353
f 3058//2354 3055//2354 3056//2354
f 3060//2355 3057//2355 3058//2355
f 3062//2356 3059//2356 3060//2356
f 3064//2357 3061//2357 3062//2357
f 3066//2358 3063//2358 3064//2358
f 3068//2359 3065//2359 3066//2359
f 3070//2360 3067//2360 3068//2360
f 3072//2361 3069//2361 3070//2361
f 3074//2362 3071//2362 3072//2362
f 3076//2363 3073//2363 3074//2363
f 3078//2364 3075//2364 3076//2364
f 3080//2365 3077//2365 3078//2365
f 3082//2366 3079//2366 3080//2366
f 3084//2367 3081//2367 3082//2367
f 3086//2368 3083//2368 3084//2368
f 3088//2369 3085//2369 3086//2369
f 3090//2370 3087//2370 3088//2370
f 3092//2371 3089//2371 3090//2371
f 3094//2372 3091//2372 3092//2372
f 3096//2373 3093//2373 3094//2373
f 3098//2374 3095//2374 3096//2374
f 3100//2375 3097//2375 3098//2375
f 3102//2376 3099//2376 3100//2376
f 3104//2377 3101//2377 3102//2377
f 3106//2378 3103//2378 3104//2378
f 3108//2379 3105//2379 3106//2379
f 3110//2380 3107//2380 3108//2380
f 3112//2381 3109//2381 3110//2381
f 3114//2382 3111//2382 3112//2382
f 3116//2383 3113//2383 3114//2383
f 3118//2384 3115//2384 3116//2384
f 3120//2385 3117//2385 3118//2385
f 3122//2386 3119//2386 3120//2386
f 3124//2387 3121//2387 3122//2387
f 3126//2388 3123//2388 3124//2388
f 3128//2389 3125//2389 3126//2389
f 3130//2390 3127//2390 3128//2390
f 3132//2391 3129//2391 3130//2391
f 3134//2392 3131//2392 3132//2392
f 3136//2393 3133//2393 3134//2393
f 3138//2394 3135//2394 3136//2394
f 3140//2395 3137//2395 3138//2395
f 3142//2396 3139//2396 3140//2396
f 3144//2397 3141//2397 3142//2397
f 3146//2398 3143//2398 3144//2398
f 3148//2399 3145//2399 3146//2399
f 3150//2400 3147//2400 3148//2400
f 3152//2401 3149//2401 3150//2401
f 3154//2402 3151//2402 3152//2402
f 3156//2403 3153//2403 3154//2403
f 3158//2404 3155//2404 3156//2404
f 3160//2405 3157//2405 3158//2405
f 3162//2406 3159//2406 3160//2406
f 3164//2407 3161//2407 3162//2407
f 3166//2408 3163//2408 3164//2408
f 3168//2409 3165//2409 3166//2409
f 3170//2410 3167//2410 3168//2410
f 3172//2411 3169//2411 3170//2411
f 3174//2412 3171//2412 3172//2412
f 3176//2413 3173//2413 3174//2413
f 3178//2414 3175//2414 3176//2414
f 3180//2415 3177//2415 3178//2415
f 3182//2416 3179//2416 3180//2416
f 3184//2417 3181//2417 3182//2417
f 3186//2418 3183//2418 3184//2418
f 3188//2419 3185//2419 3186//2419
f 3190//2420 3187//2420 3188//2420
f 3192//2421 3189//2421 3190//2421
f 3194//2422 3191//2422 3192//2422
f 3196//2423 3193//2423 3194//2423
f 3198//2424 3195//2424 3196//2424
f 3200//2425 3197//2425 3198//2425
f 3202//2426 3199//2426 3200//2426
f 3048//2427 3201//2427 3202//2427
f 3206//2428 3203//2428 3204//2428
f 3208//2429 3205//2429 3206//2429
f 3210//2430 3207//2430 3208//2430
f 3212//2431 3209//2431 3210//2431
f 3214//2432 3211//2432 3212//2432
f 3216//2433 3213//2433 3214//2433
f 3218//2434 3215//2434 3216//2434
f 3220//2435 3217//2435 3218//2435
f 3222//2436 3219//2436 3220//2436
f 3224//2437 3221//2437 3222//2437
f 3226//2438 3223//2438 3224//2438
f 3228//2439 3225//2439 3226//2439
f 3230//2440 3227//2440 3228//2440
f 3232//2441 3229//2441 3230//2441
f 3234//2442 3231//2442 3232//2442
f 3236//2443 3233//2443 3234//2443
f 3238//2444 3235//2444 3236//2444
f 3240//2445 3237//2445 3238//2445
f 3242//2446 3239//2446 3240//2446
f 3244//2447 3241//2447 3242//2447
f 3246//2448 3243//2448 3244//2448
f 3248//2449 3245//2449 3246//2449
f 3250//2450 3247//2450 3248//2450
f 3252//2451 3249//2451 3250//2451
f 3254//2452 3251//2452 3252//2452
f 3256//2453 3253//2453 3254//2453
f 3258//2454 3255//2454 3256//2454
f 3260//2455 3257//2455 3258//2455
f 3262//2456 3259//2456 3260//2456
f 3264//2457 3261//2457 3262//2457
f 3266//2458 3263//2458 3264//2458
f 3268//2459 3265//2459 3266//2459
f 3270//2460 3267//2460 3268//2460
f 3272//2461 3269//2461 3270//2461
f 3274//2462 3271//2462 3272//2462
f 3276//2463 3273//2463 3274//2463
f 3278//2464 3275//2464 3276//2464
f 3280//2465 3277//2465 3278//2465
f 3282//2466 3279//2466 3280//2466
f 3284//2467 3281//2467 3282//2467
f 3286//2468 3283//2468 3284//2468
f 3288//2469 3285//2469 3286//2469
f 3290//2470 3287//2470 3288//2470
f 3292//2471 3289//2471 3290//2471
f 3294//2472 3291//2472 3292//2472
f 3296//2473 3293//2473 3294//2473
f 3298//2474 3295//2474 3296//2474
f 3300//2475 3297//2475 3298//2475
f 3302//2476 3299//2476 3300//2476
f 3304//2477 3301//2477 3302//2477
f 3306//2478 3303//2478 3304//2478
f 3308//2479 3305//2479 3306//2479
f 3310//2480 3307//2480 3308//2480
f 3312//2481 3309//2481 3310//2481
f 3314//2482 3311//2482 3312//2482
f 3316//2483 3313//2483 3314//2483
f 3318//2484 3315//2484 3316//2484
f 3320//2485 3317//2485 3318//2485
f 3322//2486 3319//2486 3320//2486
f 3324//2487 3321//2487 3322//2487
f 3326//2488 3323//2488 3324//2488
f 3328//2489 3325//2489 3326//2489
f 3330//2490 3327//2490 3328//2490
f 3332//2491 3329//2491 3330//2491
f 3334//2492 3331//2492 3332//2492
f 3336//2493 3333//2493 3334//2493
f 3338//2494 3335//2494 3336//2494
f 3340//2495 3337//2495 3338//2495
f 3342//2496 3339//2496 3340//2496
f 3344//2497 3341//2497 3342//2497
f 3346//2498 3343//2498 3344//2498
f 3348//2499 3345//2499 3346//2499
f 3350//2500 3347//2500 3348//2500
f 3352//2501 3349//2501 3350//2501
f 3354//2502 3351//2502 3352//2502
f 3356//2503 3353//2503 3354//2503
f 3358//2504 3355//2504 3356//2504
f 3360//2505 3357//2505 3358//2505
f 3362//2506 3359//2506 3360//2506
f 3204//2507 3361//2507 3362//2507
f 3366//2508 3363//2508 3364//2508
f 3368//2509 3365//2509 3366//2509
f 3370//2510 3367//2510 3368//2510
f 3372//2511 3369//2511 3370//2511
f 3374//2512 3371//2512 3372//2512
f 3376//2513 3373//2513 3374//2513
f 3378//2514 3375//2514 3376//2514
f 3380//2515 3377//2515 3378//2515
f 3382//2516 3379//2516 3380//2516
f 3384//2517 3381//2517 3382//2517
f 3386//2518 3383//2518 3384//2518
f 3388//2519 3385//2519 3386//2519
f 3390//2520 3387//2520 3388//2520
f 3392//2521 3389//2521 3390//2521
f 3394//2522 3391//2522 3392//2522
f 3396//2523 3393//2523 3394//2523
f 3398//2524 3395//2524 3396//2524
f 3400//2525 3397//2525 3398//2525
f 3402//2526 3399//2526 3400//2526
f 3404//2527 3401//2527 3402//2527
f 3406//2528 3403//2528 3404//2528
f 3408//2529 3405//2529 3406//2529
f 3410//2530 3407//2530 3408//2530
f 3412//2531 3409//2531 3410//2531
f 3414//2532 3411//2532 3412//2532
f 3416//2533 3413//2533 3414//2533
f 3364//2534 3415//2534 3416//2534
f 3423//2535 3422//2535 3421//2535
f 3435//2536 3436//2536 3439//2536
f 3418//2537 3429//2537 3417//2537
f 3419//2538 3430//2538 3418//2538
f 3419//2539 3432//2539 3431//2539
f 3421//2540 3432//2540 3420//2540
f 3422//2541 3433//2541 3421//2541
f 3423//2542 3434//2542 3422//2542
f 3424//2543 3435//2543 3423//2543
f 3425//2544 3436//2544 3424//2544
f 3426//2545 3437//2545 3425//2545
f 3427//2546 3438//2546 3426//2546
f 3428//2547 3439//2547 3427//2547
f 3417//2548 3440//2548 3428//2548
f 3445//2549 3443//2549 3441//2549
f 3449//2550 3450//2550 3451//2550
f 3442//2551 3447//2551 3441//2551
f 3443//2552 3448//2552 3442//2552
f 3444//2553 3449//2553 3443//2553
f 3445//2554 3450//2554 3444//2554
f 3446//2555 3451//2555 3445//2555
f 3441//2556 3452//2556 3446//2556
f 3455//2557 3453//2557 3456//2557
f 3457//2558 3459//2558 3460//2558
f 3454//2559 3457//2559 3453//2559
f 3455//2560 3458//2560 3454//2560
f 3456//2561 3459//2561 3455//2561
f 3453//2562 3460//2562 3456//2562
f 3463//2563 3461//2563 3464//2563
f 3465//2564 3467//2564 3468//2564
f 3462//2565 3465//2565 3461//2565
f 3463//2566 3466//2566 3462//2566
f 3464//2567 3467//2567 3463//2567
f 3461//2568 3468//2568 3464//2568
f 238//2569 237//2569 235//2569
f 240//2570 239//2570 237//2570
f 242//2571 241//2571 239//2571
f 244//2572 243//2572 241//2572
f 246//2573 245//2573 243//2573
f 248//2574 247//2574 245//2574
f 250//2575 249//2575 247//2575
f 252//2576 251//2576 249//2576
f 254//2577 253//2577 251//2577
f 256//2578 255//2578 253//2578
f 258//2579 257//2579 255//2579
f 260//2580 259//2580 257//2580
f 262//2581 261//2581 259//2581
f 264//2582 263//2582 261//2582
f 266//2583 265//2583 263//2583
f 268//2584 267//2584 265//2584
f 270//2585 269//2585 267//2585
f 272//2586 271//2586 269//2586
f 274//2587 273//2587 271//2587
f 276//2588 275//2588 273//2588
f 278//2589 277//2589 275//2589
f 280//2590 279//2590 277//2590
f 282//2591 281//2591 279//2591
f 284//2592 283//2592 281//2592
f 286//2593 285//2593 283//2593
f 288//2594 287//2594 285//2594
f 290//2595 289//2595 287//2595
f 292//2596 291//2596 289//2596
f 294//2597 293//2597 291//2597
f 296//2598 295//2598 293//2598
f 298//2599 297//2599 295//2599
f 300//2600 299//2600 297//2600
f 302//2601 301//2601 299//2601
f 304//2602 303//2602 301//2602
f 306//2603 305//2603 303//2603
f 308//2604 307//2604 305//2604
f 310//2605 309//2605 307//2605
f 312//2606 311//2606 309//2606
f 314//2607 313//2607 311//2607
f 316//2608 315//2608 313//2608
f 318//2609 317//2609 315//2609
f 320//2610 319//2610 317//2610
f 322//2611 321//2611 319//2611
f 324//2612 323//2612 321//2612
f 326//2613 325//2613 323//2613
f 328//2614 327//2614 325//2614
f 330//2615 329//2615 327//2615
f 332//2616 331//2616 329//2616
f 334//2617 333//2617 331//2617
f 336//2618 335//2618 333//2618
f 338//2619 337//2619 335//2619
f 340//2620 339//2620 337//2620
f 342//2621 341//2621 339//2621
f 344//2622 343//2622 341//2622
f 346//2623 345//2623 343//2623
f 348//2624 347//2624 345//2624
f 350//2625 349//2625 347//2625
f 352//2626 351//2626 349//2626
f 354//2627 353//2627 351//2627
f 356//2628 355//2628 353//2628
f 358//2629 357//2629 355//2629
f 360//2630 359//2630 357//2630
f 362//2631 361//2631 359//2631
f 364//2632 363//2632 361//2632
f 366//2633 365//2633 363//2633
f 368//2634 367//2634 365//2634
f 370//2635 369//2635 367//2635
f 372//2636 371//2636 369//2636
f 374//2637 373//2637 371//2637
f 376//2638 375//2638 373//2638
f 378//2639 377//2639 375//2639
f 380//2640 379//2640 377//2640
f 382//2641 381//2641 379//2641
f 384//2642 383//2642 381//2642
f 386//2643 385//2643 383//2643
f 388//2644 387//2644 385//2644
f 390//2645 389//2645 387//2645
f 392//2646 391//2646 389//2646
f 394//2647 393//2647 391//2647
f 396//2648 395//2648 393//2648
f 398//2649 397//2649 395//2649
f 400//2650 399//2650 397//2650
f 402//2651 401//2651 399//2651
f 404//2652 403//2652 401//2652
f 406//2653 405//2653 403//2653
f 408//2654 407//2654 405//2654
f 410//2655 409//2655 407//2655
f 412//2656 411//2656 409//2656
f 414//2657 413//2657 411//2657
f 416//2658 415//2658 413//2658
f 418//2659 417//2659 415//2659
f 420//2660 419//2660 417//2660
f 422//2661 421//2661 419//2661
f 424//2662 423//2662 421//2662
f 426//2663 425//2663 423//2663
f 428//2664 427//2664 425//2664
f 430//2665 429//2665 427//2665
f 432//2666 431//2666 429//2666
f 434//2667 433//2667 431//2667
f 436//2668 435//2668 433//2668
f 438//2669 437//2669 435//2669
f 440//2670 439//2670 437//2670
f 442//2671 441//2671 439//2671
f 444//2672 443//2672 441//2672
f 446//2673 445//2673 443//2673
f 448//2674 447//2674 445//2674
f 450//2675 449//2675 447//2675
f 452//2676 451//2676 449//2676
f 454//2677 453//2677 451//2677
f 456//2678 455//2678 453//2678
f 458//2679 457//2679 455//2679
f 460//2680 459//2680 457//2680
f 462//2681 461//2681 459//2681
f 464//2682 463//2682 461//2682
f 466//2683 465//2683 463//2683
f 468//2684 467//2684 465//2684
f 236//2685 235//2685 467//2685
f 1946//2686 1945//2686 1943//2686
f 1948//2687 1947//2687 1945//2687
f 1950//2688 1949//2688 1947//2688
f 1952//2689 1951//2689 1949//2689
f 1954//2690 1953//2690 1951//2690
f 1956//2691 1955//2691 1953//2691
f 1958//2692 1957//2692 1955//2692
f 1960//2693 1959//2693 1957//2693
f 1962//2694 1961//2694 1959//2694
f 1964//2695 1963//2695 1961//2695
f 1966//2696 1965//2696 1963//2696
f 1968//2697 1967//2697 1965//2697
f 1970//2698 1969//2698 1967//2698
f 1972//2699 1971//2699 1969//2699
f 1974//2700 1973//2700 1971//2700
f 1976//2701 1975//2701 1973//2701
f 1978//2702 1977//2702 1975//2702
f 1980//2703 1979//2703 1977//2703
f 1982//2704 1981//2704 1979//2704
f 1984//2705 1983//2705 1981//2705
f 1986//2706 1985//2706 1983//2706
f 1988//2707 1987//2707 1985//2707
f 1990//2708 1989//2708 1987//2708
f 1992//2709 1991//2709 1989//2709
f 1994//2710 1993//2710 1991//2710
f 1996//2711 1995//2711 1993//2711
f 1998//2712 1997//2712 1995//2712
f 2000//2713 1999//2713 1997//2713
f 2002//2714 2001//2714 1999//2714
f 2004//2715 2003//2715 2001//2715
f 2006//2716 2005//2716 2003//2716
f 2008//2717 2007//2717 2005//2717
f 2010//2718 2009//2718 2007//2718
f 2012//2719 2011//2719 2009//2719
f 2014//2720 2013//2720 2011//2720
f 2016//2721 2015//2721 2013//2721
f 2018//2722 2017//2722 2015//2722
f 2020//2723 2019//2723 2017//2723
f 2022//2724 2021//2724 2019//2724
f 2024//2725 2023//2725 2021//2725
f 2026//2726 2025//2726 2023//2726
f 2028//2727 2027//2727 2025//2727
f 2030//2728 2029//2728 2027//2728
f 2032//2729 2031//2729 2029//2729
f 2034//2730 2033//2730 2031//2730
f 2036//2731 2035//2731 2033//2731
f 2038//2732 2037//2732 2035//2732
f 2040//2733 2039//2733 2037//2733
f 2042//2734 2041//2734 2039//2734
f 2044//2735 2043//2735 2041//2735
f 2046//2736 2045//2736 2043//2736
f 2048//2737 2047//2737 2045//2737
f 2050//2738 2049//2738 2047//2738
f 2052//2739 2051//2739 2049//2739
f 2054//2740 2053//2740 2051//2740
f 2056//2741 2055//2741 2053//2741
f 2058//2742 2057//2742 2055//2742
f 2060//2743 2059//2743 2057//2743
f 2062//2744 2061//2744 2059//2744
f 2064//2745 2063//2745 2061//2745
f 2066//2746 2065//2746 2063//2746
f 2068//2747 2067//2747 2065//2747
f 2070//2748 2069//2748 2067//2748
f 2072//2749 2071//2749 2069//2749
f 2074//2750 2073//2750 2071//2750
f 2076//2751 2075//2751 2073//2751
f 2078//2752 2077//2752 2075//2752
f 2080//2753 2079//2753 2077//2753
f 2082//2754 2081//2754 2079//2754
f 2084//2755 2083//2755 2081//2755
f 2086//2756 2085//2756 2083//2756
f 2088//2757 2087//2757 2085//2757
f 2090//2758 2089//2758 2087//2758
f 2092//2759 2091//2759 2089//2759
f 2094//2760 2093//2760 2091//2760
f 2096//2761 2095//2761 2093//2761
f 2098//2762 2097//2762 2095//2762
f 2100//2763 2099//2763 2097//2763
f 2102//2764 2101//2764 2099//2764
f 2104//2765 2103//2765 2101//2765
f 2106//2766 2105//2766 2103//2766
f 2108//2767 2107//2767 2105//2767
f 2110//2768 2109//2768 2107//2768
f 2112//2769 2111//2769 2109//2769
f 2114//2770 2113//2770 2111//2770
f 2116//2771 2115//2771 2113//2771
f 2118//2772 2117//2772 2115//2772
f 2120//2773 2119//2773 2117//2773
f 2122//2774 2121//2774 2119//2774
f 2124//2775 2123//2775 2121//2775
f 2126//2776 2125//2776 2123//2776
f 1944//2777 1943//2777 2125//2777
f 2130//2778 2129//2778 2127//2778
f 2132//2779 2131//2779 2129//2779
f 2134//2780 2133//2780 2131//2780
f 2136//2781 2135//2781 2133//2781
f 2138//2782 2137//2782 2135//2782
f 2140//2783 2139//2783 2137//2783
f 2142//2784 2141//2784 2139//2784
f 2144//2785 2143//2785 2141//2785
f 2146//2786 2145//2786 2143//2786
f 2148//2787 2147//2787 2145//2787
f 2150//2788 2149//2788 2147//2788
f 2152//2789 2151//2789 2149//2789
f 2154//2790 2153//2790 2151//2790
f 2156//2791 2155//2791 2153//2791
f 2158//2792 2157//2792 2155//2792
f 2160//2793 2159//2793 2157//2793
f 2162//2794 2161//2794 2159//2794
f 2164//2795 2163//2795 2161//2795
f 2166//2796 2165//2796 2163//2796
f 2168//2797 2167//2797 2165//2797
f 2170//2798 2169//2798 2167//2798
f 2172//2799 2171//2799 2169//2799
f 2174//2800 2173//2800 2171//2800
f 2176//2801 2175//2801 2173//2801
f 2178//2802 2177//2802 2175//2802
f 2180//2803 2179//2803 2177//2803
f 2182//2804 2181//2804 2179//2804
f 2184//2805 2183//2805 2181//2805
f 2186//2806 2185//2806 2183//2806
f 2188//2807 2187//2807 2185//2807
f 2190//2808 2189//2808 2187//2808
f 2192//2809 2191//2809 2189//2809
f 2194//2810 2193//2810 2191//2810
f 2196//2811 2195//2811 2193//2811
f 2198//2812 2197//2812 2195//2812
f 2200//2813 2199//2813 2197//2813
f 2202//2814 2201//2814 2199//2814
f 2204//2815 2203//2815 2201//2815
f 2206//2816 2205//2816 2203//2816
f 2208//2817 2207//2817 2205//2817
f 2210//2818 2209//2818 2207//2818
f 2212//2819 2211//2819 2209//2819
f 2214//2820 2213//2820 2211//2820
f 2216//2821 2215//2821 2213//2821
f 2218//2822 2217//2822 2215//2822
f 2220//2823 2219//2823 2217//2823
f 2222//2824 2221//2824 2219//2824
f 2224//2825 2223//2825 2221//2825
f 2226//2826 2225//2826 2223//2826
f 2228//2827 2227//2827 2225//2827
f 2230//2828 2229//2828 2227//2828
f 2232//2829 2231//2829 2229//2829
f 2234//2830 2233//2830 2231//2830
f 2236//2831 2235//2831 2233//2831
f 2238//2832 2237//2832 2235//2832
f 2240//2833 2239//2833 2237//2833
f 2242//2834 2241//2834 2239//2834
f 2244//2835 2243//2835 2241//2835
f 2246//2836 2245//2836 2243//2836
f 2248//2837 2247//2837 2245//2837
f 2250//2838 2249//2838 2247//2838
f 2252//2839 2251//2839 2249//2839
f 2254//2840 2253//2840 2251//2840
f 2256//2841 2255//2841 2253//2841
f 2258//2842 2257//2842 2255//2842
f 2260//2843 2259//2843 2257//2843
f 2262//2844 2261//2844 2259//2844
f 2264//2845 2263//2845 2261//2845
f 2266//2846 2265//2846 2263//2846
f 2268//2847 2267//2847 2265//2847
f 2270//2848 2269//2848 2267//2848
f 2272//2849 2271//2849 2269//2849
f 2274//2850 2273//2850 2271//2850
f 2276//2851 2275//2851 2273//2851
f 2278//2852 2277//2852 2275//2852
f 2280//2853 2279//2853 2277//2853
f 2282//2854 2281//2854 2279//2854
f 2284//2855 2283//2855 2281//2855
f 2286//2856 2285//2856 2283//2856
f 2288//2857 2287//2857 2285//2857
f 2290//2858 2289//2858 2287//2858
f 2292//2859 2291//2859 2289//2859
f 2294//2860 2293//2860 2291//2860
f 2296//2861 2295//2861 2293//2861
f 2298//2862 2297//2862 2295//2862
f 2300//2863 2299//2863 2297//2863
f 2302//2864 2301//2864 2299//2864
f 2304//2865 2303//2865 2301//2865
f 2306//2866 2305//2866 2303//2866
f 2308//2867 2307//2867 2305//2867
f 2310//2868 2309//2868 2307//2868
f 2312//2869 2311//2869 2309//2869
f 2314//2870 2313//2870 2311//2870
f 2316//2871 2315//2871 2313//2871
f 2318//2872 2317//2872 2315//2872
f 2320//2873 2319//2873 2317//2873
f 2322//2874 2321//2874 2319//2874
f 2324//2875 2323//2875 2321//2875
f 2326//2876 2325//2876 2323//2876
f 2328//2877 2327//2877 2325//2877
f 2330//2878 2329//2878 2327//2878
f 2332//2879 2331//2879 2329//2879
f 2334//2880 2333//2880 2331//2880
f 2336//2881 2335//2881 2333//2881
f 2338//2882 2337//2882 2335//2882
f 2340//2883 2339//2883 2337//2883
f 2342//2884 2341//2884 2339//2884
f 2128//2885 2127//2885 2341//2885
f 2346//2886 2345//2886 2343//2886
f 2348//2887 2347//2887 2345//2887
f 2350//2888 2349//2888 2347//2888
f 2352//2889 2351//2889 2349//2889
f 2354//2890 2353//2890 2351//2890
f 2356//2891 2355//2891 2353//2891
f 2358//2892 2357//2892 2355//2892
f 2360//2893 2359//2893 2357//2893
f 2362//2894 2361//2894 2359//2894
f 2364//2895 2363//2895 2361//2895
f 2366//2896 2365//2896 2363//2896
f 2368//2897 2367//2897 2365//2897
f 2370//2898 2369//2898 2367//2898
f 2372//2899 2371//2899 2369//2899
f 2374//2900 2373//2900 2371//2900
f 2376//2901 2375//2901 2373//2901
f 2378//2902 2377//2902 2375//2902
f 2380//2903 2379//2903 2377//2903
f 2382//2904 2381//2904 2379//2904
f 2384//2905 2383//2905 2381//2905
f 2386//2906 2385//2906 2383//2906
f 2388//2907 2387//2907 2385//2907
f 2390//2908 2389//2908 2387//2908
f 2392//2909 2391//2909 2389//2909
f 2394//2910 2393//2910 2391//2910
f 2396//2911 2395//2911 2393//2911
f 2398//2912 2397//2912 2395//2912
f 2400//2913 2399//2913 2397//2913
f 2402//2914 2401//2914 2399//2914
f 2404//2915 2403//2915 2401//2915
f 2406//2916 2405//2916 2403//2916
f 2408//2917 2407//2917 2405//2917
f 2410//2918 2409//2918 2407//2918
f 2412//2919 2411//2919 2409//2919
f 2414//2920 2413//2920 2411//2920
f 2416//2921 2415//2921 2413//2921
f 2418//2922 2417//2922 2415//2922
f 2420//2923 2419//2923 2417//2923
f 2422//2924 2421//2924 2419//2924
f 2424//2925 2423//2925 2421//2925
f 2426//2926 2425//2926 2423//2926
f 2428//2927 2427//2927 2425//2927
f 2430//2928 2429//2928 2427//2928
f 2432//2929 2431//2929 2429//2929
f 2434//2930 2433//2930 2431//2930
f 2436//2931 2435//2931 2433//2931
f 2438//2932 2437//2932 2435//2932
f 2440//2933 2439//2933 2437//2933
f 2442//2934 2441//2934 2439//2934
f 2344//2935 2343//2935 2441//2935
f 2446//2936 2445//2936 2443//2936
f 2448//2937 2447//2937 2445//2937
f 2450//2938 2449//2938 2447//2938
f 2452//2939 2451//2939 2449//2939
f 2454//2940 2453//2940 2451//2940
f 2456//2941 2455//2941 2453//2941
f 2458//2942 2457//2942 2455//2942
f 2460//2943 2459//2943 2457//2943
f 2462//2944 2461//2944 2459//2944
f 2464//2945 2463//2945 2461//2945
f 2466//2946 2465//2946 2463//2946
f 2468//2947 2467//2947 2465//2947
f 2470//2948 2469//2948 2467//2948
f 2472//2949 2471//2949 2469//2949
f 2474//2950 2473//2950 2471//2950
f 2476//2951 2475//2951 2473//2951
f 2478//2952 2477//2952 2475//2952
f 2480//2953 2479//2953 2477//2953
f 2482//2954 2481//2954 2479//2954
f 2484//2955 2483//2955 2481//2955
f 2486//2956 2485//2956 2483//2956
f 2488//2957 2487//2957 2485//2957
f 2490//2958 2489//2958 2487//2958
f 2492//2959 2491//2959 2489//2959
f 2494//2960 2493//2960 2491//2960
f 2496//2961 2495//2961 2493//2961
f 2498//2962 2497//2962 2495//2962
f 2500//2963 2499//2963 2497//2963
f 2502//2964 2501//2964 2499//2964
f 2504//2965 2503//2965 2501//2965
f 2506//2966 2505//2966 2503//2966
f 2508//2967 2507//2967 2505//2967
f 2510//2968 2509//2968 2507//2968
f 2512//2969 2511//2969 2509//2969
f 2514//2970 2513//2970 2511//2970
f 2516//2971 2515//2971 2513//2971
f 2518//2972 2517//2972 2515//2972
f 2520//2973 2519//2973 2517//2973
f 2522//2974 2521//2974 2519//2974
f 2524//2975 2523//2975 2521//2975
f 2526//2976 2525//2976 2523//2976
f 2528//2977 2527//2977 2525//2977
f 2530//2978 2529//2978 2527//2978
f 2532//2979 2531//2979 2529//2979
f 2534//2980 2533//2980 2531//2980
f 2536//2981 2535//2981 2533//2981
f 2538//2982 2537//2982 2535//2982
f 2444//2983 2443//2983 2537//2983
f 2542//2984 2541//2984 2539//2984
f 2544//2985 2543//2985 2541//2985
f 2546//2986 2545//2986 2543//2986
f 2548//2987 2547//2987 2545//2987
f 2550//2988 2549//2988 2547//2988
f 2552//2989 2551//2989 2549//2989
f 2554//2990 2553//2990 2551//2990
f 2556//2991 2555//2991 2553//2991
f 2558//2992 2557//2992 2555//2992
f 2560//2993 2559//2993 2557//2993
f 2562//2994 2561//2994 2559//2994
f 2564//2995 2563//2995 2561//2995
f 2566//2996 2565//2996 2563//2996
f 2568//2997 2567//2997 2565//2997
f 2570//2998 2569//2998 2567//2998
f 2572//2999 2571//2999 2569//2999
f 2574//3000 2573//3000 2571//3000
f 2576//3001 2575//3001 2573//3001
f 2540//3002 2539//3002 2575//3002
f 2580//3003 2579//3003 2577//3003
f 2582//3004 2581//3004 2579//3004
f 2584//3005 2583//3005 2581//3005
f 2586//3006 2585//3006 2583//3006
f 2588//3007 2587//3007 2585//3007
f 2590//3008 2589//3008 2587//3008
f 2592//3009 2591//3009 2589//3009
f 2594//3010 2593//3010 2591//3010
f 2596//3011 2595//3011 2593//3011
f 2598//3012 2597//3012 2595//3012
f 2600//3013 2599//3013 2597//3013
f 2602//3014 2601//3014 2599//3014
f 2604//3015 2603//3015 2601//3015
f 2606//3016 2605//3016 2603//3016
f 2608//3017 2607//3017 2605//3017
f 2610//3018 2609//3018 2607//3018
f 2612//3019 2611//3019 2609//3019
f 2614//3020 2613//3020 2611//3020
f 2616//3021 2615//3021 2613//3021
f 2618//3022 2617//3022 2615//3022
f 2620//3023 2619//3023 2617//3023
f 2622//3024 2621//3024 2619//3024
f 2624//3025 2623//3025 2621//3025
f 2626//3026 2625//3026 2623//3026
f 2628//3027 2627//3027 2625//3027
f 2630//3028 2629//3028 2627//3028
f 2632//3029 2631//3029 2629//3029
f 2634//3030 2633//3030 2631//3030
f 2636//3031 2635//3031 2633//3031
f 2638//3032 2637//3032 2635//3032
f 2640//3033 2639//3033 2637//3033
f 2642//3034 2641//3034 2639//3034
f 2644//3035 2643//3035 2641//3035
f 2646//3036 2645//3036 2643//3036
f 2648//3037 2647//3037 2645//3037
f 2578//3038 2577//3038 2647//3038
f 2652//3039 2651//3039 2649//3039
f 2654//3040 2653//3040 2651//3040
f 2656//3041 2655//3041 2653//3041
f 2658//3042 2657//3042 2655//3042
f 2660//3043 2659//3043 2657//3043
f 2662//3044 2661//3044 2659//3044
f 2664//3045 2663//3045 2661//3045
f 2666//3046 2665//3046 2663//3046
f 2668//3047 2667//3047 2665//3047
f 2670//3048 2669//3048 2667//3048
f 2672//3049 2671//3049 2669//3049
f 2674//3050 2673//3050 2671//3050
f 2676//3051 2675//3051 2673//3051
f 2678//3052 2677//3052 2675//3052
f 2680//3053 2679//3053 2677//3053
f 2682//3054 2681//3054 2679//3054
f 2684//3055 2683//3055 2681//3055
f 2686//3056 2685//3056 2683//3056
f 2688//3057 2687//3057 2685//3057
f 2690//3058 2689//3058 2687//3058
f 2692//3059 2691//3059 2689//3059
f 2694//3060 2693//3060 2691//3060
f 2696//3061 2695//3061 2693//3061
f 2698//3062 2697//3062 2695//3062
f 2700//3063 2699//3063 2697//3063
f 2702//3064 2701//3064 2699//3064
f 2704//3065 2703//3065 2701//3065
f 2706//3066 2705//3066 2703//3066
f 2708//3067 2707//3067 2705//3067
f 2710//3068 2709//3068 2707//3068
f 2712//3069 2711//3069 2709//3069
f 2714//3070 2713//3070 2711//3070
f 2716//3071 2715//3071 2713//3071
f 2718//3072 2717//3072 2715//3072
f 2720//3073 2719//3073 2717//3073
f 2722//3074 2721//3074 2719//3074
f 2724//3075 2723//3075 2721//3075
f 2726//3076 2725//3076 2723//3076
f 2728//3077 2727//3077 2725//3077
f 2730//3078 2729//3078 2727//3078
f 2732//3079 2731//3079 2729//3079
f 2734//3080 2733//3080 2731//3080
f 2736//3081 2735//3081 2733//3081
f 2738//3082 2737//3082 2735//3082
f 2740//3083 2739//3083 2737//3083
f 2742//3084 2741//3084 2739//3084
f 2744//3085 2743//3085 2741//3085
f 2746//3086 2745//3086 2743//3086
f 2748//3087 2747//3087 2745//3087
f 2750//3088 2749//3088 2747//3088
f 2752//3089 2751//3089 2749//3089
f 2754//3090 2753//3090 2751//3090
f 2756//3091 2755//3091 2753//3091
f 2758//3092 2757//3092 2755//3092
f 2760//3093 2759//3093 2757//3093
f 2762//3094 2761//3094 2759//3094
f 2764//3095 2763//3095 2761//3095
f 2766//3096 2765//3096 2763//3096
f 2768//3097 2767//3097 2765//3097
f 2770//3098 2769//3098 2767//3098
f 2772//3099 2771//3099 2769//3099
f 2774//3100 2773//3100 2771//3100
f 2776//3101 2775//3101 2773//3101
f 2778//3102 2777//3102 2775//3102
f 2780//3103 2779//3103 2777//3103
f 2782//3104 2781//3104 2779//3104
f 2784//3105 2783//3105 2781//3105
f 2786//3106 2785//3106 2783//3106
f 2788//3107 2787//3107 2785//3107
f 2790//3108 2789//3108 2787//3108
f 2792//3109 2791//3109 2789//3109
f 2794//3110 2793//3110 2791//3110
f 2796//3111 2795//3111 2793//3111
f 2798//3112 2797//3112 2795//3112
f 2800//3113 2799//3113 2797//3113
f 2802//3114 2801//3114 2799//3114
f 2804//3115 2803//3115 2801//3115
f 2806//3116 2805//3116 2803//3116
f 2808//3117 2807//3117 2805//3117
f 2650//3118 2649//3118 2807//3118
f 2812//3119 2811//3119 2809//3119
f 2814//3120 2813//3120 2811//3120
f 2816//3121 2815//3121 2813//3121
f 2818//3122 2817//3122 2815//3122
f 2820//3123 2819//3123 2817//3123
f 2822//3124 2821//3124 2819//3124
f 2824//3125 2823//3125 2821//3125
f 2826//3126 2825//3126 2823//3126
f 2828//3127 2827//3127 2825//3127
f 2830//3128 2829//3128 2827//3128
f 2832//3129 2831//3129 2829//3129
f 2834//3130 2833//3130 2831//3130
f 2836//3131 2835//3131 2833//3131
f 2838//3132 2837//3132 2835//3132
f 2840//3133 2839//3133 2837//3133
f 2842//3134 2841//3134 2839//3134
f 2844//3135 2843//3135 2841//3135
f 2846//3136 2845//3136 2843//3136
f 2848//3137 2847//3137 2845//3137
f 2850//3138 2849//3138 2847//3138
f 2852//3139 2851//3139 2849//3139
f 2854//3140 2853//3140 2851//3140
f 2856//3141 2855//3141 2853//3141
f 2858//3142 2857//3142 2855//3142
f 2860//3143 2859//3143 2857//3143
f 2862//3144 2861//3144 2859//3144
f 2810//3145 2809//3145 2861//3145
f 2866//3146 2865//3146 2863//3146
f 2868//3147 2867//3147 2865//3147
f 2870//3148 2869//3148 2867//3148
f 2872//3149 2871//3149 2869//3149
f 2874//3150 2873//3150 2871//3150
f 2876//3151 2875//3151 2873//3151
f 2878//3152 2877//3152 2875//3152
f 2880//3153 2879//3153 2877//3153
f 2882//3154 2881//3154 2879//3154
f 2884//3155 2883//3155 2881//3155
f 2886//3156 2885//3156 2883//3156
f 2888//3157 2887//3157 2885//3157
f 2890//3158 2889//3158 2887//3158
f 2892//3159 2891//3159 2889//3159
f 2894//3160 2893//3160 2891//3160
f 2896//3161 2895//3161 2893//3161
f 2898//3162 2897//3162 2895//3162
f 2900//3163 2899//3163 2897//3163
f 2902//3164 2901//3164 2899//3164
f 2904//3165 2903//3165 2901//3165
f 2906//3166 2905//3166 2903//3166
f 2908//3167 2907//3167 2905//3167
f 2910//3168 2909//3168 2907//3168
f 2912//3169 2911//3169 2909//3169
f 2914//3170 2913//3170 2911//3170
f 2916//3171 2915//3171 2913//3171
f 2918//3172 2917//3172 2915//3172
f 2920//3173 2919//3173 2917//3173
f 2922//3174 2921//3174 2919//3174
f 2924//3175 2923//3175 2921//3175
f 2926//3176 2925//3176 2923//3176
f 2928//3177 2927//3177 2925//3177
f 2930//3178 2929//3178 2927//3178
f 2932//3179 2931//3179 2929//3179
f 2934//3180 2933//3180 2931//3180
f 2936//3181 2935//3181 2933//3181
f 2938//3182 2937//3182 2935//3182
f 2940//3183 2939//3183 2937//3183
f 2942//3184 2941//3184 2939//3184
f 2944//3185 2943//3185 2941//3185
f 2946//3186 2945//3186 2943//3186
f 2948//3187 2947//3187 2945//3187
f 2950//3188 2949//3188 2947//3188
f 2952//3189 2951//3189 2949//3189
f 2954//3190 2953//3190 2951//3190
f 2956//3191 2955//3191 2953//3191
f 2958//3192 2957//3192 2955//3192
f 2960//3193 2959//3193 2957//3193
f 2962//3194 2961//3194 2959//3194
f 2964//3195 2963//3195 2961//3195
f 2966//3196 2965//3196 2963//3196
f 2968//3197 2967//3197 2965//3197
f 2970//3198 2969//3198 2967//3198
f 2972//3199 2971//3199 2969//3199
f 2974//3200 2973//3200 2971//3200
f 2976//3201 2975//3201 2973//3201
f 2978//3202 2977//3202 2975//3202
f 2980//3203 2979//3203 2977//3203
f 2982//3204 2981//3204 2979//3204
f 2984//3205 2983//3205 2981//3205
f 2986//3206 2985//3206 2983//3206
f 2988//3207 2987//3207 2985//3207
f 2990//3208 2989//3208 2987//3208
f 2992//3209 2991//3209 2989//3209
f 2994//3210 2993//3210 2991//3210
f 2996//3211 2995//3211 2993//3211
f 2998//3212 2997//3212 2995//3212
f 3000//3213 2999//3213 2997//3213
f 3002//3214 3001//3214 2999//3214
f 3004//3215 3003//3215 3001//3215
f 3006//3216 3005//3216 3003//3216
f 3008//3217 3007//3217 3005//3217
f 3010//3218 3009//3218 3007//3218
f 3012//3219 3011//3219 3009//3219
f 3014//3220 3013//3220 3011//3220
f 3016//3221 3015//3221 3013//3221
f 3018//3222 3017//3222 3015//3222
f 3020//3223 3019//3223 3017//3223
f 3022//3224 3021//3224 3019//3224
f 3024//3225 3023//3225 3021//3225
f 3026//3226 3025//3226 3023//3226
f 3028//3227 3027//3227 3025//3227
f 3030//3228 3029//3228 3027//3228
f 3032//3229 3031//3229 3029//3229
f 3034//3230 3033//3230 3031//3230
f 3036//3231 3035//3231 3033//3231
f 3038//3232 3037//3232 3035//3232
f 3040//3233 3039//3233 3037//3233
f 3042//3234 3041//3234 3039//3234
f 3044//3235 3043//3235 3041//3235
f 3046//3236 3045//3236 3043//3236
f 2864//3237 2863//3237 3045//3237
f 3050//3238 3049//3238 3047//3238
f 3052//3239 3051//3239 3049//3239
f 3054//3240 3053//3240 3051//3240
f 3056//3241 3055//3241 3053//3241
f 3058//3242 3057//3242 3055//3242
f 3060//3243 3059//3243 3057//3243
f 3062//3244 3061//3244 3059//3244
f 3064//3245 3063//3245 3061//3245
f 3066//3246 3065//3246 3063//3246
f 3068//3247 3067//3247 3065//3247
f 3070//3248 3069//3248 3067//3248
f 3072//3249 3071//3249 3069//3249
f 3074//3250 3073//3250 3071//3250
f 3076//3251 3075//3251 3073//3251
f 3078//3252 3077//3252 3075//3252
f 3080//3253 3079//3253 3077//3253
f 3082//3254 3081//3254 3079//3254
f 3084//3255 3083//3255 3081//3255
f 3086//3256 3085//3256 3083//3256
f 3088//3257 3087//3257 3085//3257
f 3090//3258 3089//3258 3087//3258
f 3092//3259 3091//3259 3089//3259
f 3094//3260 3093//3260 3091//3260
f 3096//3261 3095//3261 3093//3261
f 3098//3262 3097//3262 3095//3262
f 3100//3263 3099//3263 3097//3263
f 3102//3264 3101//3264 3099//3264
f 3104//3265 3103//3265 3101//3265
f 3106//3266 3105//3266 3103//3266
f 3108//3267 3107//3267 3105//3267
f 3110//3268 3109//3268 3107//3268
f 3112//3269 3111//3269 3109//3269
f 3114//3270 3113//3270 3111//3270
f 3116//3271 3115//3271 3113//3271
f 3118//3272 3117//3272 3115//3272
f 3120//3273 3119//3273 3117//3273
f 3122//3274 3121//3274 3119//3274
f 3124//3275 3123//3275 3121//3275
f 3126//3276 3125//3276 3123//3276
f 3128//3277 3127//3277 3125//3277
f 3130//3278 3129//3278 3127//3278
f 3132//3279 3131//3279 3129//3279
f 3134//3280 3133//3280 3131//3280
f 3136//3281 3135//3281 3133//3281
f 3138//3282 3137//3282 3135//3282
f 3140//3283 3139//3283 3137//3283
f 3142//3284 3141//3284 3139//3284
f 3144//3285 3143//3285 3141//3285
f 3146//3286 3145//3286 3143//3286
f 3148//3287 3147//3287 3145//3287
f 3150//3288 3149//3288 3147//3288
f 3152//3289 3151//3289 3149//3289
f 3154//3290 3153//3290 3151//3290
f 3156//3291 3155//3291 3153//3291
f 3158//3292 3157//3292 3155//3292
f 3160//3293 3159//3293 3157//3293
f 3162//3294 3161//3294 3159//3294
f 3164//3295 3163//3295 3161//3295
f 3166//3296 3165//3296 3163//3296
f 3168//3297 3167//3297 3165//3297
f 3170//3298 3169//3298 3167//3298
f 3172//3299 3171//3299 3169//3299
f 3174//3300 3173//3300 3171//3300
f 3176//3301 3175//3301 3173//3301
f 3178//3302 3177//3302 3175//3302
f 3180//3303 3179//3303 3177//3303
f 3182//3304 3181//3304 3179//3304
f 3184//3305 3183//3305 3181//3305
f 3186//3306 3185//3306 3183//3306
f 3188//3307 3187//3307 3185//3307
f 3190//3308 3189//3308 3187//3308
f 3192//3309 3191//3309 3189//3309
f 3194//3310 3193//3310 3191//3310
f 3196//3311 3195//3311 3193//3311
f 3198//3312 3197//3312 3195//3312
f 3200//3313 3199//3313 3197//3313
f 3202//3314 3201//3314 3199//3314
f 3048//3315 3047//3315 3201//3315
f 3206//3316 3205//3316 3203//3316
f 3208//3317 3207//3317 3205//3317
f 3210//3318 3209//3318 3207//3318
f 3212//3319 3211//3319 3209//3319
f 3214//3320 3213//3320 3211//3320
f 3216//3321 3215//3321 3213//3321
f 3218//3322 3217//3322 3215//3322
f 3220//3323 3219//3323 3217//3323
f 3222//3324 3221//3324 3219//3324
f 3224//3325 3223//3325 3221//3325
f 3226//3326 3225//3326 3223//3326
f 3228//3327 3227//3327 3225//3327
f 3230//3328 3229//3328 3227//3328
f 3232//3329 3231//3329 3229//3329
f 3234//3330 3233//3330 3231//3330
f 3236//3331 3235//3331 3233//3331
f 3238//3332 3237//3332 3235//3332
f 3240//3333 3239//3333 3237//3333
f 3242//3334 3241//3334 3239//3334
f 3244//3335 3243//3335 3241//3335
f 3246//3336 3245//3336 3243//3336
f 3248//3337 3247//3337 3245//3337
f 3250//3338 3249//3338 3247//3338
f 3252//3339 3251//3339 3249//3339
f 3254//3340 3253//3340 3251//3340
f 3256//3341 3255//3341 3253//3341
f 3258//3342 3257//3342 3255//3342
f 3260//3343 3259//3343 3257//3343
f 3262//3344 3261//3344 3259//3344
f 3264//3345 3263//3345 3261//3345
f 3266//3346 3265//3346 3263//3346
f 3268//3347 3267//3347 3265//3347
f 3270//3348 3269//3348 3267//3348
f 3272//3349 3271//3349 3269//3349
f 3274//3350 3273//3350 3271//3350
f 3276//3351 3275//3351 3273//3351
f 3278//3352 3277//3352 3275//3352
f 3280//3353 3279//3353 3277//3353
f 3282//3354 3281//3354 3279//3354
f 3284//3355 3283//3355 3281//3355
f 3286//3356 3285//3356 3283//3356
f 3288//3357 3287//3357 3285//3357
f 3290//3358 3289//3358 3287//3358
f 3292//3359 3291//3359 3289//3359
f 3294//3360 3293//3360 3291//3360
f 3296//3361 3295//3361 3293//3361
f 3298//3362 3297//3362 3295//3362
f 3300//3363 3299//3363 3297//3363
f 3302//3364 3301//3364 3299//3364
f 3304//3365 3303//3365 3301//3365
f 3306//3366 3305//3366 3303//3366
f 3308//3367 3307//3367 3305//3367
f 3310//3368 3309//3368 3307//3368
f 3312//3369 3311//3369 3309//3369
f 3314//3370 3313//3370 3311//3370
f 3316//3371 3315//3371 3313//3371
f 3318//3372 3317//3372 3315//3372
f 3320//3373 3319//3373 3317//3373
f 3322//3374 3321//3374 3319//3374
f 3324//3375 3323//3375 3321//3375
f 3326//3376 3325//3376 3323//3376
f 3328//3377 3327//3377 3325//3377
f 3330//3378 3329//3378 3327//3378
f 3332//3379 3331//3379 3329//3379
f 3334//3380 3333//3380 3331//3380
f 3336//3381 3335//3381 3333//3381
f 3338//3382 3337//3382 3335//3382
f 3340//3383 3339//3383 3337//3383
f 3342//3384 3341//3384 3339//3384
f 3344//3385 3343//3385 3341//3385
f 3346//3386 3345//3386 3343//3386
f 3348//3387 3347//3387 3345//3387
f 3350//3388 3349//3388 3347//3388
f 3352//3389 3351//3389 3349//3389
f 3354//3390 3353//3390 3351//3390
f 3356//3391 3355//3391 3353//3391
f 3358//3392 3357//3392 3355//3392
f 3360//3393 3359//3393 3357//3393
f 3362//3394 3361//3394 3359//3394
f 3204//3395 3203//3395 3361//3395
f 3366//3396 3365//3396 3363//3396
f 3368//3397 3367//3397 3365//3397
f 3370//3398 3369//3398 3367//3398
f 3372//3399 3371//3399 3369//3399
f 3374//3400 3373//3400 3371//3400
f 3376//3401 3375//3401 3373//3401
f 3378//3402 3377//3402 3375//3402
f 3380//3403 3379//3403 3377//3403
f 3382//3404 3381//3404 3379//3404
f 3384//3405 3383//3405 3381//3405
f 3386//3406 3385//3406 3383//3406
f 3388//3407 3387//3407 3385//3407
f 3390//3408 3389//3408 3387//3408
f 3392//3409 3391//3409 3389//3409
f 3394//3410 3393//3410 3391//3410
f 3396//3411 3395//3411 3393//3411
f 3398//3412 3397//3412 3395//3412
f 3400//3413 3399//3413 3397//3413
f 3402//3414 3401//3414 3399//3414
f 3404//3415 3403//3415 3401//3415
f 3406//3416 3405//3416 3403//3416
f 3408//3417 3407//3417 3405//3417
f 3410//3418 3409//3418 3407//3418
f 3412//3419 3411//3419 3409//3419
f 3414//3420 3413//3420 3411//3420
f 3416//3421 3415//3421 3413//3421
f 3364//3422 3363//3422 3415//3422
f 3417//3423 3428//3423 3418//3423
f 3428//3424 3427//3424 3423//3424
f 3418//3425 3428//3425 3419//3425
f 3427//3426 3426//3426 3424//3426
f 3426//3427 3425//3427 3424//3427
f 3419//3428 3428//3428 3421//3428
f 3421//3429 3420//3429 3419//3429
f 3421//3430 3428//3430 3423//3430
f 3427//3431 3424//3431 3423//3431
f 3440//3432 3429//3432 3430//3432
f 3431//3433 3432//3433 3433//3433
f 3440//3434 3430//3434 3431//3434
f 3437//3435 3438//3435 3436//3435
f 3438//3436 3439//3436 3436//3436
f 3439//3437 3440//3437 3435//3437
f 3440//3438 3431//3438 3433//3438
f 3435//3439 3440//3439 3433//3439
f 3433//3440 3434//3440 3435//3440
f 3418//3441 3430//3441 3429//3441
f 3419//3442 3431//3442 3430//3442
f 3419//3443 3420//3443 3432//3443
f 3421//3444 3433//3444 3432//3444
f 3422//3445 3434//3445 3433//3445
f 3423//3446 3435//3446 3434//3446
f 3424//3447 3436//3447 3435//3447
f 3425//3448 3437//3448 3436//3448
f 3426//3449 3438//3449 3437//3449
f 3427//3450 3439//3450 3438//3450
f 3428//3451 3440//3451 3439//3451
f 3417//3452 3429//3452 3440//3452
f 3441//3453 3446//3453 3445//3453
f 3445//3454 3444//3454 3443//3454
f 3443//3455 3442//3455 3441//3455
f 3452//3456 3447//3456 3451//3456
f 3447//3457 3448//3457 3449//3457
f 3451//3458 3447//3458 3449//3458
f 3442//3459 3448//3459 3447//3459
f 3443//3460 3449//3460 3448//3460
f 3444//3461 3450//3461 3449//3461
f 3445//3462 3451//3462 3450//3462
f 3446//3463 3452//3463 3451//3463
f 3441//3464 3447//3464 3452//3464
f 3455//3465 3454//3465 3453//3465
f 3457//3466 3458//3466 3459//3466
f 3454//3467 3458//3467 3457//3467
f 3455//3468 3459//3468 3458//3468
f 3456//3469 3460//3469 3459//3469
f 3453//3470 3457//3470 3460//3470
f 3463//3471 3462//3471 3461//3471
f 3465//3472 3466//3472 3467//3472
f 3462//3473 3466//3473 3465//3473
f 3463//3474 3467//3474 3466//3474
f 3464//3475 3468//3475 3467//3475
f 3461//3476 3465//3476 3468//3476
