# Original asset generated in Blender
v 0.034729 0.866284 0.156000
v 0.035959 0.862438 0.156000
v 0.036839 0.858284 0.156000
v 0.037366 0.853822 0.156000
v 0.037542 0.849052 0.156000
v 0.037542 0.795420 0.156000
v 0.037245 0.790816 0.156000
v 0.036355 0.786497 0.156000
v 0.034871 0.782463 0.156000
v 0.032794 0.778716 0.156000
v 0.030184 0.775314 0.156000
v 0.027101 0.772319 0.156000
v 0.023546 0.769731 0.156000
v 0.019518 0.767550 0.156000
v 0.015095 0.765819 0.156000
v 0.010353 0.764582 0.156000
v 0.005292 0.763841 0.156000
v -0.000088 0.763593 0.156000
v -0.005303 0.763835 0.156000
v -0.010221 0.764560 0.156000
v -0.014842 0.765769 0.156000
v -0.019167 0.767462 0.156000
v -0.023112 0.769594 0.156000
v -0.026596 0.772122 0.156000
v -0.029618 0.775045 0.156000
v -0.032179 0.778364 0.156000
v -0.034218 0.782013 0.156000
v -0.035674 0.785925 0.156000
v -0.036547 0.790101 0.156000
v -0.036839 0.794541 0.156000
v -0.036839 0.798410 0.156000
v -0.036800 0.798833 0.156000
v -0.036685 0.799223 0.156000
v -0.036493 0.799580 0.156000
v -0.036223 0.799904 0.156000
v -0.035899 0.800174 0.156000
v -0.035542 0.800366 0.156000
v -0.035152 0.800481 0.156000
v -0.034729 0.800520 0.156000
v -0.018551 0.800520 0.156000
v -0.018128 0.800481 0.156000
v -0.017738 0.800366 0.156000
v -0.017381 0.800174 0.156000
v -0.017057 0.799904 0.156000
v -0.016787 0.799580 0.156000
v -0.016595 0.799223 0.156000
v -0.016480 0.798833 0.156000
v -0.016441 0.798410 0.156000
v -0.016441 0.797179 0.156000
v -0.016155 0.793821 0.156000
v -0.015298 0.790783 0.156000
v -0.013869 0.788063 0.156000
v -0.011869 0.785661 0.156000
v -0.009418 0.783700 0.156000
v -0.006638 0.782298 0.156000
v -0.003528 0.781458 0.156000
v -0.000088 0.781177 0.156000
v 0.003522 0.781469 0.156000
v 0.006792 0.782342 0.156000
v 0.009721 0.783798 0.156000
v 0.012309 0.785837 0.156000
v 0.014424 0.788337 0.156000
v 0.015936 0.791178 0.156000
v 0.016842 0.794360 0.156000
v 0.017144 0.797882 0.156000
v 0.017144 0.817225 0.156000
v 0.017123 0.817467 0.156000
v 0.017057 0.817664 0.156000
v 0.016947 0.817818 0.156000
v 0.016793 0.817928 0.156000
v 0.016617 0.817983 0.156000
v 0.016441 0.817972 0.156000
v 0.016265 0.817895 0.156000
v 0.016089 0.817752 0.156000
v 0.011968 0.814521 0.156000
v 0.007166 0.812213 0.156000
v 0.001681 0.810829 0.156000
v -0.004484 0.810367 0.156000
v -0.009512 0.810642 0.156000
v -0.014221 0.811466 0.156000
v -0.018612 0.812840 0.156000
v -0.022683 0.814763 0.156000
v -0.026382 0.817203 0.156000
v -0.029651 0.820126 0.156000
v -0.032492 0.823533 0.156000
v -0.034904 0.827424 0.156000
v -0.037058 0.832083 0.156000
v -0.038597 0.837271 0.156000
v -0.039520 0.842985 0.156000
v -0.039828 0.849228 0.156000
v -0.039608 0.854426 0.156000
v -0.038949 0.859295 0.156000
v -0.037850 0.863834 0.156000
v -0.036311 0.868043 0.156000
v -0.033893 0.872780 0.156000
v -0.030860 0.876967 0.156000
v -0.027211 0.880604 0.156000
v -0.022947 0.883693 0.156000
v -0.018167 0.886154 0.156000
v -0.012968 0.887913 0.156000
v -0.007352 0.888968 0.156000
v -0.001319 0.889320 0.156000
v 0.005039 0.888940 0.156000
v 0.010924 0.887803 0.156000
v 0.016337 0.885907 0.156000
v 0.021277 0.883253 0.156000
v 0.025645 0.879918 0.156000
v 0.029343 0.875978 0.156000
v 0.032371 0.871433 0.156000
v 0.014331 0.836391 0.156000
v 0.015562 0.839359 0.156000
v 0.016441 0.842634 0.156000
v 0.016969 0.846217 0.156000
v 0.017144 0.850107 0.156000
v 0.017002 0.853349 0.156000
v 0.016573 0.856393 0.156000
v 0.015859 0.859240 0.156000
v 0.014859 0.861888 0.156000
v 0.012287 0.866120 0.156000
v 0.008792 0.869142 0.156000
v 0.004374 0.870955 0.156000
v -0.000967 0.871560 0.156000
v -0.006176 0.870966 0.156000
v -0.010550 0.869186 0.156000
v -0.014089 0.866218 0.156000
v -0.016793 0.862064 0.156000
v -0.017947 0.859108 0.156000
v -0.018771 0.856042 0.156000
v -0.019266 0.852866 0.156000
v -0.019430 0.849580 0.156000
v -0.019233 0.845766 0.156000
v -0.018639 0.842238 0.156000
v -0.017650 0.838996 0.156000
v -0.016265 0.836040 0.156000
v -0.013474 0.832347 0.156000
v -0.010023 0.829709 0.156000
v -0.005913 0.828127 0.156000
v -0.001143 0.827599 0.156000
v 0.003912 0.828149 0.156000
v 0.008177 0.829797 0.156000
v 0.011649 0.832545 0.156000
v 0.034729 0.866284 0.154000
v 0.035959 0.862438 0.154000
v 0.036839 0.858284 0.154000
v 0.037366 0.853822 0.154000
v 0.037542 0.849052 0.154000
v 0.037542 0.795420 0.154000
v 0.037245 0.790816 0.154000
v 0.036355 0.786497 0.154000
v 0.034871 0.782463 0.154000
v 0.032794 0.778716 0.154000
v 0.030184 0.775314 0.154000
v 0.027101 0.772319 0.154000
v 0.023546 0.769731 0.154000
v 0.019518 0.767550 0.154000
v 0.015095 0.765819 0.154000
v 0.010353 0.764582 0.154000
v 0.005292 0.763841 0.154000
v -0.000088 0.763593 0.154000
v -0.005303 0.763835 0.154000
v -0.010221 0.764560 0.154000
v -0.014842 0.765769 0.154000
v -0.019167 0.767462 0.154000
v -0.023112 0.769594 0.154000
v -0.026596 0.772122 0.154000
v -0.029618 0.775045 0.154000
v -0.032179 0.778364 0.154000
v -0.034218 0.782013 0.154000
v -0.035674 0.785925 0.154000
v -0.036547 0.790101 0.154000
v -0.036839 0.794541 0.154000
v -0.036839 0.798410 0.154000
v -0.036800 0.798833 0.154000
v -0.036685 0.799223 0.154000
v -0.036493 0.799580 0.154000
v -0.036223 0.799904 0.154000
v -0.035899 0.800174 0.154000
v -0.035542 0.800366 0.154000
v -0.035152 0.800481 0.154000
v -0.034729 0.800520 0.154000
v -0.018551 0.800520 0.154000
v -0.018128 0.800481 0.154000
v -0.017738 0.800366 0.154000
v -0.017381 0.800174 0.154000
v -0.017057 0.799904 0.154000
v -0.016787 0.799580 0.154000
v -0.016595 0.799223 0.154000
v -0.016480 0.798833 0.154000
v -0.016441 0.798410 0.154000
v -0.016441 0.797179 0.154000
v -0.016155 0.793821 0.154000
v -0.015298 0.790783 0.154000
v -0.013869 0.788063 0.154000
v -0.011869 0.785661 0.154000
v -0.009418 0.783700 0.154000
v -0.006638 0.782298 0.154000
v -0.003528 0.781458 0.154000
v -0.000088 0.781177 0.154000
v 0.003522 0.781469 0.154000
v 0.006792 0.782342 0.154000
v 0.009721 0.783798 0.154000
v 0.012309 0.785837 0.154000
v 0.014424 0.788337 0.154000
v 0.015936 0.791178 0.154000
v 0.016842 0.794360 0.154000
v 0.017144 0.797882 0.154000
v 0.017144 0.817225 0.154000
v 0.017123 0.817467 0.154000
v 0.017057 0.817664 0.154000
v 0.016947 0.817818 0.154000
v 0.016793 0.817928 0.154000
v 0.016617 0.817983 0.154000
v 0.016441 0.817972 0.154000
v 0.016265 0.817895 0.154000
v 0.016089 0.817752 0.154000
v 0.011968 0.814521 0.154000
v 0.007166 0.812213 0.154000
v 0.001681 0.810829 0.154000
v -0.004484 0.810367 0.154000
v -0.009512 0.810642 0.154000
v -0.014221 0.811466 0.154000
v -0.018612 0.812840 0.154000
v -0.022683 0.814763 0.154000
v -0.026382 0.817203 0.154000
v -0.029651 0.820126 0.154000
v -0.032492 0.823533 0.154000
v -0.034904 0.827424 0.154000
v -0.037058 0.832083 0.154000
v -0.038597 0.837271 0.154000
v -0.039520 0.842985 0.154000
v -0.039828 0.849228 0.154000
v -0.039608 0.854426 0.154000
v -0.038949 0.859295 0.154000
v -0.037850 0.863834 0.154000
v -0.036311 0.868043 0.154000
v -0.033893 0.872780 0.154000
v -0.030860 0.876967 0.154000
v -0.027211 0.880604 0.154000
v -0.022947 0.883693 0.154000
v -0.018167 0.886154 0.154000
v -0.012968 0.887913 0.154000
v -0.007352 0.888968 0.154000
v -0.001319 0.889320 0.154000
v 0.005039 0.888940 0.154000
v 0.010924 0.887803 0.154000
v 0.016337 0.885907 0.154000
v 0.021277 0.883253 0.154000
v 0.025645 0.879918 0.154000
v 0.029343 0.875978 0.154000
v 0.032371 0.871433 0.154000
v 0.014331 0.836391 0.154000
v 0.015562 0.839359 0.154000
v 0.016441 0.842634 0.154000
v 0.016969 0.846217 0.154000
v 0.017144 0.850107 0.154000
v 0.017002 0.853349 0.154000
v 0.016573 0.856393 0.154000
v 0.015859 0.859240 0.154000
v 0.014859 0.861888 0.154000
v 0.012287 0.866120 0.154000
v 0.008792 0.869142 0.154000
v 0.004374 0.870955 0.154000
v -0.000967 0.871560 0.154000
v -0.006176 0.870966 0.154000
v -0.010550 0.869186 0.154000
v -0.014089 0.866218 0.154000
v -0.016793 0.862064 0.154000
v -0.017947 0.859108 0.154000
v -0.018771 0.856042 0.154000
v -0.019266 0.852866 0.154000
v -0.019430 0.849580 0.154000
v -0.019233 0.845766 0.154000
v -0.018639 0.842238 0.154000
v -0.017650 0.838996 0.154000
v -0.016265 0.836040 0.154000
v -0.013474 0.832347 0.154000
v -0.010023 0.829709 0.154000
v -0.005913 0.828127 0.154000
v -0.001143 0.827599 0.154000
v 0.003912 0.828149 0.154000
v 0.008177 0.829797 0.154000
v 0.011649 0.832545 0.154000
v 0.034729 0.866284 0.154000
v 0.034729 0.866284 0.156000
v 0.035959 0.862438 0.154000
v 0.035959 0.862438 0.156000
v 0.036839 0.858284 0.154000
v 0.036839 0.858284 0.156000
v 0.037366 0.853822 0.154000
v 0.037366 0.853822 0.156000
v 0.037542 0.849052 0.154000
v 0.037542 0.849052 0.156000
v 0.037542 0.795420 0.154000
v 0.037542 0.795420 0.156000
v 0.037245 0.790816 0.154000
v 0.037245 0.790816 0.156000
v 0.036355 0.786497 0.154000
v 0.036355 0.786497 0.156000
v 0.034871 0.782463 0.154000
v 0.034871 0.782463 0.156000
v 0.032794 0.778716 0.154000
v 0.032794 0.778716 0.156000
v 0.030184 0.775314 0.154000
v 0.030184 0.775314 0.156000
v 0.027101 0.772319 0.154000
v 0.027101 0.772319 0.156000
v 0.023546 0.769731 0.154000
v 0.023546 0.769731 0.156000
v 0.019518 0.767550 0.154000
v 0.019518 0.767550 0.156000
v 0.015095 0.765819 0.154000
v 0.015095 0.765819 0.156000
v 0.010353 0.764582 0.154000
v 0.010353 0.764582 0.156000
v 0.005292 0.763841 0.154000
v 0.005292 0.763841 0.156000
v -0.000088 0.763593 0.154000
v -0.000088 0.763593 0.156000
v -0.005303 0.763835 0.154000
v -0.005303 0.763835 0.156000
v -0.010221 0.764560 0.154000
v -0.010221 0.764560 0.156000
v -0.014842 0.765769 0.154000
v -0.014842 0.765769 0.156000
v -0.019167 0.767462 0.154000
v -0.019167 0.767462 0.156000
v -0.023112 0.769594 0.154000
v -0.023112 0.769594 0.156000
v -0.026596 0.772122 0.154000
v -0.026596 0.772122 0.156000
v -0.029618 0.775045 0.154000
v -0.029618 0.775045 0.156000
v -0.032179 0.778364 0.154000
v -0.032179 0.778364 0.156000
v -0.034218 0.782013 0.154000
v -0.034218 0.782013 0.156000
v -0.035674 0.785925 0.154000
v -0.035674 0.785925 0.156000
v -0.036547 0.790101 0.154000
v -0.036547 0.790101 0.156000
v -0.036839 0.794541 0.154000
v -0.036839 0.794541 0.156000
v -0.036839 0.798410 0.154000
v -0.036839 0.798410 0.156000
v -0.036800 0.798833 0.154000
v -0.036800 0.798833 0.156000
v -0.036685 0.799223 0.154000
v -0.036685 0.799223 0.156000
v -0.036493 0.799580 0.154000
v -0.036493 0.799580 0.156000
v -0.036223 0.799904 0.154000
v -0.036223 0.799904 0.156000
v -0.035899 0.800174 0.154000
v -0.035899 0.800174 0.156000
v -0.035542 0.800366 0.154000
v -0.035542 0.800366 0.156000
v -0.035152 0.800481 0.154000
v -0.035152 0.800481 0.156000
v -0.034729 0.800520 0.154000
v -0.034729 0.800520 0.156000
v -0.018551 0.800520 0.154000
v -0.018551 0.800520 0.156000
v -0.018128 0.800481 0.154000
v -0.018128 0.800481 0.156000
v -0.017738 0.800366 0.154000
v -0.017738 0.800366 0.156000
v -0.017381 0.800174 0.154000
v -0.017381 0.800174 0.156000
v -0.017057 0.799904 0.154000
v -0.017057 0.799904 0.156000
v -0.016787 0.799580 0.154000
v -0.016787 0.799580 0.156000
v -0.016595 0.799223 0.154000
v -0.016595 0.799223 0.156000
v -0.016480 0.798833 0.154000
v -0.016480 0.798833 0.156000
v -0.016441 0.798410 0.154000
v -0.016441 0.798410 0.156000
v -0.016441 0.797179 0.154000
v -0.016441 0.797179 0.156000
v -0.016155 0.793821 0.154000
v -0.016155 0.793821 0.156000
v -0.015298 0.790783 0.154000
v -0.015298 0.790783 0.156000
v -0.013869 0.788063 0.154000
v -0.013869 0.788063 0.156000
v -0.011869 0.785661 0.154000
v -0.011869 0.785661 0.156000
v -0.009418 0.783700 0.154000
v -0.009418 0.783700 0.156000
v -0.006638 0.782298 0.154000
v -0.006638 0.782298 0.156000
v -0.003528 0.781458 0.154000
v -0.003528 0.781458 0.156000
v -0.000088 0.781177 0.154000
v -0.000088 0.781177 0.156000
v 0.003522 0.781469 0.154000
v 0.003522 0.781469 0.156000
v 0.006792 0.782342 0.154000
v 0.006792 0.782342 0.156000
v 0.009721 0.783798 0.154000
v 0.009721 0.783798 0.156000
v 0.012309 0.785837 0.154000
v 0.012309 0.785837 0.156000
v 0.014424 0.788337 0.154000
v 0.014424 0.788337 0.156000
v 0.015936 0.791178 0.154000
v 0.015936 0.791178 0.156000
v 0.016842 0.794360 0.154000
v 0.016842 0.794360 0.156000
v 0.017144 0.797882 0.154000
v 0.017144 0.797882 0.156000
v 0.017144 0.817225 0.154000
v 0.017144 0.817225 0.156000
v 0.017123 0.817467 0.154000
v 0.017123 0.817467 0.156000
v 0.017057 0.817664 0.154000
v 0.017057 0.817664 0.156000
v 0.016947 0.817818 0.154000
v 0.016947 0.817818 0.156000
v 0.016793 0.817928 0.154000
v 0.016793 0.817928 0.156000
v 0.016617 0.817983 0.154000
v 0.016617 0.817983 0.156000
v 0.016441 0.817972 0.154000
v 0.016441 0.817972 0.156000
v 0.016265 0.817895 0.154000
v 0.016265 0.817895 0.156000
v 0.016089 0.817752 0.154000
v 0.016089 0.817752 0.156000
v 0.011968 0.814521 0.154000
v 0.011968 0.814521 0.156000
v 0.007166 0.812213 0.154000
v 0.007166 0.812213 0.156000
v 0.001681 0.810829 0.154000
v 0.001681 0.810829 0.156000
v -0.004484 0.810367 0.154000
v -0.004484 0.810367 0.156000
v -0.009512 0.810642 0.154000
v -0.009512 0.810642 0.156000
v -0.014221 0.811466 0.154000
v -0.014221 0.811466 0.156000
v -0.018612 0.812840 0.154000
v -0.018612 0.812840 0.156000
v -0.022683 0.814763 0.154000
v -0.022683 0.814763 0.156000
v -0.026382 0.817203 0.154000
v -0.026382 0.817203 0.156000
v -0.029651 0.820126 0.154000
v -0.029651 0.820126 0.156000
v -0.032492 0.823533 0.154000
v -0.032492 0.823533 0.156000
v -0.034904 0.827424 0.154000
v -0.034904 0.827424 0.156000
v -0.037058 0.832083 0.154000
v -0.037058 0.832083 0.156000
v -0.038597 0.837271 0.154000
v -0.038597 0.837271 0.156000
v -0.039520 0.842985 0.154000
v -0.039520 0.842985 0.156000
v -0.039828 0.849228 0.154000
v -0.039828 0.849228 0.156000
v -0.039608 0.854426 0.154000
v -0.039608 0.854426 0.156000
v -0.038949 0.859295 0.154000
v -0.038949 0.859295 0.156000
v -0.037850 0.863834 0.154000
v -0.037850 0.863834 0.156000
v -0.036311 0.868043 0.154000
v -0.036311 0.868043 0.156000
v -0.033893 0.872780 0.154000
v -0.033893 0.872780 0.156000
v -0.030860 0.876967 0.154000
v -0.030860 0.876967 0.156000
v -0.027211 0.880604 0.154000
v -0.027211 0.880604 0.156000
v -0.022947 0.883693 0.154000
v -0.022947 0.883693 0.156000
v -0.018167 0.886154 0.154000
v -0.018167 0.886154 0.156000
v -0.012968 0.887913 0.154000
v -0.012968 0.887913 0.156000
v -0.007352 0.888968 0.154000
v -0.007352 0.888968 0.156000
v -0.001319 0.889320 0.154000
v -0.001319 0.889320 0.156000
v 0.005039 0.888940 0.154000
v 0.005039 0.888940 0.156000
v 0.010924 0.887803 0.154000
v 0.010924 0.887803 0.156000
v 0.016337 0.885907 0.154000
v 0.016337 0.885907 0.156000
v 0.021277 0.883253 0.154000
v 0.021277 0.883253 0.156000
v 0.025645 0.879918 0.154000
v 0.025645 0.879918 0.156000
v 0.029343 0.875978 0.154000
v 0.029343 0.875978 0.156000
v 0.032371 0.871433 0.154000
v 0.032371 0.871433 0.156000
v 0.014331 0.836391 0.154000
v 0.014331 0.836391 0.156000
v 0.015562 0.839359 0.154000
v 0.015562 0.839359 0.156000
v 0.016441 0.842634 0.154000
v 0.016441 0.842634 0.156000
v 0.016969 0.846217 0.154000
v 0.016969 0.846217 0.156000
v 0.017144 0.850107 0.154000
v 0.017144 0.850107 0.156000
v 0.017002 0.853349 0.154000
v 0.017002 0.853349 0.156000
v 0.016573 0.856393 0.154000
v 0.016573 0.856393 0.156000
v 0.015859 0.859240 0.154000
v 0.015859 0.859240 0.156000
v 0.014859 0.861888 0.154000
v 0.014859 0.861888 0.156000
v 0.012287 0.866120 0.154000
v 0.012287 0.866120 0.156000
v 0.008792 0.869142 0.154000
v 0.008792 0.869142 0.156000
v 0.004374 0.870955 0.154000
v 0.004374 0.870955 0.156000
v -0.000967 0.871560 0.154000
v -0.000967 0.871560 0.156000
v -0.006176 0.870966 0.154000
v -0.006176 0.870966 0.156000
v -0.010550 0.869186 0.154000
v -0.010550 0.869186 0.156000
v -0.014089 0.866218 0.154000
v -0.014089 0.866218 0.156000
v -0.016793 0.862064 0.154000
v -0.016793 0.862064 0.156000
v -0.017947 0.859108 0.154000
v -0.017947 0.859108 0.156000
v -0.018771 0.856042 0.154000
v -0.018771 0.856042 0.156000
v -0.019266 0.852866 0.154000
v -0.019266 0.852866 0.156000
v -0.019430 0.849580 0.154000
v -0.019430 0.849580 0.156000
v -0.019233 0.845766 0.154000
v -0.019233 0.845766 0.156000
v -0.018639 0.842238 0.154000
v -0.018639 0.842238 0.156000
v -0.017650 0.838996 0.154000
v -0.017650 0.838996 0.156000
v -0.016265 0.836040 0.154000
v -0.016265 0.836040 0.156000
v -0.013474 0.832347 0.154000
v -0.013474 0.832347 0.156000
v -0.010023 0.829709 0.154000
v -0.010023 0.829709 0.156000
v -0.005913 0.828127 0.154000
v -0.005913 0.828127 0.156000
v -0.001143 0.827599 0.154000
v -0.001143 0.827599 0.156000
v 0.003912 0.828149 0.154000
v 0.003912 0.828149 0.156000
v 0.008177 0.829797 0.154000
v 0.008177 0.829797 0.156000
v 0.011649 0.832545 0.154000
v 0.011649 0.832545 0.156000
v 0.064842 0.237000 0.156000
v 0.064748 0.237009 0.156000
v 0.064661 0.237034 0.156000
v 0.064582 0.237077 0.156000
v 0.064510 0.237136 0.156000
v 0.064451 0.237208 0.156000
v 0.064408 0.237288 0.156000
v 0.064382 0.237374 0.156000
v 0.064374 0.237468 0.156000
v 0.064374 0.263826 0.156000
v 0.064382 0.263919 0.156000
v 0.064408 0.264006 0.156000
v 0.064451 0.264085 0.156000
v 0.064510 0.264157 0.156000
v 0.064582 0.264217 0.156000
v 0.064661 0.264259 0.156000
v 0.064748 0.264285 0.156000
v 0.064842 0.264294 0.156000
v 0.068429 0.264294 0.156000
v 0.068523 0.264285 0.156000
v 0.068609 0.264259 0.156000
v 0.068688 0.264217 0.156000
v 0.068760 0.264157 0.156000
v 0.068820 0.264085 0.156000
v 0.068863 0.264006 0.156000
v 0.068888 0.263919 0.156000
v 0.068897 0.263826 0.156000
v 0.068897 0.241094 0.156000
v 0.068909 0.241009 0.156000
v 0.068946 0.240948 0.156000
v 0.069006 0.240911 0.156000
v 0.069092 0.240899 0.156000
v 0.082154 0.240899 0.156000
v 0.082247 0.240891 0.156000
v 0.082334 0.240865 0.156000
v 0.082413 0.240822 0.156000
v 0.082485 0.240763 0.156000
v 0.082545 0.240691 0.156000
v 0.082587 0.240611 0.156000
v 0.082613 0.240525 0.156000
v 0.082622 0.240431 0.156000
v 0.082622 0.237468 0.156000
v 0.082613 0.237374 0.156000
v 0.082587 0.237288 0.156000
v 0.082545 0.237208 0.156000
v 0.082485 0.237136 0.156000
v 0.082413 0.237077 0.156000
v 0.082334 0.237034 0.156000
v 0.082247 0.237009 0.156000
v 0.082154 0.237000 0.156000
v 0.056030 0.237000 0.156000
v 0.055852 0.237024 0.156000
v 0.055708 0.237097 0.156000
v 0.055598 0.237219 0.156000
v 0.055523 0.237390 0.156000
v 0.054236 0.241562 0.156000
v 0.054195 0.241630 0.156000
v 0.054149 0.241679 0.156000
v 0.054097 0.241708 0.156000
v 0.054041 0.241718 0.156000
v 0.043748 0.241718 0.156000
v 0.043692 0.241708 0.156000
v 0.043640 0.241679 0.156000
v 0.043594 0.241630 0.156000
v 0.043553 0.241562 0.156000
v 0.042266 0.237390 0.156000
v 0.042191 0.237219 0.156000
v 0.042081 0.237097 0.156000
v 0.041937 0.237024 0.156000
v 0.041759 0.237000 0.156000
v 0.037860 0.237000 0.156000
v 0.037750 0.237009 0.156000
v 0.037655 0.237034 0.156000
v 0.037575 0.237077 0.156000
v 0.037509 0.237136 0.156000
v 0.037463 0.237213 0.156000
v 0.037441 0.237307 0.156000
v 0.037443 0.237418 0.156000
v 0.037470 0.237546 0.156000
v 0.045931 0.263904 0.156000
v 0.046007 0.264074 0.156000
v 0.046116 0.264196 0.156000
v 0.046260 0.264269 0.156000
v 0.046438 0.264294 0.156000
v 0.051312 0.264294 0.156000
v 0.051490 0.264269 0.156000
v 0.051634 0.264196 0.156000
v 0.051743 0.264074 0.156000
v 0.051819 0.263904 0.156000
v 0.060319 0.237546 0.156000
v 0.060336 0.237504 0.156000
v 0.060348 0.237458 0.156000
v 0.060355 0.237407 0.156000
v 0.060358 0.237351 0.156000
v 0.060331 0.237197 0.156000
v 0.060251 0.237088 0.156000
v 0.060117 0.237022 0.156000
v 0.059929 0.237000 0.156000
v 0.044761 0.245500 0.156000
v 0.044757 0.245398 0.156000
v 0.044781 0.245325 0.156000
v 0.044835 0.245281 0.156000
v 0.044917 0.245266 0.156000
v 0.052833 0.245266 0.156000
v 0.052930 0.245281 0.156000
v 0.052989 0.245325 0.156000
v 0.053008 0.245398 0.156000
v 0.052989 0.245500 0.156000
v 0.048972 0.258562 0.156000
v 0.048951 0.258630 0.156000
v 0.048924 0.258679 0.156000
v 0.048892 0.258708 0.156000
v 0.048856 0.258718 0.156000
v 0.048819 0.258708 0.156000
v 0.048787 0.258679 0.156000
v 0.048760 0.258630 0.156000
v 0.048739 0.258562 0.156000
v 0.030530 0.237000 0.156000
v 0.030349 0.237022 0.156000
v 0.030198 0.237088 0.156000
v 0.030077 0.237197 0.156000
v 0.029984 0.237351 0.156000
v 0.024837 0.248580 0.156000
v 0.024793 0.248649 0.156000
v 0.024740 0.248697 0.156000
v 0.024676 0.248726 0.156000
v 0.024603 0.248736 0.156000
v 0.019924 0.248736 0.156000
v 0.019839 0.248724 0.156000
v 0.019778 0.248688 0.156000
v 0.019742 0.248627 0.156000
v 0.019729 0.248541 0.156000
v 0.019729 0.237468 0.156000
v 0.019721 0.237374 0.156000
v 0.019695 0.237288 0.156000
v 0.019653 0.237208 0.156000
v 0.019593 0.237136 0.156000
v 0.019521 0.237077 0.156000
v 0.019442 0.237034 0.156000
v 0.019355 0.237009 0.156000
v 0.019261 0.237000 0.156000
v 0.015674 0.237000 0.156000
v 0.015580 0.237009 0.156000
v 0.015494 0.237034 0.156000
v 0.015415 0.237077 0.156000
v 0.015343 0.237136 0.156000
v 0.015283 0.237208 0.156000
v 0.015241 0.237288 0.156000
v 0.015215 0.237374 0.156000
v 0.015206 0.237468 0.156000
v 0.015206 0.263826 0.156000
v 0.015215 0.263919 0.156000
v 0.015241 0.264006 0.156000
v 0.015283 0.264085 0.156000
v 0.015343 0.264157 0.156000
v 0.015415 0.264217 0.156000
v 0.015494 0.264259 0.156000
v 0.015580 0.264285 0.156000
v 0.015674 0.264294 0.156000
v 0.026397 0.264294 0.156000
v 0.027552 0.264231 0.156000
v 0.028639 0.264045 0.156000
v 0.029657 0.263734 0.156000
v 0.030608 0.263299 0.156000
v 0.031473 0.262751 0.156000
v 0.032236 0.262100 0.156000
v 0.032896 0.261347 0.156000
v 0.033454 0.260492 0.156000
v 0.033898 0.259553 0.156000
v 0.034214 0.258547 0.156000
v 0.034405 0.257476 0.156000
v 0.034468 0.256339 0.156000
v 0.034381 0.255044 0.156000
v 0.034122 0.253849 0.156000
v 0.033689 0.252753 0.156000
v 0.033084 0.251758 0.156000
v 0.032325 0.250884 0.156000
v 0.031431 0.250154 0.156000
v 0.030404 0.249568 0.156000
v 0.029243 0.249126 0.156000
v 0.029207 0.249121 0.156000
v 0.029175 0.249107 0.156000
v 0.029148 0.249082 0.156000
v 0.029126 0.249048 0.156000
v 0.029112 0.249009 0.156000
v 0.029107 0.248970 0.156000
v 0.029112 0.248931 0.156000
v 0.029126 0.248892 0.156000
v 0.034624 0.237546 0.156000
v 0.034658 0.237473 0.156000
v 0.034682 0.237409 0.156000
v 0.034697 0.237356 0.156000
v 0.034702 0.237312 0.156000
v 0.034675 0.237175 0.156000
v 0.034595 0.237078 0.156000
v 0.034461 0.237019 0.156000
v 0.034273 0.237000 0.156000
v 0.019924 0.260394 0.156000
v 0.019839 0.260382 0.156000
v 0.019778 0.260346 0.156000
v 0.019742 0.260285 0.156000
v 0.019729 0.260200 0.156000
v 0.019729 0.252440 0.156000
v 0.019742 0.252355 0.156000
v 0.019778 0.252294 0.156000
v 0.019839 0.252258 0.156000
v 0.019924 0.252245 0.156000
v 0.025773 0.252245 0.156000
v 0.026664 0.252315 0.156000
v 0.027464 0.252523 0.156000
v 0.028175 0.252871 0.156000
v 0.028795 0.253357 0.156000
v 0.029298 0.253957 0.156000
v 0.029657 0.254648 0.156000
v 0.029873 0.255429 0.156000
v 0.029945 0.256300 0.156000
v 0.029873 0.257173 0.156000
v 0.029657 0.257958 0.156000
v 0.029298 0.258655 0.156000
v 0.028795 0.259264 0.156000
v 0.028175 0.259758 0.156000
v 0.027464 0.260112 0.156000
v 0.026664 0.260324 0.156000
v 0.025773 0.260394 0.156000
v 0.010606 0.260862 0.156000
v 0.010597 0.260769 0.156000
v 0.010571 0.260682 0.156000
v 0.010529 0.260603 0.156000
v 0.010469 0.260531 0.156000
v 0.010397 0.260471 0.156000
v 0.010318 0.260429 0.156000
v 0.010231 0.260403 0.156000
v 0.010138 0.260394 0.156000
v -0.003158 0.260394 0.156000
v -0.003244 0.260382 0.156000
v -0.003304 0.260346 0.156000
v -0.003341 0.260285 0.156000
v -0.003353 0.260200 0.156000
v -0.003353 0.252908 0.156000
v -0.003341 0.252823 0.156000
v -0.003304 0.252762 0.156000
v -0.003244 0.252725 0.156000
v -0.003158 0.252713 0.156000
v 0.005771 0.252713 0.156000
v 0.005864 0.252705 0.156000
v 0.005951 0.252679 0.156000
v 0.006030 0.252637 0.156000
v 0.006102 0.252577 0.156000
v 0.006162 0.252505 0.156000
v 0.006204 0.252426 0.156000
v 0.006230 0.252339 0.156000
v 0.006239 0.252245 0.156000
v 0.006239 0.249282 0.156000
v 0.006230 0.249188 0.156000
v 0.006204 0.249102 0.156000
v 0.006162 0.249023 0.156000
v 0.006102 0.248951 0.156000
v 0.006030 0.248891 0.156000
v 0.005951 0.248848 0.156000
v 0.005864 0.248823 0.156000
v 0.005771 0.248814 0.156000
v -0.003158 0.248814 0.156000
v -0.003244 0.248802 0.156000
v -0.003304 0.248765 0.156000
v -0.003341 0.248705 0.156000
v -0.003353 0.248619 0.156000
v -0.003353 0.241094 0.156000
v -0.003341 0.241009 0.156000
v -0.003304 0.240948 0.156000
v -0.003244 0.240911 0.156000
v -0.003158 0.240899 0.156000
v 0.010138 0.240899 0.156000
v 0.010231 0.240891 0.156000
v 0.010318 0.240865 0.156000
v 0.010397 0.240822 0.156000
v 0.010469 0.240763 0.156000
v 0.010529 0.240691 0.156000
v 0.010571 0.240611 0.156000
v 0.010597 0.240525 0.156000
v 0.010606 0.240431 0.156000
v 0.010606 0.237468 0.156000
v 0.010597 0.237374 0.156000
v 0.010571 0.237288 0.156000
v 0.010529 0.237208 0.156000
v 0.010469 0.237136 0.156000
v 0.010397 0.237077 0.156000
v 0.010318 0.237034 0.156000
v 0.010231 0.237009 0.156000
v 0.010138 0.237000 0.156000
v -0.007408 0.237000 0.156000
v -0.007502 0.237009 0.156000
v -0.007589 0.237034 0.156000
v -0.007668 0.237077 0.156000
v -0.007740 0.237136 0.156000
v -0.007799 0.237208 0.156000
v -0.007842 0.237288 0.156000
v -0.007868 0.237374 0.156000
v -0.007876 0.237468 0.156000
v -0.007876 0.263826 0.156000
v -0.007868 0.263919 0.156000
v -0.007842 0.264006 0.156000
v -0.007799 0.264085 0.156000
v -0.007740 0.264157 0.156000
v -0.007668 0.264217 0.156000
v -0.007589 0.264259 0.156000
v -0.007502 0.264285 0.156000
v -0.007408 0.264294 0.156000
v 0.010138 0.264294 0.156000
v 0.010231 0.264285 0.156000
v 0.010318 0.264259 0.156000
v 0.010397 0.264217 0.156000
v 0.010469 0.264157 0.156000
v 0.010529 0.264085 0.156000
v 0.010571 0.264006 0.156000
v 0.010597 0.263919 0.156000
v 0.010606 0.263826 0.156000
v -0.018092 0.263826 0.156000
v -0.018083 0.263919 0.156000
v -0.018058 0.264006 0.156000
v -0.018015 0.264085 0.156000
v -0.017955 0.264157 0.156000
v -0.017883 0.264217 0.156000
v -0.017804 0.264259 0.156000
v -0.017718 0.264285 0.156000
v -0.017624 0.264294 0.156000
v -0.014037 0.264294 0.156000
v -0.013943 0.264285 0.156000
v -0.013856 0.264259 0.156000
v -0.013777 0.264217 0.156000
v -0.013705 0.264157 0.156000
v -0.013646 0.264085 0.156000
v -0.013603 0.264006 0.156000
v -0.013577 0.263919 0.156000
v -0.013569 0.263826 0.156000
v -0.013569 0.237468 0.156000
v -0.013577 0.237374 0.156000
v -0.013603 0.237288 0.156000
v -0.013646 0.237208 0.156000
v -0.013705 0.237136 0.156000
v -0.013777 0.237077 0.156000
v -0.013856 0.237034 0.156000
v -0.013943 0.237009 0.156000
v -0.014037 0.237000 0.156000
v -0.017507 0.237000 0.156000
v -0.017687 0.237019 0.156000
v -0.017838 0.237078 0.156000
v -0.017960 0.237175 0.156000
v -0.018053 0.237312 0.156000
v -0.029282 0.255716 0.156000
v -0.029321 0.255766 0.156000
v -0.029360 0.255798 0.156000
v -0.029399 0.255814 0.156000
v -0.029438 0.255813 0.156000
v -0.029472 0.255795 0.156000
v -0.029497 0.255759 0.156000
v -0.029511 0.255707 0.156000
v -0.029516 0.255638 0.156000
v -0.029438 0.237468 0.156000
v -0.029447 0.237374 0.156000
v -0.029472 0.237288 0.156000
v -0.029515 0.237208 0.156000
v -0.029575 0.237136 0.156000
v -0.029646 0.237077 0.156000
v -0.029726 0.237034 0.156000
v -0.029812 0.237009 0.156000
v -0.029906 0.237000 0.156000
v -0.033493 0.237000 0.156000
v -0.033587 0.237009 0.156000
v -0.033673 0.237034 0.156000
v -0.033753 0.237077 0.156000
v -0.033825 0.237136 0.156000
v -0.033884 0.237208 0.156000
v -0.033927 0.237288 0.156000
v -0.033952 0.237374 0.156000
v -0.033961 0.237468 0.156000
v -0.033961 0.263826 0.156000
v -0.033952 0.263919 0.156000
v -0.033927 0.264006 0.156000
v -0.033884 0.264085 0.156000
v -0.033825 0.264157 0.156000
v -0.033753 0.264217 0.156000
v -0.033673 0.264259 0.156000
v -0.033587 0.264285 0.156000
v -0.033493 0.264294 0.156000
v -0.030023 0.264294 0.156000
v -0.029843 0.264274 0.156000
v -0.029692 0.264216 0.156000
v -0.029570 0.264118 0.156000
v -0.029477 0.263982 0.156000
v -0.018287 0.245578 0.156000
v -0.018248 0.245528 0.156000
v -0.018209 0.245495 0.156000
v -0.018170 0.245479 0.156000
v -0.018131 0.245480 0.156000
v -0.018097 0.245499 0.156000
v -0.018072 0.245534 0.156000
v -0.018058 0.245587 0.156000
v -0.018053 0.245656 0.156000
v -0.038562 0.260862 0.156000
v -0.038570 0.260769 0.156000
v -0.038596 0.260682 0.156000
v -0.038639 0.260603 0.156000
v -0.038698 0.260531 0.156000
v -0.038770 0.260471 0.156000
v -0.038849 0.260429 0.156000
v -0.038936 0.260403 0.156000
v -0.039030 0.260394 0.156000
v -0.052326 0.260394 0.156000
v -0.052411 0.260382 0.156000
v -0.052472 0.260346 0.156000
v -0.052508 0.260285 0.156000
v -0.052521 0.260200 0.156000
v -0.052521 0.252908 0.156000
v -0.052508 0.252823 0.156000
v -0.052472 0.252762 0.156000
v -0.052411 0.252725 0.156000
v -0.052326 0.252713 0.156000
v -0.043397 0.252713 0.156000
v -0.043303 0.252705 0.156000
v -0.043216 0.252679 0.156000
v -0.043137 0.252637 0.156000
v -0.043065 0.252577 0.156000
v -0.043006 0.252505 0.156000
v -0.042963 0.252426 0.156000
v -0.042937 0.252339 0.156000
v -0.042929 0.252245 0.156000
v -0.042929 0.249282 0.156000
v -0.042937 0.249188 0.156000
v -0.042963 0.249102 0.156000
v -0.043006 0.249023 0.156000
v -0.043065 0.248951 0.156000
v -0.043137 0.248891 0.156000
v -0.043216 0.248848 0.156000
v -0.043303 0.248823 0.156000
v -0.043397 0.248814 0.156000
v -0.052326 0.248814 0.156000
v -0.052411 0.248802 0.156000
v -0.052472 0.248765 0.156000
v -0.052508 0.248705 0.156000
v -0.052521 0.248619 0.156000
v -0.052521 0.241094 0.156000
v -0.052508 0.241009 0.156000
v -0.052472 0.240948 0.156000
v -0.052411 0.240911 0.156000
v -0.052326 0.240899 0.156000
v -0.039030 0.240899 0.156000
v -0.038936 0.240891 0.156000
v -0.038849 0.240865 0.156000
v -0.038770 0.240822 0.156000
v -0.038698 0.240763 0.156000
v -0.038639 0.240691 0.156000
v -0.038596 0.240611 0.156000
v -0.038570 0.240525 0.156000
v -0.038562 0.240431 0.156000
v -0.038562 0.237468 0.156000
v -0.038570 0.237374 0.156000
v -0.038596 0.237288 0.156000
v -0.038639 0.237208 0.156000
v -0.038698 0.237136 0.156000
v -0.038770 0.237077 0.156000
v -0.038849 0.237034 0.156000
v -0.038936 0.237009 0.156000
v -0.039030 0.237000 0.156000
v -0.056576 0.237000 0.156000
v -0.056670 0.237009 0.156000
v -0.056756 0.237034 0.156000
v -0.056835 0.237077 0.156000
v -0.056907 0.237136 0.156000
v -0.056967 0.237208 0.156000
v -0.057009 0.237288 0.156000
v -0.057035 0.237374 0.156000
v -0.057044 0.237468 0.156000
v -0.057044 0.263826 0.156000
v -0.057035 0.263919 0.156000
v -0.057009 0.264006 0.156000
v -0.056967 0.264085 0.156000
v -0.056907 0.264157 0.156000
v -0.056835 0.264217 0.156000
v -0.056756 0.264259 0.156000
v -0.056670 0.264285 0.156000
v -0.056576 0.264294 0.156000
v -0.039030 0.264294 0.156000
v -0.038936 0.264285 0.156000
v -0.038849 0.264259 0.156000
v -0.038770 0.264217 0.156000
v -0.038698 0.264157 0.156000
v -0.038639 0.264085 0.156000
v -0.038596 0.264006 0.156000
v -0.038570 0.263919 0.156000
v -0.038562 0.263826 0.156000
v -0.071821 0.236688 0.156000
v -0.073239 0.236760 0.156000
v -0.074570 0.236976 0.156000
v -0.075813 0.237335 0.156000
v -0.076968 0.237838 0.156000
v -0.078016 0.238473 0.156000
v -0.078937 0.239227 0.156000
v -0.079731 0.240101 0.156000
v -0.080399 0.241094 0.156000
v -0.080928 0.242186 0.156000
v -0.081306 0.243356 0.156000
v -0.081532 0.244603 0.156000
v -0.081608 0.245929 0.156000
v -0.081608 0.255365 0.156000
v -0.081532 0.256706 0.156000
v -0.081306 0.257962 0.156000
v -0.080928 0.259133 0.156000
v -0.080399 0.260219 0.156000
v -0.079731 0.261204 0.156000
v -0.078937 0.262071 0.156000
v -0.078016 0.262822 0.156000
v -0.076968 0.263455 0.156000
v -0.075813 0.263959 0.156000
v -0.074570 0.264318 0.156000
v -0.073239 0.264534 0.156000
v -0.071821 0.264606 0.156000
v -0.070421 0.264535 0.156000
v -0.069106 0.264323 0.156000
v -0.067877 0.263969 0.156000
v -0.066733 0.263475 0.156000
v -0.065693 0.262858 0.156000
v -0.064778 0.262139 0.156000
v -0.063988 0.261318 0.156000
v -0.063321 0.260394 0.156000
v -0.062792 0.259388 0.156000
v -0.062415 0.258318 0.156000
v -0.062188 0.257185 0.156000
v -0.062112 0.255989 0.156000
v -0.062112 0.255677 0.156000
v -0.062121 0.255583 0.156000
v -0.062147 0.255496 0.156000
v -0.062189 0.255417 0.156000
v -0.062249 0.255345 0.156000
v -0.062321 0.255285 0.156000
v -0.062400 0.255243 0.156000
v -0.062486 0.255217 0.156000
v -0.062580 0.255209 0.156000
v -0.066128 0.255209 0.156000
v -0.066222 0.255217 0.156000
v -0.066309 0.255243 0.156000
v -0.066388 0.255285 0.156000
v -0.066460 0.255345 0.156000
v -0.066520 0.255417 0.156000
v -0.066562 0.255496 0.156000
v -0.066588 0.255583 0.156000
v -0.066596 0.255677 0.156000
v -0.066596 0.255872 0.156000
v -0.066685 0.256878 0.156000
v -0.066952 0.257792 0.156000
v -0.067397 0.258613 0.156000
v -0.068020 0.259342 0.156000
v -0.068791 0.259939 0.156000
v -0.069681 0.260365 0.156000
v -0.070692 0.260621 0.156000
v -0.071821 0.260706 0.156000
v -0.072952 0.260617 0.156000
v -0.073966 0.260351 0.156000
v -0.074862 0.259906 0.156000
v -0.075642 0.259283 0.156000
v -0.076273 0.258514 0.156000
v -0.076724 0.257631 0.156000
v -0.076995 0.256633 0.156000
v -0.077085 0.255521 0.156000
v -0.077085 0.245773 0.156000
v -0.076990 0.244660 0.156000
v -0.076705 0.243663 0.156000
v -0.076230 0.242779 0.156000
v -0.075564 0.242010 0.156000
v -0.074748 0.241388 0.156000
v -0.073819 0.240943 0.156000
v -0.072779 0.240676 0.156000
v -0.071626 0.240587 0.156000
v -0.070519 0.240664 0.156000
v -0.069535 0.240894 0.156000
v -0.068676 0.241278 0.156000
v -0.067942 0.241815 0.156000
v -0.067353 0.242487 0.156000
v -0.066933 0.243273 0.156000
v -0.066680 0.244173 0.156000
v -0.066596 0.245188 0.156000
v -0.066596 0.247606 0.156000
v -0.066609 0.247691 0.156000
v -0.066645 0.247752 0.156000
v -0.066706 0.247788 0.156000
v -0.066791 0.247800 0.156000
v -0.071587 0.247800 0.156000
v -0.071681 0.247809 0.156000
v -0.071767 0.247835 0.156000
v -0.071847 0.247877 0.156000
v -0.071919 0.247937 0.156000
v -0.071978 0.248009 0.156000
v -0.072021 0.248088 0.156000
v -0.072047 0.248174 0.156000
v -0.072055 0.248268 0.156000
v -0.072055 0.251154 0.156000
v -0.072047 0.251247 0.156000
v -0.072021 0.251334 0.156000
v -0.071978 0.251413 0.156000
v -0.071919 0.251485 0.156000
v -0.071847 0.251545 0.156000
v -0.071767 0.251587 0.156000
v -0.071681 0.251613 0.156000
v -0.071587 0.251622 0.156000
v -0.062580 0.251622 0.156000
v -0.062486 0.251613 0.156000
v -0.062400 0.251587 0.156000
v -0.062321 0.251545 0.156000
v -0.062249 0.251485 0.156000
v -0.062189 0.251413 0.156000
v -0.062147 0.251334 0.156000
v -0.062121 0.251247 0.156000
v -0.062112 0.251154 0.156000
v -0.062112 0.246163 0.156000
v -0.062277 0.244045 0.156000
v -0.062770 0.242176 0.156000
v -0.063593 0.240555 0.156000
v -0.064744 0.239183 0.156000
v -0.066174 0.238092 0.156000
v -0.067829 0.237312 0.156000
v -0.069712 0.236844 0.156000
v 0.064842 0.237000 0.154000
v 0.064748 0.237009 0.154000
v 0.064661 0.237034 0.154000
v 0.064582 0.237077 0.154000
v 0.064510 0.237136 0.154000
v 0.064451 0.237208 0.154000
v 0.064408 0.237288 0.154000
v 0.064382 0.237374 0.154000
v 0.064374 0.237468 0.154000
v 0.064374 0.263826 0.154000
v 0.064382 0.263919 0.154000
v 0.064408 0.264006 0.154000
v 0.064451 0.264085 0.154000
v 0.064510 0.264157 0.154000
v 0.064582 0.264217 0.154000
v 0.064661 0.264259 0.154000
v 0.064748 0.264285 0.154000
v 0.064842 0.264294 0.154000
v 0.068429 0.264294 0.154000
v 0.068523 0.264285 0.154000
v 0.068609 0.264259 0.154000
v 0.068688 0.264217 0.154000
v 0.068760 0.264157 0.154000
v 0.068820 0.264085 0.154000
v 0.068863 0.264006 0.154000
v 0.068888 0.263919 0.154000
v 0.068897 0.263826 0.154000
v 0.068897 0.241094 0.154000
v 0.068909 0.241009 0.154000
v 0.068946 0.240948 0.154000
v 0.069006 0.240911 0.154000
v 0.069092 0.240899 0.154000
v 0.082154 0.240899 0.154000
v 0.082247 0.240891 0.154000
v 0.082334 0.240865 0.154000
v 0.082413 0.240822 0.154000
v 0.082485 0.240763 0.154000
v 0.082545 0.240691 0.154000
v 0.082587 0.240611 0.154000
v 0.082613 0.240525 0.154000
v 0.082622 0.240431 0.154000
v 0.082622 0.237468 0.154000
v 0.082613 0.237374 0.154000
v 0.082587 0.237288 0.154000
v 0.082545 0.237208 0.154000
v 0.082485 0.237136 0.154000
v 0.082413 0.237077 0.154000
v 0.082334 0.237034 0.154000
v 0.082247 0.237009 0.154000
v 0.082154 0.237000 0.154000
v 0.056030 0.237000 0.154000
v 0.055852 0.237024 0.154000
v 0.055708 0.237097 0.154000
v 0.055598 0.237219 0.154000
v 0.055523 0.237390 0.154000
v 0.054236 0.241562 0.154000
v 0.054195 0.241630 0.154000
v 0.054149 0.241679 0.154000
v 0.054097 0.241708 0.154000
v 0.054041 0.241718 0.154000
v 0.043748 0.241718 0.154000
v 0.043692 0.241708 0.154000
v 0.043640 0.241679 0.154000
v 0.043594 0.241630 0.154000
v 0.043553 0.241562 0.154000
v 0.042266 0.237390 0.154000
v 0.042191 0.237219 0.154000
v 0.042081 0.237097 0.154000
v 0.041937 0.237024 0.154000
v 0.041759 0.237000 0.154000
v 0.037860 0.237000 0.154000
v 0.037750 0.237009 0.154000
v 0.037655 0.237034 0.154000
v 0.037575 0.237077 0.154000
v 0.037509 0.237136 0.154000
v 0.037463 0.237213 0.154000
v 0.037441 0.237307 0.154000
v 0.037443 0.237418 0.154000
v 0.037470 0.237546 0.154000
v 0.045931 0.263904 0.154000
v 0.046007 0.264074 0.154000
v 0.046116 0.264196 0.154000
v 0.046260 0.264269 0.154000
v 0.046438 0.264294 0.154000
v 0.051312 0.264294 0.154000
v 0.051490 0.264269 0.154000
v 0.051634 0.264196 0.154000
v 0.051743 0.264074 0.154000
v 0.051819 0.263904 0.154000
v 0.060319 0.237546 0.154000
v 0.060336 0.237504 0.154000
v 0.060348 0.237458 0.154000
v 0.060355 0.237407 0.154000
v 0.060358 0.237351 0.154000
v 0.060331 0.237197 0.154000
v 0.060251 0.237088 0.154000
v 0.060117 0.237022 0.154000
v 0.059929 0.237000 0.154000
v 0.044761 0.245500 0.154000
v 0.044757 0.245398 0.154000
v 0.044781 0.245325 0.154000
v 0.044835 0.245281 0.154000
v 0.044917 0.245266 0.154000
v 0.052833 0.245266 0.154000
v 0.052930 0.245281 0.154000
v 0.052989 0.245325 0.154000
v 0.053008 0.245398 0.154000
v 0.052989 0.245500 0.154000
v 0.048972 0.258562 0.154000
v 0.048951 0.258630 0.154000
v 0.048924 0.258679 0.154000
v 0.048892 0.258708 0.154000
v 0.048856 0.258718 0.154000
v 0.048819 0.258708 0.154000
v 0.048787 0.258679 0.154000
v 0.048760 0.258630 0.154000
v 0.048739 0.258562 0.154000
v 0.030530 0.237000 0.154000
v 0.030349 0.237022 0.154000
v 0.030198 0.237088 0.154000
v 0.030077 0.237197 0.154000
v 0.029984 0.237351 0.154000
v 0.024837 0.248580 0.154000
v 0.024793 0.248649 0.154000
v 0.024740 0.248697 0.154000
v 0.024676 0.248726 0.154000
v 0.024603 0.248736 0.154000
v 0.019924 0.248736 0.154000
v 0.019839 0.248724 0.154000
v 0.019778 0.248688 0.154000
v 0.019742 0.248627 0.154000
v 0.019729 0.248541 0.154000
v 0.019729 0.237468 0.154000
v 0.019721 0.237374 0.154000
v 0.019695 0.237288 0.154000
v 0.019653 0.237208 0.154000
v 0.019593 0.237136 0.154000
v 0.019521 0.237077 0.154000
v 0.019442 0.237034 0.154000
v 0.019355 0.237009 0.154000
v 0.019261 0.237000 0.154000
v 0.015674 0.237000 0.154000
v 0.015580 0.237009 0.154000
v 0.015494 0.237034 0.154000
v 0.015415 0.237077 0.154000
v 0.015343 0.237136 0.154000
v 0.015283 0.237208 0.154000
v 0.015241 0.237288 0.154000
v 0.015215 0.237374 0.154000
v 0.015206 0.237468 0.154000
v 0.015206 0.263826 0.154000
v 0.015215 0.263919 0.154000
v 0.015241 0.264006 0.154000
v 0.015283 0.264085 0.154000
v 0.015343 0.264157 0.154000
v 0.015415 0.264217 0.154000
v 0.015494 0.264259 0.154000
v 0.015580 0.264285 0.154000
v 0.015674 0.264294 0.154000
v 0.026397 0.264294 0.154000
v 0.027552 0.264231 0.154000
v 0.028639 0.264045 0.154000
v 0.029657 0.263734 0.154000
v 0.030608 0.263299 0.154000
v 0.031473 0.262751 0.154000
v 0.032236 0.262100 0.154000
v 0.032896 0.261347 0.154000
v 0.033454 0.260492 0.154000
v 0.033898 0.259553 0.154000
v 0.034214 0.258547 0.154000
v 0.034405 0.257476 0.154000
v 0.034468 0.256339 0.154000
v 0.034381 0.255044 0.154000
v 0.034122 0.253849 0.154000
v 0.033689 0.252753 0.154000
v 0.033084 0.251758 0.154000
v 0.032325 0.250884 0.154000
v 0.031431 0.250154 0.154000
v 0.030404 0.249568 0.154000
v 0.029243 0.249126 0.154000
v 0.029207 0.249121 0.154000
v 0.029175 0.249107 0.154000
v 0.029148 0.249082 0.154000
v 0.029126 0.249048 0.154000
v 0.029112 0.249009 0.154000
v 0.029107 0.248970 0.154000
v 0.029112 0.248931 0.154000
v 0.029126 0.248892 0.154000
v 0.034624 0.237546 0.154000
v 0.034658 0.237473 0.154000
v 0.034682 0.237409 0.154000
v 0.034697 0.237356 0.154000
v 0.034702 0.237312 0.154000
v 0.034675 0.237175 0.154000
v 0.034595 0.237078 0.154000
v 0.034461 0.237019 0.154000
v 0.034273 0.237000 0.154000
v 0.019924 0.260394 0.154000
v 0.019839 0.260382 0.154000
v 0.019778 0.260346 0.154000
v 0.019742 0.260285 0.154000
v 0.019729 0.260200 0.154000
v 0.019729 0.252440 0.154000
v 0.019742 0.252355 0.154000
v 0.019778 0.252294 0.154000
v 0.019839 0.252258 0.154000
v 0.019924 0.252245 0.154000
v 0.025773 0.252245 0.154000
v 0.026664 0.252315 0.154000
v 0.027464 0.252523 0.154000
v 0.028175 0.252871 0.154000
v 0.028795 0.253357 0.154000
v 0.029298 0.253957 0.154000
v 0.029657 0.254648 0.154000
v 0.029873 0.255429 0.154000
v 0.029945 0.256300 0.154000
v 0.029873 0.257173 0.154000
v 0.029657 0.257958 0.154000
v 0.029298 0.258655 0.154000
v 0.028795 0.259264 0.154000
v 0.028175 0.259758 0.154000
v 0.027464 0.260112 0.154000
v 0.026664 0.260324 0.154000
v 0.025773 0.260394 0.154000
v 0.010606 0.260862 0.154000
v 0.010597 0.260769 0.154000
v 0.010571 0.260682 0.154000
v 0.010529 0.260603 0.154000
v 0.010469 0.260531 0.154000
v 0.010397 0.260471 0.154000
v 0.010318 0.260429 0.154000
v 0.010231 0.260403 0.154000
v 0.010138 0.260394 0.154000
v -0.003158 0.260394 0.154000
v -0.003244 0.260382 0.154000
v -0.003304 0.260346 0.154000
v -0.003341 0.260285 0.154000
v -0.003353 0.260200 0.154000
v -0.003353 0.252908 0.154000
v -0.003341 0.252823 0.154000
v -0.003304 0.252762 0.154000
v -0.003244 0.252725 0.154000
v -0.003158 0.252713 0.154000
v 0.005771 0.252713 0.154000
v 0.005864 0.252705 0.154000
v 0.005951 0.252679 0.154000
v 0.006030 0.252637 0.154000
v 0.006102 0.252577 0.154000
v 0.006162 0.252505 0.154000
v 0.006204 0.252426 0.154000
v 0.006230 0.252339 0.154000
v 0.006239 0.252245 0.154000
v 0.006239 0.249282 0.154000
v 0.006230 0.249188 0.154000
v 0.006204 0.249102 0.154000
v 0.006162 0.249023 0.154000
v 0.006102 0.248951 0.154000
v 0.006030 0.248891 0.154000
v 0.005951 0.248848 0.154000
v 0.005864 0.248823 0.154000
v 0.005771 0.248814 0.154000
v -0.003158 0.248814 0.154000
v -0.003244 0.248802 0.154000
v -0.003304 0.248765 0.154000
v -0.003341 0.248705 0.154000
v -0.003353 0.248619 0.154000
v -0.003353 0.241094 0.154000
v -0.003341 0.241009 0.154000
v -0.003304 0.240948 0.154000
v -0.003244 0.240911 0.154000
v -0.003158 0.240899 0.154000
v 0.010138 0.240899 0.154000
v 0.010231 0.240891 0.154000
v 0.010318 0.240865 0.154000
v 0.010397 0.240822 0.154000
v 0.010469 0.240763 0.154000
v 0.010529 0.240691 0.154000
v 0.010571 0.240611 0.154000
v 0.010597 0.240525 0.154000
v 0.010606 0.240431 0.154000
v 0.010606 0.237468 0.154000
v 0.010597 0.237374 0.154000
v 0.010571 0.237288 0.154000
v 0.010529 0.237208 0.154000
v 0.010469 0.237136 0.154000
v 0.010397 0.237077 0.154000
v 0.010318 0.237034 0.154000
v 0.010231 0.237009 0.154000
v 0.010138 0.237000 0.154000
v -0.007408 0.237000 0.154000
v -0.007502 0.237009 0.154000
v -0.007589 0.237034 0.154000
v -0.007668 0.237077 0.154000
v -0.007740 0.237136 0.154000
v -0.007799 0.237208 0.154000
v -0.007842 0.237288 0.154000
v -0.007868 0.237374 0.154000
v -0.007876 0.237468 0.154000
v -0.007876 0.263826 0.154000
v -0.007868 0.263919 0.154000
v -0.007842 0.264006 0.154000
v -0.007799 0.264085 0.154000
v -0.007740 0.264157 0.154000
v -0.007668 0.264217 0.154000
v -0.007589 0.264259 0.154000
v -0.007502 0.264285 0.154000
v -0.007408 0.264294 0.154000
v 0.010138 0.264294 0.154000
v 0.010231 0.264285 0.154000
v 0.010318 0.264259 0.154000
v 0.010397 0.264217 0.154000
v 0.010469 0.264157 0.154000
v 0.010529 0.264085 0.154000
v 0.010571 0.264006 0.154000
v 0.010597 0.263919 0.154000
v 0.010606 0.263826 0.154000
v -0.018092 0.263826 0.154000
v -0.018083 0.263919 0.154000
v -0.018058 0.264006 0.154000
v -0.018015 0.264085 0.154000
v -0.017955 0.264157 0.154000
v -0.017883 0.264217 0.154000
v -0.017804 0.264259 0.154000
v -0.017718 0.264285 0.154000
v -0.017624 0.264294 0.154000
v -0.014037 0.264294 0.154000
v -0.013943 0.264285 0.154000
v -0.013856 0.264259 0.154000
v -0.013777 0.264217 0.154000
v -0.013705 0.264157 0.154000
v -0.013646 0.264085 0.154000
v -0.013603 0.264006 0.154000
v -0.013577 0.263919 0.154000
v -0.013569 0.263826 0.154000
v -0.013569 0.237468 0.154000
v -0.013577 0.237374 0.154000
v -0.013603 0.237288 0.154000
v -0.013646 0.237208 0.154000
v -0.013705 0.237136 0.154000
v -0.013777 0.237077 0.154000
v -0.013856 0.237034 0.154000
v -0.013943 0.237009 0.154000
v -0.014037 0.237000 0.154000
v -0.017507 0.237000 0.154000
v -0.017687 0.237019 0.154000
v -0.017838 0.237078 0.154000
v -0.017960 0.237175 0.154000
v -0.018053 0.237312 0.154000
v -0.029282 0.255716 0.154000
v -0.029321 0.255766 0.154000
v -0.029360 0.255798 0.154000
v -0.029399 0.255814 0.154000
v -0.029438 0.255813 0.154000
v -0.029472 0.255795 0.154000
v -0.029497 0.255759 0.154000
v -0.029511 0.255707 0.154000
v -0.029516 0.255638 0.154000
v -0.029438 0.237468 0.154000
v -0.029447 0.237374 0.154000
v -0.029472 0.237288 0.154000
v -0.029515 0.237208 0.154000
v -0.029575 0.237136 0.154000
v -0.029646 0.237077 0.154000
v -0.029726 0.237034 0.154000
v -0.029812 0.237009 0.154000
v -0.029906 0.237000 0.154000
v -0.033493 0.237000 0.154000
v -0.033587 0.237009 0.154000
v -0.033673 0.237034 0.154000
v -0.033753 0.237077 0.154000
v -0.033825 0.237136 0.154000
v -0.033884 0.237208 0.154000
v -0.033927 0.237288 0.154000
v -0.033952 0.237374 0.154000
v -0.033961 0.237468 0.154000
v -0.033961 0.263826 0.154000
v -0.033952 0.263919 0.154000
v -0.033927 0.264006 0.154000
v -0.033884 0.264085 0.154000
v -0.033825 0.264157 0.154000
v -0.033753 0.264217 0.154000
v -0.033673 0.264259 0.154000
v -0.033587 0.264285 0.154000
v -0.033493 0.264294 0.154000
v -0.030023 0.264294 0.154000
v -0.029843 0.264274 0.154000
v -0.029692 0.264216 0.154000
v -0.029570 0.264118 0.154000
v -0.029477 0.263982 0.154000
v -0.018287 0.245578 0.154000
v -0.018248 0.245528 0.154000
v -0.018209 0.245495 0.154000
v -0.018170 0.245479 0.154000
v -0.018131 0.245480 0.154000
v -0.018097 0.245499 0.154000
v -0.018072 0.245534 0.154000
v -0.018058 0.245587 0.154000
v -0.018053 0.245656 0.154000
v -0.038562 0.260862 0.154000
v -0.038570 0.260769 0.154000
v -0.038596 0.260682 0.154000
v -0.038639 0.260603 0.154000
v -0.038698 0.260531 0.154000
v -0.038770 0.260471 0.154000
v -0.038849 0.260429 0.154000
v -0.038936 0.260403 0.154000
v -0.039030 0.260394 0.154000
v -0.052326 0.260394 0.154000
v -0.052411 0.260382 0.154000
v -0.052472 0.260346 0.154000
v -0.052508 0.260285 0.154000
v -0.052521 0.260200 0.154000
v -0.052521 0.252908 0.154000
v -0.052508 0.252823 0.154000
v -0.052472 0.252762 0.154000
v -0.052411 0.252725 0.154000
v -0.052326 0.252713 0.154000
v -0.043397 0.252713 0.154000
v -0.043303 0.252705 0.154000
v -0.043216 0.252679 0.154000
v -0.043137 0.252637 0.154000
v -0.043065 0.252577 0.154000
v -0.043006 0.252505 0.154000
v -0.042963 0.252426 0.154000
v -0.042937 0.252339 0.154000
v -0.042929 0.252245 0.154000
v -0.042929 0.249282 0.154000
v -0.042937 0.249188 0.154000
v -0.042963 0.249102 0.154000
v -0.043006 0.249023 0.154000
v -0.043065 0.248951 0.154000
v -0.043137 0.248891 0.154000
v -0.043216 0.248848 0.154000
v -0.043303 0.248823 0.154000
v -0.043397 0.248814 0.154000
v -0.052326 0.248814 0.154000
v -0.052411 0.248802 0.154000
v -0.052472 0.248765 0.154000
v -0.052508 0.248705 0.154000
v -0.052521 0.248619 0.154000
v -0.052521 0.241094 0.154000
v -0.052508 0.241009 0.154000
v -0.052472 0.240948 0.154000
v -0.052411 0.240911 0.154000
v -0.052326 0.240899 0.154000
v -0.039030 0.240899 0.154000
v -0.038936 0.240891 0.154000
v -0.038849 0.240865 0.154000
v -0.038770 0.240822 0.154000
v -0.038698 0.240763 0.154000
v -0.038639 0.240691 0.154000
v -0.038596 0.240611 0.154000
v -0.038570 0.240525 0.154000
v -0.038562 0.240431 0.154000
v -0.038562 0.237468 0.154000
v -0.038570 0.237374 0.154000
v -0.038596 0.237288 0.154000
v -0.038639 0.237208 0.154000
v -0.038698 0.237136 0.154000
v -0.038770 0.237077 0.154000
v -0.038849 0.237034 0.154000
v -0.038936 0.237009 0.154000
v -0.039030 0.237000 0.154000
v -0.056576 0.237000 0.154000
v -0.056670 0.237009 0.154000
v -0.056756 0.237034 0.154000
v -0.056835 0.237077 0.154000
v -0.056907 0.237136 0.154000
v -0.056967 0.237208 0.154000
v -0.057009 0.237288 0.154000
v -0.057035 0.237374 0.154000
v -0.057044 0.237468 0.154000
v -0.057044 0.263826 0.154000
v -0.057035 0.263919 0.154000
v -0.057009 0.264006 0.154000
v -0.056967 0.264085 0.154000
v -0.056907 0.264157 0.154000
v -0.056835 0.264217 0.154000
v -0.056756 0.264259 0.154000
v -0.056670 0.264285 0.154000
v -0.056576 0.264294 0.154000
v -0.039030 0.264294 0.154000
v -0.038936 0.264285 0.154000
v -0.038849 0.264259 0.154000
v -0.038770 0.264217 0.154000
v -0.038698 0.264157 0.154000
v -0.038639 0.264085 0.154000
v -0.038596 0.264006 0.154000
v -0.038570 0.263919 0.154000
v -0.038562 0.263826 0.154000
v -0.071821 0.236688 0.154000
v -0.073239 0.236760 0.154000
v -0.074570 0.236976 0.154000
v -0.075813 0.237335 0.154000
v -0.076968 0.237838 0.154000
v -0.078016 0.238473 0.154000
v -0.078937 0.239227 0.154000
v -0.079731 0.240101 0.154000
v -0.080399 0.241094 0.154000
v -0.080928 0.242186 0.154000
v -0.081306 0.243356 0.154000
v -0.081532 0.244603 0.154000
v -0.081608 0.245929 0.154000
v -0.081608 0.255365 0.154000
v -0.081532 0.256706 0.154000
v -0.081306 0.257962 0.154000
v -0.080928 0.259133 0.154000
v -0.080399 0.260219 0.154000
v -0.079731 0.261204 0.154000
v -0.078937 0.262071 0.154000
v -0.078016 0.262822 0.154000
v -0.076968 0.263455 0.154000
v -0.075813 0.263959 0.154000
v -0.074570 0.264318 0.154000
v -0.073239 0.264534 0.154000
v -0.071821 0.264606 0.154000
v -0.070421 0.264535 0.154000
v -0.069106 0.264323 0.154000
v -0.067877 0.263969 0.154000
v -0.066733 0.263475 0.154000
v -0.065693 0.262858 0.154000
v -0.064778 0.262139 0.154000
v -0.063988 0.261318 0.154000
v -0.063321 0.260394 0.154000
v -0.062792 0.259388 0.154000
v -0.062415 0.258318 0.154000
v -0.062188 0.257185 0.154000
v -0.062112 0.255989 0.154000
v -0.062112 0.255677 0.154000
v -0.062121 0.255583 0.154000
v -0.062147 0.255496 0.154000
v -0.062189 0.255417 0.154000
v -0.062249 0.255345 0.154000
v -0.062321 0.255285 0.154000
v -0.062400 0.255243 0.154000
v -0.062486 0.255217 0.154000
v -0.062580 0.255209 0.154000
v -0.066128 0.255209 0.154000
v -0.066222 0.255217 0.154000
v -0.066309 0.255243 0.154000
v -0.066388 0.255285 0.154000
v -0.066460 0.255345 0.154000
v -0.066520 0.255417 0.154000
v -0.066562 0.255496 0.154000
v -0.066588 0.255583 0.154000
v -0.066596 0.255677 0.154000
v -0.066596 0.255872 0.154000
v -0.066685 0.256878 0.154000
v -0.066952 0.257792 0.154000
v -0.067397 0.258613 0.154000
v -0.068020 0.259342 0.154000
v -0.068791 0.259939 0.154000
v -0.069681 0.260365 0.154000
v -0.070692 0.260621 0.154000
v -0.071821 0.260706 0.154000
v -0.072952 0.260617 0.154000
v -0.073966 0.260351 0.154000
v -0.074862 0.259906 0.154000
v -0.075642 0.259283 0.154000
v -0.076273 0.258514 0.154000
v -0.076724 0.257631 0.154000
v -0.076995 0.256633 0.154000
v -0.077085 0.255521 0.154000
v -0.077085 0.245773 0.154000
v -0.076990 0.244660 0.154000
v -0.076705 0.243663 0.154000
v -0.076230 0.242779 0.154000
v -0.075564 0.242010 0.154000
v -0.074748 0.241388 0.154000
v -0.073819 0.240943 0.154000
v -0.072779 0.240676 0.154000
v -0.071626 0.240587 0.154000
v -0.070519 0.240664 0.154000
v -0.069535 0.240894 0.154000
v -0.068676 0.241278 0.154000
v -0.067942 0.241815 0.154000
v -0.067353 0.242487 0.154000
v -0.066933 0.243273 0.154000
v -0.066680 0.244173 0.154000
v -0.066596 0.245188 0.154000
v -0.066596 0.247606 0.154000
v -0.066609 0.247691 0.154000
v -0.066645 0.247752 0.154000
v -0.066706 0.247788 0.154000
v -0.066791 0.247800 0.154000
v -0.071587 0.247800 0.154000
v -0.071681 0.247809 0.154000
v -0.071767 0.247835 0.154000
v -0.071847 0.247877 0.154000
v -0.071919 0.247937 0.154000
v -0.071978 0.248009 0.154000
v -0.072021 0.248088 0.154000
v -0.072047 0.248174 0.154000
v -0.072055 0.248268 0.154000
v -0.072055 0.251154 0.154000
v -0.072047 0.251247 0.154000
v -0.072021 0.251334 0.154000
v -0.071978 0.251413 0.154000
v -0.071919 0.251485 0.154000
v -0.071847 0.251545 0.154000
v -0.071767 0.251587 0.154000
v -0.071681 0.251613 0.154000
v -0.071587 0.251622 0.154000
v -0.062580 0.251622 0.154000
v -0.062486 0.251613 0.154000
v -0.062400 0.251587 0.154000
v -0.062321 0.251545 0.154000
v -0.062249 0.251485 0.154000
v -0.062189 0.251413 0.154000
v -0.062147 0.251334 0.154000
v -0.062121 0.251247 0.154000
v -0.062112 0.251154 0.154000
v -0.062112 0.246163 0.154000
v -0.062277 0.244045 0.154000
v -0.062770 0.242176 0.154000
v -0.063593 0.240555 0.154000
v -0.064744 0.239183 0.154000
v -0.066174 0.238092 0.154000
v -0.067829 0.237312 0.154000
v -0.069712 0.236844 0.154000
v -0.071821 0.236688 0.154000
v -0.071821 0.236688 0.156000
v -0.073239 0.236760 0.154000
v -0.073239 0.236760 0.156000
v -0.074570 0.236976 0.154000
v -0.074570 0.236976 0.156000
v -0.075813 0.237335 0.154000
v -0.075813 0.237335 0.156000
v -0.076968 0.237838 0.154000
v -0.076968 0.237838 0.156000
v -0.078016 0.238473 0.154000
v -0.078016 0.238473 0.156000
v -0.078937 0.239227 0.154000
v -0.078937 0.239227 0.156000
v -0.079731 0.240101 0.154000
v -0.079731 0.240101 0.156000
v -0.080399 0.241094 0.154000
v -0.080399 0.241094 0.156000
v -0.080928 0.242186 0.154000
v -0.080928 0.242186 0.156000
v -0.081306 0.243356 0.154000
v -0.081306 0.243356 0.156000
v -0.081532 0.244603 0.154000
v -0.081532 0.244603 0.156000
v -0.081608 0.245929 0.154000
v -0.081608 0.245929 0.156000
v -0.081608 0.255365 0.154000
v -0.081608 0.255365 0.156000
v -0.081532 0.256706 0.154000
v -0.081532 0.256706 0.156000
v -0.081306 0.257962 0.154000
v -0.081306 0.257962 0.156000
v -0.080928 0.259133 0.154000
v -0.080928 0.259133 0.156000
v -0.080399 0.260219 0.154000
v -0.080399 0.260219 0.156000
v -0.079731 0.261204 0.154000
v -0.079731 0.261204 0.156000
v -0.078937 0.262071 0.154000
v -0.078937 0.262071 0.156000
v -0.078016 0.262822 0.154000
v -0.078016 0.262822 0.156000
v -0.076968 0.263455 0.154000
v -0.076968 0.263455 0.156000
v -0.075813 0.263959 0.154000
v -0.075813 0.263959 0.156000
v -0.074570 0.264318 0.154000
v -0.074570 0.264318 0.156000
v -0.073239 0.264534 0.154000
v -0.073239 0.264534 0.156000
v -0.071821 0.264606 0.154000
v -0.071821 0.264606 0.156000
v -0.070421 0.264535 0.154000
v -0.070421 0.264535 0.156000
v -0.069106 0.264323 0.154000
v -0.069106 0.264323 0.156000
v -0.067877 0.263969 0.154000
v -0.067877 0.263969 0.156000
v -0.066733 0.263475 0.154000
v -0.066733 0.263475 0.156000
v -0.065693 0.262858 0.154000
v -0.065693 0.262858 0.156000
v -0.064778 0.262139 0.154000
v -0.064778 0.262139 0.156000
v -0.063988 0.261318 0.154000
v -0.063988 0.261318 0.156000
v -0.063321 0.260394 0.154000
v -0.063321 0.260394 0.156000
v -0.062792 0.259388 0.154000
v -0.062792 0.259388 0.156000
v -0.062415 0.258318 0.154000
v -0.062415 0.258318 0.156000
v -0.062188 0.257185 0.154000
v -0.062188 0.257185 0.156000
v -0.062112 0.255989 0.154000
v -0.062112 0.255989 0.156000
v -0.062112 0.255677 0.154000
v -0.062112 0.255677 0.156000
v -0.062121 0.255583 0.154000
v -0.062121 0.255583 0.156000
v -0.062147 0.255496 0.154000
v -0.062147 0.255496 0.156000
v -0.062189 0.255417 0.154000
v -0.062189 0.255417 0.156000
v -0.062249 0.255345 0.154000
v -0.062249 0.255345 0.156000
v -0.062321 0.255285 0.154000
v -0.062321 0.255285 0.156000
v -0.062400 0.255243 0.154000
v -0.062400 0.255243 0.156000
v -0.062486 0.255217 0.154000
v -0.062486 0.255217 0.156000
v -0.062580 0.255209 0.154000
v -0.062580 0.255209 0.156000
v -0.066128 0.255209 0.154000
v -0.066128 0.255209 0.156000
v -0.066222 0.255217 0.154000
v -0.066222 0.255217 0.156000
v -0.066309 0.255243 0.154000
v -0.066309 0.255243 0.156000
v -0.066388 0.255285 0.154000
v -0.066388 0.255285 0.156000
v -0.066460 0.255345 0.154000
v -0.066460 0.255345 0.156000
v -0.066520 0.255417 0.154000
v -0.066520 0.255417 0.156000
v -0.066562 0.255496 0.154000
v -0.066562 0.255496 0.156000
v -0.066588 0.255583 0.154000
v -0.066588 0.255583 0.156000
v -0.066596 0.255677 0.154000
v -0.066596 0.255677 0.156000
v -0.066596 0.255872 0.154000
v -0.066596 0.255872 0.156000
v -0.066685 0.256878 0.154000
v -0.066685 0.256878 0.156000
v -0.066952 0.257792 0.154000
v -0.066952 0.257792 0.156000
v -0.067397 0.258613 0.154000
v -0.067397 0.258613 0.156000
v -0.068020 0.259342 0.154000
v -0.068020 0.259342 0.156000
v -0.068791 0.259939 0.154000
v -0.068791 0.259939 0.156000
v -0.069681 0.260365 0.154000
v -0.069681 0.260365 0.156000
v -0.070692 0.260621 0.154000
v -0.070692 0.260621 0.156000
v -0.071821 0.260706 0.154000
v -0.071821 0.260706 0.156000
v -0.072952 0.260617 0.154000
v -0.072952 0.260617 0.156000
v -0.073966 0.260351 0.154000
v -0.073966 0.260351 0.156000
v -0.074862 0.259906 0.154000
v -0.074862 0.259906 0.156000
v -0.075642 0.259283 0.154000
v -0.075642 0.259283 0.156000
v -0.076273 0.258514 0.154000
v -0.076273 0.258514 0.156000
v -0.076724 0.257631 0.154000
v -0.076724 0.257631 0.156000
v -0.076995 0.256633 0.154000
v -0.076995 0.256633 0.156000
v -0.077085 0.255521 0.154000
v -0.077085 0.255521 0.156000
v -0.077085 0.245773 0.154000
v -0.077085 0.245773 0.156000
v -0.076990 0.244660 0.154000
v -0.076990 0.244660 0.156000
v -0.076705 0.243663 0.154000
v -0.076705 0.243663 0.156000
v -0.076230 0.242779 0.154000
v -0.076230 0.242779 0.156000
v -0.075564 0.242010 0.154000
v -0.075564 0.242010 0.156000
v -0.074748 0.241388 0.154000
v -0.074748 0.241388 0.156000
v -0.073819 0.240943 0.154000
v -0.073819 0.240943 0.156000
v -0.072779 0.240676 0.154000
v -0.072779 0.240676 0.156000
v -0.071626 0.240587 0.154000
v -0.071626 0.240587 0.156000
v -0.070519 0.240664 0.154000
v -0.070519 0.240664 0.156000
v -0.069535 0.240894 0.154000
v -0.069535 0.240894 0.156000
v -0.068676 0.241278 0.154000
v -0.068676 0.241278 0.156000
v -0.067942 0.241815 0.154000
v -0.067942 0.241815 0.156000
v -0.067353 0.242487 0.154000
v -0.067353 0.242487 0.156000
v -0.066933 0.243273 0.154000
v -0.066933 0.243273 0.156000
v -0.066680 0.244173 0.154000
v -0.066680 0.244173 0.156000
v -0.066596 0.245188 0.154000
v -0.066596 0.245188 0.156000
v -0.066596 0.247606 0.154000
v -0.066596 0.247606 0.156000
v -0.066609 0.247691 0.154000
v -0.066609 0.247691 0.156000
v -0.066645 0.247752 0.154000
v -0.066645 0.247752 0.156000
v -0.066706 0.247788 0.154000
v -0.066706 0.247788 0.156000
v -0.066791 0.247800 0.154000
v -0.066791 0.247800 0.156000
v -0.071587 0.247800 0.154000
v -0.071587 0.247800 0.156000
v -0.071681 0.247809 0.154000
v -0.071681 0.247809 0.156000
v -0.071767 0.247835 0.154000
v -0.071767 0.247835 0.156000
v -0.071847 0.247877 0.154000
v -0.071847 0.247877 0.156000
v -0.071919 0.247937 0.154000
v -0.071919 0.247937 0.156000
v -0.071978 0.248009 0.154000
v -0.071978 0.248009 0.156000
v -0.072021 0.248088 0.154000
v -0.072021 0.248088 0.156000
v -0.072047 0.248174 0.154000
v -0.072047 0.248174 0.156000
v -0.072055 0.248268 0.154000
v -0.072055 0.248268 0.156000
v -0.072055 0.251154 0.154000
v -0.072055 0.251154 0.156000
v -0.072047 0.251247 0.154000
v -0.072047 0.251247 0.156000
v -0.072021 0.251334 0.154000
v -0.072021 0.251334 0.156000
v -0.071978 0.251413 0.154000
v -0.071978 0.251413 0.156000
v -0.071919 0.251485 0.154000
v -0.071919 0.251485 0.156000
v -0.071847 0.251545 0.154000
v -0.071847 0.251545 0.156000
v -0.071767 0.251587 0.154000
v -0.071767 0.251587 0.156000
v -0.071681 0.251613 0.154000
v -0.071681 0.251613 0.156000
v -0.071587 0.251622 0.154000
v -0.071587 0.251622 0.156000
v -0.062580 0.251622 0.154000
v -0.062580 0.251622 0.156000
v -0.062486 0.251613 0.154000
v -0.062486 0.251613 0.156000
v -0.062400 0.251587 0.154000
v -0.062400 0.251587 0.156000
v -0.062321 0.251545 0.154000
v -0.062321 0.251545 0.156000
v -0.062249 0.251485 0.154000
v -0.062249 0.251485 0.156000
v -0.062189 0.251413 0.154000
v -0.062189 0.251413 0.156000
v -0.062147 0.251334 0.154000
v -0.062147 0.251334 0.156000
v -0.062121 0.251247 0.154000
v -0.062121 0.251247 0.156000
v -0.062112 0.251154 0.154000
v -0.062112 0.251154 0.156000
v -0.062112 0.246163 0.154000
v -0.062112 0.246163 0.156000
v -0.062277 0.244045 0.154000
v -0.062277 0.244045 0.156000
v -0.062770 0.242176 0.154000
v -0.062770 0.242176 0.156000
v -0.063593 0.240555 0.154000
v -0.063593 0.240555 0.156000
v -0.064744 0.239183 0.154000
v -0.064744 0.239183 0.156000
v -0.066174 0.238092 0.154000
v -0.066174 0.238092 0.156000
v -0.067829 0.237312 0.154000
v -0.067829 0.237312 0.156000
v -0.069712 0.236844 0.154000
v -0.069712 0.236844 0.156000
v -0.038562 0.260862 0.154000
v -0.038562 0.260862 0.156000
v -0.038570 0.260769 0.154000
v -0.038570 0.260769 0.156000
v -0.038596 0.260682 0.154000
v -0.038596 0.260682 0.156000
v -0.038639 0.260603 0.154000
v -0.038639 0.260603 0.156000
v -0.038698 0.260531 0.154000
v -0.038698 0.260531 0.156000
v -0.038770 0.260471 0.154000
v -0.038770 0.260471 0.156000
v -0.038849 0.260429 0.154000
v -0.038849 0.260429 0.156000
v -0.038936 0.260403 0.154000
v -0.038936 0.260403 0.156000
v -0.039030 0.260394 0.154000
v -0.039030 0.260394 0.156000
v -0.052326 0.260394 0.154000
v -0.052326 0.260394 0.156000
v -0.052411 0.260382 0.154000
v -0.052411 0.260382 0.156000
v -0.052472 0.260346 0.154000
v -0.052472 0.260346 0.156000
v -0.052508 0.260285 0.154000
v -0.052508 0.260285 0.156000
v -0.052521 0.260200 0.154000
v -0.052521 0.260200 0.156000
v -0.052521 0.252908 0.154000
v -0.052521 0.252908 0.156000
v -0.052508 0.252823 0.154000
v -0.052508 0.252823 0.156000
v -0.052472 0.252762 0.154000
v -0.052472 0.252762 0.156000
v -0.052411 0.252725 0.154000
v -0.052411 0.252725 0.156000
v -0.052326 0.252713 0.154000
v -0.052326 0.252713 0.156000
v -0.043397 0.252713 0.154000
v -0.043397 0.252713 0.156000
v -0.043303 0.252705 0.154000
v -0.043303 0.252705 0.156000
v -0.043216 0.252679 0.154000
v -0.043216 0.252679 0.156000
v -0.043137 0.252637 0.154000
v -0.043137 0.252637 0.156000
v -0.043065 0.252577 0.154000
v -0.043065 0.252577 0.156000
v -0.043006 0.252505 0.154000
v -0.043006 0.252505 0.156000
v -0.042963 0.252426 0.154000
v -0.042963 0.252426 0.156000
v -0.042937 0.252339 0.154000
v -0.042937 0.252339 0.156000
v -0.042929 0.252245 0.154000
v -0.042929 0.252245 0.156000
v -0.042929 0.249282 0.154000
v -0.042929 0.249282 0.156000
v -0.042937 0.249188 0.154000
v -0.042937 0.249188 0.156000
v -0.042963 0.249102 0.154000
v -0.042963 0.249102 0.156000
v -0.043006 0.249023 0.154000
v -0.043006 0.249023 0.156000
v -0.043065 0.248951 0.154000
v -0.043065 0.248951 0.156000
v -0.043137 0.248891 0.154000
v -0.043137 0.248891 0.156000
v -0.043216 0.248848 0.154000
v -0.043216 0.248848 0.156000
v -0.043303 0.248823 0.154000
v -0.043303 0.248823 0.156000
v -0.043397 0.248814 0.154000
v -0.043397 0.248814 0.156000
v -0.052326 0.248814 0.154000
v -0.052326 0.248814 0.156000
v -0.052411 0.248802 0.154000
v -0.052411 0.248802 0.156000
v -0.052472 0.248765 0.154000
v -0.052472 0.248765 0.156000
v -0.052508 0.248705 0.154000
v -0.052508 0.248705 0.156000
v -0.052521 0.248619 0.154000
v -0.052521 0.248619 0.156000
v -0.052521 0.241094 0.154000
v -0.052521 0.241094 0.156000
v -0.052508 0.241009 0.154000
v -0.052508 0.241009 0.156000
v -0.052472 0.240948 0.154000
v -0.052472 0.240948 0.156000
v -0.052411 0.240911 0.154000
v -0.052411 0.240911 0.156000
v -0.052326 0.240899 0.154000
v -0.052326 0.240899 0.156000
v -0.039030 0.240899 0.154000
v -0.039030 0.240899 0.156000
v -0.038936 0.240891 0.154000
v -0.038936 0.240891 0.156000
v -0.038849 0.240865 0.154000
v -0.038849 0.240865 0.156000
v -0.038770 0.240822 0.154000
v -0.038770 0.240822 0.156000
v -0.038698 0.240763 0.154000
v -0.038698 0.240763 0.156000
v -0.038639 0.240691 0.154000
v -0.038639 0.240691 0.156000
v -0.038596 0.240611 0.154000
v -0.038596 0.240611 0.156000
v -0.038570 0.240525 0.154000
v -0.038570 0.240525 0.156000
v -0.038562 0.240431 0.154000
v -0.038562 0.240431 0.156000
v -0.038562 0.237468 0.154000
v -0.038562 0.237468 0.156000
v -0.038570 0.237374 0.154000
v -0.038570 0.237374 0.156000
v -0.038596 0.237288 0.154000
v -0.038596 0.237288 0.156000
v -0.038639 0.237208 0.154000
v -0.038639 0.237208 0.156000
v -0.038698 0.237136 0.154000
v -0.038698 0.237136 0.156000
v -0.038770 0.237077 0.154000
v -0.038770 0.237077 0.156000
v -0.038849 0.237034 0.154000
v -0.038849 0.237034 0.156000
v -0.038936 0.237009 0.154000
v -0.038936 0.237009 0.156000
v -0.039030 0.237000 0.154000
v -0.039030 0.237000 0.156000
v -0.056576 0.237000 0.154000
v -0.056576 0.237000 0.156000
v -0.056670 0.237009 0.154000
v -0.056670 0.237009 0.156000
v -0.056756 0.237034 0.154000
v -0.056756 0.237034 0.156000
v -0.056835 0.237077 0.154000
v -0.056835 0.237077 0.156000
v -0.056907 0.237136 0.154000
v -0.056907 0.237136 0.156000
v -0.056967 0.237208 0.154000
v -0.056967 0.237208 0.156000
v -0.057009 0.237288 0.154000
v -0.057009 0.237288 0.156000
v -0.057035 0.237374 0.154000
v -0.057035 0.237374 0.156000
v -0.057044 0.237468 0.154000
v -0.057044 0.237468 0.156000
v -0.057044 0.263826 0.154000
v -0.057044 0.263826 0.156000
v -0.057035 0.263919 0.154000
v -0.057035 0.263919 0.156000
v -0.057009 0.264006 0.154000
v -0.057009 0.264006 0.156000
v -0.056967 0.264085 0.154000
v -0.056967 0.264085 0.156000
v -0.056907 0.264157 0.154000
v -0.056907 0.264157 0.156000
v -0.056835 0.264217 0.154000
v -0.056835 0.264217 0.156000
v -0.056756 0.264259 0.154000
v -0.056756 0.264259 0.156000
v -0.056670 0.264285 0.154000
v -0.056670 0.264285 0.156000
v -0.056576 0.264294 0.154000
v -0.056576 0.264294 0.156000
v -0.039030 0.264294 0.154000
v -0.039030 0.264294 0.156000
v -0.038936 0.264285 0.154000
v -0.038936 0.264285 0.156000
v -0.038849 0.264259 0.154000
v -0.038849 0.264259 0.156000
v -0.038770 0.264217 0.154000
v -0.038770 0.264217 0.156000
v -0.038698 0.264157 0.154000
v -0.038698 0.264157 0.156000
v -0.038639 0.264085 0.154000
v -0.038639 0.264085 0.156000
v -0.038596 0.264006 0.154000
v -0.038596 0.264006 0.156000
v -0.038570 0.263919 0.154000
v -0.038570 0.263919 0.156000
v -0.038562 0.263826 0.154000
v -0.038562 0.263826 0.156000
v -0.018092 0.263826 0.154000
v -0.018092 0.263826 0.156000
v -0.018083 0.263919 0.154000
v -0.018083 0.263919 0.156000
v -0.018058 0.264006 0.154000
v -0.018058 0.264006 0.156000
v -0.018015 0.264085 0.154000
v -0.018015 0.264085 0.156000
v -0.017955 0.264157 0.154000
v -0.017955 0.264157 0.156000
v -0.017883 0.264217 0.154000
v -0.017883 0.264217 0.156000
v -0.017804 0.264259 0.154000
v -0.017804 0.264259 0.156000
v -0.017718 0.264285 0.154000
v -0.017718 0.264285 0.156000
v -0.017624 0.264294 0.154000
v -0.017624 0.264294 0.156000
v -0.014037 0.264294 0.154000
v -0.014037 0.264294 0.156000
v -0.013943 0.264285 0.154000
v -0.013943 0.264285 0.156000
v -0.013856 0.264259 0.154000
v -0.013856 0.264259 0.156000
v -0.013777 0.264217 0.154000
v -0.013777 0.264217 0.156000
v -0.013705 0.264157 0.154000
v -0.013705 0.264157 0.156000
v -0.013646 0.264085 0.154000
v -0.013646 0.264085 0.156000
v -0.013603 0.264006 0.154000
v -0.013603 0.264006 0.156000
v -0.013577 0.263919 0.154000
v -0.013577 0.263919 0.156000
v -0.013569 0.263826 0.154000
v -0.013569 0.263826 0.156000
v -0.013569 0.237468 0.154000
v -0.013569 0.237468 0.156000
v -0.013577 0.237374 0.154000
v -0.013577 0.237374 0.156000
v -0.013603 0.237288 0.154000
v -0.013603 0.237288 0.156000
v -0.013646 0.237208 0.154000
v -0.013646 0.237208 0.156000
v -0.013705 0.237136 0.154000
v -0.013705 0.237136 0.156000
v -0.013777 0.237077 0.154000
v -0.013777 0.237077 0.156000
v -0.013856 0.237034 0.154000
v -0.013856 0.237034 0.156000
v -0.013943 0.237009 0.154000
v -0.013943 0.237009 0.156000
v -0.014037 0.237000 0.154000
v -0.014037 0.237000 0.156000
v -0.017507 0.237000 0.154000
v -0.017507 0.237000 0.156000
v -0.017687 0.237019 0.154000
v -0.017687 0.237019 0.156000
v -0.017838 0.237078 0.154000
v -0.017838 0.237078 0.156000
v -0.017960 0.237175 0.154000
v -0.017960 0.237175 0.156000
v -0.018053 0.237312 0.154000
v -0.018053 0.237312 0.156000
v -0.029282 0.255716 0.154000
v -0.029282 0.255716 0.156000
v -0.029321 0.255766 0.154000
v -0.029321 0.255766 0.156000
v -0.029360 0.255798 0.154000
v -0.029360 0.255798 0.156000
v -0.029399 0.255814 0.154000
v -0.029399 0.255814 0.156000
v -0.029438 0.255813 0.154000
v -0.029438 0.255813 0.156000
v -0.029472 0.255795 0.154000
v -0.029472 0.255795 0.156000
v -0.029497 0.255759 0.154000
v -0.029497 0.255759 0.156000
v -0.029511 0.255707 0.154000
v -0.029511 0.255707 0.156000
v -0.029516 0.255638 0.154000
v -0.029516 0.255638 0.156000
v -0.029438 0.237468 0.154000
v -0.029438 0.237468 0.156000
v -0.029447 0.237374 0.154000
v -0.029447 0.237374 0.156000
v -0.029472 0.237288 0.154000
v -0.029472 0.237288 0.156000
v -0.029515 0.237208 0.154000
v -0.029515 0.237208 0.156000
v -0.029575 0.237136 0.154000
v -0.029575 0.237136 0.156000
v -0.029646 0.237077 0.154000
v -0.029646 0.237077 0.156000
v -0.029726 0.237034 0.154000
v -0.029726 0.237034 0.156000
v -0.029812 0.237009 0.154000
v -0.029812 0.237009 0.156000
v -0.029906 0.237000 0.154000
v -0.029906 0.237000 0.156000
v -0.033493 0.237000 0.154000
v -0.033493 0.237000 0.156000
v -0.033587 0.237009 0.154000
v -0.033587 0.237009 0.156000
v -0.033673 0.237034 0.154000
v -0.033673 0.237034 0.156000
v -0.033753 0.237077 0.154000
v -0.033753 0.237077 0.156000
v -0.033825 0.237136 0.154000
v -0.033825 0.237136 0.156000
v -0.033884 0.237208 0.154000
v -0.033884 0.237208 0.156000
v -0.033927 0.237288 0.154000
v -0.033927 0.237288 0.156000
v -0.033952 0.237374 0.154000
v -0.033952 0.237374 0.156000
v -0.033961 0.237468 0.154000
v -0.033961 0.237468 0.156000
v -0.033961 0.263826 0.154000
v -0.033961 0.263826 0.156000
v -0.033952 0.263919 0.154000
v -0.033952 0.263919 0.156000
v -0.033927 0.264006 0.154000
v -0.033927 0.264006 0.156000
v -0.033884 0.264085 0.154000
v -0.033884 0.264085 0.156000
v -0.033825 0.264157 0.154000
v -0.033825 0.264157 0.156000
v -0.033753 0.264217 0.154000
v -0.033753 0.264217 0.156000
v -0.033673 0.264259 0.154000
v -0.033673 0.264259 0.156000
v -0.033587 0.264285 0.154000
v -0.033587 0.264285 0.156000
v -0.033493 0.264294 0.154000
v -0.033493 0.264294 0.156000
v -0.030023 0.264294 0.154000
v -0.030023 0.264294 0.156000
v -0.029843 0.264274 0.154000
v -0.029843 0.264274 0.156000
v -0.029692 0.264216 0.154000
v -0.029692 0.264216 0.156000
v -0.029570 0.264118 0.154000
v -0.029570 0.264118 0.156000
v -0.029477 0.263982 0.154000
v -0.029477 0.263982 0.156000
v -0.018287 0.245578 0.154000
v -0.018287 0.245578 0.156000
v -0.018248 0.245528 0.154000
v -0.018248 0.245528 0.156000
v -0.018209 0.245495 0.154000
v -0.018209 0.245495 0.156000
v -0.018170 0.245479 0.154000
v -0.018170 0.245479 0.156000
v -0.018131 0.245480 0.154000
v -0.018131 0.245480 0.156000
v -0.018097 0.245499 0.154000
v -0.018097 0.245499 0.156000
v -0.018072 0.245534 0.154000
v -0.018072 0.245534 0.156000
v -0.018058 0.245587 0.154000
v -0.018058 0.245587 0.156000
v -0.018053 0.245656 0.154000
v -0.018053 0.245656 0.156000
v 0.010606 0.260862 0.154000
v 0.010606 0.260862 0.156000
v 0.010597 0.260769 0.154000
v 0.010597 0.260769 0.156000
v 0.010571 0.260682 0.154000
v 0.010571 0.260682 0.156000
v 0.010529 0.260603 0.154000
v 0.010529 0.260603 0.156000
v 0.010469 0.260531 0.154000
v 0.010469 0.260531 0.156000
v 0.010397 0.260471 0.154000
v 0.010397 0.260471 0.156000
v 0.010318 0.260429 0.154000
v 0.010318 0.260429 0.156000
v 0.010231 0.260403 0.154000
v 0.010231 0.260403 0.156000
v 0.010138 0.260394 0.154000
v 0.010138 0.260394 0.156000
v -0.003158 0.260394 0.154000
v -0.003158 0.260394 0.156000
v -0.003244 0.260382 0.154000
v -0.003244 0.260382 0.156000
v -0.003304 0.260346 0.154000
v -0.003304 0.260346 0.156000
v -0.003341 0.260285 0.154000
v -0.003341 0.260285 0.156000
v -0.003353 0.260200 0.154000
v -0.003353 0.260200 0.156000
v -0.003353 0.252908 0.154000
v -0.003353 0.252908 0.156000
v -0.003341 0.252823 0.154000
v -0.003341 0.252823 0.156000
v -0.003304 0.252762 0.154000
v -0.003304 0.252762 0.156000
v -0.003244 0.252725 0.154000
v -0.003244 0.252725 0.156000
v -0.003158 0.252713 0.154000
v -0.003158 0.252713 0.156000
v 0.005771 0.252713 0.154000
v 0.005771 0.252713 0.156000
v 0.005864 0.252705 0.154000
v 0.005864 0.252705 0.156000
v 0.005951 0.252679 0.154000
v 0.005951 0.252679 0.156000
v 0.006030 0.252637 0.154000
v 0.006030 0.252637 0.156000
v 0.006102 0.252577 0.154000
v 0.006102 0.252577 0.156000
v 0.006162 0.252505 0.154000
v 0.006162 0.252505 0.156000
v 0.006204 0.252426 0.154000
v 0.006204 0.252426 0.156000
v 0.006230 0.252339 0.154000
v 0.006230 0.252339 0.156000
v 0.006239 0.252245 0.154000
v 0.006239 0.252245 0.156000
v 0.006239 0.249282 0.154000
v 0.006239 0.249282 0.156000
v 0.006230 0.249188 0.154000
v 0.006230 0.249188 0.156000
v 0.006204 0.249102 0.154000
v 0.006204 0.249102 0.156000
v 0.006162 0.249023 0.154000
v 0.006162 0.249023 0.156000
v 0.006102 0.248951 0.154000
v 0.006102 0.248951 0.156000
v 0.006030 0.248891 0.154000
v 0.006030 0.248891 0.156000
v 0.005951 0.248848 0.154000
v 0.005951 0.248848 0.156000
v 0.005864 0.248823 0.154000
v 0.005864 0.248823 0.156000
v 0.005771 0.248814 0.154000
v 0.005771 0.248814 0.156000
v -0.003158 0.248814 0.154000
v -0.003158 0.248814 0.156000
v -0.003244 0.248802 0.154000
v -0.003244 0.248802 0.156000
v -0.003304 0.248765 0.154000
v -0.003304 0.248765 0.156000
v -0.003341 0.248705 0.154000
v -0.003341 0.248705 0.156000
v -0.003353 0.248619 0.154000
v -0.003353 0.248619 0.156000
v -0.003353 0.241094 0.154000
v -0.003353 0.241094 0.156000
v -0.003341 0.241009 0.154000
v -0.003341 0.241009 0.156000
v -0.003304 0.240948 0.154000
v -0.003304 0.240948 0.156000
v -0.003244 0.240911 0.154000
v -0.003244 0.240911 0.156000
v -0.003158 0.240899 0.154000
v -0.003158 0.240899 0.156000
v 0.010138 0.240899 0.154000
v 0.010138 0.240899 0.156000
v 0.010231 0.240891 0.154000
v 0.010231 0.240891 0.156000
v 0.010318 0.240865 0.154000
v 0.010318 0.240865 0.156000
v 0.010397 0.240822 0.154000
v 0.010397 0.240822 0.156000
v 0.010469 0.240763 0.154000
v 0.010469 0.240763 0.156000
v 0.010529 0.240691 0.154000
v 0.010529 0.240691 0.156000
v 0.010571 0.240611 0.154000
v 0.010571 0.240611 0.156000
v 0.010597 0.240525 0.154000
v 0.010597 0.240525 0.156000
v 0.010606 0.240431 0.154000
v 0.010606 0.240431 0.156000
v 0.010606 0.237468 0.154000
v 0.010606 0.237468 0.156000
v 0.010597 0.237374 0.154000
v 0.010597 0.237374 0.156000
v 0.010571 0.237288 0.154000
v 0.010571 0.237288 0.156000
v 0.010529 0.237208 0.154000
v 0.010529 0.237208 0.156000
v 0.010469 0.237136 0.154000
v 0.010469 0.237136 0.156000
v 0.010397 0.237077 0.154000
v 0.010397 0.237077 0.156000
v 0.010318 0.237034 0.154000
v 0.010318 0.237034 0.156000
v 0.010231 0.237009 0.154000
v 0.010231 0.237009 0.156000
v 0.010138 0.237000 0.154000
v 0.010138 0.237000 0.156000
v -0.007408 0.237000 0.154000
v -0.007408 0.237000 0.156000
v -0.007502 0.237009 0.154000
v -0.007502 0.237009 0.156000
v -0.007589 0.237034 0.154000
v -0.007589 0.237034 0.156000
v -0.007668 0.237077 0.154000
v -0.007668 0.237077 0.156000
v -0.007740 0.237136 0.154000
v -0.007740 0.237136 0.156000
v -0.007799 0.237208 0.154000
v -0.007799 0.237208 0.156000
v -0.007842 0.237288 0.154000
v -0.007842 0.237288 0.156000
v -0.007868 0.237374 0.154000
v -0.007868 0.237374 0.156000
v -0.007876 0.237468 0.154000
v -0.007876 0.237468 0.156000
v -0.007876 0.263826 0.154000
v -0.007876 0.263826 0.156000
v -0.007868 0.263919 0.154000
v -0.007868 0.263919 0.156000
v -0.007842 0.264006 0.154000
v -0.007842 0.264006 0.156000
v -0.007799 0.264085 0.154000
v -0.007799 0.264085 0.156000
v -0.007740 0.264157 0.154000
v -0.007740 0.264157 0.156000
v -0.007668 0.264217 0.154000
v -0.007668 0.264217 0.156000
v -0.007589 0.264259 0.154000
v -0.007589 0.264259 0.156000
v -0.007502 0.264285 0.154000
v -0.007502 0.264285 0.156000
v -0.007408 0.264294 0.154000
v -0.007408 0.264294 0.156000
v 0.010138 0.264294 0.154000
v 0.010138 0.264294 0.156000
v 0.010231 0.264285 0.154000
v 0.010231 0.264285 0.156000
v 0.010318 0.264259 0.154000
v 0.010318 0.264259 0.156000
v 0.010397 0.264217 0.154000
v 0.010397 0.264217 0.156000
v 0.010469 0.264157 0.154000
v 0.010469 0.264157 0.156000
v 0.010529 0.264085 0.154000
v 0.010529 0.264085 0.156000
v 0.010571 0.264006 0.154000
v 0.010571 0.264006 0.156000
v 0.010597 0.263919 0.154000
v 0.010597 0.263919 0.156000
v 0.010606 0.263826 0.154000
v 0.010606 0.263826 0.156000
v 0.030530 0.237000 0.154000
v 0.030530 0.237000 0.156000
v 0.030349 0.237022 0.154000
v 0.030349 0.237022 0.156000
v 0.030198 0.237088 0.154000
v 0.030198 0.237088 0.156000
v 0.030077 0.237197 0.154000
v 0.030077 0.237197 0.156000
v 0.029984 0.237351 0.154000
v 0.029984 0.237351 0.156000
v 0.024837 0.248580 0.154000
v 0.024837 0.248580 0.156000
v 0.024793 0.248649 0.154000
v 0.024793 0.248649 0.156000
v 0.024740 0.248697 0.154000
v 0.024740 0.248697 0.156000
v 0.024676 0.248726 0.154000
v 0.024676 0.248726 0.156000
v 0.024603 0.248736 0.154000
v 0.024603 0.248736 0.156000
v 0.019924 0.248736 0.154000
v 0.019924 0.248736 0.156000
v 0.019839 0.248724 0.154000
v 0.019839 0.248724 0.156000
v 0.019778 0.248688 0.154000
v 0.019778 0.248688 0.156000
v 0.019742 0.248627 0.154000
v 0.019742 0.248627 0.156000
v 0.019729 0.248541 0.154000
v 0.019729 0.248541 0.156000
v 0.019729 0.237468 0.154000
v 0.019729 0.237468 0.156000
v 0.019721 0.237374 0.154000
v 0.019721 0.237374 0.156000
v 0.019695 0.237288 0.154000
v 0.019695 0.237288 0.156000
v 0.019653 0.237208 0.154000
v 0.019653 0.237208 0.156000
v 0.019593 0.237136 0.154000
v 0.019593 0.237136 0.156000
v 0.019521 0.237077 0.154000
v 0.019521 0.237077 0.156000
v 0.019442 0.237034 0.154000
v 0.019442 0.237034 0.156000
v 0.019355 0.237009 0.154000
v 0.019355 0.237009 0.156000
v 0.019261 0.237000 0.154000
v 0.019261 0.237000 0.156000
v 0.015674 0.237000 0.154000
v 0.015674 0.237000 0.156000
v 0.015580 0.237009 0.154000
v 0.015580 0.237009 0.156000
v 0.015494 0.237034 0.154000
v 0.015494 0.237034 0.156000
v 0.015415 0.237077 0.154000
v 0.015415 0.237077 0.156000
v 0.015343 0.237136 0.154000
v 0.015343 0.237136 0.156000
v 0.015283 0.237208 0.154000
v 0.015283 0.237208 0.156000
v 0.015241 0.237288 0.154000
v 0.015241 0.237288 0.156000
v 0.015215 0.237374 0.154000
v 0.015215 0.237374 0.156000
v 0.015206 0.237468 0.154000
v 0.015206 0.237468 0.156000
v 0.015206 0.263826 0.154000
v 0.015206 0.263826 0.156000
v 0.015215 0.263919 0.154000
v 0.015215 0.263919 0.156000
v 0.015241 0.264006 0.154000
v 0.015241 0.264006 0.156000
v 0.015283 0.264085 0.154000
v 0.015283 0.264085 0.156000
v 0.015343 0.264157 0.154000
v 0.015343 0.264157 0.156000
v 0.015415 0.264217 0.154000
v 0.015415 0.264217 0.156000
v 0.015494 0.264259 0.154000
v 0.015494 0.264259 0.156000
v 0.015580 0.264285 0.154000
v 0.015580 0.264285 0.156000
v 0.015674 0.264294 0.154000
v 0.015674 0.264294 0.156000
v 0.026397 0.264294 0.154000
v 0.026397 0.264294 0.156000
v 0.027552 0.264231 0.154000
v 0.027552 0.264231 0.156000
v 0.028639 0.264045 0.154000
v 0.028639 0.264045 0.156000
v 0.029657 0.263734 0.154000
v 0.029657 0.263734 0.156000
v 0.030608 0.263299 0.154000
v 0.030608 0.263299 0.156000
v 0.031473 0.262751 0.154000
v 0.031473 0.262751 0.156000
v 0.032236 0.262100 0.154000
v 0.032236 0.262100 0.156000
v 0.032896 0.261347 0.154000
v 0.032896 0.261347 0.156000
v 0.033454 0.260492 0.154000
v 0.033454 0.260492 0.156000
v 0.033898 0.259553 0.154000
v 0.033898 0.259553 0.156000
v 0.034214 0.258547 0.154000
v 0.034214 0.258547 0.156000
v 0.034405 0.257476 0.154000
v 0.034405 0.257476 0.156000
v 0.034468 0.256339 0.154000
v 0.034468 0.256339 0.156000
v 0.034381 0.255044 0.154000
v 0.034381 0.255044 0.156000
v 0.034122 0.253849 0.154000
v 0.034122 0.253849 0.156000
v 0.033689 0.252753 0.154000
v 0.033689 0.252753 0.156000
v 0.033084 0.251758 0.154000
v 0.033084 0.251758 0.156000
v 0.032325 0.250884 0.154000
v 0.032325 0.250884 0.156000
v 0.031431 0.250154 0.154000
v 0.031431 0.250154 0.156000
v 0.030404 0.249568 0.154000
v 0.030404 0.249568 0.156000
v 0.029243 0.249126 0.154000
v 0.029243 0.249126 0.156000
v 0.029207 0.249121 0.154000
v 0.029207 0.249121 0.156000
v 0.029175 0.249107 0.154000
v 0.029175 0.249107 0.156000
v 0.029148 0.249082 0.154000
v 0.029148 0.249082 0.156000
v 0.029126 0.249048 0.154000
v 0.029126 0.249048 0.156000
v 0.029112 0.249009 0.154000
v 0.029112 0.249009 0.156000
v 0.029107 0.248970 0.154000
v 0.029107 0.248970 0.156000
v 0.029112 0.248931 0.154000
v 0.029112 0.248931 0.156000
v 0.029126 0.248892 0.154000
v 0.029126 0.248892 0.156000
v 0.034624 0.237546 0.154000
v 0.034624 0.237546 0.156000
v 0.034658 0.237473 0.154000
v 0.034658 0.237473 0.156000
v 0.034682 0.237409 0.154000
v 0.034682 0.237409 0.156000
v 0.034697 0.237356 0.154000
v 0.034697 0.237356 0.156000
v 0.034702 0.237312 0.154000
v 0.034702 0.237312 0.156000
v 0.034675 0.237175 0.154000
v 0.034675 0.237175 0.156000
v 0.034595 0.237078 0.154000
v 0.034595 0.237078 0.156000
v 0.034461 0.237019 0.154000
v 0.034461 0.237019 0.156000
v 0.034273 0.237000 0.154000
v 0.034273 0.237000 0.156000
v 0.019924 0.260394 0.154000
v 0.019924 0.260394 0.156000
v 0.019839 0.260382 0.154000
v 0.019839 0.260382 0.156000
v 0.019778 0.260346 0.154000
v 0.019778 0.260346 0.156000
v 0.019742 0.260285 0.154000
v 0.019742 0.260285 0.156000
v 0.019729 0.260200 0.154000
v 0.019729 0.260200 0.156000
v 0.019729 0.252440 0.154000
v 0.019729 0.252440 0.156000
v 0.019742 0.252355 0.154000
v 0.019742 0.252355 0.156000
v 0.019778 0.252294 0.154000
v 0.019778 0.252294 0.156000
v 0.019839 0.252258 0.154000
v 0.019839 0.252258 0.156000
v 0.019924 0.252245 0.154000
v 0.019924 0.252245 0.156000
v 0.025773 0.252245 0.154000
v 0.025773 0.252245 0.156000
v 0.026664 0.252315 0.154000
v 0.026664 0.252315 0.156000
v 0.027464 0.252523 0.154000
v 0.027464 0.252523 0.156000
v 0.028175 0.252871 0.154000
v 0.028175 0.252871 0.156000
v 0.028795 0.253357 0.154000
v 0.028795 0.253357 0.156000
v 0.029298 0.253957 0.154000
v 0.029298 0.253957 0.156000
v 0.029657 0.254648 0.154000
v 0.029657 0.254648 0.156000
v 0.029873 0.255429 0.154000
v 0.029873 0.255429 0.156000
v 0.029945 0.256300 0.154000
v 0.029945 0.256300 0.156000
v 0.029873 0.257173 0.154000
v 0.029873 0.257173 0.156000
v 0.029657 0.257958 0.154000
v 0.029657 0.257958 0.156000
v 0.029298 0.258655 0.154000
v 0.029298 0.258655 0.156000
v 0.028795 0.259264 0.154000
v 0.028795 0.259264 0.156000
v 0.028175 0.259758 0.154000
v 0.028175 0.259758 0.156000
v 0.027464 0.260112 0.154000
v 0.027464 0.260112 0.156000
v 0.026664 0.260324 0.154000
v 0.026664 0.260324 0.156000
v 0.025773 0.260394 0.154000
v 0.025773 0.260394 0.156000
v 0.056030 0.237000 0.154000
v 0.056030 0.237000 0.156000
v 0.055852 0.237024 0.154000
v 0.055852 0.237024 0.156000
v 0.055708 0.237097 0.154000
v 0.055708 0.237097 0.156000
v 0.055598 0.237219 0.154000
v 0.055598 0.237219 0.156000
v 0.055523 0.237390 0.154000
v 0.055523 0.237390 0.156000
v 0.054236 0.241562 0.154000
v 0.054236 0.241562 0.156000
v 0.054195 0.241630 0.154000
v 0.054195 0.241630 0.156000
v 0.054149 0.241679 0.154000
v 0.054149 0.241679 0.156000
v 0.054097 0.241708 0.154000
v 0.054097 0.241708 0.156000
v 0.054041 0.241718 0.154000
v 0.054041 0.241718 0.156000
v 0.043748 0.241718 0.154000
v 0.043748 0.241718 0.156000
v 0.043692 0.241708 0.154000
v 0.043692 0.241708 0.156000
v 0.043640 0.241679 0.154000
v 0.043640 0.241679 0.156000
v 0.043594 0.241630 0.154000
v 0.043594 0.241630 0.156000
v 0.043553 0.241562 0.154000
v 0.043553 0.241562 0.156000
v 0.042266 0.237390 0.154000
v 0.042266 0.237390 0.156000
v 0.042191 0.237219 0.154000
v 0.042191 0.237219 0.156000
v 0.042081 0.237097 0.154000
v 0.042081 0.237097 0.156000
v 0.041937 0.237024 0.154000
v 0.041937 0.237024 0.156000
v 0.041759 0.237000 0.154000
v 0.041759 0.237000 0.156000
v 0.037860 0.237000 0.154000
v 0.037860 0.237000 0.156000
v 0.037750 0.237009 0.154000
v 0.037750 0.237009 0.156000
v 0.037655 0.237034 0.154000
v 0.037655 0.237034 0.156000
v 0.037575 0.237077 0.154000
v 0.037575 0.237077 0.156000
v 0.037509 0.237136 0.154000
v 0.037509 0.237136 0.156000
v 0.037463 0.237213 0.154000
v 0.037463 0.237213 0.156000
v 0.037441 0.237307 0.154000
v 0.037441 0.237307 0.156000
v 0.037443 0.237418 0.154000
v 0.037443 0.237418 0.156000
v 0.037470 0.237546 0.154000
v 0.037470 0.237546 0.156000
v 0.045931 0.263904 0.154000
v 0.045931 0.263904 0.156000
v 0.046007 0.264074 0.154000
v 0.046007 0.264074 0.156000
v 0.046116 0.264196 0.154000
v 0.046116 0.264196 0.156000
v 0.046260 0.264269 0.154000
v 0.046260 0.264269 0.156000
v 0.046438 0.264294 0.154000
v 0.046438 0.264294 0.156000
v 0.051312 0.264294 0.154000
v 0.051312 0.264294 0.156000
v 0.051490 0.264269 0.154000
v 0.051490 0.264269 0.156000
v 0.051634 0.264196 0.154000
v 0.051634 0.264196 0.156000
v 0.051743 0.264074 0.154000
v 0.051743 0.264074 0.156000
v 0.051819 0.263904 0.154000
v 0.051819 0.263904 0.156000
v 0.060319 0.237546 0.154000
v 0.060319 0.237546 0.156000
v 0.060336 0.237504 0.154000
v 0.060336 0.237504 0.156000
v 0.060348 0.237458 0.154000
v 0.060348 0.237458 0.156000
v 0.060355 0.237407 0.154000
v 0.060355 0.237407 0.156000
v 0.060358 0.237351 0.154000
v 0.060358 0.237351 0.156000
v 0.060331 0.237197 0.154000
v 0.060331 0.237197 0.156000
v 0.060251 0.237088 0.154000
v 0.060251 0.237088 0.156000
v 0.060117 0.237022 0.154000
v 0.060117 0.237022 0.156000
v 0.059929 0.237000 0.154000
v 0.059929 0.237000 0.156000
v 0.044761 0.245500 0.154000
v 0.044761 0.245500 0.156000
v 0.044757 0.245398 0.154000
v 0.044757 0.245398 0.156000
v 0.044781 0.245325 0.154000
v 0.044781 0.245325 0.156000
v 0.044835 0.245281 0.154000
v 0.044835 0.245281 0.156000
v 0.044917 0.245266 0.154000
v 0.044917 0.245266 0.156000
v 0.052833 0.245266 0.154000
v 0.052833 0.245266 0.156000
v 0.052930 0.245281 0.154000
v 0.052930 0.245281 0.156000
v 0.052989 0.245325 0.154000
v 0.052989 0.245325 0.156000
v 0.053008 0.245398 0.154000
v 0.053008 0.245398 0.156000
v 0.052989 0.245500 0.154000
v 0.052989 0.245500 0.156000
v 0.048972 0.258562 0.154000
v 0.048972 0.258562 0.156000
v 0.048951 0.258630 0.154000
v 0.048951 0.258630 0.156000
v 0.048924 0.258679 0.154000
v 0.048924 0.258679 0.156000
v 0.048892 0.258708 0.154000
v 0.048892 0.258708 0.156000
v 0.048856 0.258718 0.154000
v 0.048856 0.258718 0.156000
v 0.048819 0.258708 0.154000
v 0.048819 0.258708 0.156000
v 0.048787 0.258679 0.154000
v 0.048787 0.258679 0.156000
v 0.048760 0.258630 0.154000
v 0.048760 0.258630 0.156000
v 0.048739 0.258562 0.154000
v 0.048739 0.258562 0.156000
v 0.064842 0.237000 0.154000
v 0.064842 0.237000 0.156000
v 0.064748 0.237009 0.154000
v 0.064748 0.237009 0.156000
v 0.064661 0.237034 0.154000
v 0.064661 0.237034 0.156000
v 0.064582 0.237077 0.154000
v 0.064582 0.237077 0.156000
v 0.064510 0.237136 0.154000
v 0.064510 0.237136 0.156000
v 0.064451 0.237208 0.154000
v 0.064451 0.237208 0.156000
v 0.064408 0.237288 0.154000
v 0.064408 0.237288 0.156000
v 0.064382 0.237374 0.154000
v 0.064382 0.237374 0.156000
v 0.064374 0.237468 0.154000
v 0.064374 0.237468 0.156000
v 0.064374 0.263826 0.154000
v 0.064374 0.263826 0.156000
v 0.064382 0.263919 0.154000
v 0.064382 0.263919 0.156000
v 0.064408 0.264006 0.154000
v 0.064408 0.264006 0.156000
v 0.064451 0.264085 0.154000
v 0.064451 0.264085 0.156000
v 0.064510 0.264157 0.154000
v 0.064510 0.264157 0.156000
v 0.064582 0.264217 0.154000
v 0.064582 0.264217 0.156000
v 0.064661 0.264259 0.154000
v 0.064661 0.264259 0.156000
v 0.064748 0.264285 0.154000
v 0.064748 0.264285 0.156000
v 0.064842 0.264294 0.154000
v 0.064842 0.264294 0.156000
v 0.068429 0.264294 0.154000
v 0.068429 0.264294 0.156000
v 0.068523 0.264285 0.154000
v 0.068523 0.264285 0.156000
v 0.068609 0.264259 0.154000
v 0.068609 0.264259 0.156000
v 0.068688 0.264217 0.154000
v 0.068688 0.264217 0.156000
v 0.068760 0.264157 0.154000
v 0.068760 0.264157 0.156000
v 0.068820 0.264085 0.154000
v 0.068820 0.264085 0.156000
v 0.068863 0.264006 0.154000
v 0.068863 0.264006 0.156000
v 0.068888 0.263919 0.154000
v 0.068888 0.263919 0.156000
v 0.068897 0.263826 0.154000
v 0.068897 0.263826 0.156000
v 0.068897 0.241094 0.154000
v 0.068897 0.241094 0.156000
v 0.068909 0.241009 0.154000
v 0.068909 0.241009 0.156000
v 0.068946 0.240948 0.154000
v 0.068946 0.240948 0.156000
v 0.069006 0.240911 0.154000
v 0.069006 0.240911 0.156000
v 0.069092 0.240899 0.154000
v 0.069092 0.240899 0.156000
v 0.082154 0.240899 0.154000
v 0.082154 0.240899 0.156000
v 0.082247 0.240891 0.154000
v 0.082247 0.240891 0.156000
v 0.082334 0.240865 0.154000
v 0.082334 0.240865 0.156000
v 0.082413 0.240822 0.154000
v 0.082413 0.240822 0.156000
v 0.082485 0.240763 0.154000
v 0.082485 0.240763 0.156000
v 0.082545 0.240691 0.154000
v 0.082545 0.240691 0.156000
v 0.082587 0.240611 0.154000
v 0.082587 0.240611 0.156000
v 0.082613 0.240525 0.154000
v 0.082613 0.240525 0.156000
v 0.082622 0.240431 0.154000
v 0.082622 0.240431 0.156000
v 0.082622 0.237468 0.154000
v 0.082622 0.237468 0.156000
v 0.082613 0.237374 0.154000
v 0.082613 0.237374 0.156000
v 0.082587 0.237288 0.154000
v 0.082587 0.237288 0.156000
v 0.082545 0.237208 0.154000
v 0.082545 0.237208 0.156000
v 0.082485 0.237136 0.154000
v 0.082485 0.237136 0.156000
v 0.082413 0.237077 0.154000
v 0.082413 0.237077 0.156000
v 0.082334 0.237034 0.154000
v 0.082334 0.237034 0.156000
v 0.082247 0.237009 0.154000
v 0.082247 0.237009 0.156000
v 0.082154 0.237000 0.154000
v 0.082154 0.237000 0.156000
v -0.090000 0.570000 0.151000
v 0.065000 0.570000 0.151000
v 0.085000 0.520000 0.151000
v 0.130000 0.495000 0.151000
v 0.085000 0.475000 0.151000
v 0.065000 0.405000 0.151000
v 0.025000 0.390000 0.151000
v 0.025000 0.355000 0.151000
v 0.150000 0.310000 0.151000
v -0.160000 0.310000 0.151000
v -0.095000 0.380000 0.151000
v -0.100000 0.480000 0.151000
v -0.090000 0.570000 0.145000
v 0.065000 0.570000 0.145000
v 0.085000 0.520000 0.145000
v 0.130000 0.495000 0.145000
v 0.085000 0.475000 0.145000
v 0.065000 0.405000 0.145000
v 0.025000 0.390000 0.145000
v 0.025000 0.355000 0.145000
v 0.150000 0.310000 0.145000
v -0.160000 0.310000 0.145000
v -0.095000 0.380000 0.145000
v -0.100000 0.480000 0.145000
v -0.200000 0.575000 0.151000
v -0.150000 0.660000 0.151000
v -0.075000 0.625000 0.151000
v 0.035000 0.630000 0.151000
v 0.140000 0.685000 0.151000
v 0.205000 0.570000 0.151000
v -0.200000 0.575000 0.145000
v -0.150000 0.660000 0.145000
v -0.075000 0.625000 0.145000
v 0.035000 0.630000 0.145000
v 0.140000 0.685000 0.145000
v 0.205000 0.570000 0.145000
v -0.122198 0.337308 0.151000
v 0.017802 0.297308 0.151000
v 0.022198 0.312692 0.151000
v -0.117802 0.352692 0.151000
v -0.122198 0.337308 0.145000
v 0.017802 0.297308 0.145000
v 0.022198 0.312692 0.145000
v -0.117802 0.352692 0.145000
vn 0.000000 -0.000000 1.000000
vn 0.000000 -0.000000 1.000000
vn 0.000000 -0.000000 1.000000
vn 0.000000 -0.000000 1.000000
vn 0.000000 -0.000000 1.000000
vn 0.000000 -0.000000 1.000000
vn 0.000000 -0.000000 1.000000
vn 0.000000 -0.000000 1.000000
vn 0.000000 -0.000000 1.000000
vn 0.000000 -0.000000 1.000000
vn 0.000000 -0.000000 1.000000
vn 0.000000 -0.000000 1.000000
vn 0.000000 -0.000000 1.000000
vn 0.000000 -0.000000 1.000000
vn 0.000000 -0.000000 1.000000
vn 0.000000 -0.000000 1.000000
vn 0.000000 -0.000000 1.000000
vn 0.000000 -0.000000 1.000000
vn 0.000000 -0.000000 1.000000
vn 0.000000 -0.000000 1.000000
vn 0.000000 -0.000000 1.000000
vn 0.000000 -0.000000 1.000000
vn 0.000000 -0.000000 1.000000
vn 0.000000 -0.000000 1.000000
vn 0.000000 -0.000000 1.000000
vn 0.000000 -0.000000 1.000000
vn 0.000000 -0.000000 1.000000
vn 0.000000 -0.000000 1.000000
vn 0.000000 -0.000000 1.000000
vn 0.000000 -0.000000 1.000000
vn 0.000000 -0.000000 1.000000
vn 0.000000 -0.000000 1.000000
vn 0.000000 -0.000000 1.000000
vn 0.000000 -0.000000 1.000000
vn 0.000000 -0.000000 1.000000
vn 0.000000 -0.000000 1.000000
vn 0.000000 -0.000000 1.000000
vn 0.000000 -0.000000 1.000000
vn 0.000000 -0.000000 1.000000
vn 0.000000 -0.000000 1.000000
vn 0.000000 -0.000000 1.000000
vn 0.000000 -0.000000 1.000000
vn 0.000000 -0.000000 1.000000
vn 0.000000 -0.000000 1.000000
vn 0.000000 -0.000000 1.000000
vn 0.000000 -0.000000 1.000000
vn 0.000000 -0.000000 1.000000
vn 0.000000 -0.000000 1.000000
vn 0.000000 -0.000000 1.000000
vn 0.000000 -0.000000 1.000000
vn 0.000000 -0.000000 1.000000
vn 0.000000 -0.000000 1.000000
vn 0.000000 -0.000000 1.000000
vn 0.000000 -0.000000 1.000000
vn 0.000000 -0.000000 1.000000
vn 0.000000 -0.000000 1.000000
vn 0.000000 -0.000000 1.000000
vn 0.000000 -0.000000 1.000000
vn 0.000000 -0.000000 1.000000
vn 0.000000 -0.000000 1.000000
vn 0.000000 -0.000000 1.000000
vn 0.000000 -0.000000 1.000000
vn 0.000000 -0.000000 1.000000
vn 0.000000 -0.000000 1.000000
vn 0.000000 -0.000000 1.000000
vn 0.000000 -0.000000 1.000000
vn 0.000000 -0.000000 1.000000
vn 0.000000 -0.000000 1.000000
vn 0.000000 -0.000000 1.000000
vn 0.000000 -0.000000 1.000000
vn 0.000000 -0.000000 1.000000
vn 0.000000 -0.000000 1.000000
vn 0.000000 -0.000000 1.000000
vn 0.000000 -0.000000 1.000000
vn 0.000000 -0.000000 1.000000
vn 0.000000 -0.000000 1.000000
vn 0.000000 -0.000000 1.000000
vn 0.000000 -0.000000 1.000000
vn 0.000000 -0.000000 1.000000
vn 0.000000 -0.000000 1.000000
vn 0.000000 -0.000000 1.000000
vn 0.000000 -0.000000 1.000000
vn 0.000000 -0.000000 1.000000
vn 0.000000 -0.000000 1.000000
vn 0.000000 -0.000000 1.000000
vn 0.000000 -0.000000 1.000000
vn 0.000000 -0.000000 1.000000
vn 0.000000 -0.000000 1.000000
vn 0.000000 -0.000000 1.000000
vn 0.000000 -0.000000 1.000000
vn 0.000000 -0.000000 1.000000
vn 0.000000 -0.000000 1.000000
vn 0.000000 -0.000000 1.000000
vn 0.000000 -0.000000 1.000000
vn 0.000000 -0.000000 1.000000
vn 0.000000 -0.000000 1.000000
vn 0.000000 -0.000000 1.000000
vn 0.000000 -0.000000 1.000000
vn 0.000000 -0.000000 1.000000
vn 0.000000 -0.000000 1.000000
vn 0.000000 -0.000000 1.000000
vn 0.000000 -0.000000 1.000000
vn 0.000000 -0.000000 1.000000
vn 0.000000 -0.000000 1.000000
vn 0.000000 -0.000000 1.000000
vn 0.000000 -0.000000 1.000000
vn 0.000000 -0.000000 1.000000
vn 0.000000 -0.000000 1.000000
vn 0.000000 -0.000000 1.000000
vn 0.000000 -0.000000 1.000000
vn 0.000000 -0.000000 1.000000
vn 0.000000 -0.000000 1.000000
vn 0.000000 -0.000000 1.000000
vn 0.000000 -0.000000 1.000000
vn 0.000000 -0.000000 1.000000
vn 0.000000 -0.000000 1.000000
vn 0.000000 -0.000000 1.000000
vn 0.000000 -0.000000 1.000000
vn 0.000000 -0.000000 1.000000
vn 0.000000 -0.000000 1.000000
vn 0.000000 -0.000000 1.000000
vn 0.000000 -0.000000 1.000000
vn 0.000000 -0.000000 1.000000
vn 0.000000 -0.000000 1.000000
vn 0.000000 -0.000000 1.000000
vn 0.000000 -0.000000 1.000000
vn 0.000000 -0.000000 1.000000
vn 0.000000 -0.000000 1.000000
vn 0.000000 -0.000000 1.000000
vn 0.000000 -0.000000 1.000000
vn 0.000000 -0.000000 1.000000
vn 0.000000 -0.000000 1.000000
vn 0.000000 -0.000000 1.000000
vn 0.000000 -0.000000 1.000000
vn 0.000000 -0.000000 1.000000
vn 0.000000 -0.000000 1.000000
vn 0.000000 -0.000000 1.000000
vn 0.000000 -0.000000 1.000000
vn 0.000000 -0.000000 1.000000
vn 0.000000 -0.000000 1.000000
vn 0.000000 -0.000000 1.000000
vn 0.000000 0.000000 -1.000000
vn 0.000000 0.000000 -1.000000
vn 0.000000 0.000000 -1.000000
vn 0.000000 0.000000 -1.000000
vn 0.000000 0.000000 -1.000000
vn 0.000000 0.000000 -1.000000
vn 0.000000 0.000000 -1.000000
vn 0.000000 0.000000 -1.000000
vn 0.000000 0.000000 -1.000000
vn 0.000000 0.000000 -1.000000
vn 0.000000 0.000000 -1.000000
vn 0.000000 0.000000 -1.000000
vn 0.000000 0.000000 -1.000000
vn 0.000000 0.000000 -1.000000
vn 0.000000 0.000000 -1.000000
vn 0.000000 0.000000 -1.000000
vn 0.000000 0.000000 -1.000000
vn 0.000000 0.000000 -1.000000
vn 0.000000 0.000000 -1.000000
vn 0.000000 0.000000 -1.000000
vn 0.000000 0.000000 -1.000000
vn 0.000000 0.000000 -1.000000
vn 0.000000 0.000000 -1.000000
vn 0.000000 0.000000 -1.000000
vn 0.000000 0.000000 -1.000000
vn 0.000000 0.000000 -1.000000
vn 0.000000 0.000000 -1.000000
vn 0.000000 0.000000 -1.000000
vn 0.000000 0.000000 -1.000000
vn 0.000000 0.000000 -1.000000
vn 0.000000 0.000000 -1.000000
vn 0.000000 0.000000 -1.000000
vn 0.000000 0.000000 -1.000000
vn 0.000000 0.000000 -1.000000
vn 0.000000 0.000000 -1.000000
vn 0.000000 0.000000 -1.000000
vn 0.000000 0.000000 -1.000000
vn 0.000000 0.000000 -1.000000
vn 0.000000 0.000000 -1.000000
vn 0.000000 0.000000 -1.000000
vn 0.000000 0.000000 -1.000000
vn 0.000000 0.000000 -1.000000
vn 0.000000 0.000000 -1.000000
vn 0.000000 0.000000 -1.000000
vn 0.000000 0.000000 -1.000000
vn 0.000000 0.000000 -1.000000
vn 0.000000 0.000000 -1.000000
vn 0.000000 0.000000 -1.000000
vn 0.000000 0.000000 -1.000000
vn 0.000000 0.000000 -1.000000
vn 0.000000 0.000000 -1.000000
vn 0.000000 0.000000 -1.000000
vn 0.000000 0.000000 -1.000000
vn 0.000000 0.000000 -1.000000
vn 0.000000 0.000000 -1.000000
vn 0.000000 0.000000 -1.000000
vn 0.000000 0.000000 -1.000000
vn 0.000000 0.000000 -1.000000
vn 0.000000 0.000000 -1.000000
vn 0.000000 0.000000 -1.000000
vn 0.000000 0.000000 -1.000000
vn 0.000000 0.000000 -1.000000
vn 0.000000 0.000000 -1.000000
vn 0.000000 0.000000 -1.000000
vn 0.000000 0.000000 -1.000000
vn 0.000000 0.000000 -1.000000
vn 0.000000 0.000000 -1.000000
vn 0.000000 0.000000 -1.000000
vn 0.000000 0.000000 -1.000000
vn 0.000000 0.000000 -1.000000
vn 0.000000 0.000000 -1.000000
vn 0.000000 0.000000 -1.000000
vn 0.000000 0.000000 -1.000000
vn 0.000000 0.000000 -1.000000
vn 0.000000 0.000000 -1.000000
vn 0.000000 0.000000 -1.000000
vn 0.000000 0.000000 -1.000000
vn 0.000000 0.000000 -1.000000
vn 0.000000 0.000000 -1.000000
vn 0.000000 0.000000 -1.000000
vn 0.000000 0.000000 -1.000000
vn 0.000000 0.000000 -1.000000
vn 0.000000 0.000000 -1.000000
vn 0.000000 0.000000 -1.000000
vn 0.000000 0.000000 -1.000000
vn 0.000000 0.000000 -1.000000
vn 0.000000 0.000000 -1.000000
vn 0.000000 0.000000 -1.000000
vn 0.000000 0.000000 -1.000000
vn 0.000000 0.000000 -1.000000
vn 0.000000 0.000000 -1.000000
vn 0.000000 0.000000 -1.000000
vn 0.000000 0.000000 -1.000000
vn 0.000000 0.000000 -1.000000
vn 0.000000 0.000000 -1.000000
vn 0.000000 0.000000 -1.000000
vn 0.000000 0.000000 -1.000000
vn 0.000000 0.000000 -1.000000
vn 0.000000 0.000000 -1.000000
vn 0.000000 0.000000 -1.000000
vn 0.000000 0.000000 -1.000000
vn 0.000000 0.000000 -1.000000
vn 0.000000 0.000000 -1.000000
vn 0.000000 0.000000 -1.000000
vn 0.000000 0.000000 -1.000000
vn 0.000000 0.000000 -1.000000
vn 0.000000 0.000000 -1.000000
vn 0.000000 0.000000 -1.000000
vn 0.000000 0.000000 -1.000000
vn 0.000000 0.000000 -1.000000
vn 0.000000 0.000000 -1.000000
vn 0.000000 0.000000 -1.000000
vn 0.000000 0.000000 -1.000000
vn 0.000000 0.000000 -1.000000
vn 0.000000 0.000000 -1.000000
vn 0.000000 0.000000 -1.000000
vn 0.000000 0.000000 -1.000000
vn 0.000000 0.000000 -1.000000
vn 0.000000 0.000000 -1.000000
vn 0.000000 0.000000 -1.000000
vn 0.000000 0.000000 -1.000000
vn 0.000000 0.000000 -1.000000
vn 0.000000 0.000000 -1.000000
vn 0.000000 0.000000 -1.000000
vn 0.000000 0.000000 -1.000000
vn 0.000000 0.000000 -1.000000
vn 0.000000 0.000000 -1.000000
vn 0.000000 0.000000 -1.000000
vn 0.000000 0.000000 -1.000000
vn 0.000000 0.000000 -1.000000
vn 0.000000 0.000000 -1.000000
vn 0.000000 0.000000 -1.000000
vn 0.000000 0.000000 -1.000000
vn 0.000000 0.000000 -1.000000
vn 0.000000 0.000000 -1.000000
vn 0.000000 0.000000 -1.000000
vn 0.000000 0.000000 -1.000000
vn 0.000000 0.000000 -1.000000
vn 0.000000 0.000000 -1.000000
vn 0.000000 0.000000 -1.000000
vn 0.000000 0.000000 -1.000000
vn 0.952424 0.304775 0.000000
vn 0.978330 0.207054 0.000000
vn 0.993084 0.117409 0.000000
vn 0.999321 0.036842 0.000000
vn 1.000000 0.000000 -0.000000
vn 0.997930 -0.064306 -0.000000
vn 0.979414 -0.201864 -0.000000
vn 0.938518 -0.345231 -0.000000
vn 0.874640 -0.484772 -0.000000
vn 0.793338 -0.608781 -0.000000
vn 0.696805 -0.717261 -0.000000
vn 0.588543 -0.808466 -0.000000
vn 0.476245 -0.879313 -0.000000
vn 0.364400 -0.931243 -0.000000
vn 0.252285 -0.967653 -0.000000
vn 0.145030 -0.989427 -0.000000
vn 0.045917 -0.998945 -0.000000
vn -0.046315 -0.998927 -0.000000
vn -0.145908 -0.989298 -0.000000
vn -0.253077 -0.967446 -0.000000
vn -0.364444 -0.931225 -0.000000
vn -0.475415 -0.879762 -0.000000
vn -0.587261 -0.809398 -0.000000
vn -0.695247 -0.718771 -0.000000
vn -0.791746 -0.610851 -0.000000
vn -0.872976 -0.487763 -0.000000
vn -0.937192 -0.348814 -0.000000
vn -0.978809 -0.204777 -0.000000
vn -0.997856 -0.065453 -0.000000
vn -1.000000 0.000000 -0.000000
vn -0.995894 0.090533 0.000000
vn -0.958935 0.283627 0.000000
vn -0.880472 0.474099 0.000000
vn -0.769286 0.638905 0.000000
vn -0.638904 0.769287 0.000000
vn -0.474099 0.880472 0.000000
vn -0.283635 0.958932 0.000000
vn -0.090532 0.995894 0.000000
vn 0.000000 1.000000 0.000000
vn 0.090540 0.995893 0.000000
vn 0.283634 0.958933 0.000000
vn 0.474099 0.880472 0.000000
vn 0.638896 0.769293 0.000000
vn 0.769287 0.638904 0.000000
vn 0.880472 0.474099 0.000000
vn 0.958935 0.283627 0.000000
vn 0.995893 0.090536 0.000000
vn 1.000000 0.000000 -0.000000
vn 0.996398 0.084800 0.000000
vn 0.962438 0.271502 0.000000
vn 0.885306 0.465009 0.000000
vn 0.768365 0.640012 0.000000
vn 0.624909 0.780698 0.000000
vn 0.450035 0.893011 0.000000
vn 0.260952 0.965352 0.000000
vn 0.081200 0.996698 0.000000
vn -0.080408 0.996762 0.000000
vn -0.258168 0.966100 0.000000
vn -0.445196 0.895433 0.000000
vn -0.618779 0.785565 0.000000
vn -0.763386 0.645942 0.000000
vn -0.882872 0.469613 0.000000
vn -0.961712 0.274063 0.000000
vn -0.996339 0.085489 0.000000
vn -1.000000 0.000000 -0.000000
vn -0.995894 -0.090532 -0.000000
vn -0.948684 -0.316225 -0.000000
vn -0.813737 -0.581233 -0.000000
vn -0.581237 -0.813734 -0.000000
vn -0.298279 -0.954479 -0.000000
vn 0.062376 -0.998053 -0.000000
vn 0.400821 -0.916156 -0.000000
vn 0.630590 -0.776116 -0.000000
vn 0.616987 -0.786973 -0.000000
vn 0.433134 -0.901330 -0.000000
vn 0.244821 -0.969568 -0.000000
vn 0.074657 -0.997209 -0.000000
vn -0.054563 -0.998510 -0.000000
vn -0.172408 -0.985026 -0.000000
vn -0.298615 -0.954374 -0.000000
vn -0.427090 -0.904209 -0.000000
vn -0.550687 -0.834712 -0.000000
vn -0.666538 -0.745471 -0.000000
vn -0.768018 -0.640428 -0.000000
vn -0.849881 -0.526975 -0.000000
vn -0.907709 -0.419601 -0.000000
vn -0.958716 -0.284365 -0.000000
vn -0.987203 -0.159471 -0.000000
vn -0.998787 -0.049236 -0.000000
vn -0.999107 0.042245 0.000000
vn -0.990952 0.134215 0.000000
vn -0.971915 0.235331 0.000000
vn -0.939219 0.343318 0.000000
vn -0.890677 0.454637 0.000000
vn -0.809838 0.586654 0.000000
vn -0.706039 0.708173 0.000000
vn -0.586557 0.809908 0.000000
vn -0.457809 0.889051 0.000000
vn -0.320431 0.947272 0.000000
vn -0.184637 0.982807 0.000000
vn -0.058189 0.998306 0.000000
vn 0.059532 0.998226 0.000000
vn 0.189766 0.981829 0.000000
vn 0.330564 0.943784 0.000000
vn 0.473280 0.880912 0.000000
vn 0.606856 0.794812 0.000000
vn 0.729125 0.684381 0.000000
vn 0.832205 0.554468 0.000000
vn 0.909233 0.416287 0.000000
vn -0.923683 0.383157 0.000000
vn -0.965803 0.259276 0.000000
vn -0.989334 0.145668 0.000000
vn -0.998980 0.045151 0.000000
vn -0.999030 -0.044025 -0.000000
vn -0.990233 -0.139419 -0.000000
vn -0.969922 -0.243417 -0.000000
vn -0.935529 -0.353249 -0.000000
vn -0.854541 -0.519384 -0.000000
vn -0.654115 -0.756395 -0.000000
vn -0.379708 -0.925107 -0.000000
vn -0.112450 -0.993657 -0.000000
vn 0.113191 -0.993573 -0.000000
vn 0.377001 -0.926213 -0.000000
vn 0.642523 -0.766267 -0.000000
vn 0.838139 -0.545456 -0.000000
vn 0.931549 -0.363616 -0.000000
vn 0.965716 -0.259601 -0.000000
vn 0.988093 -0.153856 -0.000000
vn 0.998744 -0.050104 -0.000000
vn 0.998657 0.051803 0.000000
vn 0.986144 0.165893 0.000000
vn 0.956477 0.291807 0.000000
vn 0.905580 0.424176 0.000000
vn 0.797715 0.603035 0.000000
vn 0.607263 0.794501 0.000000
vn 0.359314 0.933217 0.000000
vn 0.109929 0.993939 0.000000
vn -0.108059 0.994144 0.000000
vn -0.360589 0.932725 0.000000
vn -0.620448 0.784248 0.000000
vn -0.820332 0.571888 0.000000
vn 0.000000 -0.000000 1.000000
vn 0.000000 -0.000000 1.000000
vn 0.000000 -0.000000 1.000000
vn 0.000000 -0.000000 1.000000
vn 0.000000 -0.000000 1.000000
vn 0.000000 -0.000000 1.000000
vn 0.000000 -0.000000 1.000000
vn 0.000000 -0.000000 1.000000
vn 0.000000 -0.000000 1.000000
vn 0.000000 -0.000000 1.000000
vn 0.000000 -0.000000 1.000000
vn 0.000000 -0.000000 1.000000
vn 0.000000 -0.000000 1.000000
vn 0.000000 -0.000000 1.000000
vn 0.000000 -0.000000 1.000000
vn 0.000000 -0.000000 1.000000
vn 0.000000 -0.000000 1.000000
vn 0.000000 -0.000000 1.000000
vn 0.000000 -0.000000 1.000000
vn 0.000000 -0.000000 1.000000
vn 0.000000 -0.000000 1.000000
vn 0.000000 -0.000000 1.000000
vn 0.000000 -0.000000 1.000000
vn 0.000000 -0.000000 1.000000
vn 0.000000 -0.000000 1.000000
vn 0.000000 -0.000000 1.000000
vn 0.000000 -0.000000 1.000000
vn 0.000000 -0.000000 1.000000
vn 0.000000 -0.000000 1.000000
vn 0.000000 -0.000000 1.000000
vn 0.000000 -0.000000 1.000000
vn 0.000000 -0.000000 1.000000
vn 0.000000 -0.000000 1.000000
vn 0.000000 -0.000000 1.000000
vn 0.000000 -0.000000 1.000000
vn 0.000000 -0.000000 1.000000
vn 0.000000 -0.000000 1.000000
vn 0.000000 -0.000000 1.000000
vn 0.000000 -0.000000 1.000000
vn 0.000000 -0.000000 1.000000
vn 0.000000 -0.000000 1.000000
vn 0.000000 -0.000000 1.000000
vn 0.000000 -0.000000 1.000000
vn 0.000000 -0.000000 1.000000
vn 0.000000 -0.000000 1.000000
vn 0.000000 -0.000000 1.000000
vn 0.000000 -0.000000 1.000000
vn 0.000000 -0.000000 1.000000
vn 0.000000 -0.000000 1.000000
vn 0.000000 -0.000000 1.000000
vn 0.000000 -0.000000 1.000000
vn 0.000000 -0.000000 1.000000
vn 0.000000 -0.000000 1.000000
vn 0.000000 -0.000000 1.000000
vn 0.000000 -0.000000 1.000000
vn 0.000000 -0.000000 1.000000
vn 0.000000 -0.000000 1.000000
vn 0.000000 -0.000000 1.000000
vn 0.000000 -0.000000 1.000000
vn 0.000000 -0.000000 1.000000
vn 0.000000 -0.000000 1.000000
vn 0.000000 -0.000000 1.000000
vn 0.000000 -0.000000 1.000000
vn 0.000000 -0.000000 1.000000
vn 0.000000 -0.000000 1.000000
vn 0.000000 -0.000000 1.000000
vn 0.000000 -0.000000 1.000000
vn 0.000000 -0.000000 1.000000
vn 0.000000 -0.000000 1.000000
vn 0.000000 -0.000000 1.000000
vn 0.000000 -0.000000 1.000000
vn 0.000000 -0.000000 1.000000
vn 0.000000 -0.000000 1.000000
vn 0.000000 -0.000000 1.000000
vn 0.000000 -0.000000 1.000000
vn 0.000000 -0.000000 1.000000
vn 0.000000 -0.000000 1.000000
vn 0.000000 -0.000000 1.000000
vn 0.000000 -0.000000 1.000000
vn 0.000000 -0.000000 1.000000
vn 0.000000 -0.000000 1.000000
vn 0.000000 -0.000000 1.000000
vn 0.000000 -0.000000 1.000000
vn 0.000000 -0.000000 1.000000
vn 0.000000 -0.000000 1.000000
vn 0.000000 -0.000000 1.000000
vn 0.000000 -0.000000 1.000000
vn 0.000000 -0.000000 1.000000
vn 0.000000 -0.000000 1.000000
vn 0.000000 -0.000000 1.000000
vn 0.000000 -0.000000 1.000000
vn 0.000000 -0.000000 1.000000
vn 0.000000 -0.000000 1.000000
vn 0.000000 -0.000000 1.000000
vn 0.000000 -0.000000 1.000000
vn 0.000000 -0.000000 1.000000
vn 0.000000 -0.000000 1.000000
vn 0.000000 -0.000000 1.000000
vn 0.000000 -0.000000 1.000000
vn 0.000000 -0.000000 1.000000
vn 0.000000 -0.000000 1.000000
vn 0.000000 -0.000000 1.000000
vn 0.000000 -0.000000 1.000000
vn 0.000000 -0.000000 1.000000
vn 0.000000 -0.000000 1.000000
vn 0.000000 -0.000000 1.000000
vn 0.000000 -0.000000 1.000000
vn 0.000000 -0.000000 1.000000
vn 0.000000 -0.000000 1.000000
vn 0.000000 -0.000000 1.000000
vn 0.000000 -0.000000 1.000000
vn 0.000000 -0.000000 1.000000
vn 0.000000 -0.000000 1.000000
vn 0.000000 -0.000000 1.000000
vn 0.000000 -0.000000 1.000000
vn 0.000000 -0.000000 1.000000
vn 0.000000 -0.000000 1.000000
vn 0.000000 -0.000000 1.000000
vn 0.000000 -0.000000 1.000000
vn 0.000000 -0.000000 1.000000
vn 0.000000 -0.000000 1.000000
vn 0.000000 -0.000000 1.000000
vn 0.000000 -0.000000 1.000000
vn 0.000000 -0.000000 1.000000
vn 0.000000 -0.000000 1.000000
vn 0.000000 -0.000000 1.000000
vn 0.000000 -0.000000 1.000000
vn 0.000000 -0.000000 1.000000
vn 0.000000 -0.000000 1.000000
vn 0.000000 -0.000000 1.000000
vn 0.000000 -0.000000 1.000000
vn 0.000000 -0.000000 1.000000
vn 0.000000 -0.000000 1.000000
vn 0.000000 -0.000000 1.000000
vn 0.000000 -0.000000 1.000000
vn 0.000000 -0.000000 1.000000
vn 0.000000 -0.000000 1.000000
vn 0.000000 -0.000000 1.000000
vn 0.000000 -0.000000 1.000000
vn 0.000000 -0.000000 1.000000
vn 0.000000 -0.000000 1.000000
vn 0.000000 -0.000000 1.000000
vn 0.000000 -0.000000 1.000000
vn 0.000000 -0.000000 1.000000
vn 0.000000 -0.000000 1.000000
vn 0.000000 -0.000000 1.000000
vn 0.000000 -0.000000 1.000000
vn 0.000000 -0.000000 1.000000
vn 0.000000 -0.000000 1.000000
vn 0.000000 -0.000000 1.000000
vn 0.000000 -0.000000 1.000000
vn 0.000000 -0.000000 1.000000
vn 0.000000 -0.000000 1.000000
vn 0.000000 -0.000000 1.000000
vn 0.000000 -0.000000 1.000000
vn 0.000000 -0.000000 1.000000
vn 0.000000 -0.000000 1.000000
vn 0.000000 -0.000000 1.000000
vn 0.000000 -0.000000 1.000000
vn 0.000000 -0.000000 1.000000
vn 0.000000 -0.000000 1.000000
vn 0.000000 -0.000000 1.000000
vn 0.000000 -0.000000 1.000000
vn 0.000000 -0.000000 1.000000
vn 0.000000 -0.000000 1.000000
vn 0.000000 -0.000000 1.000000
vn 0.000000 -0.000000 1.000000
vn 0.000000 -0.000000 1.000000
vn 0.000000 -0.000000 1.000000
vn 0.000000 -0.000000 1.000000
vn 0.000000 -0.000000 1.000000
vn 0.000000 -0.000000 1.000000
vn 0.000000 -0.000000 1.000000
vn 0.000000 -0.000000 1.000000
vn 0.000000 -0.000000 1.000000
vn 0.000000 -0.000000 1.000000
vn 0.000000 -0.000000 1.000000
vn 0.000000 -0.000000 1.000000
vn 0.000000 -0.000000 1.000000
vn 0.000000 -0.000000 1.000000
vn 0.000000 -0.000000 1.000000
vn 0.000000 -0.000000 1.000000
vn 0.000000 -0.000000 1.000000
vn 0.000000 -0.000000 1.000000
vn 0.000000 -0.000000 1.000000
vn 0.000000 -0.000000 1.000000
vn 0.000000 -0.000000 1.000000
vn 0.000000 -0.000000 1.000000
vn 0.000000 -0.000000 1.000000
vn 0.000000 -0.000000 1.000000
vn 0.000000 -0.000000 1.000000
vn 0.000000 -0.000000 1.000000
vn 0.000000 -0.000000 1.000000
vn 0.000000 -0.000000 1.000000
vn 0.000000 -0.000000 1.000000
vn 0.000000 -0.000000 1.000000
vn 0.000000 -0.000000 1.000000
vn 0.000000 -0.000000 1.000000
vn 0.000000 -0.000000 1.000000
vn 0.000000 -0.000000 1.000000
vn 0.000000 -0.000000 1.000000
vn 0.000000 -0.000000 1.000000
vn 0.000000 -0.000000 1.000000
vn 0.000000 -0.000000 1.000000
vn 0.000000 -0.000000 1.000000
vn 0.000000 -0.000000 1.000000
vn 0.000000 -0.000000 1.000000
vn 0.000000 -0.000000 1.000000
vn 0.000000 -0.000000 1.000000
vn 0.000000 -0.000000 1.000000
vn 0.000000 -0.000000 1.000000
vn 0.000000 -0.000000 1.000000
vn 0.000000 -0.000000 1.000000
vn 0.000000 -0.000000 1.000000
vn 0.000000 -0.000000 1.000000
vn 0.000000 -0.000000 1.000000
vn 0.000000 -0.000000 1.000000
vn 0.000000 -0.000000 1.000000
vn 0.000000 -0.000000 1.000000
vn 0.000000 -0.000000 1.000000
vn 0.000000 -0.000000 1.000000
vn 0.000000 -0.000000 1.000000
vn 0.000000 -0.000000 1.000000
vn 0.000000 -0.000000 1.000000
vn 0.000000 -0.000000 1.000000
vn 0.000000 -0.000000 1.000000
vn 0.000000 -0.000000 1.000000
vn 0.000000 -0.000000 1.000000
vn 0.000000 -0.000000 1.000000
vn 0.000000 -0.000000 1.000000
vn 0.000000 -0.000000 1.000000
vn 0.000000 -0.000000 1.000000
vn 0.000000 -0.000000 1.000000
vn 0.000000 -0.000000 1.000000
vn 0.000000 -0.000000 1.000000
vn 0.000000 -0.000000 1.000000
vn 0.000000 -0.000000 1.000000
vn 0.000000 -0.000000 1.000000
vn 0.000000 -0.000000 1.000000
vn 0.000000 -0.000000 1.000000
vn 0.000000 -0.000000 1.000000
vn 0.000000 -0.000000 1.000000
vn 0.000000 -0.000000 1.000000
vn 0.000000 -0.000000 1.000000
vn 0.000000 -0.000000 1.000000
vn 0.000000 -0.000000 1.000000
vn 0.000000 -0.000000 1.000000
vn 0.000000 -0.000000 1.000000
vn 0.000000 -0.000000 1.000000
vn 0.000000 -0.000000 1.000000
vn 0.000000 -0.000000 1.000000
vn 0.000000 -0.000000 1.000000
vn 0.000000 -0.000000 1.000000
vn 0.000000 -0.000000 1.000000
vn 0.000000 -0.000000 1.000000
vn 0.000000 -0.000000 1.000000
vn 0.000000 -0.000000 1.000000
vn 0.000000 -0.000000 1.000000
vn 0.000000 -0.000000 1.000000
vn 0.000000 -0.000000 1.000000
vn 0.000000 -0.000000 1.000000
vn 0.000000 -0.000000 1.000000
vn 0.000000 -0.000000 1.000000
vn 0.000000 -0.000000 1.000000
vn 0.000000 -0.000000 1.000000
vn 0.000000 -0.000000 1.000000
vn 0.000000 -0.000000 1.000000
vn 0.000000 -0.000000 1.000000
vn 0.000000 -0.000000 1.000000
vn 0.000000 -0.000000 1.000000
vn 0.000000 -0.000000 1.000000
vn 0.000000 -0.000000 1.000000
vn 0.000000 -0.000000 1.000000
vn 0.000000 -0.000000 1.000000
vn 0.000000 -0.000000 1.000000
vn 0.000000 -0.000000 1.000000
vn 0.000000 -0.000000 1.000000
vn 0.000000 -0.000000 1.000000
vn 0.000000 -0.000000 1.000000
vn 0.000000 -0.000000 1.000000
vn 0.000000 -0.000000 1.000000
vn 0.000000 -0.000000 1.000000
vn 0.000000 -0.000000 1.000000
vn 0.000000 -0.000000 1.000000
vn 0.000000 -0.000000 1.000000
vn 0.000000 -0.000000 1.000000
vn 0.000000 -0.000000 1.000000
vn 0.000000 -0.000000 1.000000
vn 0.000000 -0.000000 1.000000
vn 0.000000 -0.000000 1.000000
vn 0.000000 -0.000000 1.000000
vn 0.000000 -0.000000 1.000000
vn 0.000000 -0.000000 1.000000
vn 0.000000 -0.000000 1.000000
vn 0.000000 -0.000000 1.000000
vn 0.000000 -0.000000 1.000000
vn 0.000000 -0.000000 1.000000
vn 0.000000 -0.000000 1.000000
vn 0.000000 -0.000000 1.000000
vn 0.000000 -0.000000 1.000000
vn 0.000000 -0.000000 1.000000
vn 0.000000 -0.000000 1.000000
vn 0.000000 -0.000000 1.000000
vn 0.000000 -0.000000 1.000000
vn 0.000000 -0.000000 1.000000
vn 0.000000 -0.000000 1.000000
vn 0.000000 -0.000000 1.000000
vn 0.000000 -0.000000 1.000000
vn 0.000000 -0.000000 1.000000
vn 0.000000 -0.000000 1.000000
vn 0.000000 -0.000000 1.000000
vn 0.000000 -0.000000 1.000000
vn 0.000000 -0.000000 1.000000
vn 0.000000 -0.000000 1.000000
vn 0.000000 -0.000000 1.000000
vn 0.000000 -0.000000 1.000000
vn 0.000000 -0.000000 1.000000
vn 0.000000 -0.000000 1.000000
vn 0.000000 -0.000000 1.000000
vn 0.000000 -0.000000 1.000000
vn 0.000000 -0.000000 1.000000
vn 0.000000 -0.000000 1.000000
vn 0.000000 -0.000000 1.000000
vn 0.000000 -0.000000 1.000000
vn 0.000000 -0.000000 1.000000
vn 0.000000 -0.000000 1.000000
vn 0.000000 -0.000000 1.000000
vn 0.000000 -0.000000 1.000000
vn 0.000000 -0.000000 1.000000
vn 0.000000 -0.000000 1.000000
vn 0.000000 -0.000000 1.000000
vn 0.000000 -0.000000 1.000000
vn 0.000000 -0.000000 1.000000
vn 0.000000 -0.000000 1.000000
vn 0.000000 -0.000000 1.000000
vn 0.000000 -0.000000 1.000000
vn 0.000000 -0.000000 1.000000
vn 0.000000 -0.000000 1.000000
vn 0.000000 -0.000000 1.000000
vn 0.000000 -0.000000 1.000000
vn 0.000000 -0.000000 1.000000
vn 0.000000 -0.000000 1.000000
vn 0.000000 -0.000000 1.000000
vn 0.000000 -0.000000 1.000000
vn 0.000000 -0.000000 1.000000
vn 0.000000 -0.000000 1.000000
vn 0.000000 -0.000000 1.000000
vn 0.000000 -0.000000 1.000000
vn 0.000000 -0.000000 1.000000
vn 0.000000 -0.000000 1.000000
vn 0.000000 -0.000000 1.000000
vn 0.000000 -0.000000 1.000000
vn 0.000000 -0.000000 1.000000
vn 0.000000 -0.000000 1.000000
vn 0.000000 -0.000000 1.000000
vn 0.000000 -0.000000 1.000000
vn 0.000000 -0.000000 1.000000
vn 0.000000 -0.000000 1.000000
vn 0.000000 -0.000000 1.000000
vn 0.000000 -0.000000 1.000000
vn 0.000000 -0.000000 1.000000
vn 0.000000 -0.000000 1.000000
vn 0.000000 -0.000000 1.000000
vn 0.000000 -0.000000 1.000000
vn 0.000000 -0.000000 1.000000
vn 0.000000 -0.000000 1.000000
vn 0.000000 -0.000000 1.000000
vn 0.000000 -0.000000 1.000000
vn 0.000000 -0.000000 1.000000
vn 0.000000 -0.000000 1.000000
vn 0.000000 -0.000000 1.000000
vn 0.000000 -0.000000 1.000000
vn 0.000000 -0.000000 1.000000
vn 0.000000 -0.000000 1.000000
vn 0.000000 -0.000000 1.000000
vn 0.000000 -0.000000 1.000000
vn 0.000000 -0.000000 1.000000
vn 0.000000 -0.000000 1.000000
vn 0.000000 -0.000000 1.000000
vn 0.000000 -0.000000 1.000000
vn 0.000000 -0.000000 1.000000
vn 0.000000 -0.000000 1.000000
vn 0.000000 -0.000000 1.000000
vn 0.000000 -0.000000 1.000000
vn 0.000000 -0.000000 1.000000
vn 0.000000 -0.000000 1.000000
vn 0.000000 -0.000000 1.000000
vn 0.000000 -0.000000 1.000000
vn 0.000000 -0.000000 1.000000
vn 0.000000 -0.000000 1.000000
vn 0.000000 -0.000000 1.000000
vn 0.000000 -0.000000 1.000000
vn 0.000000 -0.000000 1.000000
vn 0.000000 -0.000000 1.000000
vn 0.000000 -0.000000 1.000000
vn 0.000000 -0.000000 1.000000
vn 0.000000 -0.000000 1.000000
vn 0.000000 -0.000000 1.000000
vn 0.000000 -0.000000 1.000000
vn 0.000000 -0.000000 1.000000
vn 0.000000 -0.000000 1.000000
vn 0.000000 -0.000000 1.000000
vn 0.000000 -0.000000 1.000000
vn 0.000000 -0.000000 1.000000
vn 0.000000 -0.000000 1.000000
vn 0.000000 -0.000000 1.000000
vn 0.000000 -0.000000 1.000000
vn 0.000000 -0.000000 1.000000
vn 0.000000 -0.000000 1.000000
vn 0.000000 -0.000000 1.000000
vn 0.000000 -0.000000 1.000000
vn 0.000000 -0.000000 1.000000
vn 0.000000 -0.000000 1.000000
vn 0.000000 -0.000000 1.000000
vn 0.000000 -0.000000 1.000000
vn 0.000000 -0.000000 1.000000
vn 0.000000 -0.000000 1.000000
vn 0.000000 -0.000000 1.000000
vn 0.000000 -0.000000 1.000000
vn 0.000000 -0.000000 1.000000
vn 0.000000 -0.000000 1.000000
vn 0.000000 -0.000000 1.000000
vn 0.000000 -0.000000 1.000000
vn 0.000000 -0.000000 1.000000
vn 0.000000 -0.000000 1.000000
vn 0.000000 -0.000000 1.000000
vn 0.000000 -0.000000 1.000000
vn 0.000000 -0.000000 1.000000
vn 0.000000 -0.000000 1.000000
vn 0.000000 -0.000000 1.000000
vn 0.000000 -0.000000 1.000000
vn 0.000000 -0.000000 1.000000
vn 0.000000 -0.000000 1.000000
vn 0.000000 -0.000000 1.000000
vn 0.000000 -0.000000 1.000000
vn 0.000000 -0.000000 1.000000
vn 0.000000 -0.000000 1.000000
vn 0.000000 -0.000000 1.000000
vn 0.000000 -0.000000 1.000000
vn 0.000000 -0.000000 1.000000
vn 0.000000 -0.000000 1.000000
vn 0.000000 -0.000000 1.000000
vn 0.000000 -0.000000 1.000000
vn 0.000000 -0.000000 1.000000
vn 0.000000 -0.000000 1.000000
vn 0.000000 -0.000000 1.000000
vn 0.000000 -0.000000 1.000000
vn 0.000000 -0.000000 1.000000
vn 0.000000 -0.000000 1.000000
vn 0.000000 -0.000000 1.000000
vn 0.000000 -0.000000 1.000000
vn 0.000000 -0.000000 1.000000
vn 0.000000 -0.000000 1.000000
vn 0.000000 -0.000000 1.000000
vn 0.000000 -0.000000 1.000000
vn 0.000000 -0.000000 1.000000
vn 0.000000 -0.000000 1.000000
vn 0.000000 -0.000000 1.000000
vn 0.000000 -0.000000 1.000000
vn 0.000000 -0.000000 1.000000
vn 0.000000 -0.000000 1.000000
vn 0.000000 -0.000000 1.000000
vn 0.000000 -0.000000 1.000000
vn 0.000000 -0.000000 1.000000
vn 0.000000 -0.000000 1.000000
vn 0.000000 -0.000000 1.000000
vn 0.000000 -0.000000 1.000000
vn 0.000000 -0.000000 1.000000
vn 0.000000 -0.000000 1.000000
vn 0.000000 -0.000000 1.000000
vn 0.000000 -0.000000 1.000000
vn 0.000000 -0.000000 1.000000
vn 0.000000 -0.000000 1.000000
vn 0.000000 -0.000000 1.000000
vn 0.000000 -0.000000 1.000000
vn 0.000000 -0.000000 1.000000
vn 0.000000 -0.000000 1.000000
vn 0.000000 -0.000000 1.000000
vn 0.000000 -0.000000 1.000000
vn 0.000000 -0.000000 1.000000
vn 0.000000 -0.000000 1.000000
vn 0.000000 -0.000000 1.000000
vn 0.000000 -0.000000 1.000000
vn 0.000000 -0.000000 1.000000
vn 0.000000 -0.000000 1.000000
vn 0.000000 -0.000000 1.000000
vn 0.000000 -0.000000 1.000000
vn 0.000000 -0.000000 1.000000
vn 0.000000 -0.000000 1.000000
vn 0.000000 -0.000000 1.000000
vn 0.000000 -0.000000 1.000000
vn 0.000000 -0.000000 1.000000
vn 0.000000 -0.000000 1.000000
vn 0.000000 -0.000000 1.000000
vn 0.000000 -0.000000 1.000000
vn 0.000000 -0.000000 1.000000
vn 0.000000 -0.000000 1.000000
vn 0.000000 -0.000000 1.000000
vn 0.000000 -0.000000 1.000000
vn 0.000000 -0.000000 1.000000
vn 0.000000 -0.000000 1.000000
vn 0.000000 -0.000000 1.000000
vn 0.000000 -0.000000 1.000000
vn 0.000000 -0.000000 1.000000
vn 0.000000 -0.000000 1.000000
vn 0.000000 -0.000000 1.000000
vn 0.000000 -0.000000 1.000000
vn 0.000000 -0.000000 1.000000
vn 0.000000 -0.000000 1.000000
vn 0.000000 -0.000000 1.000000
vn 0.000000 -0.000000 1.000000
vn 0.000000 -0.000000 1.000000
vn 0.000000 -0.000000 1.000000
vn 0.000000 -0.000000 1.000000
vn 0.000000 -0.000000 1.000000
vn 0.000000 -0.000000 1.000000
vn 0.000000 -0.000000 1.000000
vn 0.000000 -0.000000 1.000000
vn 0.000000 -0.000000 1.000000
vn 0.000000 -0.000000 1.000000
vn 0.000000 -0.000000 1.000000
vn 0.000000 -0.000000 1.000000
vn 0.000000 -0.000000 1.000000
vn 0.000000 -0.000000 1.000000
vn 0.000000 -0.000000 1.000000
vn 0.000000 -0.000000 1.000000
vn 0.000000 -0.000000 1.000000
vn 0.000000 -0.000000 1.000000
vn 0.000000 -0.000000 1.000000
vn 0.000000 -0.000000 1.000000
vn 0.000000 -0.000000 1.000000
vn 0.000000 -0.000000 1.000000
vn 0.000000 -0.000000 1.000000
vn 0.000000 -0.000000 1.000000
vn 0.000000 -0.000000 1.000000
vn 0.000000 -0.000000 1.000000
vn 0.000000 -0.000000 1.000000
vn 0.000000 -0.000000 1.000000
vn 0.000000 -0.000000 1.000000
vn 0.000000 -0.000000 1.000000
vn 0.000000 -0.000000 1.000000
vn 0.000000 -0.000000 1.000000
vn 0.000000 -0.000000 1.000000
vn 0.000000 -0.000000 1.000000
vn 0.000000 -0.000000 1.000000
vn 0.000000 -0.000000 1.000000
vn 0.000000 -0.000000 1.000000
vn 0.000000 -0.000000 1.000000
vn 0.000000 -0.000000 1.000000
vn 0.000000 -0.000000 1.000000
vn 0.000000 -0.000000 1.000000
vn 0.000000 -0.000000 1.000000
vn 0.000000 -0.000000 1.000000
vn 0.000000 -0.000000 1.000000
vn 0.000000 -0.000000 1.000000
vn 0.000000 -0.000000 1.000000
vn 0.000000 -0.000000 1.000000
vn 0.000000 -0.000000 1.000000
vn 0.000000 -0.000000 1.000000
vn 0.000000 -0.000000 1.000000
vn 0.000000 -0.000000 1.000000
vn 0.000000 -0.000000 1.000000
vn 0.000000 -0.000000 1.000000
vn 0.000000 -0.000000 1.000000
vn 0.000000 -0.000000 1.000000
vn 0.000000 -0.000000 1.000000
vn 0.000000 -0.000000 1.000000
vn 0.000000 -0.000000 1.000000
vn 0.000000 -0.000000 1.000000
vn 0.000000 -0.000000 1.000000
vn 0.000000 -0.000000 1.000000
vn 0.000000 -0.000000 1.000000
vn 0.000000 -0.000000 1.000000
vn 0.000000 -0.000000 1.000000
vn 0.000000 -0.000000 1.000000
vn 0.000000 -0.000000 1.000000
vn 0.000000 -0.000000 1.000000
vn 0.000000 -0.000000 1.000000
vn 0.000000 -0.000000 1.000000
vn 0.000000 -0.000000 1.000000
vn 0.000000 -0.000000 1.000000
vn 0.000000 -0.000000 1.000000
vn 0.000000 -0.000000 1.000000
vn 0.000000 -0.000000 1.000000
vn 0.000000 -0.000000 1.000000
vn 0.000000 -0.000000 1.000000
vn 0.000000 -0.000000 1.000000
vn 0.000000 -0.000000 1.000000
vn 0.000000 -0.000000 1.000000
vn 0.000000 -0.000000 1.000000
vn 0.000000 -0.000000 1.000000
vn 0.000000 -0.000000 1.000000
vn 0.000000 -0.000000 1.000000
vn 0.000000 -0.000000 1.000000
vn 0.000000 -0.000000 1.000000
vn 0.000000 -0.000000 1.000000
vn 0.000000 -0.000000 1.000000
vn 0.000000 -0.000000 1.000000
vn 0.000000 -0.000000 1.000000
vn 0.000000 -0.000000 1.000000
vn 0.000000 -0.000000 1.000000
vn 0.000000 -0.000000 1.000000
vn 0.000000 -0.000000 1.000000
vn 0.000000 -0.000000 1.000000
vn 0.000000 -0.000000 1.000000
vn 0.000000 -0.000000 1.000000
vn 0.000000 -0.000000 1.000000
vn 0.000000 -0.000000 1.000000
vn 0.000000 -0.000000 1.000000
vn 0.000000 -0.000000 1.000000
vn 0.000000 0.000000 -1.000000
vn 0.000000 0.000000 -1.000000
vn 0.000000 0.000000 -1.000000
vn 0.000000 0.000000 -1.000000
vn 0.000000 0.000000 -1.000000
vn 0.000000 0.000000 -1.000000
vn 0.000000 0.000000 -1.000000
vn 0.000000 0.000000 -1.000000
vn 0.000000 0.000000 -1.000000
vn 0.000000 0.000000 -1.000000
vn 0.000000 0.000000 -1.000000
vn 0.000000 0.000000 -1.000000
vn 0.000000 0.000000 -1.000000
vn 0.000000 0.000000 -1.000000
vn 0.000000 0.000000 -1.000000
vn 0.000000 0.000000 -1.000000
vn 0.000000 0.000000 -1.000000
vn 0.000000 0.000000 -1.000000
vn 0.000000 0.000000 -1.000000
vn 0.000000 0.000000 -1.000000
vn 0.000000 0.000000 -1.000000
vn 0.000000 0.000000 -1.000000
vn 0.000000 0.000000 -1.000000
vn 0.000000 0.000000 -1.000000
vn 0.000000 0.000000 -1.000000
vn 0.000000 0.000000 -1.000000
vn 0.000000 0.000000 -1.000000
vn 0.000000 0.000000 -1.000000
vn 0.000000 0.000000 -1.000000
vn 0.000000 0.000000 -1.000000
vn 0.000000 0.000000 -1.000000
vn 0.000000 0.000000 -1.000000
vn 0.000000 0.000000 -1.000000
vn 0.000000 0.000000 -1.000000
vn 0.000000 0.000000 -1.000000
vn 0.000000 0.000000 -1.000000
vn 0.000000 0.000000 -1.000000
vn 0.000000 0.000000 -1.000000
vn 0.000000 0.000000 -1.000000
vn 0.000000 0.000000 -1.000000
vn 0.000000 0.000000 -1.000000
vn 0.000000 0.000000 -1.000000
vn 0.000000 0.000000 -1.000000
vn 0.000000 0.000000 -1.000000
vn 0.000000 0.000000 -1.000000
vn 0.000000 0.000000 -1.000000
vn 0.000000 0.000000 -1.000000
vn 0.000000 0.000000 -1.000000
vn 0.000000 0.000000 -1.000000
vn 0.000000 0.000000 -1.000000
vn 0.000000 0.000000 -1.000000
vn 0.000000 0.000000 -1.000000
vn 0.000000 0.000000 -1.000000
vn 0.000000 0.000000 -1.000000
vn 0.000000 0.000000 -1.000000
vn 0.000000 0.000000 -1.000000
vn 0.000000 0.000000 -1.000000
vn 0.000000 0.000000 -1.000000
vn 0.000000 0.000000 -1.000000
vn 0.000000 0.000000 -1.000000
vn 0.000000 0.000000 -1.000000
vn 0.000000 0.000000 -1.000000
vn 0.000000 0.000000 -1.000000
vn 0.000000 0.000000 -1.000000
vn 0.000000 0.000000 -1.000000
vn 0.000000 0.000000 -1.000000
vn 0.000000 0.000000 -1.000000
vn 0.000000 0.000000 -1.000000
vn 0.000000 0.000000 -1.000000
vn 0.000000 0.000000 -1.000000
vn 0.000000 0.000000 -1.000000
vn 0.000000 0.000000 -1.000000
vn 0.000000 0.000000 -1.000000
vn 0.000000 0.000000 -1.000000
vn 0.000000 0.000000 -1.000000
vn 0.000000 0.000000 -1.000000
vn 0.000000 0.000000 -1.000000
vn 0.000000 0.000000 -1.000000
vn 0.000000 0.000000 -1.000000
vn 0.000000 0.000000 -1.000000
vn 0.000000 0.000000 -1.000000
vn 0.000000 0.000000 -1.000000
vn 0.000000 0.000000 -1.000000
vn 0.000000 0.000000 -1.000000
vn 0.000000 0.000000 -1.000000
vn 0.000000 0.000000 -1.000000
vn 0.000000 0.000000 -1.000000
vn 0.000000 0.000000 -1.000000
vn 0.000000 0.000000 -1.000000
vn 0.000000 0.000000 -1.000000
vn 0.000000 0.000000 -1.000000
vn 0.000000 0.000000 -1.000000
vn 0.000000 0.000000 -1.000000
vn 0.000000 0.000000 -1.000000
vn 0.000000 0.000000 -1.000000
vn 0.000000 0.000000 -1.000000
vn 0.000000 0.000000 -1.000000
vn 0.000000 0.000000 -1.000000
vn 0.000000 0.000000 -1.000000
vn 0.000000 0.000000 -1.000000
vn 0.000000 0.000000 -1.000000
vn 0.000000 0.000000 -1.000000
vn 0.000000 0.000000 -1.000000
vn 0.000000 0.000000 -1.000000
vn 0.000000 0.000000 -1.000000
vn 0.000000 0.000000 -1.000000
vn 0.000000 0.000000 -1.000000
vn 0.000000 0.000000 -1.000000
vn 0.000000 0.000000 -1.000000
vn 0.000000 0.000000 -1.000000
vn 0.000000 0.000000 -1.000000
vn 0.000000 0.000000 -1.000000
vn 0.000000 0.000000 -1.000000
vn 0.000000 0.000000 -1.000000
vn 0.000000 0.000000 -1.000000
vn 0.000000 0.000000 -1.000000
vn 0.000000 0.000000 -1.000000
vn 0.000000 0.000000 -1.000000
vn 0.000000 0.000000 -1.000000
vn 0.000000 0.000000 -1.000000
vn 0.000000 0.000000 -1.000000
vn 0.000000 0.000000 -1.000000
vn 0.000000 0.000000 -1.000000
vn 0.000000 0.000000 -1.000000
vn 0.000000 0.000000 -1.000000
vn 0.000000 0.000000 -1.000000
vn 0.000000 0.000000 -1.000000
vn 0.000000 0.000000 -1.000000
vn 0.000000 0.000000 -1.000000
vn 0.000000 0.000000 -1.000000
vn 0.000000 0.000000 -1.000000
vn 0.000000 0.000000 -1.000000
vn 0.000000 0.000000 -1.000000
vn 0.000000 0.000000 -1.000000
vn 0.000000 0.000000 -1.000000
vn 0.000000 0.000000 -1.000000
vn 0.000000 0.000000 -1.000000
vn 0.000000 0.000000 -1.000000
vn 0.000000 0.000000 -1.000000
vn 0.000000 0.000000 -1.000000
vn 0.000000 0.000000 -1.000000
vn 0.000000 0.000000 -1.000000
vn 0.000000 0.000000 -1.000000
vn 0.000000 0.000000 -1.000000
vn 0.000000 0.000000 -1.000000
vn 0.000000 0.000000 -1.000000
vn 0.000000 0.000000 -1.000000
vn 0.000000 0.000000 -1.000000
vn 0.000000 0.000000 -1.000000
vn 0.000000 0.000000 -1.000000
vn 0.000000 0.000000 -1.000000
vn 0.000000 0.000000 -1.000000
vn 0.000000 0.000000 -1.000000
vn 0.000000 0.000000 -1.000000
vn 0.000000 0.000000 -1.000000
vn 0.000000 0.000000 -1.000000
vn 0.000000 0.000000 -1.000000
vn 0.000000 0.000000 -1.000000
vn 0.000000 0.000000 -1.000000
vn 0.000000 0.000000 -1.000000
vn 0.000000 0.000000 -1.000000
vn 0.000000 0.000000 -1.000000
vn 0.000000 0.000000 -1.000000
vn 0.000000 0.000000 -1.000000
vn 0.000000 0.000000 -1.000000
vn 0.000000 0.000000 -1.000000
vn 0.000000 0.000000 -1.000000
vn 0.000000 0.000000 -1.000000
vn 0.000000 0.000000 -1.000000
vn 0.000000 0.000000 -1.000000
vn 0.000000 0.000000 -1.000000
vn 0.000000 0.000000 -1.000000
vn 0.000000 0.000000 -1.000000
vn 0.000000 0.000000 -1.000000
vn 0.000000 0.000000 -1.000000
vn 0.000000 0.000000 -1.000000
vn 0.000000 0.000000 -1.000000
vn 0.000000 0.000000 -1.000000
vn 0.000000 0.000000 -1.000000
vn 0.000000 0.000000 -1.000000
vn 0.000000 0.000000 -1.000000
vn 0.000000 0.000000 -1.000000
vn 0.000000 0.000000 -1.000000
vn 0.000000 0.000000 -1.000000
vn 0.000000 0.000000 -1.000000
vn 0.000000 0.000000 -1.000000
vn 0.000000 0.000000 -1.000000
vn 0.000000 0.000000 -1.000000
vn 0.000000 0.000000 -1.000000
vn 0.000000 0.000000 -1.000000
vn 0.000000 0.000000 -1.000000
vn 0.000000 0.000000 -1.000000
vn 0.000000 0.000000 -1.000000
vn 0.000000 0.000000 -1.000000
vn 0.000000 0.000000 -1.000000
vn 0.000000 0.000000 -1.000000
vn 0.000000 0.000000 -1.000000
vn 0.000000 0.000000 -1.000000
vn 0.000000 0.000000 -1.000000
vn 0.000000 0.000000 -1.000000
vn 0.000000 0.000000 -1.000000
vn 0.000000 0.000000 -1.000000
vn 0.000000 0.000000 -1.000000
vn 0.000000 0.000000 -1.000000
vn 0.000000 0.000000 -1.000000
vn 0.000000 0.000000 -1.000000
vn 0.000000 0.000000 -1.000000
vn 0.000000 0.000000 -1.000000
vn 0.000000 0.000000 -1.000000
vn 0.000000 0.000000 -1.000000
vn 0.000000 0.000000 -1.000000
vn 0.000000 0.000000 -1.000000
vn 0.000000 0.000000 -1.000000
vn 0.000000 0.000000 -1.000000
vn 0.000000 0.000000 -1.000000
vn 0.000000 0.000000 -1.000000
vn 0.000000 0.000000 -1.000000
vn 0.000000 0.000000 -1.000000
vn 0.000000 0.000000 -1.000000
vn 0.000000 0.000000 -1.000000
vn 0.000000 0.000000 -1.000000
vn 0.000000 0.000000 -1.000000
vn 0.000000 0.000000 -1.000000
vn 0.000000 0.000000 -1.000000
vn 0.000000 0.000000 -1.000000
vn 0.000000 0.000000 -1.000000
vn 0.000000 0.000000 -1.000000
vn 0.000000 0.000000 -1.000000
vn 0.000000 0.000000 -1.000000
vn 0.000000 0.000000 -1.000000
vn 0.000000 0.000000 -1.000000
vn 0.000000 0.000000 -1.000000
vn 0.000000 0.000000 -1.000000
vn 0.000000 0.000000 -1.000000
vn 0.000000 0.000000 -1.000000
vn 0.000000 0.000000 -1.000000
vn 0.000000 0.000000 -1.000000
vn 0.000000 0.000000 -1.000000
vn 0.000000 0.000000 -1.000000
vn 0.000000 0.000000 -1.000000
vn 0.000000 0.000000 -1.000000
vn 0.000000 0.000000 -1.000000
vn 0.000000 0.000000 -1.000000
vn 0.000000 0.000000 -1.000000
vn 0.000000 0.000000 -1.000000
vn 0.000000 0.000000 -1.000000
vn 0.000000 0.000000 -1.000000
vn 0.000000 0.000000 -1.000000
vn 0.000000 0.000000 -1.000000
vn 0.000000 0.000000 -1.000000
vn 0.000000 0.000000 -1.000000
vn 0.000000 0.000000 -1.000000
vn 0.000000 0.000000 -1.000000
vn 0.000000 0.000000 -1.000000
vn 0.000000 0.000000 -1.000000
vn 0.000000 0.000000 -1.000000
vn 0.000000 0.000000 -1.000000
vn 0.000000 0.000000 -1.000000
vn 0.000000 0.000000 -1.000000
vn 0.000000 0.000000 -1.000000
vn 0.000000 0.000000 -1.000000
vn 0.000000 0.000000 -1.000000
vn 0.000000 0.000000 -1.000000
vn 0.000000 0.000000 -1.000000
vn 0.000000 0.000000 -1.000000
vn 0.000000 0.000000 -1.000000
vn 0.000000 0.000000 -1.000000
vn 0.000000 0.000000 -1.000000
vn 0.000000 0.000000 -1.000000
vn 0.000000 0.000000 -1.000000
vn 0.000000 0.000000 -1.000000
vn 0.000000 0.000000 -1.000000
vn 0.000000 0.000000 -1.000000
vn 0.000000 0.000000 -1.000000
vn 0.000000 0.000000 -1.000000
vn 0.000000 0.000000 -1.000000
vn 0.000000 0.000000 -1.000000
vn 0.000000 0.000000 -1.000000
vn 0.000000 0.000000 -1.000000
vn 0.000000 0.000000 -1.000000
vn 0.000000 0.000000 -1.000000
vn 0.000000 0.000000 -1.000000
vn 0.000000 0.000000 -1.000000
vn 0.000000 0.000000 -1.000000
vn 0.000000 0.000000 -1.000000
vn 0.000000 0.000000 -1.000000
vn 0.000000 0.000000 -1.000000
vn 0.000000 0.000000 -1.000000
vn 0.000000 0.000000 -1.000000
vn 0.000000 0.000000 -1.000000
vn 0.000000 0.000000 -1.000000
vn 0.000000 0.000000 -1.000000
vn 0.000000 0.000000 -1.000000
vn 0.000000 0.000000 -1.000000
vn 0.000000 0.000000 -1.000000
vn 0.000000 0.000000 -1.000000
vn 0.000000 0.000000 -1.000000
vn 0.000000 0.000000 -1.000000
vn 0.000000 0.000000 -1.000000
vn 0.000000 0.000000 -1.000000
vn 0.000000 0.000000 -1.000000
vn 0.000000 0.000000 -1.000000
vn 0.000000 0.000000 -1.000000
vn 0.000000 0.000000 -1.000000
vn 0.000000 0.000000 -1.000000
vn 0.000000 0.000000 -1.000000
vn 0.000000 0.000000 -1.000000
vn 0.000000 0.000000 -1.000000
vn 0.000000 0.000000 -1.000000
vn 0.000000 0.000000 -1.000000
vn 0.000000 0.000000 -1.000000
vn 0.000000 0.000000 -1.000000
vn 0.000000 0.000000 -1.000000
vn 0.000000 0.000000 -1.000000
vn 0.000000 0.000000 -1.000000
vn 0.000000 0.000000 -1.000000
vn 0.000000 0.000000 -1.000000
vn 0.000000 0.000000 -1.000000
vn 0.000000 0.000000 -1.000000
vn 0.000000 0.000000 -1.000000
vn 0.000000 0.000000 -1.000000
vn 0.000000 0.000000 -1.000000
vn 0.000000 0.000000 -1.000000
vn 0.000000 0.000000 -1.000000
vn 0.000000 0.000000 -1.000000
vn 0.000000 0.000000 -1.000000
vn 0.000000 0.000000 -1.000000
vn 0.000000 0.000000 -1.000000
vn 0.000000 0.000000 -1.000000
vn 0.000000 0.000000 -1.000000
vn 0.000000 0.000000 -1.000000
vn 0.000000 0.000000 -1.000000
vn 0.000000 0.000000 -1.000000
vn 0.000000 0.000000 -1.000000
vn 0.000000 0.000000 -1.000000
vn 0.000000 0.000000 -1.000000
vn 0.000000 0.000000 -1.000000
vn 0.000000 0.000000 -1.000000
vn 0.000000 0.000000 -1.000000
vn 0.000000 0.000000 -1.000000
vn 0.000000 0.000000 -1.000000
vn 0.000000 0.000000 -1.000000
vn 0.000000 0.000000 -1.000000
vn 0.000000 0.000000 -1.000000
vn 0.000000 0.000000 -1.000000
vn 0.000000 0.000000 -1.000000
vn 0.000000 0.000000 -1.000000
vn 0.000000 0.000000 -1.000000
vn 0.000000 0.000000 -1.000000
vn 0.000000 0.000000 -1.000000
vn 0.000000 0.000000 -1.000000
vn 0.000000 0.000000 -1.000000
vn 0.000000 0.000000 -1.000000
vn 0.000000 0.000000 -1.000000
vn 0.000000 0.000000 -1.000000
vn 0.000000 0.000000 -1.000000
vn 0.000000 0.000000 -1.000000
vn 0.000000 0.000000 -1.000000
vn 0.000000 0.000000 -1.000000
vn 0.000000 0.000000 -1.000000
vn 0.000000 0.000000 -1.000000
vn 0.000000 0.000000 -1.000000
vn 0.000000 0.000000 -1.000000
vn 0.000000 0.000000 -1.000000
vn 0.000000 0.000000 -1.000000
vn 0.000000 0.000000 -1.000000
vn 0.000000 0.000000 -1.000000
vn 0.000000 0.000000 -1.000000
vn 0.000000 0.000000 -1.000000
vn 0.000000 0.000000 -1.000000
vn 0.000000 0.000000 -1.000000
vn 0.000000 0.000000 -1.000000
vn 0.000000 0.000000 -1.000000
vn 0.000000 0.000000 -1.000000
vn 0.000000 0.000000 -1.000000
vn 0.000000 0.000000 -1.000000
vn 0.000000 0.000000 -1.000000
vn 0.000000 0.000000 -1.000000
vn 0.000000 0.000000 -1.000000
vn 0.000000 0.000000 -1.000000
vn 0.000000 0.000000 -1.000000
vn 0.000000 0.000000 -1.000000
vn 0.000000 0.000000 -1.000000
vn 0.000000 0.000000 -1.000000
vn 0.000000 0.000000 -1.000000
vn 0.000000 0.000000 -1.000000
vn 0.000000 0.000000 -1.000000
vn 0.000000 0.000000 -1.000000
vn 0.000000 0.000000 -1.000000
vn 0.000000 0.000000 -1.000000
vn 0.000000 0.000000 -1.000000
vn 0.000000 0.000000 -1.000000
vn 0.000000 0.000000 -1.000000
vn 0.000000 0.000000 -1.000000
vn 0.000000 0.000000 -1.000000
vn 0.000000 0.000000 -1.000000
vn 0.000000 0.000000 -1.000000
vn 0.000000 0.000000 -1.000000
vn 0.000000 0.000000 -1.000000
vn 0.000000 0.000000 -1.000000
vn 0.000000 0.000000 -1.000000
vn 0.000000 0.000000 -1.000000
vn 0.000000 0.000000 -1.000000
vn 0.000000 0.000000 -1.000000
vn 0.000000 0.000000 -1.000000
vn 0.000000 0.000000 -1.000000
vn 0.000000 0.000000 -1.000000
vn 0.000000 0.000000 -1.000000
vn 0.000000 0.000000 -1.000000
vn 0.000000 0.000000 -1.000000
vn 0.000000 0.000000 -1.000000
vn 0.000000 0.000000 -1.000000
vn 0.000000 0.000000 -1.000000
vn 0.000000 0.000000 -1.000000
vn 0.000000 0.000000 -1.000000
vn 0.000000 0.000000 -1.000000
vn 0.000000 0.000000 -1.000000
vn 0.000000 0.000000 -1.000000
vn 0.000000 0.000000 -1.000000
vn 0.000000 0.000000 -1.000000
vn 0.000000 0.000000 -1.000000
vn 0.000000 0.000000 -1.000000
vn 0.000000 0.000000 -1.000000
vn 0.000000 0.000000 -1.000000
vn 0.000000 0.000000 -1.000000
vn 0.000000 0.000000 -1.000000
vn 0.000000 0.000000 -1.000000
vn 0.000000 0.000000 -1.000000
vn 0.000000 0.000000 -1.000000
vn 0.000000 0.000000 -1.000000
vn 0.000000 0.000000 -1.000000
vn 0.000000 0.000000 -1.000000
vn 0.000000 0.000000 -1.000000
vn 0.000000 0.000000 -1.000000
vn 0.000000 0.000000 -1.000000
vn 0.000000 0.000000 -1.000000
vn 0.000000 0.000000 -1.000000
vn 0.000000 0.000000 -1.000000
vn 0.000000 0.000000 -1.000000
vn 0.000000 0.000000 -1.000000
vn 0.000000 0.000000 -1.000000
vn 0.000000 0.000000 -1.000000
vn 0.000000 0.000000 -1.000000
vn 0.000000 0.000000 -1.000000
vn 0.000000 0.000000 -1.000000
vn 0.000000 0.000000 -1.000000
vn 0.000000 0.000000 -1.000000
vn 0.000000 0.000000 -1.000000
vn 0.000000 0.000000 -1.000000
vn 0.000000 0.000000 -1.000000
vn 0.000000 0.000000 -1.000000
vn 0.000000 0.000000 -1.000000
vn 0.000000 0.000000 -1.000000
vn 0.000000 0.000000 -1.000000
vn 0.000000 0.000000 -1.000000
vn 0.000000 0.000000 -1.000000
vn 0.000000 0.000000 -1.000000
vn 0.000000 0.000000 -1.000000
vn 0.000000 0.000000 -1.000000
vn 0.000000 0.000000 -1.000000
vn 0.000000 0.000000 -1.000000
vn 0.000000 0.000000 -1.000000
vn 0.000000 0.000000 -1.000000
vn 0.000000 0.000000 -1.000000
vn 0.000000 0.000000 -1.000000
vn 0.000000 0.000000 -1.000000
vn 0.000000 0.000000 -1.000000
vn 0.000000 0.000000 -1.000000
vn 0.000000 0.000000 -1.000000
vn 0.000000 0.000000 -1.000000
vn 0.000000 0.000000 -1.000000
vn 0.000000 0.000000 -1.000000
vn 0.000000 0.000000 -1.000000
vn 0.000000 0.000000 -1.000000
vn 0.000000 0.000000 -1.000000
vn 0.000000 0.000000 -1.000000
vn 0.000000 0.000000 -1.000000
vn 0.000000 0.000000 -1.000000
vn 0.000000 0.000000 -1.000000
vn 0.000000 0.000000 -1.000000
vn 0.000000 0.000000 -1.000000
vn 0.000000 0.000000 -1.000000
vn 0.000000 0.000000 -1.000000
vn 0.000000 0.000000 -1.000000
vn 0.000000 0.000000 -1.000000
vn 0.000000 0.000000 -1.000000
vn 0.000000 0.000000 -1.000000
vn 0.000000 0.000000 -1.000000
vn 0.000000 0.000000 -1.000000
vn 0.000000 0.000000 -1.000000
vn 0.000000 0.000000 -1.000000
vn 0.000000 0.000000 -1.000000
vn 0.000000 0.000000 -1.000000
vn 0.000000 0.000000 -1.000000
vn 0.000000 0.000000 -1.000000
vn 0.000000 0.000000 -1.000000
vn 0.000000 0.000000 -1.000000
vn 0.000000 0.000000 -1.000000
vn 0.000000 0.000000 -1.000000
vn 0.000000 0.000000 -1.000000
vn 0.000000 0.000000 -1.000000
vn 0.000000 0.000000 -1.000000
vn 0.000000 0.000000 -1.000000
vn 0.000000 0.000000 -1.000000
vn 0.000000 0.000000 -1.000000
vn 0.000000 0.000000 -1.000000
vn 0.000000 0.000000 -1.000000
vn 0.000000 0.000000 -1.000000
vn 0.000000 0.000000 -1.000000
vn 0.000000 0.000000 -1.000000
vn 0.000000 0.000000 -1.000000
vn 0.000000 0.000000 -1.000000
vn 0.000000 0.000000 -1.000000
vn 0.000000 0.000000 -1.000000
vn 0.000000 0.000000 -1.000000
vn 0.000000 0.000000 -1.000000
vn 0.000000 0.000000 -1.000000
vn 0.000000 0.000000 -1.000000
vn 0.000000 0.000000 -1.000000
vn 0.000000 0.000000 -1.000000
vn 0.000000 0.000000 -1.000000
vn 0.000000 0.000000 -1.000000
vn 0.000000 0.000000 -1.000000
vn 0.000000 0.000000 -1.000000
vn 0.000000 0.000000 -1.000000
vn 0.000000 0.000000 -1.000000
vn 0.000000 0.000000 -1.000000
vn 0.000000 0.000000 -1.000000
vn 0.000000 0.000000 -1.000000
vn 0.000000 0.000000 -1.000000
vn 0.000000 0.000000 -1.000000
vn 0.000000 0.000000 -1.000000
vn 0.000000 0.000000 -1.000000
vn 0.000000 0.000000 -1.000000
vn 0.000000 0.000000 -1.000000
vn 0.000000 0.000000 -1.000000
vn 0.000000 0.000000 -1.000000
vn 0.000000 0.000000 -1.000000
vn 0.000000 0.000000 -1.000000
vn 0.000000 0.000000 -1.000000
vn 0.000000 0.000000 -1.000000
vn 0.000000 0.000000 -1.000000
vn 0.000000 0.000000 -1.000000
vn 0.000000 0.000000 -1.000000
vn 0.000000 0.000000 -1.000000
vn 0.000000 0.000000 -1.000000
vn 0.000000 0.000000 -1.000000
vn 0.000000 0.000000 -1.000000
vn 0.000000 0.000000 -1.000000
vn 0.000000 0.000000 -1.000000
vn 0.000000 0.000000 -1.000000
vn 0.000000 0.000000 -1.000000
vn 0.000000 0.000000 -1.000000
vn 0.000000 0.000000 -1.000000
vn 0.000000 0.000000 -1.000000
vn 0.000000 0.000000 -1.000000
vn 0.000000 0.000000 -1.000000
vn 0.000000 0.000000 -1.000000
vn 0.000000 0.000000 -1.000000
vn 0.000000 0.000000 -1.000000
vn 0.000000 0.000000 -1.000000
vn 0.000000 0.000000 -1.000000
vn 0.000000 0.000000 -1.000000
vn 0.000000 0.000000 -1.000000
vn 0.000000 0.000000 -1.000000
vn 0.000000 0.000000 -1.000000
vn 0.000000 0.000000 -1.000000
vn 0.000000 0.000000 -1.000000
vn 0.000000 0.000000 -1.000000
vn 0.000000 0.000000 -1.000000
vn 0.000000 0.000000 -1.000000
vn 0.000000 0.000000 -1.000000
vn 0.000000 0.000000 -1.000000
vn 0.000000 0.000000 -1.000000
vn 0.000000 0.000000 -1.000000
vn 0.000000 0.000000 -1.000000
vn 0.000000 0.000000 -1.000000
vn 0.000000 0.000000 -1.000000
vn 0.000000 0.000000 -1.000000
vn 0.000000 0.000000 -1.000000
vn 0.000000 0.000000 -1.000000
vn 0.000000 0.000000 -1.000000
vn 0.000000 0.000000 -1.000000
vn 0.000000 0.000000 -1.000000
vn 0.000000 0.000000 -1.000000
vn 0.000000 0.000000 -1.000000
vn 0.000000 0.000000 -1.000000
vn 0.000000 0.000000 -1.000000
vn 0.000000 0.000000 -1.000000
vn 0.000000 0.000000 -1.000000
vn 0.000000 0.000000 -1.000000
vn 0.000000 0.000000 -1.000000
vn 0.000000 0.000000 -1.000000
vn 0.000000 0.000000 -1.000000
vn 0.000000 0.000000 -1.000000
vn 0.000000 0.000000 -1.000000
vn 0.000000 0.000000 -1.000000
vn 0.000000 0.000000 -1.000000
vn 0.000000 0.000000 -1.000000
vn 0.000000 0.000000 -1.000000
vn 0.000000 0.000000 -1.000000
vn 0.000000 0.000000 -1.000000
vn 0.000000 0.000000 -1.000000
vn 0.000000 0.000000 -1.000000
vn 0.000000 0.000000 -1.000000
vn 0.000000 0.000000 -1.000000
vn 0.000000 0.000000 -1.000000
vn 0.000000 0.000000 -1.000000
vn 0.000000 0.000000 -1.000000
vn 0.000000 0.000000 -1.000000
vn -0.050618 -0.998718 -0.000000
vn -0.159986 -0.987119 -0.000000
vn -0.277850 -0.960624 -0.000000
vn -0.399370 -0.916790 -0.000000
vn -0.518165 -0.855281 -0.000000
vn -0.633520 -0.773726 -0.000000
vn -0.739841 -0.672782 -0.000000
vn -0.829859 -0.557973 -0.000000
vn -0.899978 -0.435936 -0.000000
vn -0.951617 -0.307287 -0.000000
vn -0.983901 -0.178715 -0.000000
vn -0.998380 -0.056897 -0.000000
vn -1.000000 0.000000 -0.000000
vn -0.998418 0.056221 0.000000
vn -0.984113 0.177541 0.000000
vn -0.951713 0.306990 0.000000
vn -0.899016 0.437915 0.000000
vn -0.827603 0.561314 0.000000
vn -0.737497 0.675351 0.000000
vn -0.631686 0.775224 0.000000
vn -0.517420 0.855732 0.000000
vn -0.399410 0.916772 0.000000
vn -0.277808 0.960637 0.000000
vn -0.159986 0.987119 0.000000
vn -0.050660 0.998716 0.000000
vn 0.050429 0.998728 0.000000
vn 0.159204 0.987246 0.000000
vn 0.276218 0.961095 0.000000
vn 0.396881 0.917870 0.000000
vn 0.510194 0.860059 0.000000
vn 0.617775 0.786355 0.000000
vn 0.720335 0.693626 0.000000
vn 0.810916 0.585162 0.000000
vn 0.885239 0.465137 0.000000
vn 0.942949 0.332939 0.000000
vn 0.980582 0.196112 0.000000
vn 0.998013 0.063013 0.000000
vn 1.000000 0.000000 -0.000000
vn 0.995895 -0.090518 -0.000000
vn 0.958920 -0.283678 -0.000000
vn 0.880503 -0.474041 -0.000000
vn 0.769240 -0.638960 -0.000000
vn 0.639015 -0.769194 -0.000000
vn 0.473853 -0.880604 -0.000000
vn 0.283458 -0.958985 -0.000000
vn 0.090475 -0.995899 -0.000000
vn 0.000000 -1.000000 -0.000000
vn -0.090479 -0.995898 -0.000000
vn -0.283458 -0.958985 -0.000000
vn -0.473853 -0.880604 -0.000000
vn -0.639015 -0.769194 -0.000000
vn -0.769240 -0.638960 -0.000000
vn -0.880503 -0.474041 -0.000000
vn -0.958920 -0.283678 -0.000000
vn -0.995891 -0.090557 -0.000000
vn -1.000000 0.000000 -0.000000
vn -0.996118 -0.088029 -0.000000
vn -0.959910 -0.280308 -0.000000
vn -0.879349 -0.476178 -0.000000
vn -0.760227 -0.649658 -0.000000
vn -0.612132 -0.790755 -0.000000
vn -0.431857 -0.901942 -0.000000
vn -0.245566 -0.969380 -0.000000
vn -0.075299 -0.997161 -0.000000
vn 0.078458 -0.996917 -0.000000
vn 0.254503 -0.967072 -0.000000
vn 0.444314 -0.895871 -0.000000
vn 0.623952 -0.781463 -0.000000
vn 0.772917 -0.634507 -0.000000
vn 0.890713 -0.454566 -0.000000
vn 0.965169 -0.261628 -0.000000
vn 0.996731 -0.080787 -0.000000
vn 1.000000 0.000000 -0.000000
vn 0.996370 0.085126 0.000000
vn 0.961527 0.274710 0.000000
vn 0.880670 0.473729 0.000000
vn 0.756197 0.654344 0.000000
vn 0.606435 0.795133 0.000000
vn 0.431977 0.901885 0.000000
vn 0.248409 0.968655 0.000000
vn 0.076974 0.997033 0.000000
vn -0.069148 0.997606 0.000000
vn -0.228052 0.973649 0.000000
vn -0.407922 0.913017 0.000000
vn -0.590315 0.807173 0.000000
vn -0.751989 0.659176 0.000000
vn -0.881795 0.471634 0.000000
vn -0.962937 0.269728 0.000000
vn -0.996587 0.082551 0.000000
vn -1.000000 0.000000 -0.000000
vn -0.989955 -0.141385 -0.000000
vn -0.857474 -0.514527 -0.000000
vn -0.514326 -0.857595 -0.000000
vn -0.141809 -0.989894 -0.000000
vn 0.000000 -1.000000 -0.000000
vn -0.090479 -0.995898 -0.000000
vn -0.283458 -0.958985 -0.000000
vn -0.474367 -0.880327 -0.000000
vn -0.638599 -0.769540 -0.000000
vn -0.769279 -0.638913 -0.000000
vn -0.880503 -0.474041 -0.000000
vn -0.958920 -0.283678 -0.000000
vn -0.995897 -0.090500 -0.000000
vn -1.000000 0.000000 -0.000000
vn -0.995891 0.090557 0.000000
vn -0.958973 0.283498 0.000000
vn -0.880354 0.474317 0.000000
vn -0.769539 0.638600 0.000000
vn -0.638638 0.769507 0.000000
vn -0.474367 0.880327 0.000000
vn -0.283458 0.958985 0.000000
vn -0.090472 0.995899 0.000000
vn 0.000000 1.000000 0.000000
vn 0.090475 0.995899 0.000000
vn 0.283458 0.958985 0.000000
vn 0.474367 0.880327 0.000000
vn 0.638638 0.769507 0.000000
vn 0.769520 0.638623 0.000000
vn 0.880354 0.474317 0.000000
vn 0.958973 0.283498 0.000000
vn 0.995891 0.090557 0.000000
vn 1.000000 0.000000 -0.000000
vn 0.996997 -0.077443 -0.000000
vn 0.966870 -0.255268 -0.000000
vn 0.891727 -0.452575 -0.000000
vn 0.765985 -0.642858 -0.000000
vn 0.607036 -0.794674 -0.000000
vn 0.426050 -0.904700 -0.000000
vn 0.241208 -0.970474 -0.000000
vn 0.073727 -0.997279 -0.000000
vn 0.995895 -0.090518 -0.000000
vn 0.958920 -0.283678 -0.000000
vn 0.880520 -0.474008 -0.000000
vn 0.769240 -0.638960 -0.000000
vn 0.639015 -0.769194 -0.000000
vn 0.473853 -0.880604 -0.000000
vn 0.283447 -0.958988 -0.000000
vn 0.091103 -0.995842 -0.000000
vn 0.000000 -1.000000 -0.000000
vn 0.141131 -0.989991 -0.000000
vn 0.514326 -0.857595 -0.000000
vn 0.857474 -0.514527 -0.000000
vn 0.989949 -0.141427 -0.000000
vn 1.000000 0.000000 -0.000000
vn 0.989949 0.141427 0.000000
vn 0.857474 0.514527 0.000000
vn 0.514326 0.857595 0.000000
vn 0.141809 0.989894 0.000000
vn 0.000000 1.000000 0.000000
vn 0.090475 0.995899 0.000000
vn 0.283447 0.958988 0.000000
vn 0.473853 0.880604 0.000000
vn 0.639015 0.769194 0.000000
vn 0.769279 0.638913 0.000000
vn 0.880503 0.474041 0.000000
vn 0.958908 0.283716 0.000000
vn 0.995895 0.090518 0.000000
vn 1.000000 0.000000 -0.000000
vn 0.995891 -0.090557 -0.000000
vn 0.958962 -0.283536 -0.000000
vn 0.880503 -0.474041 -0.000000
vn 0.769299 -0.638889 -0.000000
vn 0.638638 -0.769507 -0.000000
vn 0.474367 -0.880327 -0.000000
vn 0.283447 -0.958988 -0.000000
vn 0.090475 -0.995899 -0.000000
vn 0.000000 -1.000000 -0.000000
vn 0.141809 -0.989894 -0.000000
vn 0.514326 -0.857595 -0.000000
vn 0.857474 -0.514527 -0.000000
vn 0.989949 -0.141427 -0.000000
vn 1.000000 0.000000 -0.000000
vn 0.989949 0.141427 0.000000
vn 0.857696 0.514157 0.000000
vn 0.514326 0.857595 0.000000
vn 0.141131 0.989991 0.000000
vn 0.000000 1.000000 0.000000
vn 0.090475 0.995899 0.000000
vn 0.284055 0.958808 0.000000
vn 0.473853 0.880604 0.000000
vn 0.639015 0.769194 0.000000
vn 0.769259 0.638937 0.000000
vn 0.880520 0.474008 0.000000
vn 0.958920 0.283678 0.000000
vn 0.995891 0.090557 0.000000
vn 1.000000 0.000000 -0.000000
vn 0.995895 -0.090518 -0.000000
vn 0.958973 -0.283498 -0.000000
vn 0.880371 -0.474285 -0.000000
vn 0.769240 -0.638960 -0.000000
vn 0.639015 -0.769194 -0.000000
vn 0.474367 -0.880327 -0.000000
vn 0.283447 -0.958988 -0.000000
vn 0.090475 -0.995899 -0.000000
vn 0.000000 -1.000000 -0.000000
vn -0.090475 -0.995899 -0.000000
vn -0.283447 -0.958988 -0.000000
vn -0.474367 -0.880327 -0.000000
vn -0.639015 -0.769194 -0.000000
vn -0.769279 -0.638913 -0.000000
vn -0.880371 -0.474285 -0.000000
vn -0.958973 -0.283498 -0.000000
vn -0.995891 -0.090557 -0.000000
vn -1.000000 0.000000 -0.000000
vn -0.995895 0.090518 0.000000
vn -0.958973 0.283498 0.000000
vn -0.880520 0.474008 0.000000
vn -0.769259 0.638937 0.000000
vn -0.638638 0.769507 0.000000
vn -0.474367 0.880327 0.000000
vn -0.283447 0.958988 0.000000
vn -0.090475 0.995899 0.000000
vn 0.000000 1.000000 0.000000
vn 0.090475 0.995899 0.000000
vn 0.283447 0.958988 0.000000
vn 0.474367 0.880327 0.000000
vn 0.638638 0.769507 0.000000
vn 0.769259 0.638937 0.000000
vn 0.880520 0.474008 0.000000
vn 0.958973 0.283498 0.000000
vn 0.995891 0.090557 0.000000
vn 1.000000 0.000000 -0.000000
vn -0.995893 0.090538 0.000000
vn -0.958967 0.283517 0.000000
vn -0.880503 0.474041 0.000000
vn -0.769259 0.638937 0.000000
vn -0.638648 0.769499 0.000000
vn -0.474367 0.880327 0.000000
vn -0.283453 0.958986 0.000000
vn -0.090475 0.995899 0.000000
vn 0.000000 1.000000 0.000000
vn 0.090475 0.995899 0.000000
vn 0.283453 0.958986 0.000000
vn 0.474362 0.880330 0.000000
vn 0.638638 0.769507 0.000000
vn 0.769264 0.638931 0.000000
vn 0.880507 0.474033 0.000000
vn 0.958964 0.283526 0.000000
vn 0.995894 0.090528 0.000000
vn 1.000000 0.000000 -0.000000
vn 0.995893 -0.090538 -0.000000
vn 0.958964 -0.283526 -0.000000
vn 0.880358 -0.474309 -0.000000
vn 0.769269 -0.638925 -0.000000
vn 0.639020 -0.769190 -0.000000
vn 0.474362 -0.880330 -0.000000
vn 0.283453 -0.958986 -0.000000
vn 0.090474 -0.995899 -0.000000
vn 0.000000 -1.000000 -0.000000
vn -0.107457 -0.994210 -0.000000
vn -0.360921 -0.932597 -0.000000
vn -0.624835 -0.780757 -0.000000
vn -0.827413 -0.561594 -0.000000
vn -0.853640 -0.520864 -0.000000
vn -0.788267 -0.615334 -0.000000
vn -0.644909 -0.764259 -0.000000
vn -0.375464 -0.926837 -0.000000
vn 0.030559 -0.999533 -0.000000
vn 0.472665 -0.881242 -0.000000
vn 0.822844 -0.568268 -0.000000
vn 0.963272 -0.268526 -0.000000
vn 0.997543 -0.070053 -0.000000
vn 0.999991 0.004292 0.000000
vn 0.995893 -0.090538 -0.000000
vn 0.958967 -0.283517 -0.000000
vn 0.880363 -0.474301 -0.000000
vn 0.769259 -0.638937 -0.000000
vn 0.639025 -0.769186 -0.000000
vn 0.474367 -0.880327 -0.000000
vn 0.283453 -0.958986 -0.000000
vn 0.090472 -0.995899 -0.000000
vn 0.000000 -1.000000 -0.000000
vn -0.090475 -0.995899 -0.000000
vn -0.283447 -0.958988 -0.000000
vn -0.474367 -0.880327 -0.000000
vn -0.639015 -0.769194 -0.000000
vn -0.769259 -0.638937 -0.000000
vn -0.880371 -0.474285 -0.000000
vn -0.958973 -0.283498 -0.000000
vn -0.995891 -0.090557 -0.000000
vn -1.000000 0.000000 -0.000000
vn -0.995895 0.090518 0.000000
vn -0.958973 0.283498 0.000000
vn -0.880520 0.474008 0.000000
vn -0.769240 0.638960 0.000000
vn -0.638638 0.769507 0.000000
vn -0.474367 0.880327 0.000000
vn -0.283447 0.958988 0.000000
vn -0.090475 0.995899 0.000000
vn 0.000000 1.000000 0.000000
vn 0.107456 0.994210 0.000000
vn 0.360917 0.932598 0.000000
vn 0.624602 0.780943 0.000000
vn 0.827532 0.561419 0.000000
vn 0.854443 0.519545 0.000000
vn 0.788253 0.615352 0.000000
vn 0.644909 0.764259 0.000000
vn 0.376680 0.926344 0.000000
vn -0.030559 0.999533 0.000000
vn -0.472665 0.881242 0.000000
vn -0.823292 0.567618 0.000000
vn -0.963193 0.268809 0.000000
vn -0.997545 0.070026 0.000000
vn -0.999998 -0.002146 -0.000000
vn 0.995893 -0.090538 -0.000000
vn 0.958914 -0.283697 -0.000000
vn 0.880507 -0.474033 -0.000000
vn 0.769259 -0.638937 -0.000000
vn 0.639020 -0.769190 -0.000000
vn 0.473848 -0.880606 -0.000000
vn 0.283450 -0.958987 -0.000000
vn 0.091103 -0.995842 -0.000000
vn 0.000000 -1.000000 -0.000000
vn 0.141133 -0.989991 -0.000000
vn 0.514326 -0.857595 -0.000000
vn 0.857466 -0.514541 -0.000000
vn 0.989950 -0.141419 -0.000000
vn 1.000000 0.000000 -0.000000
vn 0.989950 0.141419 0.000000
vn 0.857466 0.514541 0.000000
vn 0.514326 0.857595 0.000000
vn 0.141811 0.989894 0.000000
vn 0.000000 1.000000 0.000000
vn 0.090475 0.995899 0.000000
vn 0.283453 0.958986 0.000000
vn 0.473853 0.880604 0.000000
vn 0.639020 0.769190 0.000000
vn 0.769259 0.638937 0.000000
vn 0.880505 0.474037 0.000000
vn 0.958911 0.283706 0.000000
vn 0.995893 0.090538 0.000000
vn 1.000000 0.000000 -0.000000
vn 0.995893 -0.090542 -0.000000
vn 0.958964 -0.283526 -0.000000
vn 0.880505 -0.474037 -0.000000
vn 0.769262 -0.638934 -0.000000
vn 0.638643 -0.769503 -0.000000
vn 0.474367 -0.880327 -0.000000
vn 0.283453 -0.958986 -0.000000
vn 0.090475 -0.995899 -0.000000
vn 0.000000 -1.000000 -0.000000
vn 0.141811 -0.989894 -0.000000
vn 0.514326 -0.857595 -0.000000
vn 0.857466 -0.514541 -0.000000
vn 0.989950 -0.141419 -0.000000
vn 1.000000 0.000000 -0.000000
vn 0.989950 0.141419 0.000000
vn 0.857688 0.514171 0.000000
vn 0.514326 0.857595 0.000000
vn 0.141133 0.989991 0.000000
vn 0.000000 1.000000 0.000000
vn 0.090474 0.995899 0.000000
vn 0.284057 0.958807 0.000000
vn 0.473848 0.880606 0.000000
vn 0.639025 0.769186 0.000000
vn 0.769259 0.638937 0.000000
vn 0.880507 0.474033 0.000000
vn 0.958914 0.283697 0.000000
vn 0.995893 0.090538 0.000000
vn 1.000000 0.000000 -0.000000
vn 0.995893 -0.090538 -0.000000
vn 0.958967 -0.283517 -0.000000
vn 0.880358 -0.474309 -0.000000
vn 0.769259 -0.638937 -0.000000
vn 0.639020 -0.769190 -0.000000
vn 0.474362 -0.880330 -0.000000
vn 0.283450 -0.958987 -0.000000
vn 0.090475 -0.995899 -0.000000
vn 0.000000 -1.000000 -0.000000
vn -0.090475 -0.995899 -0.000000
vn -0.283451 -0.958987 -0.000000
vn -0.474364 -0.880329 -0.000000
vn -0.639023 -0.769188 -0.000000
vn -0.769262 -0.638934 -0.000000
vn -0.880356 -0.474313 -0.000000
vn -0.958964 -0.283526 -0.000000
vn -0.995893 -0.090538 -0.000000
vn -1.000000 0.000000 -0.000000
vn -0.995892 0.090547 0.000000
vn -0.958964 0.283526 0.000000
vn -0.880507 0.474033 0.000000
vn -0.769264 0.638931 0.000000
vn -0.638645 0.769501 0.000000
vn -0.474364 0.880329 0.000000
vn -0.283451 0.958987 0.000000
vn -0.090475 0.995899 0.000000
vn 0.000000 1.000000 0.000000
vn 0.090474 0.995899 0.000000
vn 0.283450 0.958987 0.000000
vn 0.474362 0.880330 0.000000
vn 0.638648 0.769499 0.000000
vn 0.769259 0.638937 0.000000
vn 0.880507 0.474033 0.000000
vn 0.958967 0.283517 0.000000
vn 0.995893 0.090538 0.000000
vn 1.000000 0.000000 -0.000000
vn -0.120744 -0.992684 -0.000000
vn -0.399302 -0.916819 -0.000000
vn -0.669000 -0.743263 -0.000000
vn -0.856225 -0.516603 -0.000000
vn -0.909065 -0.416654 -0.000000
vn -0.841223 -0.540688 -0.000000
vn -0.672358 -0.740226 -0.000000
vn -0.419319 -0.907839 -0.000000
vn -0.131737 -0.991285 -0.000000
vn 0.000000 -1.000000 -0.000000
vn 0.141134 -0.989991 -0.000000
vn 0.514326 -0.857595 -0.000000
vn 0.857463 -0.514546 -0.000000
vn 0.989952 -0.141406 -0.000000
vn 1.000000 0.000000 -0.000000
vn 0.995893 -0.090538 -0.000000
vn 0.958962 -0.283536 -0.000000
vn 0.880354 -0.474317 -0.000000
vn 0.769269 -0.638925 -0.000000
vn 0.639025 -0.769186 -0.000000
vn 0.474367 -0.880327 -0.000000
vn 0.283453 -0.958986 -0.000000
vn 0.090473 -0.995899 -0.000000
vn 0.000000 -1.000000 -0.000000
vn -0.090475 -0.995899 -0.000000
vn -0.283453 -0.958986 -0.000000
vn -0.474367 -0.880327 -0.000000
vn -0.639025 -0.769186 -0.000000
vn -0.769259 -0.638937 -0.000000
vn -0.880354 -0.474317 -0.000000
vn -0.958964 -0.283526 -0.000000
vn -0.995893 -0.090538 -0.000000
vn -1.000000 0.000000 -0.000000
vn -0.995893 0.090538 0.000000
vn -0.958964 0.283526 0.000000
vn -0.880503 0.474041 0.000000
vn -0.769259 0.638937 0.000000
vn -0.638648 0.769499 0.000000
vn -0.474367 0.880327 0.000000
vn -0.283453 0.958986 0.000000
vn -0.090475 0.995899 0.000000
vn 0.000000 1.000000 0.000000
vn 0.053691 0.998558 0.000000
vn 0.169072 0.985604 0.000000
vn 0.291763 0.956491 0.000000
vn 0.416175 0.909285 0.000000
vn 0.535333 0.844641 0.000000
vn 0.648980 0.760806 0.000000
vn 0.751837 0.659349 0.000000
vn 0.837506 0.546429 0.000000
vn 0.904285 0.426930 0.000000
vn 0.953757 0.300580 0.000000
vn 0.984614 0.174742 0.000000
vn 0.998451 0.055647 0.000000
vn 0.997777 -0.066646 -0.000000
vn 0.977230 -0.212182 -0.000000
vn 0.930111 -0.367280 -0.000000
vn 0.854335 -0.519722 -0.000000
vn 0.754872 -0.655872 -0.000000
vn 0.632777 -0.774334 -0.000000
vn 0.495553 -0.868578 -0.000000
vn 0.355971 -0.934497 -0.000000
vn 0.132528 -0.991179 -0.000000
vn 0.418625 -0.908159 -0.000000
vn 0.672821 -0.739805 -0.000000
vn 0.841008 -0.541022 -0.000000
vn 0.936285 -0.351241 -0.000000
vn 0.992295 -0.123895 -0.000000
vn 0.992272 0.124081 0.000000
vn 0.936285 0.351241 0.000000
vn 0.899925 0.436045 0.000000
vn 0.906115 0.423032 0.000000
vn 0.933337 0.359001 0.000000
vn 0.964802 0.262976 0.000000
vn 0.993888 0.110394 0.000000
vn 0.981239 -0.192797 -0.000000
vn 0.771492 -0.636239 -0.000000
vn 0.399870 -0.916572 -0.000000
vn 0.103316 -0.994649 -0.000000
vn 0.000000 -1.000000 -0.000000
vn 0.141134 -0.989991 -0.000000
vn 0.514326 -0.857595 -0.000000
vn 0.857463 -0.514546 -0.000000
vn 0.989952 -0.141406 -0.000000
vn 1.000000 0.000000 -0.000000
vn 0.989949 0.141427 0.000000
vn 0.857463 0.514546 0.000000
vn 0.514326 0.857595 0.000000
vn 0.141137 0.989990 0.000000
vn 0.000000 1.000000 0.000000
vn -0.077725 0.996975 0.000000
vn -0.251838 0.967770 0.000000
vn -0.439238 0.898371 0.000000
vn -0.616908 0.787035 0.000000
vn -0.766559 0.642173 0.000000
vn -0.887117 0.461544 0.000000
vn -0.963928 0.266162 0.000000
vn -0.996612 0.082241 0.000000
vn -0.996622 -0.082124 -0.000000
vn -0.964244 -0.265016 -0.000000
vn -0.888763 -0.458367 -0.000000
vn -0.770989 -0.636848 -0.000000
vn -0.623587 -0.781754 -0.000000
vn -0.445351 -0.895356 -0.000000
vn -0.256015 -0.966673 -0.000000
vn -0.079051 -0.996871 -0.000000
vn 0.000000 -1.000000 -0.000000
vn -0.135767 -0.990741 -0.000000
vn -0.453080 -0.891470 -0.000000
vn -0.743418 -0.668827 -0.000000
vn -0.914359 -0.404904 -0.000000
vn -0.955585 -0.294717 -0.000000
vn -0.854826 -0.518915 -0.000000
vn -0.725127 -0.688616 -0.000000
vn -0.496438 -0.868072 -0.000000
vn -0.170788 -0.985308 -0.000000
vn 0.000000 -1.000000 -0.000000
vn 0.170788 -0.985308 -0.000000
vn 0.496438 -0.868072 -0.000000
vn 0.725127 -0.688616 -0.000000
vn 0.854826 -0.518915 -0.000000
vn 0.955585 -0.294717 -0.000000
vn 0.914352 -0.404921 -0.000000
vn 0.743418 -0.668827 -0.000000
vn 0.453089 -0.891465 -0.000000
vn 0.135767 -0.990741 -0.000000
vn 0.000000 -1.000000 -0.000000
vn -0.077492 -0.996993 -0.000000
vn -0.259811 -0.965660 -0.000000
vn -0.468769 -0.883321 -0.000000
vn -0.672113 -0.740448 -0.000000
vn -0.856136 -0.516750 -0.000000
vn -0.973741 -0.227660 -0.000000
vn -0.999759 0.021959 0.000000
vn -0.978737 0.205120 0.000000
vn -0.952146 0.305644 0.000000
vn -0.914352 0.404921 0.000000
vn -0.743256 0.669007 0.000000
vn -0.453089 0.891465 0.000000
vn -0.135767 0.990741 0.000000
vn 0.000000 1.000000 0.000000
vn 0.135767 0.990741 0.000000
vn 0.453080 0.891470 0.000000
vn 0.743256 0.669007 0.000000
vn 0.914359 0.404904 0.000000
vn 0.951735 0.306920 0.000000
vn 0.924673 0.380762 0.000000
vn 0.967086 0.254451 0.000000
vn 0.989941 0.141482 0.000000
vn 0.999058 0.043397 0.000000
vn 0.985087 -0.172056 -0.000000
vn 0.806435 -0.591322 -0.000000
vn 0.440705 -0.897652 -0.000000
vn 0.116102 -0.993237 -0.000000
vn 0.000000 -1.000000 -0.000000
vn 0.998868 -0.047558 -0.000000
vn 0.948635 0.316373 0.000000
vn 0.633288 0.773917 0.000000
vn 0.174263 0.984699 0.000000
vn 0.000000 1.000000 0.000000
vn -0.148745 0.988876 0.000000
vn -0.600033 0.799976 0.000000
vn -0.966210 0.257758 0.000000
vn -0.982344 -0.187086 -0.000000
vn -0.955841 -0.293885 -0.000000
vn -0.952037 -0.305982 -0.000000
vn -0.876284 -0.481795 -0.000000
vn -0.677820 -0.735228 -0.000000
vn -0.258349 -0.966052 -0.000000
vn 0.258349 -0.966052 -0.000000
vn 0.677820 -0.735228 -0.000000
vn 0.876284 -0.481795 -0.000000
vn 0.952037 -0.305982 -0.000000
vn 0.956639 -0.291275 -0.000000
vn -0.090479 -0.995898 -0.000000
vn -0.283458 -0.958985 -0.000000
vn -0.474367 -0.880327 -0.000000
vn -0.638976 -0.769227 -0.000000
vn -0.769279 -0.638913 -0.000000
vn -0.880354 -0.474317 -0.000000
vn -0.958973 -0.283498 -0.000000
vn -0.995891 -0.090557 -0.000000
vn -1.000000 0.000000 -0.000000
vn -0.995891 0.090557 0.000000
vn -0.958973 0.283498 0.000000
vn -0.880503 0.474041 0.000000
vn -0.769279 0.638913 0.000000
vn -0.638638 0.769507 0.000000
vn -0.474367 0.880327 0.000000
vn -0.283458 0.958985 0.000000
vn -0.090472 0.995899 0.000000
vn 0.000000 1.000000 0.000000
vn 0.090479 0.995898 0.000000
vn 0.283458 0.958985 0.000000
vn 0.474367 0.880327 0.000000
vn 0.638599 0.769540 0.000000
vn 0.769279 0.638913 0.000000
vn 0.880538 0.473976 0.000000
vn 0.958973 0.283498 0.000000
vn 0.995891 0.090557 0.000000
vn 1.000000 0.000000 -0.000000
vn 0.989943 0.141470 0.000000
vn 0.857696 0.514157 0.000000
vn 0.514326 0.857595 0.000000
vn 0.141131 0.989991 0.000000
vn 0.000000 1.000000 0.000000
vn 0.090479 0.995898 0.000000
vn 0.284066 0.958805 0.000000
vn 0.473853 0.880604 0.000000
vn 0.638976 0.769227 0.000000
vn 0.769279 0.638913 0.000000
vn 0.880503 0.474041 0.000000
vn 0.958920 0.283678 0.000000
vn 0.995891 0.090557 0.000000
vn 1.000000 0.000000 -0.000000
vn 0.995891 -0.090557 -0.000000
vn 0.958973 -0.283498 -0.000000
vn 0.880354 -0.474317 -0.000000
vn 0.769279 -0.638913 -0.000000
vn 0.639015 -0.769194 -0.000000
vn 0.474367 -0.880327 -0.000000
vn 0.283458 -0.958985 -0.000000
vn 0.090472 -0.995899 -0.000000
vn 0.000000 -1.000000 -0.000000
vn 0.000000 -0.000000 1.000000
vn 0.000000 0.000000 -1.000000
vn 0.000000 1.000000 0.000000
vn 0.928477 0.371391 0.000000
vn 0.485643 0.874157 0.000000
vn 0.406139 -0.913811 -0.000000
vn 0.961524 -0.274721 -0.000000
vn 0.351124 -0.936329 -0.000000
vn 1.000000 0.000000 -0.000000
vn 0.338719 0.940887 0.000000
vn 0.000000 -1.000000 -0.000000
vn -0.732794 0.680451 0.000000
vn -0.998752 -0.049938 -0.000000
vn -0.993884 0.110431 0.000000
vn 0.000000 -0.000000 1.000000
vn 0.000000 0.000000 -1.000000
vn -0.861934 0.507020 0.000000
vn 0.422886 0.906183 0.000000
vn -0.045408 0.998969 0.000000
vn -0.464007 0.885832 0.000000
vn 0.870563 0.492057 0.000000
vn -0.012345 -0.999924 -0.000000
vn 0.000000 0.000000 -1.000000
vn 0.000000 -0.000000 1.000000
vn 0.274721 0.961524 0.000000
vn -0.961524 0.274721 0.000000
vn -0.274721 -0.961524 -0.000000
vn 0.961524 -0.274721 -0.000000
vn 0.952424 0.304775 0.000000
vn 0.978330 0.207054 0.000000
vn 0.993084 0.117409 0.000000
vn 0.999321 0.036842 0.000000
vn 1.000000 0.000000 -0.000000
vn 0.997930 -0.064306 -0.000000
vn 0.979414 -0.201864 -0.000000
vn 0.938518 -0.345231 -0.000000
vn 0.874640 -0.484772 -0.000000
vn 0.793338 -0.608781 -0.000000
vn 0.696805 -0.717261 -0.000000
vn 0.588543 -0.808466 -0.000000
vn 0.476245 -0.879313 -0.000000
vn 0.364400 -0.931243 -0.000000
vn 0.252285 -0.967653 -0.000000
vn 0.145030 -0.989427 -0.000000
vn 0.045917 -0.998945 -0.000000
vn -0.046315 -0.998927 -0.000000
vn -0.145908 -0.989298 -0.000000
vn -0.253077 -0.967446 -0.000000
vn -0.364444 -0.931225 -0.000000
vn -0.475415 -0.879762 -0.000000
vn -0.587261 -0.809398 -0.000000
vn -0.695247 -0.718771 -0.000000
vn -0.791746 -0.610851 -0.000000
vn -0.872976 -0.487763 -0.000000
vn -0.937192 -0.348814 -0.000000
vn -0.978809 -0.204777 -0.000000
vn -0.997856 -0.065453 -0.000000
vn -1.000000 0.000000 -0.000000
vn -0.995894 0.090533 0.000000
vn -0.958935 0.283627 0.000000
vn -0.880472 0.474099 0.000000
vn -0.769286 0.638905 0.000000
vn -0.638904 0.769287 0.000000
vn -0.474099 0.880472 0.000000
vn -0.283635 0.958932 0.000000
vn -0.090532 0.995894 0.000000
vn 0.000000 1.000000 0.000000
vn 0.090540 0.995893 0.000000
vn 0.283634 0.958933 0.000000
vn 0.474099 0.880472 0.000000
vn 0.638896 0.769293 0.000000
vn 0.769287 0.638904 0.000000
vn 0.880472 0.474099 0.000000
vn 0.958935 0.283627 0.000000
vn 0.995893 0.090536 0.000000
vn 1.000000 0.000000 -0.000000
vn 0.996398 0.084800 0.000000
vn 0.962438 0.271502 0.000000
vn 0.885306 0.465009 0.000000
vn 0.768365 0.640012 0.000000
vn 0.624909 0.780698 0.000000
vn 0.450035 0.893011 0.000000
vn 0.260952 0.965352 0.000000
vn 0.081200 0.996698 0.000000
vn -0.080408 0.996762 0.000000
vn -0.258168 0.966100 0.000000
vn -0.445196 0.895433 0.000000
vn -0.618779 0.785565 0.000000
vn -0.763386 0.645942 0.000000
vn -0.882872 0.469613 0.000000
vn -0.961712 0.274063 0.000000
vn -0.996339 0.085489 0.000000
vn -1.000000 0.000000 -0.000000
vn -0.995894 -0.090532 -0.000000
vn -0.948684 -0.316225 -0.000000
vn -0.813737 -0.581233 -0.000000
vn -0.581237 -0.813734 -0.000000
vn -0.298279 -0.954479 -0.000000
vn 0.062376 -0.998053 -0.000000
vn 0.400821 -0.916156 -0.000000
vn 0.630590 -0.776116 -0.000000
vn 0.616987 -0.786973 -0.000000
vn 0.433134 -0.901330 -0.000000
vn 0.244821 -0.969568 -0.000000
vn 0.074657 -0.997209 -0.000000
vn -0.054563 -0.998510 -0.000000
vn -0.172408 -0.985026 -0.000000
vn -0.298615 -0.954374 -0.000000
vn -0.427090 -0.904209 -0.000000
vn -0.550687 -0.834712 -0.000000
vn -0.666538 -0.745471 -0.000000
vn -0.768018 -0.640428 -0.000000
vn -0.849881 -0.526975 -0.000000
vn -0.907709 -0.419601 -0.000000
vn -0.958716 -0.284365 -0.000000
vn -0.987203 -0.159471 -0.000000
vn -0.998787 -0.049236 -0.000000
vn -0.999107 0.042245 0.000000
vn -0.990952 0.134215 0.000000
vn -0.971915 0.235331 0.000000
vn -0.939219 0.343318 0.000000
vn -0.890677 0.454637 0.000000
vn -0.809838 0.586654 0.000000
vn -0.706039 0.708173 0.000000
vn -0.586557 0.809908 0.000000
vn -0.457809 0.889051 0.000000
vn -0.320431 0.947272 0.000000
vn -0.184637 0.982807 0.000000
vn -0.058189 0.998306 0.000000
vn 0.059532 0.998226 0.000000
vn 0.189766 0.981829 0.000000
vn 0.330564 0.943784 0.000000
vn 0.473280 0.880912 0.000000
vn 0.606856 0.794812 0.000000
vn 0.729125 0.684381 0.000000
vn 0.832205 0.554468 0.000000
vn 0.909233 0.416287 0.000000
vn -0.923683 0.383157 0.000000
vn -0.965803 0.259276 0.000000
vn -0.989334 0.145668 0.000000
vn -0.998980 0.045151 0.000000
vn -0.999030 -0.044025 -0.000000
vn -0.990233 -0.139419 -0.000000
vn -0.969922 -0.243417 -0.000000
vn -0.935529 -0.353249 -0.000000
vn -0.854541 -0.519384 -0.000000
vn -0.654115 -0.756395 -0.000000
vn -0.379708 -0.925107 -0.000000
vn -0.112450 -0.993657 -0.000000
vn 0.113191 -0.993573 -0.000000
vn 0.377001 -0.926213 -0.000000
vn 0.642523 -0.766267 -0.000000
vn 0.838139 -0.545456 -0.000000
vn 0.931549 -0.363616 -0.000000
vn 0.965716 -0.259601 -0.000000
vn 0.988093 -0.153856 -0.000000
vn 0.998744 -0.050104 -0.000000
vn 0.998657 0.051803 0.000000
vn 0.986144 0.165893 0.000000
vn 0.956477 0.291807 0.000000
vn 0.905580 0.424176 0.000000
vn 0.797715 0.603035 0.000000
vn 0.607263 0.794501 0.000000
vn 0.359314 0.933217 0.000000
vn 0.109929 0.993939 0.000000
vn -0.108059 0.994144 0.000000
vn -0.360589 0.932725 0.000000
vn -0.620448 0.784248 0.000000
vn -0.820332 0.571888 0.000000
vn -0.050618 -0.998718 -0.000000
vn -0.159986 -0.987119 -0.000000
vn -0.277850 -0.960624 -0.000000
vn -0.399370 -0.916790 -0.000000
vn -0.518165 -0.855281 -0.000000
vn -0.633520 -0.773726 -0.000000
vn -0.739841 -0.672782 -0.000000
vn -0.829859 -0.557973 -0.000000
vn -0.899978 -0.435936 -0.000000
vn -0.951617 -0.307287 -0.000000
vn -0.983901 -0.178715 -0.000000
vn -0.998380 -0.056897 -0.000000
vn -1.000000 0.000000 -0.000000
vn -0.998418 0.056221 0.000000
vn -0.984113 0.177541 0.000000
vn -0.951713 0.306990 0.000000
vn -0.899016 0.437915 0.000000
vn -0.827603 0.561314 0.000000
vn -0.737497 0.675351 0.000000
vn -0.631686 0.775224 0.000000
vn -0.517420 0.855732 0.000000
vn -0.399410 0.916772 0.000000
vn -0.277808 0.960637 0.000000
vn -0.159986 0.987119 0.000000
vn -0.050660 0.998716 0.000000
vn 0.050429 0.998728 0.000000
vn 0.159204 0.987246 0.000000
vn 0.276218 0.961095 0.000000
vn 0.396881 0.917870 0.000000
vn 0.510194 0.860059 0.000000
vn 0.617775 0.786355 0.000000
vn 0.720335 0.693626 0.000000
vn 0.810916 0.585162 0.000000
vn 0.885239 0.465137 0.000000
vn 0.942949 0.332939 0.000000
vn 0.980582 0.196112 0.000000
vn 0.998013 0.063013 0.000000
vn 1.000000 0.000000 -0.000000
vn 0.995895 -0.090518 -0.000000
vn 0.958920 -0.283678 -0.000000
vn 0.880503 -0.474041 -0.000000
vn 0.769240 -0.638960 -0.000000
vn 0.639015 -0.769194 -0.000000
vn 0.473853 -0.880604 -0.000000
vn 0.283458 -0.958985 -0.000000
vn 0.090475 -0.995899 -0.000000
vn 0.000000 -1.000000 -0.000000
vn -0.090479 -0.995898 -0.000000
vn -0.283458 -0.958985 -0.000000
vn -0.473853 -0.880604 -0.000000
vn -0.639015 -0.769194 -0.000000
vn -0.769240 -0.638960 -0.000000
vn -0.880503 -0.474041 -0.000000
vn -0.958920 -0.283678 -0.000000
vn -0.995891 -0.090557 -0.000000
vn -1.000000 0.000000 -0.000000
vn -0.996118 -0.088029 -0.000000
vn -0.959910 -0.280308 -0.000000
vn -0.879349 -0.476178 -0.000000
vn -0.760227 -0.649658 -0.000000
vn -0.612132 -0.790755 -0.000000
vn -0.431857 -0.901942 -0.000000
vn -0.245566 -0.969380 -0.000000
vn -0.075299 -0.997161 -0.000000
vn 0.078458 -0.996917 -0.000000
vn 0.254503 -0.967072 -0.000000
vn 0.444314 -0.895871 -0.000000
vn 0.623952 -0.781463 -0.000000
vn 0.772917 -0.634507 -0.000000
vn 0.890713 -0.454566 -0.000000
vn 0.965169 -0.261628 -0.000000
vn 0.996731 -0.080787 -0.000000
vn 1.000000 0.000000 -0.000000
vn 0.996370 0.085126 0.000000
vn 0.961527 0.274710 0.000000
vn 0.880670 0.473729 0.000000
vn 0.756197 0.654344 0.000000
vn 0.606435 0.795133 0.000000
vn 0.431977 0.901885 0.000000
vn 0.248409 0.968655 0.000000
vn 0.076974 0.997033 0.000000
vn -0.069148 0.997606 0.000000
vn -0.228052 0.973649 0.000000
vn -0.407922 0.913017 0.000000
vn -0.590315 0.807173 0.000000
vn -0.751989 0.659176 0.000000
vn -0.881795 0.471634 0.000000
vn -0.962937 0.269728 0.000000
vn -0.996587 0.082551 0.000000
vn -1.000000 0.000000 -0.000000
vn -0.989955 -0.141385 -0.000000
vn -0.857474 -0.514527 -0.000000
vn -0.514326 -0.857595 -0.000000
vn -0.141809 -0.989894 -0.000000
vn 0.000000 -1.000000 -0.000000
vn -0.090479 -0.995898 -0.000000
vn -0.283458 -0.958985 -0.000000
vn -0.474367 -0.880327 -0.000000
vn -0.638599 -0.769540 -0.000000
vn -0.769279 -0.638913 -0.000000
vn -0.880503 -0.474041 -0.000000
vn -0.958920 -0.283678 -0.000000
vn -0.995897 -0.090500 -0.000000
vn -1.000000 0.000000 -0.000000
vn -0.995891 0.090557 0.000000
vn -0.958973 0.283498 0.000000
vn -0.880354 0.474317 0.000000
vn -0.769539 0.638600 0.000000
vn -0.638638 0.769507 0.000000
vn -0.474367 0.880327 0.000000
vn -0.283458 0.958985 0.000000
vn -0.090472 0.995899 0.000000
vn 0.000000 1.000000 0.000000
vn 0.090475 0.995899 0.000000
vn 0.283458 0.958985 0.000000
vn 0.474367 0.880327 0.000000
vn 0.638638 0.769507 0.000000
vn 0.769520 0.638623 0.000000
vn 0.880354 0.474317 0.000000
vn 0.958973 0.283498 0.000000
vn 0.995891 0.090557 0.000000
vn 1.000000 0.000000 -0.000000
vn 0.996997 -0.077443 -0.000000
vn 0.966870 -0.255268 -0.000000
vn 0.891727 -0.452575 -0.000000
vn 0.765985 -0.642858 -0.000000
vn 0.607036 -0.794674 -0.000000
vn 0.426050 -0.904700 -0.000000
vn 0.241208 -0.970474 -0.000000
vn 0.073727 -0.997279 -0.000000
vn 0.995895 -0.090518 -0.000000
vn 0.958920 -0.283678 -0.000000
vn 0.880520 -0.474008 -0.000000
vn 0.769240 -0.638960 -0.000000
vn 0.639015 -0.769194 -0.000000
vn 0.473853 -0.880604 -0.000000
vn 0.283447 -0.958988 -0.000000
vn 0.091103 -0.995842 -0.000000
vn 0.000000 -1.000000 -0.000000
vn 0.141131 -0.989991 -0.000000
vn 0.514326 -0.857595 -0.000000
vn 0.857474 -0.514527 -0.000000
vn 0.989949 -0.141427 -0.000000
vn 1.000000 0.000000 -0.000000
vn 0.989949 0.141427 0.000000
vn 0.857474 0.514527 0.000000
vn 0.514326 0.857595 0.000000
vn 0.141809 0.989894 0.000000
vn 0.000000 1.000000 0.000000
vn 0.090475 0.995899 0.000000
vn 0.283447 0.958988 0.000000
vn 0.473853 0.880604 0.000000
vn 0.639015 0.769194 0.000000
vn 0.769279 0.638913 0.000000
vn 0.880503 0.474041 0.000000
vn 0.958908 0.283716 0.000000
vn 0.995895 0.090518 0.000000
vn 1.000000 0.000000 -0.000000
vn 0.995891 -0.090557 -0.000000
vn 0.958962 -0.283536 -0.000000
vn 0.880503 -0.474041 -0.000000
vn 0.769299 -0.638889 -0.000000
vn 0.638638 -0.769507 -0.000000
vn 0.474367 -0.880327 -0.000000
vn 0.283447 -0.958988 -0.000000
vn 0.090475 -0.995899 -0.000000
vn 0.000000 -1.000000 -0.000000
vn 0.141809 -0.989894 -0.000000
vn 0.514326 -0.857595 -0.000000
vn 0.857474 -0.514527 -0.000000
vn 0.989949 -0.141427 -0.000000
vn 1.000000 0.000000 -0.000000
vn 0.989949 0.141427 0.000000
vn 0.857696 0.514157 0.000000
vn 0.514326 0.857595 0.000000
vn 0.141131 0.989991 0.000000
vn 0.000000 1.000000 0.000000
vn 0.090475 0.995899 0.000000
vn 0.284055 0.958808 0.000000
vn 0.473853 0.880604 0.000000
vn 0.639015 0.769194 0.000000
vn 0.769259 0.638937 0.000000
vn 0.880520 0.474008 0.000000
vn 0.958920 0.283678 0.000000
vn 0.995891 0.090557 0.000000
vn 1.000000 0.000000 -0.000000
vn 0.995895 -0.090518 -0.000000
vn 0.958973 -0.283498 -0.000000
vn 0.880371 -0.474285 -0.000000
vn 0.769240 -0.638960 -0.000000
vn 0.639015 -0.769194 -0.000000
vn 0.474367 -0.880327 -0.000000
vn 0.283447 -0.958988 -0.000000
vn 0.090475 -0.995899 -0.000000
vn 0.000000 -1.000000 -0.000000
vn -0.090475 -0.995899 -0.000000
vn -0.283447 -0.958988 -0.000000
vn -0.474367 -0.880327 -0.000000
vn -0.639015 -0.769194 -0.000000
vn -0.769279 -0.638913 -0.000000
vn -0.880371 -0.474285 -0.000000
vn -0.958973 -0.283498 -0.000000
vn -0.995891 -0.090557 -0.000000
vn -1.000000 0.000000 -0.000000
vn -0.995895 0.090518 0.000000
vn -0.958973 0.283498 0.000000
vn -0.880520 0.474008 0.000000
vn -0.769259 0.638937 0.000000
vn -0.638638 0.769507 0.000000
vn -0.474367 0.880327 0.000000
vn -0.283447 0.958988 0.000000
vn -0.090475 0.995899 0.000000
vn 0.000000 1.000000 0.000000
vn 0.090475 0.995899 0.000000
vn 0.283447 0.958988 0.000000
vn 0.474367 0.880327 0.000000
vn 0.638638 0.769507 0.000000
vn 0.769259 0.638937 0.000000
vn 0.880520 0.474008 0.000000
vn 0.958973 0.283498 0.000000
vn 0.995891 0.090557 0.000000
vn 1.000000 0.000000 -0.000000
vn -0.995893 0.090538 0.000000
vn -0.958967 0.283517 0.000000
vn -0.880503 0.474041 0.000000
vn -0.769259 0.638937 0.000000
vn -0.638648 0.769499 0.000000
vn -0.474367 0.880327 0.000000
vn -0.283453 0.958986 0.000000
vn -0.090475 0.995899 0.000000
vn 0.000000 1.000000 0.000000
vn 0.090475 0.995899 0.000000
vn 0.283453 0.958986 0.000000
vn 0.474362 0.880330 0.000000
vn 0.638638 0.769507 0.000000
vn 0.769264 0.638931 0.000000
vn 0.880507 0.474033 0.000000
vn 0.958964 0.283526 0.000000
vn 0.995894 0.090528 0.000000
vn 1.000000 0.000000 -0.000000
vn 0.995893 -0.090538 -0.000000
vn 0.958964 -0.283526 -0.000000
vn 0.880358 -0.474309 -0.000000
vn 0.769269 -0.638925 -0.000000
vn 0.639020 -0.769190 -0.000000
vn 0.474362 -0.880330 -0.000000
vn 0.283453 -0.958986 -0.000000
vn 0.090474 -0.995899 -0.000000
vn 0.000000 -1.000000 -0.000000
vn -0.107457 -0.994210 -0.000000
vn -0.360921 -0.932597 -0.000000
vn -0.624835 -0.780757 -0.000000
vn -0.827413 -0.561594 -0.000000
vn -0.853640 -0.520864 -0.000000
vn -0.788267 -0.615334 -0.000000
vn -0.644909 -0.764259 -0.000000
vn -0.375464 -0.926837 -0.000000
vn 0.030559 -0.999533 -0.000000
vn 0.472665 -0.881242 -0.000000
vn 0.822844 -0.568268 -0.000000
vn 0.963272 -0.268526 -0.000000
vn 0.997543 -0.070053 -0.000000
vn 0.999991 0.004292 0.000000
vn 0.995893 -0.090538 -0.000000
vn 0.958967 -0.283517 -0.000000
vn 0.880363 -0.474301 -0.000000
vn 0.769259 -0.638937 -0.000000
vn 0.639025 -0.769186 -0.000000
vn 0.474367 -0.880327 -0.000000
vn 0.283453 -0.958986 -0.000000
vn 0.090472 -0.995899 -0.000000
vn 0.000000 -1.000000 -0.000000
vn -0.090475 -0.995899 -0.000000
vn -0.283447 -0.958988 -0.000000
vn -0.474367 -0.880327 -0.000000
vn -0.639015 -0.769194 -0.000000
vn -0.769259 -0.638937 -0.000000
vn -0.880371 -0.474285 -0.000000
vn -0.958973 -0.283498 -0.000000
vn -0.995891 -0.090557 -0.000000
vn -1.000000 0.000000 -0.000000
vn -0.995895 0.090518 0.000000
vn -0.958973 0.283498 0.000000
vn -0.880520 0.474008 0.000000
vn -0.769240 0.638960 0.000000
vn -0.638638 0.769507 0.000000
vn -0.474367 0.880327 0.000000
vn -0.283447 0.958988 0.000000
vn -0.090475 0.995899 0.000000
vn 0.000000 1.000000 0.000000
vn 0.107456 0.994210 0.000000
vn 0.360917 0.932598 0.000000
vn 0.624602 0.780943 0.000000
vn 0.827532 0.561419 0.000000
vn 0.854443 0.519545 0.000000
vn 0.788253 0.615352 0.000000
vn 0.644909 0.764259 0.000000
vn 0.376680 0.926344 0.000000
vn -0.030559 0.999533 0.000000
vn -0.472665 0.881242 0.000000
vn -0.823292 0.567618 0.000000
vn -0.963193 0.268809 0.000000
vn -0.997545 0.070026 0.000000
vn -0.999998 -0.002146 -0.000000
vn 0.995893 -0.090538 -0.000000
vn 0.958914 -0.283697 -0.000000
vn 0.880507 -0.474033 -0.000000
vn 0.769259 -0.638937 -0.000000
vn 0.639020 -0.769190 -0.000000
vn 0.473848 -0.880606 -0.000000
vn 0.283450 -0.958987 -0.000000
vn 0.091103 -0.995842 -0.000000
vn 0.000000 -1.000000 -0.000000
vn 0.141133 -0.989991 -0.000000
vn 0.514326 -0.857595 -0.000000
vn 0.857466 -0.514541 -0.000000
vn 0.989950 -0.141419 -0.000000
vn 1.000000 0.000000 -0.000000
vn 0.989950 0.141419 0.000000
vn 0.857466 0.514541 0.000000
vn 0.514326 0.857595 0.000000
vn 0.141811 0.989894 0.000000
vn 0.000000 1.000000 0.000000
vn 0.090475 0.995899 0.000000
vn 0.283453 0.958986 0.000000
vn 0.473853 0.880604 0.000000
vn 0.639020 0.769190 0.000000
vn 0.769259 0.638937 0.000000
vn 0.880505 0.474037 0.000000
vn 0.958911 0.283706 0.000000
vn 0.995893 0.090538 0.000000
vn 1.000000 0.000000 -0.000000
vn 0.995893 -0.090542 -0.000000
vn 0.958964 -0.283526 -0.000000
vn 0.880505 -0.474037 -0.000000
vn 0.769262 -0.638934 -0.000000
vn 0.638643 -0.769503 -0.000000
vn 0.474367 -0.880327 -0.000000
vn 0.283453 -0.958986 -0.000000
vn 0.090475 -0.995899 -0.000000
vn 0.000000 -1.000000 -0.000000
vn 0.141811 -0.989894 -0.000000
vn 0.514326 -0.857595 -0.000000
vn 0.857466 -0.514541 -0.000000
vn 0.989950 -0.141419 -0.000000
vn 1.000000 0.000000 -0.000000
vn 0.989950 0.141419 0.000000
vn 0.857688 0.514171 0.000000
vn 0.514326 0.857595 0.000000
vn 0.141133 0.989991 0.000000
vn 0.000000 1.000000 0.000000
vn 0.090474 0.995899 0.000000
vn 0.284057 0.958807 0.000000
vn 0.473848 0.880606 0.000000
vn 0.639025 0.769186 0.000000
vn 0.769259 0.638937 0.000000
vn 0.880507 0.474033 0.000000
vn 0.958914 0.283697 0.000000
vn 0.995893 0.090538 0.000000
vn 1.000000 0.000000 -0.000000
vn 0.995893 -0.090538 -0.000000
vn 0.958967 -0.283517 -0.000000
vn 0.880358 -0.474309 -0.000000
vn 0.769259 -0.638937 -0.000000
vn 0.639020 -0.769190 -0.000000
vn 0.474362 -0.880330 -0.000000
vn 0.283450 -0.958987 -0.000000
vn 0.090475 -0.995899 -0.000000
vn 0.000000 -1.000000 -0.000000
vn -0.090475 -0.995899 -0.000000
vn -0.283451 -0.958987 -0.000000
vn -0.474364 -0.880329 -0.000000
vn -0.639023 -0.769188 -0.000000
vn -0.769262 -0.638934 -0.000000
vn -0.880356 -0.474313 -0.000000
vn -0.958964 -0.283526 -0.000000
vn -0.995893 -0.090538 -0.000000
vn -1.000000 0.000000 -0.000000
vn -0.995892 0.090547 0.000000
vn -0.958964 0.283526 0.000000
vn -0.880507 0.474033 0.000000
vn -0.769264 0.638931 0.000000
vn -0.638645 0.769501 0.000000
vn -0.474364 0.880329 0.000000
vn -0.283451 0.958987 0.000000
vn -0.090475 0.995899 0.000000
vn 0.000000 1.000000 0.000000
vn 0.090474 0.995899 0.000000
vn 0.283450 0.958987 0.000000
vn 0.474362 0.880330 0.000000
vn 0.638648 0.769499 0.000000
vn 0.769259 0.638937 0.000000
vn 0.880507 0.474033 0.000000
vn 0.958967 0.283517 0.000000
vn 0.995893 0.090538 0.000000
vn 1.000000 0.000000 -0.000000
vn -0.120744 -0.992684 -0.000000
vn -0.399302 -0.916819 -0.000000
vn -0.669000 -0.743263 -0.000000
vn -0.856225 -0.516603 -0.000000
vn -0.909065 -0.416654 -0.000000
vn -0.841223 -0.540688 -0.000000
vn -0.672358 -0.740226 -0.000000
vn -0.419319 -0.907839 -0.000000
vn -0.131737 -0.991285 -0.000000
vn 0.000000 -1.000000 -0.000000
vn 0.141134 -0.989991 -0.000000
vn 0.514326 -0.857595 -0.000000
vn 0.857463 -0.514546 -0.000000
vn 0.989952 -0.141406 -0.000000
vn 1.000000 0.000000 -0.000000
vn 0.995893 -0.090538 -0.000000
vn 0.958962 -0.283536 -0.000000
vn 0.880354 -0.474317 -0.000000
vn 0.769269 -0.638925 -0.000000
vn 0.639025 -0.769186 -0.000000
vn 0.474367 -0.880327 -0.000000
vn 0.283453 -0.958986 -0.000000
vn 0.090473 -0.995899 -0.000000
vn 0.000000 -1.000000 -0.000000
vn -0.090475 -0.995899 -0.000000
vn -0.283453 -0.958986 -0.000000
vn -0.474367 -0.880327 -0.000000
vn -0.639025 -0.769186 -0.000000
vn -0.769259 -0.638937 -0.000000
vn -0.880354 -0.474317 -0.000000
vn -0.958964 -0.283526 -0.000000
vn -0.995893 -0.090538 -0.000000
vn -1.000000 0.000000 -0.000000
vn -0.995893 0.090538 0.000000
vn -0.958964 0.283526 0.000000
vn -0.880503 0.474041 0.000000
vn -0.769259 0.638937 0.000000
vn -0.638648 0.769499 0.000000
vn -0.474367 0.880327 0.000000
vn -0.283453 0.958986 0.000000
vn -0.090475 0.995899 0.000000
vn 0.000000 1.000000 0.000000
vn 0.053691 0.998558 0.000000
vn 0.169072 0.985604 0.000000
vn 0.291763 0.956491 0.000000
vn 0.416175 0.909285 0.000000
vn 0.535333 0.844641 0.000000
vn 0.648980 0.760806 0.000000
vn 0.751837 0.659349 0.000000
vn 0.837506 0.546429 0.000000
vn 0.904285 0.426930 0.000000
vn 0.953757 0.300580 0.000000
vn 0.984614 0.174742 0.000000
vn 0.998451 0.055647 0.000000
vn 0.997777 -0.066646 -0.000000
vn 0.977230 -0.212182 -0.000000
vn 0.930111 -0.367280 -0.000000
vn 0.854335 -0.519722 -0.000000
vn 0.754872 -0.655872 -0.000000
vn 0.632777 -0.774334 -0.000000
vn 0.495553 -0.868578 -0.000000
vn 0.355971 -0.934497 -0.000000
vn 0.132528 -0.991179 -0.000000
vn 0.418625 -0.908159 -0.000000
vn 0.672821 -0.739805 -0.000000
vn 0.841008 -0.541022 -0.000000
vn 0.936285 -0.351241 -0.000000
vn 0.992295 -0.123895 -0.000000
vn 0.992272 0.124081 0.000000
vn 0.936285 0.351241 0.000000
vn 0.899925 0.436045 0.000000
vn 0.906115 0.423032 0.000000
vn 0.933337 0.359001 0.000000
vn 0.964802 0.262976 0.000000
vn 0.993888 0.110394 0.000000
vn 0.981239 -0.192797 -0.000000
vn 0.771492 -0.636239 -0.000000
vn 0.399870 -0.916572 -0.000000
vn 0.103316 -0.994649 -0.000000
vn 0.000000 -1.000000 -0.000000
vn 0.141134 -0.989991 -0.000000
vn 0.514326 -0.857595 -0.000000
vn 0.857463 -0.514546 -0.000000
vn 0.989952 -0.141406 -0.000000
vn 1.000000 0.000000 -0.000000
vn 0.989949 0.141427 0.000000
vn 0.857463 0.514546 0.000000
vn 0.514326 0.857595 0.000000
vn 0.141137 0.989990 0.000000
vn 0.000000 1.000000 0.000000
vn -0.077725 0.996975 0.000000
vn -0.251838 0.967770 0.000000
vn -0.439238 0.898371 0.000000
vn -0.616908 0.787035 0.000000
vn -0.766559 0.642173 0.000000
vn -0.887117 0.461544 0.000000
vn -0.963928 0.266162 0.000000
vn -0.996612 0.082241 0.000000
vn -0.996622 -0.082124 -0.000000
vn -0.964244 -0.265016 -0.000000
vn -0.888763 -0.458367 -0.000000
vn -0.770989 -0.636848 -0.000000
vn -0.623587 -0.781754 -0.000000
vn -0.445351 -0.895356 -0.000000
vn -0.256015 -0.966673 -0.000000
vn -0.079051 -0.996871 -0.000000
vn 0.000000 -1.000000 -0.000000
vn -0.135767 -0.990741 -0.000000
vn -0.453080 -0.891470 -0.000000
vn -0.743418 -0.668827 -0.000000
vn -0.914359 -0.404904 -0.000000
vn -0.955585 -0.294717 -0.000000
vn -0.854826 -0.518915 -0.000000
vn -0.725127 -0.688616 -0.000000
vn -0.496438 -0.868072 -0.000000
vn -0.170788 -0.985308 -0.000000
vn 0.000000 -1.000000 -0.000000
vn 0.170788 -0.985308 -0.000000
vn 0.496438 -0.868072 -0.000000
vn 0.725127 -0.688616 -0.000000
vn 0.854826 -0.518915 -0.000000
vn 0.955585 -0.294717 -0.000000
vn 0.914352 -0.404921 -0.000000
vn 0.743418 -0.668827 -0.000000
vn 0.453089 -0.891465 -0.000000
vn 0.135767 -0.990741 -0.000000
vn 0.000000 -1.000000 -0.000000
vn -0.077492 -0.996993 -0.000000
vn -0.259811 -0.965660 -0.000000
vn -0.468769 -0.883321 -0.000000
vn -0.672113 -0.740448 -0.000000
vn -0.856136 -0.516750 -0.000000
vn -0.973741 -0.227660 -0.000000
vn -0.999759 0.021959 0.000000
vn -0.978737 0.205120 0.000000
vn -0.952146 0.305644 0.000000
vn -0.914352 0.404921 0.000000
vn -0.743256 0.669007 0.000000
vn -0.453089 0.891465 0.000000
vn -0.135767 0.990741 0.000000
vn 0.000000 1.000000 0.000000
vn 0.135767 0.990741 0.000000
vn 0.453080 0.891470 0.000000
vn 0.743256 0.669007 0.000000
vn 0.914359 0.404904 0.000000
vn 0.951735 0.306920 0.000000
vn 0.924673 0.380762 0.000000
vn 0.967086 0.254451 0.000000
vn 0.989941 0.141482 0.000000
vn 0.999058 0.043397 0.000000
vn 0.985087 -0.172056 -0.000000
vn 0.806435 -0.591322 -0.000000
vn 0.440705 -0.897652 -0.000000
vn 0.116102 -0.993237 -0.000000
vn 0.000000 -1.000000 -0.000000
vn 0.998868 -0.047558 -0.000000
vn 0.948635 0.316373 0.000000
vn 0.633288 0.773917 0.000000
vn 0.174263 0.984699 0.000000
vn 0.000000 1.000000 0.000000
vn -0.148745 0.988876 0.000000
vn -0.600033 0.799976 0.000000
vn -0.966210 0.257758 0.000000
vn -0.982344 -0.187086 -0.000000
vn -0.955841 -0.293885 -0.000000
vn -0.952037 -0.305982 -0.000000
vn -0.876284 -0.481795 -0.000000
vn -0.677820 -0.735228 -0.000000
vn -0.258349 -0.966052 -0.000000
vn 0.258349 -0.966052 -0.000000
vn 0.677820 -0.735228 -0.000000
vn 0.876284 -0.481795 -0.000000
vn 0.952037 -0.305982 -0.000000
vn 0.956639 -0.291275 -0.000000
vn -0.090479 -0.995898 -0.000000
vn -0.283458 -0.958985 -0.000000
vn -0.474367 -0.880327 -0.000000
vn -0.638976 -0.769227 -0.000000
vn -0.769279 -0.638913 -0.000000
vn -0.880354 -0.474317 -0.000000
vn -0.958973 -0.283498 -0.000000
vn -0.995891 -0.090557 -0.000000
vn -1.000000 0.000000 -0.000000
vn -0.995891 0.090557 0.000000
vn -0.958973 0.283498 0.000000
vn -0.880503 0.474041 0.000000
vn -0.769279 0.638913 0.000000
vn -0.638638 0.769507 0.000000
vn -0.474367 0.880327 0.000000
vn -0.283458 0.958985 0.000000
vn -0.090472 0.995899 0.000000
vn 0.000000 1.000000 0.000000
vn 0.090479 0.995898 0.000000
vn 0.283458 0.958985 0.000000
vn 0.474367 0.880327 0.000000
vn 0.638599 0.769540 0.000000
vn 0.769279 0.638913 0.000000
vn 0.880538 0.473976 0.000000
vn 0.958973 0.283498 0.000000
vn 0.995891 0.090557 0.000000
vn 1.000000 0.000000 -0.000000
vn 0.989943 0.141470 0.000000
vn 0.857696 0.514157 0.000000
vn 0.514326 0.857595 0.000000
vn 0.141131 0.989991 0.000000
vn 0.000000 1.000000 0.000000
vn 0.090479 0.995898 0.000000
vn 0.284066 0.958805 0.000000
vn 0.473853 0.880604 0.000000
vn 0.638976 0.769227 0.000000
vn 0.769279 0.638913 0.000000
vn 0.880503 0.474041 0.000000
vn 0.958920 0.283678 0.000000
vn 0.995891 0.090557 0.000000
vn 1.000000 0.000000 -0.000000
vn 0.995891 -0.090557 -0.000000
vn 0.958973 -0.283498 -0.000000
vn 0.880354 -0.474317 -0.000000
vn 0.769279 -0.638913 -0.000000
vn 0.639015 -0.769194 -0.000000
vn 0.474367 -0.880327 -0.000000
vn 0.283458 -0.958985 -0.000000
vn 0.090472 -0.995899 -0.000000
vn 0.000000 -1.000000 -0.000000
vn 0.000000 0.000000 1.000000
vn 0.000000 -0.000000 1.000000
vn 0.000000 -0.000000 1.000000
vn 0.000000 -0.000000 1.000000
vn 0.000000 -0.000000 1.000000
vn 0.000000 0.000000 1.000000
vn -0.000000 0.000000 1.000000
vn 0.000000 -0.000000 1.000000
vn 0.000000 -0.000000 1.000000
vn 0.000000 -0.000000 -1.000000
vn 0.000000 -0.000000 -1.000000
vn -0.000000 0.000000 -1.000000
vn 0.000000 0.000000 -1.000000
vn 0.000000 0.000000 -1.000000
vn 0.000000 0.000000 -1.000000
vn -0.000000 -0.000000 -1.000000
vn 0.000000 0.000000 -1.000000
vn 0.000000 0.000000 -1.000000
vn 0.000000 1.000000 0.000000
vn 0.928477 0.371391 0.000000
vn 0.485643 0.874157 0.000000
vn 0.406139 -0.913811 -0.000000
vn 0.961524 -0.274721 -0.000000
vn 0.351124 -0.936329 -0.000000
vn 1.000000 0.000000 -0.000000
vn 0.338719 0.940887 0.000000
vn 0.000000 -1.000000 -0.000000
vn -0.732794 0.680451 0.000000
vn -0.998752 -0.049938 -0.000000
vn -0.993884 0.110431 0.000000
vn 0.000000 -0.000000 1.000000
vn 0.000000 -0.000000 1.000000
vn 0.000000 -0.000000 1.000000
vn 0.000000 0.000000 -1.000000
vn 0.000000 0.000000 -1.000000
vn 0.000000 0.000000 -1.000000
vn -0.861934 0.507020 0.000000
vn 0.422886 0.906183 0.000000
vn -0.045408 0.998969 0.000000
vn -0.464007 0.885832 0.000000
vn 0.870563 0.492057 0.000000
vn -0.012345 -0.999924 -0.000000
vn 0.000000 0.000000 -1.000000
vn 0.000000 -0.000000 1.000000
vn 0.274721 0.961524 0.000000
vn -0.961524 0.274721 0.000000
vn -0.274721 -0.961524 -0.000000
vn 0.961524 -0.274721 -0.000000
f 101//1 103//1 102//1
f 100//2 103//2 101//2
f 100//3 104//3 103//3
f 99//4 104//4 100//4
f 99//5 105//5 104//5
f 98//6 105//6 99//6
f 98//7 106//7 105//7
f 97//8 106//8 98//8
f 97//9 107//9 106//9
f 96//10 107//10 97//10
f 96//11 108//11 107//11
f 95//12 108//12 96//12
f 95//13 109//13 108//13
f 94//14 122//14 95//14
f 122//15 109//15 95//15
f 94//16 123//16 122//16
f 121//17 109//17 122//17
f 121//18 1//18 109//18
f 94//19 124//19 123//19
f 120//20 1//20 121//20
f 94//21 125//21 124//21
f 119//22 1//22 120//22
f 93//23 125//23 94//23
f 119//24 2//24 1//24
f 93//25 126//25 125//25
f 118//26 2//26 119//26
f 92//27 126//27 93//27
f 118//28 3//28 2//28
f 92//29 127//29 126//29
f 117//30 3//30 118//30
f 91//31 127//31 92//31
f 116//32 3//32 117//32
f 91//33 128//33 127//33
f 116//34 4//34 3//34
f 115//35 4//35 116//35
f 91//36 129//36 128//36
f 90//37 129//37 91//37
f 115//38 5//38 4//38
f 114//39 5//39 115//39
f 90//40 130//40 129//40
f 113//41 5//41 114//41
f 90//42 131//42 130//42
f 89//43 131//43 90//43
f 113//44 6//44 5//44
f 112//45 6//45 113//45
f 89//46 132//46 131//46
f 88//47 132//47 89//47
f 111//48 6//48 112//48
f 88//49 133//49 132//49
f 110//50 6//50 111//50
f 88//51 134//51 133//51
f 87//52 134//52 88//52
f 141//53 6//53 110//53
f 87//54 135//54 134//54
f 140//55 6//55 141//55
f 87//56 136//56 135//56
f 86//57 136//57 87//57
f 139//58 69//58 140//58
f 69//59 6//59 140//59
f 86//60 137//60 136//60
f 138//61 70//61 139//61
f 70//62 69//62 139//62
f 86//63 138//63 137//63
f 86//64 71//64 138//64
f 71//65 70//65 138//65
f 85//66 71//66 86//66
f 84//67 71//67 85//67
f 83//68 71//68 84//68
f 83//69 72//69 71//69
f 83//70 73//70 72//70
f 83//71 74//71 73//71
f 68//72 6//72 69//72
f 83//73 75//73 74//73
f 67//74 6//74 68//74
f 66//75 6//75 67//75
f 65//76 6//76 66//76
f 82//77 75//77 83//77
f 81//78 75//78 82//78
f 81//79 76//79 75//79
f 80//80 76//80 81//80
f 80//81 77//81 76//81
f 79//82 77//82 80//82
f 79//83 78//83 77//83
f 38//84 40//84 39//84
f 38//85 41//85 40//85
f 37//86 41//86 38//86
f 37//87 42//87 41//87
f 36//88 42//88 37//88
f 36//89 43//89 42//89
f 35//90 43//90 36//90
f 35//91 44//91 43//91
f 34//92 44//92 35//92
f 34//93 45//93 44//93
f 34//94 46//94 45//94
f 33//95 46//95 34//95
f 33//96 47//96 46//96
f 32//97 47//97 33//97
f 32//98 48//98 47//98
f 31//99 48//99 32//99
f 30//100 48//100 31//100
f 30//101 49//101 48//101
f 64//102 6//102 65//102
f 30//103 50//103 49//103
f 64//104 7//104 6//104
f 29//105 50//105 30//105
f 63//106 7//106 64//106
f 29//107 51//107 50//107
f 62//108 7//108 63//108
f 62//109 8//109 7//109
f 29//110 52//110 51//110
f 28//111 52//111 29//111
f 61//112 8//112 62//112
f 28//113 53//113 52//113
f 61//114 9//114 8//114
f 27//115 53//115 28//115
f 60//116 9//116 61//116
f 27//117 54//117 53//117
f 59//118 9//118 60//118
f 27//119 55//119 54//119
f 59//120 10//120 9//120
f 58//121 10//121 59//121
f 27//122 56//122 55//122
f 26//123 56//123 27//123
f 57//124 10//124 58//124
f 26//125 57//125 56//125
f 26//126 10//126 57//126
f 26//127 11//127 10//127
f 25//128 11//128 26//128
f 25//129 12//129 11//129
f 24//130 12//130 25//130
f 24//131 13//131 12//131
f 23//132 13//132 24//132
f 23//133 14//133 13//133
f 22//134 14//134 23//134
f 22//135 15//135 14//135
f 21//136 15//136 22//136
f 21//137 16//137 15//137
f 20//138 16//138 21//138
f 20//139 17//139 16//139
f 19//140 17//140 20//140
f 19//141 18//141 17//141
f 242//142 243//142 244//142
f 241//143 242//143 244//143
f 241//144 244//144 245//144
f 240//145 241//145 245//145
f 240//146 245//146 246//146
f 239//147 240//147 246//147
f 239//148 246//148 247//148
f 238//149 239//149 247//149
f 238//150 247//150 248//150
f 237//151 238//151 248//151
f 237//152 248//152 249//152
f 236//153 237//153 249//153
f 236//154 249//154 250//154
f 235//155 236//155 263//155
f 263//156 236//156 250//156
f 235//157 263//157 264//157
f 262//158 263//158 250//158
f 262//159 250//159 142//159
f 235//160 264//160 265//160
f 261//161 262//161 142//161
f 235//162 265//162 266//162
f 260//163 261//163 142//163
f 234//164 235//164 266//164
f 260//165 142//165 143//165
f 234//166 266//166 267//166
f 259//167 260//167 143//167
f 233//168 234//168 267//168
f 259//169 143//169 144//169
f 233//170 267//170 268//170
f 258//171 259//171 144//171
f 232//172 233//172 268//172
f 257//173 258//173 144//173
f 232//174 268//174 269//174
f 257//175 144//175 145//175
f 256//176 257//176 145//176
f 232//177 269//177 270//177
f 231//178 232//178 270//178
f 256//179 145//179 146//179
f 255//180 256//180 146//180
f 231//181 270//181 271//181
f 254//182 255//182 146//182
f 231//183 271//183 272//183
f 230//184 231//184 272//184
f 254//185 146//185 147//185
f 253//186 254//186 147//186
f 230//187 272//187 273//187
f 229//188 230//188 273//188
f 252//189 253//189 147//189
f 229//190 273//190 274//190
f 251//191 252//191 147//191
f 229//192 274//192 275//192
f 228//193 229//193 275//193
f 282//194 251//194 147//194
f 228//195 275//195 276//195
f 281//196 282//196 147//196
f 228//197 276//197 277//197
f 227//198 228//198 277//198
f 280//199 281//199 210//199
f 210//200 281//200 147//200
f 227//201 277//201 278//201
f 279//202 280//202 211//202
f 211//203 280//203 210//203
f 227//204 278//204 279//204
f 227//205 279//205 212//205
f 212//206 279//206 211//206
f 226//207 227//207 212//207
f 225//208 226//208 212//208
f 224//209 225//209 212//209
f 224//210 212//210 213//210
f 224//211 213//211 214//211
f 224//212 214//212 215//212
f 209//213 210//213 147//213
f 224//214 215//214 216//214
f 208//215 209//215 147//215
f 207//216 208//216 147//216
f 206//217 207//217 147//217
f 223//218 224//218 216//218
f 222//219 223//219 216//219
f 222//220 216//220 217//220
f 221//221 222//221 217//221
f 221//222 217//222 218//222
f 220//223 221//223 218//223
f 220//224 218//224 219//224
f 179//225 180//225 181//225
f 179//226 181//226 182//226
f 178//227 179//227 182//227
f 178//228 182//228 183//228
f 177//229 178//229 183//229
f 177//230 183//230 184//230
f 176//231 177//231 184//231
f 176//232 184//232 185//232
f 175//233 176//233 185//233
f 175//234 185//234 186//234
f 175//235 186//235 187//235
f 174//236 175//236 187//236
f 174//237 187//237 188//237
f 173//238 174//238 188//238
f 173//239 188//239 189//239
f 172//240 173//240 189//240
f 171//241 172//241 189//241
f 171//242 189//242 190//242
f 205//243 206//243 147//243
f 171//244 190//244 191//244
f 205//245 147//245 148//245
f 170//246 171//246 191//246
f 204//247 205//247 148//247
f 170//248 191//248 192//248
f 203//249 204//249 148//249
f 203//250 148//250 149//250
f 170//251 192//251 193//251
f 169//252 170//252 193//252
f 202//253 203//253 149//253
f 169//254 193//254 194//254
f 202//255 149//255 150//255
f 168//256 169//256 194//256
f 201//257 202//257 150//257
f 168//258 194//258 195//258
f 200//259 201//259 150//259
f 168//260 195//260 196//260
f 200//261 150//261 151//261
f 199//262 200//262 151//262
f 168//263 196//263 197//263
f 167//264 168//264 197//264
f 198//265 199//265 151//265
f 167//266 197//266 198//266
f 167//267 198//267 151//267
f 167//268 151//268 152//268
f 166//269 167//269 152//269
f 166//270 152//270 153//270
f 165//271 166//271 153//271
f 165//272 153//272 154//272
f 164//273 165//273 154//273
f 164//274 154//274 155//274
f 163//275 164//275 155//275
f 163//276 155//276 156//276
f 162//277 163//277 156//277
f 162//278 156//278 157//278
f 161//279 162//279 157//279
f 161//280 157//280 158//280
f 160//281 161//281 158//281
f 160//282 158//282 159//282
f 286//283 283//283 284//283
f 288//284 285//284 286//284
f 290//285 287//285 288//285
f 292//286 289//286 290//286
f 294//287 291//287 292//287
f 296//288 293//288 294//288
f 298//289 295//289 296//289
f 300//290 297//290 298//290
f 302//291 299//291 300//291
f 304//292 301//292 302//292
f 306//293 303//293 304//293
f 308//294 305//294 306//294
f 310//295 307//295 308//295
f 312//296 309//296 310//296
f 314//297 311//297 312//297
f 316//298 313//298 314//298
f 318//299 315//299 316//299
f 320//300 317//300 318//300
f 322//301 319//301 320//301
f 324//302 321//302 322//302
f 326//303 323//303 324//303
f 328//304 325//304 326//304
f 330//305 327//305 328//305
f 332//306 329//306 330//306
f 334//307 331//307 332//307
f 336//308 333//308 334//308
f 338//309 335//309 336//309
f 340//310 337//310 338//310
f 342//311 339//311 340//311
f 344//312 341//312 342//312
f 346//313 343//313 344//313
f 348//314 345//314 346//314
f 350//315 347//315 348//315
f 352//316 349//316 350//316
f 354//317 351//317 352//317
f 356//318 353//318 354//318
f 358//319 355//319 356//319
f 360//320 357//320 358//320
f 362//321 359//321 360//321
f 364//322 361//322 362//322
f 366//323 363//323 364//323
f 368//324 365//324 366//324
f 370//325 367//325 368//325
f 372//326 369//326 370//326
f 374//327 371//327 372//327
f 376//328 373//328 374//328
f 378//329 375//329 376//329
f 380//330 377//330 378//330
f 382//331 379//331 380//331
f 384//332 381//332 382//332
f 386//333 383//333 384//333
f 388//334 385//334 386//334
f 390//335 387//335 388//335
f 392//336 389//336 390//336
f 394//337 391//337 392//337
f 396//338 393//338 394//338
f 398//339 395//339 396//339
f 400//340 397//340 398//340
f 402//341 399//341 400//341
f 404//342 401//342 402//342
f 406//343 403//343 404//343
f 408//344 405//344 406//344
f 410//345 407//345 408//345
f 412//346 409//346 410//346
f 414//347 411//347 412//347
f 416//348 413//348 414//348
f 418//349 415//349 416//349
f 420//350 417//350 418//350
f 422//351 419//351 420//351
f 424//352 421//352 422//352
f 426//353 423//353 424//353
f 428//354 425//354 426//354
f 430//355 427//355 428//355
f 432//356 429//356 430//356
f 434//357 431//357 432//357
f 436//358 433//358 434//358
f 438//359 435//359 436//359
f 440//360 437//360 438//360
f 442//361 439//361 440//361
f 444//362 441//362 442//362
f 446//363 443//363 444//363
f 448//364 445//364 446//364
f 450//365 447//365 448//365
f 452//366 449//366 450//366
f 454//367 451//367 452//367
f 456//368 453//368 454//368
f 458//369 455//369 456//369
f 460//370 457//370 458//370
f 462//371 459//371 460//371
f 464//372 461//372 462//372
f 466//373 463//373 464//373
f 468//374 465//374 466//374
f 470//375 467//375 468//375
f 472//376 469//376 470//376
f 474//377 471//377 472//377
f 476//378 473//378 474//378
f 478//379 475//379 476//379
f 480//380 477//380 478//380
f 482//381 479//381 480//381
f 484//382 481//382 482//382
f 486//383 483//383 484//383
f 488//384 485//384 486//384
f 490//385 487//385 488//385
f 492//386 489//386 490//386
f 494//387 491//387 492//387
f 496//388 493//388 494//388
f 498//389 495//389 496//389
f 500//390 497//390 498//390
f 284//391 499//391 500//391
f 504//392 501//392 502//392
f 506//393 503//393 504//393
f 508//394 505//394 506//394
f 510//395 507//395 508//395
f 512//396 509//396 510//396
f 514//397 511//397 512//397
f 516//398 513//398 514//398
f 518//399 515//399 516//399
f 520//400 517//400 518//400
f 522//401 519//401 520//401
f 524//402 521//402 522//402
f 526//403 523//403 524//403
f 528//404 525//404 526//404
f 530//405 527//405 528//405
f 532//406 529//406 530//406
f 534//407 531//407 532//407
f 536//408 533//408 534//408
f 538//409 535//409 536//409
f 540//410 537//410 538//410
f 542//411 539//411 540//411
f 544//412 541//412 542//412
f 546//413 543//413 544//413
f 548//414 545//414 546//414
f 550//415 547//415 548//415
f 552//416 549//416 550//416
f 554//417 551//417 552//417
f 556//418 553//418 554//418
f 558//419 555//419 556//419
f 560//420 557//420 558//420
f 562//421 559//421 560//421
f 564//422 561//422 562//422
f 502//423 563//423 564//423
f 581//424 583//424 582//424
f 581//425 584//425 583//425
f 580//426 584//426 581//426
f 580//427 585//427 584//427
f 579//428 585//428 580//428
f 579//429 586//429 585//429
f 578//430 586//430 579//430
f 578//431 587//431 586//431
f 577//432 587//432 578//432
f 577//433 588//433 587//433
f 577//434 589//434 588//434
f 576//435 589//435 577//435
f 576//436 590//436 589//436
f 575//437 590//437 576//437
f 575//438 591//438 590//438
f 574//439 591//439 575//439
f 573//440 591//440 574//440
f 573//441 592//441 591//441
f 573//442 593//442 592//442
f 573//443 594//443 593//443
f 573//444 595//444 594//444
f 573//445 596//445 595//445
f 573//446 597//446 596//446
f 573//447 598//447 597//447
f 573//448 599//448 598//448
f 573//449 600//449 599//449
f 573//450 601//450 600//450
f 573//451 602//451 601//451
f 573//452 603//452 602//452
f 573//453 604//453 603//453
f 573//454 605//454 604//454
f 573//455 606//455 605//455
f 572//456 606//456 573//456
f 572//457 607//457 606//457
f 571//458 607//458 572//458
f 571//459 608//459 607//459
f 570//460 608//460 571//460
f 570//461 609//461 608//461
f 569//462 609//462 570//462
f 569//463 610//463 609//463
f 568//464 610//464 569//464
f 568//465 611//465 610//465
f 567//466 611//466 568//466
f 567//467 612//467 611//467
f 566//468 612//468 567//468
f 566//469 613//469 612//469
f 565//470 613//470 566//470
f 565//471 614//471 613//471
f 647//472 649//472 648//472
f 647//473 650//473 649//473
f 646//474 650//474 647//474
f 646//475 651//475 650//475
f 645//476 651//476 646//476
f 645//477 652//477 651//477
f 644//478 652//478 645//478
f 644//479 653//479 652//479
f 643//480 680//480 644//480
f 680//481 679//481 644//481
f 679//482 653//482 644//482
f 679//483 678//483 653//483
f 678//484 677//484 653//484
f 677//485 676//485 653//485
f 676//486 675//486 653//486
f 675//487 674//487 653//487
f 674//488 654//488 653//488
f 643//489 681//489 680//489
f 673//490 654//490 674//490
f 643//491 663//491 681//491
f 672//492 654//492 673//492
f 643//493 664//493 663//493
f 671//494 654//494 672//494
f 643//495 665//495 664//495
f 670//496 654//496 671//496
f 643//497 666//497 665//497
f 669//498 654//498 670//498
f 643//499 667//499 666//499
f 668//500 654//500 669//500
f 643//501 627//501 667//501
f 627//502 626//502 667//502
f 626//503 668//503 667//503
f 626//504 625//504 668//504
f 625//505 624//505 668//505
f 624//506 623//506 668//506
f 623//507 622//507 668//507
f 622//508 654//508 668//508
f 643//509 628//509 627//509
f 621//510 654//510 622//510
f 643//511 629//511 628//511
f 620//512 654//512 621//512
f 643//513 630//513 629//513
f 619//514 654//514 620//514
f 642//515 630//515 643//515
f 619//516 655//516 654//516
f 619//517 656//517 655//517
f 619//518 657//518 656//518
f 641//519 630//519 642//519
f 619//520 658//520 657//520
f 641//521 631//521 630//521
f 618//522 658//522 619//522
f 618//523 659//523 658//523
f 640//524 631//524 641//524
f 640//525 632//525 631//525
f 617//526 659//526 618//526
f 639//527 632//527 640//527
f 617//528 660//528 659//528
f 638//529 632//529 639//529
f 638//530 633//530 632//530
f 616//531 660//531 617//531
f 616//532 661//532 660//532
f 637//533 633//533 638//533
f 636//534 633//534 637//534
f 636//535 634//535 633//535
f 615//536 661//536 616//536
f 615//537 662//537 661//537
f 635//538 634//538 636//538
f 722//539 724//539 723//539
f 722//540 725//540 724//540
f 721//541 725//541 722//541
f 720//542 725//542 721//542
f 720//543 726//543 725//543
f 719//544 726//544 720//544
f 718//545 726//545 719//545
f 717//546 726//546 718//546
f 717//547 727//547 726//547
f 716//548 727//548 717//548
f 715//549 727//549 716//549
f 714//550 765//550 715//550
f 765//551 764//551 715//551
f 764//552 763//552 715//552
f 763//553 727//553 715//553
f 763//554 728//554 727//554
f 763//555 729//555 728//555
f 763//556 762//556 729//556
f 762//557 730//557 729//557
f 762//558 731//558 730//558
f 762//559 732//559 731//559
f 762//560 788//560 732//560
f 788//561 787//561 732//561
f 787//562 733//562 732//562
f 786//563 733//563 787//563
f 714//564 766//564 765//564
f 714//565 767//565 766//565
f 785//566 733//566 786//566
f 784//567 733//567 785//567
f 784//568 734//568 733//568
f 783//569 734//569 784//569
f 782//570 734//570 783//570
f 782//571 735//571 734//571
f 781//572 735//572 782//572
f 781//573 736//573 735//573
f 780//574 736//574 781//574
f 780//575 737//575 736//575
f 779//576 737//576 780//576
f 778//577 737//577 779//577
f 778//578 738//578 737//578
f 777//579 738//579 778//579
f 776//580 738//580 777//580
f 776//581 739//581 738//581
f 775//582 739//582 776//582
f 774//583 739//583 775//583
f 774//584 740//584 739//584
f 773//585 740//585 774//585
f 714//586 768//586 767//586
f 714//587 769//587 768//587
f 772//588 740//588 773//588
f 714//589 770//589 769//589
f 714//590 771//590 770//590
f 714//591 695//591 771//591
f 695//592 694//592 771//592
f 694//593 693//593 771//593
f 693//594 772//594 771//594
f 693//595 740//595 772//595
f 693//596 741//596 740//596
f 693//597 692//597 741//597
f 692//598 742//598 741//598
f 692//599 743//599 742//599
f 692//600 744//600 743//600
f 692//601 745//601 744//601
f 692//602 746//602 745//602
f 692//603 747//603 746//603
f 692//604 748//604 747//604
f 692//605 749//605 748//605
f 692//606 750//606 749//606
f 692//607 751//607 750//607
f 692//608 752//608 751//608
f 692//609 691//609 752//609
f 691//610 690//610 752//610
f 690//611 689//611 752//611
f 689//612 688//612 752//612
f 688//613 753//613 752//613
f 687//614 753//614 688//614
f 714//615 696//615 695//615
f 686//616 753//616 687//616
f 714//617 697//617 696//617
f 686//618 754//618 753//618
f 686//619 755//619 754//619
f 713//620 697//620 714//620
f 713//621 698//621 697//621
f 686//622 756//622 755//622
f 712//623 698//623 713//623
f 712//624 699//624 698//624
f 686//625 757//625 756//625
f 685//626 757//626 686//626
f 685//627 758//627 757//627
f 711//628 699//628 712//628
f 711//629 700//629 699//629
f 710//630 700//630 711//630
f 710//631 701//631 700//631
f 684//632 758//632 685//632
f 684//633 759//633 758//633
f 709//634 701//634 710//634
f 709//635 702//635 701//635
f 683//636 759//636 684//636
f 683//637 760//637 759//637
f 708//638 702//638 709//638
f 708//639 703//639 702//639
f 707//640 703//640 708//640
f 707//641 704//641 703//641
f 682//642 760//642 683//642
f 682//643 761//643 760//643
f 706//644 704//644 707//644
f 706//645 705//645 704//645
f 870//646 872//646 871//646
f 870//647 873//647 872//647
f 869//648 873//648 870//648
f 869//649 874//649 873//649
f 868//650 874//650 869//650
f 868//651 875//651 874//651
f 867//652 875//652 868//652
f 867//653 876//653 875//653
f 866//654 876//654 867//654
f 866//655 877//655 876//655
f 866//656 878//656 877//656
f 865//657 878//657 866//657
f 865//658 879//658 878//658
f 864//659 879//659 865//659
f 864//660 880//660 879//660
f 863//661 880//661 864//661
f 862//662 801//662 863//662
f 801//663 800//663 863//663
f 800//664 799//664 863//664
f 799//665 880//665 863//665
f 799//666 798//666 880//666
f 798//667 789//667 880//667
f 798//668 790//668 789//668
f 798//669 791//669 790//669
f 798//670 792//670 791//670
f 798//671 793//671 792//671
f 798//672 794//672 793//672
f 798//673 795//673 794//673
f 798//674 796//674 795//674
f 798//675 797//675 796//675
f 862//676 802//676 801//676
f 862//677 803//677 802//677
f 862//678 804//678 803//678
f 862//679 805//679 804//679
f 862//680 806//680 805//680
f 862//681 807//681 806//681
f 862//682 829//682 807//682
f 829//683 828//683 807//683
f 828//684 827//684 807//684
f 827//685 808//685 807//685
f 827//686 809//686 808//686
f 827//687 810//687 809//687
f 827//688 811//688 810//688
f 827//689 812//689 811//689
f 827//690 813//690 812//690
f 827//691 814//691 813//691
f 827//692 815//692 814//692
f 827//693 816//693 815//693
f 827//694 826//694 816//694
f 826//695 817//695 816//695
f 826//696 818//696 817//696
f 826//697 819//697 818//697
f 826//698 820//698 819//698
f 826//699 821//699 820//699
f 826//700 822//700 821//700
f 826//701 823//701 822//701
f 826//702 824//702 823//702
f 826//703 825//703 824//703
f 862//704 830//704 829//704
f 862//705 831//705 830//705
f 862//706 832//706 831//706
f 862//707 833//707 832//707
f 862//708 834//708 833//708
f 862//709 835//709 834//709
f 862//710 836//710 835//710
f 862//711 837//711 836//711
f 862//712 838//712 837//712
f 862//713 839//713 838//713
f 862//714 840//714 839//714
f 862//715 841//715 840//715
f 862//716 842//716 841//716
f 862//717 843//717 842//717
f 862//718 844//718 843//718
f 862//719 845//719 844//719
f 861//720 845//720 862//720
f 861//721 846//721 845//721
f 860//722 846//722 861//722
f 860//723 847//723 846//723
f 859//724 847//724 860//724
f 859//725 848//725 847//725
f 858//726 848//726 859//726
f 858//727 849//727 848//727
f 857//728 849//728 858//728
f 857//729 850//729 849//729
f 856//730 850//730 857//730
f 856//731 851//731 850//731
f 855//732 851//732 856//732
f 855//733 852//733 851//733
f 854//734 852//734 855//734
f 854//735 853//735 852//735
f 947//736 949//736 948//736
f 947//737 950//737 949//737
f 888//738 890//738 889//738
f 888//739 891//739 890//739
f 946//740 950//740 947//740
f 887//741 891//741 888//741
f 887//742 892//742 891//742
f 946//743 951//743 950//743
f 945//744 951//744 946//744
f 886//745 892//745 887//745
f 886//746 893//746 892//746
f 944//747 951//747 945//747
f 885//748 893//748 886//748
f 885//749 894//749 893//749
f 944//750 952//750 951//750
f 943//751 952//751 944//751
f 884//752 894//752 885//752
f 884//753 895//753 894//753
f 943//754 953//754 952//754
f 884//755 896//755 895//755
f 942//756 953//756 943//756
f 883//757 896//757 884//757
f 883//758 897//758 896//758
f 941//759 953//759 942//759
f 882//760 897//760 883//760
f 941//761 954//761 953//761
f 882//762 898//762 897//762
f 940//763 954//763 941//763
f 881//764 898//764 882//764
f 939//765 920//765 940//765
f 920//766 919//766 940//766
f 919//767 918//767 940//767
f 918//768 917//768 940//768
f 917//769 916//769 940//769
f 916//770 915//770 940//770
f 915//771 914//771 940//771
f 914//772 954//772 940//772
f 962//773 898//773 881//773
f 962//774 899//774 898//774
f 913//775 954//775 914//775
f 912//776 954//776 913//776
f 939//777 921//777 920//777
f 939//778 922//778 921//778
f 961//779 899//779 962//779
f 960//780 899//780 961//780
f 912//781 955//781 954//781
f 959//782 899//782 960//782
f 912//783 956//783 955//783
f 958//784 899//784 959//784
f 912//785 957//785 956//785
f 957//786 899//786 958//786
f 912//787 899//787 957//787
f 938//788 922//788 939//788
f 938//789 923//789 922//789
f 912//790 900//790 899//790
f 937//791 923//791 938//791
f 937//792 924//792 923//792
f 912//793 901//793 900//793
f 911//794 901//794 912//794
f 936//795 924//795 937//795
f 936//796 925//796 924//796
f 911//797 902//797 901//797
f 935//798 925//798 936//798
f 935//799 926//799 925//799
f 911//800 903//800 902//800
f 910//801 903//801 911//801
f 934//802 926//802 935//802
f 934//803 927//803 926//803
f 910//804 904//804 903//804
f 909//805 904//805 910//805
f 933//806 927//806 934//806
f 933//807 928//807 927//807
f 909//808 905//808 904//808
f 932//809 928//809 933//809
f 932//810 929//810 928//810
f 909//811 906//811 905//811
f 908//812 906//812 909//812
f 931//813 929//813 932//813
f 931//814 930//814 929//814
f 908//815 907//815 906//815
f 1044//816 1046//816 1045//816
f 1044//817 1047//817 1046//817
f 1043//818 1047//818 1044//818
f 1043//819 1048//819 1047//819
f 1042//820 1048//820 1043//820
f 1042//821 1049//821 1048//821
f 1041//822 1049//822 1042//822
f 1041//823 1050//823 1049//823
f 1040//824 1050//824 1041//824
f 1040//825 1051//825 1050//825
f 1040//826 1052//826 1051//826
f 1039//827 1052//827 1040//827
f 1039//828 1053//828 1052//828
f 1038//829 1053//829 1039//829
f 1038//830 1054//830 1053//830
f 1037//831 1054//831 1038//831
f 1036//832 975//832 1037//832
f 975//833 974//833 1037//833
f 974//834 973//834 1037//834
f 973//835 1054//835 1037//835
f 973//836 972//836 1054//836
f 972//837 963//837 1054//837
f 972//838 964//838 963//838
f 972//839 965//839 964//839
f 972//840 966//840 965//840
f 972//841 967//841 966//841
f 972//842 968//842 967//842
f 972//843 969//843 968//843
f 972//844 970//844 969//844
f 972//845 971//845 970//845
f 1036//846 976//846 975//846
f 1036//847 977//847 976//847
f 1036//848 978//848 977//848
f 1036//849 979//849 978//849
f 1036//850 980//850 979//850
f 1036//851 981//851 980//851
f 1036//852 1003//852 981//852
f 1003//853 1002//853 981//853
f 1002//854 1001//854 981//854
f 1001//855 982//855 981//855
f 1001//856 983//856 982//856
f 1001//857 984//857 983//857
f 1001//858 985//858 984//858
f 1001//859 986//859 985//859
f 1001//860 987//860 986//860
f 1001//861 988//861 987//861
f 1001//862 989//862 988//862
f 1001//863 990//863 989//863
f 1001//864 1000//864 990//864
f 1000//865 991//865 990//865
f 1000//866 992//866 991//866
f 1000//867 993//867 992//867
f 1000//868 994//868 993//868
f 1000//869 995//869 994//869
f 1000//870 996//870 995//870
f 1000//871 997//871 996//871
f 1000//872 998//872 997//872
f 1000//873 999//873 998//873
f 1036//874 1004//874 1003//874
f 1036//875 1005//875 1004//875
f 1036//876 1006//876 1005//876
f 1036//877 1007//877 1006//877
f 1036//878 1008//878 1007//878
f 1036//879 1009//879 1008//879
f 1036//880 1010//880 1009//880
f 1036//881 1011//881 1010//881
f 1036//882 1012//882 1011//882
f 1036//883 1013//883 1012//883
f 1036//884 1014//884 1013//884
f 1036//885 1015//885 1014//885
f 1036//886 1016//886 1015//886
f 1036//887 1017//887 1016//887
f 1036//888 1018//888 1017//888
f 1036//889 1019//889 1018//889
f 1035//890 1019//890 1036//890
f 1035//891 1020//891 1019//891
f 1034//892 1020//892 1035//892
f 1034//893 1021//893 1020//893
f 1033//894 1021//894 1034//894
f 1033//895 1022//895 1021//895
f 1032//896 1022//896 1033//896
f 1032//897 1023//897 1022//897
f 1031//898 1023//898 1032//898
f 1031//899 1024//899 1023//899
f 1030//900 1024//900 1031//900
f 1030//901 1025//901 1024//901
f 1029//902 1025//902 1030//902
f 1029//903 1026//903 1025//903
f 1028//904 1026//904 1029//904
f 1028//905 1027//905 1026//905
f 1079//906 1081//906 1080//906
f 1079//907 1082//907 1081//907
f 1078//908 1082//908 1079//908
f 1078//909 1083//909 1082//909
f 1077//910 1083//910 1078//910
f 1077//911 1084//911 1083//911
f 1076//912 1084//912 1077//912
f 1076//913 1085//913 1084//913
f 1075//914 1085//914 1076//914
f 1075//915 1086//915 1085//915
f 1074//916 1086//916 1075//916
f 1074//917 1087//917 1086//917
f 1073//918 1087//918 1074//918
f 1073//919 1088//919 1087//919
f 1072//920 1119//920 1073//920
f 1119//921 1088//921 1073//921
f 1072//922 1120//922 1119//922
f 1118//923 1088//923 1119//923
f 1117//924 1088//924 1118//924
f 1072//925 1121//925 1120//925
f 1117//926 1089//926 1088//926
f 1116//927 1089//927 1117//927
f 1072//928 1122//928 1121//928
f 1071//929 1122//929 1072//929
f 1115//930 1089//930 1116//930
f 1071//931 1123//931 1122//931
f 1115//932 1090//932 1089//932
f 1114//933 1090//933 1115//933
f 1071//934 1124//934 1123//934
f 1070//935 1124//935 1071//935
f 1113//936 1090//936 1114//936
f 1070//937 1125//937 1124//937
f 1113//938 1091//938 1090//938
f 1069//939 1125//939 1070//939
f 1112//940 1091//940 1113//940
f 1069//941 1126//941 1125//941
f 1112//942 1092//942 1091//942
f 1111//943 1092//943 1112//943
f 1068//944 1126//944 1069//944
f 1068//945 1127//945 1126//945
f 1111//946 1093//946 1092//946
f 1110//947 1093//947 1111//947
f 1109//948 1093//948 1110//948
f 1109//949 1094//949 1093//949
f 1108//950 1094//950 1109//950
f 1108//951 1095//951 1094//951
f 1068//952 1128//952 1127//952
f 1107//953 1095//953 1108//953
f 1107//954 1096//954 1095//954
f 1106//955 1096//955 1107//955
f 1106//956 1097//956 1096//956
f 1067//957 1128//957 1068//957
f 1105//958 1097//958 1106//958
f 1105//959 1098//959 1097//959
f 1104//960 1098//960 1105//960
f 1104//961 1099//961 1098//961
f 1103//962 1099//962 1104//962
f 1103//963 1100//963 1099//963
f 1102//964 1100//964 1103//964
f 1102//965 1101//965 1100//965
f 1166//966 1168//966 1167//966
f 1166//967 1169//967 1168//967
f 1165//968 1169//968 1166//968
f 1165//969 1170//969 1169//969
f 1164//970 1170//970 1165//970
f 1164//971 1171//971 1170//971
f 1163//972 1171//972 1164//972
f 1163//973 1172//973 1171//973
f 1162//974 1172//974 1163//974
f 1162//975 1173//975 1172//975
f 1161//976 1173//976 1162//976
f 1161//977 1174//977 1173//977
f 1160//978 1174//978 1161//978
f 1160//979 1175//979 1174//979
f 1159//980 1175//980 1160//980
f 1159//981 1176//981 1175//981
f 1158//982 1176//982 1159//982
f 1158//983 1149//983 1176//983
f 1149//984 1148//984 1176//984
f 1148//985 1177//985 1176//985
f 1157//986 1149//986 1158//986
f 1156//987 1149//987 1157//987
f 1155//988 1149//988 1156//988
f 1154//989 1149//989 1155//989
f 1153//990 1149//990 1154//990
f 1152//991 1149//991 1153//991
f 1151//992 1149//992 1152//992
f 1150//993 1149//993 1151//993
f 1147//994 1177//994 1148//994
f 1146//995 1177//995 1147//995
f 1145//996 1177//996 1146//996
f 1144//997 1177//997 1145//997
f 1144//998 1178//998 1177//998
f 1066//999 1128//999 1067//999
f 1066//1000 1129//1000 1128//1000
f 1143//1001 1178//1001 1144//1001
f 1066//1002 1130//1002 1129//1002
f 1065//1003 1130//1003 1066//1003
f 1142//1004 1178//1004 1143//1004
f 1142//1005 1179//1005 1178//1005
f 1065//1006 1131//1006 1130//1006
f 1064//1007 1131//1007 1065//1007
f 1141//1008 1179//1008 1142//1008
f 1064//1009 1132//1009 1131//1009
f 1140//1010 1179//1010 1141//1010
f 1063//1011 1132//1011 1064//1011
f 1140//1012 1180//1012 1179//1012
f 1063//1013 1133//1013 1132//1013
f 1139//1014 1180//1014 1140//1014
f 1063//1015 1134//1015 1133//1015
f 1138//1016 1180//1016 1139//1016
f 1062//1017 1134//1017 1063//1017
f 1062//1018 1135//1018 1134//1018
f 1137//1019 1180//1019 1138//1019
f 1062//1020 1136//1020 1135//1020
f 1136//1021 1180//1021 1137//1021
f 1062//1022 1180//1022 1136//1022
f 1062//1023 1181//1023 1180//1023
f 1061//1024 1181//1024 1062//1024
f 1060//1025 1181//1025 1061//1025
f 1060//1026 1182//1026 1181//1026
f 1059//1027 1182//1027 1060//1027
f 1059//1028 1183//1028 1182//1028
f 1058//1029 1183//1029 1059//1029
f 1057//1030 1183//1030 1058//1030
f 1057//1031 1184//1031 1183//1031
f 1056//1032 1184//1032 1057//1032
f 1056//1033 1055//1033 1184//1033
f 1201//1034 1202//1034 1203//1034
f 1201//1035 1203//1035 1204//1035
f 1200//1036 1201//1036 1204//1036
f 1200//1037 1204//1037 1205//1037
f 1199//1038 1200//1038 1205//1038
f 1199//1039 1205//1039 1206//1039
f 1198//1040 1199//1040 1206//1040
f 1198//1041 1206//1041 1207//1041
f 1197//1042 1198//1042 1207//1042
f 1197//1043 1207//1043 1208//1043
f 1197//1044 1208//1044 1209//1044
f 1196//1045 1197//1045 1209//1045
f 1196//1046 1209//1046 1210//1046
f 1195//1047 1196//1047 1210//1047
f 1195//1048 1210//1048 1211//1048
f 1194//1049 1195//1049 1211//1049
f 1193//1050 1194//1050 1211//1050
f 1193//1051 1211//1051 1212//1051
f 1193//1052 1212//1052 1213//1052
f 1193//1053 1213//1053 1214//1053
f 1193//1054 1214//1054 1215//1054
f 1193//1055 1215//1055 1216//1055
f 1193//1056 1216//1056 1217//1056
f 1193//1057 1217//1057 1218//1057
f 1193//1058 1218//1058 1219//1058
f 1193//1059 1219//1059 1220//1059
f 1193//1060 1220//1060 1221//1060
f 1193//1061 1221//1061 1222//1061
f 1193//1062 1222//1062 1223//1062
f 1193//1063 1223//1063 1224//1063
f 1193//1064 1224//1064 1225//1064
f 1193//1065 1225//1065 1226//1065
f 1192//1066 1193//1066 1226//1066
f 1192//1067 1226//1067 1227//1067
f 1191//1068 1192//1068 1227//1068
f 1191//1069 1227//1069 1228//1069
f 1190//1070 1191//1070 1228//1070
f 1190//1071 1228//1071 1229//1071
f 1189//1072 1190//1072 1229//1072
f 1189//1073 1229//1073 1230//1073
f 1188//1074 1189//1074 1230//1074
f 1188//1075 1230//1075 1231//1075
f 1187//1076 1188//1076 1231//1076
f 1187//1077 1231//1077 1232//1077
f 1186//1078 1187//1078 1232//1078
f 1186//1079 1232//1079 1233//1079
f 1185//1080 1186//1080 1233//1080
f 1185//1081 1233//1081 1234//1081
f 1267//1082 1268//1082 1269//1082
f 1267//1083 1269//1083 1270//1083
f 1266//1084 1267//1084 1270//1084
f 1266//1085 1270//1085 1271//1085
f 1265//1086 1266//1086 1271//1086
f 1265//1087 1271//1087 1272//1087
f 1264//1088 1265//1088 1272//1088
f 1264//1089 1272//1089 1273//1089
f 1263//1090 1264//1090 1300//1090
f 1300//1091 1264//1091 1299//1091
f 1299//1092 1264//1092 1273//1092
f 1299//1093 1273//1093 1298//1093
f 1298//1094 1273//1094 1297//1094
f 1297//1095 1273//1095 1296//1095
f 1296//1096 1273//1096 1295//1096
f 1295//1097 1273//1097 1294//1097
f 1294//1098 1273//1098 1274//1098
f 1263//1099 1300//1099 1301//1099
f 1293//1100 1294//1100 1274//1100
f 1263//1101 1301//1101 1283//1101
f 1292//1102 1293//1102 1274//1102
f 1263//1103 1283//1103 1284//1103
f 1291//1104 1292//1104 1274//1104
f 1263//1105 1284//1105 1285//1105
f 1290//1106 1291//1106 1274//1106
f 1263//1107 1285//1107 1286//1107
f 1289//1108 1290//1108 1274//1108
f 1263//1109 1286//1109 1287//1109
f 1288//1110 1289//1110 1274//1110
f 1263//1111 1287//1111 1247//1111
f 1247//1112 1287//1112 1246//1112
f 1246//1113 1287//1113 1288//1113
f 1246//1114 1288//1114 1245//1114
f 1245//1115 1288//1115 1244//1115
f 1244//1116 1288//1116 1243//1116
f 1243//1117 1288//1117 1242//1117
f 1242//1118 1288//1118 1274//1118
f 1263//1119 1247//1119 1248//1119
f 1241//1120 1242//1120 1274//1120
f 1263//1121 1248//1121 1249//1121
f 1240//1122 1241//1122 1274//1122
f 1263//1123 1249//1123 1250//1123
f 1239//1124 1240//1124 1274//1124
f 1262//1125 1263//1125 1250//1125
f 1239//1126 1274//1126 1275//1126
f 1239//1127 1275//1127 1276//1127
f 1239//1128 1276//1128 1277//1128
f 1261//1129 1262//1129 1250//1129
f 1239//1130 1277//1130 1278//1130
f 1261//1131 1250//1131 1251//1131
f 1238//1132 1239//1132 1278//1132
f 1238//1133 1278//1133 1279//1133
f 1260//1134 1261//1134 1251//1134
f 1260//1135 1251//1135 1252//1135
f 1237//1136 1238//1136 1279//1136
f 1259//1137 1260//1137 1252//1137
f 1237//1138 1279//1138 1280//1138
f 1258//1139 1259//1139 1252//1139
f 1258//1140 1252//1140 1253//1140
f 1236//1141 1237//1141 1280//1141
f 1236//1142 1280//1142 1281//1142
f 1257//1143 1258//1143 1253//1143
f 1256//1144 1257//1144 1253//1144
f 1256//1145 1253//1145 1254//1145
f 1235//1146 1236//1146 1281//1146
f 1235//1147 1281//1147 1282//1147
f 1255//1148 1256//1148 1254//1148
f 1342//1149 1343//1149 1344//1149
f 1342//1150 1344//1150 1345//1150
f 1341//1151 1342//1151 1345//1151
f 1340//1152 1341//1152 1345//1152
f 1340//1153 1345//1153 1346//1153
f 1339//1154 1340//1154 1346//1154
f 1338//1155 1339//1155 1346//1155
f 1337//1156 1338//1156 1346//1156
f 1337//1157 1346//1157 1347//1157
f 1336//1158 1337//1158 1347//1158
f 1335//1159 1336//1159 1347//1159
f 1334//1160 1335//1160 1385//1160
f 1385//1161 1335//1161 1384//1161
f 1384//1162 1335//1162 1383//1162
f 1383//1163 1335//1163 1347//1163
f 1383//1164 1347//1164 1348//1164
f 1383//1165 1348//1165 1349//1165
f 1383//1166 1349//1166 1382//1166
f 1382//1167 1349//1167 1350//1167
f 1382//1168 1350//1168 1351//1168
f 1382//1169 1351//1169 1352//1169
f 1382//1170 1352//1170 1408//1170
f 1408//1171 1352//1171 1407//1171
f 1407//1172 1352//1172 1353//1172
f 1406//1173 1407//1173 1353//1173
f 1334//1174 1385//1174 1386//1174
f 1334//1175 1386//1175 1387//1175
f 1405//1176 1406//1176 1353//1176
f 1404//1177 1405//1177 1353//1177
f 1404//1178 1353//1178 1354//1178
f 1403//1179 1404//1179 1354//1179
f 1402//1180 1403//1180 1354//1180
f 1402//1181 1354//1181 1355//1181
f 1401//1182 1402//1182 1355//1182
f 1401//1183 1355//1183 1356//1183
f 1400//1184 1401//1184 1356//1184
f 1400//1185 1356//1185 1357//1185
f 1399//1186 1400//1186 1357//1186
f 1398//1187 1399//1187 1357//1187
f 1398//1188 1357//1188 1358//1188
f 1397//1189 1398//1189 1358//1189
f 1396//1190 1397//1190 1358//1190
f 1396//1191 1358//1191 1359//1191
f 1395//1192 1396//1192 1359//1192
f 1394//1193 1395//1193 1359//1193
f 1394//1194 1359//1194 1360//1194
f 1393//1195 1394//1195 1360//1195
f 1334//1196 1387//1196 1388//1196
f 1334//1197 1388//1197 1389//1197
f 1392//1198 1393//1198 1360//1198
f 1334//1199 1389//1199 1390//1199
f 1334//1200 1390//1200 1391//1200
f 1334//1201 1391//1201 1315//1201
f 1315//1202 1391//1202 1314//1202
f 1314//1203 1391//1203 1313//1203
f 1313//1204 1391//1204 1392//1204
f 1313//1205 1392//1205 1360//1205
f 1313//1206 1360//1206 1361//1206
f 1313//1207 1361//1207 1312//1207
f 1312//1208 1361//1208 1362//1208
f 1312//1209 1362//1209 1363//1209
f 1312//1210 1363//1210 1364//1210
f 1312//1211 1364//1211 1365//1211
f 1312//1212 1365//1212 1366//1212
f 1312//1213 1366//1213 1367//1213
f 1312//1214 1367//1214 1368//1214
f 1312//1215 1368//1215 1369//1215
f 1312//1216 1369//1216 1370//1216
f 1312//1217 1370//1217 1371//1217
f 1312//1218 1371//1218 1372//1218
f 1312//1219 1372//1219 1311//1219
f 1311//1220 1372//1220 1310//1220
f 1310//1221 1372//1221 1309//1221
f 1309//1222 1372//1222 1308//1222
f 1308//1223 1372//1223 1373//1223
f 1307//1224 1308//1224 1373//1224
f 1334//1225 1315//1225 1316//1225
f 1306//1226 1307//1226 1373//1226
f 1334//1227 1316//1227 1317//1227
f 1306//1228 1373//1228 1374//1228
f 1306//1229 1374//1229 1375//1229
f 1333//1230 1334//1230 1317//1230
f 1333//1231 1317//1231 1318//1231
f 1306//1232 1375//1232 1376//1232
f 1332//1233 1333//1233 1318//1233
f 1332//1234 1318//1234 1319//1234
f 1306//1235 1376//1235 1377//1235
f 1305//1236 1306//1236 1377//1236
f 1305//1237 1377//1237 1378//1237
f 1331//1238 1332//1238 1319//1238
f 1331//1239 1319//1239 1320//1239
f 1330//1240 1331//1240 1320//1240
f 1330//1241 1320//1241 1321//1241
f 1304//1242 1305//1242 1378//1242
f 1304//1243 1378//1243 1379//1243
f 1329//1244 1330//1244 1321//1244
f 1329//1245 1321//1245 1322//1245
f 1303//1246 1304//1246 1379//1246
f 1303//1247 1379//1247 1380//1247
f 1328//1248 1329//1248 1322//1248
f 1328//1249 1322//1249 1323//1249
f 1327//1250 1328//1250 1323//1250
f 1327//1251 1323//1251 1324//1251
f 1302//1252 1303//1252 1380//1252
f 1302//1253 1380//1253 1381//1253
f 1326//1254 1327//1254 1324//1254
f 1326//1255 1324//1255 1325//1255
f 1490//1256 1491//1256 1492//1256
f 1490//1257 1492//1257 1493//1257
f 1489//1258 1490//1258 1493//1258
f 1489//1259 1493//1259 1494//1259
f 1488//1260 1489//1260 1494//1260
f 1488//1261 1494//1261 1495//1261
f 1487//1262 1488//1262 1495//1262
f 1487//1263 1495//1263 1496//1263
f 1486//1264 1487//1264 1496//1264
f 1486//1265 1496//1265 1497//1265
f 1486//1266 1497//1266 1498//1266
f 1485//1267 1486//1267 1498//1267
f 1485//1268 1498//1268 1499//1268
f 1484//1269 1485//1269 1499//1269
f 1484//1270 1499//1270 1500//1270
f 1483//1271 1484//1271 1500//1271
f 1482//1272 1483//1272 1421//1272
f 1421//1273 1483//1273 1420//1273
f 1420//1274 1483//1274 1419//1274
f 1419//1275 1483//1275 1500//1275
f 1419//1276 1500//1276 1418//1276
f 1418//1277 1500//1277 1409//1277
f 1418//1278 1409//1278 1410//1278
f 1418//1279 1410//1279 1411//1279
f 1418//1280 1411//1280 1412//1280
f 1418//1281 1412//1281 1413//1281
f 1418//1282 1413//1282 1414//1282
f 1418//1283 1414//1283 1415//1283
f 1418//1284 1415//1284 1416//1284
f 1418//1285 1416//1285 1417//1285
f 1482//1286 1421//1286 1422//1286
f 1482//1287 1422//1287 1423//1287
f 1482//1288 1423//1288 1424//1288
f 1482//1289 1424//1289 1425//1289
f 1482//1290 1425//1290 1426//1290
f 1482//1291 1426//1291 1427//1291
f 1482//1292 1427//1292 1449//1292
f 1449//1293 1427//1293 1448//1293
f 1448//1294 1427//1294 1447//1294
f 1447//1295 1427//1295 1428//1295
f 1447//1296 1428//1296 1429//1296
f 1447//1297 1429//1297 1430//1297
f 1447//1298 1430//1298 1431//1298
f 1447//1299 1431//1299 1432//1299
f 1447//1300 1432//1300 1433//1300
f 1447//1301 1433//1301 1434//1301
f 1447//1302 1434//1302 1435//1302
f 1447//1303 1435//1303 1436//1303
f 1447//1304 1436//1304 1446//1304
f 1446//1305 1436//1305 1437//1305
f 1446//1306 1437//1306 1438//1306
f 1446//1307 1438//1307 1439//1307
f 1446//1308 1439//1308 1440//1308
f 1446//1309 1440//1309 1441//1309
f 1446//1310 1441//1310 1442//1310
f 1446//1311 1442//1311 1443//1311
f 1446//1312 1443//1312 1444//1312
f 1446//1313 1444//1313 1445//1313
f 1482//1314 1449//1314 1450//1314
f 1482//1315 1450//1315 1451//1315
f 1482//1316 1451//1316 1452//1316
f 1482//1317 1452//1317 1453//1317
f 1482//1318 1453//1318 1454//1318
f 1482//1319 1454//1319 1455//1319
f 1482//1320 1455//1320 1456//1320
f 1482//1321 1456//1321 1457//1321
f 1482//1322 1457//1322 1458//1322
f 1482//1323 1458//1323 1459//1323
f 1482//1324 1459//1324 1460//1324
f 1482//1325 1460//1325 1461//1325
f 1482//1326 1461//1326 1462//1326
f 1482//1327 1462//1327 1463//1327
f 1482//1328 1463//1328 1464//1328
f 1482//1329 1464//1329 1465//1329
f 1481//1330 1482//1330 1465//1330
f 1481//1331 1465//1331 1466//1331
f 1480//1332 1481//1332 1466//1332
f 1480//1333 1466//1333 1467//1333
f 1479//1334 1480//1334 1467//1334
f 1479//1335 1467//1335 1468//1335
f 1478//1336 1479//1336 1468//1336
f 1478//1337 1468//1337 1469//1337
f 1477//1338 1478//1338 1469//1338
f 1477//1339 1469//1339 1470//1339
f 1476//1340 1477//1340 1470//1340
f 1476//1341 1470//1341 1471//1341
f 1475//1342 1476//1342 1471//1342
f 1475//1343 1471//1343 1472//1343
f 1474//1344 1475//1344 1472//1344
f 1474//1345 1472//1345 1473//1345
f 1567//1346 1568//1346 1569//1346
f 1567//1347 1569//1347 1570//1347
f 1508//1348 1509//1348 1510//1348
f 1508//1349 1510//1349 1511//1349
f 1566//1350 1567//1350 1570//1350
f 1507//1351 1508//1351 1511//1351
f 1507//1352 1511//1352 1512//1352
f 1566//1353 1570//1353 1571//1353
f 1565//1354 1566//1354 1571//1354
f 1506//1355 1507//1355 1512//1355
f 1506//1356 1512//1356 1513//1356
f 1564//1357 1565//1357 1571//1357
f 1505//1358 1506//1358 1513//1358
f 1505//1359 1513//1359 1514//1359
f 1564//1360 1571//1360 1572//1360
f 1563//1361 1564//1361 1572//1361
f 1504//1362 1505//1362 1514//1362
f 1504//1363 1514//1363 1515//1363
f 1563//1364 1572//1364 1573//1364
f 1504//1365 1515//1365 1516//1365
f 1562//1366 1563//1366 1573//1366
f 1503//1367 1504//1367 1516//1367
f 1503//1368 1516//1368 1517//1368
f 1561//1369 1562//1369 1573//1369
f 1502//1370 1503//1370 1517//1370
f 1561//1371 1573//1371 1574//1371
f 1502//1372 1517//1372 1518//1372
f 1560//1373 1561//1373 1574//1373
f 1501//1374 1502//1374 1518//1374
f 1559//1375 1560//1375 1540//1375
f 1540//1376 1560//1376 1539//1376
f 1539//1377 1560//1377 1538//1377
f 1538//1378 1560//1378 1537//1378
f 1537//1379 1560//1379 1536//1379
f 1536//1380 1560//1380 1535//1380
f 1535//1381 1560//1381 1534//1381
f 1534//1382 1560//1382 1574//1382
f 1582//1383 1501//1383 1518//1383
f 1582//1384 1518//1384 1519//1384
f 1533//1385 1534//1385 1574//1385
f 1532//1386 1533//1386 1574//1386
f 1559//1387 1540//1387 1541//1387
f 1559//1388 1541//1388 1542//1388
f 1581//1389 1582//1389 1519//1389
f 1580//1390 1581//1390 1519//1390
f 1532//1391 1574//1391 1575//1391
f 1579//1392 1580//1392 1519//1392
f 1532//1393 1575//1393 1576//1393
f 1578//1394 1579//1394 1519//1394
f 1532//1395 1576//1395 1577//1395
f 1577//1396 1578//1396 1519//1396
f 1532//1397 1577//1397 1519//1397
f 1558//1398 1559//1398 1542//1398
f 1558//1399 1542//1399 1543//1399
f 1532//1400 1519//1400 1520//1400
f 1557//1401 1558//1401 1543//1401
f 1557//1402 1543//1402 1544//1402
f 1532//1403 1520//1403 1521//1403
f 1531//1404 1532//1404 1521//1404
f 1556//1405 1557//1405 1544//1405
f 1556//1406 1544//1406 1545//1406
f 1531//1407 1521//1407 1522//1407
f 1555//1408 1556//1408 1545//1408
f 1555//1409 1545//1409 1546//1409
f 1531//1410 1522//1410 1523//1410
f 1530//1411 1531//1411 1523//1411
f 1554//1412 1555//1412 1546//1412
f 1554//1413 1546//1413 1547//1413
f 1530//1414 1523//1414 1524//1414
f 1529//1415 1530//1415 1524//1415
f 1553//1416 1554//1416 1547//1416
f 1553//1417 1547//1417 1548//1417
f 1529//1418 1524//1418 1525//1418
f 1552//1419 1553//1419 1548//1419
f 1552//1420 1548//1420 1549//1420
f 1529//1421 1525//1421 1526//1421
f 1528//1422 1529//1422 1526//1422
f 1551//1423 1552//1423 1549//1423
f 1551//1424 1549//1424 1550//1424
f 1528//1425 1526//1425 1527//1425
f 1664//1426 1665//1426 1666//1426
f 1664//1427 1666//1427 1667//1427
f 1663//1428 1664//1428 1667//1428
f 1663//1429 1667//1429 1668//1429
f 1662//1430 1663//1430 1668//1430
f 1662//1431 1668//1431 1669//1431
f 1661//1432 1662//1432 1669//1432
f 1661//1433 1669//1433 1670//1433
f 1660//1434 1661//1434 1670//1434
f 1660//1435 1670//1435 1671//1435
f 1660//1436 1671//1436 1672//1436
f 1659//1437 1660//1437 1672//1437
f 1659//1438 1672//1438 1673//1438
f 1658//1439 1659//1439 1673//1439
f 1658//1440 1673//1440 1674//1440
f 1657//1441 1658//1441 1674//1441
f 1656//1442 1657//1442 1595//1442
f 1595//1443 1657//1443 1594//1443
f 1594//1444 1657//1444 1593//1444
f 1593//1445 1657//1445 1674//1445
f 1593//1446 1674//1446 1592//1446
f 1592//1447 1674//1447 1583//1447
f 1592//1448 1583//1448 1584//1448
f 1592//1449 1584//1449 1585//1449
f 1592//1450 1585//1450 1586//1450
f 1592//1451 1586//1451 1587//1451
f 1592//1452 1587//1452 1588//1452
f 1592//1453 1588//1453 1589//1453
f 1592//1454 1589//1454 1590//1454
f 1592//1455 1590//1455 1591//1455
f 1656//1456 1595//1456 1596//1456
f 1656//1457 1596//1457 1597//1457
f 1656//1458 1597//1458 1598//1458
f 1656//1459 1598//1459 1599//1459
f 1656//1460 1599//1460 1600//1460
f 1656//1461 1600//1461 1601//1461
f 1656//1462 1601//1462 1623//1462
f 1623//1463 1601//1463 1622//1463
f 1622//1464 1601//1464 1621//1464
f 1621//1465 1601//1465 1602//1465
f 1621//1466 1602//1466 1603//1466
f 1621//1467 1603//1467 1604//1467
f 1621//1468 1604//1468 1605//1468
f 1621//1469 1605//1469 1606//1469
f 1621//1470 1606//1470 1607//1470
f 1621//1471 1607//1471 1608//1471
f 1621//1472 1608//1472 1609//1472
f 1621//1473 1609//1473 1610//1473
f 1621//1474 1610//1474 1620//1474
f 1620//1475 1610//1475 1611//1475
f 1620//1476 1611//1476 1612//1476
f 1620//1477 1612//1477 1613//1477
f 1620//1478 1613//1478 1614//1478
f 1620//1479 1614//1479 1615//1479
f 1620//1480 1615//1480 1616//1480
f 1620//1481 1616//1481 1617//1481
f 1620//1482 1617//1482 1618//1482
f 1620//1483 1618//1483 1619//1483
f 1656//1484 1623//1484 1624//1484
f 1656//1485 1624//1485 1625//1485
f 1656//1486 1625//1486 1626//1486
f 1656//1487 1626//1487 1627//1487
f 1656//1488 1627//1488 1628//1488
f 1656//1489 1628//1489 1629//1489
f 1656//1490 1629//1490 1630//1490
f 1656//1491 1630//1491 1631//1491
f 1656//1492 1631//1492 1632//1492
f 1656//1493 1632//1493 1633//1493
f 1656//1494 1633//1494 1634//1494
f 1656//1495 1634//1495 1635//1495
f 1656//1496 1635//1496 1636//1496
f 1656//1497 1636//1497 1637//1497
f 1656//1498 1637//1498 1638//1498
f 1656//1499 1638//1499 1639//1499
f 1655//1500 1656//1500 1639//1500
f 1655//1501 1639//1501 1640//1501
f 1654//1502 1655//1502 1640//1502
f 1654//1503 1640//1503 1641//1503
f 1653//1504 1654//1504 1641//1504
f 1653//1505 1641//1505 1642//1505
f 1652//1506 1653//1506 1642//1506
f 1652//1507 1642//1507 1643//1507
f 1651//1508 1652//1508 1643//1508
f 1651//1509 1643//1509 1644//1509
f 1650//1510 1651//1510 1644//1510
f 1650//1511 1644//1511 1645//1511
f 1649//1512 1650//1512 1645//1512
f 1649//1513 1645//1513 1646//1513
f 1648//1514 1649//1514 1646//1514
f 1648//1515 1646//1515 1647//1515
f 1699//1516 1700//1516 1701//1516
f 1699//1517 1701//1517 1702//1517
f 1698//1518 1699//1518 1702//1518
f 1698//1519 1702//1519 1703//1519
f 1697//1520 1698//1520 1703//1520
f 1697//1521 1703//1521 1704//1521
f 1696//1522 1697//1522 1704//1522
f 1696//1523 1704//1523 1705//1523
f 1695//1524 1696//1524 1705//1524
f 1695//1525 1705//1525 1706//1525
f 1694//1526 1695//1526 1706//1526
f 1694//1527 1706//1527 1707//1527
f 1693//1528 1694//1528 1707//1528
f 1693//1529 1707//1529 1708//1529
f 1692//1530 1693//1530 1739//1530
f 1739//1531 1693//1531 1708//1531
f 1692//1532 1739//1532 1740//1532
f 1738//1533 1739//1533 1708//1533
f 1737//1534 1738//1534 1708//1534
f 1692//1535 1740//1535 1741//1535
f 1737//1536 1708//1536 1709//1536
f 1736//1537 1737//1537 1709//1537
f 1692//1538 1741//1538 1742//1538
f 1691//1539 1692//1539 1742//1539
f 1735//1540 1736//1540 1709//1540
f 1691//1541 1742//1541 1743//1541
f 1735//1542 1709//1542 1710//1542
f 1734//1543 1735//1543 1710//1543
f 1691//1544 1743//1544 1744//1544
f 1690//1545 1691//1545 1744//1545
f 1733//1546 1734//1546 1710//1546
f 1690//1547 1744//1547 1745//1547
f 1733//1548 1710//1548 1711//1548
f 1689//1549 1690//1549 1745//1549
f 1732//1550 1733//1550 1711//1550
f 1689//1551 1745//1551 1746//1551
f 1732//1552 1711//1552 1712//1552
f 1731//1553 1732//1553 1712//1553
f 1688//1554 1689//1554 1746//1554
f 1688//1555 1746//1555 1747//1555
f 1731//1556 1712//1556 1713//1556
f 1730//1557 1731//1557 1713//1557
f 1729//1558 1730//1558 1713//1558
f 1729//1559 1713//1559 1714//1559
f 1728//1560 1729//1560 1714//1560
f 1728//1561 1714//1561 1715//1561
f 1688//1562 1747//1562 1748//1562
f 1727//1563 1728//1563 1715//1563
f 1727//1564 1715//1564 1716//1564
f 1726//1565 1727//1565 1716//1565
f 1726//1566 1716//1566 1717//1566
f 1687//1567 1688//1567 1748//1567
f 1725//1568 1726//1568 1717//1568
f 1725//1569 1717//1569 1718//1569
f 1724//1570 1725//1570 1718//1570
f 1724//1571 1718//1571 1719//1571
f 1723//1572 1724//1572 1719//1572
f 1723//1573 1719//1573 1720//1573
f 1722//1574 1723//1574 1720//1574
f 1722//1575 1720//1575 1721//1575
f 1786//1576 1787//1576 1788//1576
f 1786//1577 1788//1577 1789//1577
f 1785//1578 1786//1578 1789//1578
f 1785//1579 1789//1579 1790//1579
f 1784//1580 1785//1580 1790//1580
f 1784//1581 1790//1581 1791//1581
f 1783//1582 1784//1582 1791//1582
f 1783//1583 1791//1583 1792//1583
f 1782//1584 1783//1584 1792//1584
f 1782//1585 1792//1585 1793//1585
f 1781//1586 1782//1586 1793//1586
f 1781//1587 1793//1587 1794//1587
f 1780//1588 1781//1588 1794//1588
f 1780//1589 1794//1589 1795//1589
f 1779//1590 1780//1590 1795//1590
f 1779//1591 1795//1591 1796//1591
f 1778//1592 1779//1592 1796//1592
f 1778//1593 1796//1593 1769//1593
f 1769//1594 1796//1594 1768//1594
f 1768//1595 1796//1595 1797//1595
f 1777//1596 1778//1596 1769//1596
f 1776//1597 1777//1597 1769//1597
f 1775//1598 1776//1598 1769//1598
f 1774//1599 1775//1599 1769//1599
f 1773//1600 1774//1600 1769//1600
f 1772//1601 1773//1601 1769//1601
f 1771//1602 1772//1602 1769//1602
f 1770//1603 1771//1603 1769//1603
f 1767//1604 1768//1604 1797//1604
f 1766//1605 1767//1605 1797//1605
f 1765//1606 1766//1606 1797//1606
f 1764//1607 1765//1607 1797//1607
f 1764//1608 1797//1608 1798//1608
f 1686//1609 1687//1609 1748//1609
f 1686//1610 1748//1610 1749//1610
f 1763//1611 1764//1611 1798//1611
f 1686//1612 1749//1612 1750//1612
f 1685//1613 1686//1613 1750//1613
f 1762//1614 1763//1614 1798//1614
f 1762//1615 1798//1615 1799//1615
f 1685//1616 1750//1616 1751//1616
f 1684//1617 1685//1617 1751//1617
f 1761//1618 1762//1618 1799//1618
f 1684//1619 1751//1619 1752//1619
f 1760//1620 1761//1620 1799//1620
f 1683//1621 1684//1621 1752//1621
f 1760//1622 1799//1622 1800//1622
f 1683//1623 1752//1623 1753//1623
f 1759//1624 1760//1624 1800//1624
f 1683//1625 1753//1625 1754//1625
f 1758//1626 1759//1626 1800//1626
f 1682//1627 1683//1627 1754//1627
f 1682//1628 1754//1628 1755//1628
f 1757//1629 1758//1629 1800//1629
f 1682//1630 1755//1630 1756//1630
f 1756//1631 1757//1631 1800//1631
f 1682//1632 1756//1632 1800//1632
f 1682//1633 1800//1633 1801//1633
f 1681//1634 1682//1634 1801//1634
f 1680//1635 1681//1635 1801//1635
f 1680//1636 1801//1636 1802//1636
f 1679//1637 1680//1637 1802//1637
f 1679//1638 1802//1638 1803//1638
f 1678//1639 1679//1639 1803//1639
f 1677//1640 1678//1640 1803//1640
f 1677//1641 1803//1641 1804//1641
f 1676//1642 1677//1642 1804//1642
f 1676//1643 1804//1643 1675//1643
f 1808//1644 1805//1644 1806//1644
f 1810//1645 1807//1645 1808//1645
f 1812//1646 1809//1646 1810//1646
f 1814//1647 1811//1647 1812//1647
f 1816//1648 1813//1648 1814//1648
f 1818//1649 1815//1649 1816//1649
f 1820//1650 1817//1650 1818//1650
f 1822//1651 1819//1651 1820//1651
f 1824//1652 1821//1652 1822//1652
f 1826//1653 1823//1653 1824//1653
f 1828//1654 1825//1654 1826//1654
f 1830//1655 1827//1655 1828//1655
f 1832//1656 1829//1656 1830//1656
f 1834//1657 1831//1657 1832//1657
f 1836//1658 1833//1658 1834//1658
f 1838//1659 1835//1659 1836//1659
f 1840//1660 1837//1660 1838//1660
f 1842//1661 1839//1661 1840//1661
f 1844//1662 1841//1662 1842//1662
f 1846//1663 1843//1663 1844//1663
f 1848//1664 1845//1664 1846//1664
f 1850//1665 1847//1665 1848//1665
f 1852//1666 1849//1666 1850//1666
f 1854//1667 1851//1667 1852//1667
f 1856//1668 1853//1668 1854//1668
f 1858//1669 1855//1669 1856//1669
f 1860//1670 1857//1670 1858//1670
f 1862//1671 1859//1671 1860//1671
f 1864//1672 1861//1672 1862//1672
f 1866//1673 1863//1673 1864//1673
f 1868//1674 1865//1674 1866//1674
f 1870//1675 1867//1675 1868//1675
f 1872//1676 1869//1676 1870//1676
f 1874//1677 1871//1677 1872//1677
f 1876//1678 1873//1678 1874//1678
f 1878//1679 1875//1679 1876//1679
f 1880//1680 1877//1680 1878//1680
f 1882//1681 1879//1681 1880//1681
f 1884//1682 1881//1682 1882//1682
f 1886//1683 1883//1683 1884//1683
f 1888//1684 1885//1684 1886//1684
f 1890//1685 1887//1685 1888//1685
f 1892//1686 1889//1686 1890//1686
f 1894//1687 1891//1687 1892//1687
f 1896//1688 1893//1688 1894//1688
f 1898//1689 1895//1689 1896//1689
f 1900//1690 1897//1690 1898//1690
f 1902//1691 1899//1691 1900//1691
f 1904//1692 1901//1692 1902//1692
f 1906//1693 1903//1693 1904//1693
f 1908//1694 1905//1694 1906//1694
f 1910//1695 1907//1695 1908//1695
f 1912//1696 1909//1696 1910//1696
f 1914//1697 1911//1697 1912//1697
f 1916//1698 1913//1698 1914//1698
f 1918//1699 1915//1699 1916//1699
f 1920//1700 1917//1700 1918//1700
f 1922//1701 1919//1701 1920//1701
f 1924//1702 1921//1702 1922//1702
f 1926//1703 1923//1703 1924//1703
f 1928//1704 1925//1704 1926//1704
f 1930//1705 1927//1705 1928//1705
f 1932//1706 1929//1706 1930//1706
f 1934//1707 1931//1707 1932//1707
f 1936//1708 1933//1708 1934//1708
f 1938//1709 1935//1709 1936//1709
f 1940//1710 1937//1710 1938//1710
f 1942//1711 1939//1711 1940//1711
f 1944//1712 1941//1712 1942//1712
f 1946//1713 1943//1713 1944//1713
f 1948//1714 1945//1714 1946//1714
f 1950//1715 1947//1715 1948//1715
f 1952//1716 1949//1716 1950//1716
f 1954//1717 1951//1717 1952//1717
f 1956//1718 1953//1718 1954//1718
f 1958//1719 1955//1719 1956//1719
f 1960//1720 1957//1720 1958//1720
f 1962//1721 1959//1721 1960//1721
f 1964//1722 1961//1722 1962//1722
f 1966//1723 1963//1723 1964//1723
f 1968//1724 1965//1724 1966//1724
f 1970//1725 1967//1725 1968//1725
f 1972//1726 1969//1726 1970//1726
f 1974//1727 1971//1727 1972//1727
f 1976//1728 1973//1728 1974//1728
f 1978//1729 1975//1729 1976//1729
f 1980//1730 1977//1730 1978//1730
f 1982//1731 1979//1731 1980//1731
f 1984//1732 1981//1732 1982//1732
f 1986//1733 1983//1733 1984//1733
f 1988//1734 1985//1734 1986//1734
f 1990//1735 1987//1735 1988//1735
f 1992//1736 1989//1736 1990//1736
f 1994//1737 1991//1737 1992//1737
f 1996//1738 1993//1738 1994//1738
f 1998//1739 1995//1739 1996//1739
f 2000//1740 1997//1740 1998//1740
f 2002//1741 1999//1741 2000//1741
f 2004//1742 2001//1742 2002//1742
f 2006//1743 2003//1743 2004//1743
f 2008//1744 2005//1744 2006//1744
f 2010//1745 2007//1745 2008//1745
f 2012//1746 2009//1746 2010//1746
f 2014//1747 2011//1747 2012//1747
f 2016//1748 2013//1748 2014//1748
f 2018//1749 2015//1749 2016//1749
f 2020//1750 2017//1750 2018//1750
f 2022//1751 2019//1751 2020//1751
f 2024//1752 2021//1752 2022//1752
f 2026//1753 2023//1753 2024//1753
f 2028//1754 2025//1754 2026//1754
f 2030//1755 2027//1755 2028//1755
f 2032//1756 2029//1756 2030//1756
f 2034//1757 2031//1757 2032//1757
f 2036//1758 2033//1758 2034//1758
f 2038//1759 2035//1759 2036//1759
f 2040//1760 2037//1760 2038//1760
f 2042//1761 2039//1761 2040//1761
f 2044//1762 2041//1762 2042//1762
f 2046//1763 2043//1763 2044//1763
f 2048//1764 2045//1764 2046//1764
f 2050//1765 2047//1765 2048//1765
f 2052//1766 2049//1766 2050//1766
f 2054//1767 2051//1767 2052//1767
f 2056//1768 2053//1768 2054//1768
f 2058//1769 2055//1769 2056//1769
f 2060//1770 2057//1770 2058//1770
f 2062//1771 2059//1771 2060//1771
f 2064//1772 2061//1772 2062//1772
f 1806//1773 2063//1773 2064//1773
f 2068//1774 2065//1774 2066//1774
f 2070//1775 2067//1775 2068//1775
f 2072//1776 2069//1776 2070//1776
f 2074//1777 2071//1777 2072//1777
f 2076//1778 2073//1778 2074//1778
f 2078//1779 2075//1779 2076//1779
f 2080//1780 2077//1780 2078//1780
f 2082//1781 2079//1781 2080//1781
f 2084//1782 2081//1782 2082//1782
f 2086//1783 2083//1783 2084//1783
f 2088//1784 2085//1784 2086//1784
f 2090//1785 2087//1785 2088//1785
f 2092//1786 2089//1786 2090//1786
f 2094//1787 2091//1787 2092//1787
f 2096//1788 2093//1788 2094//1788
f 2098//1789 2095//1789 2096//1789
f 2100//1790 2097//1790 2098//1790
f 2102//1791 2099//1791 2100//1791
f 2104//1792 2101//1792 2102//1792
f 2106//1793 2103//1793 2104//1793
f 2108//1794 2105//1794 2106//1794
f 2110//1795 2107//1795 2108//1795
f 2112//1796 2109//1796 2110//1796
f 2114//1797 2111//1797 2112//1797
f 2116//1798 2113//1798 2114//1798
f 2118//1799 2115//1799 2116//1799
f 2120//1800 2117//1800 2118//1800
f 2122//1801 2119//1801 2120//1801
f 2124//1802 2121//1802 2122//1802
f 2126//1803 2123//1803 2124//1803
f 2128//1804 2125//1804 2126//1804
f 2130//1805 2127//1805 2128//1805
f 2132//1806 2129//1806 2130//1806
f 2134//1807 2131//1807 2132//1807
f 2136//1808 2133//1808 2134//1808
f 2138//1809 2135//1809 2136//1809
f 2140//1810 2137//1810 2138//1810
f 2142//1811 2139//1811 2140//1811
f 2144//1812 2141//1812 2142//1812
f 2146//1813 2143//1813 2144//1813
f 2148//1814 2145//1814 2146//1814
f 2150//1815 2147//1815 2148//1815
f 2152//1816 2149//1816 2150//1816
f 2154//1817 2151//1817 2152//1817
f 2156//1818 2153//1818 2154//1818
f 2158//1819 2155//1819 2156//1819
f 2160//1820 2157//1820 2158//1820
f 2162//1821 2159//1821 2160//1821
f 2164//1822 2161//1822 2162//1822
f 2166//1823 2163//1823 2164//1823
f 2168//1824 2165//1824 2166//1824
f 2170//1825 2167//1825 2168//1825
f 2172//1826 2169//1826 2170//1826
f 2174//1827 2171//1827 2172//1827
f 2176//1828 2173//1828 2174//1828
f 2178//1829 2175//1829 2176//1829
f 2180//1830 2177//1830 2178//1830
f 2182//1831 2179//1831 2180//1831
f 2184//1832 2181//1832 2182//1832
f 2186//1833 2183//1833 2184//1833
f 2188//1834 2185//1834 2186//1834
f 2190//1835 2187//1835 2188//1835
f 2192//1836 2189//1836 2190//1836
f 2194//1837 2191//1837 2192//1837
f 2196//1838 2193//1838 2194//1838
f 2198//1839 2195//1839 2196//1839
f 2200//1840 2197//1840 2198//1840
f 2202//1841 2199//1841 2200//1841
f 2204//1842 2201//1842 2202//1842
f 2206//1843 2203//1843 2204//1843
f 2208//1844 2205//1844 2206//1844
f 2210//1845 2207//1845 2208//1845
f 2212//1846 2209//1846 2210//1846
f 2214//1847 2211//1847 2212//1847
f 2216//1848 2213//1848 2214//1848
f 2218//1849 2215//1849 2216//1849
f 2220//1850 2217//1850 2218//1850
f 2222//1851 2219//1851 2220//1851
f 2224//1852 2221//1852 2222//1852
f 2226//1853 2223//1853 2224//1853
f 2228//1854 2225//1854 2226//1854
f 2230//1855 2227//1855 2228//1855
f 2232//1856 2229//1856 2230//1856
f 2234//1857 2231//1857 2232//1857
f 2236//1858 2233//1858 2234//1858
f 2238//1859 2235//1859 2236//1859
f 2240//1860 2237//1860 2238//1860
f 2242//1861 2239//1861 2240//1861
f 2244//1862 2241//1862 2242//1862
f 2246//1863 2243//1863 2244//1863
f 2248//1864 2245//1864 2246//1864
f 2066//1865 2247//1865 2248//1865
f 2252//1866 2249//1866 2250//1866
f 2254//1867 2251//1867 2252//1867
f 2256//1868 2253//1868 2254//1868
f 2258//1869 2255//1869 2256//1869
f 2260//1870 2257//1870 2258//1870
f 2262//1871 2259//1871 2260//1871
f 2264//1872 2261//1872 2262//1872
f 2266//1873 2263//1873 2264//1873
f 2268//1874 2265//1874 2266//1874
f 2270//1875 2267//1875 2268//1875
f 2272//1876 2269//1876 2270//1876
f 2274//1877 2271//1877 2272//1877
f 2276//1878 2273//1878 2274//1878
f 2278//1879 2275//1879 2276//1879
f 2280//1880 2277//1880 2278//1880
f 2282//1881 2279//1881 2280//1881
f 2284//1882 2281//1882 2282//1882
f 2286//1883 2283//1883 2284//1883
f 2288//1884 2285//1884 2286//1884
f 2290//1885 2287//1885 2288//1885
f 2292//1886 2289//1886 2290//1886
f 2294//1887 2291//1887 2292//1887
f 2296//1888 2293//1888 2294//1888
f 2298//1889 2295//1889 2296//1889
f 2300//1890 2297//1890 2298//1890
f 2302//1891 2299//1891 2300//1891
f 2304//1892 2301//1892 2302//1892
f 2306//1893 2303//1893 2304//1893
f 2308//1894 2305//1894 2306//1894
f 2310//1895 2307//1895 2308//1895
f 2312//1896 2309//1896 2310//1896
f 2314//1897 2311//1897 2312//1897
f 2316//1898 2313//1898 2314//1898
f 2318//1899 2315//1899 2316//1899
f 2320//1900 2317//1900 2318//1900
f 2322//1901 2319//1901 2320//1901
f 2324//1902 2321//1902 2322//1902
f 2326//1903 2323//1903 2324//1903
f 2328//1904 2325//1904 2326//1904
f 2330//1905 2327//1905 2328//1905
f 2332//1906 2329//1906 2330//1906
f 2334//1907 2331//1907 2332//1907
f 2336//1908 2333//1908 2334//1908
f 2338//1909 2335//1909 2336//1909
f 2340//1910 2337//1910 2338//1910
f 2342//1911 2339//1911 2340//1911
f 2344//1912 2341//1912 2342//1912
f 2346//1913 2343//1913 2344//1913
f 2348//1914 2345//1914 2346//1914
f 2350//1915 2347//1915 2348//1915
f 2352//1916 2349//1916 2350//1916
f 2354//1917 2351//1917 2352//1917
f 2356//1918 2353//1918 2354//1918
f 2358//1919 2355//1919 2356//1919
f 2360//1920 2357//1920 2358//1920
f 2362//1921 2359//1921 2360//1921
f 2364//1922 2361//1922 2362//1922
f 2366//1923 2363//1923 2364//1923
f 2368//1924 2365//1924 2366//1924
f 2370//1925 2367//1925 2368//1925
f 2372//1926 2369//1926 2370//1926
f 2374//1927 2371//1927 2372//1927
f 2376//1928 2373//1928 2374//1928
f 2378//1929 2375//1929 2376//1929
f 2380//1930 2377//1930 2378//1930
f 2382//1931 2379//1931 2380//1931
f 2384//1932 2381//1932 2382//1932
f 2386//1933 2383//1933 2384//1933
f 2388//1934 2385//1934 2386//1934
f 2390//1935 2387//1935 2388//1935
f 2392//1936 2389//1936 2390//1936
f 2394//1937 2391//1937 2392//1937
f 2396//1938 2393//1938 2394//1938
f 2398//1939 2395//1939 2396//1939
f 2400//1940 2397//1940 2398//1940
f 2402//1941 2399//1941 2400//1941
f 2404//1942 2401//1942 2402//1942
f 2406//1943 2403//1943 2404//1943
f 2408//1944 2405//1944 2406//1944
f 2410//1945 2407//1945 2408//1945
f 2412//1946 2409//1946 2410//1946
f 2250//1947 2411//1947 2412//1947
f 2416//1948 2413//1948 2414//1948
f 2418//1949 2415//1949 2416//1949
f 2420//1950 2417//1950 2418//1950
f 2422//1951 2419//1951 2420//1951
f 2424//1952 2421//1952 2422//1952
f 2426//1953 2423//1953 2424//1953
f 2428//1954 2425//1954 2426//1954
f 2430//1955 2427//1955 2428//1955
f 2432//1956 2429//1956 2430//1956
f 2434//1957 2431//1957 2432//1957
f 2436//1958 2433//1958 2434//1958
f 2438//1959 2435//1959 2436//1959
f 2440//1960 2437//1960 2438//1960
f 2442//1961 2439//1961 2440//1961
f 2444//1962 2441//1962 2442//1962
f 2446//1963 2443//1963 2444//1963
f 2448//1964 2445//1964 2446//1964
f 2450//1965 2447//1965 2448//1965
f 2452//1966 2449//1966 2450//1966
f 2454//1967 2451//1967 2452//1967
f 2456//1968 2453//1968 2454//1968
f 2458//1969 2455//1969 2456//1969
f 2460//1970 2457//1970 2458//1970
f 2462//1971 2459//1971 2460//1971
f 2464//1972 2461//1972 2462//1972
f 2466//1973 2463//1973 2464//1973
f 2468//1974 2465//1974 2466//1974
f 2470//1975 2467//1975 2468//1975
f 2472//1976 2469//1976 2470//1976
f 2474//1977 2471//1977 2472//1977
f 2476//1978 2473//1978 2474//1978
f 2478//1979 2475//1979 2476//1979
f 2480//1980 2477//1980 2478//1980
f 2482//1981 2479//1981 2480//1981
f 2484//1982 2481//1982 2482//1982
f 2486//1983 2483//1983 2484//1983
f 2488//1984 2485//1984 2486//1984
f 2490//1985 2487//1985 2488//1985
f 2492//1986 2489//1986 2490//1986
f 2494//1987 2491//1987 2492//1987
f 2496//1988 2493//1988 2494//1988
f 2498//1989 2495//1989 2496//1989
f 2500//1990 2497//1990 2498//1990
f 2502//1991 2499//1991 2500//1991
f 2504//1992 2501//1992 2502//1992
f 2506//1993 2503//1993 2504//1993
f 2508//1994 2505//1994 2506//1994
f 2510//1995 2507//1995 2508//1995
f 2512//1996 2509//1996 2510//1996
f 2514//1997 2511//1997 2512//1997
f 2516//1998 2513//1998 2514//1998
f 2518//1999 2515//1999 2516//1999
f 2520//2000 2517//2000 2518//2000
f 2522//2001 2519//2001 2520//2001
f 2524//2002 2521//2002 2522//2002
f 2526//2003 2523//2003 2524//2003
f 2528//2004 2525//2004 2526//2004
f 2530//2005 2527//2005 2528//2005
f 2532//2006 2529//2006 2530//2006
f 2534//2007 2531//2007 2532//2007
f 2536//2008 2533//2008 2534//2008
f 2538//2009 2535//2009 2536//2009
f 2540//2010 2537//2010 2538//2010
f 2542//2011 2539//2011 2540//2011
f 2544//2012 2541//2012 2542//2012
f 2546//2013 2543//2013 2544//2013
f 2548//2014 2545//2014 2546//2014
f 2550//2015 2547//2015 2548//2015
f 2552//2016 2549//2016 2550//2016
f 2554//2017 2551//2017 2552//2017
f 2556//2018 2553//2018 2554//2018
f 2558//2019 2555//2019 2556//2019
f 2560//2020 2557//2020 2558//2020
f 2562//2021 2559//2021 2560//2021
f 2564//2022 2561//2022 2562//2022
f 2566//2023 2563//2023 2564//2023
f 2568//2024 2565//2024 2566//2024
f 2570//2025 2567//2025 2568//2025
f 2572//2026 2569//2026 2570//2026
f 2574//2027 2571//2027 2572//2027
f 2576//2028 2573//2028 2574//2028
f 2578//2029 2575//2029 2576//2029
f 2580//2030 2577//2030 2578//2030
f 2582//2031 2579//2031 2580//2031
f 2584//2032 2581//2032 2582//2032
f 2586//2033 2583//2033 2584//2033
f 2588//2034 2585//2034 2586//2034
f 2590//2035 2587//2035 2588//2035
f 2592//2036 2589//2036 2590//2036
f 2594//2037 2591//2037 2592//2037
f 2596//2038 2593//2038 2594//2038
f 2414//2039 2595//2039 2596//2039
f 2600//2040 2597//2040 2598//2040
f 2602//2041 2599//2041 2600//2041
f 2604//2042 2601//2042 2602//2042
f 2606//2043 2603//2043 2604//2043
f 2608//2044 2605//2044 2606//2044
f 2610//2045 2607//2045 2608//2045
f 2612//2046 2609//2046 2610//2046
f 2614//2047 2611//2047 2612//2047
f 2616//2048 2613//2048 2614//2048
f 2618//2049 2615//2049 2616//2049
f 2620//2050 2617//2050 2618//2050
f 2622//2051 2619//2051 2620//2051
f 2624//2052 2621//2052 2622//2052
f 2626//2053 2623//2053 2624//2053
f 2628//2054 2625//2054 2626//2054
f 2630//2055 2627//2055 2628//2055
f 2632//2056 2629//2056 2630//2056
f 2634//2057 2631//2057 2632//2057
f 2636//2058 2633//2058 2634//2058
f 2638//2059 2635//2059 2636//2059
f 2640//2060 2637//2060 2638//2060
f 2642//2061 2639//2061 2640//2061
f 2644//2062 2641//2062 2642//2062
f 2646//2063 2643//2063 2644//2063
f 2648//2064 2645//2064 2646//2064
f 2650//2065 2647//2065 2648//2065
f 2652//2066 2649//2066 2650//2066
f 2654//2067 2651//2067 2652//2067
f 2656//2068 2653//2068 2654//2068
f 2658//2069 2655//2069 2656//2069
f 2660//2070 2657//2070 2658//2070
f 2662//2071 2659//2071 2660//2071
f 2664//2072 2661//2072 2662//2072
f 2666//2073 2663//2073 2664//2073
f 2668//2074 2665//2074 2666//2074
f 2670//2075 2667//2075 2668//2075
f 2672//2076 2669//2076 2670//2076
f 2674//2077 2671//2077 2672//2077
f 2676//2078 2673//2078 2674//2078
f 2678//2079 2675//2079 2676//2079
f 2680//2080 2677//2080 2678//2080
f 2682//2081 2679//2081 2680//2081
f 2684//2082 2681//2082 2682//2082
f 2686//2083 2683//2083 2684//2083
f 2688//2084 2685//2084 2686//2084
f 2690//2085 2687//2085 2688//2085
f 2692//2086 2689//2086 2690//2086
f 2694//2087 2691//2087 2692//2087
f 2696//2088 2693//2088 2694//2088
f 2698//2089 2695//2089 2696//2089
f 2700//2090 2697//2090 2698//2090
f 2702//2091 2699//2091 2700//2091
f 2704//2092 2701//2092 2702//2092
f 2706//2093 2703//2093 2704//2093
f 2708//2094 2705//2094 2706//2094
f 2710//2095 2707//2095 2708//2095
f 2712//2096 2709//2096 2710//2096
f 2714//2097 2711//2097 2712//2097
f 2716//2098 2713//2098 2714//2098
f 2718//2099 2715//2099 2716//2099
f 2720//2100 2717//2100 2718//2100
f 2722//2101 2719//2101 2720//2101
f 2724//2102 2721//2102 2722//2102
f 2726//2103 2723//2103 2724//2103
f 2728//2104 2725//2104 2726//2104
f 2730//2105 2727//2105 2728//2105
f 2732//2106 2729//2106 2730//2106
f 2734//2107 2731//2107 2732//2107
f 2736//2108 2733//2108 2734//2108
f 2738//2109 2735//2109 2736//2109
f 2740//2110 2737//2110 2738//2110
f 2742//2111 2739//2111 2740//2111
f 2744//2112 2741//2112 2742//2112
f 2746//2113 2743//2113 2744//2113
f 2748//2114 2745//2114 2746//2114
f 2750//2115 2747//2115 2748//2115
f 2752//2116 2749//2116 2750//2116
f 2754//2117 2751//2117 2752//2117
f 2756//2118 2753//2118 2754//2118
f 2598//2119 2755//2119 2756//2119
f 2760//2120 2757//2120 2758//2120
f 2762//2121 2759//2121 2760//2121
f 2764//2122 2761//2122 2762//2122
f 2766//2123 2763//2123 2764//2123
f 2768//2124 2765//2124 2766//2124
f 2770//2125 2767//2125 2768//2125
f 2772//2126 2769//2126 2770//2126
f 2774//2127 2771//2127 2772//2127
f 2776//2128 2773//2128 2774//2128
f 2778//2129 2775//2129 2776//2129
f 2780//2130 2777//2130 2778//2130
f 2782//2131 2779//2131 2780//2131
f 2784//2132 2781//2132 2782//2132
f 2786//2133 2783//2133 2784//2133
f 2788//2134 2785//2134 2786//2134
f 2790//2135 2787//2135 2788//2135
f 2792//2136 2789//2136 2790//2136
f 2794//2137 2791//2137 2792//2137
f 2796//2138 2793//2138 2794//2138
f 2798//2139 2795//2139 2796//2139
f 2800//2140 2797//2140 2798//2140
f 2802//2141 2799//2141 2800//2141
f 2804//2142 2801//2142 2802//2142
f 2806//2143 2803//2143 2804//2143
f 2808//2144 2805//2144 2806//2144
f 2810//2145 2807//2145 2808//2145
f 2758//2146 2809//2146 2810//2146
f 2814//2147 2811//2147 2812//2147
f 2816//2148 2813//2148 2814//2148
f 2818//2149 2815//2149 2816//2149
f 2820//2150 2817//2150 2818//2150
f 2822//2151 2819//2151 2820//2151
f 2824//2152 2821//2152 2822//2152
f 2826//2153 2823//2153 2824//2153
f 2828//2154 2825//2154 2826//2154
f 2830//2155 2827//2155 2828//2155
f 2832//2156 2829//2156 2830//2156
f 2834//2157 2831//2157 2832//2157
f 2836//2158 2833//2158 2834//2158
f 2838//2159 2835//2159 2836//2159
f 2840//2160 2837//2160 2838//2160
f 2842//2161 2839//2161 2840//2161
f 2844//2162 2841//2162 2842//2162
f 2846//2163 2843//2163 2844//2163
f 2848//2164 2845//2164 2846//2164
f 2850//2165 2847//2165 2848//2165
f 2852//2166 2849//2166 2850//2166
f 2854//2167 2851//2167 2852//2167
f 2856//2168 2853//2168 2854//2168
f 2858//2169 2855//2169 2856//2169
f 2860//2170 2857//2170 2858//2170
f 2862//2171 2859//2171 2860//2171
f 2864//2172 2861//2172 2862//2172
f 2866//2173 2863//2173 2864//2173
f 2868//2174 2865//2174 2866//2174
f 2870//2175 2867//2175 2868//2175
f 2872//2176 2869//2176 2870//2176
f 2874//2177 2871//2177 2872//2177
f 2876//2178 2873//2178 2874//2178
f 2878//2179 2875//2179 2876//2179
f 2880//2180 2877//2180 2878//2180
f 2882//2181 2879//2181 2880//2181
f 2884//2182 2881//2182 2882//2182
f 2886//2183 2883//2183 2884//2183
f 2888//2184 2885//2184 2886//2184
f 2890//2185 2887//2185 2888//2185
f 2892//2186 2889//2186 2890//2186
f 2894//2187 2891//2187 2892//2187
f 2896//2188 2893//2188 2894//2188
f 2898//2189 2895//2189 2896//2189
f 2900//2190 2897//2190 2898//2190
f 2902//2191 2899//2191 2900//2191
f 2904//2192 2901//2192 2902//2192
f 2906//2193 2903//2193 2904//2193
f 2812//2194 2905//2194 2906//2194
f 2910//2195 2907//2195 2908//2195
f 2912//2196 2909//2196 2910//2196
f 2914//2197 2911//2197 2912//2197
f 2916//2198 2913//2198 2914//2198
f 2918//2199 2915//2199 2916//2199
f 2920//2200 2917//2200 2918//2200
f 2922//2201 2919//2201 2920//2201
f 2924//2202 2921//2202 2922//2202
f 2926//2203 2923//2203 2924//2203
f 2928//2204 2925//2204 2926//2204
f 2930//2205 2927//2205 2928//2205
f 2932//2206 2929//2206 2930//2206
f 2934//2207 2931//2207 2932//2207
f 2936//2208 2933//2208 2934//2208
f 2938//2209 2935//2209 2936//2209
f 2940//2210 2937//2210 2938//2210
f 2942//2211 2939//2211 2940//2211
f 2944//2212 2941//2212 2942//2212
f 2908//2213 2943//2213 2944//2213
f 2948//2214 2945//2214 2946//2214
f 2950//2215 2947//2215 2948//2215
f 2952//2216 2949//2216 2950//2216
f 2954//2217 2951//2217 2952//2217
f 2956//2218 2953//2218 2954//2218
f 2958//2219 2955//2219 2956//2219
f 2960//2220 2957//2220 2958//2220
f 2962//2221 2959//2221 2960//2221
f 2964//2222 2961//2222 2962//2222
f 2966//2223 2963//2223 2964//2223
f 2968//2224 2965//2224 2966//2224
f 2970//2225 2967//2225 2968//2225
f 2972//2226 2969//2226 2970//2226
f 2974//2227 2971//2227 2972//2227
f 2976//2228 2973//2228 2974//2228
f 2978//2229 2975//2229 2976//2229
f 2980//2230 2977//2230 2978//2230
f 2982//2231 2979//2231 2980//2231
f 2984//2232 2981//2232 2982//2232
f 2986//2233 2983//2233 2984//2233
f 2988//2234 2985//2234 2986//2234
f 2990//2235 2987//2235 2988//2235
f 2992//2236 2989//2236 2990//2236
f 2994//2237 2991//2237 2992//2237
f 2996//2238 2993//2238 2994//2238
f 2998//2239 2995//2239 2996//2239
f 3000//2240 2997//2240 2998//2240
f 3002//2241 2999//2241 3000//2241
f 3004//2242 3001//2242 3002//2242
f 3006//2243 3003//2243 3004//2243
f 3008//2244 3005//2244 3006//2244
f 3010//2245 3007//2245 3008//2245
f 3012//2246 3009//2246 3010//2246
f 3014//2247 3011//2247 3012//2247
f 3016//2248 3013//2248 3014//2248
f 3018//2249 3015//2249 3016//2249
f 3020//2250 3017//2250 3018//2250
f 3022//2251 3019//2251 3020//2251
f 3024//2252 3021//2252 3022//2252
f 3026//2253 3023//2253 3024//2253
f 3028//2254 3025//2254 3026//2254
f 3030//2255 3027//2255 3028//2255
f 3032//2256 3029//2256 3030//2256
f 3034//2257 3031//2257 3032//2257
f 3036//2258 3033//2258 3034//2258
f 3038//2259 3035//2259 3036//2259
f 3040//2260 3037//2260 3038//2260
f 3042//2261 3039//2261 3040//2261
f 3044//2262 3041//2262 3042//2262
f 2946//2263 3043//2263 3044//2263
f 3051//2264 3050//2264 3049//2264
f 3063//2265 3064//2265 3067//2265
f 3046//2266 3057//2266 3045//2266
f 3047//2267 3058//2267 3046//2267
f 3047//2268 3060//2268 3059//2268
f 3049//2269 3060//2269 3048//2269
f 3050//2270 3061//2270 3049//2270
f 3051//2271 3062//2271 3050//2271
f 3052//2272 3063//2272 3051//2272
f 3053//2273 3064//2273 3052//2273
f 3054//2274 3065//2274 3053//2274
f 3055//2275 3066//2275 3054//2275
f 3056//2276 3067//2276 3055//2276
f 3045//2277 3068//2277 3056//2277
f 3072//2278 3071//2278 3069//2278
f 3075//2279 3078//2279 3080//2279
f 3070//2280 3075//2280 3069//2280
f 3071//2281 3076//2281 3070//2281
f 3072//2282 3077//2282 3071//2282
f 3073//2283 3078//2283 3072//2283
f 3074//2284 3079//2284 3073//2284
f 3069//2285 3080//2285 3074//2285
f 3083//2286 3081//2286 3084//2286
f 3085//2287 3087//2287 3088//2287
f 3082//2288 3085//2288 3081//2288
f 3083//2289 3086//2289 3082//2289
f 3084//2290 3087//2290 3083//2290
f 3081//2291 3088//2291 3084//2291
f 286//2292 285//2292 283//2292
f 288//2293 287//2293 285//2293
f 290//2294 289//2294 287//2294
f 292//2295 291//2295 289//2295
f 294//2296 293//2296 291//2296
f 296//2297 295//2297 293//2297
f 298//2298 297//2298 295//2298
f 300//2299 299//2299 297//2299
f 302//2300 301//2300 299//2300
f 304//2301 303//2301 301//2301
f 306//2302 305//2302 303//2302
f 308//2303 307//2303 305//2303
f 310//2304 309//2304 307//2304
f 312//2305 311//2305 309//2305
f 314//2306 313//2306 311//2306
f 316//2307 315//2307 313//2307
f 318//2308 317//2308 315//2308
f 320//2309 319//2309 317//2309
f 322//2310 321//2310 319//2310
f 324//2311 323//2311 321//2311
f 326//2312 325//2312 323//2312
f 328//2313 327//2313 325//2313
f 330//2314 329//2314 327//2314
f 332//2315 331//2315 329//2315
f 334//2316 333//2316 331//2316
f 336//2317 335//2317 333//2317
f 338//2318 337//2318 335//2318
f 340//2319 339//2319 337//2319
f 342//2320 341//2320 339//2320
f 344//2321 343//2321 341//2321
f 346//2322 345//2322 343//2322
f 348//2323 347//2323 345//2323
f 350//2324 349//2324 347//2324
f 352//2325 351//2325 349//2325
f 354//2326 353//2326 351//2326
f 356//2327 355//2327 353//2327
f 358//2328 357//2328 355//2328
f 360//2329 359//2329 357//2329
f 362//2330 361//2330 359//2330
f 364//2331 363//2331 361//2331
f 366//2332 365//2332 363//2332
f 368//2333 367//2333 365//2333
f 370//2334 369//2334 367//2334
f 372//2335 371//2335 369//2335
f 374//2336 373//2336 371//2336
f 376//2337 375//2337 373//2337
f 378//2338 377//2338 375//2338
f 380//2339 379//2339 377//2339
f 382//2340 381//2340 379//2340
f 384//2341 383//2341 381//2341
f 386//2342 385//2342 383//2342
f 388//2343 387//2343 385//2343
f 390//2344 389//2344 387//2344
f 392//2345 391//2345 389//2345
f 394//2346 393//2346 391//2346
f 396//2347 395//2347 393//2347
f 398//2348 397//2348 395//2348
f 400//2349 399//2349 397//2349
f 402//2350 401//2350 399//2350
f 404//2351 403//2351 401//2351
f 406//2352 405//2352 403//2352
f 408//2353 407//2353 405//2353
f 410//2354 409//2354 407//2354
f 412//2355 411//2355 409//2355
f 414//2356 413//2356 411//2356
f 416//2357 415//2357 413//2357
f 418//2358 417//2358 415//2358
f 420//2359 419//2359 417//2359
f 422//2360 421//2360 419//2360
f 424//2361 423//2361 421//2361
f 426//2362 425//2362 423//2362
f 428//2363 427//2363 425//2363
f 430//2364 429//2364 427//2364
f 432//2365 431//2365 429//2365
f 434//2366 433//2366 431//2366
f 436//2367 435//2367 433//2367
f 438//2368 437//2368 435//2368
f 440//2369 439//2369 437//2369
f 442//2370 441//2370 439//2370
f 444//2371 443//2371 441//2371
f 446//2372 445//2372 443//2372
f 448//2373 447//2373 445//2373
f 450//2374 449//2374 447//2374
f 452//2375 451//2375 449//2375
f 454//2376 453//2376 451//2376
f 456//2377 455//2377 453//2377
f 458//2378 457//2378 455//2378
f 460//2379 459//2379 457//2379
f 462//2380 461//2380 459//2380
f 464//2381 463//2381 461//2381
f 466//2382 465//2382 463//2382
f 468//2383 467//2383 465//2383
f 470//2384 469//2384 467//2384
f 472//2385 471//2385 469//2385
f 474//2386 473//2386 471//2386
f 476//2387 475//2387 473//2387
f 478//2388 477//2388 475//2388
f 480//2389 479//2389 477//2389
f 482//2390 481//2390 479//2390
f 484//2391 483//2391 481//2391
f 486//2392 485//2392 483//2392
f 488//2393 487//2393 485//2393
f 490//2394 489//2394 487//2394
f 492//2395 491//2395 489//2395
f 494//2396 493//2396 491//2396
f 496//2397 495//2397 493//2397
f 498//2398 497//2398 495//2398
f 500//2399 499//2399 497//2399
f 284//2400 283//2400 499//2400
f 504//2401 503//2401 501//2401
f 506//2402 505//2402 503//2402
f 508//2403 507//2403 505//2403
f 510//2404 509//2404 507//2404
f 512//2405 511//2405 509//2405
f 514//2406 513//2406 511//2406
f 516//2407 515//2407 513//2407
f 518//2408 517//2408 515//2408
f 520//2409 519//2409 517//2409
f 522//2410 521//2410 519//2410
f 524//2411 523//2411 521//2411
f 526//2412 525//2412 523//2412
f 528//2413 527//2413 525//2413
f 530//2414 529//2414 527//2414
f 532//2415 531//2415 529//2415
f 534//2416 533//2416 531//2416
f 536//2417 535//2417 533//2417
f 538//2418 537//2418 535//2418
f 540//2419 539//2419 537//2419
f 542//2420 541//2420 539//2420
f 544//2421 543//2421 541//2421
f 546//2422 545//2422 543//2422
f 548//2423 547//2423 545//2423
f 550//2424 549//2424 547//2424
f 552//2425 551//2425 549//2425
f 554//2426 553//2426 551//2426
f 556//2427 555//2427 553//2427
f 558//2428 557//2428 555//2428
f 560//2429 559//2429 557//2429
f 562//2430 561//2430 559//2430
f 564//2431 563//2431 561//2431
f 502//2432 501//2432 563//2432
f 1808//2433 1807//2433 1805//2433
f 1810//2434 1809//2434 1807//2434
f 1812//2435 1811//2435 1809//2435
f 1814//2436 1813//2436 1811//2436
f 1816//2437 1815//2437 1813//2437
f 1818//2438 1817//2438 1815//2438
f 1820//2439 1819//2439 1817//2439
f 1822//2440 1821//2440 1819//2440
f 1824//2441 1823//2441 1821//2441
f 1826//2442 1825//2442 1823//2442
f 1828//2443 1827//2443 1825//2443
f 1830//2444 1829//2444 1827//2444
f 1832//2445 1831//2445 1829//2445
f 1834//2446 1833//2446 1831//2446
f 1836//2447 1835//2447 1833//2447
f 1838//2448 1837//2448 1835//2448
f 1840//2449 1839//2449 1837//2449
f 1842//2450 1841//2450 1839//2450
f 1844//2451 1843//2451 1841//2451
f 1846//2452 1845//2452 1843//2452
f 1848//2453 1847//2453 1845//2453
f 1850//2454 1849//2454 1847//2454
f 1852//2455 1851//2455 1849//2455
f 1854//2456 1853//2456 1851//2456
f 1856//2457 1855//2457 1853//2457
f 1858//2458 1857//2458 1855//2458
f 1860//2459 1859//2459 1857//2459
f 1862//2460 1861//2460 1859//2460
f 1864//2461 1863//2461 1861//2461
f 1866//2462 1865//2462 1863//2462
f 1868//2463 1867//2463 1865//2463
f 1870//2464 1869//2464 1867//2464
f 1872//2465 1871//2465 1869//2465
f 1874//2466 1873//2466 1871//2466
f 1876//2467 1875//2467 1873//2467
f 1878//2468 1877//2468 1875//2468
f 1880//2469 1879//2469 1877//2469
f 1882//2470 1881//2470 1879//2470
f 1884//2471 1883//2471 1881//2471
f 1886//2472 1885//2472 1883//2472
f 1888//2473 1887//2473 1885//2473
f 1890//2474 1889//2474 1887//2474
f 1892//2475 1891//2475 1889//2475
f 1894//2476 1893//2476 1891//2476
f 1896//2477 1895//2477 1893//2477
f 1898//2478 1897//2478 1895//2478
f 1900//2479 1899//2479 1897//2479
f 1902//2480 1901//2480 1899//2480
f 1904//2481 1903//2481 1901//2481
f 1906//2482 1905//2482 1903//2482
f 1908//2483 1907//2483 1905//2483
f 1910//2484 1909//2484 1907//2484
f 1912//2485 1911//2485 1909//2485
f 1914//2486 1913//2486 1911//2486
f 1916//2487 1915//2487 1913//2487
f 1918//2488 1917//2488 1915//2488
f 1920//2489 1919//2489 1917//2489
f 1922//2490 1921//2490 1919//2490
f 1924//2491 1923//2491 1921//2491
f 1926//2492 1925//2492 1923//2492
f 1928//2493 1927//2493 1925//2493
f 1930//2494 1929//2494 1927//2494
f 1932//2495 1931//2495 1929//2495
f 1934//2496 1933//2496 1931//2496
f 1936//2497 1935//2497 1933//2497
f 1938//2498 1937//2498 1935//2498
f 1940//2499 1939//2499 1937//2499
f 1942//2500 1941//2500 1939//2500
f 1944//2501 1943//2501 1941//2501
f 1946//2502 1945//2502 1943//2502
f 1948//2503 1947//2503 1945//2503
f 1950//2504 1949//2504 1947//2504
f 1952//2505 1951//2505 1949//2505
f 1954//2506 1953//2506 1951//2506
f 1956//2507 1955//2507 1953//2507
f 1958//2508 1957//2508 1955//2508
f 1960//2509 1959//2509 1957//2509
f 1962//2510 1961//2510 1959//2510
f 1964//2511 1963//2511 1961//2511
f 1966//2512 1965//2512 1963//2512
f 1968//2513 1967//2513 1965//2513
f 1970//2514 1969//2514 1967//2514
f 1972//2515 1971//2515 1969//2515
f 1974//2516 1973//2516 1971//2516
f 1976//2517 1975//2517 1973//2517
f 1978//2518 1977//2518 1975//2518
f 1980//2519 1979//2519 1977//2519
f 1982//2520 1981//2520 1979//2520
f 1984//2521 1983//2521 1981//2521
f 1986//2522 1985//2522 1983//2522
f 1988//2523 1987//2523 1985//2523
f 1990//2524 1989//2524 1987//2524
f 1992//2525 1991//2525 1989//2525
f 1994//2526 1993//2526 1991//2526
f 1996//2527 1995//2527 1993//2527
f 1998//2528 1997//2528 1995//2528
f 2000//2529 1999//2529 1997//2529
f 2002//2530 2001//2530 1999//2530
f 2004//2531 2003//2531 2001//2531
f 2006//2532 2005//2532 2003//2532
f 2008//2533 2007//2533 2005//2533
f 2010//2534 2009//2534 2007//2534
f 2012//2535 2011//2535 2009//2535
f 2014//2536 2013//2536 2011//2536
f 2016//2537 2015//2537 2013//2537
f 2018//2538 2017//2538 2015//2538
f 2020//2539 2019//2539 2017//2539
f 2022//2540 2021//2540 2019//2540
f 2024//2541 2023//2541 2021//2541
f 2026//2542 2025//2542 2023//2542
f 2028//2543 2027//2543 2025//2543
f 2030//2544 2029//2544 2027//2544
f 2032//2545 2031//2545 2029//2545
f 2034//2546 2033//2546 2031//2546
f 2036//2547 2035//2547 2033//2547
f 2038//2548 2037//2548 2035//2548
f 2040//2549 2039//2549 2037//2549
f 2042//2550 2041//2550 2039//2550
f 2044//2551 2043//2551 2041//2551
f 2046//2552 2045//2552 2043//2552
f 2048//2553 2047//2553 2045//2553
f 2050//2554 2049//2554 2047//2554
f 2052//2555 2051//2555 2049//2555
f 2054//2556 2053//2556 2051//2556
f 2056//2557 2055//2557 2053//2557
f 2058//2558 2057//2558 2055//2558
f 2060//2559 2059//2559 2057//2559
f 2062//2560 2061//2560 2059//2560
f 2064//2561 2063//2561 2061//2561
f 1806//2562 1805//2562 2063//2562
f 2068//2563 2067//2563 2065//2563
f 2070//2564 2069//2564 2067//2564
f 2072//2565 2071//2565 2069//2565
f 2074//2566 2073//2566 2071//2566
f 2076//2567 2075//2567 2073//2567
f 2078//2568 2077//2568 2075//2568
f 2080//2569 2079//2569 2077//2569
f 2082//2570 2081//2570 2079//2570
f 2084//2571 2083//2571 2081//2571
f 2086//2572 2085//2572 2083//2572
f 2088//2573 2087//2573 2085//2573
f 2090//2574 2089//2574 2087//2574
f 2092//2575 2091//2575 2089//2575
f 2094//2576 2093//2576 2091//2576
f 2096//2577 2095//2577 2093//2577
f 2098//2578 2097//2578 2095//2578
f 2100//2579 2099//2579 2097//2579
f 2102//2580 2101//2580 2099//2580
f 2104//2581 2103//2581 2101//2581
f 2106//2582 2105//2582 2103//2582
f 2108//2583 2107//2583 2105//2583
f 2110//2584 2109//2584 2107//2584
f 2112//2585 2111//2585 2109//2585
f 2114//2586 2113//2586 2111//2586
f 2116//2587 2115//2587 2113//2587
f 2118//2588 2117//2588 2115//2588
f 2120//2589 2119//2589 2117//2589
f 2122//2590 2121//2590 2119//2590
f 2124//2591 2123//2591 2121//2591
f 2126//2592 2125//2592 2123//2592
f 2128//2593 2127//2593 2125//2593
f 2130//2594 2129//2594 2127//2594
f 2132//2595 2131//2595 2129//2595
f 2134//2596 2133//2596 2131//2596
f 2136//2597 2135//2597 2133//2597
f 2138//2598 2137//2598 2135//2598
f 2140//2599 2139//2599 2137//2599
f 2142//2600 2141//2600 2139//2600
f 2144//2601 2143//2601 2141//2601
f 2146//2602 2145//2602 2143//2602
f 2148//2603 2147//2603 2145//2603
f 2150//2604 2149//2604 2147//2604
f 2152//2605 2151//2605 2149//2605
f 2154//2606 2153//2606 2151//2606
f 2156//2607 2155//2607 2153//2607
f 2158//2608 2157//2608 2155//2608
f 2160//2609 2159//2609 2157//2609
f 2162//2610 2161//2610 2159//2610
f 2164//2611 2163//2611 2161//2611
f 2166//2612 2165//2612 2163//2612
f 2168//2613 2167//2613 2165//2613
f 2170//2614 2169//2614 2167//2614
f 2172//2615 2171//2615 2169//2615
f 2174//2616 2173//2616 2171//2616
f 2176//2617 2175//2617 2173//2617
f 2178//2618 2177//2618 2175//2618
f 2180//2619 2179//2619 2177//2619
f 2182//2620 2181//2620 2179//2620
f 2184//2621 2183//2621 2181//2621
f 2186//2622 2185//2622 2183//2622
f 2188//2623 2187//2623 2185//2623
f 2190//2624 2189//2624 2187//2624
f 2192//2625 2191//2625 2189//2625
f 2194//2626 2193//2626 2191//2626
f 2196//2627 2195//2627 2193//2627
f 2198//2628 2197//2628 2195//2628
f 2200//2629 2199//2629 2197//2629
f 2202//2630 2201//2630 2199//2630
f 2204//2631 2203//2631 2201//2631
f 2206//2632 2205//2632 2203//2632
f 2208//2633 2207//2633 2205//2633
f 2210//2634 2209//2634 2207//2634
f 2212//2635 2211//2635 2209//2635
f 2214//2636 2213//2636 2211//2636
f 2216//2637 2215//2637 2213//2637
f 2218//2638 2217//2638 2215//2638
f 2220//2639 2219//2639 2217//2639
f 2222//2640 2221//2640 2219//2640
f 2224//2641 2223//2641 2221//2641
f 2226//2642 2225//2642 2223//2642
f 2228//2643 2227//2643 2225//2643
f 2230//2644 2229//2644 2227//2644
f 2232//2645 2231//2645 2229//2645
f 2234//2646 2233//2646 2231//2646
f 2236//2647 2235//2647 2233//2647
f 2238//2648 2237//2648 2235//2648
f 2240//2649 2239//2649 2237//2649
f 2242//2650 2241//2650 2239//2650
f 2244//2651 2243//2651 2241//2651
f 2246//2652 2245//2652 2243//2652
f 2248//2653 2247//2653 2245//2653
f 2066//2654 2065//2654 2247//2654
f 2252//2655 2251//2655 2249//2655
f 2254//2656 2253//2656 2251//2656
f 2256//2657 2255//2657 2253//2657
f 2258//2658 2257//2658 2255//2658
f 2260//2659 2259//2659 2257//2659
f 2262//2660 2261//2660 2259//2660
f 2264//2661 2263//2661 2261//2661
f 2266//2662 2265//2662 2263//2662
f 2268//2663 2267//2663 2265//2663
f 2270//2664 2269//2664 2267//2664
f 2272//2665 2271//2665 2269//2665
f 2274//2666 2273//2666 2271//2666
f 2276//2667 2275//2667 2273//2667
f 2278//2668 2277//2668 2275//2668
f 2280//2669 2279//2669 2277//2669
f 2282//2670 2281//2670 2279//2670
f 2284//2671 2283//2671 2281//2671
f 2286//2672 2285//2672 2283//2672
f 2288//2673 2287//2673 2285//2673
f 2290//2674 2289//2674 2287//2674
f 2292//2675 2291//2675 2289//2675
f 2294//2676 2293//2676 2291//2676
f 2296//2677 2295//2677 2293//2677
f 2298//2678 2297//2678 2295//2678
f 2300//2679 2299//2679 2297//2679
f 2302//2680 2301//2680 2299//2680
f 2304//2681 2303//2681 2301//2681
f 2306//2682 2305//2682 2303//2682
f 2308//2683 2307//2683 2305//2683
f 2310//2684 2309//2684 2307//2684
f 2312//2685 2311//2685 2309//2685
f 2314//2686 2313//2686 2311//2686
f 2316//2687 2315//2687 2313//2687
f 2318//2688 2317//2688 2315//2688
f 2320//2689 2319//2689 2317//2689
f 2322//2690 2321//2690 2319//2690
f 2324//2691 2323//2691 2321//2691
f 2326//2692 2325//2692 2323//2692
f 2328//2693 2327//2693 2325//2693
f 2330//2694 2329//2694 2327//2694
f 2332//2695 2331//2695 2329//2695
f 2334//2696 2333//2696 2331//2696
f 2336//2697 2335//2697 2333//2697
f 2338//2698 2337//2698 2335//2698
f 2340//2699 2339//2699 2337//2699
f 2342//2700 2341//2700 2339//2700
f 2344//2701 2343//2701 2341//2701
f 2346//2702 2345//2702 2343//2702
f 2348//2703 2347//2703 2345//2703
f 2350//2704 2349//2704 2347//2704
f 2352//2705 2351//2705 2349//2705
f 2354//2706 2353//2706 2351//2706
f 2356//2707 2355//2707 2353//2707
f 2358//2708 2357//2708 2355//2708
f 2360//2709 2359//2709 2357//2709
f 2362//2710 2361//2710 2359//2710
f 2364//2711 2363//2711 2361//2711
f 2366//2712 2365//2712 2363//2712
f 2368//2713 2367//2713 2365//2713
f 2370//2714 2369//2714 2367//2714
f 2372//2715 2371//2715 2369//2715
f 2374//2716 2373//2716 2371//2716
f 2376//2717 2375//2717 2373//2717
f 2378//2718 2377//2718 2375//2718
f 2380//2719 2379//2719 2377//2719
f 2382//2720 2381//2720 2379//2720
f 2384//2721 2383//2721 2381//2721
f 2386//2722 2385//2722 2383//2722
f 2388//2723 2387//2723 2385//2723
f 2390//2724 2389//2724 2387//2724
f 2392//2725 2391//2725 2389//2725
f 2394//2726 2393//2726 2391//2726
f 2396//2727 2395//2727 2393//2727
f 2398//2728 2397//2728 2395//2728
f 2400//2729 2399//2729 2397//2729
f 2402//2730 2401//2730 2399//2730
f 2404//2731 2403//2731 2401//2731
f 2406//2732 2405//2732 2403//2732
f 2408//2733 2407//2733 2405//2733
f 2410//2734 2409//2734 2407//2734
f 2412//2735 2411//2735 2409//2735
f 2250//2736 2249//2736 2411//2736
f 2416//2737 2415//2737 2413//2737
f 2418//2738 2417//2738 2415//2738
f 2420//2739 2419//2739 2417//2739
f 2422//2740 2421//2740 2419//2740
f 2424//2741 2423//2741 2421//2741
f 2426//2742 2425//2742 2423//2742
f 2428//2743 2427//2743 2425//2743
f 2430//2744 2429//2744 2427//2744
f 2432//2745 2431//2745 2429//2745
f 2434//2746 2433//2746 2431//2746
f 2436//2747 2435//2747 2433//2747
f 2438//2748 2437//2748 2435//2748
f 2440//2749 2439//2749 2437//2749
f 2442//2750 2441//2750 2439//2750
f 2444//2751 2443//2751 2441//2751
f 2446//2752 2445//2752 2443//2752
f 2448//2753 2447//2753 2445//2753
f 2450//2754 2449//2754 2447//2754
f 2452//2755 2451//2755 2449//2755
f 2454//2756 2453//2756 2451//2756
f 2456//2757 2455//2757 2453//2757
f 2458//2758 2457//2758 2455//2758
f 2460//2759 2459//2759 2457//2759
f 2462//2760 2461//2760 2459//2760
f 2464//2761 2463//2761 2461//2761
f 2466//2762 2465//2762 2463//2762
f 2468//2763 2467//2763 2465//2763
f 2470//2764 2469//2764 2467//2764
f 2472//2765 2471//2765 2469//2765
f 2474//2766 2473//2766 2471//2766
f 2476//2767 2475//2767 2473//2767
f 2478//2768 2477//2768 2475//2768
f 2480//2769 2479//2769 2477//2769
f 2482//2770 2481//2770 2479//2770
f 2484//2771 2483//2771 2481//2771
f 2486//2772 2485//2772 2483//2772
f 2488//2773 2487//2773 2485//2773
f 2490//2774 2489//2774 2487//2774
f 2492//2775 2491//2775 2489//2775
f 2494//2776 2493//2776 2491//2776
f 2496//2777 2495//2777 2493//2777
f 2498//2778 2497//2778 2495//2778
f 2500//2779 2499//2779 2497//2779
f 2502//2780 2501//2780 2499//2780
f 2504//2781 2503//2781 2501//2781
f 2506//2782 2505//2782 2503//2782
f 2508//2783 2507//2783 2505//2783
f 2510//2784 2509//2784 2507//2784
f 2512//2785 2511//2785 2509//2785
f 2514//2786 2513//2786 2511//2786
f 2516//2787 2515//2787 2513//2787
f 2518//2788 2517//2788 2515//2788
f 2520//2789 2519//2789 2517//2789
f 2522//2790 2521//2790 2519//2790
f 2524//2791 2523//2791 2521//2791
f 2526//2792 2525//2792 2523//2792
f 2528//2793 2527//2793 2525//2793
f 2530//2794 2529//2794 2527//2794
f 2532//2795 2531//2795 2529//2795
f 2534//2796 2533//2796 2531//2796
f 2536//2797 2535//2797 2533//2797
f 2538//2798 2537//2798 2535//2798
f 2540//2799 2539//2799 2537//2799
f 2542//2800 2541//2800 2539//2800
f 2544//2801 2543//2801 2541//2801
f 2546//2802 2545//2802 2543//2802
f 2548//2803 2547//2803 2545//2803
f 2550//2804 2549//2804 2547//2804
f 2552//2805 2551//2805 2549//2805
f 2554//2806 2553//2806 2551//2806
f 2556//2807 2555//2807 2553//2807
f 2558//2808 2557//2808 2555//2808
f 2560//2809 2559//2809 2557//2809
f 2562//2810 2561//2810 2559//2810
f 2564//2811 2563//2811 2561//2811
f 2566//2812 2565//2812 2563//2812
f 2568//2813 2567//2813 2565//2813
f 2570//2814 2569//2814 2567//2814
f 2572//2815 2571//2815 2569//2815
f 2574//2816 2573//2816 2571//2816
f 2576//2817 2575//2817 2573//2817
f 2578//2818 2577//2818 2575//2818
f 2580//2819 2579//2819 2577//2819
f 2582//2820 2581//2820 2579//2820
f 2584//2821 2583//2821 2581//2821
f 2586//2822 2585//2822 2583//2822
f 2588//2823 2587//2823 2585//2823
f 2590//2824 2589//2824 2587//2824
f 2592//2825 2591//2825 2589//2825
f 2594//2826 2593//2826 2591//2826
f 2596//2827 2595//2827 2593//2827
f 2414//2828 2413//2828 2595//2828
f 2600//2829 2599//2829 2597//2829
f 2602//2830 2601//2830 2599//2830
f 2604//2831 2603//2831 2601//2831
f 2606//2832 2605//2832 2603//2832
f 2608//2833 2607//2833 2605//2833
f 2610//2834 2609//2834 2607//2834
f 2612//2835 2611//2835 2609//2835
f 2614//2836 2613//2836 2611//2836
f 2616//2837 2615//2837 2613//2837
f 2618//2838 2617//2838 2615//2838
f 2620//2839 2619//2839 2617//2839
f 2622//2840 2621//2840 2619//2840
f 2624//2841 2623//2841 2621//2841
f 2626//2842 2625//2842 2623//2842
f 2628//2843 2627//2843 2625//2843
f 2630//2844 2629//2844 2627//2844
f 2632//2845 2631//2845 2629//2845
f 2634//2846 2633//2846 2631//2846
f 2636//2847 2635//2847 2633//2847
f 2638//2848 2637//2848 2635//2848
f 2640//2849 2639//2849 2637//2849
f 2642//2850 2641//2850 2639//2850
f 2644//2851 2643//2851 2641//2851
f 2646//2852 2645//2852 2643//2852
f 2648//2853 2647//2853 2645//2853
f 2650//2854 2649//2854 2647//2854
f 2652//2855 2651//2855 2649//2855
f 2654//2856 2653//2856 2651//2856
f 2656//2857 2655//2857 2653//2857
f 2658//2858 2657//2858 2655//2858
f 2660//2859 2659//2859 2657//2859
f 2662//2860 2661//2860 2659//2860
f 2664//2861 2663//2861 2661//2861
f 2666//2862 2665//2862 2663//2862
f 2668//2863 2667//2863 2665//2863
f 2670//2864 2669//2864 2667//2864
f 2672//2865 2671//2865 2669//2865
f 2674//2866 2673//2866 2671//2866
f 2676//2867 2675//2867 2673//2867
f 2678//2868 2677//2868 2675//2868
f 2680//2869 2679//2869 2677//2869
f 2682//2870 2681//2870 2679//2870
f 2684//2871 2683//2871 2681//2871
f 2686//2872 2685//2872 2683//2872
f 2688//2873 2687//2873 2685//2873
f 2690//2874 2689//2874 2687//2874
f 2692//2875 2691//2875 2689//2875
f 2694//2876 2693//2876 2691//2876
f 2696//2877 2695//2877 2693//2877
f 2698//2878 2697//2878 2695//2878
f 2700//2879 2699//2879 2697//2879
f 2702//2880 2701//2880 2699//2880
f 2704//2881 2703//2881 2701//2881
f 2706//2882 2705//2882 2703//2882
f 2708//2883 2707//2883 2705//2883
f 2710//2884 2709//2884 2707//2884
f 2712//2885 2711//2885 2709//2885
f 2714//2886 2713//2886 2711//2886
f 2716//2887 2715//2887 2713//2887
f 2718//2888 2717//2888 2715//2888
f 2720//2889 2719//2889 2717//2889
f 2722//2890 2721//2890 2719//2890
f 2724//2891 2723//2891 2721//2891
f 2726//2892 2725//2892 2723//2892
f 2728//2893 2727//2893 2725//2893
f 2730//2894 2729//2894 2727//2894
f 2732//2895 2731//2895 2729//2895
f 2734//2896 2733//2896 2731//2896
f 2736//2897 2735//2897 2733//2897
f 2738//2898 2737//2898 2735//2898
f 2740//2899 2739//2899 2737//2899
f 2742//2900 2741//2900 2739//2900
f 2744//2901 2743//2901 2741//2901
f 2746//2902 2745//2902 2743//2902
f 2748//2903 2747//2903 2745//2903
f 2750//2904 2749//2904 2747//2904
f 2752//2905 2751//2905 2749//2905
f 2754//2906 2753//2906 2751//2906
f 2756//2907 2755//2907 2753//2907
f 2598//2908 2597//2908 2755//2908
f 2760//2909 2759//2909 2757//2909
f 2762//2910 2761//2910 2759//2910
f 2764//2911 2763//2911 2761//2911
f 2766//2912 2765//2912 2763//2912
f 2768//2913 2767//2913 2765//2913
f 2770//2914 2769//2914 2767//2914
f 2772//2915 2771//2915 2769//2915
f 2774//2916 2773//2916 2771//2916
f 2776//2917 2775//2917 2773//2917
f 2778//2918 2777//2918 2775//2918
f 2780//2919 2779//2919 2777//2919
f 2782//2920 2781//2920 2779//2920
f 2784//2921 2783//2921 2781//2921
f 2786//2922 2785//2922 2783//2922
f 2788//2923 2787//2923 2785//2923
f 2790//2924 2789//2924 2787//2924
f 2792//2925 2791//2925 2789//2925
f 2794//2926 2793//2926 2791//2926
f 2796//2927 2795//2927 2793//2927
f 2798//2928 2797//2928 2795//2928
f 2800//2929 2799//2929 2797//2929
f 2802//2930 2801//2930 2799//2930
f 2804//2931 2803//2931 2801//2931
f 2806//2932 2805//2932 2803//2932
f 2808//2933 2807//2933 2805//2933
f 2810//2934 2809//2934 2807//2934
f 2758//2935 2757//2935 2809//2935
f 2814//2936 2813//2936 2811//2936
f 2816//2937 2815//2937 2813//2937
f 2818//2938 2817//2938 2815//2938
f 2820//2939 2819//2939 2817//2939
f 2822//2940 2821//2940 2819//2940
f 2824//2941 2823//2941 2821//2941
f 2826//2942 2825//2942 2823//2942
f 2828//2943 2827//2943 2825//2943
f 2830//2944 2829//2944 2827//2944
f 2832//2945 2831//2945 2829//2945
f 2834//2946 2833//2946 2831//2946
f 2836//2947 2835//2947 2833//2947
f 2838//2948 2837//2948 2835//2948
f 2840//2949 2839//2949 2837//2949
f 2842//2950 2841//2950 2839//2950
f 2844//2951 2843//2951 2841//2951
f 2846//2952 2845//2952 2843//2952
f 2848//2953 2847//2953 2845//2953
f 2850//2954 2849//2954 2847//2954
f 2852//2955 2851//2955 2849//2955
f 2854//2956 2853//2956 2851//2956
f 2856//2957 2855//2957 2853//2957
f 2858//2958 2857//2958 2855//2958
f 2860//2959 2859//2959 2857//2959
f 2862//2960 2861//2960 2859//2960
f 2864//2961 2863//2961 2861//2961
f 2866//2962 2865//2962 2863//2962
f 2868//2963 2867//2963 2865//2963
f 2870//2964 2869//2964 2867//2964
f 2872//2965 2871//2965 2869//2965
f 2874//2966 2873//2966 2871//2966
f 2876//2967 2875//2967 2873//2967
f 2878//2968 2877//2968 2875//2968
f 2880//2969 2879//2969 2877//2969
f 2882//2970 2881//2970 2879//2970
f 2884//2971 2883//2971 2881//2971
f 2886//2972 2885//2972 2883//2972
f 2888//2973 2887//2973 2885//2973
f 2890//2974 2889//2974 2887//2974
f 2892//2975 2891//2975 2889//2975
f 2894//2976 2893//2976 2891//2976
f 2896//2977 2895//2977 2893//2977
f 2898//2978 2897//2978 2895//2978
f 2900//2979 2899//2979 2897//2979
f 2902//2980 2901//2980 2899//2980
f 2904//2981 2903//2981 2901//2981
f 2906//2982 2905//2982 2903//2982
f 2812//2983 2811//2983 2905//2983
f 2910//2984 2909//2984 2907//2984
f 2912//2985 2911//2985 2909//2985
f 2914//2986 2913//2986 2911//2986
f 2916//2987 2915//2987 2913//2987
f 2918//2988 2917//2988 2915//2988
f 2920//2989 2919//2989 2917//2989
f 2922//2990 2921//2990 2919//2990
f 2924//2991 2923//2991 2921//2991
f 2926//2992 2925//2992 2923//2992
f 2928//2993 2927//2993 2925//2993
f 2930//2994 2929//2994 2927//2994
f 2932//2995 2931//2995 2929//2995
f 2934//2996 2933//2996 2931//2996
f 2936//2997 2935//2997 2933//2997
f 2938//2998 2937//2998 2935//2998
f 2940//2999 2939//2999 2937//2999
f 2942//3000 2941//3000 2939//3000
f 2944//3001 2943//3001 2941//3001
f 2908//3002 2907//3002 2943//3002
f 2948//3003 2947//3003 2945//3003
f 2950//3004 2949//3004 2947//3004
f 2952//3005 2951//3005 2949//3005
f 2954//3006 2953//3006 2951//3006
f 2956//3007 2955//3007 2953//3007
f 2958//3008 2957//3008 2955//3008
f 2960//3009 2959//3009 2957//3009
f 2962//3010 2961//3010 2959//3010
f 2964//3011 2963//3011 2961//3011
f 2966//3012 2965//3012 2963//3012
f 2968//3013 2967//3013 2965//3013
f 2970//3014 2969//3014 2967//3014
f 2972//3015 2971//3015 2969//3015
f 2974//3016 2973//3016 2971//3016
f 2976//3017 2975//3017 2973//3017
f 2978//3018 2977//3018 2975//3018
f 2980//3019 2979//3019 2977//3019
f 2982//3020 2981//3020 2979//3020
f 2984//3021 2983//3021 2981//3021
f 2986//3022 2985//3022 2983//3022
f 2988//3023 2987//3023 2985//3023
f 2990//3024 2989//3024 2987//3024
f 2992//3025 2991//3025 2989//3025
f 2994//3026 2993//3026 2991//3026
f 2996//3027 2995//3027 2993//3027
f 2998//3028 2997//3028 2995//3028
f 3000//3029 2999//3029 2997//3029
f 3002//3030 3001//3030 2999//3030
f 3004//3031 3003//3031 3001//3031
f 3006//3032 3005//3032 3003//3032
f 3008//3033 3007//3033 3005//3033
f 3010//3034 3009//3034 3007//3034
f 3012//3035 3011//3035 3009//3035
f 3014//3036 3013//3036 3011//3036
f 3016//3037 3015//3037 3013//3037
f 3018//3038 3017//3038 3015//3038
f 3020//3039 3019//3039 3017//3039
f 3022//3040 3021//3040 3019//3040
f 3024//3041 3023//3041 3021//3041
f 3026//3042 3025//3042 3023//3042
f 3028//3043 3027//3043 3025//3043
f 3030//3044 3029//3044 3027//3044
f 3032//3045 3031//3045 3029//3045
f 3034//3046 3033//3046 3031//3046
f 3036//3047 3035//3047 3033//3047
f 3038//3048 3037//3048 3035//3048
f 3040//3049 3039//3049 3037//3049
f 3042//3050 3041//3050 3039//3050
f 3044//3051 3043//3051 3041//3051
f 2946//3052 2945//3052 3043//3052
f 3045//3053 3056//3053 3046//3053
f 3056//3054 3055//3054 3051//3054
f 3046//3055 3056//3055 3047//3055
f 3055//3056 3054//3056 3052//3056
f 3054//3057 3053//3057 3052//3057
f 3047//3058 3056//3058 3049//3058
f 3049//3059 3048//3059 3047//3059
f 3049//3060 3056//3060 3051//3060
f 3055//3061 3052//3061 3051//3061
f 3068//3062 3057//3062 3058//3062
f 3059//3063 3060//3063 3061//3063
f 3068//3064 3058//3064 3059//3064
f 3065//3065 3066//3065 3064//3065
f 3066//3066 3067//3066 3064//3066
f 3067//3067 3068//3067 3063//3067
f 3068//3068 3059//3068 3061//3068
f 3063//3069 3068//3069 3061//3069
f 3061//3070 3062//3070 3063//3070
f 3046//3071 3058//3071 3057//3071
f 3047//3072 3059//3072 3058//3072
f 3047//3073 3048//3073 3060//3073
f 3049//3074 3061//3074 3060//3074
f 3050//3075 3062//3075 3061//3075
f 3051//3076 3063//3076 3062//3076
f 3052//3077 3064//3077 3063//3077
f 3053//3078 3065//3078 3064//3078
f 3054//3079 3066//3079 3065//3079
f 3055//3080 3067//3080 3066//3080
f 3056//3081 3068//3081 3067//3081
f 3045//3082 3057//3082 3068//3082
f 3074//3083 3073//3083 3072//3083
f 3071//3084 3070//3084 3069//3084
f 3074//3085 3072//3085 3069//3085
f 3075//3086 3076//3086 3077//3086
f 3078//3087 3079//3087 3080//3087
f 3075//3088 3077//3088 3078//3088
f 3070//3089 3076//3089 3075//3089
f 3071//3090 3077//3090 3076//3090
f 3072//3091 3078//3091 3077//3091
f 3073//3092 3079//3092 3078//3092
f 3074//3093 3080//3093 3079//3093
f 3069//3094 3075//3094 3080//3094
f 3083//3095 3082//3095 3081//3095
f 3085//3096 3086//3096 3087//3096
f 3082//3097 3086//3097 3085//3097
f 3083//3098 3087//3098 3086//3098
f 3084//3099 3088//3099 3087//3099
f 3081//3100 3085//3100 3088//3100
