# Original asset generated in Blender
v -0.019167 0.765000 0.156000
v -0.020266 0.765154 0.156000
v -0.020925 0.765615 0.156000
v -0.021145 0.766385 0.156000
v -0.020925 0.767462 0.156000
v 0.017936 0.869449 0.156000
v 0.018024 0.869911 0.156000
v 0.017936 0.870241 0.156000
v 0.017672 0.870439 0.156000
v 0.017232 0.870505 0.156000
v -0.020573 0.870505 0.156000
v -0.020958 0.870450 0.156000
v -0.021233 0.870285 0.156000
v -0.021398 0.870010 0.156000
v -0.021453 0.869625 0.156000
v -0.021453 0.861713 0.156000
v -0.021491 0.861289 0.156000
v -0.021606 0.860899 0.156000
v -0.021799 0.860542 0.156000
v -0.022068 0.860218 0.156000
v -0.022392 0.859949 0.156000
v -0.022749 0.859756 0.156000
v -0.023140 0.859641 0.156000
v -0.023563 0.859602 0.156000
v -0.036223 0.859602 0.156000
v -0.036646 0.859641 0.156000
v -0.037037 0.859756 0.156000
v -0.037394 0.859949 0.156000
v -0.037718 0.860218 0.156000
v -0.037987 0.860542 0.156000
v -0.038179 0.860899 0.156000
v -0.038295 0.861289 0.156000
v -0.038333 0.861713 0.156000
v -0.038333 0.885979 0.156000
v -0.038295 0.886402 0.156000
v -0.038179 0.886792 0.156000
v -0.037987 0.887149 0.156000
v -0.037718 0.887473 0.156000
v -0.037394 0.887743 0.156000
v -0.037037 0.887935 0.156000
v -0.036646 0.888050 0.156000
v -0.036223 0.888089 0.156000
v 0.037806 0.888089 0.156000
v 0.038229 0.888050 0.156000
v 0.038619 0.887935 0.156000
v 0.038976 0.887743 0.156000
v 0.039300 0.887473 0.156000
v 0.039570 0.887149 0.156000
v 0.039762 0.886792 0.156000
v 0.039877 0.886402 0.156000
v 0.039916 0.885979 0.156000
v 0.039916 0.871911 0.156000
v 0.039883 0.871351 0.156000
v 0.039784 0.870724 0.156000
v 0.039619 0.870032 0.156000
v 0.039388 0.869274 0.156000
v 0.000703 0.766758 0.156000
v 0.000352 0.765989 0.156000
v -0.000176 0.765440 0.156000
v -0.000879 0.765110 0.156000
v -0.001758 0.765000 0.156000
v -0.019167 0.765000 0.154000
v -0.020266 0.765154 0.154000
v -0.020925 0.765615 0.154000
v -0.021145 0.766385 0.154000
v -0.020925 0.767462 0.154000
v 0.017936 0.869450 0.154000
v 0.018024 0.869911 0.154000
v 0.017936 0.870241 0.154000
v 0.017672 0.870439 0.154000
v 0.017232 0.870505 0.154000
v -0.020573 0.870505 0.154000
v -0.020958 0.870450 0.154000
v -0.021233 0.870285 0.154000
v -0.021398 0.870010 0.154000
v -0.021453 0.869625 0.154000
v -0.021453 0.861713 0.154000
v -0.021491 0.861289 0.154000
v -0.021606 0.860899 0.154000
v -0.021799 0.860542 0.154000
v -0.022068 0.860218 0.154000
v -0.022392 0.859949 0.154000
v -0.022749 0.859756 0.154000
v -0.023140 0.859641 0.154000
v -0.023563 0.859602 0.154000
v -0.036223 0.859602 0.154000
v -0.036646 0.859641 0.154000
v -0.037037 0.859756 0.154000
v -0.037394 0.859949 0.154000
v -0.037718 0.860218 0.154000
v -0.037987 0.860542 0.154000
v -0.038179 0.860899 0.154000
v -0.038295 0.861289 0.154000
v -0.038333 0.861713 0.154000
v -0.038333 0.885979 0.154000
v -0.038295 0.886402 0.154000
v -0.038179 0.886792 0.154000
v -0.037987 0.887149 0.154000
v -0.037718 0.887473 0.154000
v -0.037394 0.887743 0.154000
v -0.037037 0.887935 0.154000
v -0.036646 0.888050 0.154000
v -0.036223 0.888089 0.154000
v 0.037806 0.888089 0.154000
v 0.038229 0.888050 0.154000
v 0.038619 0.887935 0.154000
v 0.038976 0.887743 0.154000
v 0.039300 0.887473 0.154000
v 0.039570 0.887149 0.154000
v 0.039762 0.886792 0.154000
v 0.039877 0.886402 0.154000
v 0.039916 0.885979 0.154000
v 0.039916 0.871911 0.154000
v 0.039883 0.871351 0.154000
v 0.039784 0.870724 0.154000
v 0.039619 0.870032 0.154000
v 0.039388 0.869274 0.154000
v 0.000703 0.766758 0.154000
v 0.000352 0.765989 0.154000
v -0.000176 0.765440 0.154000
v -0.000879 0.765110 0.154000
v -0.001758 0.765000 0.154000
v -0.019167 0.765000 0.154000
v -0.019167 0.765000 0.156000
v -0.020266 0.765154 0.154000
v -0.020266 0.765154 0.156000
v -0.020925 0.765615 0.154000
v -0.020925 0.765615 0.156000
v -0.021145 0.766385 0.154000
v -0.021145 0.766385 0.156000
v -0.020925 0.767462 0.154000
v -0.020925 0.767462 0.156000
v 0.017936 0.869450 0.154000
v 0.017936 0.869449 0.156000
v 0.018024 0.869911 0.154000
v 0.018024 0.869911 0.156000
v 0.017936 0.870241 0.154000
v 0.017936 0.870241 0.156000
v 0.017672 0.870439 0.154000
v 0.017672 0.870439 0.156000
v 0.017232 0.870505 0.154000
v 0.017232 0.870505 0.156000
v -0.020573 0.870505 0.154000
v -0.020573 0.870505 0.156000
v -0.020958 0.870450 0.154000
v -0.020958 0.870450 0.156000
v -0.021233 0.870285 0.154000
v -0.021233 0.870285 0.156000
v -0.021398 0.870010 0.154000
v -0.021398 0.870010 0.156000
v -0.021453 0.869625 0.154000
v -0.021453 0.869625 0.156000
v -0.021453 0.861713 0.154000
v -0.021453 0.861713 0.156000
v -0.021491 0.861289 0.154000
v -0.021491 0.861289 0.156000
v -0.021606 0.860899 0.154000
v -0.021606 0.860899 0.156000
v -0.021799 0.860542 0.154000
v -0.021799 0.860542 0.156000
v -0.022068 0.860218 0.154000
v -0.022068 0.860218 0.156000
v -0.022392 0.859949 0.154000
v -0.022392 0.859949 0.156000
v -0.022749 0.859756 0.154000
v -0.022749 0.859756 0.156000
v -0.023140 0.859641 0.154000
v -0.023140 0.859641 0.156000
v -0.023563 0.859602 0.154000
v -0.023563 0.859602 0.156000
v -0.036223 0.859602 0.154000
v -0.036223 0.859602 0.156000
v -0.036646 0.859641 0.154000
v -0.036646 0.859641 0.156000
v -0.037037 0.859756 0.154000
v -0.037037 0.859756 0.156000
v -0.037394 0.859949 0.154000
v -0.037394 0.859949 0.156000
v -0.037718 0.860218 0.154000
v -0.037718 0.860218 0.156000
v -0.037987 0.860542 0.154000
v -0.037987 0.860542 0.156000
v -0.038179 0.860899 0.154000
v -0.038179 0.860899 0.156000
v -0.038295 0.861289 0.154000
v -0.038295 0.861289 0.156000
v -0.038333 0.861713 0.154000
v -0.038333 0.861713 0.156000
v -0.038333 0.885979 0.154000
v -0.038333 0.885979 0.156000
v -0.038295 0.886402 0.154000
v -0.038295 0.886402 0.156000
v -0.038179 0.886792 0.154000
v -0.038179 0.886792 0.156000
v -0.037987 0.887149 0.154000
v -0.037987 0.887149 0.156000
v -0.037718 0.887473 0.154000
v -0.037718 0.887473 0.156000
v -0.037394 0.887743 0.154000
v -0.037394 0.887743 0.156000
v -0.037037 0.887935 0.154000
v -0.037037 0.887935 0.156000
v -0.036646 0.888050 0.154000
v -0.036646 0.888050 0.156000
v -0.036223 0.888089 0.154000
v -0.036223 0.888089 0.156000
v 0.037806 0.888089 0.154000
v 0.037806 0.888089 0.156000
v 0.038229 0.888050 0.154000
v 0.038229 0.888050 0.156000
v 0.038619 0.887935 0.154000
v 0.038619 0.887935 0.156000
v 0.038976 0.887743 0.154000
v 0.038976 0.887743 0.156000
v 0.039300 0.887473 0.154000
v 0.039300 0.887473 0.156000
v 0.039570 0.887149 0.154000
v 0.039570 0.887149 0.156000
v 0.039762 0.886792 0.154000
v 0.039762 0.886792 0.156000
v 0.039877 0.886402 0.154000
v 0.039877 0.886402 0.156000
v 0.039916 0.885979 0.154000
v 0.039916 0.885979 0.156000
v 0.039916 0.871911 0.154000
v 0.039916 0.871911 0.156000
v 0.039883 0.871351 0.154000
v 0.039883 0.871351 0.156000
v 0.039784 0.870724 0.154000
v 0.039784 0.870724 0.156000
v 0.039619 0.870032 0.154000
v 0.039619 0.870032 0.156000
v 0.039388 0.869274 0.154000
v 0.039388 0.869274 0.156000
v 0.000703 0.766758 0.154000
v 0.000703 0.766758 0.156000
v 0.000352 0.765989 0.154000
v 0.000352 0.765989 0.156000
v -0.000176 0.765440 0.154000
v -0.000176 0.765440 0.156000
v -0.000879 0.765110 0.154000
v -0.000879 0.765110 0.156000
v -0.001758 0.765000 0.154000
v -0.001758 0.765000 0.156000
v 0.124732 0.264294 0.156000
v 0.124825 0.264285 0.156000
v 0.124912 0.264259 0.156000
v 0.124991 0.264217 0.156000
v 0.125063 0.264157 0.156000
v 0.125123 0.264085 0.156000
v 0.125165 0.264006 0.156000
v 0.125191 0.263919 0.156000
v 0.125200 0.263826 0.156000
v 0.125200 0.260823 0.156000
v 0.125191 0.260730 0.156000
v 0.125165 0.260643 0.156000
v 0.125123 0.260564 0.156000
v 0.125063 0.260492 0.156000
v 0.124991 0.260432 0.156000
v 0.124912 0.260390 0.156000
v 0.124825 0.260364 0.156000
v 0.124732 0.260355 0.156000
v 0.117557 0.260355 0.156000
v 0.117472 0.260343 0.156000
v 0.117411 0.260307 0.156000
v 0.117375 0.260246 0.156000
v 0.117362 0.260161 0.156000
v 0.117362 0.237468 0.156000
v 0.117354 0.237374 0.156000
v 0.117328 0.237288 0.156000
v 0.117286 0.237208 0.156000
v 0.117226 0.237136 0.156000
v 0.117154 0.237077 0.156000
v 0.117075 0.237034 0.156000
v 0.116988 0.237009 0.156000
v 0.116894 0.237000 0.156000
v 0.113307 0.237000 0.156000
v 0.113214 0.237009 0.156000
v 0.113127 0.237034 0.156000
v 0.113048 0.237077 0.156000
v 0.112976 0.237136 0.156000
v 0.112916 0.237208 0.156000
v 0.112874 0.237288 0.156000
v 0.112848 0.237374 0.156000
v 0.112839 0.237468 0.156000
v 0.112839 0.260161 0.156000
v 0.112827 0.260246 0.156000
v 0.112791 0.260307 0.156000
v 0.112730 0.260343 0.156000
v 0.112644 0.260355 0.156000
v 0.105743 0.260355 0.156000
v 0.105649 0.260364 0.156000
v 0.105563 0.260390 0.156000
v 0.105484 0.260432 0.156000
v 0.105412 0.260492 0.156000
v 0.105352 0.260564 0.156000
v 0.105309 0.260643 0.156000
v 0.105284 0.260730 0.156000
v 0.105275 0.260823 0.156000
v 0.105275 0.263826 0.156000
v 0.105284 0.263919 0.156000
v 0.105309 0.264006 0.156000
v 0.105352 0.264085 0.156000
v 0.105412 0.264157 0.156000
v 0.105484 0.264217 0.156000
v 0.105563 0.264259 0.156000
v 0.105649 0.264285 0.156000
v 0.105743 0.264294 0.156000
v 0.096580 0.263826 0.156000
v 0.096589 0.263919 0.156000
v 0.096614 0.264006 0.156000
v 0.096657 0.264085 0.156000
v 0.096717 0.264157 0.156000
v 0.096789 0.264217 0.156000
v 0.096868 0.264259 0.156000
v 0.096954 0.264285 0.156000
v 0.097048 0.264294 0.156000
v 0.100635 0.264294 0.156000
v 0.100729 0.264285 0.156000
v 0.100816 0.264259 0.156000
v 0.100895 0.264217 0.156000
v 0.100967 0.264157 0.156000
v 0.101026 0.264085 0.156000
v 0.101069 0.264006 0.156000
v 0.101095 0.263919 0.156000
v 0.101103 0.263826 0.156000
v 0.101103 0.237468 0.156000
v 0.101095 0.237374 0.156000
v 0.101069 0.237288 0.156000
v 0.101026 0.237208 0.156000
v 0.100967 0.237136 0.156000
v 0.100895 0.237077 0.156000
v 0.100816 0.237034 0.156000
v 0.100729 0.237009 0.156000
v 0.100635 0.237000 0.156000
v 0.097165 0.237000 0.156000
v 0.096985 0.237019 0.156000
v 0.096834 0.237078 0.156000
v 0.096712 0.237175 0.156000
v 0.096619 0.237312 0.156000
v 0.085390 0.255716 0.156000
v 0.085351 0.255766 0.156000
v 0.085312 0.255798 0.156000
v 0.085273 0.255814 0.156000
v 0.085234 0.255813 0.156000
v 0.085200 0.255795 0.156000
v 0.085175 0.255759 0.156000
v 0.085161 0.255707 0.156000
v 0.085156 0.255638 0.156000
v 0.085234 0.237468 0.156000
v 0.085225 0.237374 0.156000
v 0.085200 0.237288 0.156000
v 0.085157 0.237208 0.156000
v 0.085097 0.237136 0.156000
v 0.085026 0.237077 0.156000
v 0.084946 0.237034 0.156000
v 0.084860 0.237009 0.156000
v 0.084766 0.237000 0.156000
v 0.081179 0.237000 0.156000
v 0.081085 0.237009 0.156000
v 0.080999 0.237034 0.156000
v 0.080919 0.237077 0.156000
v 0.080847 0.237136 0.156000
v 0.080788 0.237208 0.156000
v 0.080745 0.237288 0.156000
v 0.080720 0.237374 0.156000
v 0.080711 0.237468 0.156000
v 0.080711 0.263826 0.156000
v 0.080720 0.263919 0.156000
v 0.080745 0.264006 0.156000
v 0.080788 0.264085 0.156000
v 0.080847 0.264157 0.156000
v 0.080919 0.264217 0.156000
v 0.080999 0.264259 0.156000
v 0.081085 0.264285 0.156000
v 0.081179 0.264294 0.156000
v 0.084649 0.264294 0.156000
v 0.084829 0.264274 0.156000
v 0.084980 0.264216 0.156000
v 0.085102 0.264118 0.156000
v 0.085195 0.263982 0.156000
v 0.096385 0.245578 0.156000
v 0.096424 0.245528 0.156000
v 0.096463 0.245495 0.156000
v 0.096502 0.245479 0.156000
v 0.096541 0.245480 0.156000
v 0.096575 0.245499 0.156000
v 0.096600 0.245534 0.156000
v 0.096614 0.245587 0.156000
v 0.096619 0.245656 0.156000
v 0.072367 0.237000 0.156000
v 0.072189 0.237024 0.156000
v 0.072045 0.237097 0.156000
v 0.071936 0.237219 0.156000
v 0.071860 0.237390 0.156000
v 0.070573 0.241562 0.156000
v 0.070532 0.241630 0.156000
v 0.070486 0.241679 0.156000
v 0.070434 0.241708 0.156000
v 0.070378 0.241718 0.156000
v 0.060085 0.241718 0.156000
v 0.060029 0.241708 0.156000
v 0.059978 0.241679 0.156000
v 0.059931 0.241630 0.156000
v 0.059890 0.241562 0.156000
v 0.058603 0.237390 0.156000
v 0.058528 0.237219 0.156000
v 0.058418 0.237097 0.156000
v 0.058274 0.237024 0.156000
v 0.058096 0.237000 0.156000
v 0.054197 0.237000 0.156000
v 0.054088 0.237009 0.156000
v 0.053993 0.237034 0.156000
v 0.053912 0.237077 0.156000
v 0.053846 0.237136 0.156000
v 0.053800 0.237213 0.156000
v 0.053778 0.237307 0.156000
v 0.053781 0.237418 0.156000
v 0.053807 0.237546 0.156000
v 0.062268 0.263904 0.156000
v 0.062344 0.264074 0.156000
v 0.062454 0.264196 0.156000
v 0.062597 0.264269 0.156000
v 0.062775 0.264294 0.156000
v 0.067649 0.264294 0.156000
v 0.067827 0.264269 0.156000
v 0.067971 0.264196 0.156000
v 0.068080 0.264074 0.156000
v 0.068156 0.263904 0.156000
v 0.076656 0.237546 0.156000
v 0.076673 0.237504 0.156000
v 0.076685 0.237458 0.156000
v 0.076692 0.237407 0.156000
v 0.076695 0.237351 0.156000
v 0.076668 0.237197 0.156000
v 0.076588 0.237088 0.156000
v 0.076454 0.237022 0.156000
v 0.076266 0.237000 0.156000
v 0.061099 0.245500 0.156000
v 0.061094 0.245398 0.156000
v 0.061118 0.245325 0.156000
v 0.061172 0.245281 0.156000
v 0.061255 0.245266 0.156000
v 0.069170 0.245266 0.156000
v 0.069267 0.245281 0.156000
v 0.069326 0.245325 0.156000
v 0.069345 0.245398 0.156000
v 0.069326 0.245500 0.156000
v 0.065310 0.258562 0.156000
v 0.065288 0.258630 0.156000
v 0.065261 0.258679 0.156000
v 0.065229 0.258708 0.156000
v 0.065193 0.258718 0.156000
v 0.065156 0.258708 0.156000
v 0.065124 0.258679 0.156000
v 0.065098 0.258630 0.156000
v 0.065076 0.258562 0.156000
v 0.031817 0.237000 0.156000
v 0.031723 0.237009 0.156000
v 0.031636 0.237034 0.156000
v 0.031557 0.237077 0.156000
v 0.031485 0.237136 0.156000
v 0.031425 0.237208 0.156000
v 0.031383 0.237288 0.156000
v 0.031357 0.237374 0.156000
v 0.031349 0.237468 0.156000
v 0.031349 0.263826 0.156000
v 0.031357 0.263919 0.156000
v 0.031383 0.264006 0.156000
v 0.031425 0.264085 0.156000
v 0.031485 0.264157 0.156000
v 0.031557 0.264217 0.156000
v 0.031636 0.264259 0.156000
v 0.031723 0.264285 0.156000
v 0.031817 0.264294 0.156000
v 0.041330 0.264294 0.156000
v 0.042673 0.264233 0.156000
v 0.043933 0.264050 0.156000
v 0.045110 0.263745 0.156000
v 0.046204 0.263319 0.156000
v 0.047197 0.262779 0.156000
v 0.048071 0.262134 0.156000
v 0.048825 0.261385 0.156000
v 0.049460 0.260531 0.156000
v 0.049963 0.259587 0.156000
v 0.050323 0.258567 0.156000
v 0.050538 0.257471 0.156000
v 0.050610 0.256300 0.156000
v 0.050610 0.244993 0.156000
v 0.050538 0.243822 0.156000
v 0.050323 0.242727 0.156000
v 0.049963 0.241707 0.156000
v 0.049460 0.240763 0.156000
v 0.048825 0.239908 0.156000
v 0.048071 0.239159 0.156000
v 0.047197 0.238515 0.156000
v 0.046204 0.237975 0.156000
v 0.045110 0.237548 0.156000
v 0.043933 0.237244 0.156000
v 0.042673 0.237061 0.156000
v 0.041330 0.237000 0.156000
v 0.035872 0.241094 0.156000
v 0.035884 0.241009 0.156000
v 0.035920 0.240948 0.156000
v 0.035981 0.240911 0.156000
v 0.036067 0.240899 0.156000
v 0.041525 0.240899 0.156000
v 0.042506 0.240981 0.156000
v 0.043382 0.241226 0.156000
v 0.044153 0.241634 0.156000
v 0.044820 0.242205 0.156000
v 0.045360 0.242913 0.156000
v 0.045751 0.243731 0.156000
v 0.045993 0.244658 0.156000
v 0.046087 0.245695 0.156000
v 0.046087 0.255560 0.156000
v 0.046009 0.256614 0.156000
v 0.045775 0.257553 0.156000
v 0.045385 0.258378 0.156000
v 0.044839 0.259088 0.156000
v 0.044162 0.259660 0.156000
v 0.043377 0.260068 0.156000
v 0.042485 0.260313 0.156000
v 0.041486 0.260394 0.156000
v 0.036067 0.260394 0.156000
v 0.035981 0.260382 0.156000
v 0.035920 0.260346 0.156000
v 0.035884 0.260285 0.156000
v 0.035872 0.260200 0.156000
v 0.021133 0.263826 0.156000
v 0.021142 0.263919 0.156000
v 0.021167 0.264006 0.156000
v 0.021210 0.264085 0.156000
v 0.021269 0.264157 0.156000
v 0.021341 0.264217 0.156000
v 0.021421 0.264259 0.156000
v 0.021507 0.264285 0.156000
v 0.021601 0.264294 0.156000
v 0.025188 0.264294 0.156000
v 0.025282 0.264285 0.156000
v 0.025368 0.264259 0.156000
v 0.025448 0.264217 0.156000
v 0.025519 0.264157 0.156000
v 0.025579 0.264085 0.156000
v 0.025622 0.264006 0.156000
v 0.025647 0.263919 0.156000
v 0.025656 0.263826 0.156000
v 0.025656 0.237468 0.156000
v 0.025647 0.237374 0.156000
v 0.025622 0.237288 0.156000
v 0.025579 0.237208 0.156000
v 0.025519 0.237136 0.156000
v 0.025448 0.237077 0.156000
v 0.025368 0.237034 0.156000
v 0.025282 0.237009 0.156000
v 0.025188 0.237000 0.156000
v 0.021718 0.237000 0.156000
v 0.021538 0.237019 0.156000
v 0.021386 0.237078 0.156000
v 0.021265 0.237175 0.156000
v 0.021172 0.237312 0.156000
v 0.009943 0.255716 0.156000
v 0.009904 0.255766 0.156000
v 0.009865 0.255798 0.156000
v 0.009826 0.255814 0.156000
v 0.009787 0.255813 0.156000
v 0.009753 0.255795 0.156000
v 0.009728 0.255759 0.156000
v 0.009714 0.255707 0.156000
v 0.009709 0.255638 0.156000
v 0.009787 0.237468 0.156000
v 0.009778 0.237374 0.156000
v 0.009753 0.237288 0.156000
v 0.009710 0.237208 0.156000
v 0.009650 0.237136 0.156000
v 0.009578 0.237077 0.156000
v 0.009499 0.237034 0.156000
v 0.009413 0.237009 0.156000
v 0.009319 0.237000 0.156000
v 0.005732 0.237000 0.156000
v 0.005638 0.237009 0.156000
v 0.005551 0.237034 0.156000
v 0.005472 0.237077 0.156000
v 0.005400 0.237136 0.156000
v 0.005341 0.237208 0.156000
v 0.005298 0.237288 0.156000
v 0.005272 0.237374 0.156000
v 0.005264 0.237468 0.156000
v 0.005264 0.263826 0.156000
v 0.005272 0.263919 0.156000
v 0.005298 0.264006 0.156000
v 0.005341 0.264085 0.156000
v 0.005400 0.264157 0.156000
v 0.005472 0.264217 0.156000
v 0.005551 0.264259 0.156000
v 0.005638 0.264285 0.156000
v 0.005732 0.264294 0.156000
v 0.009202 0.264294 0.156000
v 0.009382 0.264274 0.156000
v 0.009533 0.264216 0.156000
v 0.009655 0.264118 0.156000
v 0.009748 0.263982 0.156000
v 0.020938 0.245578 0.156000
v 0.020977 0.245528 0.156000
v 0.021016 0.245495 0.156000
v 0.021055 0.245479 0.156000
v 0.021094 0.245480 0.156000
v 0.021128 0.245499 0.156000
v 0.021153 0.245534 0.156000
v 0.021167 0.245587 0.156000
v 0.021172 0.245656 0.156000
v -0.003080 0.237000 0.156000
v -0.003258 0.237024 0.156000
v -0.003402 0.237097 0.156000
v -0.003512 0.237219 0.156000
v -0.003587 0.237390 0.156000
v -0.004874 0.241562 0.156000
v -0.004915 0.241630 0.156000
v -0.004962 0.241679 0.156000
v -0.005013 0.241708 0.156000
v -0.005069 0.241718 0.156000
v -0.015362 0.241718 0.156000
v -0.015418 0.241708 0.156000
v -0.015470 0.241679 0.156000
v -0.015516 0.241630 0.156000
v -0.015557 0.241562 0.156000
v -0.016844 0.237390 0.156000
v -0.016920 0.237219 0.156000
v -0.017029 0.237097 0.156000
v -0.017173 0.237024 0.156000
v -0.017351 0.237000 0.156000
v -0.021250 0.237000 0.156000
v -0.021360 0.237009 0.156000
v -0.021455 0.237034 0.156000
v -0.021535 0.237077 0.156000
v -0.021601 0.237136 0.156000
v -0.021647 0.237213 0.156000
v -0.021669 0.237307 0.156000
v -0.021667 0.237418 0.156000
v -0.021640 0.237546 0.156000
v -0.013179 0.263904 0.156000
v -0.013103 0.264074 0.156000
v -0.012994 0.264196 0.156000
v -0.012850 0.264269 0.156000
v -0.012672 0.264294 0.156000
v -0.007798 0.264294 0.156000
v -0.007620 0.264269 0.156000
v -0.007476 0.264196 0.156000
v -0.007367 0.264074 0.156000
v -0.007291 0.263904 0.156000
v 0.001209 0.237546 0.156000
v 0.001226 0.237504 0.156000
v 0.001238 0.237458 0.156000
v 0.001245 0.237407 0.156000
v 0.001248 0.237351 0.156000
v 0.001221 0.237197 0.156000
v 0.001140 0.237088 0.156000
v 0.001006 0.237022 0.156000
v 0.000819 0.237000 0.156000
v -0.014349 0.245500 0.156000
v -0.014354 0.245398 0.156000
v -0.014329 0.245325 0.156000
v -0.014276 0.245281 0.156000
v -0.014193 0.245266 0.156000
v -0.006278 0.245266 0.156000
v -0.006180 0.245281 0.156000
v -0.006122 0.245325 0.156000
v -0.006102 0.245398 0.156000
v -0.006122 0.245500 0.156000
v -0.010138 0.258562 0.156000
v -0.010160 0.258630 0.156000
v -0.010186 0.258679 0.156000
v -0.010218 0.258708 0.156000
v -0.010255 0.258718 0.156000
v -0.010291 0.258708 0.156000
v -0.010323 0.258679 0.156000
v -0.010350 0.258630 0.156000
v -0.010372 0.258562 0.156000
v -0.030296 0.263982 0.156000
v -0.030189 0.264118 0.156000
v -0.030062 0.264216 0.156000
v -0.029916 0.264274 0.156000
v -0.029750 0.264294 0.156000
v -0.026163 0.264294 0.156000
v -0.026069 0.264285 0.156000
v -0.025983 0.264259 0.156000
v -0.025903 0.264217 0.156000
v -0.025831 0.264157 0.156000
v -0.025772 0.264085 0.156000
v -0.025729 0.264006 0.156000
v -0.025703 0.263919 0.156000
v -0.025695 0.263826 0.156000
v -0.025695 0.237468 0.156000
v -0.025703 0.237374 0.156000
v -0.025729 0.237288 0.156000
v -0.025772 0.237208 0.156000
v -0.025831 0.237136 0.156000
v -0.025903 0.237077 0.156000
v -0.025983 0.237034 0.156000
v -0.026069 0.237009 0.156000
v -0.026163 0.237000 0.156000
v -0.029750 0.237000 0.156000
v -0.029844 0.237009 0.156000
v -0.029930 0.237034 0.156000
v -0.030010 0.237077 0.156000
v -0.030081 0.237136 0.156000
v -0.030141 0.237208 0.156000
v -0.030184 0.237288 0.156000
v -0.030209 0.237374 0.156000
v -0.030218 0.237468 0.156000
v -0.030218 0.256067 0.156000
v -0.030224 0.256120 0.156000
v -0.030242 0.256164 0.156000
v -0.030273 0.256198 0.156000
v -0.030315 0.256222 0.156000
v -0.030360 0.256232 0.156000
v -0.030398 0.256222 0.156000
v -0.030429 0.256193 0.156000
v -0.030452 0.256144 0.156000
v -0.035326 0.248658 0.156000
v -0.035433 0.248522 0.156000
v -0.035560 0.248424 0.156000
v -0.035706 0.248366 0.156000
v -0.035872 0.248346 0.156000
v -0.037665 0.248346 0.156000
v -0.037831 0.248366 0.156000
v -0.037977 0.248424 0.156000
v -0.038104 0.248522 0.156000
v -0.038211 0.248658 0.156000
v -0.043124 0.256105 0.156000
v -0.043147 0.256154 0.156000
v -0.043177 0.256184 0.156000
v -0.043215 0.256193 0.156000
v -0.043260 0.256184 0.156000
v -0.043303 0.256159 0.156000
v -0.043333 0.256125 0.156000
v -0.043352 0.256081 0.156000
v -0.043358 0.256028 0.156000
v -0.043358 0.237468 0.156000
v -0.043366 0.237374 0.156000
v -0.043392 0.237288 0.156000
v -0.043435 0.237208 0.156000
v -0.043494 0.237136 0.156000
v -0.043566 0.237077 0.156000
v -0.043645 0.237034 0.156000
v -0.043732 0.237009 0.156000
v -0.043826 0.237000 0.156000
v -0.047413 0.237000 0.156000
v -0.047507 0.237009 0.156000
v -0.047593 0.237034 0.156000
v -0.047672 0.237077 0.156000
v -0.047744 0.237136 0.156000
v -0.047804 0.237208 0.156000
v -0.047847 0.237288 0.156000
v -0.047872 0.237374 0.156000
v -0.047881 0.237468 0.156000
v -0.047881 0.263826 0.156000
v -0.047872 0.263919 0.156000
v -0.047847 0.264006 0.156000
v -0.047804 0.264085 0.156000
v -0.047744 0.264157 0.156000
v -0.047672 0.264217 0.156000
v -0.047593 0.264259 0.156000
v -0.047507 0.264285 0.156000
v -0.047413 0.264294 0.156000
v -0.043826 0.264294 0.156000
v -0.043660 0.264274 0.156000
v -0.043514 0.264216 0.156000
v -0.043387 0.264118 0.156000
v -0.043280 0.263982 0.156000
v -0.036924 0.254351 0.156000
v -0.036885 0.254317 0.156000
v -0.036846 0.254292 0.156000
v -0.036807 0.254278 0.156000
v -0.036768 0.254273 0.156000
v -0.036732 0.254278 0.156000
v -0.036700 0.254292 0.156000
v -0.036673 0.254317 0.156000
v -0.036651 0.254351 0.156000
v -0.058174 0.263982 0.156000
v -0.058067 0.264118 0.156000
v -0.057940 0.264216 0.156000
v -0.057794 0.264274 0.156000
v -0.057628 0.264294 0.156000
v -0.054041 0.264294 0.156000
v -0.053947 0.264285 0.156000
v -0.053861 0.264259 0.156000
v -0.053782 0.264217 0.156000
v -0.053710 0.264157 0.156000
v -0.053650 0.264085 0.156000
v -0.053608 0.264006 0.156000
v -0.053582 0.263919 0.156000
v -0.053573 0.263826 0.156000
v -0.053573 0.237468 0.156000
v -0.053582 0.237374 0.156000
v -0.053608 0.237288 0.156000
v -0.053650 0.237208 0.156000
v -0.053710 0.237136 0.156000
v -0.053782 0.237077 0.156000
v -0.053861 0.237034 0.156000
v -0.053947 0.237009 0.156000
v -0.054041 0.237000 0.156000
v -0.057628 0.237000 0.156000
v -0.057722 0.237009 0.156000
v -0.057809 0.237034 0.156000
v -0.057888 0.237077 0.156000
v -0.057960 0.237136 0.156000
v -0.058020 0.237208 0.156000
v -0.058062 0.237288 0.156000
v -0.058088 0.237374 0.156000
v -0.058096 0.237468 0.156000
v -0.058096 0.256067 0.156000
v -0.058102 0.256120 0.156000
v -0.058121 0.256164 0.156000
v -0.058151 0.256198 0.156000
v -0.058194 0.256222 0.156000
v -0.058239 0.256232 0.156000
v -0.058277 0.256222 0.156000
v -0.058307 0.256193 0.156000
v -0.058330 0.256144 0.156000
v -0.063204 0.248658 0.156000
v -0.063311 0.248522 0.156000
v -0.063438 0.248424 0.156000
v -0.063584 0.248366 0.156000
v -0.063750 0.248346 0.156000
v -0.065544 0.248346 0.156000
v -0.065709 0.248366 0.156000
v -0.065856 0.248424 0.156000
v -0.065982 0.248522 0.156000
v -0.066089 0.248658 0.156000
v -0.071002 0.256105 0.156000
v -0.071025 0.256154 0.156000
v -0.071056 0.256184 0.156000
v -0.071094 0.256193 0.156000
v -0.071139 0.256184 0.156000
v -0.071181 0.256159 0.156000
v -0.071212 0.256125 0.156000
v -0.071230 0.256081 0.156000
v -0.071236 0.256028 0.156000
v -0.071236 0.237468 0.156000
v -0.071245 0.237374 0.156000
v -0.071270 0.237288 0.156000
v -0.071313 0.237208 0.156000
v -0.071373 0.237136 0.156000
v -0.071445 0.237077 0.156000
v -0.071524 0.237034 0.156000
v -0.071610 0.237009 0.156000
v -0.071704 0.237000 0.156000
v -0.075291 0.237000 0.156000
v -0.075385 0.237009 0.156000
v -0.075472 0.237034 0.156000
v -0.075551 0.237077 0.156000
v -0.075623 0.237136 0.156000
v -0.075682 0.237208 0.156000
v -0.075725 0.237288 0.156000
v -0.075751 0.237374 0.156000
v -0.075759 0.237468 0.156000
v -0.075759 0.263826 0.156000
v -0.075751 0.263919 0.156000
v -0.075725 0.264006 0.156000
v -0.075682 0.264085 0.156000
v -0.075623 0.264157 0.156000
v -0.075551 0.264217 0.156000
v -0.075472 0.264259 0.156000
v -0.075385 0.264285 0.156000
v -0.075291 0.264294 0.156000
v -0.071704 0.264294 0.156000
v -0.071538 0.264274 0.156000
v -0.071392 0.264216 0.156000
v -0.071265 0.264118 0.156000
v -0.071158 0.263982 0.156000
v -0.064803 0.254351 0.156000
v -0.064764 0.254317 0.156000
v -0.064725 0.254292 0.156000
v -0.064686 0.254278 0.156000
v -0.064647 0.254273 0.156000
v -0.064610 0.254278 0.156000
v -0.064579 0.254292 0.156000
v -0.064552 0.254317 0.156000
v -0.064530 0.254351 0.156000
v -0.090732 0.236610 0.156000
v -0.092152 0.236684 0.156000
v -0.093490 0.236907 0.156000
v -0.094745 0.237279 0.156000
v -0.095917 0.237799 0.156000
v -0.096984 0.238456 0.156000
v -0.097921 0.239237 0.156000
v -0.098728 0.240142 0.156000
v -0.099407 0.241172 0.156000
v -0.099944 0.242305 0.156000
v -0.100328 0.243521 0.156000
v -0.100559 0.244820 0.156000
v -0.100635 0.246202 0.156000
v -0.100635 0.255092 0.156000
v -0.100557 0.256455 0.156000
v -0.100323 0.257738 0.156000
v -0.099933 0.258941 0.156000
v -0.099388 0.260063 0.156000
v -0.098702 0.261084 0.156000
v -0.097891 0.261983 0.156000
v -0.096957 0.262761 0.156000
v -0.095898 0.263416 0.156000
v -0.094734 0.263937 0.156000
v -0.093485 0.264308 0.156000
v -0.092151 0.264531 0.156000
v -0.090732 0.264606 0.156000
v -0.089295 0.264531 0.156000
v -0.087949 0.264308 0.156000
v -0.086692 0.263937 0.156000
v -0.085526 0.263416 0.156000
v -0.084468 0.262761 0.156000
v -0.083533 0.261983 0.156000
v -0.082723 0.261084 0.156000
v -0.082037 0.260063 0.156000
v -0.081491 0.258941 0.156000
v -0.081101 0.257738 0.156000
v -0.080867 0.256455 0.156000
v -0.080789 0.255092 0.156000
v -0.080789 0.246202 0.156000
v -0.080867 0.244820 0.156000
v -0.081101 0.243521 0.156000
v -0.081491 0.242305 0.156000
v -0.082037 0.241172 0.156000
v -0.082723 0.240142 0.156000
v -0.083533 0.239237 0.156000
v -0.084468 0.238456 0.156000
v -0.085526 0.237799 0.156000
v -0.086692 0.237279 0.156000
v -0.087949 0.236907 0.156000
v -0.089295 0.236684 0.156000
v -0.090732 0.240509 0.156000
v -0.089564 0.240604 0.156000
v -0.088519 0.240889 0.156000
v -0.087595 0.241365 0.156000
v -0.086794 0.242030 0.156000
v -0.086145 0.242851 0.156000
v -0.085682 0.243794 0.156000
v -0.085405 0.244859 0.156000
v -0.085312 0.246046 0.156000
v -0.085312 0.255131 0.156000
v -0.085405 0.256335 0.156000
v -0.085682 0.257412 0.156000
v -0.086145 0.258362 0.156000
v -0.086794 0.259186 0.156000
v -0.087595 0.259851 0.156000
v -0.088519 0.260326 0.156000
v -0.089564 0.260611 0.156000
v -0.090732 0.260706 0.156000
v -0.091882 0.260611 0.156000
v -0.092915 0.260326 0.156000
v -0.093831 0.259851 0.156000
v -0.094631 0.259186 0.156000
v -0.095279 0.258362 0.156000
v -0.095742 0.257412 0.156000
v -0.096020 0.256335 0.156000
v -0.096112 0.255131 0.156000
v -0.096112 0.246046 0.156000
v -0.096020 0.244859 0.156000
v -0.095742 0.243794 0.156000
v -0.095279 0.242851 0.156000
v -0.094631 0.242030 0.156000
v -0.093831 0.241365 0.156000
v -0.092915 0.240889 0.156000
v -0.091882 0.240604 0.156000
v -0.114555 0.236688 0.156000
v -0.115973 0.236760 0.156000
v -0.117304 0.236976 0.156000
v -0.118547 0.237335 0.156000
v -0.119702 0.237838 0.156000
v -0.120750 0.238471 0.156000
v -0.121671 0.239218 0.156000
v -0.122465 0.240079 0.156000
v -0.123133 0.241055 0.156000
v -0.123662 0.242130 0.156000
v -0.124040 0.243287 0.156000
v -0.124266 0.244528 0.156000
v -0.124342 0.245851 0.156000
v -0.124342 0.255482 0.156000
v -0.124266 0.256805 0.156000
v -0.124040 0.258045 0.156000
v -0.123662 0.259203 0.156000
v -0.123133 0.260278 0.156000
v -0.122465 0.261252 0.156000
v -0.121671 0.262110 0.156000
v -0.120750 0.262851 0.156000
v -0.119702 0.263475 0.156000
v -0.118547 0.263969 0.156000
v -0.117304 0.264323 0.156000
v -0.115973 0.264535 0.156000
v -0.114555 0.264606 0.156000
v -0.113154 0.264537 0.156000
v -0.111835 0.264333 0.156000
v -0.110600 0.263991 0.156000
v -0.109447 0.263514 0.156000
v -0.108399 0.262912 0.156000
v -0.107478 0.262198 0.156000
v -0.106684 0.261372 0.156000
v -0.106016 0.260433 0.156000
v -0.105487 0.259400 0.156000
v -0.105110 0.258289 0.156000
v -0.104883 0.257100 0.156000
v -0.104807 0.255833 0.156000
v -0.104816 0.255739 0.156000
v -0.104841 0.255652 0.156000
v -0.104884 0.255573 0.156000
v -0.104944 0.255501 0.156000
v -0.105016 0.255441 0.156000
v -0.105095 0.255399 0.156000
v -0.105181 0.255373 0.156000
v -0.105275 0.255365 0.156000
v -0.108862 0.255170 0.156000
v -0.109067 0.255197 0.156000
v -0.109213 0.255277 0.156000
v -0.109301 0.255411 0.156000
v -0.109330 0.255599 0.156000
v -0.109419 0.256693 0.156000
v -0.109686 0.257675 0.156000
v -0.110131 0.258545 0.156000
v -0.110753 0.259303 0.156000
v -0.111525 0.259917 0.156000
v -0.112415 0.260355 0.156000
v -0.113426 0.260619 0.156000
v -0.114555 0.260706 0.156000
v -0.115686 0.260619 0.156000
v -0.116700 0.260355 0.156000
v -0.117596 0.259917 0.156000
v -0.118376 0.259303 0.156000
v -0.119007 0.258545 0.156000
v -0.119458 0.257675 0.156000
v -0.119729 0.256693 0.156000
v -0.119819 0.255599 0.156000
v -0.119819 0.245656 0.156000
v -0.119729 0.244579 0.156000
v -0.119458 0.243609 0.156000
v -0.119007 0.242746 0.156000
v -0.118376 0.241991 0.156000
v -0.117596 0.241377 0.156000
v -0.116700 0.240938 0.156000
v -0.115686 0.240675 0.156000
v -0.114555 0.240587 0.156000
v -0.113426 0.240674 0.156000
v -0.112415 0.240933 0.156000
v -0.111525 0.241366 0.156000
v -0.110753 0.241971 0.156000
v -0.110131 0.242721 0.156000
v -0.109686 0.243585 0.156000
v -0.109419 0.244563 0.156000
v -0.109330 0.245656 0.156000
v -0.109301 0.245844 0.156000
v -0.109213 0.245978 0.156000
v -0.109067 0.246058 0.156000
v -0.108862 0.246085 0.156000
v -0.105275 0.245929 0.156000
v -0.105181 0.245922 0.156000
v -0.105095 0.245900 0.156000
v -0.105016 0.245863 0.156000
v -0.104944 0.245812 0.156000
v -0.104884 0.245751 0.156000
v -0.104841 0.245685 0.156000
v -0.104816 0.245615 0.156000
v -0.104807 0.245539 0.156000
v -0.104883 0.244254 0.156000
v -0.105110 0.243048 0.156000
v -0.105487 0.241924 0.156000
v -0.106016 0.240880 0.156000
v -0.106684 0.239933 0.156000
v -0.107478 0.239101 0.156000
v -0.108399 0.238383 0.156000
v -0.109447 0.237780 0.156000
v -0.110600 0.237302 0.156000
v -0.111835 0.236961 0.156000
v -0.113154 0.236756 0.156000
v 0.124732 0.264294 0.154000
v 0.124825 0.264285 0.154000
v 0.124912 0.264259 0.154000
v 0.124991 0.264217 0.154000
v 0.125063 0.264157 0.154000
v 0.125123 0.264085 0.154000
v 0.125165 0.264006 0.154000
v 0.125191 0.263919 0.154000
v 0.125200 0.263826 0.154000
v 0.125200 0.260823 0.154000
v 0.125191 0.260730 0.154000
v 0.125165 0.260643 0.154000
v 0.125123 0.260564 0.154000
v 0.125063 0.260492 0.154000
v 0.124991 0.260432 0.154000
v 0.124912 0.260390 0.154000
v 0.124825 0.260364 0.154000
v 0.124732 0.260355 0.154000
v 0.117557 0.260355 0.154000
v 0.117472 0.260343 0.154000
v 0.117411 0.260307 0.154000
v 0.117375 0.260246 0.154000
v 0.117362 0.260161 0.154000
v 0.117362 0.237468 0.154000
v 0.117354 0.237374 0.154000
v 0.117328 0.237288 0.154000
v 0.117286 0.237208 0.154000
v 0.117226 0.237136 0.154000
v 0.117154 0.237077 0.154000
v 0.117075 0.237034 0.154000
v 0.116988 0.237009 0.154000
v 0.116894 0.237000 0.154000
v 0.113307 0.237000 0.154000
v 0.113214 0.237009 0.154000
v 0.113127 0.237034 0.154000
v 0.113048 0.237077 0.154000
v 0.112976 0.237136 0.154000
v 0.112916 0.237208 0.154000
v 0.112874 0.237288 0.154000
v 0.112848 0.237374 0.154000
v 0.112839 0.237468 0.154000
v 0.112839 0.260161 0.154000
v 0.112827 0.260246 0.154000
v 0.112791 0.260307 0.154000
v 0.112730 0.260343 0.154000
v 0.112644 0.260355 0.154000
v 0.105743 0.260355 0.154000
v 0.105649 0.260364 0.154000
v 0.105563 0.260390 0.154000
v 0.105484 0.260432 0.154000
v 0.105412 0.260492 0.154000
v 0.105352 0.260564 0.154000
v 0.105309 0.260643 0.154000
v 0.105284 0.260730 0.154000
v 0.105275 0.260823 0.154000
v 0.105275 0.263826 0.154000
v 0.105284 0.263919 0.154000
v 0.105309 0.264006 0.154000
v 0.105352 0.264085 0.154000
v 0.105412 0.264157 0.154000
v 0.105484 0.264217 0.154000
v 0.105563 0.264259 0.154000
v 0.105649 0.264285 0.154000
v 0.105743 0.264294 0.154000
v 0.096580 0.263826 0.154000
v 0.096589 0.263919 0.154000
v 0.096614 0.264006 0.154000
v 0.096657 0.264085 0.154000
v 0.096717 0.264157 0.154000
v 0.096789 0.264217 0.154000
v 0.096868 0.264259 0.154000
v 0.096954 0.264285 0.154000
v 0.097048 0.264294 0.154000
v 0.100635 0.264294 0.154000
v 0.100729 0.264285 0.154000
v 0.100816 0.264259 0.154000
v 0.100895 0.264217 0.154000
v 0.100967 0.264157 0.154000
v 0.101026 0.264085 0.154000
v 0.101069 0.264006 0.154000
v 0.101095 0.263919 0.154000
v 0.101103 0.263826 0.154000
v 0.101103 0.237468 0.154000
v 0.101095 0.237374 0.154000
v 0.101069 0.237288 0.154000
v 0.101026 0.237208 0.154000
v 0.100967 0.237136 0.154000
v 0.100895 0.237077 0.154000
v 0.100816 0.237034 0.154000
v 0.100729 0.237009 0.154000
v 0.100635 0.237000 0.154000
v 0.097165 0.237000 0.154000
v 0.096985 0.237019 0.154000
v 0.096834 0.237078 0.154000
v 0.096712 0.237175 0.154000
v 0.096619 0.237312 0.154000
v 0.085390 0.255716 0.154000
v 0.085351 0.255766 0.154000
v 0.085312 0.255798 0.154000
v 0.085273 0.255814 0.154000
v 0.085234 0.255813 0.154000
v 0.085200 0.255795 0.154000
v 0.085175 0.255759 0.154000
v 0.085161 0.255707 0.154000
v 0.085156 0.255638 0.154000
v 0.085234 0.237468 0.154000
v 0.085225 0.237374 0.154000
v 0.085200 0.237288 0.154000
v 0.085157 0.237208 0.154000
v 0.085097 0.237136 0.154000
v 0.085026 0.237077 0.154000
v 0.084946 0.237034 0.154000
v 0.084860 0.237009 0.154000
v 0.084766 0.237000 0.154000
v 0.081179 0.237000 0.154000
v 0.081085 0.237009 0.154000
v 0.080999 0.237034 0.154000
v 0.080919 0.237077 0.154000
v 0.080847 0.237136 0.154000
v 0.080788 0.237208 0.154000
v 0.080745 0.237288 0.154000
v 0.080720 0.237374 0.154000
v 0.080711 0.237468 0.154000
v 0.080711 0.263826 0.154000
v 0.080720 0.263919 0.154000
v 0.080745 0.264006 0.154000
v 0.080788 0.264085 0.154000
v 0.080847 0.264157 0.154000
v 0.080919 0.264217 0.154000
v 0.080999 0.264259 0.154000
v 0.081085 0.264285 0.154000
v 0.081179 0.264294 0.154000
v 0.084649 0.264294 0.154000
v 0.084829 0.264274 0.154000
v 0.084980 0.264216 0.154000
v 0.085102 0.264118 0.154000
v 0.085195 0.263982 0.154000
v 0.096385 0.245578 0.154000
v 0.096424 0.245528 0.154000
v 0.096463 0.245495 0.154000
v 0.096502 0.245479 0.154000
v 0.096541 0.245480 0.154000
v 0.096575 0.245499 0.154000
v 0.096600 0.245534 0.154000
v 0.096614 0.245587 0.154000
v 0.096619 0.245656 0.154000
v 0.072367 0.237000 0.154000
v 0.072189 0.237024 0.154000
v 0.072045 0.237097 0.154000
v 0.071936 0.237219 0.154000
v 0.071860 0.237390 0.154000
v 0.070573 0.241562 0.154000
v 0.070532 0.241630 0.154000
v 0.070486 0.241679 0.154000
v 0.070434 0.241708 0.154000
v 0.070378 0.241718 0.154000
v 0.060085 0.241718 0.154000
v 0.060029 0.241708 0.154000
v 0.059978 0.241679 0.154000
v 0.059931 0.241630 0.154000
v 0.059890 0.241562 0.154000
v 0.058603 0.237390 0.154000
v 0.058528 0.237219 0.154000
v 0.058418 0.237097 0.154000
v 0.058274 0.237024 0.154000
v 0.058096 0.237000 0.154000
v 0.054197 0.237000 0.154000
v 0.054088 0.237009 0.154000
v 0.053993 0.237034 0.154000
v 0.053912 0.237077 0.154000
v 0.053846 0.237136 0.154000
v 0.053800 0.237213 0.154000
v 0.053778 0.237307 0.154000
v 0.053781 0.237418 0.154000
v 0.053807 0.237546 0.154000
v 0.062268 0.263904 0.154000
v 0.062344 0.264074 0.154000
v 0.062454 0.264196 0.154000
v 0.062597 0.264269 0.154000
v 0.062775 0.264294 0.154000
v 0.067649 0.264294 0.154000
v 0.067827 0.264269 0.154000
v 0.067971 0.264196 0.154000
v 0.068080 0.264074 0.154000
v 0.068156 0.263904 0.154000
v 0.076656 0.237546 0.154000
v 0.076673 0.237504 0.154000
v 0.076685 0.237458 0.154000
v 0.076692 0.237407 0.154000
v 0.076695 0.237351 0.154000
v 0.076668 0.237197 0.154000
v 0.076588 0.237088 0.154000
v 0.076454 0.237022 0.154000
v 0.076266 0.237000 0.154000
v 0.061099 0.245500 0.154000
v 0.061094 0.245398 0.154000
v 0.061118 0.245325 0.154000
v 0.061172 0.245281 0.154000
v 0.061255 0.245266 0.154000
v 0.069170 0.245266 0.154000
v 0.069267 0.245281 0.154000
v 0.069326 0.245325 0.154000
v 0.069345 0.245398 0.154000
v 0.069326 0.245500 0.154000
v 0.065310 0.258562 0.154000
v 0.065288 0.258630 0.154000
v 0.065261 0.258679 0.154000
v 0.065229 0.258708 0.154000
v 0.065193 0.258718 0.154000
v 0.065156 0.258708 0.154000
v 0.065124 0.258679 0.154000
v 0.065098 0.258630 0.154000
v 0.065076 0.258562 0.154000
v 0.031817 0.237000 0.154000
v 0.031723 0.237009 0.154000
v 0.031636 0.237034 0.154000
v 0.031557 0.237077 0.154000
v 0.031485 0.237136 0.154000
v 0.031425 0.237208 0.154000
v 0.031383 0.237288 0.154000
v 0.031357 0.237374 0.154000
v 0.031349 0.237468 0.154000
v 0.031349 0.263826 0.154000
v 0.031357 0.263919 0.154000
v 0.031383 0.264006 0.154000
v 0.031425 0.264085 0.154000
v 0.031485 0.264157 0.154000
v 0.031557 0.264217 0.154000
v 0.031636 0.264259 0.154000
v 0.031723 0.264285 0.154000
v 0.031817 0.264294 0.154000
v 0.041330 0.264294 0.154000
v 0.042673 0.264233 0.154000
v 0.043933 0.264050 0.154000
v 0.045110 0.263745 0.154000
v 0.046204 0.263319 0.154000
v 0.047197 0.262779 0.154000
v 0.048071 0.262134 0.154000
v 0.048825 0.261385 0.154000
v 0.049460 0.260531 0.154000
v 0.049963 0.259587 0.154000
v 0.050323 0.258567 0.154000
v 0.050538 0.257471 0.154000
v 0.050610 0.256300 0.154000
v 0.050610 0.244993 0.154000
v 0.050538 0.243822 0.154000
v 0.050323 0.242727 0.154000
v 0.049963 0.241707 0.154000
v 0.049460 0.240763 0.154000
v 0.048825 0.239908 0.154000
v 0.048071 0.239159 0.154000
v 0.047197 0.238515 0.154000
v 0.046204 0.237975 0.154000
v 0.045110 0.237548 0.154000
v 0.043933 0.237244 0.154000
v 0.042673 0.237061 0.154000
v 0.041330 0.237000 0.154000
v 0.035872 0.241094 0.154000
v 0.035884 0.241009 0.154000
v 0.035920 0.240948 0.154000
v 0.035981 0.240911 0.154000
v 0.036067 0.240899 0.154000
v 0.041525 0.240899 0.154000
v 0.042506 0.240981 0.154000
v 0.043382 0.241226 0.154000
v 0.044153 0.241634 0.154000
v 0.044820 0.242205 0.154000
v 0.045360 0.242913 0.154000
v 0.045751 0.243731 0.154000
v 0.045993 0.244658 0.154000
v 0.046087 0.245695 0.154000
v 0.046087 0.255560 0.154000
v 0.046009 0.256614 0.154000
v 0.045775 0.257553 0.154000
v 0.045385 0.258378 0.154000
v 0.044839 0.259088 0.154000
v 0.044162 0.259660 0.154000
v 0.043377 0.260068 0.154000
v 0.042485 0.260313 0.154000
v 0.041486 0.260394 0.154000
v 0.036067 0.260394 0.154000
v 0.035981 0.260382 0.154000
v 0.035920 0.260346 0.154000
v 0.035884 0.260285 0.154000
v 0.035872 0.260200 0.154000
v 0.021133 0.263826 0.154000
v 0.021142 0.263919 0.154000
v 0.021167 0.264006 0.154000
v 0.021210 0.264085 0.154000
v 0.021269 0.264157 0.154000
v 0.021341 0.264217 0.154000
v 0.021421 0.264259 0.154000
v 0.021507 0.264285 0.154000
v 0.021601 0.264294 0.154000
v 0.025188 0.264294 0.154000
v 0.025282 0.264285 0.154000
v 0.025368 0.264259 0.154000
v 0.025448 0.264217 0.154000
v 0.025519 0.264157 0.154000
v 0.025579 0.264085 0.154000
v 0.025622 0.264006 0.154000
v 0.025647 0.263919 0.154000
v 0.025656 0.263826 0.154000
v 0.025656 0.237468 0.154000
v 0.025647 0.237374 0.154000
v 0.025622 0.237288 0.154000
v 0.025579 0.237208 0.154000
v 0.025519 0.237136 0.154000
v 0.025448 0.237077 0.154000
v 0.025368 0.237034 0.154000
v 0.025282 0.237009 0.154000
v 0.025188 0.237000 0.154000
v 0.021718 0.237000 0.154000
v 0.021538 0.237019 0.154000
v 0.021386 0.237078 0.154000
v 0.021265 0.237175 0.154000
v 0.021172 0.237312 0.154000
v 0.009943 0.255716 0.154000
v 0.009904 0.255766 0.154000
v 0.009865 0.255798 0.154000
v 0.009826 0.255814 0.154000
v 0.009787 0.255813 0.154000
v 0.009753 0.255795 0.154000
v 0.009728 0.255759 0.154000
v 0.009714 0.255707 0.154000
v 0.009709 0.255638 0.154000
v 0.009787 0.237468 0.154000
v 0.009778 0.237374 0.154000
v 0.009753 0.237288 0.154000
v 0.009710 0.237208 0.154000
v 0.009650 0.237136 0.154000
v 0.009578 0.237077 0.154000
v 0.009499 0.237034 0.154000
v 0.009413 0.237009 0.154000
v 0.009319 0.237000 0.154000
v 0.005732 0.237000 0.154000
v 0.005638 0.237009 0.154000
v 0.005551 0.237034 0.154000
v 0.005472 0.237077 0.154000
v 0.005400 0.237136 0.154000
v 0.005341 0.237208 0.154000
v 0.005298 0.237288 0.154000
v 0.005272 0.237374 0.154000
v 0.005264 0.237468 0.154000
v 0.005264 0.263826 0.154000
v 0.005272 0.263919 0.154000
v 0.005298 0.264006 0.154000
v 0.005341 0.264085 0.154000
v 0.005400 0.264157 0.154000
v 0.005472 0.264217 0.154000
v 0.005551 0.264259 0.154000
v 0.005638 0.264285 0.154000
v 0.005732 0.264294 0.154000
v 0.009202 0.264294 0.154000
v 0.009382 0.264274 0.154000
v 0.009533 0.264216 0.154000
v 0.009655 0.264118 0.154000
v 0.009748 0.263982 0.154000
v 0.020938 0.245578 0.154000
v 0.020977 0.245528 0.154000
v 0.021016 0.245495 0.154000
v 0.021055 0.245479 0.154000
v 0.021094 0.245480 0.154000
v 0.021128 0.245499 0.154000
v 0.021153 0.245534 0.154000
v 0.021167 0.245587 0.154000
v 0.021172 0.245656 0.154000
v -0.003080 0.237000 0.154000
v -0.003258 0.237024 0.154000
v -0.003402 0.237097 0.154000
v -0.003512 0.237219 0.154000
v -0.003587 0.237390 0.154000
v -0.004874 0.241562 0.154000
v -0.004915 0.241630 0.154000
v -0.004962 0.241679 0.154000
v -0.005013 0.241708 0.154000
v -0.005069 0.241718 0.154000
v -0.015362 0.241718 0.154000
v -0.015418 0.241708 0.154000
v -0.015470 0.241679 0.154000
v -0.015516 0.241630 0.154000
v -0.015557 0.241562 0.154000
v -0.016844 0.237390 0.154000
v -0.016920 0.237219 0.154000
v -0.017029 0.237097 0.154000
v -0.017173 0.237024 0.154000
v -0.017351 0.237000 0.154000
v -0.021250 0.237000 0.154000
v -0.021360 0.237009 0.154000
v -0.021455 0.237034 0.154000
v -0.021535 0.237077 0.154000
v -0.021601 0.237136 0.154000
v -0.021647 0.237213 0.154000
v -0.021669 0.237307 0.154000
v -0.021667 0.237418 0.154000
v -0.021640 0.237546 0.154000
v -0.013179 0.263904 0.154000
v -0.013103 0.264074 0.154000
v -0.012994 0.264196 0.154000
v -0.012850 0.264269 0.154000
v -0.012672 0.264294 0.154000
v -0.007798 0.264294 0.154000
v -0.007620 0.264269 0.154000
v -0.007476 0.264196 0.154000
v -0.007367 0.264074 0.154000
v -0.007291 0.263904 0.154000
v 0.001209 0.237546 0.154000
v 0.001226 0.237504 0.154000
v 0.001238 0.237458 0.154000
v 0.001245 0.237407 0.154000
v 0.001248 0.237351 0.154000
v 0.001221 0.237197 0.154000
v 0.001140 0.237088 0.154000
v 0.001006 0.237022 0.154000
v 0.000819 0.237000 0.154000
v -0.014349 0.245500 0.154000
v -0.014354 0.245398 0.154000
v -0.014329 0.245325 0.154000
v -0.014276 0.245281 0.154000
v -0.014193 0.245266 0.154000
v -0.006278 0.245266 0.154000
v -0.006180 0.245281 0.154000
v -0.006122 0.245325 0.154000
v -0.006102 0.245398 0.154000
v -0.006122 0.245500 0.154000
v -0.010138 0.258562 0.154000
v -0.010160 0.258630 0.154000
v -0.010186 0.258679 0.154000
v -0.010218 0.258708 0.154000
v -0.010255 0.258718 0.154000
v -0.010291 0.258708 0.154000
v -0.010323 0.258679 0.154000
v -0.010350 0.258630 0.154000
v -0.010372 0.258562 0.154000
v -0.030296 0.263982 0.154000
v -0.030189 0.264118 0.154000
v -0.030062 0.264216 0.154000
v -0.029916 0.264274 0.154000
v -0.029750 0.264294 0.154000
v -0.026163 0.264294 0.154000
v -0.026069 0.264285 0.154000
v -0.025983 0.264259 0.154000
v -0.025903 0.264217 0.154000
v -0.025831 0.264157 0.154000
v -0.025772 0.264085 0.154000
v -0.025729 0.264006 0.154000
v -0.025703 0.263919 0.154000
v -0.025695 0.263826 0.154000
v -0.025695 0.237468 0.154000
v -0.025703 0.237374 0.154000
v -0.025729 0.237288 0.154000
v -0.025772 0.237208 0.154000
v -0.025831 0.237136 0.154000
v -0.025903 0.237077 0.154000
v -0.025983 0.237034 0.154000
v -0.026069 0.237009 0.154000
v -0.026163 0.237000 0.154000
v -0.029750 0.237000 0.154000
v -0.029844 0.237009 0.154000
v -0.029930 0.237034 0.154000
v -0.030010 0.237077 0.154000
v -0.030081 0.237136 0.154000
v -0.030141 0.237208 0.154000
v -0.030184 0.237288 0.154000
v -0.030209 0.237374 0.154000
v -0.030218 0.237468 0.154000
v -0.030218 0.256067 0.154000
v -0.030224 0.256120 0.154000
v -0.030242 0.256164 0.154000
v -0.030273 0.256198 0.154000
v -0.030315 0.256222 0.154000
v -0.030360 0.256232 0.154000
v -0.030398 0.256222 0.154000
v -0.030429 0.256193 0.154000
v -0.030452 0.256144 0.154000
v -0.035326 0.248658 0.154000
v -0.035433 0.248522 0.154000
v -0.035560 0.248424 0.154000
v -0.035706 0.248366 0.154000
v -0.035872 0.248346 0.154000
v -0.037665 0.248346 0.154000
v -0.037831 0.248366 0.154000
v -0.037977 0.248424 0.154000
v -0.038104 0.248522 0.154000
v -0.038211 0.248658 0.154000
v -0.043124 0.256105 0.154000
v -0.043147 0.256154 0.154000
v -0.043177 0.256184 0.154000
v -0.043215 0.256193 0.154000
v -0.043260 0.256184 0.154000
v -0.043303 0.256159 0.154000
v -0.043333 0.256125 0.154000
v -0.043352 0.256081 0.154000
v -0.043358 0.256028 0.154000
v -0.043358 0.237468 0.154000
v -0.043366 0.237374 0.154000
v -0.043392 0.237288 0.154000
v -0.043435 0.237208 0.154000
v -0.043494 0.237136 0.154000
v -0.043566 0.237077 0.154000
v -0.043645 0.237034 0.154000
v -0.043732 0.237009 0.154000
v -0.043826 0.237000 0.154000
v -0.047413 0.237000 0.154000
v -0.047507 0.237009 0.154000
v -0.047593 0.237034 0.154000
v -0.047672 0.237077 0.154000
v -0.047744 0.237136 0.154000
v -0.047804 0.237208 0.154000
v -0.047847 0.237288 0.154000
v -0.047872 0.237374 0.154000
v -0.047881 0.237468 0.154000
v -0.047881 0.263826 0.154000
v -0.047872 0.263919 0.154000
v -0.047847 0.264006 0.154000
v -0.047804 0.264085 0.154000
v -0.047744 0.264157 0.154000
v -0.047672 0.264217 0.154000
v -0.047593 0.264259 0.154000
v -0.047507 0.264285 0.154000
v -0.047413 0.264294 0.154000
v -0.043826 0.264294 0.154000
v -0.043660 0.264274 0.154000
v -0.043514 0.264216 0.154000
v -0.043387 0.264118 0.154000
v -0.043280 0.263982 0.154000
v -0.036924 0.254351 0.154000
v -0.036885 0.254317 0.154000
v -0.036846 0.254292 0.154000
v -0.036807 0.254278 0.154000
v -0.036768 0.254273 0.154000
v -0.036732 0.254278 0.154000
v -0.036700 0.254292 0.154000
v -0.036673 0.254317 0.154000
v -0.036651 0.254351 0.154000
v -0.058174 0.263982 0.154000
v -0.058067 0.264118 0.154000
v -0.057940 0.264216 0.154000
v -0.057794 0.264274 0.154000
v -0.057628 0.264294 0.154000
v -0.054041 0.264294 0.154000
v -0.053947 0.264285 0.154000
v -0.053861 0.264259 0.154000
v -0.053782 0.264217 0.154000
v -0.053710 0.264157 0.154000
v -0.053650 0.264085 0.154000
v -0.053608 0.264006 0.154000
v -0.053582 0.263919 0.154000
v -0.053573 0.263826 0.154000
v -0.053573 0.237468 0.154000
v -0.053582 0.237374 0.154000
v -0.053608 0.237288 0.154000
v -0.053650 0.237208 0.154000
v -0.053710 0.237136 0.154000
v -0.053782 0.237077 0.154000
v -0.053861 0.237034 0.154000
v -0.053947 0.237009 0.154000
v -0.054041 0.237000 0.154000
v -0.057628 0.237000 0.154000
v -0.057722 0.237009 0.154000
v -0.057809 0.237034 0.154000
v -0.057888 0.237077 0.154000
v -0.057960 0.237136 0.154000
v -0.058020 0.237208 0.154000
v -0.058062 0.237288 0.154000
v -0.058088 0.237374 0.154000
v -0.058096 0.237468 0.154000
v -0.058096 0.256067 0.154000
v -0.058102 0.256120 0.154000
v -0.058121 0.256164 0.154000
v -0.058151 0.256198 0.154000
v -0.058194 0.256222 0.154000
v -0.058239 0.256232 0.154000
v -0.058277 0.256222 0.154000
v -0.058307 0.256193 0.154000
v -0.058330 0.256144 0.154000
v -0.063204 0.248658 0.154000
v -0.063311 0.248522 0.154000
v -0.063438 0.248424 0.154000
v -0.063584 0.248366 0.154000
v -0.063750 0.248346 0.154000
v -0.065544 0.248346 0.154000
v -0.065709 0.248366 0.154000
v -0.065856 0.248424 0.154000
v -0.065982 0.248522 0.154000
v -0.066089 0.248658 0.154000
v -0.071002 0.256105 0.154000
v -0.071025 0.256154 0.154000
v -0.071056 0.256184 0.154000
v -0.071094 0.256193 0.154000
v -0.071139 0.256184 0.154000
v -0.071181 0.256159 0.154000
v -0.071212 0.256125 0.154000
v -0.071230 0.256081 0.154000
v -0.071236 0.256028 0.154000
v -0.071236 0.237468 0.154000
v -0.071245 0.237374 0.154000
v -0.071270 0.237288 0.154000
v -0.071313 0.237208 0.154000
v -0.071373 0.237136 0.154000
v -0.071445 0.237077 0.154000
v -0.071524 0.237034 0.154000
v -0.071610 0.237009 0.154000
v -0.071704 0.237000 0.154000
v -0.075291 0.237000 0.154000
v -0.075385 0.237009 0.154000
v -0.075472 0.237034 0.154000
v -0.075551 0.237077 0.154000
v -0.075623 0.237136 0.154000
v -0.075682 0.237208 0.154000
v -0.075725 0.237288 0.154000
v -0.075751 0.237374 0.154000
v -0.075759 0.237468 0.154000
v -0.075759 0.263826 0.154000
v -0.075751 0.263919 0.154000
v -0.075725 0.264006 0.154000
v -0.075682 0.264085 0.154000
v -0.075623 0.264157 0.154000
v -0.075551 0.264217 0.154000
v -0.075472 0.264259 0.154000
v -0.075385 0.264285 0.154000
v -0.075291 0.264294 0.154000
v -0.071704 0.264294 0.154000
v -0.071538 0.264274 0.154000
v -0.071392 0.264216 0.154000
v -0.071265 0.264118 0.154000
v -0.071158 0.263982 0.154000
v -0.064803 0.254351 0.154000
v -0.064764 0.254317 0.154000
v -0.064725 0.254292 0.154000
v -0.064686 0.254278 0.154000
v -0.064647 0.254273 0.154000
v -0.064610 0.254278 0.154000
v -0.064579 0.254292 0.154000
v -0.064552 0.254317 0.154000
v -0.064530 0.254351 0.154000
v -0.090732 0.236610 0.154000
v -0.092152 0.236684 0.154000
v -0.093490 0.236907 0.154000
v -0.094745 0.237279 0.154000
v -0.095917 0.237799 0.154000
v -0.096984 0.238456 0.154000
v -0.097921 0.239237 0.154000
v -0.098728 0.240142 0.154000
v -0.099407 0.241172 0.154000
v -0.099944 0.242305 0.154000
v -0.100328 0.243521 0.154000
v -0.100559 0.244820 0.154000
v -0.100635 0.246202 0.154000
v -0.100635 0.255092 0.154000
v -0.100557 0.256455 0.154000
v -0.100323 0.257738 0.154000
v -0.099933 0.258941 0.154000
v -0.099388 0.260063 0.154000
v -0.098702 0.261084 0.154000
v -0.097891 0.261983 0.154000
v -0.096957 0.262761 0.154000
v -0.095898 0.263416 0.154000
v -0.094734 0.263937 0.154000
v -0.093485 0.264308 0.154000
v -0.092151 0.264531 0.154000
v -0.090732 0.264606 0.154000
v -0.089295 0.264531 0.154000
v -0.087949 0.264308 0.154000
v -0.086692 0.263937 0.154000
v -0.085526 0.263416 0.154000
v -0.084468 0.262761 0.154000
v -0.083533 0.261983 0.154000
v -0.082723 0.261084 0.154000
v -0.082037 0.260063 0.154000
v -0.081491 0.258941 0.154000
v -0.081101 0.257738 0.154000
v -0.080867 0.256455 0.154000
v -0.080789 0.255092 0.154000
v -0.080789 0.246202 0.154000
v -0.080867 0.244820 0.154000
v -0.081101 0.243521 0.154000
v -0.081491 0.242305 0.154000
v -0.082037 0.241172 0.154000
v -0.082723 0.240142 0.154000
v -0.083533 0.239237 0.154000
v -0.084468 0.238456 0.154000
v -0.085526 0.237799 0.154000
v -0.086692 0.237279 0.154000
v -0.087949 0.236907 0.154000
v -0.089295 0.236684 0.154000
v -0.090732 0.240509 0.154000
v -0.089564 0.240604 0.154000
v -0.088519 0.240889 0.154000
v -0.087595 0.241365 0.154000
v -0.086794 0.242030 0.154000
v -0.086145 0.242851 0.154000
v -0.085682 0.243794 0.154000
v -0.085405 0.244859 0.154000
v -0.085312 0.246046 0.154000
v -0.085312 0.255131 0.154000
v -0.085405 0.256335 0.154000
v -0.085682 0.257412 0.154000
v -0.086145 0.258362 0.154000
v -0.086794 0.259186 0.154000
v -0.087595 0.259851 0.154000
v -0.088519 0.260326 0.154000
v -0.089564 0.260611 0.154000
v -0.090732 0.260706 0.154000
v -0.091882 0.260611 0.154000
v -0.092915 0.260326 0.154000
v -0.093831 0.259851 0.154000
v -0.094631 0.259186 0.154000
v -0.095279 0.258362 0.154000
v -0.095742 0.257412 0.154000
v -0.096020 0.256335 0.154000
v -0.096112 0.255131 0.154000
v -0.096112 0.246046 0.154000
v -0.096020 0.244859 0.154000
v -0.095742 0.243794 0.154000
v -0.095279 0.242851 0.154000
v -0.094631 0.242030 0.154000
v -0.093831 0.241365 0.154000
v -0.092915 0.240889 0.154000
v -0.091882 0.240604 0.154000
v -0.114555 0.236688 0.154000
v -0.115973 0.236760 0.154000
v -0.117304 0.236976 0.154000
v -0.118547 0.237335 0.154000
v -0.119702 0.237838 0.154000
v -0.120750 0.238471 0.154000
v -0.121671 0.239218 0.154000
v -0.122465 0.240079 0.154000
v -0.123133 0.241055 0.154000
v -0.123662 0.242130 0.154000
v -0.124040 0.243287 0.154000
v -0.124266 0.244528 0.154000
v -0.124342 0.245851 0.154000
v -0.124342 0.255482 0.154000
v -0.124266 0.256805 0.154000
v -0.124040 0.258045 0.154000
v -0.123662 0.259203 0.154000
v -0.123133 0.260278 0.154000
v -0.122465 0.261252 0.154000
v -0.121671 0.262110 0.154000
v -0.120750 0.262851 0.154000
v -0.119702 0.263475 0.154000
v -0.118547 0.263969 0.154000
v -0.117304 0.264323 0.154000
v -0.115973 0.264535 0.154000
v -0.114555 0.264606 0.154000
v -0.113154 0.264537 0.154000
v -0.111835 0.264333 0.154000
v -0.110600 0.263991 0.154000
v -0.109447 0.263514 0.154000
v -0.108399 0.262912 0.154000
v -0.107478 0.262198 0.154000
v -0.106684 0.261372 0.154000
v -0.106016 0.260433 0.154000
v -0.105487 0.259400 0.154000
v -0.105110 0.258289 0.154000
v -0.104883 0.257100 0.154000
v -0.104807 0.255833 0.154000
v -0.104816 0.255739 0.154000
v -0.104841 0.255652 0.154000
v -0.104884 0.255573 0.154000
v -0.104944 0.255501 0.154000
v -0.105016 0.255441 0.154000
v -0.105095 0.255399 0.154000
v -0.105181 0.255373 0.154000
v -0.105275 0.255365 0.154000
v -0.108862 0.255170 0.154000
v -0.109067 0.255197 0.154000
v -0.109213 0.255277 0.154000
v -0.109301 0.255411 0.154000
v -0.109330 0.255599 0.154000
v -0.109419 0.256693 0.154000
v -0.109686 0.257675 0.154000
v -0.110131 0.258545 0.154000
v -0.110753 0.259303 0.154000
v -0.111525 0.259917 0.154000
v -0.112415 0.260355 0.154000
v -0.113426 0.260619 0.154000
v -0.114555 0.260706 0.154000
v -0.115686 0.260619 0.154000
v -0.116700 0.260355 0.154000
v -0.117596 0.259917 0.154000
v -0.118376 0.259303 0.154000
v -0.119007 0.258545 0.154000
v -0.119458 0.257675 0.154000
v -0.119729 0.256693 0.154000
v -0.119819 0.255599 0.154000
v -0.119819 0.245656 0.154000
v -0.119729 0.244579 0.154000
v -0.119458 0.243609 0.154000
v -0.119007 0.242746 0.154000
v -0.118376 0.241991 0.154000
v -0.117596 0.241377 0.154000
v -0.116700 0.240938 0.154000
v -0.115686 0.240675 0.154000
v -0.114555 0.240587 0.154000
v -0.113426 0.240674 0.154000
v -0.112415 0.240933 0.154000
v -0.111525 0.241366 0.154000
v -0.110753 0.241971 0.154000
v -0.110131 0.242721 0.154000
v -0.109686 0.243585 0.154000
v -0.109419 0.244563 0.154000
v -0.109330 0.245656 0.154000
v -0.109301 0.245844 0.154000
v -0.109213 0.245978 0.154000
v -0.109067 0.246058 0.154000
v -0.108862 0.246085 0.154000
v -0.105275 0.245929 0.154000
v -0.105181 0.245922 0.154000
v -0.105095 0.245900 0.154000
v -0.105016 0.245863 0.154000
v -0.104944 0.245812 0.154000
v -0.104884 0.245751 0.154000
v -0.104841 0.245685 0.154000
v -0.104816 0.245615 0.154000
v -0.104807 0.245539 0.154000
v -0.104883 0.244254 0.154000
v -0.105110 0.243048 0.154000
v -0.105487 0.241924 0.154000
v -0.106016 0.240880 0.154000
v -0.106684 0.239933 0.154000
v -0.107478 0.239101 0.154000
v -0.108399 0.238383 0.154000
v -0.109447 0.237780 0.154000
v -0.110600 0.237302 0.154000
v -0.111835 0.236961 0.154000
v -0.113154 0.236756 0.154000
v -0.114555 0.236688 0.154000
v -0.114555 0.236688 0.156000
v -0.115973 0.236760 0.154000
v -0.115973 0.236760 0.156000
v -0.117304 0.236976 0.154000
v -0.117304 0.236976 0.156000
v -0.118547 0.237335 0.154000
v -0.118547 0.237335 0.156000
v -0.119702 0.237838 0.154000
v -0.119702 0.237838 0.156000
v -0.120750 0.238471 0.154000
v -0.120750 0.238471 0.156000
v -0.121671 0.239218 0.154000
v -0.121671 0.239218 0.156000
v -0.122465 0.240079 0.154000
v -0.122465 0.240079 0.156000
v -0.123133 0.241055 0.154000
v -0.123133 0.241055 0.156000
v -0.123662 0.242130 0.154000
v -0.123662 0.242130 0.156000
v -0.124040 0.243287 0.154000
v -0.124040 0.243287 0.156000
v -0.124266 0.244528 0.154000
v -0.124266 0.244528 0.156000
v -0.124342 0.245851 0.154000
v -0.124342 0.245851 0.156000
v -0.124342 0.255482 0.154000
v -0.124342 0.255482 0.156000
v -0.124266 0.256805 0.154000
v -0.124266 0.256805 0.156000
v -0.124040 0.258045 0.154000
v -0.124040 0.258045 0.156000
v -0.123662 0.259203 0.154000
v -0.123662 0.259203 0.156000
v -0.123133 0.260278 0.154000
v -0.123133 0.260278 0.156000
v -0.122465 0.261252 0.154000
v -0.122465 0.261252 0.156000
v -0.121671 0.262110 0.154000
v -0.121671 0.262110 0.156000
v -0.120750 0.262851 0.154000
v -0.120750 0.262851 0.156000
v -0.119702 0.263475 0.154000
v -0.119702 0.263475 0.156000
v -0.118547 0.263969 0.154000
v -0.118547 0.263969 0.156000
v -0.117304 0.264323 0.154000
v -0.117304 0.264323 0.156000
v -0.115973 0.264535 0.154000
v -0.115973 0.264535 0.156000
v -0.114555 0.264606 0.154000
v -0.114555 0.264606 0.156000
v -0.113154 0.264537 0.154000
v -0.113154 0.264537 0.156000
v -0.111835 0.264333 0.154000
v -0.111835 0.264333 0.156000
v -0.110600 0.263991 0.154000
v -0.110600 0.263991 0.156000
v -0.109447 0.263514 0.154000
v -0.109447 0.263514 0.156000
v -0.108399 0.262912 0.154000
v -0.108399 0.262912 0.156000
v -0.107478 0.262198 0.154000
v -0.107478 0.262198 0.156000
v -0.106684 0.261372 0.154000
v -0.106684 0.261372 0.156000
v -0.106016 0.260433 0.154000
v -0.106016 0.260433 0.156000
v -0.105487 0.259400 0.154000
v -0.105487 0.259400 0.156000
v -0.105110 0.258289 0.154000
v -0.105110 0.258289 0.156000
v -0.104883 0.257100 0.154000
v -0.104883 0.257100 0.156000
v -0.104807 0.255833 0.154000
v -0.104807 0.255833 0.156000
v -0.104816 0.255739 0.154000
v -0.104816 0.255739 0.156000
v -0.104841 0.255652 0.154000
v -0.104841 0.255652 0.156000
v -0.104884 0.255573 0.154000
v -0.104884 0.255573 0.156000
v -0.104944 0.255501 0.154000
v -0.104944 0.255501 0.156000
v -0.105016 0.255441 0.154000
v -0.105016 0.255441 0.156000
v -0.105095 0.255399 0.154000
v -0.105095 0.255399 0.156000
v -0.105181 0.255373 0.154000
v -0.105181 0.255373 0.156000
v -0.105275 0.255365 0.154000
v -0.105275 0.255365 0.156000
v -0.108862 0.255170 0.154000
v -0.108862 0.255170 0.156000
v -0.109067 0.255197 0.154000
v -0.109067 0.255197 0.156000
v -0.109213 0.255277 0.154000
v -0.109213 0.255277 0.156000
v -0.109301 0.255411 0.154000
v -0.109301 0.255411 0.156000
v -0.109330 0.255599 0.154000
v -0.109330 0.255599 0.156000
v -0.109419 0.256693 0.154000
v -0.109419 0.256693 0.156000
v -0.109686 0.257675 0.154000
v -0.109686 0.257675 0.156000
v -0.110131 0.258545 0.154000
v -0.110131 0.258545 0.156000
v -0.110753 0.259303 0.154000
v -0.110753 0.259303 0.156000
v -0.111525 0.259917 0.154000
v -0.111525 0.259917 0.156000
v -0.112415 0.260355 0.154000
v -0.112415 0.260355 0.156000
v -0.113426 0.260619 0.154000
v -0.113426 0.260619 0.156000
v -0.114555 0.260706 0.154000
v -0.114555 0.260706 0.156000
v -0.115686 0.260619 0.154000
v -0.115686 0.260619 0.156000
v -0.116700 0.260355 0.154000
v -0.116700 0.260355 0.156000
v -0.117596 0.259917 0.154000
v -0.117596 0.259917 0.156000
v -0.118376 0.259303 0.154000
v -0.118376 0.259303 0.156000
v -0.119007 0.258545 0.154000
v -0.119007 0.258545 0.156000
v -0.119458 0.257675 0.154000
v -0.119458 0.257675 0.156000
v -0.119729 0.256693 0.154000
v -0.119729 0.256693 0.156000
v -0.119819 0.255599 0.154000
v -0.119819 0.255599 0.156000
v -0.119819 0.245656 0.154000
v -0.119819 0.245656 0.156000
v -0.119729 0.244579 0.154000
v -0.119729 0.244579 0.156000
v -0.119458 0.243609 0.154000
v -0.119458 0.243609 0.156000
v -0.119007 0.242746 0.154000
v -0.119007 0.242746 0.156000
v -0.118376 0.241991 0.154000
v -0.118376 0.241991 0.156000
v -0.117596 0.241377 0.154000
v -0.117596 0.241377 0.156000
v -0.116700 0.240938 0.154000
v -0.116700 0.240938 0.156000
v -0.115686 0.240675 0.154000
v -0.115686 0.240675 0.156000
v -0.114555 0.240587 0.154000
v -0.114555 0.240587 0.156000
v -0.113426 0.240674 0.154000
v -0.113426 0.240674 0.156000
v -0.112415 0.240933 0.154000
v -0.112415 0.240933 0.156000
v -0.111525 0.241366 0.154000
v -0.111525 0.241366 0.156000
v -0.110753 0.241971 0.154000
v -0.110753 0.241971 0.156000
v -0.110131 0.242721 0.154000
v -0.110131 0.242721 0.156000
v -0.109686 0.243585 0.154000
v -0.109686 0.243585 0.156000
v -0.109419 0.244563 0.154000
v -0.109419 0.244563 0.156000
v -0.109330 0.245656 0.154000
v -0.109330 0.245656 0.156000
v -0.109301 0.245844 0.154000
v -0.109301 0.245844 0.156000
v -0.109213 0.245978 0.154000
v -0.109213 0.245978 0.156000
v -0.109067 0.246058 0.154000
v -0.109067 0.246058 0.156000
v -0.108862 0.246085 0.154000
v -0.108862 0.246085 0.156000
v -0.105275 0.245929 0.154000
v -0.105275 0.245929 0.156000
v -0.105181 0.245922 0.154000
v -0.105181 0.245922 0.156000
v -0.105095 0.245900 0.154000
v -0.105095 0.245900 0.156000
v -0.105016 0.245863 0.154000
v -0.105016 0.245863 0.156000
v -0.104944 0.245812 0.154000
v -0.104944 0.245812 0.156000
v -0.104884 0.245751 0.154000
v -0.104884 0.245751 0.156000
v -0.104841 0.245685 0.154000
v -0.104841 0.245685 0.156000
v -0.104816 0.245615 0.154000
v -0.104816 0.245615 0.156000
v -0.104807 0.245539 0.154000
v -0.104807 0.245539 0.156000
v -0.104883 0.244254 0.154000
v -0.104883 0.244254 0.156000
v -0.105110 0.243048 0.154000
v -0.105110 0.243048 0.156000
v -0.105487 0.241924 0.154000
v -0.105487 0.241924 0.156000
v -0.106016 0.240880 0.154000
v -0.106016 0.240880 0.156000
v -0.106684 0.239933 0.154000
v -0.106684 0.239933 0.156000
v -0.107478 0.239101 0.154000
v -0.107478 0.239101 0.156000
v -0.108399 0.238383 0.154000
v -0.108399 0.238383 0.156000
v -0.109447 0.237780 0.154000
v -0.109447 0.237780 0.156000
v -0.110600 0.237302 0.154000
v -0.110600 0.237302 0.156000
v -0.111835 0.236961 0.154000
v -0.111835 0.236961 0.156000
v -0.113154 0.236756 0.154000
v -0.113154 0.236756 0.156000
v -0.090732 0.236610 0.154000
v -0.090732 0.236610 0.156000
v -0.092152 0.236684 0.154000
v -0.092152 0.236684 0.156000
v -0.093490 0.236907 0.154000
v -0.093490 0.236907 0.156000
v -0.094745 0.237279 0.154000
v -0.094745 0.237279 0.156000
v -0.095917 0.237799 0.154000
v -0.095917 0.237799 0.156000
v -0.096984 0.238456 0.154000
v -0.096984 0.238456 0.156000
v -0.097921 0.239237 0.154000
v -0.097921 0.239237 0.156000
v -0.098728 0.240142 0.154000
v -0.098728 0.240142 0.156000
v -0.099407 0.241172 0.154000
v -0.099407 0.241172 0.156000
v -0.099944 0.242305 0.154000
v -0.099944 0.242305 0.156000
v -0.100328 0.243521 0.154000
v -0.100328 0.243521 0.156000
v -0.100559 0.244820 0.154000
v -0.100559 0.244820 0.156000
v -0.100635 0.246202 0.154000
v -0.100635 0.246202 0.156000
v -0.100635 0.255092 0.154000
v -0.100635 0.255092 0.156000
v -0.100557 0.256455 0.154000
v -0.100557 0.256455 0.156000
v -0.100323 0.257738 0.154000
v -0.100323 0.257738 0.156000
v -0.099933 0.258941 0.154000
v -0.099933 0.258941 0.156000
v -0.099388 0.260063 0.154000
v -0.099388 0.260063 0.156000
v -0.098702 0.261084 0.154000
v -0.098702 0.261084 0.156000
v -0.097891 0.261983 0.154000
v -0.097891 0.261983 0.156000
v -0.096957 0.262761 0.154000
v -0.096957 0.262761 0.156000
v -0.095898 0.263416 0.154000
v -0.095898 0.263416 0.156000
v -0.094734 0.263937 0.154000
v -0.094734 0.263937 0.156000
v -0.093485 0.264308 0.154000
v -0.093485 0.264308 0.156000
v -0.092151 0.264531 0.154000
v -0.092151 0.264531 0.156000
v -0.090732 0.264606 0.154000
v -0.090732 0.264606 0.156000
v -0.089295 0.264531 0.154000
v -0.089295 0.264531 0.156000
v -0.087949 0.264308 0.154000
v -0.087949 0.264308 0.156000
v -0.086692 0.263937 0.154000
v -0.086692 0.263937 0.156000
v -0.085526 0.263416 0.154000
v -0.085526 0.263416 0.156000
v -0.084468 0.262761 0.154000
v -0.084468 0.262761 0.156000
v -0.083533 0.261983 0.154000
v -0.083533 0.261983 0.156000
v -0.082723 0.261084 0.154000
v -0.082723 0.261084 0.156000
v -0.082037 0.260063 0.154000
v -0.082037 0.260063 0.156000
v -0.081491 0.258941 0.154000
v -0.081491 0.258941 0.156000
v -0.081101 0.257738 0.154000
v -0.081101 0.257738 0.156000
v -0.080867 0.256455 0.154000
v -0.080867 0.256455 0.156000
v -0.080789 0.255092 0.154000
v -0.080789 0.255092 0.156000
v -0.080789 0.246202 0.154000
v -0.080789 0.246202 0.156000
v -0.080867 0.244820 0.154000
v -0.080867 0.244820 0.156000
v -0.081101 0.243521 0.154000
v -0.081101 0.243521 0.156000
v -0.081491 0.242305 0.154000
v -0.081491 0.242305 0.156000
v -0.082037 0.241172 0.154000
v -0.082037 0.241172 0.156000
v -0.082723 0.240142 0.154000
v -0.082723 0.240142 0.156000
v -0.083533 0.239237 0.154000
v -0.083533 0.239237 0.156000
v -0.084468 0.238456 0.154000
v -0.084468 0.238456 0.156000
v -0.085526 0.237799 0.154000
v -0.085526 0.237799 0.156000
v -0.086692 0.237279 0.154000
v -0.086692 0.237279 0.156000
v -0.087949 0.236907 0.154000
v -0.087949 0.236907 0.156000
v -0.089295 0.236684 0.154000
v -0.089295 0.236684 0.156000
v -0.090732 0.240509 0.154000
v -0.090732 0.240509 0.156000
v -0.089564 0.240604 0.154000
v -0.089564 0.240604 0.156000
v -0.088519 0.240889 0.154000
v -0.088519 0.240889 0.156000
v -0.087595 0.241365 0.154000
v -0.087595 0.241365 0.156000
v -0.086794 0.242030 0.154000
v -0.086794 0.242030 0.156000
v -0.086145 0.242851 0.154000
v -0.086145 0.242851 0.156000
v -0.085682 0.243794 0.154000
v -0.085682 0.243794 0.156000
v -0.085405 0.244859 0.154000
v -0.085405 0.244859 0.156000
v -0.085312 0.246046 0.154000
v -0.085312 0.246046 0.156000
v -0.085312 0.255131 0.154000
v -0.085312 0.255131 0.156000
v -0.085405 0.256335 0.154000
v -0.085405 0.256335 0.156000
v -0.085682 0.257412 0.154000
v -0.085682 0.257412 0.156000
v -0.086145 0.258362 0.154000
v -0.086145 0.258362 0.156000
v -0.086794 0.259186 0.154000
v -0.086794 0.259186 0.156000
v -0.087595 0.259851 0.154000
v -0.087595 0.259851 0.156000
v -0.088519 0.260326 0.154000
v -0.088519 0.260326 0.156000
v -0.089564 0.260611 0.154000
v -0.089564 0.260611 0.156000
v -0.090732 0.260706 0.154000
v -0.090732 0.260706 0.156000
v -0.091882 0.260611 0.154000
v -0.091882 0.260611 0.156000
v -0.092915 0.260326 0.154000
v -0.092915 0.260326 0.156000
v -0.093831 0.259851 0.154000
v -0.093831 0.259851 0.156000
v -0.094631 0.259186 0.154000
v -0.094631 0.259186 0.156000
v -0.095279 0.258362 0.154000
v -0.095279 0.258362 0.156000
v -0.095742 0.257412 0.154000
v -0.095742 0.257412 0.156000
v -0.096020 0.256335 0.154000
v -0.096020 0.256335 0.156000
v -0.096112 0.255131 0.154000
v -0.096112 0.255131 0.156000
v -0.096112 0.246046 0.154000
v -0.096112 0.246046 0.156000
v -0.096020 0.244859 0.154000
v -0.096020 0.244859 0.156000
v -0.095742 0.243794 0.154000
v -0.095742 0.243794 0.156000
v -0.095279 0.242851 0.154000
v -0.095279 0.242851 0.156000
v -0.094631 0.242030 0.154000
v -0.094631 0.242030 0.156000
v -0.093831 0.241365 0.154000
v -0.093831 0.241365 0.156000
v -0.092915 0.240889 0.154000
v -0.092915 0.240889 0.156000
v -0.091882 0.240604 0.154000
v -0.091882 0.240604 0.156000
v -0.058174 0.263982 0.154000
v -0.058174 0.263982 0.156000
v -0.058067 0.264118 0.154000
v -0.058067 0.264118 0.156000
v -0.057940 0.264216 0.154000
v -0.057940 0.264216 0.156000
v -0.057794 0.264274 0.154000
v -0.057794 0.264274 0.156000
v -0.057628 0.264294 0.154000
v -0.057628 0.264294 0.156000
v -0.054041 0.264294 0.154000
v -0.054041 0.264294 0.156000
v -0.053947 0.264285 0.154000
v -0.053947 0.264285 0.156000
v -0.053861 0.264259 0.154000
v -0.053861 0.264259 0.156000
v -0.053782 0.264217 0.154000
v -0.053782 0.264217 0.156000
v -0.053710 0.264157 0.154000
v -0.053710 0.264157 0.156000
v -0.053650 0.264085 0.154000
v -0.053650 0.264085 0.156000
v -0.053608 0.264006 0.154000
v -0.053608 0.264006 0.156000
v -0.053582 0.263919 0.154000
v -0.053582 0.263919 0.156000
v -0.053573 0.263826 0.154000
v -0.053573 0.263826 0.156000
v -0.053573 0.237468 0.154000
v -0.053573 0.237468 0.156000
v -0.053582 0.237374 0.154000
v -0.053582 0.237374 0.156000
v -0.053608 0.237288 0.154000
v -0.053608 0.237288 0.156000
v -0.053650 0.237208 0.154000
v -0.053650 0.237208 0.156000
v -0.053710 0.237136 0.154000
v -0.053710 0.237136 0.156000
v -0.053782 0.237077 0.154000
v -0.053782 0.237077 0.156000
v -0.053861 0.237034 0.154000
v -0.053861 0.237034 0.156000
v -0.053947 0.237009 0.154000
v -0.053947 0.237009 0.156000
v -0.054041 0.237000 0.154000
v -0.054041 0.237000 0.156000
v -0.057628 0.237000 0.154000
v -0.057628 0.237000 0.156000
v -0.057722 0.237009 0.154000
v -0.057722 0.237009 0.156000
v -0.057809 0.237034 0.154000
v -0.057809 0.237034 0.156000
v -0.057888 0.237077 0.154000
v -0.057888 0.237077 0.156000
v -0.057960 0.237136 0.154000
v -0.057960 0.237136 0.156000
v -0.058020 0.237208 0.154000
v -0.058020 0.237208 0.156000
v -0.058062 0.237288 0.154000
v -0.058062 0.237288 0.156000
v -0.058088 0.237374 0.154000
v -0.058088 0.237374 0.156000
v -0.058096 0.237468 0.154000
v -0.058096 0.237468 0.156000
v -0.058096 0.256067 0.154000
v -0.058096 0.256067 0.156000
v -0.058102 0.256120 0.154000
v -0.058102 0.256120 0.156000
v -0.058121 0.256164 0.154000
v -0.058121 0.256164 0.156000
v -0.058151 0.256198 0.154000
v -0.058151 0.256198 0.156000
v -0.058194 0.256222 0.154000
v -0.058194 0.256222 0.156000
v -0.058239 0.256232 0.154000
v -0.058239 0.256232 0.156000
v -0.058277 0.256222 0.154000
v -0.058277 0.256222 0.156000
v -0.058307 0.256193 0.154000
v -0.058307 0.256193 0.156000
v -0.058330 0.256144 0.154000
v -0.058330 0.256144 0.156000
v -0.063204 0.248658 0.154000
v -0.063204 0.248658 0.156000
v -0.063311 0.248522 0.154000
v -0.063311 0.248522 0.156000
v -0.063438 0.248424 0.154000
v -0.063438 0.248424 0.156000
v -0.063584 0.248366 0.154000
v -0.063584 0.248366 0.156000
v -0.063750 0.248346 0.154000
v -0.063750 0.248346 0.156000
v -0.065544 0.248346 0.154000
v -0.065544 0.248346 0.156000
v -0.065709 0.248366 0.154000
v -0.065709 0.248366 0.156000
v -0.065856 0.248424 0.154000
v -0.065856 0.248424 0.156000
v -0.065982 0.248522 0.154000
v -0.065982 0.248522 0.156000
v -0.066089 0.248658 0.154000
v -0.066089 0.248658 0.156000
v -0.071002 0.256105 0.154000
v -0.071002 0.256105 0.156000
v -0.071025 0.256154 0.154000
v -0.071025 0.256154 0.156000
v -0.071056 0.256184 0.154000
v -0.071056 0.256184 0.156000
v -0.071094 0.256193 0.154000
v -0.071094 0.256193 0.156000
v -0.071139 0.256184 0.154000
v -0.071139 0.256184 0.156000
v -0.071181 0.256159 0.154000
v -0.071181 0.256159 0.156000
v -0.071212 0.256125 0.154000
v -0.071212 0.256125 0.156000
v -0.071230 0.256081 0.154000
v -0.071230 0.256081 0.156000
v -0.071236 0.256028 0.154000
v -0.071236 0.256028 0.156000
v -0.071236 0.237468 0.154000
v -0.071236 0.237468 0.156000
v -0.071245 0.237374 0.154000
v -0.071245 0.237374 0.156000
v -0.071270 0.237288 0.154000
v -0.071270 0.237288 0.156000
v -0.071313 0.237208 0.154000
v -0.071313 0.237208 0.156000
v -0.071373 0.237136 0.154000
v -0.071373 0.237136 0.156000
v -0.071445 0.237077 0.154000
v -0.071445 0.237077 0.156000
v -0.071524 0.237034 0.154000
v -0.071524 0.237034 0.156000
v -0.071610 0.237009 0.154000
v -0.071610 0.237009 0.156000
v -0.071704 0.237000 0.154000
v -0.071704 0.237000 0.156000
v -0.075291 0.237000 0.154000
v -0.075291 0.237000 0.156000
v -0.075385 0.237009 0.154000
v -0.075385 0.237009 0.156000
v -0.075472 0.237034 0.154000
v -0.075472 0.237034 0.156000
v -0.075551 0.237077 0.154000
v -0.075551 0.237077 0.156000
v -0.075623 0.237136 0.154000
v -0.075623 0.237136 0.156000
v -0.075682 0.237208 0.154000
v -0.075682 0.237208 0.156000
v -0.075725 0.237288 0.154000
v -0.075725 0.237288 0.156000
v -0.075751 0.237374 0.154000
v -0.075751 0.237374 0.156000
v -0.075759 0.237468 0.154000
v -0.075759 0.237468 0.156000
v -0.075759 0.263826 0.154000
v -0.075759 0.263826 0.156000
v -0.075751 0.263919 0.154000
v -0.075751 0.263919 0.156000
v -0.075725 0.264006 0.154000
v -0.075725 0.264006 0.156000
v -0.075682 0.264085 0.154000
v -0.075682 0.264085 0.156000
v -0.075623 0.264157 0.154000
v -0.075623 0.264157 0.156000
v -0.075551 0.264217 0.154000
v -0.075551 0.264217 0.156000
v -0.075472 0.264259 0.154000
v -0.075472 0.264259 0.156000
v -0.075385 0.264285 0.154000
v -0.075385 0.264285 0.156000
v -0.075291 0.264294 0.154000
v -0.075291 0.264294 0.156000
v -0.071704 0.264294 0.154000
v -0.071704 0.264294 0.156000
v -0.071538 0.264274 0.154000
v -0.071538 0.264274 0.156000
v -0.071392 0.264216 0.154000
v -0.071392 0.264216 0.156000
v -0.071265 0.264118 0.154000
v -0.071265 0.264118 0.156000
v -0.071158 0.263982 0.154000
v -0.071158 0.263982 0.156000
v -0.064803 0.254351 0.154000
v -0.064803 0.254351 0.156000
v -0.064764 0.254317 0.154000
v -0.064764 0.254317 0.156000
v -0.064725 0.254292 0.154000
v -0.064725 0.254292 0.156000
v -0.064686 0.254278 0.154000
v -0.064686 0.254278 0.156000
v -0.064647 0.254273 0.154000
v -0.064647 0.254273 0.156000
v -0.064610 0.254278 0.154000
v -0.064610 0.254278 0.156000
v -0.064579 0.254292 0.154000
v -0.064579 0.254292 0.156000
v -0.064552 0.254317 0.154000
v -0.064552 0.254317 0.156000
v -0.064530 0.254351 0.154000
v -0.064530 0.254351 0.156000
v -0.030296 0.263982 0.154000
v -0.030296 0.263982 0.156000
v -0.030189 0.264118 0.154000
v -0.030189 0.264118 0.156000
v -0.030062 0.264216 0.154000
v -0.030062 0.264216 0.156000
v -0.029916 0.264274 0.154000
v -0.029916 0.264274 0.156000
v -0.029750 0.264294 0.154000
v -0.029750 0.264294 0.156000
v -0.026163 0.264294 0.154000
v -0.026163 0.264294 0.156000
v -0.026069 0.264285 0.154000
v -0.026069 0.264285 0.156000
v -0.025983 0.264259 0.154000
v -0.025983 0.264259 0.156000
v -0.025903 0.264217 0.154000
v -0.025903 0.264217 0.156000
v -0.025831 0.264157 0.154000
v -0.025831 0.264157 0.156000
v -0.025772 0.264085 0.154000
v -0.025772 0.264085 0.156000
v -0.025729 0.264006 0.154000
v -0.025729 0.264006 0.156000
v -0.025703 0.263919 0.154000
v -0.025703 0.263919 0.156000
v -0.025695 0.263826 0.154000
v -0.025695 0.263826 0.156000
v -0.025695 0.237468 0.154000
v -0.025695 0.237468 0.156000
v -0.025703 0.237374 0.154000
v -0.025703 0.237374 0.156000
v -0.025729 0.237288 0.154000
v -0.025729 0.237288 0.156000
v -0.025772 0.237208 0.154000
v -0.025772 0.237208 0.156000
v -0.025831 0.237136 0.154000
v -0.025831 0.237136 0.156000
v -0.025903 0.237077 0.154000
v -0.025903 0.237077 0.156000
v -0.025983 0.237034 0.154000
v -0.025983 0.237034 0.156000
v -0.026069 0.237009 0.154000
v -0.026069 0.237009 0.156000
v -0.026163 0.237000 0.154000
v -0.026163 0.237000 0.156000
v -0.029750 0.237000 0.154000
v -0.029750 0.237000 0.156000
v -0.029844 0.237009 0.154000
v -0.029844 0.237009 0.156000
v -0.029930 0.237034 0.154000
v -0.029930 0.237034 0.156000
v -0.030010 0.237077 0.154000
v -0.030010 0.237077 0.156000
v -0.030081 0.237136 0.154000
v -0.030081 0.237136 0.156000
v -0.030141 0.237208 0.154000
v -0.030141 0.237208 0.156000
v -0.030184 0.237288 0.154000
v -0.030184 0.237288 0.156000
v -0.030209 0.237374 0.154000
v -0.030209 0.237374 0.156000
v -0.030218 0.237468 0.154000
v -0.030218 0.237468 0.156000
v -0.030218 0.256067 0.154000
v -0.030218 0.256067 0.156000
v -0.030224 0.256120 0.154000
v -0.030224 0.256120 0.156000
v -0.030242 0.256164 0.154000
v -0.030242 0.256164 0.156000
v -0.030273 0.256198 0.154000
v -0.030273 0.256198 0.156000
v -0.030315 0.256222 0.154000
v -0.030315 0.256222 0.156000
v -0.030360 0.256232 0.154000
v -0.030360 0.256232 0.156000
v -0.030398 0.256222 0.154000
v -0.030398 0.256222 0.156000
v -0.030429 0.256193 0.154000
v -0.030429 0.256193 0.156000
v -0.030452 0.256144 0.154000
v -0.030452 0.256144 0.156000
v -0.035326 0.248658 0.154000
v -0.035326 0.248658 0.156000
v -0.035433 0.248522 0.154000
v -0.035433 0.248522 0.156000
v -0.035560 0.248424 0.154000
v -0.035560 0.248424 0.156000
v -0.035706 0.248366 0.154000
v -0.035706 0.248366 0.156000
v -0.035872 0.248346 0.154000
v -0.035872 0.248346 0.156000
v -0.037665 0.248346 0.154000
v -0.037665 0.248346 0.156000
v -0.037831 0.248366 0.154000
v -0.037831 0.248366 0.156000
v -0.037977 0.248424 0.154000
v -0.037977 0.248424 0.156000
v -0.038104 0.248522 0.154000
v -0.038104 0.248522 0.156000
v -0.038211 0.248658 0.154000
v -0.038211 0.248658 0.156000
v -0.043124 0.256105 0.154000
v -0.043124 0.256105 0.156000
v -0.043147 0.256154 0.154000
v -0.043147 0.256154 0.156000
v -0.043177 0.256184 0.154000
v -0.043177 0.256184 0.156000
v -0.043215 0.256193 0.154000
v -0.043215 0.256193 0.156000
v -0.043260 0.256184 0.154000
v -0.043260 0.256184 0.156000
v -0.043303 0.256159 0.154000
v -0.043303 0.256159 0.156000
v -0.043333 0.256125 0.154000
v -0.043333 0.256125 0.156000
v -0.043352 0.256081 0.154000
v -0.043352 0.256081 0.156000
v -0.043358 0.256028 0.154000
v -0.043358 0.256028 0.156000
v -0.043358 0.237468 0.154000
v -0.043358 0.237468 0.156000
v -0.043366 0.237374 0.154000
v -0.043366 0.237374 0.156000
v -0.043392 0.237288 0.154000
v -0.043392 0.237288 0.156000
v -0.043435 0.237208 0.154000
v -0.043435 0.237208 0.156000
v -0.043494 0.237136 0.154000
v -0.043494 0.237136 0.156000
v -0.043566 0.237077 0.154000
v -0.043566 0.237077 0.156000
v -0.043645 0.237034 0.154000
v -0.043645 0.237034 0.156000
v -0.043732 0.237009 0.154000
v -0.043732 0.237009 0.156000
v -0.043826 0.237000 0.154000
v -0.043826 0.237000 0.156000
v -0.047413 0.237000 0.154000
v -0.047413 0.237000 0.156000
v -0.047507 0.237009 0.154000
v -0.047507 0.237009 0.156000
v -0.047593 0.237034 0.154000
v -0.047593 0.237034 0.156000
v -0.047672 0.237077 0.154000
v -0.047672 0.237077 0.156000
v -0.047744 0.237136 0.154000
v -0.047744 0.237136 0.156000
v -0.047804 0.237208 0.154000
v -0.047804 0.237208 0.156000
v -0.047847 0.237288 0.154000
v -0.047847 0.237288 0.156000
v -0.047872 0.237374 0.154000
v -0.047872 0.237374 0.156000
v -0.047881 0.237468 0.154000
v -0.047881 0.237468 0.156000
v -0.047881 0.263826 0.154000
v -0.047881 0.263826 0.156000
v -0.047872 0.263919 0.154000
v -0.047872 0.263919 0.156000
v -0.047847 0.264006 0.154000
v -0.047847 0.264006 0.156000
v -0.047804 0.264085 0.154000
v -0.047804 0.264085 0.156000
v -0.047744 0.264157 0.154000
v -0.047744 0.264157 0.156000
v -0.047672 0.264217 0.154000
v -0.047672 0.264217 0.156000
v -0.047593 0.264259 0.154000
v -0.047593 0.264259 0.156000
v -0.047507 0.264285 0.154000
v -0.047507 0.264285 0.156000
v -0.047413 0.264294 0.154000
v -0.047413 0.264294 0.156000
v -0.043826 0.264294 0.154000
v -0.043826 0.264294 0.156000
v -0.043660 0.264274 0.154000
v -0.043660 0.264274 0.156000
v -0.043514 0.264216 0.154000
v -0.043514 0.264216 0.156000
v -0.043387 0.264118 0.154000
v -0.043387 0.264118 0.156000
v -0.043280 0.263982 0.154000
v -0.043280 0.263982 0.156000
v -0.036924 0.254351 0.154000
v -0.036924 0.254351 0.156000
v -0.036885 0.254317 0.154000
v -0.036885 0.254317 0.156000
v -0.036846 0.254292 0.154000
v -0.036846 0.254292 0.156000
v -0.036807 0.254278 0.154000
v -0.036807 0.254278 0.156000
v -0.036768 0.254273 0.154000
v -0.036768 0.254273 0.156000
v -0.036732 0.254278 0.154000
v -0.036732 0.254278 0.156000
v -0.036700 0.254292 0.154000
v -0.036700 0.254292 0.156000
v -0.036673 0.254317 0.154000
v -0.036673 0.254317 0.156000
v -0.036651 0.254351 0.154000
v -0.036651 0.254351 0.156000
v -0.003080 0.237000 0.154000
v -0.003080 0.237000 0.156000
v -0.003258 0.237024 0.154000
v -0.003258 0.237024 0.156000
v -0.003402 0.237097 0.154000
v -0.003402 0.237097 0.156000
v -0.003512 0.237219 0.154000
v -0.003512 0.237219 0.156000
v -0.003587 0.237390 0.154000
v -0.003587 0.237390 0.156000
v -0.004874 0.241562 0.154000
v -0.004874 0.241562 0.156000
v -0.004915 0.241630 0.154000
v -0.004915 0.241630 0.156000
v -0.004962 0.241679 0.154000
v -0.004962 0.241679 0.156000
v -0.005013 0.241708 0.154000
v -0.005013 0.241708 0.156000
v -0.005069 0.241718 0.154000
v -0.005069 0.241718 0.156000
v -0.015362 0.241718 0.154000
v -0.015362 0.241718 0.156000
v -0.015418 0.241708 0.154000
v -0.015418 0.241708 0.156000
v -0.015470 0.241679 0.154000
v -0.015470 0.241679 0.156000
v -0.015516 0.241630 0.154000
v -0.015516 0.241630 0.156000
v -0.015557 0.241562 0.154000
v -0.015557 0.241562 0.156000
v -0.016844 0.237390 0.154000
v -0.016844 0.237390 0.156000
v -0.016920 0.237219 0.154000
v -0.016920 0.237219 0.156000
v -0.017029 0.237097 0.154000
v -0.017029 0.237097 0.156000
v -0.017173 0.237024 0.154000
v -0.017173 0.237024 0.156000
v -0.017351 0.237000 0.154000
v -0.017351 0.237000 0.156000
v -0.021250 0.237000 0.154000
v -0.021250 0.237000 0.156000
v -0.021360 0.237009 0.154000
v -0.021360 0.237009 0.156000
v -0.021455 0.237034 0.154000
v -0.021455 0.237034 0.156000
v -0.021535 0.237077 0.154000
v -0.021535 0.237077 0.156000
v -0.021601 0.237136 0.154000
v -0.021601 0.237136 0.156000
v -0.021647 0.237213 0.154000
v -0.021647 0.237213 0.156000
v -0.021669 0.237307 0.154000
v -0.021669 0.237307 0.156000
v -0.021667 0.237418 0.154000
v -0.021667 0.237418 0.156000
v -0.021640 0.237546 0.154000
v -0.021640 0.237546 0.156000
v -0.013179 0.263904 0.154000
v -0.013179 0.263904 0.156000
v -0.013103 0.264074 0.154000
v -0.013103 0.264074 0.156000
v -0.012994 0.264196 0.154000
v -0.012994 0.264196 0.156000
v -0.012850 0.264269 0.154000
v -0.012850 0.264269 0.156000
v -0.012672 0.264294 0.154000
v -0.012672 0.264294 0.156000
v -0.007798 0.264294 0.154000
v -0.007798 0.264294 0.156000
v -0.007620 0.264269 0.154000
v -0.007620 0.264269 0.156000
v -0.007476 0.264196 0.154000
v -0.007476 0.264196 0.156000
v -0.007367 0.264074 0.154000
v -0.007367 0.264074 0.156000
v -0.007291 0.263904 0.154000
v -0.007291 0.263904 0.156000
v 0.001209 0.237546 0.154000
v 0.001209 0.237546 0.156000
v 0.001226 0.237504 0.154000
v 0.001226 0.237504 0.156000
v 0.001238 0.237458 0.154000
v 0.001238 0.237458 0.156000
v 0.001245 0.237407 0.154000
v 0.001245 0.237407 0.156000
v 0.001248 0.237351 0.154000
v 0.001248 0.237351 0.156000
v 0.001221 0.237197 0.154000
v 0.001221 0.237197 0.156000
v 0.001140 0.237088 0.154000
v 0.001140 0.237088 0.156000
v 0.001006 0.237022 0.154000
v 0.001006 0.237022 0.156000
v 0.000819 0.237000 0.154000
v 0.000819 0.237000 0.156000
v -0.014349 0.245500 0.154000
v -0.014349 0.245500 0.156000
v -0.014354 0.245398 0.154000
v -0.014354 0.245398 0.156000
v -0.014329 0.245325 0.154000
v -0.014329 0.245325 0.156000
v -0.014276 0.245281 0.154000
v -0.014276 0.245281 0.156000
v -0.014193 0.245266 0.154000
v -0.014193 0.245266 0.156000
v -0.006278 0.245266 0.154000
v -0.006278 0.245266 0.156000
v -0.006180 0.245281 0.154000
v -0.006180 0.245281 0.156000
v -0.006122 0.245325 0.154000
v -0.006122 0.245325 0.156000
v -0.006102 0.245398 0.154000
v -0.006102 0.245398 0.156000
v -0.006122 0.245500 0.154000
v -0.006122 0.245500 0.156000
v -0.010138 0.258562 0.154000
v -0.010138 0.258562 0.156000
v -0.010160 0.258630 0.154000
v -0.010160 0.258630 0.156000
v -0.010186 0.258679 0.154000
v -0.010186 0.258679 0.156000
v -0.010218 0.258708 0.154000
v -0.010218 0.258708 0.156000
v -0.010255 0.258718 0.154000
v -0.010255 0.258718 0.156000
v -0.010291 0.258708 0.154000
v -0.010291 0.258708 0.156000
v -0.010323 0.258679 0.154000
v -0.010323 0.258679 0.156000
v -0.010350 0.258630 0.154000
v -0.010350 0.258630 0.156000
v -0.010372 0.258562 0.154000
v -0.010372 0.258562 0.156000
v 0.021133 0.263826 0.154000
v 0.021133 0.263826 0.156000
v 0.021142 0.263919 0.154000
v 0.021142 0.263919 0.156000
v 0.021167 0.264006 0.154000
v 0.021167 0.264006 0.156000
v 0.021210 0.264085 0.154000
v 0.021210 0.264085 0.156000
v 0.021269 0.264157 0.154000
v 0.021269 0.264157 0.156000
v 0.021341 0.264217 0.154000
v 0.021341 0.264217 0.156000
v 0.021421 0.264259 0.154000
v 0.021421 0.264259 0.156000
v 0.021507 0.264285 0.154000
v 0.021507 0.264285 0.156000
v 0.021601 0.264294 0.154000
v 0.021601 0.264294 0.156000
v 0.025188 0.264294 0.154000
v 0.025188 0.264294 0.156000
v 0.025282 0.264285 0.154000
v 0.025282 0.264285 0.156000
v 0.025368 0.264259 0.154000
v 0.025368 0.264259 0.156000
v 0.025448 0.264217 0.154000
v 0.025448 0.264217 0.156000
v 0.025519 0.264157 0.154000
v 0.025519 0.264157 0.156000
v 0.025579 0.264085 0.154000
v 0.025579 0.264085 0.156000
v 0.025622 0.264006 0.154000
v 0.025622 0.264006 0.156000
v 0.025647 0.263919 0.154000
v 0.025647 0.263919 0.156000
v 0.025656 0.263826 0.154000
v 0.025656 0.263826 0.156000
v 0.025656 0.237468 0.154000
v 0.025656 0.237468 0.156000
v 0.025647 0.237374 0.154000
v 0.025647 0.237374 0.156000
v 0.025622 0.237288 0.154000
v 0.025622 0.237288 0.156000
v 0.025579 0.237208 0.154000
v 0.025579 0.237208 0.156000
v 0.025519 0.237136 0.154000
v 0.025519 0.237136 0.156000
v 0.025448 0.237077 0.154000
v 0.025448 0.237077 0.156000
v 0.025368 0.237034 0.154000
v 0.025368 0.237034 0.156000
v 0.025282 0.237009 0.154000
v 0.025282 0.237009 0.156000
v 0.025188 0.237000 0.154000
v 0.025188 0.237000 0.156000
v 0.021718 0.237000 0.154000
v 0.021718 0.237000 0.156000
v 0.021538 0.237019 0.154000
v 0.021538 0.237019 0.156000
v 0.021386 0.237078 0.154000
v 0.021386 0.237078 0.156000
v 0.021265 0.237175 0.154000
v 0.021265 0.237175 0.156000
v 0.021172 0.237312 0.154000
v 0.021172 0.237312 0.156000
v 0.009943 0.255716 0.154000
v 0.009943 0.255716 0.156000
v 0.009904 0.255766 0.154000
v 0.009904 0.255766 0.156000
v 0.009865 0.255798 0.154000
v 0.009865 0.255798 0.156000
v 0.009826 0.255814 0.154000
v 0.009826 0.255814 0.156000
v 0.009787 0.255813 0.154000
v 0.009787 0.255813 0.156000
v 0.009753 0.255795 0.154000
v 0.009753 0.255795 0.156000
v 0.009728 0.255759 0.154000
v 0.009728 0.255759 0.156000
v 0.009714 0.255707 0.154000
v 0.009714 0.255707 0.156000
v 0.009709 0.255638 0.154000
v 0.009709 0.255638 0.156000
v 0.009787 0.237468 0.154000
v 0.009787 0.237468 0.156000
v 0.009778 0.237374 0.154000
v 0.009778 0.237374 0.156000
v 0.009753 0.237288 0.154000
v 0.009753 0.237288 0.156000
v 0.009710 0.237208 0.154000
v 0.009710 0.237208 0.156000
v 0.009650 0.237136 0.154000
v 0.009650 0.237136 0.156000
v 0.009578 0.237077 0.154000
v 0.009578 0.237077 0.156000
v 0.009499 0.237034 0.154000
v 0.009499 0.237034 0.156000
v 0.009413 0.237009 0.154000
v 0.009413 0.237009 0.156000
v 0.009319 0.237000 0.154000
v 0.009319 0.237000 0.156000
v 0.005732 0.237000 0.154000
v 0.005732 0.237000 0.156000
v 0.005638 0.237009 0.154000
v 0.005638 0.237009 0.156000
v 0.005551 0.237034 0.154000
v 0.005551 0.237034 0.156000
v 0.005472 0.237077 0.154000
v 0.005472 0.237077 0.156000
v 0.005400 0.237136 0.154000
v 0.005400 0.237136 0.156000
v 0.005341 0.237208 0.154000
v 0.005341 0.237208 0.156000
v 0.005298 0.237288 0.154000
v 0.005298 0.237288 0.156000
v 0.005272 0.237374 0.154000
v 0.005272 0.237374 0.156000
v 0.005264 0.237468 0.154000
v 0.005264 0.237468 0.156000
v 0.005264 0.263826 0.154000
v 0.005264 0.263826 0.156000
v 0.005272 0.263919 0.154000
v 0.005272 0.263919 0.156000
v 0.005298 0.264006 0.154000
v 0.005298 0.264006 0.156000
v 0.005341 0.264085 0.154000
v 0.005341 0.264085 0.156000
v 0.005400 0.264157 0.154000
v 0.005400 0.264157 0.156000
v 0.005472 0.264217 0.154000
v 0.005472 0.264217 0.156000
v 0.005551 0.264259 0.154000
v 0.005551 0.264259 0.156000
v 0.005638 0.264285 0.154000
v 0.005638 0.264285 0.156000
v 0.005732 0.264294 0.154000
v 0.005732 0.264294 0.156000
v 0.009202 0.264294 0.154000
v 0.009202 0.264294 0.156000
v 0.009382 0.264274 0.154000
v 0.009382 0.264274 0.156000
v 0.009533 0.264216 0.154000
v 0.009533 0.264216 0.156000
v 0.009655 0.264118 0.154000
v 0.009655 0.264118 0.156000
v 0.009748 0.263982 0.154000
v 0.009748 0.263982 0.156000
v 0.020938 0.245578 0.154000
v 0.020938 0.245578 0.156000
v 0.020977 0.245528 0.154000
v 0.020977 0.245528 0.156000
v 0.021016 0.245495 0.154000
v 0.021016 0.245495 0.156000
v 0.021055 0.245479 0.154000
v 0.021055 0.245479 0.156000
v 0.021094 0.245480 0.154000
v 0.021094 0.245480 0.156000
v 0.021128 0.245499 0.154000
v 0.021128 0.245499 0.156000
v 0.021153 0.245534 0.154000
v 0.021153 0.245534 0.156000
v 0.021167 0.245587 0.154000
v 0.021167 0.245587 0.156000
v 0.021172 0.245656 0.154000
v 0.021172 0.245656 0.156000
v 0.031817 0.237000 0.154000
v 0.031817 0.237000 0.156000
v 0.031723 0.237009 0.154000
v 0.031723 0.237009 0.156000
v 0.031636 0.237034 0.154000
v 0.031636 0.237034 0.156000
v 0.031557 0.237077 0.154000
v 0.031557 0.237077 0.156000
v 0.031485 0.237136 0.154000
v 0.031485 0.237136 0.156000
v 0.031425 0.237208 0.154000
v 0.031425 0.237208 0.156000
v 0.031383 0.237288 0.154000
v 0.031383 0.237288 0.156000
v 0.031357 0.237374 0.154000
v 0.031357 0.237374 0.156000
v 0.031349 0.237468 0.154000
v 0.031349 0.237468 0.156000
v 0.031349 0.263826 0.154000
v 0.031349 0.263826 0.156000
v 0.031357 0.263919 0.154000
v 0.031357 0.263919 0.156000
v 0.031383 0.264006 0.154000
v 0.031383 0.264006 0.156000
v 0.031425 0.264085 0.154000
v 0.031425 0.264085 0.156000
v 0.031485 0.264157 0.154000
v 0.031485 0.264157 0.156000
v 0.031557 0.264217 0.154000
v 0.031557 0.264217 0.156000
v 0.031636 0.264259 0.154000
v 0.031636 0.264259 0.156000
v 0.031723 0.264285 0.154000
v 0.031723 0.264285 0.156000
v 0.031817 0.264294 0.154000
v 0.031817 0.264294 0.156000
v 0.041330 0.264294 0.154000
v 0.041330 0.264294 0.156000
v 0.042673 0.264233 0.154000
v 0.042673 0.264233 0.156000
v 0.043933 0.264050 0.154000
v 0.043933 0.264050 0.156000
v 0.045110 0.263745 0.154000
v 0.045110 0.263745 0.156000
v 0.046204 0.263319 0.154000
v 0.046204 0.263319 0.156000
v 0.047197 0.262779 0.154000
v 0.047197 0.262779 0.156000
v 0.048071 0.262134 0.154000
v 0.048071 0.262134 0.156000
v 0.048825 0.261385 0.154000
v 0.048825 0.261385 0.156000
v 0.049460 0.260531 0.154000
v 0.049460 0.260531 0.156000
v 0.049963 0.259587 0.154000
v 0.049963 0.259587 0.156000
v 0.050323 0.258567 0.154000
v 0.050323 0.258567 0.156000
v 0.050538 0.257471 0.154000
v 0.050538 0.257471 0.156000
v 0.050610 0.256300 0.154000
v 0.050610 0.256300 0.156000
v 0.050610 0.244993 0.154000
v 0.050610 0.244993 0.156000
v 0.050538 0.243822 0.154000
v 0.050538 0.243822 0.156000
v 0.050323 0.242727 0.154000
v 0.050323 0.242727 0.156000
v 0.049963 0.241707 0.154000
v 0.049963 0.241707 0.156000
v 0.049460 0.240763 0.154000
v 0.049460 0.240763 0.156000
v 0.048825 0.239908 0.154000
v 0.048825 0.239908 0.156000
v 0.048071 0.239159 0.154000
v 0.048071 0.239159 0.156000
v 0.047197 0.238515 0.154000
v 0.047197 0.238515 0.156000
v 0.046204 0.237975 0.154000
v 0.046204 0.237975 0.156000
v 0.045110 0.237548 0.154000
v 0.045110 0.237548 0.156000
v 0.043933 0.237244 0.154000
v 0.043933 0.237244 0.156000
v 0.042673 0.237061 0.154000
v 0.042673 0.237061 0.156000
v 0.041330 0.237000 0.154000
v 0.041330 0.237000 0.156000
v 0.035872 0.241094 0.154000
v 0.035872 0.241094 0.156000
v 0.035884 0.241009 0.154000
v 0.035884 0.241009 0.156000
v 0.035920 0.240948 0.154000
v 0.035920 0.240948 0.156000
v 0.035981 0.240911 0.154000
v 0.035981 0.240911 0.156000
v 0.036067 0.240899 0.154000
v 0.036067 0.240899 0.156000
v 0.041525 0.240899 0.154000
v 0.041525 0.240899 0.156000
v 0.042506 0.240981 0.154000
v 0.042506 0.240981 0.156000
v 0.043382 0.241226 0.154000
v 0.043382 0.241226 0.156000
v 0.044153 0.241634 0.154000
v 0.044153 0.241634 0.156000
v 0.044820 0.242205 0.154000
v 0.044820 0.242205 0.156000
v 0.045360 0.242913 0.154000
v 0.045360 0.242913 0.156000
v 0.045751 0.243731 0.154000
v 0.045751 0.243731 0.156000
v 0.045993 0.244658 0.154000
v 0.045993 0.244658 0.156000
v 0.046087 0.245695 0.154000
v 0.046087 0.245695 0.156000
v 0.046087 0.255560 0.154000
v 0.046087 0.255560 0.156000
v 0.046009 0.256614 0.154000
v 0.046009 0.256614 0.156000
v 0.045775 0.257553 0.154000
v 0.045775 0.257553 0.156000
v 0.045385 0.258378 0.154000
v 0.045385 0.258378 0.156000
v 0.044839 0.259088 0.154000
v 0.044839 0.259088 0.156000
v 0.044162 0.259660 0.154000
v 0.044162 0.259660 0.156000
v 0.043377 0.260068 0.154000
v 0.043377 0.260068 0.156000
v 0.042485 0.260313 0.154000
v 0.042485 0.260313 0.156000
v 0.041486 0.260394 0.154000
v 0.041486 0.260394 0.156000
v 0.036067 0.260394 0.154000
v 0.036067 0.260394 0.156000
v 0.035981 0.260382 0.154000
v 0.035981 0.260382 0.156000
v 0.035920 0.260346 0.154000
v 0.035920 0.260346 0.156000
v 0.035884 0.260285 0.154000
v 0.035884 0.260285 0.156000
v 0.035872 0.260200 0.154000
v 0.035872 0.260200 0.156000
v 0.072367 0.237000 0.154000
v 0.072367 0.237000 0.156000
v 0.072189 0.237024 0.154000
v 0.072189 0.237024 0.156000
v 0.072045 0.237097 0.154000
v 0.072045 0.237097 0.156000
v 0.071936 0.237219 0.154000
v 0.071936 0.237219 0.156000
v 0.071860 0.237390 0.154000
v 0.071860 0.237390 0.156000
v 0.070573 0.241562 0.154000
v 0.070573 0.241562 0.156000
v 0.070532 0.241630 0.154000
v 0.070532 0.241630 0.156000
v 0.070486 0.241679 0.154000
v 0.070486 0.241679 0.156000
v 0.070434 0.241708 0.154000
v 0.070434 0.241708 0.156000
v 0.070378 0.241718 0.154000
v 0.070378 0.241718 0.156000
v 0.060085 0.241718 0.154000
v 0.060085 0.241718 0.156000
v 0.060029 0.241708 0.154000
v 0.060029 0.241708 0.156000
v 0.059978 0.241679 0.154000
v 0.059978 0.241679 0.156000
v 0.059931 0.241630 0.154000
v 0.059931 0.241630 0.156000
v 0.059890 0.241562 0.154000
v 0.059890 0.241562 0.156000
v 0.058603 0.237390 0.154000
v 0.058603 0.237390 0.156000
v 0.058528 0.237219 0.154000
v 0.058528 0.237219 0.156000
v 0.058418 0.237097 0.154000
v 0.058418 0.237097 0.156000
v 0.058274 0.237024 0.154000
v 0.058274 0.237024 0.156000
v 0.058096 0.237000 0.154000
v 0.058096 0.237000 0.156000
v 0.054197 0.237000 0.154000
v 0.054197 0.237000 0.156000
v 0.054088 0.237009 0.154000
v 0.054088 0.237009 0.156000
v 0.053993 0.237034 0.154000
v 0.053993 0.237034 0.156000
v 0.053912 0.237077 0.154000
v 0.053912 0.237077 0.156000
v 0.053846 0.237136 0.154000
v 0.053846 0.237136 0.156000
v 0.053800 0.237213 0.154000
v 0.053800 0.237213 0.156000
v 0.053778 0.237307 0.154000
v 0.053778 0.237307 0.156000
v 0.053781 0.237418 0.154000
v 0.053781 0.237418 0.156000
v 0.053807 0.237546 0.154000
v 0.053807 0.237546 0.156000
v 0.062268 0.263904 0.154000
v 0.062268 0.263904 0.156000
v 0.062344 0.264074 0.154000
v 0.062344 0.264074 0.156000
v 0.062454 0.264196 0.154000
v 0.062454 0.264196 0.156000
v 0.062597 0.264269 0.154000
v 0.062597 0.264269 0.156000
v 0.062775 0.264294 0.154000
v 0.062775 0.264294 0.156000
v 0.067649 0.264294 0.154000
v 0.067649 0.264294 0.156000
v 0.067827 0.264269 0.154000
v 0.067827 0.264269 0.156000
v 0.067971 0.264196 0.154000
v 0.067971 0.264196 0.156000
v 0.068080 0.264074 0.154000
v 0.068080 0.264074 0.156000
v 0.068156 0.263904 0.154000
v 0.068156 0.263904 0.156000
v 0.076656 0.237546 0.154000
v 0.076656 0.237546 0.156000
v 0.076673 0.237504 0.154000
v 0.076673 0.237504 0.156000
v 0.076685 0.237458 0.154000
v 0.076685 0.237458 0.156000
v 0.076692 0.237407 0.154000
v 0.076692 0.237407 0.156000
v 0.076695 0.237351 0.154000
v 0.076695 0.237351 0.156000
v 0.076668 0.237197 0.154000
v 0.076668 0.237197 0.156000
v 0.076588 0.237088 0.154000
v 0.076588 0.237088 0.156000
v 0.076454 0.237022 0.154000
v 0.076454 0.237022 0.156000
v 0.076266 0.237000 0.154000
v 0.076266 0.237000 0.156000
v 0.061099 0.245500 0.154000
v 0.061099 0.245500 0.156000
v 0.061094 0.245398 0.154000
v 0.061094 0.245398 0.156000
v 0.061118 0.245325 0.154000
v 0.061118 0.245325 0.156000
v 0.061172 0.245281 0.154000
v 0.061172 0.245281 0.156000
v 0.061255 0.245266 0.154000
v 0.061255 0.245266 0.156000
v 0.069170 0.245266 0.154000
v 0.069170 0.245266 0.156000
v 0.069267 0.245281 0.154000
v 0.069267 0.245281 0.156000
v 0.069326 0.245325 0.154000
v 0.069326 0.245325 0.156000
v 0.069345 0.245398 0.154000
v 0.069345 0.245398 0.156000
v 0.069326 0.245500 0.154000
v 0.069326 0.245500 0.156000
v 0.065310 0.258562 0.154000
v 0.065310 0.258562 0.156000
v 0.065288 0.258630 0.154000
v 0.065288 0.258630 0.156000
v 0.065261 0.258679 0.154000
v 0.065261 0.258679 0.156000
v 0.065229 0.258708 0.154000
v 0.065229 0.258708 0.156000
v 0.065193 0.258718 0.154000
v 0.065193 0.258718 0.156000
v 0.065156 0.258708 0.154000
v 0.065156 0.258708 0.156000
v 0.065124 0.258679 0.154000
v 0.065124 0.258679 0.156000
v 0.065098 0.258630 0.154000
v 0.065098 0.258630 0.156000
v 0.065076 0.258562 0.154000
v 0.065076 0.258562 0.156000
v 0.096580 0.263826 0.154000
v 0.096580 0.263826 0.156000
v 0.096589 0.263919 0.154000
v 0.096589 0.263919 0.156000
v 0.096614 0.264006 0.154000
v 0.096614 0.264006 0.156000
v 0.096657 0.264085 0.154000
v 0.096657 0.264085 0.156000
v 0.096717 0.264157 0.154000
v 0.096717 0.264157 0.156000
v 0.096789 0.264217 0.154000
v 0.096789 0.264217 0.156000
v 0.096868 0.264259 0.154000
v 0.096868 0.264259 0.156000
v 0.096954 0.264285 0.154000
v 0.096954 0.264285 0.156000
v 0.097048 0.264294 0.154000
v 0.097048 0.264294 0.156000
v 0.100635 0.264294 0.154000
v 0.100635 0.264294 0.156000
v 0.100729 0.264285 0.154000
v 0.100729 0.264285 0.156000
v 0.100816 0.264259 0.154000
v 0.100816 0.264259 0.156000
v 0.100895 0.264217 0.154000
v 0.100895 0.264217 0.156000
v 0.100967 0.264157 0.154000
v 0.100967 0.264157 0.156000
v 0.101026 0.264085 0.154000
v 0.101026 0.264085 0.156000
v 0.101069 0.264006 0.154000
v 0.101069 0.264006 0.156000
v 0.101095 0.263919 0.154000
v 0.101095 0.263919 0.156000
v 0.101103 0.263826 0.154000
v 0.101103 0.263826 0.156000
v 0.101103 0.237468 0.154000
v 0.101103 0.237468 0.156000
v 0.101095 0.237374 0.154000
v 0.101095 0.237374 0.156000
v 0.101069 0.237288 0.154000
v 0.101069 0.237288 0.156000
v 0.101026 0.237208 0.154000
v 0.101026 0.237208 0.156000
v 0.100967 0.237136 0.154000
v 0.100967 0.237136 0.156000
v 0.100895 0.237077 0.154000
v 0.100895 0.237077 0.156000
v 0.100816 0.237034 0.154000
v 0.100816 0.237034 0.156000
v 0.100729 0.237009 0.154000
v 0.100729 0.237009 0.156000
v 0.100635 0.237000 0.154000
v 0.100635 0.237000 0.156000
v 0.097165 0.237000 0.154000
v 0.097165 0.237000 0.156000
v 0.096985 0.237019 0.154000
v 0.096985 0.237019 0.156000
v 0.096834 0.237078 0.154000
v 0.096834 0.237078 0.156000
v 0.096712 0.237175 0.154000
v 0.096712 0.237175 0.156000
v 0.096619 0.237312 0.154000
v 0.096619 0.237312 0.156000
v 0.085390 0.255716 0.154000
v 0.085390 0.255716 0.156000
v 0.085351 0.255766 0.154000
v 0.085351 0.255766 0.156000
v 0.085312 0.255798 0.154000
v 0.085312 0.255798 0.156000
v 0.085273 0.255814 0.154000
v 0.085273 0.255814 0.156000
v 0.085234 0.255813 0.154000
v 0.085234 0.255813 0.156000
v 0.085200 0.255795 0.154000
v 0.085200 0.255795 0.156000
v 0.085175 0.255759 0.154000
v 0.085175 0.255759 0.156000
v 0.085161 0.255707 0.154000
v 0.085161 0.255707 0.156000
v 0.085156 0.255638 0.154000
v 0.085156 0.255638 0.156000
v 0.085234 0.237468 0.154000
v 0.085234 0.237468 0.156000
v 0.085225 0.237374 0.154000
v 0.085225 0.237374 0.156000
v 0.085200 0.237288 0.154000
v 0.085200 0.237288 0.156000
v 0.085157 0.237208 0.154000
v 0.085157 0.237208 0.156000
v 0.085097 0.237136 0.154000
v 0.085097 0.237136 0.156000
v 0.085026 0.237077 0.154000
v 0.085026 0.237077 0.156000
v 0.084946 0.237034 0.154000
v 0.084946 0.237034 0.156000
v 0.084860 0.237009 0.154000
v 0.084860 0.237009 0.156000
v 0.084766 0.237000 0.154000
v 0.084766 0.237000 0.156000
v 0.081179 0.237000 0.154000
v 0.081179 0.237000 0.156000
v 0.081085 0.237009 0.154000
v 0.081085 0.237009 0.156000
v 0.080999 0.237034 0.154000
v 0.080999 0.237034 0.156000
v 0.080919 0.237077 0.154000
v 0.080919 0.237077 0.156000
v 0.080847 0.237136 0.154000
v 0.080847 0.237136 0.156000
v 0.080788 0.237208 0.154000
v 0.080788 0.237208 0.156000
v 0.080745 0.237288 0.154000
v 0.080745 0.237288 0.156000
v 0.080720 0.237374 0.154000
v 0.080720 0.237374 0.156000
v 0.080711 0.237468 0.154000
v 0.080711 0.237468 0.156000
v 0.080711 0.263826 0.154000
v 0.080711 0.263826 0.156000
v 0.080720 0.263919 0.154000
v 0.080720 0.263919 0.156000
v 0.080745 0.264006 0.154000
v 0.080745 0.264006 0.156000
v 0.080788 0.264085 0.154000
v 0.080788 0.264085 0.156000
v 0.080847 0.264157 0.154000
v 0.080847 0.264157 0.156000
v 0.080919 0.264217 0.154000
v 0.080919 0.264217 0.156000
v 0.080999 0.264259 0.154000
v 0.080999 0.264259 0.156000
v 0.081085 0.264285 0.154000
v 0.081085 0.264285 0.156000
v 0.081179 0.264294 0.154000
v 0.081179 0.264294 0.156000
v 0.084649 0.264294 0.154000
v 0.084649 0.264294 0.156000
v 0.084829 0.264274 0.154000
v 0.084829 0.264274 0.156000
v 0.084980 0.264216 0.154000
v 0.084980 0.264216 0.156000
v 0.085102 0.264118 0.154000
v 0.085102 0.264118 0.156000
v 0.085195 0.263982 0.154000
v 0.085195 0.263982 0.156000
v 0.096385 0.245578 0.154000
v 0.096385 0.245578 0.156000
v 0.096424 0.245528 0.154000
v 0.096424 0.245528 0.156000
v 0.096463 0.245495 0.154000
v 0.096463 0.245495 0.156000
v 0.096502 0.245479 0.154000
v 0.096502 0.245479 0.156000
v 0.096541 0.245480 0.154000
v 0.096541 0.245480 0.156000
v 0.096575 0.245499 0.154000
v 0.096575 0.245499 0.156000
v 0.096600 0.245534 0.154000
v 0.096600 0.245534 0.156000
v 0.096614 0.245587 0.154000
v 0.096614 0.245587 0.156000
v 0.096619 0.245656 0.154000
v 0.096619 0.245656 0.156000
v 0.124732 0.264294 0.154000
v 0.124732 0.264294 0.156000
v 0.124825 0.264285 0.154000
v 0.124825 0.264285 0.156000
v 0.124912 0.264259 0.154000
v 0.124912 0.264259 0.156000
v 0.124991 0.264217 0.154000
v 0.124991 0.264217 0.156000
v 0.125063 0.264157 0.154000
v 0.125063 0.264157 0.156000
v 0.125123 0.264085 0.154000
v 0.125123 0.264085 0.156000
v 0.125165 0.264006 0.154000
v 0.125165 0.264006 0.156000
v 0.125191 0.263919 0.154000
v 0.125191 0.263919 0.156000
v 0.125200 0.263826 0.154000
v 0.125200 0.263826 0.156000
v 0.125200 0.260823 0.154000
v 0.125200 0.260823 0.156000
v 0.125191 0.260730 0.154000
v 0.125191 0.260730 0.156000
v 0.125165 0.260643 0.154000
v 0.125165 0.260643 0.156000
v 0.125123 0.260564 0.154000
v 0.125123 0.260564 0.156000
v 0.125063 0.260492 0.154000
v 0.125063 0.260492 0.156000
v 0.124991 0.260432 0.154000
v 0.124991 0.260432 0.156000
v 0.124912 0.260390 0.154000
v 0.124912 0.260390 0.156000
v 0.124825 0.260364 0.154000
v 0.124825 0.260364 0.156000
v 0.124732 0.260355 0.154000
v 0.124732 0.260355 0.156000
v 0.117557 0.260355 0.154000
v 0.117557 0.260355 0.156000
v 0.117472 0.260343 0.154000
v 0.117472 0.260343 0.156000
v 0.117411 0.260307 0.154000
v 0.117411 0.260307 0.156000
v 0.117375 0.260246 0.154000
v 0.117375 0.260246 0.156000
v 0.117362 0.260161 0.154000
v 0.117362 0.260161 0.156000
v 0.117362 0.237468 0.154000
v 0.117362 0.237468 0.156000
v 0.117354 0.237374 0.154000
v 0.117354 0.237374 0.156000
v 0.117328 0.237288 0.154000
v 0.117328 0.237288 0.156000
v 0.117286 0.237208 0.154000
v 0.117286 0.237208 0.156000
v 0.117226 0.237136 0.154000
v 0.117226 0.237136 0.156000
v 0.117154 0.237077 0.154000
v 0.117154 0.237077 0.156000
v 0.117075 0.237034 0.154000
v 0.117075 0.237034 0.156000
v 0.116988 0.237009 0.154000
v 0.116988 0.237009 0.156000
v 0.116894 0.237000 0.154000
v 0.116894 0.237000 0.156000
v 0.113307 0.237000 0.154000
v 0.113307 0.237000 0.156000
v 0.113214 0.237009 0.154000
v 0.113214 0.237009 0.156000
v 0.113127 0.237034 0.154000
v 0.113127 0.237034 0.156000
v 0.113048 0.237077 0.154000
v 0.113048 0.237077 0.156000
v 0.112976 0.237136 0.154000
v 0.112976 0.237136 0.156000
v 0.112916 0.237208 0.154000
v 0.112916 0.237208 0.156000
v 0.112874 0.237288 0.154000
v 0.112874 0.237288 0.156000
v 0.112848 0.237374 0.154000
v 0.112848 0.237374 0.156000
v 0.112839 0.237468 0.154000
v 0.112839 0.237468 0.156000
v 0.112839 0.260161 0.154000
v 0.112839 0.260161 0.156000
v 0.112827 0.260246 0.154000
v 0.112827 0.260246 0.156000
v 0.112791 0.260307 0.154000
v 0.112791 0.260307 0.156000
v 0.112730 0.260343 0.154000
v 0.112730 0.260343 0.156000
v 0.112644 0.260355 0.154000
v 0.112644 0.260355 0.156000
v 0.105743 0.260355 0.154000
v 0.105743 0.260355 0.156000
v 0.105649 0.260364 0.154000
v 0.105649 0.260364 0.156000
v 0.105563 0.260390 0.154000
v 0.105563 0.260390 0.156000
v 0.105484 0.260432 0.154000
v 0.105484 0.260432 0.156000
v 0.105412 0.260492 0.154000
v 0.105412 0.260492 0.156000
v 0.105352 0.260564 0.154000
v 0.105352 0.260564 0.156000
v 0.105309 0.260643 0.154000
v 0.105309 0.260643 0.156000
v 0.105284 0.260730 0.154000
v 0.105284 0.260730 0.156000
v 0.105275 0.260823 0.154000
v 0.105275 0.260823 0.156000
v 0.105275 0.263826 0.154000
v 0.105275 0.263826 0.156000
v 0.105284 0.263919 0.154000
v 0.105284 0.263919 0.156000
v 0.105309 0.264006 0.154000
v 0.105309 0.264006 0.156000
v 0.105352 0.264085 0.154000
v 0.105352 0.264085 0.156000
v 0.105412 0.264157 0.154000
v 0.105412 0.264157 0.156000
v 0.105484 0.264217 0.154000
v 0.105484 0.264217 0.156000
v 0.105563 0.264259 0.154000
v 0.105563 0.264259 0.156000
v 0.105649 0.264285 0.154000
v 0.105649 0.264285 0.156000
v 0.105743 0.264294 0.154000
v 0.105743 0.264294 0.156000
v -0.090000 0.570000 0.151000
v 0.065000 0.570000 0.151000
v 0.085000 0.520000 0.151000
v 0.130000 0.495000 0.151000
v 0.085000 0.475000 0.151000
v 0.065000 0.405000 0.151000
v 0.025000 0.390000 0.151000
v 0.025000 0.355000 0.151000
v 0.150000 0.310000 0.151000
v -0.160000 0.310000 0.151000
v -0.095000 0.380000 0.151000
v -0.100000 0.480000 0.151000
v -0.090000 0.570000 0.145000
v 0.065000 0.570000 0.145000
v 0.085000 0.520000 0.145000
v 0.130000 0.495000 0.145000
v 0.085000 0.475000 0.145000
v 0.065000 0.405000 0.145000
v 0.025000 0.390000 0.145000
v 0.025000 0.355000 0.145000
v 0.150000 0.310000 0.145000
v -0.160000 0.310000 0.145000
v -0.095000 0.380000 0.145000
v -0.100000 0.480000 0.145000
v -0.130000 0.575000 0.151000
v -0.100000 0.725000 0.151000
v 0.070000 0.725000 0.151000
v 0.100000 0.590000 0.151000
v 0.170000 0.560000 0.151000
v -0.130000 0.575000 0.145000
v -0.100000 0.725000 0.145000
v 0.070000 0.725000 0.145000
v 0.100000 0.590000 0.145000
v 0.170000 0.560000 0.145000
v -0.130000 0.544000 0.151000
v 0.130000 0.544000 0.151000
v 0.130000 0.560000 0.151000
v -0.130000 0.560000 0.151000
v -0.130000 0.544000 0.145000
v 0.130000 0.544000 0.145000
v 0.130000 0.560000 0.145000
v -0.130000 0.560000 0.145000
v -0.122198 0.337308 0.151000
v 0.017802 0.297308 0.151000
v 0.022198 0.312692 0.151000
v -0.117802 0.352692 0.151000
v -0.122198 0.337308 0.145000
v 0.017802 0.297308 0.145000
v 0.022198 0.312692 0.145000
v -0.117802 0.352692 0.145000
vn 0.000000 -0.000000 1.000000
vn 0.000000 -0.000000 1.000000
vn 0.000000 -0.000000 1.000000
vn 0.000000 -0.000000 1.000000
vn 0.000000 -0.000000 1.000000
vn 0.000000 -0.000000 1.000000
vn 0.000000 -0.000000 1.000000
vn 0.000000 -0.000000 1.000000
vn 0.000000 -0.000000 1.000000
vn 0.000000 -0.000000 1.000000
vn 0.000000 -0.000000 1.000000
vn 0.000000 -0.000000 1.000000
vn 0.000000 -0.000000 1.000000
vn 0.000000 -0.000000 1.000000
vn 0.000000 -0.000000 1.000000
vn 0.000000 -0.000000 1.000000
vn 0.000000 -0.000000 1.000000
vn 0.000000 -0.000000 1.000000
vn 0.000000 -0.000000 1.000000
vn 0.000000 -0.000000 1.000000
vn 0.000000 -0.000000 1.000000
vn 0.000000 -0.000000 1.000000
vn 0.000000 -0.000000 1.000000
vn 0.000000 -0.000000 1.000000
vn 0.000000 -0.000000 1.000000
vn 0.000000 -0.000000 1.000000
vn 0.000000 -0.000000 1.000000
vn 0.000000 -0.000000 1.000000
vn 0.000000 -0.000000 1.000000
vn 0.000000 -0.000000 1.000000
vn 0.000000 -0.000000 1.000000
vn 0.000000 -0.000000 1.000000
vn 0.000000 -0.000000 1.000000
vn 0.000000 -0.000000 1.000000
vn 0.000000 -0.000000 1.000000
vn 0.000000 -0.000000 1.000000
vn 0.000000 -0.000000 1.000000
vn 0.000000 -0.000000 1.000000
vn 0.000000 -0.000000 1.000000
vn 0.000000 -0.000000 1.000000
vn 0.000000 -0.000000 1.000000
vn 0.000000 -0.000000 1.000000
vn 0.000000 -0.000000 1.000000
vn 0.000000 -0.000000 1.000000
vn 0.000000 -0.000000 1.000000
vn 0.000000 -0.000000 1.000000
vn 0.000000 -0.000000 1.000000
vn 0.000000 -0.000000 1.000000
vn 0.000000 -0.000000 1.000000
vn 0.000000 -0.000000 1.000000
vn 0.000000 -0.000000 1.000000
vn 0.000000 -0.000000 1.000000
vn 0.000000 -0.000000 1.000000
vn 0.000000 -0.000000 1.000000
vn 0.000000 -0.000000 1.000000
vn 0.000000 -0.000000 1.000000
vn 0.000000 -0.000000 1.000000
vn 0.000000 -0.000000 1.000000
vn 0.000000 -0.000000 1.000000
vn 0.000000 0.000000 -1.000000
vn 0.000000 0.000000 -1.000000
vn 0.000000 0.000000 -1.000000
vn 0.000000 0.000000 -1.000000
vn 0.000000 0.000000 -1.000000
vn 0.000000 0.000000 -1.000000
vn 0.000000 0.000000 -1.000000
vn 0.000000 0.000000 -1.000000
vn 0.000000 0.000000 -1.000000
vn 0.000000 0.000000 -1.000000
vn 0.000000 0.000000 -1.000000
vn 0.000000 0.000000 -1.000000
vn 0.000000 0.000000 -1.000000
vn 0.000000 0.000000 -1.000000
vn 0.000000 0.000000 -1.000000
vn 0.000000 0.000000 -1.000000
vn 0.000000 0.000000 -1.000000
vn 0.000000 0.000000 -1.000000
vn 0.000000 0.000000 -1.000000
vn 0.000000 0.000000 -1.000000
vn 0.000000 0.000000 -1.000000
vn 0.000000 0.000000 -1.000000
vn 0.000000 0.000000 -1.000000
vn 0.000000 0.000000 -1.000000
vn 0.000000 0.000000 -1.000000
vn 0.000000 0.000000 -1.000000
vn 0.000000 0.000000 -1.000000
vn 0.000000 0.000000 -1.000000
vn 0.000000 0.000000 -1.000000
vn 0.000000 0.000000 -1.000000
vn 0.000000 0.000000 -1.000000
vn 0.000000 0.000000 -1.000000
vn 0.000000 0.000000 -1.000000
vn 0.000000 0.000000 -1.000000
vn 0.000000 0.000000 -1.000000
vn 0.000000 0.000000 -1.000000
vn 0.000000 0.000000 -1.000000
vn 0.000000 0.000000 -1.000000
vn 0.000000 0.000000 -1.000000
vn 0.000000 0.000000 -1.000000
vn 0.000000 0.000000 -1.000000
vn 0.000000 0.000000 -1.000000
vn 0.000000 0.000000 -1.000000
vn 0.000000 0.000000 -1.000000
vn 0.000000 0.000000 -1.000000
vn 0.000000 0.000000 -1.000000
vn 0.000000 0.000000 -1.000000
vn 0.000000 0.000000 -1.000000
vn 0.000000 0.000000 -1.000000
vn 0.000000 0.000000 -1.000000
vn 0.000000 0.000000 -1.000000
vn 0.000000 0.000000 -1.000000
vn 0.000000 0.000000 -1.000000
vn 0.000000 0.000000 -1.000000
vn 0.000000 0.000000 -1.000000
vn 0.000000 0.000000 -1.000000
vn 0.000000 0.000000 -1.000000
vn 0.000000 0.000000 -1.000000
vn 0.000000 0.000000 -1.000000
vn -0.138648 -0.990342 -0.000000
vn -0.573462 -0.819232 -0.000000
vn -0.961524 -0.274721 -0.000000
vn -0.979804 0.199960 0.000000
vn -0.934462 0.356062 0.000000
vn -0.982339 0.187111 0.000000
vn -0.966235 -0.257662 -0.000000
vn -0.600001 -0.799999 -0.000000
vn -0.148351 -0.988935 -0.000000
vn 0.000000 -1.000000 -0.000000
vn 0.141434 -0.989948 -0.000000
vn 0.514497 -0.857492 -0.000000
vn 0.857489 -0.514503 -0.000000
vn 0.989950 -0.141421 -0.000000
vn 1.000000 0.000000 -0.000000
vn 0.995893 -0.090536 -0.000000
vn 0.958934 -0.283629 -0.000000
vn 0.880474 -0.474095 -0.000000
vn 0.769289 -0.638901 -0.000000
vn 0.638901 -0.769289 -0.000000
vn 0.474092 -0.880476 -0.000000
vn 0.283626 -0.958935 -0.000000
vn 0.090540 -0.995893 -0.000000
vn 0.000000 -1.000000 -0.000000
vn -0.090540 -0.995893 -0.000000
vn -0.283627 -0.958935 -0.000000
vn -0.474092 -0.880476 -0.000000
vn -0.638904 -0.769287 -0.000000
vn -0.769287 -0.638904 -0.000000
vn -0.880474 -0.474095 -0.000000
vn -0.958935 -0.283624 -0.000000
vn -0.995893 -0.090540 -0.000000
vn -1.000000 0.000000 -0.000000
vn -0.995894 0.090530 0.000000
vn -0.958935 0.283624 0.000000
vn -0.880474 0.474095 0.000000
vn -0.769282 0.638909 0.000000
vn -0.638899 0.769290 0.000000
vn -0.474092 0.880476 0.000000
vn -0.283627 0.958935 0.000000
vn -0.090541 0.995893 0.000000
vn 0.000000 1.000000 0.000000
vn 0.090540 0.995893 0.000000
vn 0.283624 0.958935 0.000000
vn 0.474092 0.880476 0.000000
vn 0.638908 0.769283 0.000000
vn 0.769287 0.638904 0.000000
vn 0.880470 0.474102 0.000000
vn 0.958933 0.283633 0.000000
vn 0.995895 0.090522 0.000000
vn 1.000000 0.000000 -0.000000
vn 0.998275 -0.058720 -0.000000
vn 0.987763 -0.155961 -0.000000
vn 0.972806 -0.231621 -0.000000
vn 0.956674 -0.291160 -0.000000
vn 0.935602 -0.353057 -0.000000
vn 0.909475 -0.415759 -0.000000
vn 0.721388 -0.692531 -0.000000
vn 0.424434 -0.905459 -0.000000
vn 0.124035 -0.992278 -0.000000
vn 0.000000 -1.000000 -0.000000
vn 0.000000 -0.000000 1.000000
vn 0.000000 -0.000000 1.000000
vn 0.000000 -0.000000 1.000000
vn 0.000000 -0.000000 1.000000
vn 0.000000 -0.000000 1.000000
vn 0.000000 -0.000000 1.000000
vn 0.000000 -0.000000 1.000000
vn 0.000000 -0.000000 1.000000
vn 0.000000 -0.000000 1.000000
vn 0.000000 -0.000000 1.000000
vn 0.000000 -0.000000 1.000000
vn 0.000000 -0.000000 1.000000
vn 0.000000 -0.000000 1.000000
vn 0.000000 -0.000000 1.000000
vn 0.000000 -0.000000 1.000000
vn 0.000000 -0.000000 1.000000
vn 0.000000 -0.000000 1.000000
vn 0.000000 -0.000000 1.000000
vn 0.000000 -0.000000 1.000000
vn 0.000000 -0.000000 1.000000
vn 0.000000 -0.000000 1.000000
vn 0.000000 -0.000000 1.000000
vn 0.000000 -0.000000 1.000000
vn 0.000000 -0.000000 1.000000
vn 0.000000 -0.000000 1.000000
vn 0.000000 -0.000000 1.000000
vn 0.000000 -0.000000 1.000000
vn 0.000000 -0.000000 1.000000
vn 0.000000 -0.000000 1.000000
vn 0.000000 -0.000000 1.000000
vn 0.000000 -0.000000 1.000000
vn 0.000000 -0.000000 1.000000
vn 0.000000 -0.000000 1.000000
vn 0.000000 -0.000000 1.000000
vn 0.000000 0.000000 -0.000000
vn 0.000000 -0.000000 1.000000
vn 0.000000 0.000000 -0.000000
vn 0.000000 -0.000000 1.000000
vn 0.000000 -0.000000 1.000000
vn 0.000000 -0.000000 1.000000
vn 0.000000 -0.000000 1.000000
vn 0.000000 -0.000000 1.000000
vn 0.000000 -0.000000 1.000000
vn 0.000000 -0.000000 1.000000
vn 0.000000 -0.000000 1.000000
vn 0.000000 -0.000000 1.000000
vn 0.000000 -0.000000 1.000000
vn 0.000000 -0.000000 1.000000
vn 0.000000 -0.000000 1.000000
vn 0.000000 -0.000000 1.000000
vn 0.000000 -0.000000 1.000000
vn 0.000000 -0.000000 1.000000
vn 0.000000 -0.000000 1.000000
vn 0.000000 -0.000000 1.000000
vn 0.000000 -0.000000 1.000000
vn 0.000000 -0.000000 1.000000
vn 0.000000 -0.000000 1.000000
vn 0.000000 -0.000000 1.000000
vn 0.000000 -0.000000 1.000000
vn 0.000000 -0.000000 1.000000
vn 0.000000 -0.000000 1.000000
vn 0.000000 -0.000000 1.000000
vn 0.000000 -0.000000 1.000000
vn 0.000000 -0.000000 1.000000
vn 0.000000 -0.000000 1.000000
vn 0.000000 -0.000000 1.000000
vn 0.000000 -0.000000 1.000000
vn 0.000000 -0.000000 1.000000
vn 0.000000 -0.000000 1.000000
vn 0.000000 -0.000000 1.000000
vn 0.000000 -0.000000 1.000000
vn 0.000000 -0.000000 1.000000
vn 0.000000 -0.000000 1.000000
vn 0.000000 -0.000000 1.000000
vn 0.000000 -0.000000 1.000000
vn 0.000000 -0.000000 1.000000
vn 0.000000 -0.000000 1.000000
vn 0.000000 -0.000000 1.000000
vn 0.000000 -0.000000 1.000000
vn 0.000000 -0.000000 1.000000
vn 0.000000 -0.000000 1.000000
vn 0.000000 -0.000000 1.000000
vn 0.000000 -0.000000 1.000000
vn 0.000000 -0.000000 1.000000
vn 0.000000 -0.000000 1.000000
vn 0.000000 -0.000000 1.000000
vn 0.000000 -0.000000 1.000000
vn 0.000000 -0.000000 1.000000
vn 0.000000 -0.000000 1.000000
vn 0.000000 -0.000000 1.000000
vn 0.000000 -0.000000 1.000000
vn 0.000000 -0.000000 1.000000
vn 0.000000 -0.000000 1.000000
vn 0.000000 -0.000000 1.000000
vn 0.000000 -0.000000 1.000000
vn 0.000000 -0.000000 1.000000
vn 0.000000 -0.000000 1.000000
vn 0.000000 -0.000000 1.000000
vn 0.000000 -0.000000 1.000000
vn 0.000000 -0.000000 1.000000
vn 0.000000 -0.000000 1.000000
vn 0.000000 -0.000000 1.000000
vn 0.000000 -0.000000 1.000000
vn 0.000000 -0.000000 1.000000
vn 0.000000 -0.000000 1.000000
vn 0.000000 -0.000000 1.000000
vn 0.000000 -0.000000 1.000000
vn 0.000000 -0.000000 1.000000
vn 0.000000 -0.000000 1.000000
vn 0.000000 -0.000000 1.000000
vn 0.000000 -0.000000 1.000000
vn 0.000000 -0.000000 1.000000
vn 0.000000 -0.000000 1.000000
vn 0.000000 -0.000000 1.000000
vn 0.000000 -0.000000 1.000000
vn 0.000000 -0.000000 1.000000
vn 0.000000 -0.000000 1.000000
vn 0.000000 -0.000000 1.000000
vn 0.000000 -0.000000 1.000000
vn 0.000000 -0.000000 1.000000
vn 0.000000 -0.000000 1.000000
vn 0.000000 -0.000000 1.000000
vn 0.000000 -0.000000 1.000000
vn 0.000000 -0.000000 1.000000
vn 0.000000 -0.000000 1.000000
vn 0.000000 -0.000000 1.000000
vn 0.000000 -0.000000 1.000000
vn 0.000000 -0.000000 1.000000
vn 0.000000 -0.000000 1.000000
vn 0.000000 -0.000000 1.000000
vn 0.000000 -0.000000 1.000000
vn 0.000000 -0.000000 1.000000
vn 0.000000 -0.000000 1.000000
vn 0.000000 -0.000000 1.000000
vn 0.000000 -0.000000 1.000000
vn 0.000000 -0.000000 1.000000
vn 0.000000 -0.000000 1.000000
vn 0.000000 -0.000000 1.000000
vn 0.000000 -0.000000 1.000000
vn 0.000000 -0.000000 1.000000
vn 0.000000 -0.000000 1.000000
vn 0.000000 -0.000000 1.000000
vn 0.000000 -0.000000 1.000000
vn 0.000000 -0.000000 1.000000
vn 0.000000 -0.000000 1.000000
vn 0.000000 -0.000000 1.000000
vn 0.000000 -0.000000 1.000000
vn 0.000000 -0.000000 1.000000
vn 0.000000 -0.000000 1.000000
vn 0.000000 -0.000000 1.000000
vn 0.000000 -0.000000 1.000000
vn 0.000000 -0.000000 1.000000
vn 0.000000 -0.000000 1.000000
vn 0.000000 -0.000000 1.000000
vn 0.000000 -0.000000 1.000000
vn 0.000000 -0.000000 1.000000
vn 0.000000 -0.000000 1.000000
vn 0.000000 -0.000000 1.000000
vn 0.000000 -0.000000 1.000000
vn 0.000000 -0.000000 1.000000
vn 0.000000 -0.000000 1.000000
vn 0.000000 -0.000000 1.000000
vn 0.000000 -0.000000 1.000000
vn 0.000000 -0.000000 1.000000
vn 0.000000 -0.000000 1.000000
vn 0.000000 -0.000000 1.000000
vn 0.000000 -0.000000 1.000000
vn 0.000000 -0.000000 1.000000
vn 0.000000 -0.000000 1.000000
vn 0.000000 -0.000000 1.000000
vn 0.000000 -0.000000 1.000000
vn 0.000000 -0.000000 1.000000
vn 0.000000 -0.000000 1.000000
vn 0.000000 -0.000000 1.000000
vn 0.000000 -0.000000 1.000000
vn 0.000000 -0.000000 1.000000
vn 0.000000 -0.000000 1.000000
vn 0.000000 -0.000000 1.000000
vn 0.000000 -0.000000 1.000000
vn 0.000000 -0.000000 1.000000
vn 0.000000 -0.000000 1.000000
vn 0.000000 -0.000000 1.000000
vn 0.000000 -0.000000 1.000000
vn 0.000000 -0.000000 1.000000
vn 0.000000 -0.000000 1.000000
vn 0.000000 -0.000000 1.000000
vn 0.000000 -0.000000 1.000000
vn 0.000000 -0.000000 1.000000
vn 0.000000 -0.000000 1.000000
vn 0.000000 -0.000000 1.000000
vn 0.000000 -0.000000 1.000000
vn 0.000000 -0.000000 1.000000
vn 0.000000 -0.000000 1.000000
vn 0.000000 -0.000000 1.000000
vn 0.000000 -0.000000 1.000000
vn 0.000000 -0.000000 1.000000
vn 0.000000 -0.000000 1.000000
vn 0.000000 -0.000000 1.000000
vn 0.000000 -0.000000 1.000000
vn 0.000000 -0.000000 1.000000
vn 0.000000 -0.000000 1.000000
vn 0.000000 -0.000000 1.000000
vn 0.000000 -0.000000 1.000000
vn 0.000000 -0.000000 1.000000
vn 0.000000 -0.000000 1.000000
vn 0.000000 -0.000000 1.000000
vn 0.000000 -0.000000 1.000000
vn 0.000000 -0.000000 1.000000
vn 0.000000 -0.000000 1.000000
vn 0.000000 -0.000000 1.000000
vn 0.000000 -0.000000 1.000000
vn 0.000000 -0.000000 1.000000
vn 0.000000 -0.000000 1.000000
vn 0.000000 -0.000000 1.000000
vn 0.000000 -0.000000 1.000000
vn 0.000000 -0.000000 1.000000
vn 0.000000 -0.000000 1.000000
vn 0.000000 -0.000000 1.000000
vn 0.000000 -0.000000 1.000000
vn 0.000000 -0.000000 1.000000
vn 0.000000 -0.000000 1.000000
vn 0.000000 -0.000000 1.000000
vn 0.000000 -0.000000 1.000000
vn 0.000000 -0.000000 1.000000
vn 0.000000 -0.000000 1.000000
vn 0.000000 -0.000000 1.000000
vn 0.000000 -0.000000 1.000000
vn 0.000000 -0.000000 1.000000
vn 0.000000 -0.000000 1.000000
vn 0.000000 -0.000000 1.000000
vn 0.000000 -0.000000 1.000000
vn 0.000000 -0.000000 1.000000
vn 0.000000 -0.000000 1.000000
vn 0.000000 -0.000000 1.000000
vn 0.000000 -0.000000 1.000000
vn 0.000000 -0.000000 1.000000
vn 0.000000 -0.000000 1.000000
vn 0.000000 -0.000000 1.000000
vn 0.000000 -0.000000 1.000000
vn 0.000000 -0.000000 1.000000
vn 0.000000 -0.000000 1.000000
vn 0.000000 -0.000000 1.000000
vn 0.000000 -0.000000 1.000000
vn 0.000000 -0.000000 1.000000
vn 0.000000 -0.000000 1.000000
vn 0.000000 -0.000000 1.000000
vn 0.000000 -0.000000 1.000000
vn 0.000000 -0.000000 1.000000
vn 0.000000 -0.000000 1.000000
vn 0.000000 -0.000000 1.000000
vn 0.000000 -0.000000 1.000000
vn 0.000000 -0.000000 1.000000
vn 0.000000 -0.000000 1.000000
vn 0.000000 -0.000000 1.000000
vn 0.000000 -0.000000 1.000000
vn 0.000000 -0.000000 1.000000
vn 0.000000 -0.000000 1.000000
vn 0.000000 -0.000000 1.000000
vn 0.000000 -0.000000 1.000000
vn 0.000000 -0.000000 1.000000
vn 0.000000 -0.000000 1.000000
vn 0.000000 -0.000000 1.000000
vn 0.000000 -0.000000 1.000000
vn 0.000000 -0.000000 1.000000
vn 0.000000 -0.000000 1.000000
vn 0.000000 -0.000000 1.000000
vn 0.000000 -0.000000 1.000000
vn 0.000000 -0.000000 1.000000
vn 0.000000 -0.000000 1.000000
vn 0.000000 -0.000000 1.000000
vn 0.000000 -0.000000 1.000000
vn 0.000000 -0.000000 1.000000
vn 0.000000 -0.000000 1.000000
vn 0.000000 -0.000000 1.000000
vn 0.000000 -0.000000 1.000000
vn 0.000000 -0.000000 1.000000
vn 0.000000 -0.000000 1.000000
vn 0.000000 -0.000000 1.000000
vn 0.000000 -0.000000 1.000000
vn 0.000000 -0.000000 1.000000
vn 0.000000 -0.000000 1.000000
vn 0.000000 -0.000000 1.000000
vn 0.000000 -0.000000 1.000000
vn 0.000000 -0.000000 1.000000
vn 0.000000 -0.000000 1.000000
vn 0.000000 -0.000000 1.000000
vn 0.000000 -0.000000 1.000000
vn 0.000000 -0.000000 1.000000
vn 0.000000 -0.000000 1.000000
vn 0.000000 -0.000000 1.000000
vn 0.000000 -0.000000 1.000000
vn 0.000000 -0.000000 1.000000
vn 0.000000 -0.000000 1.000000
vn 0.000000 -0.000000 1.000000
vn 0.000000 -0.000000 1.000000
vn 0.000000 -0.000000 1.000000
vn 0.000000 -0.000000 1.000000
vn 0.000000 -0.000000 1.000000
vn 0.000000 -0.000000 1.000000
vn 0.000000 -0.000000 1.000000
vn 0.000000 -0.000000 1.000000
vn 0.000000 -0.000000 1.000000
vn 0.000000 -0.000000 1.000000
vn 0.000000 -0.000000 1.000000
vn 0.000000 -0.000000 1.000000
vn 0.000000 -0.000000 1.000000
vn 0.000000 -0.000000 1.000000
vn 0.000000 -0.000000 1.000000
vn 0.000000 -0.000000 1.000000
vn 0.000000 -0.000000 1.000000
vn 0.000000 -0.000000 1.000000
vn 0.000000 -0.000000 1.000000
vn 0.000000 -0.000000 1.000000
vn 0.000000 -0.000000 1.000000
vn 0.000000 -0.000000 1.000000
vn 0.000000 -0.000000 1.000000
vn 0.000000 -0.000000 1.000000
vn 0.000000 -0.000000 1.000000
vn 0.000000 -0.000000 1.000000
vn 0.000000 -0.000000 1.000000
vn 0.000000 -0.000000 1.000000
vn 0.000000 -0.000000 1.000000
vn 0.000000 -0.000000 1.000000
vn 0.000000 -0.000000 1.000000
vn 0.000000 -0.000000 1.000000
vn 0.000000 -0.000000 1.000000
vn 0.000000 -0.000000 1.000000
vn 0.000000 -0.000000 1.000000
vn 0.000000 -0.000000 1.000000
vn 0.000000 -0.000000 1.000000
vn 0.000000 -0.000000 1.000000
vn 0.000000 -0.000000 1.000000
vn 0.000000 -0.000000 1.000000
vn 0.000000 -0.000000 1.000000
vn 0.000000 -0.000000 1.000000
vn 0.000000 -0.000000 1.000000
vn 0.000000 -0.000000 1.000000
vn 0.000000 -0.000000 1.000000
vn 0.000000 -0.000000 1.000000
vn 0.000000 -0.000000 1.000000
vn 0.000000 -0.000000 1.000000
vn 0.000000 -0.000000 1.000000
vn 0.000000 -0.000000 1.000000
vn 0.000000 -0.000000 1.000000
vn 0.000000 -0.000000 1.000000
vn 0.000000 -0.000000 1.000000
vn 0.000000 -0.000000 1.000000
vn 0.000000 -0.000000 1.000000
vn 0.000000 -0.000000 1.000000
vn 0.000000 -0.000000 1.000000
vn 0.000000 -0.000000 1.000000
vn 0.000000 -0.000000 1.000000
vn 0.000000 -0.000000 1.000000
vn 0.000000 -0.000000 1.000000
vn 0.000000 -0.000000 1.000000
vn 0.000000 -0.000000 1.000000
vn 0.000000 -0.000000 1.000000
vn 0.000000 -0.000000 1.000000
vn 0.000000 -0.000000 1.000000
vn 0.000000 -0.000000 1.000000
vn 0.000000 -0.000000 1.000000
vn 0.000000 -0.000000 1.000000
vn 0.000000 -0.000000 1.000000
vn 0.000000 -0.000000 1.000000
vn 0.000000 -0.000000 1.000000
vn 0.000000 -0.000000 1.000000
vn 0.000000 -0.000000 1.000000
vn 0.000000 -0.000000 1.000000
vn 0.000000 -0.000000 1.000000
vn 0.000000 -0.000000 1.000000
vn 0.000000 -0.000000 1.000000
vn 0.000000 -0.000000 1.000000
vn 0.000000 -0.000000 1.000000
vn 0.000000 -0.000000 1.000000
vn 0.000000 -0.000000 1.000000
vn 0.000000 -0.000000 1.000000
vn 0.000000 -0.000000 1.000000
vn 0.000000 -0.000000 1.000000
vn 0.000000 -0.000000 1.000000
vn 0.000000 -0.000000 1.000000
vn 0.000000 -0.000000 1.000000
vn 0.000000 -0.000000 1.000000
vn 0.000000 -0.000000 1.000000
vn 0.000000 -0.000000 1.000000
vn 0.000000 -0.000000 1.000000
vn 0.000000 -0.000000 1.000000
vn 0.000000 -0.000000 1.000000
vn 0.000000 -0.000000 1.000000
vn 0.000000 -0.000000 1.000000
vn 0.000000 -0.000000 1.000000
vn 0.000000 -0.000000 1.000000
vn 0.000000 -0.000000 1.000000
vn 0.000000 -0.000000 1.000000
vn 0.000000 -0.000000 1.000000
vn 0.000000 -0.000000 1.000000
vn 0.000000 -0.000000 1.000000
vn 0.000000 -0.000000 1.000000
vn 0.000000 -0.000000 1.000000
vn 0.000000 -0.000000 1.000000
vn 0.000000 -0.000000 1.000000
vn 0.000000 -0.000000 1.000000
vn 0.000000 -0.000000 1.000000
vn 0.000000 -0.000000 1.000000
vn 0.000000 -0.000000 1.000000
vn 0.000000 -0.000000 1.000000
vn 0.000000 -0.000000 1.000000
vn 0.000000 -0.000000 1.000000
vn 0.000000 -0.000000 1.000000
vn 0.000000 -0.000000 1.000000
vn 0.000000 -0.000000 1.000000
vn 0.000000 -0.000000 1.000000
vn 0.000000 -0.000000 1.000000
vn 0.000000 -0.000000 1.000000
vn 0.000000 -0.000000 1.000000
vn 0.000000 -0.000000 1.000000
vn 0.000000 -0.000000 1.000000
vn 0.000000 -0.000000 1.000000
vn 0.000000 -0.000000 1.000000
vn 0.000000 -0.000000 1.000000
vn 0.000000 -0.000000 1.000000
vn 0.000000 -0.000000 1.000000
vn 0.000000 -0.000000 1.000000
vn 0.000000 -0.000000 1.000000
vn 0.000000 -0.000000 1.000000
vn 0.000000 -0.000000 1.000000
vn 0.000000 -0.000000 1.000000
vn 0.000000 -0.000000 1.000000
vn 0.000000 -0.000000 1.000000
vn 0.000000 -0.000000 1.000000
vn 0.000000 -0.000000 1.000000
vn 0.000000 -0.000000 1.000000
vn 0.000000 -0.000000 1.000000
vn 0.000000 -0.000000 1.000000
vn 0.000000 -0.000000 1.000000
vn 0.000000 -0.000000 1.000000
vn 0.000000 -0.000000 1.000000
vn 0.000000 -0.000000 1.000000
vn 0.000000 -0.000000 1.000000
vn 0.000000 -0.000000 1.000000
vn 0.000000 -0.000000 1.000000
vn 0.000000 -0.000000 1.000000
vn 0.000000 -0.000000 1.000000
vn 0.000000 -0.000000 1.000000
vn 0.000000 -0.000000 1.000000
vn 0.000000 -0.000000 1.000000
vn 0.000000 -0.000000 1.000000
vn 0.000000 -0.000000 1.000000
vn 0.000000 -0.000000 1.000000
vn 0.000000 -0.000000 1.000000
vn 0.000000 -0.000000 1.000000
vn 0.000000 -0.000000 1.000000
vn 0.000000 -0.000000 1.000000
vn 0.000000 -0.000000 1.000000
vn 0.000000 -0.000000 1.000000
vn 0.000000 -0.000000 1.000000
vn 0.000000 -0.000000 1.000000
vn 0.000000 -0.000000 1.000000
vn 0.000000 -0.000000 1.000000
vn 0.000000 -0.000000 1.000000
vn 0.000000 -0.000000 1.000000
vn 0.000000 -0.000000 1.000000
vn 0.000000 -0.000000 1.000000
vn 0.000000 -0.000000 1.000000
vn 0.000000 -0.000000 1.000000
vn 0.000000 -0.000000 1.000000
vn 0.000000 -0.000000 1.000000
vn 0.000000 -0.000000 1.000000
vn 0.000000 -0.000000 1.000000
vn 0.000000 -0.000000 1.000000
vn 0.000000 -0.000000 1.000000
vn 0.000000 -0.000000 1.000000
vn 0.000000 -0.000000 1.000000
vn 0.000000 -0.000000 1.000000
vn 0.000000 -0.000000 1.000000
vn 0.000000 -0.000000 1.000000
vn 0.000000 -0.000000 1.000000
vn 0.000000 -0.000000 1.000000
vn 0.000000 -0.000000 1.000000
vn 0.000000 -0.000000 1.000000
vn 0.000000 -0.000000 1.000000
vn 0.000000 -0.000000 1.000000
vn 0.000000 -0.000000 1.000000
vn 0.000000 -0.000000 1.000000
vn 0.000000 -0.000000 1.000000
vn 0.000000 -0.000000 1.000000
vn 0.000000 -0.000000 1.000000
vn 0.000000 -0.000000 1.000000
vn 0.000000 -0.000000 1.000000
vn 0.000000 -0.000000 1.000000
vn 0.000000 -0.000000 1.000000
vn 0.000000 -0.000000 1.000000
vn 0.000000 -0.000000 1.000000
vn 0.000000 -0.000000 1.000000
vn 0.000000 -0.000000 1.000000
vn 0.000000 -0.000000 1.000000
vn 0.000000 -0.000000 1.000000
vn 0.000000 -0.000000 1.000000
vn 0.000000 -0.000000 1.000000
vn 0.000000 -0.000000 1.000000
vn 0.000000 -0.000000 1.000000
vn 0.000000 -0.000000 1.000000
vn 0.000000 -0.000000 1.000000
vn 0.000000 -0.000000 1.000000
vn 0.000000 -0.000000 1.000000
vn 0.000000 -0.000000 1.000000
vn 0.000000 -0.000000 1.000000
vn 0.000000 -0.000000 1.000000
vn 0.000000 -0.000000 1.000000
vn 0.000000 -0.000000 1.000000
vn 0.000000 -0.000000 1.000000
vn 0.000000 -0.000000 1.000000
vn 0.000000 -0.000000 1.000000
vn 0.000000 -0.000000 1.000000
vn 0.000000 -0.000000 1.000000
vn 0.000000 -0.000000 1.000000
vn 0.000000 -0.000000 1.000000
vn 0.000000 -0.000000 1.000000
vn 0.000000 -0.000000 1.000000
vn 0.000000 -0.000000 1.000000
vn 0.000000 -0.000000 1.000000
vn 0.000000 -0.000000 1.000000
vn 0.000000 -0.000000 1.000000
vn 0.000000 -0.000000 1.000000
vn 0.000000 -0.000000 1.000000
vn 0.000000 -0.000000 1.000000
vn 0.000000 -0.000000 1.000000
vn 0.000000 -0.000000 1.000000
vn 0.000000 -0.000000 1.000000
vn 0.000000 -0.000000 1.000000
vn 0.000000 -0.000000 1.000000
vn 0.000000 -0.000000 1.000000
vn 0.000000 -0.000000 1.000000
vn 0.000000 -0.000000 1.000000
vn 0.000000 -0.000000 1.000000
vn 0.000000 -0.000000 1.000000
vn 0.000000 -0.000000 1.000000
vn 0.000000 -0.000000 1.000000
vn 0.000000 -0.000000 1.000000
vn 0.000000 -0.000000 1.000000
vn 0.000000 -0.000000 1.000000
vn 0.000000 -0.000000 1.000000
vn 0.000000 -0.000000 1.000000
vn 0.000000 -0.000000 1.000000
vn 0.000000 -0.000000 1.000000
vn 0.000000 -0.000000 1.000000
vn 0.000000 -0.000000 1.000000
vn 0.000000 -0.000000 1.000000
vn 0.000000 -0.000000 1.000000
vn 0.000000 -0.000000 1.000000
vn 0.000000 -0.000000 1.000000
vn 0.000000 -0.000000 1.000000
vn 0.000000 -0.000000 1.000000
vn 0.000000 -0.000000 1.000000
vn 0.000000 -0.000000 1.000000
vn 0.000000 -0.000000 1.000000
vn 0.000000 -0.000000 1.000000
vn 0.000000 -0.000000 1.000000
vn 0.000000 -0.000000 1.000000
vn 0.000000 -0.000000 1.000000
vn 0.000000 -0.000000 1.000000
vn 0.000000 -0.000000 1.000000
vn 0.000000 -0.000000 1.000000
vn 0.000000 -0.000000 1.000000
vn 0.000000 -0.000000 1.000000
vn 0.000000 -0.000000 1.000000
vn 0.000000 -0.000000 1.000000
vn 0.000000 -0.000000 1.000000
vn 0.000000 -0.000000 1.000000
vn 0.000000 -0.000000 1.000000
vn 0.000000 -0.000000 1.000000
vn 0.000000 -0.000000 1.000000
vn 0.000000 -0.000000 1.000000
vn 0.000000 -0.000000 1.000000
vn 0.000000 -0.000000 1.000000
vn 0.000000 -0.000000 1.000000
vn 0.000000 -0.000000 1.000000
vn 0.000000 -0.000000 1.000000
vn 0.000000 -0.000000 1.000000
vn 0.000000 -0.000000 1.000000
vn 0.000000 -0.000000 1.000000
vn 0.000000 -0.000000 1.000000
vn 0.000000 -0.000000 1.000000
vn 0.000000 -0.000000 1.000000
vn 0.000000 -0.000000 1.000000
vn 0.000000 -0.000000 1.000000
vn 0.000000 -0.000000 1.000000
vn 0.000000 -0.000000 1.000000
vn 0.000000 -0.000000 1.000000
vn 0.000000 -0.000000 1.000000
vn 0.000000 -0.000000 1.000000
vn 0.000000 -0.000000 1.000000
vn 0.000000 -0.000000 1.000000
vn 0.000000 -0.000000 1.000000
vn 0.000000 -0.000000 1.000000
vn 0.000000 -0.000000 1.000000
vn 0.000000 -0.000000 1.000000
vn 0.000000 -0.000000 1.000000
vn 0.000000 -0.000000 1.000000
vn 0.000000 -0.000000 1.000000
vn 0.000000 -0.000000 1.000000
vn 0.000000 -0.000000 1.000000
vn 0.000000 -0.000000 1.000000
vn 0.000000 -0.000000 1.000000
vn 0.000000 -0.000000 1.000000
vn 0.000000 -0.000000 1.000000
vn 0.000000 -0.000000 1.000000
vn 0.000000 -0.000000 1.000000
vn 0.000000 -0.000000 1.000000
vn 0.000000 -0.000000 1.000000
vn 0.000000 -0.000000 1.000000
vn 0.000000 -0.000000 1.000000
vn 0.000000 -0.000000 1.000000
vn 0.000000 -0.000000 1.000000
vn 0.000000 -0.000000 1.000000
vn 0.000000 -0.000000 1.000000
vn 0.000000 -0.000000 1.000000
vn 0.000000 -0.000000 1.000000
vn 0.000000 -0.000000 1.000000
vn 0.000000 -0.000000 1.000000
vn 0.000000 -0.000000 1.000000
vn 0.000000 -0.000000 1.000000
vn 0.000000 -0.000000 1.000000
vn 0.000000 -0.000000 1.000000
vn 0.000000 -0.000000 1.000000
vn 0.000000 -0.000000 1.000000
vn 0.000000 -0.000000 1.000000
vn 0.000000 -0.000000 1.000000
vn 0.000000 -0.000000 1.000000
vn 0.000000 -0.000000 1.000000
vn 0.000000 -0.000000 1.000000
vn 0.000000 -0.000000 1.000000
vn 0.000000 -0.000000 1.000000
vn 0.000000 -0.000000 1.000000
vn 0.000000 -0.000000 1.000000
vn 0.000000 -0.000000 1.000000
vn 0.000000 -0.000000 1.000000
vn 0.000000 -0.000000 1.000000
vn 0.000000 -0.000000 1.000000
vn 0.000000 -0.000000 1.000000
vn 0.000000 -0.000000 1.000000
vn 0.000000 -0.000000 1.000000
vn 0.000000 -0.000000 1.000000
vn 0.000000 -0.000000 1.000000
vn 0.000000 -0.000000 1.000000
vn 0.000000 -0.000000 1.000000
vn 0.000000 -0.000000 1.000000
vn 0.000000 -0.000000 1.000000
vn 0.000000 -0.000000 1.000000
vn 0.000000 -0.000000 1.000000
vn 0.000000 -0.000000 1.000000
vn 0.000000 -0.000000 1.000000
vn 0.000000 -0.000000 1.000000
vn 0.000000 -0.000000 1.000000
vn 0.000000 -0.000000 1.000000
vn 0.000000 -0.000000 1.000000
vn 0.000000 -0.000000 1.000000
vn 0.000000 -0.000000 1.000000
vn 0.000000 -0.000000 1.000000
vn 0.000000 -0.000000 1.000000
vn 0.000000 -0.000000 1.000000
vn 0.000000 -0.000000 1.000000
vn 0.000000 -0.000000 1.000000
vn 0.000000 -0.000000 1.000000
vn 0.000000 -0.000000 1.000000
vn 0.000000 -0.000000 1.000000
vn 0.000000 -0.000000 1.000000
vn 0.000000 -0.000000 1.000000
vn 0.000000 -0.000000 1.000000
vn 0.000000 -0.000000 1.000000
vn 0.000000 -0.000000 1.000000
vn 0.000000 -0.000000 1.000000
vn 0.000000 -0.000000 1.000000
vn 0.000000 -0.000000 1.000000
vn 0.000000 -0.000000 1.000000
vn 0.000000 -0.000000 1.000000
vn 0.000000 -0.000000 1.000000
vn 0.000000 -0.000000 1.000000
vn 0.000000 -0.000000 1.000000
vn 0.000000 -0.000000 1.000000
vn 0.000000 -0.000000 1.000000
vn 0.000000 -0.000000 1.000000
vn 0.000000 -0.000000 1.000000
vn 0.000000 -0.000000 1.000000
vn 0.000000 -0.000000 1.000000
vn 0.000000 -0.000000 1.000000
vn 0.000000 -0.000000 1.000000
vn 0.000000 -0.000000 1.000000
vn 0.000000 -0.000000 1.000000
vn 0.000000 -0.000000 1.000000
vn 0.000000 -0.000000 1.000000
vn 0.000000 -0.000000 1.000000
vn 0.000000 -0.000000 1.000000
vn 0.000000 -0.000000 1.000000
vn 0.000000 -0.000000 1.000000
vn 0.000000 -0.000000 1.000000
vn 0.000000 -0.000000 1.000000
vn 0.000000 -0.000000 1.000000
vn 0.000000 -0.000000 1.000000
vn 0.000000 -0.000000 1.000000
vn 0.000000 -0.000000 1.000000
vn 0.000000 -0.000000 1.000000
vn 0.000000 -0.000000 1.000000
vn 0.000000 -0.000000 1.000000
vn 0.000000 -0.000000 1.000000
vn 0.000000 -0.000000 1.000000
vn 0.000000 -0.000000 1.000000
vn 0.000000 -0.000000 1.000000
vn 0.000000 -0.000000 1.000000
vn 0.000000 -0.000000 1.000000
vn 0.000000 -0.000000 1.000000
vn 0.000000 -0.000000 1.000000
vn 0.000000 -0.000000 1.000000
vn 0.000000 -0.000000 1.000000
vn 0.000000 -0.000000 1.000000
vn 0.000000 -0.000000 1.000000
vn 0.000000 -0.000000 1.000000
vn 0.000000 -0.000000 1.000000
vn 0.000000 -0.000000 1.000000
vn 0.000000 -0.000000 1.000000
vn 0.000000 -0.000000 1.000000
vn 0.000000 -0.000000 1.000000
vn 0.000000 -0.000000 1.000000
vn 0.000000 -0.000000 1.000000
vn 0.000000 -0.000000 1.000000
vn 0.000000 -0.000000 1.000000
vn 0.000000 -0.000000 1.000000
vn 0.000000 -0.000000 1.000000
vn 0.000000 -0.000000 1.000000
vn 0.000000 -0.000000 1.000000
vn 0.000000 -0.000000 1.000000
vn 0.000000 -0.000000 1.000000
vn 0.000000 -0.000000 1.000000
vn 0.000000 -0.000000 1.000000
vn 0.000000 -0.000000 1.000000
vn 0.000000 -0.000000 1.000000
vn 0.000000 -0.000000 1.000000
vn 0.000000 -0.000000 1.000000
vn 0.000000 -0.000000 1.000000
vn 0.000000 -0.000000 1.000000
vn 0.000000 -0.000000 1.000000
vn 0.000000 -0.000000 1.000000
vn 0.000000 -0.000000 1.000000
vn 0.000000 -0.000000 1.000000
vn 0.000000 -0.000000 1.000000
vn 0.000000 -0.000000 1.000000
vn 0.000000 -0.000000 1.000000
vn 0.000000 -0.000000 1.000000
vn 0.000000 -0.000000 1.000000
vn 0.000000 -0.000000 1.000000
vn 0.000000 -0.000000 1.000000
vn 0.000000 -0.000000 1.000000
vn 0.000000 -0.000000 1.000000
vn 0.000000 -0.000000 1.000000
vn 0.000000 -0.000000 1.000000
vn 0.000000 -0.000000 1.000000
vn 0.000000 -0.000000 1.000000
vn 0.000000 -0.000000 1.000000
vn 0.000000 -0.000000 1.000000
vn 0.000000 -0.000000 1.000000
vn 0.000000 -0.000000 1.000000
vn 0.000000 -0.000000 1.000000
vn 0.000000 -0.000000 1.000000
vn 0.000000 -0.000000 1.000000
vn 0.000000 -0.000000 1.000000
vn 0.000000 -0.000000 1.000000
vn 0.000000 -0.000000 1.000000
vn 0.000000 -0.000000 1.000000
vn 0.000000 -0.000000 1.000000
vn 0.000000 -0.000000 1.000000
vn 0.000000 -0.000000 1.000000
vn 0.000000 -0.000000 1.000000
vn 0.000000 -0.000000 1.000000
vn 0.000000 -0.000000 1.000000
vn 0.000000 -0.000000 1.000000
vn 0.000000 -0.000000 1.000000
vn 0.000000 -0.000000 1.000000
vn 0.000000 -0.000000 1.000000
vn 0.000000 -0.000000 1.000000
vn 0.000000 -0.000000 1.000000
vn 0.000000 -0.000000 1.000000
vn 0.000000 -0.000000 1.000000
vn 0.000000 -0.000000 1.000000
vn 0.000000 -0.000000 1.000000
vn 0.000000 -0.000000 1.000000
vn 0.000000 -0.000000 1.000000
vn 0.000000 -0.000000 1.000000
vn 0.000000 -0.000000 1.000000
vn 0.000000 -0.000000 1.000000
vn 0.000000 -0.000000 1.000000
vn 0.000000 -0.000000 1.000000
vn 0.000000 -0.000000 1.000000
vn 0.000000 -0.000000 1.000000
vn 0.000000 -0.000000 1.000000
vn 0.000000 -0.000000 1.000000
vn 0.000000 -0.000000 1.000000
vn 0.000000 -0.000000 1.000000
vn 0.000000 -0.000000 1.000000
vn 0.000000 -0.000000 1.000000
vn 0.000000 -0.000000 1.000000
vn 0.000000 -0.000000 1.000000
vn 0.000000 -0.000000 1.000000
vn 0.000000 -0.000000 1.000000
vn 0.000000 -0.000000 1.000000
vn 0.000000 -0.000000 1.000000
vn 0.000000 -0.000000 1.000000
vn 0.000000 -0.000000 1.000000
vn 0.000000 -0.000000 1.000000
vn 0.000000 -0.000000 1.000000
vn 0.000000 -0.000000 1.000000
vn 0.000000 -0.000000 1.000000
vn 0.000000 -0.000000 1.000000
vn 0.000000 -0.000000 1.000000
vn 0.000000 -0.000000 1.000000
vn 0.000000 -0.000000 1.000000
vn 0.000000 -0.000000 1.000000
vn 0.000000 -0.000000 1.000000
vn 0.000000 0.000000 -1.000000
vn 0.000000 0.000000 -1.000000
vn 0.000000 0.000000 -1.000000
vn 0.000000 0.000000 -1.000000
vn 0.000000 0.000000 -1.000000
vn 0.000000 0.000000 -1.000000
vn 0.000000 0.000000 -1.000000
vn 0.000000 0.000000 -1.000000
vn 0.000000 0.000000 -1.000000
vn 0.000000 0.000000 -1.000000
vn 0.000000 0.000000 -1.000000
vn 0.000000 0.000000 -1.000000
vn 0.000000 0.000000 -1.000000
vn 0.000000 0.000000 -1.000000
vn 0.000000 0.000000 -1.000000
vn 0.000000 0.000000 -1.000000
vn 0.000000 0.000000 -1.000000
vn 0.000000 0.000000 -1.000000
vn 0.000000 0.000000 -1.000000
vn 0.000000 0.000000 -1.000000
vn 0.000000 0.000000 -1.000000
vn 0.000000 0.000000 -1.000000
vn 0.000000 0.000000 -1.000000
vn 0.000000 0.000000 -1.000000
vn 0.000000 0.000000 -1.000000
vn 0.000000 0.000000 -1.000000
vn 0.000000 0.000000 -1.000000
vn 0.000000 0.000000 -1.000000
vn 0.000000 0.000000 -1.000000
vn 0.000000 0.000000 -1.000000
vn 0.000000 0.000000 -1.000000
vn 0.000000 0.000000 -1.000000
vn 0.000000 0.000000 -1.000000
vn 0.000000 0.000000 -1.000000
vn 0.000000 0.000000 -0.000000
vn 0.000000 0.000000 -1.000000
vn 0.000000 0.000000 -0.000000
vn 0.000000 0.000000 -1.000000
vn 0.000000 0.000000 -1.000000
vn 0.000000 0.000000 -1.000000
vn 0.000000 0.000000 -1.000000
vn 0.000000 0.000000 -1.000000
vn 0.000000 0.000000 -1.000000
vn 0.000000 0.000000 -1.000000
vn 0.000000 0.000000 -1.000000
vn 0.000000 0.000000 -1.000000
vn 0.000000 0.000000 -1.000000
vn 0.000000 0.000000 -1.000000
vn 0.000000 0.000000 -1.000000
vn 0.000000 0.000000 -1.000000
vn 0.000000 0.000000 -1.000000
vn 0.000000 0.000000 -1.000000
vn 0.000000 0.000000 -1.000000
vn 0.000000 0.000000 -1.000000
vn 0.000000 0.000000 -1.000000
vn 0.000000 0.000000 -1.000000
vn 0.000000 0.000000 -1.000000
vn 0.000000 0.000000 -1.000000
vn 0.000000 0.000000 -1.000000
vn 0.000000 0.000000 -1.000000
vn 0.000000 0.000000 -1.000000
vn 0.000000 0.000000 -1.000000
vn 0.000000 0.000000 -1.000000
vn 0.000000 0.000000 -1.000000
vn 0.000000 0.000000 -1.000000
vn 0.000000 0.000000 -1.000000
vn 0.000000 0.000000 -1.000000
vn 0.000000 0.000000 -1.000000
vn 0.000000 0.000000 -1.000000
vn 0.000000 0.000000 -1.000000
vn 0.000000 0.000000 -1.000000
vn 0.000000 0.000000 -1.000000
vn 0.000000 0.000000 -1.000000
vn 0.000000 0.000000 -1.000000
vn 0.000000 0.000000 -1.000000
vn 0.000000 0.000000 -1.000000
vn 0.000000 0.000000 -1.000000
vn 0.000000 0.000000 -1.000000
vn 0.000000 0.000000 -1.000000
vn 0.000000 0.000000 -1.000000
vn 0.000000 0.000000 -1.000000
vn 0.000000 0.000000 -1.000000
vn 0.000000 0.000000 -1.000000
vn 0.000000 0.000000 -1.000000
vn 0.000000 0.000000 -1.000000
vn 0.000000 0.000000 -1.000000
vn 0.000000 0.000000 -1.000000
vn 0.000000 0.000000 -1.000000
vn 0.000000 0.000000 -1.000000
vn 0.000000 0.000000 -1.000000
vn 0.000000 0.000000 -1.000000
vn 0.000000 0.000000 -1.000000
vn 0.000000 0.000000 -1.000000
vn 0.000000 0.000000 -1.000000
vn 0.000000 0.000000 -1.000000
vn 0.000000 0.000000 -1.000000
vn 0.000000 0.000000 -1.000000
vn 0.000000 0.000000 -1.000000
vn 0.000000 0.000000 -1.000000
vn 0.000000 0.000000 -1.000000
vn 0.000000 0.000000 -1.000000
vn 0.000000 0.000000 -1.000000
vn 0.000000 0.000000 -1.000000
vn 0.000000 0.000000 -1.000000
vn 0.000000 0.000000 -1.000000
vn 0.000000 0.000000 -1.000000
vn 0.000000 0.000000 -1.000000
vn 0.000000 0.000000 -1.000000
vn 0.000000 0.000000 -1.000000
vn 0.000000 0.000000 -1.000000
vn 0.000000 0.000000 -1.000000
vn 0.000000 0.000000 -1.000000
vn 0.000000 0.000000 -1.000000
vn 0.000000 0.000000 -1.000000
vn 0.000000 0.000000 -1.000000
vn 0.000000 0.000000 -1.000000
vn 0.000000 0.000000 -1.000000
vn 0.000000 0.000000 -1.000000
vn 0.000000 0.000000 -1.000000
vn 0.000000 0.000000 -1.000000
vn 0.000000 0.000000 -1.000000
vn 0.000000 0.000000 -1.000000
vn 0.000000 0.000000 -1.000000
vn 0.000000 0.000000 -1.000000
vn 0.000000 0.000000 -1.000000
vn 0.000000 0.000000 -1.000000
vn 0.000000 0.000000 -1.000000
vn 0.000000 0.000000 -1.000000
vn 0.000000 0.000000 -1.000000
vn 0.000000 0.000000 -1.000000
vn 0.000000 0.000000 -1.000000
vn 0.000000 0.000000 -1.000000
vn 0.000000 0.000000 -1.000000
vn 0.000000 0.000000 -1.000000
vn 0.000000 0.000000 -1.000000
vn 0.000000 0.000000 -1.000000
vn 0.000000 0.000000 -1.000000
vn 0.000000 0.000000 -1.000000
vn 0.000000 0.000000 -1.000000
vn 0.000000 0.000000 -1.000000
vn 0.000000 0.000000 -1.000000
vn 0.000000 0.000000 -1.000000
vn 0.000000 0.000000 -1.000000
vn 0.000000 0.000000 -1.000000
vn 0.000000 0.000000 -1.000000
vn 0.000000 0.000000 -1.000000
vn 0.000000 0.000000 -1.000000
vn 0.000000 0.000000 -1.000000
vn 0.000000 0.000000 -1.000000
vn 0.000000 0.000000 -1.000000
vn 0.000000 0.000000 -1.000000
vn 0.000000 0.000000 -1.000000
vn 0.000000 0.000000 -1.000000
vn 0.000000 0.000000 -1.000000
vn 0.000000 0.000000 -1.000000
vn 0.000000 0.000000 -1.000000
vn 0.000000 0.000000 -1.000000
vn 0.000000 0.000000 -1.000000
vn 0.000000 0.000000 -1.000000
vn 0.000000 0.000000 -1.000000
vn 0.000000 0.000000 -1.000000
vn 0.000000 0.000000 -1.000000
vn 0.000000 0.000000 -1.000000
vn 0.000000 0.000000 -1.000000
vn 0.000000 0.000000 -1.000000
vn 0.000000 0.000000 -1.000000
vn 0.000000 0.000000 -1.000000
vn 0.000000 0.000000 -1.000000
vn 0.000000 0.000000 -1.000000
vn 0.000000 0.000000 -1.000000
vn 0.000000 0.000000 -1.000000
vn 0.000000 0.000000 -1.000000
vn 0.000000 0.000000 -1.000000
vn 0.000000 0.000000 -1.000000
vn 0.000000 0.000000 -1.000000
vn 0.000000 0.000000 -1.000000
vn 0.000000 0.000000 -1.000000
vn 0.000000 0.000000 -1.000000
vn 0.000000 0.000000 -1.000000
vn 0.000000 0.000000 -1.000000
vn 0.000000 0.000000 -1.000000
vn 0.000000 0.000000 -1.000000
vn 0.000000 0.000000 -1.000000
vn 0.000000 0.000000 -1.000000
vn 0.000000 0.000000 -1.000000
vn 0.000000 0.000000 -1.000000
vn 0.000000 0.000000 -1.000000
vn 0.000000 0.000000 -1.000000
vn 0.000000 0.000000 -1.000000
vn 0.000000 0.000000 -1.000000
vn 0.000000 0.000000 -1.000000
vn 0.000000 0.000000 -1.000000
vn 0.000000 0.000000 -1.000000
vn 0.000000 0.000000 -1.000000
vn 0.000000 0.000000 -1.000000
vn 0.000000 0.000000 -1.000000
vn 0.000000 0.000000 -1.000000
vn 0.000000 0.000000 -1.000000
vn 0.000000 0.000000 -1.000000
vn 0.000000 0.000000 -1.000000
vn 0.000000 0.000000 -1.000000
vn 0.000000 0.000000 -1.000000
vn 0.000000 0.000000 -1.000000
vn 0.000000 0.000000 -1.000000
vn 0.000000 0.000000 -1.000000
vn 0.000000 0.000000 -1.000000
vn 0.000000 0.000000 -1.000000
vn 0.000000 0.000000 -1.000000
vn 0.000000 0.000000 -1.000000
vn 0.000000 0.000000 -1.000000
vn 0.000000 0.000000 -1.000000
vn 0.000000 0.000000 -1.000000
vn 0.000000 0.000000 -1.000000
vn 0.000000 0.000000 -1.000000
vn 0.000000 0.000000 -1.000000
vn 0.000000 0.000000 -1.000000
vn 0.000000 0.000000 -1.000000
vn 0.000000 0.000000 -1.000000
vn 0.000000 0.000000 -1.000000
vn 0.000000 0.000000 -1.000000
vn 0.000000 0.000000 -1.000000
vn 0.000000 0.000000 -1.000000
vn 0.000000 0.000000 -1.000000
vn 0.000000 0.000000 -1.000000
vn 0.000000 0.000000 -1.000000
vn 0.000000 0.000000 -1.000000
vn 0.000000 0.000000 -1.000000
vn 0.000000 0.000000 -1.000000
vn 0.000000 0.000000 -1.000000
vn 0.000000 0.000000 -1.000000
vn 0.000000 0.000000 -1.000000
vn 0.000000 0.000000 -1.000000
vn 0.000000 0.000000 -1.000000
vn 0.000000 0.000000 -1.000000
vn 0.000000 0.000000 -1.000000
vn 0.000000 0.000000 -1.000000
vn 0.000000 0.000000 -1.000000
vn 0.000000 0.000000 -1.000000
vn 0.000000 0.000000 -1.000000
vn 0.000000 0.000000 -1.000000
vn 0.000000 0.000000 -1.000000
vn 0.000000 0.000000 -1.000000
vn 0.000000 0.000000 -1.000000
vn 0.000000 0.000000 -1.000000
vn 0.000000 0.000000 -1.000000
vn 0.000000 0.000000 -1.000000
vn 0.000000 0.000000 -1.000000
vn 0.000000 0.000000 -1.000000
vn 0.000000 0.000000 -1.000000
vn 0.000000 0.000000 -1.000000
vn 0.000000 0.000000 -1.000000
vn 0.000000 0.000000 -1.000000
vn 0.000000 0.000000 -1.000000
vn 0.000000 0.000000 -1.000000
vn 0.000000 0.000000 -1.000000
vn 0.000000 0.000000 -1.000000
vn 0.000000 0.000000 -1.000000
vn 0.000000 0.000000 -1.000000
vn 0.000000 0.000000 -1.000000
vn 0.000000 0.000000 -1.000000
vn 0.000000 0.000000 -1.000000
vn 0.000000 0.000000 -1.000000
vn 0.000000 0.000000 -1.000000
vn 0.000000 0.000000 -1.000000
vn 0.000000 0.000000 -1.000000
vn 0.000000 0.000000 -1.000000
vn 0.000000 0.000000 -1.000000
vn 0.000000 0.000000 -1.000000
vn 0.000000 0.000000 -1.000000
vn 0.000000 0.000000 -1.000000
vn 0.000000 0.000000 -1.000000
vn 0.000000 0.000000 -1.000000
vn 0.000000 0.000000 -1.000000
vn 0.000000 0.000000 -1.000000
vn 0.000000 0.000000 -1.000000
vn 0.000000 0.000000 -1.000000
vn 0.000000 0.000000 -1.000000
vn 0.000000 0.000000 -1.000000
vn 0.000000 0.000000 -1.000000
vn 0.000000 0.000000 -1.000000
vn 0.000000 0.000000 -1.000000
vn 0.000000 0.000000 -1.000000
vn 0.000000 0.000000 -1.000000
vn 0.000000 0.000000 -1.000000
vn 0.000000 0.000000 -1.000000
vn 0.000000 0.000000 -1.000000
vn 0.000000 0.000000 -1.000000
vn 0.000000 0.000000 -1.000000
vn 0.000000 0.000000 -1.000000
vn 0.000000 0.000000 -1.000000
vn 0.000000 0.000000 -1.000000
vn 0.000000 0.000000 -1.000000
vn 0.000000 0.000000 -1.000000
vn 0.000000 0.000000 -1.000000
vn 0.000000 0.000000 -1.000000
vn 0.000000 0.000000 -1.000000
vn 0.000000 0.000000 -1.000000
vn 0.000000 0.000000 -1.000000
vn 0.000000 0.000000 -1.000000
vn 0.000000 0.000000 -1.000000
vn 0.000000 0.000000 -1.000000
vn 0.000000 0.000000 -1.000000
vn 0.000000 0.000000 -1.000000
vn 0.000000 0.000000 -1.000000
vn 0.000000 0.000000 -1.000000
vn 0.000000 0.000000 -1.000000
vn 0.000000 0.000000 -1.000000
vn 0.000000 0.000000 -1.000000
vn 0.000000 0.000000 -1.000000
vn 0.000000 0.000000 -1.000000
vn 0.000000 0.000000 -1.000000
vn 0.000000 0.000000 -1.000000
vn 0.000000 0.000000 -1.000000
vn 0.000000 0.000000 -1.000000
vn 0.000000 0.000000 -1.000000
vn 0.000000 0.000000 -1.000000
vn 0.000000 0.000000 -1.000000
vn 0.000000 0.000000 -1.000000
vn 0.000000 0.000000 -1.000000
vn 0.000000 0.000000 -1.000000
vn 0.000000 0.000000 -1.000000
vn 0.000000 0.000000 -1.000000
vn 0.000000 0.000000 -1.000000
vn 0.000000 0.000000 -1.000000
vn 0.000000 0.000000 -1.000000
vn 0.000000 0.000000 -1.000000
vn 0.000000 0.000000 -1.000000
vn 0.000000 0.000000 -1.000000
vn 0.000000 0.000000 -1.000000
vn 0.000000 0.000000 -1.000000
vn 0.000000 0.000000 -1.000000
vn 0.000000 0.000000 -1.000000
vn 0.000000 0.000000 -1.000000
vn 0.000000 0.000000 -1.000000
vn 0.000000 0.000000 -1.000000
vn 0.000000 0.000000 -1.000000
vn 0.000000 0.000000 -1.000000
vn 0.000000 0.000000 -1.000000
vn 0.000000 0.000000 -1.000000
vn 0.000000 0.000000 -1.000000
vn 0.000000 0.000000 -1.000000
vn 0.000000 0.000000 -1.000000
vn 0.000000 0.000000 -1.000000
vn 0.000000 0.000000 -1.000000
vn 0.000000 0.000000 -1.000000
vn 0.000000 0.000000 -1.000000
vn 0.000000 0.000000 -1.000000
vn 0.000000 0.000000 -1.000000
vn 0.000000 0.000000 -1.000000
vn 0.000000 0.000000 -1.000000
vn 0.000000 0.000000 -1.000000
vn 0.000000 0.000000 -1.000000
vn 0.000000 0.000000 -1.000000
vn 0.000000 0.000000 -1.000000
vn 0.000000 0.000000 -1.000000
vn 0.000000 0.000000 -1.000000
vn 0.000000 0.000000 -1.000000
vn 0.000000 0.000000 -1.000000
vn 0.000000 0.000000 -1.000000
vn 0.000000 0.000000 -1.000000
vn 0.000000 0.000000 -1.000000
vn 0.000000 0.000000 -1.000000
vn 0.000000 0.000000 -1.000000
vn 0.000000 0.000000 -1.000000
vn 0.000000 0.000000 -1.000000
vn 0.000000 0.000000 -1.000000
vn 0.000000 0.000000 -1.000000
vn 0.000000 0.000000 -1.000000
vn 0.000000 0.000000 -1.000000
vn 0.000000 0.000000 -1.000000
vn 0.000000 0.000000 -1.000000
vn 0.000000 0.000000 -1.000000
vn 0.000000 0.000000 -1.000000
vn 0.000000 0.000000 -1.000000
vn 0.000000 0.000000 -1.000000
vn 0.000000 0.000000 -1.000000
vn 0.000000 0.000000 -1.000000
vn 0.000000 0.000000 -1.000000
vn 0.000000 0.000000 -1.000000
vn 0.000000 0.000000 -1.000000
vn 0.000000 0.000000 -1.000000
vn 0.000000 0.000000 -1.000000
vn 0.000000 0.000000 -1.000000
vn 0.000000 0.000000 -1.000000
vn 0.000000 0.000000 -1.000000
vn 0.000000 0.000000 -1.000000
vn 0.000000 0.000000 -1.000000
vn 0.000000 0.000000 -1.000000
vn 0.000000 0.000000 -1.000000
vn 0.000000 0.000000 -1.000000
vn 0.000000 0.000000 -1.000000
vn 0.000000 0.000000 -1.000000
vn 0.000000 0.000000 -1.000000
vn 0.000000 0.000000 -1.000000
vn 0.000000 0.000000 -1.000000
vn 0.000000 0.000000 -1.000000
vn 0.000000 0.000000 -1.000000
vn 0.000000 0.000000 -1.000000
vn 0.000000 0.000000 -1.000000
vn 0.000000 0.000000 -1.000000
vn 0.000000 0.000000 -1.000000
vn 0.000000 0.000000 -1.000000
vn 0.000000 0.000000 -1.000000
vn 0.000000 0.000000 -1.000000
vn 0.000000 0.000000 -1.000000
vn 0.000000 0.000000 -1.000000
vn 0.000000 0.000000 -1.000000
vn 0.000000 0.000000 -1.000000
vn 0.000000 0.000000 -1.000000
vn 0.000000 0.000000 -1.000000
vn 0.000000 0.000000 -1.000000
vn 0.000000 0.000000 -1.000000
vn 0.000000 0.000000 -1.000000
vn 0.000000 0.000000 -1.000000
vn 0.000000 0.000000 -1.000000
vn 0.000000 0.000000 -1.000000
vn 0.000000 0.000000 -1.000000
vn 0.000000 0.000000 -1.000000
vn 0.000000 0.000000 -1.000000
vn 0.000000 0.000000 -1.000000
vn 0.000000 0.000000 -1.000000
vn 0.000000 0.000000 -1.000000
vn 0.000000 0.000000 -1.000000
vn 0.000000 0.000000 -1.000000
vn 0.000000 0.000000 -1.000000
vn 0.000000 0.000000 -1.000000
vn 0.000000 0.000000 -1.000000
vn 0.000000 0.000000 -1.000000
vn 0.000000 0.000000 -1.000000
vn 0.000000 0.000000 -1.000000
vn 0.000000 0.000000 -1.000000
vn 0.000000 0.000000 -1.000000
vn 0.000000 0.000000 -1.000000
vn 0.000000 0.000000 -1.000000
vn 0.000000 0.000000 -1.000000
vn 0.000000 0.000000 -1.000000
vn 0.000000 0.000000 -1.000000
vn 0.000000 0.000000 -1.000000
vn 0.000000 0.000000 -1.000000
vn 0.000000 0.000000 -1.000000
vn 0.000000 0.000000 -1.000000
vn 0.000000 0.000000 -1.000000
vn 0.000000 0.000000 -1.000000
vn 0.000000 0.000000 -1.000000
vn 0.000000 0.000000 -1.000000
vn 0.000000 0.000000 -1.000000
vn 0.000000 0.000000 -1.000000
vn 0.000000 0.000000 -1.000000
vn 0.000000 0.000000 -1.000000
vn 0.000000 0.000000 -1.000000
vn 0.000000 0.000000 -1.000000
vn 0.000000 0.000000 -1.000000
vn 0.000000 0.000000 -1.000000
vn 0.000000 0.000000 -1.000000
vn 0.000000 0.000000 -1.000000
vn 0.000000 0.000000 -1.000000
vn 0.000000 0.000000 -1.000000
vn 0.000000 0.000000 -1.000000
vn 0.000000 0.000000 -1.000000
vn 0.000000 0.000000 -1.000000
vn 0.000000 0.000000 -1.000000
vn 0.000000 0.000000 -1.000000
vn 0.000000 0.000000 -1.000000
vn 0.000000 0.000000 -1.000000
vn 0.000000 0.000000 -1.000000
vn 0.000000 0.000000 -1.000000
vn 0.000000 0.000000 -1.000000
vn 0.000000 0.000000 -1.000000
vn 0.000000 0.000000 -1.000000
vn 0.000000 0.000000 -1.000000
vn 0.000000 0.000000 -1.000000
vn 0.000000 0.000000 -1.000000
vn 0.000000 0.000000 -1.000000
vn 0.000000 0.000000 -1.000000
vn 0.000000 0.000000 -1.000000
vn 0.000000 0.000000 -1.000000
vn 0.000000 0.000000 -1.000000
vn 0.000000 0.000000 -1.000000
vn 0.000000 0.000000 -1.000000
vn 0.000000 0.000000 -1.000000
vn 0.000000 0.000000 -1.000000
vn 0.000000 0.000000 -1.000000
vn 0.000000 0.000000 -1.000000
vn 0.000000 0.000000 -1.000000
vn 0.000000 0.000000 -1.000000
vn 0.000000 0.000000 -1.000000
vn 0.000000 0.000000 -1.000000
vn 0.000000 0.000000 -1.000000
vn 0.000000 0.000000 -1.000000
vn 0.000000 0.000000 -1.000000
vn 0.000000 0.000000 -1.000000
vn 0.000000 0.000000 -1.000000
vn 0.000000 0.000000 -1.000000
vn 0.000000 0.000000 -1.000000
vn 0.000000 0.000000 -1.000000
vn 0.000000 0.000000 -1.000000
vn 0.000000 0.000000 -1.000000
vn 0.000000 0.000000 -1.000000
vn 0.000000 0.000000 -1.000000
vn 0.000000 0.000000 -1.000000
vn 0.000000 0.000000 -1.000000
vn 0.000000 0.000000 -1.000000
vn 0.000000 0.000000 -1.000000
vn 0.000000 0.000000 -1.000000
vn 0.000000 0.000000 -1.000000
vn 0.000000 0.000000 -1.000000
vn 0.000000 0.000000 -1.000000
vn 0.000000 0.000000 -1.000000
vn 0.000000 0.000000 -1.000000
vn 0.000000 0.000000 -1.000000
vn 0.000000 0.000000 -1.000000
vn 0.000000 0.000000 -1.000000
vn 0.000000 0.000000 -1.000000
vn 0.000000 0.000000 -1.000000
vn 0.000000 0.000000 -1.000000
vn 0.000000 0.000000 -1.000000
vn 0.000000 0.000000 -1.000000
vn 0.000000 0.000000 -1.000000
vn 0.000000 0.000000 -1.000000
vn 0.000000 0.000000 -1.000000
vn 0.000000 0.000000 -1.000000
vn 0.000000 0.000000 -1.000000
vn 0.000000 0.000000 -1.000000
vn 0.000000 0.000000 -1.000000
vn 0.000000 0.000000 -1.000000
vn 0.000000 0.000000 -1.000000
vn 0.000000 0.000000 -1.000000
vn 0.000000 0.000000 -1.000000
vn 0.000000 0.000000 -1.000000
vn 0.000000 0.000000 -1.000000
vn 0.000000 0.000000 -1.000000
vn 0.000000 0.000000 -1.000000
vn 0.000000 0.000000 -1.000000
vn 0.000000 0.000000 -1.000000
vn 0.000000 0.000000 -1.000000
vn 0.000000 0.000000 -1.000000
vn 0.000000 0.000000 -1.000000
vn 0.000000 0.000000 -1.000000
vn 0.000000 0.000000 -1.000000
vn 0.000000 0.000000 -1.000000
vn 0.000000 0.000000 -1.000000
vn 0.000000 0.000000 -1.000000
vn 0.000000 0.000000 -1.000000
vn 0.000000 0.000000 -1.000000
vn 0.000000 0.000000 -1.000000
vn 0.000000 0.000000 -1.000000
vn 0.000000 0.000000 -1.000000
vn 0.000000 0.000000 -1.000000
vn 0.000000 0.000000 -1.000000
vn 0.000000 0.000000 -1.000000
vn 0.000000 0.000000 -1.000000
vn 0.000000 0.000000 -1.000000
vn 0.000000 0.000000 -1.000000
vn 0.000000 0.000000 -1.000000
vn 0.000000 0.000000 -1.000000
vn 0.000000 0.000000 -1.000000
vn 0.000000 0.000000 -1.000000
vn 0.000000 0.000000 -1.000000
vn 0.000000 0.000000 -1.000000
vn 0.000000 0.000000 -1.000000
vn 0.000000 0.000000 -1.000000
vn 0.000000 0.000000 -1.000000
vn 0.000000 0.000000 -1.000000
vn 0.000000 0.000000 -1.000000
vn 0.000000 0.000000 -1.000000
vn 0.000000 0.000000 -1.000000
vn 0.000000 0.000000 -1.000000
vn 0.000000 0.000000 -1.000000
vn 0.000000 0.000000 -1.000000
vn 0.000000 0.000000 -1.000000
vn 0.000000 0.000000 -1.000000
vn 0.000000 0.000000 -1.000000
vn 0.000000 0.000000 -1.000000
vn 0.000000 0.000000 -1.000000
vn 0.000000 0.000000 -1.000000
vn 0.000000 0.000000 -1.000000
vn 0.000000 0.000000 -1.000000
vn 0.000000 0.000000 -1.000000
vn 0.000000 0.000000 -1.000000
vn 0.000000 0.000000 -1.000000
vn 0.000000 0.000000 -1.000000
vn 0.000000 0.000000 -1.000000
vn 0.000000 0.000000 -1.000000
vn 0.000000 0.000000 -1.000000
vn 0.000000 0.000000 -1.000000
vn 0.000000 0.000000 -1.000000
vn 0.000000 0.000000 -1.000000
vn 0.000000 0.000000 -1.000000
vn 0.000000 0.000000 -1.000000
vn 0.000000 0.000000 -1.000000
vn 0.000000 0.000000 -1.000000
vn 0.000000 0.000000 -1.000000
vn 0.000000 0.000000 -1.000000
vn 0.000000 0.000000 -1.000000
vn 0.000000 0.000000 -1.000000
vn 0.000000 0.000000 -1.000000
vn 0.000000 0.000000 -1.000000
vn 0.000000 0.000000 -1.000000
vn 0.000000 0.000000 -1.000000
vn 0.000000 0.000000 -1.000000
vn 0.000000 0.000000 -1.000000
vn 0.000000 0.000000 -1.000000
vn 0.000000 0.000000 -1.000000
vn 0.000000 0.000000 -1.000000
vn 0.000000 0.000000 -1.000000
vn 0.000000 0.000000 -1.000000
vn 0.000000 0.000000 -1.000000
vn 0.000000 0.000000 -1.000000
vn 0.000000 0.000000 -1.000000
vn 0.000000 0.000000 -1.000000
vn 0.000000 0.000000 -1.000000
vn 0.000000 0.000000 -1.000000
vn 0.000000 0.000000 -1.000000
vn 0.000000 0.000000 -1.000000
vn 0.000000 0.000000 -1.000000
vn 0.000000 0.000000 -1.000000
vn 0.000000 0.000000 -1.000000
vn 0.000000 0.000000 -1.000000
vn 0.000000 0.000000 -1.000000
vn 0.000000 0.000000 -1.000000
vn 0.000000 0.000000 -1.000000
vn 0.000000 0.000000 -1.000000
vn 0.000000 0.000000 -1.000000
vn 0.000000 0.000000 -1.000000
vn 0.000000 0.000000 -1.000000
vn 0.000000 0.000000 -1.000000
vn 0.000000 0.000000 -1.000000
vn 0.000000 0.000000 -1.000000
vn 0.000000 0.000000 -1.000000
vn 0.000000 0.000000 -1.000000
vn 0.000000 0.000000 -1.000000
vn 0.000000 0.000000 -1.000000
vn 0.000000 0.000000 -1.000000
vn 0.000000 0.000000 -1.000000
vn 0.000000 0.000000 -1.000000
vn 0.000000 0.000000 -1.000000
vn 0.000000 0.000000 -1.000000
vn 0.000000 0.000000 -1.000000
vn 0.000000 0.000000 -1.000000
vn 0.000000 0.000000 -1.000000
vn 0.000000 0.000000 -1.000000
vn 0.000000 0.000000 -1.000000
vn 0.000000 0.000000 -1.000000
vn 0.000000 0.000000 -1.000000
vn 0.000000 0.000000 -1.000000
vn 0.000000 0.000000 -1.000000
vn 0.000000 0.000000 -1.000000
vn 0.000000 0.000000 -1.000000
vn 0.000000 0.000000 -1.000000
vn 0.000000 0.000000 -1.000000
vn 0.000000 0.000000 -1.000000
vn 0.000000 0.000000 -1.000000
vn 0.000000 0.000000 -1.000000
vn 0.000000 0.000000 -1.000000
vn 0.000000 0.000000 -1.000000
vn 0.000000 0.000000 -1.000000
vn 0.000000 0.000000 -1.000000
vn 0.000000 0.000000 -1.000000
vn 0.000000 0.000000 -1.000000
vn 0.000000 0.000000 -1.000000
vn 0.000000 0.000000 -1.000000
vn 0.000000 0.000000 -1.000000
vn 0.000000 0.000000 -1.000000
vn 0.000000 0.000000 -1.000000
vn 0.000000 0.000000 -1.000000
vn 0.000000 0.000000 -1.000000
vn 0.000000 0.000000 -1.000000
vn 0.000000 0.000000 -1.000000
vn 0.000000 0.000000 -1.000000
vn 0.000000 0.000000 -1.000000
vn 0.000000 0.000000 -1.000000
vn 0.000000 0.000000 -1.000000
vn 0.000000 0.000000 -1.000000
vn 0.000000 0.000000 -1.000000
vn 0.000000 0.000000 -1.000000
vn 0.000000 0.000000 -1.000000
vn 0.000000 0.000000 -1.000000
vn 0.000000 0.000000 -1.000000
vn 0.000000 0.000000 -1.000000
vn 0.000000 0.000000 -1.000000
vn 0.000000 0.000000 -1.000000
vn 0.000000 0.000000 -1.000000
vn 0.000000 0.000000 -1.000000
vn 0.000000 0.000000 -1.000000
vn 0.000000 0.000000 -1.000000
vn 0.000000 0.000000 -1.000000
vn 0.000000 0.000000 -1.000000
vn 0.000000 0.000000 -1.000000
vn 0.000000 0.000000 -1.000000
vn 0.000000 0.000000 -1.000000
vn 0.000000 0.000000 -1.000000
vn 0.000000 0.000000 -1.000000
vn 0.000000 0.000000 -1.000000
vn 0.000000 0.000000 -1.000000
vn 0.000000 0.000000 -1.000000
vn 0.000000 0.000000 -1.000000
vn 0.000000 0.000000 -1.000000
vn 0.000000 0.000000 -1.000000
vn 0.000000 0.000000 -1.000000
vn 0.000000 0.000000 -1.000000
vn 0.000000 0.000000 -1.000000
vn 0.000000 0.000000 -1.000000
vn 0.000000 0.000000 -1.000000
vn 0.000000 0.000000 -1.000000
vn 0.000000 0.000000 -1.000000
vn 0.000000 0.000000 -1.000000
vn 0.000000 0.000000 -1.000000
vn 0.000000 0.000000 -1.000000
vn 0.000000 0.000000 -1.000000
vn 0.000000 0.000000 -1.000000
vn 0.000000 0.000000 -1.000000
vn 0.000000 0.000000 -1.000000
vn 0.000000 0.000000 -1.000000
vn 0.000000 0.000000 -1.000000
vn 0.000000 0.000000 -1.000000
vn 0.000000 0.000000 -1.000000
vn 0.000000 0.000000 -1.000000
vn 0.000000 0.000000 -1.000000
vn 0.000000 0.000000 -1.000000
vn 0.000000 0.000000 -1.000000
vn 0.000000 0.000000 -1.000000
vn 0.000000 0.000000 -1.000000
vn 0.000000 0.000000 -1.000000
vn 0.000000 0.000000 -1.000000
vn 0.000000 0.000000 -1.000000
vn 0.000000 0.000000 -1.000000
vn 0.000000 0.000000 -1.000000
vn 0.000000 0.000000 -1.000000
vn 0.000000 0.000000 -1.000000
vn 0.000000 0.000000 -1.000000
vn 0.000000 0.000000 -1.000000
vn 0.000000 0.000000 -1.000000
vn 0.000000 0.000000 -1.000000
vn 0.000000 0.000000 -1.000000
vn 0.000000 0.000000 -1.000000
vn 0.000000 0.000000 -1.000000
vn 0.000000 0.000000 -1.000000
vn 0.000000 0.000000 -1.000000
vn 0.000000 0.000000 -1.000000
vn 0.000000 0.000000 -1.000000
vn 0.000000 0.000000 -1.000000
vn 0.000000 0.000000 -1.000000
vn 0.000000 0.000000 -1.000000
vn 0.000000 0.000000 -1.000000
vn 0.000000 0.000000 -1.000000
vn 0.000000 0.000000 -1.000000
vn 0.000000 0.000000 -1.000000
vn 0.000000 0.000000 -1.000000
vn 0.000000 0.000000 -1.000000
vn 0.000000 0.000000 -1.000000
vn 0.000000 0.000000 -1.000000
vn 0.000000 0.000000 -1.000000
vn 0.000000 0.000000 -1.000000
vn 0.000000 0.000000 -1.000000
vn 0.000000 0.000000 -1.000000
vn 0.000000 0.000000 -1.000000
vn 0.000000 0.000000 -1.000000
vn 0.000000 0.000000 -1.000000
vn 0.000000 0.000000 -1.000000
vn 0.000000 0.000000 -1.000000
vn 0.000000 0.000000 -1.000000
vn 0.000000 0.000000 -1.000000
vn 0.000000 0.000000 -1.000000
vn 0.000000 0.000000 -1.000000
vn 0.000000 0.000000 -1.000000
vn 0.000000 0.000000 -1.000000
vn 0.000000 0.000000 -1.000000
vn 0.000000 0.000000 -1.000000
vn 0.000000 0.000000 -1.000000
vn 0.000000 0.000000 -1.000000
vn 0.000000 0.000000 -1.000000
vn 0.000000 0.000000 -1.000000
vn 0.000000 0.000000 -1.000000
vn 0.000000 0.000000 -1.000000
vn 0.000000 0.000000 -1.000000
vn 0.000000 0.000000 -1.000000
vn 0.000000 0.000000 -1.000000
vn 0.000000 0.000000 -1.000000
vn 0.000000 0.000000 -1.000000
vn 0.000000 0.000000 -1.000000
vn 0.000000 0.000000 -1.000000
vn 0.000000 0.000000 -1.000000
vn 0.000000 0.000000 -1.000000
vn 0.000000 0.000000 -1.000000
vn 0.000000 0.000000 -1.000000
vn 0.000000 0.000000 -1.000000
vn 0.000000 0.000000 -1.000000
vn 0.000000 0.000000 -1.000000
vn 0.000000 0.000000 -1.000000
vn 0.000000 0.000000 -1.000000
vn 0.000000 0.000000 -1.000000
vn 0.000000 0.000000 -1.000000
vn 0.000000 0.000000 -1.000000
vn 0.000000 0.000000 -1.000000
vn 0.000000 0.000000 -1.000000
vn 0.000000 0.000000 -1.000000
vn 0.000000 0.000000 -1.000000
vn 0.000000 0.000000 -1.000000
vn 0.000000 0.000000 -1.000000
vn 0.000000 0.000000 -1.000000
vn 0.000000 0.000000 -1.000000
vn 0.000000 0.000000 -1.000000
vn 0.000000 0.000000 -1.000000
vn 0.000000 0.000000 -1.000000
vn 0.000000 0.000000 -1.000000
vn 0.000000 0.000000 -1.000000
vn 0.000000 0.000000 -1.000000
vn 0.000000 0.000000 -1.000000
vn 0.000000 0.000000 -1.000000
vn 0.000000 0.000000 -1.000000
vn 0.000000 0.000000 -1.000000
vn 0.000000 0.000000 -1.000000
vn 0.000000 0.000000 -1.000000
vn 0.000000 0.000000 -1.000000
vn 0.000000 0.000000 -1.000000
vn 0.000000 0.000000 -1.000000
vn -0.050618 -0.998718 -0.000000
vn -0.159986 -0.987119 -0.000000
vn -0.277850 -0.960624 -0.000000
vn -0.399370 -0.916790 -0.000000
vn -0.516703 -0.856164 -0.000000
vn -0.629812 -0.776748 -0.000000
vn -0.735126 -0.677930 -0.000000
vn -0.825328 -0.564653 -0.000000
vn -0.897265 -0.441492 -0.000000
vn -0.950665 -0.310220 -0.000000
vn -0.983715 -0.179737 -0.000000
vn -0.998374 -0.056999 -0.000000
vn -1.000000 0.000000 -0.000000
vn -0.998374 0.056996 0.000000
vn -0.983716 0.179729 0.000000
vn -0.950665 0.310220 0.000000
vn -0.897253 0.441516 0.000000
vn -0.825003 0.565128 0.000000
vn -0.733672 0.679504 0.000000
vn -0.626704 0.779258 0.000000
vn -0.511574 0.859239 0.000000
vn -0.393701 0.919239 0.000000
vn -0.273463 0.961883 0.000000
vn -0.157356 0.987542 0.000000
vn -0.049781 0.998760 0.000000
vn 0.048648 0.998816 0.000000
vn 0.153459 0.988155 0.000000
vn 0.266135 0.963936 0.000000
vn 0.382836 0.923817 0.000000
vn 0.498071 0.867136 0.000000
vn 0.612663 0.790344 0.000000
vn 0.720795 0.693148 0.000000
vn 0.814720 0.579854 0.000000
vn 0.890185 0.455600 0.000000
vn 0.946801 0.321819 0.000000
vn 0.982322 0.187201 0.000000
vn 0.998228 0.059513 0.000000
vn 0.995891 -0.090557 -0.000000
vn 0.958920 -0.283678 -0.000000
vn 0.880503 -0.474041 -0.000000
vn 0.769240 -0.638960 -0.000000
vn 0.639015 -0.769194 -0.000000
vn 0.473853 -0.880604 -0.000000
vn 0.284066 -0.958805 -0.000000
vn 0.090479 -0.995898 -0.000000
vn 0.054271 -0.998526 -0.000000
vn -0.129922 -0.991524 -0.000000
vn -0.481878 -0.876239 -0.000000
vn -0.836757 -0.547575 -0.000000
vn -0.988066 -0.154032 -0.000000
vn -0.996712 -0.081023 -0.000000
vn -0.965014 -0.262199 -0.000000
vn -0.890402 -0.455175 -0.000000
vn -0.772677 -0.634800 -0.000000
vn -0.622883 -0.782315 -0.000000
vn -0.441793 -0.897117 -0.000000
vn -0.252160 -0.967685 -0.000000
vn -0.077444 -0.996997 -0.000000
vn 0.077361 -0.997003 -0.000000
vn 0.251308 -0.967907 -0.000000
vn 0.439372 -0.898305 -0.000000
vn 0.618694 -0.785632 -0.000000
vn 0.768417 -0.639950 -0.000000
vn 0.887868 -0.460099 -0.000000
vn 0.964100 -0.265541 -0.000000
vn 0.996622 -0.082122 -0.000000
vn 1.000000 0.000000 -0.000000
vn 0.996515 0.083420 0.000000
vn 0.963239 0.268647 0.000000
vn 0.886281 0.463148 0.000000
vn 0.767403 0.641165 0.000000
vn 0.618690 0.785635 0.000000
vn 0.439372 0.898305 0.000000
vn 0.251308 0.967907 0.000000
vn 0.077362 0.997003 0.000000
vn -0.076398 0.997077 0.000000
vn -0.248841 0.968544 0.000000
vn -0.436845 0.899537 0.000000
vn -0.617549 0.786532 0.000000
vn -0.769143 0.639077 0.000000
vn -0.889102 0.457709 0.000000
vn -0.964763 0.263121 0.000000
vn -0.996705 0.081118 0.000000
vn -0.988072 0.153994 0.000000
vn -0.836757 0.547575 0.000000
vn -0.481878 0.876239 0.000000
vn -0.129918 0.991525 0.000000
vn 0.043443 0.999056 0.000000
vn 0.077901 0.996961 0.000000
vn 0.245775 0.969327 0.000000
vn 0.418907 0.908029 0.000000
vn 0.579703 0.814828 0.000000
vn 0.714489 0.699647 0.000000
vn 0.838947 0.544213 0.000000
vn 0.940307 0.340326 0.000000
vn 0.993690 0.112162 0.000000
vn 0.998277 -0.058672 -0.000000
vn 0.982772 -0.184823 -0.000000
vn 0.947960 -0.318388 -0.000000
vn 0.892121 -0.451796 -0.000000
vn 0.817207 -0.576345 -0.000000
vn 0.723329 -0.690503 -0.000000
vn 0.614606 -0.788834 -0.000000
vn 0.498847 -0.866690 -0.000000
vn 0.382795 -0.923833 -0.000000
vn 0.266178 -0.963924 -0.000000
vn 0.153415 -0.988162 -0.000000
vn 0.048648 -0.998816 -0.000000
vn -0.052245 -0.998634 -0.000000
vn -0.164401 -0.986394 -0.000000
vn -0.283933 -0.958844 -0.000000
vn -0.405699 -0.914007 -0.000000
vn -0.524496 -0.851413 -0.000000
vn -0.640265 -0.768154 -0.000000
vn -0.746142 -0.665787 -0.000000
vn -0.834931 -0.550355 -0.000000
vn -0.903555 -0.428471 -0.000000
vn -0.953628 -0.300988 -0.000000
vn -0.984643 -0.174581 -0.000000
vn -0.998460 -0.055475 -0.000000
vn -1.000000 0.000000 -0.000000
vn -0.998368 0.057103 0.000000
vn -0.983780 0.179380 0.000000
vn -0.951254 0.308408 0.000000
vn -0.899253 0.437429 0.000000
vn -0.830067 0.557664 0.000000
vn -0.742881 0.669423 0.000000
vn -0.639517 0.768777 0.000000
vn -0.526389 0.850244 0.000000
vn -0.408181 0.912901 0.000000
vn -0.285205 0.958467 0.000000
vn -0.164838 0.986321 0.000000
vn -0.052289 0.998632 0.000000
vn 0.051670 0.998664 0.000000
vn 0.163387 0.986562 0.000000
vn 0.283679 0.958919 0.000000
vn 0.407470 0.913219 0.000000
vn 0.526389 0.850244 0.000000
vn 0.639514 0.768779 0.000000
vn 0.742881 0.669423 0.000000
vn 0.830067 0.557664 0.000000
vn 0.899251 0.437434 0.000000
vn 0.951256 0.308403 0.000000
vn 0.983781 0.179375 0.000000
vn 0.998368 0.057103 0.000000
vn 1.000000 0.000000 -0.000000
vn 0.998411 -0.056344 -0.000000
vn 0.984164 -0.177262 -0.000000
vn 0.952250 -0.305320 -0.000000
vn 0.900910 -0.434005 -0.000000
vn 0.832203 -0.554471 -0.000000
vn 0.745142 -0.666906 -0.000000
vn 0.641248 -0.767334 -0.000000
vn 0.527115 -0.849794 -0.000000
vn 0.407470 -0.913219 -0.000000
vn 0.283679 -0.958919 -0.000000
vn 0.163387 -0.986562 -0.000000
vn 0.051670 -0.998664 -0.000000
vn -0.081176 0.996700 0.000000
vn -0.263090 0.964771 0.000000
vn -0.457527 0.889196 0.000000
vn -0.638557 0.769575 0.000000
vn -0.784960 0.619547 0.000000
vn -0.897646 0.440717 0.000000
vn -0.967618 0.252418 0.000000
vn -0.996970 0.077792 0.000000
vn -1.000000 0.000000 -0.000000
vn -0.997055 -0.076697 -0.000000
vn -0.968311 -0.249747 -0.000000
vn -0.899000 -0.437949 -0.000000
vn -0.785832 -0.618440 -0.000000
vn -0.638553 -0.769578 -0.000000
vn -0.457527 -0.889196 -0.000000
vn -0.263090 -0.964771 -0.000000
vn -0.081176 -0.996700 -0.000000
vn 0.082371 -0.996602 -0.000000
vn 0.265974 -0.963980 -0.000000
vn 0.460409 -0.887707 -0.000000
vn 0.639707 -0.768619 -0.000000
vn 0.785832 -0.618440 -0.000000
vn 0.899000 -0.437949 -0.000000
vn 0.968311 -0.249747 -0.000000
vn 0.997055 -0.076697 -0.000000
vn 1.000000 0.000000 -0.000000
vn 0.996970 0.077792 0.000000
vn 0.967618 0.252418 0.000000
vn 0.897646 0.440717 0.000000
vn 0.784960 0.619547 0.000000
vn 0.639707 0.768619 0.000000
vn 0.460409 0.887707 0.000000
vn 0.265974 0.963980 0.000000
vn 0.082371 0.996602 0.000000
vn -0.786376 0.617748 0.000000
vn -0.609621 0.792693 0.000000
vn -0.371317 0.928506 0.000000
vn -0.116813 0.993154 0.000000
vn 0.000000 1.000000 0.000000
vn 0.090479 0.995898 0.000000
vn 0.283458 0.958985 0.000000
vn 0.474367 0.880327 0.000000
vn 0.638618 0.769524 0.000000
vn 0.769279 0.638913 0.000000
vn 0.880503 0.474041 0.000000
vn 0.958962 0.283536 0.000000
vn 0.995891 0.090557 0.000000
vn 1.000000 0.000000 -0.000000
vn 0.995891 -0.090557 -0.000000
vn 0.958962 -0.283536 -0.000000
vn 0.880354 -0.474317 -0.000000
vn 0.769279 -0.638913 -0.000000
vn 0.639015 -0.769194 -0.000000
vn 0.474367 -0.880327 -0.000000
vn 0.283458 -0.958985 -0.000000
vn 0.090475 -0.995899 -0.000000
vn 0.000000 -1.000000 -0.000000
vn -0.090479 -0.995898 -0.000000
vn -0.283458 -0.958985 -0.000000
vn -0.474367 -0.880327 -0.000000
vn -0.638996 -0.769210 -0.000000
vn -0.769259 -0.638937 -0.000000
vn -0.880371 -0.474285 -0.000000
vn -0.958973 -0.283498 -0.000000
vn -0.995891 -0.090557 -0.000000
vn -1.000000 0.000000 -0.000000
vn -0.993594 -0.113009 -0.000000
vn -0.923068 -0.384638 -0.000000
vn -0.746250 -0.665666 -0.000000
vn -0.496302 -0.868150 -0.000000
vn -0.210665 -0.977558 -0.000000
vn 0.249115 -0.968474 -0.000000
vn 0.692811 -0.721119 -0.000000
vn 0.903352 -0.428899 -0.000000
vn 0.838044 -0.545603 -0.000000
vn 0.786256 -0.617901 -0.000000
vn 0.609855 -0.792513 -0.000000
vn 0.371309 -0.928509 -0.000000
vn 0.116815 -0.993154 -0.000000
vn 0.000000 -1.000000 -0.000000
vn -0.116815 -0.993154 -0.000000
vn -0.371309 -0.928509 -0.000000
vn -0.609855 -0.792513 -0.000000
vn -0.786235 -0.617928 -0.000000
vn -0.834730 -0.550660 -0.000000
vn -0.903352 -0.428899 -0.000000
vn -0.692855 -0.721077 -0.000000
vn -0.249092 -0.968480 -0.000000
vn 0.210665 -0.977558 -0.000000
vn 0.496270 -0.868169 -0.000000
vn 0.746330 -0.665576 -0.000000
vn 0.923095 -0.384571 -0.000000
vn 0.993594 -0.113009 -0.000000
vn 1.000000 0.000000 -0.000000
vn 0.995891 -0.090557 -0.000000
vn 0.958973 -0.283498 -0.000000
vn 0.880354 -0.474317 -0.000000
vn 0.769279 -0.638913 -0.000000
vn 0.639015 -0.769194 -0.000000
vn 0.474367 -0.880327 -0.000000
vn 0.283458 -0.958985 -0.000000
vn 0.090472 -0.995899 -0.000000
vn 0.000000 -1.000000 -0.000000
vn -0.090479 -0.995898 -0.000000
vn -0.283458 -0.958985 -0.000000
vn -0.474367 -0.880327 -0.000000
vn -0.638976 -0.769227 -0.000000
vn -0.769279 -0.638913 -0.000000
vn -0.880354 -0.474317 -0.000000
vn -0.958973 -0.283498 -0.000000
vn -0.995891 -0.090557 -0.000000
vn -1.000000 0.000000 -0.000000
vn -0.995891 0.090557 0.000000
vn -0.958973 0.283498 0.000000
vn -0.880503 0.474041 0.000000
vn -0.769279 0.638913 0.000000
vn -0.638638 0.769507 0.000000
vn -0.474367 0.880327 0.000000
vn -0.283458 0.958985 0.000000
vn -0.090472 0.995899 0.000000
vn 0.000000 1.000000 0.000000
vn 0.116815 0.993154 0.000000
vn 0.371309 0.928509 0.000000
vn 0.609621 0.792693 0.000000
vn 0.786387 0.617734 0.000000
vn 0.834641 0.550795 0.000000
vn 0.658199 0.752844 0.000000
vn 0.530159 0.847898 0.000000
vn 0.350751 0.936469 0.000000
vn 0.124361 0.992237 0.000000
vn -0.132534 0.991179 0.000000
vn -0.418625 0.908159 0.000000
vn -0.672796 0.739828 0.000000
vn -0.840987 0.541055 0.000000
vn -0.834641 0.550795 0.000000
vn -0.786376 0.617748 0.000000
vn -0.609621 0.792693 0.000000
vn -0.371317 0.928506 0.000000
vn -0.116813 0.993154 0.000000
vn 0.000000 1.000000 0.000000
vn 0.090477 0.995899 0.000000
vn 0.283453 0.958986 0.000000
vn 0.474358 0.880332 0.000000
vn 0.638638 0.769507 0.000000
vn 0.769269 0.638925 0.000000
vn 0.880512 0.474024 0.000000
vn 0.958967 0.283517 0.000000
vn 0.995891 0.090557 0.000000
vn 1.000000 0.000000 -0.000000
vn 0.995891 -0.090557 -0.000000
vn 0.958967 -0.283517 -0.000000
vn 0.880363 -0.474301 -0.000000
vn 0.769269 -0.638925 -0.000000
vn 0.639006 -0.769202 -0.000000
vn 0.474358 -0.880332 -0.000000
vn 0.283453 -0.958986 -0.000000
vn 0.090479 -0.995898 -0.000000
vn 0.000000 -1.000000 -0.000000
vn -0.090477 -0.995899 -0.000000
vn -0.283453 -0.958986 -0.000000
vn -0.474358 -0.880332 -0.000000
vn -0.639015 -0.769194 -0.000000
vn -0.769269 -0.638925 -0.000000
vn -0.880363 -0.474301 -0.000000
vn -0.958967 -0.283517 -0.000000
vn -0.995891 -0.090557 -0.000000
vn -1.000000 0.000000 -0.000000
vn -0.993602 -0.112941 -0.000000
vn -0.923082 -0.384604 -0.000000
vn -0.746270 -0.665644 -0.000000
vn -0.496270 -0.868169 -0.000000
vn -0.210665 -0.977558 -0.000000
vn 0.249104 -0.968477 -0.000000
vn 0.692833 -0.721098 -0.000000
vn 0.903366 -0.428871 -0.000000
vn 0.838044 -0.545603 -0.000000
vn 0.786245 -0.617914 -0.000000
vn 0.609855 -0.792513 -0.000000
vn 0.371317 -0.928506 -0.000000
vn 0.116813 -0.993154 -0.000000
vn 0.000000 -1.000000 -0.000000
vn -0.116813 -0.993154 -0.000000
vn -0.371309 -0.928509 -0.000000
vn -0.609855 -0.792513 -0.000000
vn -0.786245 -0.617914 -0.000000
vn -0.834730 -0.550660 -0.000000
vn -0.903352 -0.428899 -0.000000
vn -0.692811 -0.721119 -0.000000
vn -0.249115 -0.968474 -0.000000
vn 0.210682 -0.977555 -0.000000
vn 0.496270 -0.868169 -0.000000
vn 0.746290 -0.665621 -0.000000
vn 0.923095 -0.384571 -0.000000
vn 0.993594 -0.113009 -0.000000
vn 1.000000 0.000000 -0.000000
vn 0.995891 -0.090557 -0.000000
vn 0.958962 -0.283536 -0.000000
vn 0.880354 -0.474317 -0.000000
vn 0.769279 -0.638913 -0.000000
vn 0.639015 -0.769194 -0.000000
vn 0.474367 -0.880327 -0.000000
vn 0.283458 -0.958985 -0.000000
vn 0.090475 -0.995899 -0.000000
vn 0.000000 -1.000000 -0.000000
vn -0.090475 -0.995899 -0.000000
vn -0.283458 -0.958985 -0.000000
vn -0.474367 -0.880327 -0.000000
vn -0.639015 -0.769194 -0.000000
vn -0.769259 -0.638937 -0.000000
vn -0.880354 -0.474317 -0.000000
vn -0.958962 -0.283536 -0.000000
vn -0.995895 -0.090518 -0.000000
vn -1.000000 0.000000 -0.000000
vn -0.995891 0.090557 0.000000
vn -0.958962 0.283536 0.000000
vn -0.880503 0.474041 0.000000
vn -0.769279 0.638913 0.000000
vn -0.638638 0.769507 0.000000
vn -0.474367 0.880327 0.000000
vn -0.283458 0.958985 0.000000
vn -0.090475 0.995899 0.000000
vn 0.000000 1.000000 0.000000
vn 0.116815 0.993154 0.000000
vn 0.371309 0.928509 0.000000
vn 0.609621 0.792693 0.000000
vn 0.786376 0.617748 0.000000
vn 0.834641 0.550795 0.000000
vn 0.658270 0.752782 0.000000
vn 0.530123 0.847921 0.000000
vn 0.350721 0.936480 0.000000
vn 0.124385 0.992234 0.000000
vn -0.132534 0.991179 0.000000
vn -0.418625 0.908159 0.000000
vn -0.672796 0.739828 0.000000
vn -0.841029 0.540990 0.000000
vn -0.834641 0.550795 0.000000
vn -0.135768 -0.990741 -0.000000
vn -0.453086 -0.891467 -0.000000
vn -0.743418 -0.668827 -0.000000
vn -0.914354 -0.404917 -0.000000
vn -0.955585 -0.294717 -0.000000
vn -0.854831 -0.518906 -0.000000
vn -0.725130 -0.688612 -0.000000
vn -0.496432 -0.868076 -0.000000
vn -0.170793 -0.985307 -0.000000
vn 0.000000 -1.000000 -0.000000
vn 0.170791 -0.985307 -0.000000
vn 0.496432 -0.868076 -0.000000
vn 0.725127 -0.688616 -0.000000
vn 0.854831 -0.518906 -0.000000
vn 0.955585 -0.294717 -0.000000
vn 0.914355 -0.404913 -0.000000
vn 0.743418 -0.668827 -0.000000
vn 0.453085 -0.891467 -0.000000
vn 0.135768 -0.990741 -0.000000
vn 0.000000 -1.000000 -0.000000
vn -0.077492 -0.996993 -0.000000
vn -0.259811 -0.965660 -0.000000
vn -0.468769 -0.883321 -0.000000
vn -0.672103 -0.740458 -0.000000
vn -0.856136 -0.516750 -0.000000
vn -0.973745 -0.227642 -0.000000
vn -0.999759 0.021959 0.000000
vn -0.978740 0.205106 0.000000
vn -0.952146 0.305644 0.000000
vn -0.914350 0.404925 0.000000
vn -0.743253 0.669011 0.000000
vn -0.453087 0.891466 0.000000
vn -0.135769 0.990741 0.000000
vn 0.000000 1.000000 0.000000
vn 0.135768 0.990741 0.000000
vn 0.453086 0.891467 0.000000
vn 0.743256 0.669007 0.000000
vn 0.914354 0.404917 0.000000
vn 0.951735 0.306920 0.000000
vn 0.924671 0.380767 0.000000
vn 0.967090 0.254433 0.000000
vn 0.989936 0.141515 0.000000
vn 0.999058 0.043405 0.000000
vn 0.985089 -0.172048 -0.000000
vn 0.806434 -0.591324 -0.000000
vn 0.440708 -0.897651 -0.000000
vn 0.116104 -0.993237 -0.000000
vn 0.000000 -1.000000 -0.000000
vn 0.998868 -0.047567 -0.000000
vn 0.948642 0.316351 0.000000
vn 0.633281 0.773922 0.000000
vn 0.174261 0.984699 0.000000
vn 0.000000 1.000000 0.000000
vn -0.148748 0.988875 0.000000
vn -0.600036 0.799973 0.000000
vn -0.966207 0.257769 0.000000
vn -0.982334 -0.187138 -0.000000
vn -0.955841 -0.293885 -0.000000
vn -0.952045 -0.305959 -0.000000
vn -0.876291 -0.481783 -0.000000
vn -0.677820 -0.735228 -0.000000
vn -0.258343 -0.966053 -0.000000
vn 0.258343 -0.966053 -0.000000
vn 0.677820 -0.735228 -0.000000
vn 0.876291 -0.481783 -0.000000
vn 0.952045 -0.305959 -0.000000
vn 0.956639 -0.291275 -0.000000
vn -0.995893 0.090538 0.000000
vn -0.958962 0.283536 0.000000
vn -0.880503 0.474041 0.000000
vn -0.769269 0.638925 0.000000
vn -0.638648 0.769499 0.000000
vn -0.474367 0.880327 0.000000
vn -0.283453 0.958986 0.000000
vn -0.090475 0.995899 0.000000
vn 0.000000 1.000000 0.000000
vn 0.090475 0.995899 0.000000
vn 0.283453 0.958986 0.000000
vn 0.474358 0.880332 0.000000
vn 0.638638 0.769507 0.000000
vn 0.769269 0.638925 0.000000
vn 0.880512 0.474024 0.000000
vn 0.958967 0.283517 0.000000
vn 0.995893 0.090538 0.000000
vn 1.000000 0.000000 -0.000000
vn 0.995893 -0.090538 -0.000000
vn 0.958967 -0.283517 -0.000000
vn 0.880363 -0.474301 -0.000000
vn 0.769269 -0.638925 -0.000000
vn 0.639015 -0.769194 -0.000000
vn 0.474358 -0.880332 -0.000000
vn 0.283453 -0.958986 -0.000000
vn 0.090475 -0.995899 -0.000000
vn 0.000000 -1.000000 -0.000000
vn -0.107457 -0.994210 -0.000000
vn -0.360917 -0.932598 -0.000000
vn -0.624835 -0.780757 -0.000000
vn -0.827413 -0.561594 -0.000000
vn -0.853640 -0.520864 -0.000000
vn -0.788267 -0.615334 -0.000000
vn -0.644909 -0.764259 -0.000000
vn -0.375464 -0.926837 -0.000000
vn 0.030559 -0.999533 -0.000000
vn 0.472665 -0.881242 -0.000000
vn 0.822844 -0.568268 -0.000000
vn 0.963272 -0.268526 -0.000000
vn 0.997545 -0.070026 -0.000000
vn 0.999991 0.004292 0.000000
vn 0.995893 -0.090538 -0.000000
vn 0.958964 -0.283526 -0.000000
vn 0.880358 -0.474309 -0.000000
vn 0.769269 -0.638925 -0.000000
vn 0.639020 -0.769190 -0.000000
vn 0.474362 -0.880330 -0.000000
vn 0.283453 -0.958986 -0.000000
vn 0.090475 -0.995899 -0.000000
vn 0.000000 -1.000000 -0.000000
vn -0.090475 -0.995899 -0.000000
vn -0.283451 -0.958987 -0.000000
vn -0.474364 -0.880329 -0.000000
vn -0.639023 -0.769188 -0.000000
vn -0.769262 -0.638934 -0.000000
vn -0.880358 -0.474309 -0.000000
vn -0.958966 -0.283522 -0.000000
vn -0.995893 -0.090538 -0.000000
vn -1.000000 0.000000 -0.000000
vn -0.995893 0.090538 0.000000
vn -0.958966 0.283522 0.000000
vn -0.880507 0.474033 0.000000
vn -0.769262 0.638934 0.000000
vn -0.638645 0.769501 0.000000
vn -0.474364 0.880329 0.000000
vn -0.283451 0.958987 0.000000
vn -0.090475 0.995899 0.000000
vn 0.000000 1.000000 0.000000
vn 0.107456 0.994210 0.000000
vn 0.360919 0.932597 0.000000
vn 0.624602 0.780943 0.000000
vn 0.827527 0.561426 0.000000
vn 0.854443 0.519545 0.000000
vn 0.788267 0.615334 0.000000
vn 0.644909 0.764259 0.000000
vn 0.376680 0.926344 0.000000
vn -0.030559 0.999533 0.000000
vn -0.472665 0.881242 0.000000
vn -0.823292 0.567618 0.000000
vn -0.963193 0.268809 0.000000
vn -0.997545 0.070026 0.000000
vn -0.999998 -0.002146 -0.000000
vn -0.090475 -0.995899 -0.000000
vn -0.283447 -0.958988 -0.000000
vn -0.474367 -0.880327 -0.000000
vn -0.639015 -0.769194 -0.000000
vn -0.769279 -0.638913 -0.000000
vn -0.880354 -0.474317 -0.000000
vn -0.958962 -0.283536 -0.000000
vn -0.995895 -0.090518 -0.000000
vn -1.000000 0.000000 -0.000000
vn -0.995891 0.090557 0.000000
vn -0.958962 0.283536 0.000000
vn -0.880503 0.474041 0.000000
vn -0.769299 0.638889 0.000000
vn -0.638638 0.769507 0.000000
vn -0.474367 0.880327 0.000000
vn -0.283447 0.958988 0.000000
vn -0.090475 0.995899 0.000000
vn 0.000000 1.000000 0.000000
vn 0.045320 0.998973 0.000000
vn 0.143548 0.989643 0.000000
vn 0.250563 0.968100 0.000000
vn 0.363155 0.931729 0.000000
vn 0.477568 0.878595 0.000000
vn 0.593694 0.804691 0.000000
vn 0.704808 0.709398 0.000000
vn 0.802599 0.596520 0.000000
vn 0.882513 0.470288 0.000000
vn 0.943134 0.332412 0.000000
vn 0.981165 0.193174 0.000000
vn 0.998121 0.061277 0.000000
vn 1.000000 0.000000 -0.000000
vn 0.998121 -0.061281 -0.000000
vn 0.981165 -0.193174 -0.000000
vn 0.943134 -0.332412 -0.000000
vn 0.882514 -0.470286 -0.000000
vn 0.802599 -0.596520 -0.000000
vn 0.704808 -0.709398 -0.000000
vn 0.593694 -0.804691 -0.000000
vn 0.477568 -0.878595 -0.000000
vn 0.363155 -0.931729 -0.000000
vn 0.250563 -0.968100 -0.000000
vn 0.143548 -0.989643 -0.000000
vn 0.045320 -0.998973 -0.000000
vn 0.000000 -1.000000 -0.000000
vn 0.989949 0.141427 0.000000
vn 0.857696 0.514157 0.000000
vn 0.514326 0.857595 0.000000
vn 0.141131 0.989991 0.000000
vn 0.000000 1.000000 0.000000
vn -0.082904 0.996558 0.000000
vn -0.269237 0.963074 0.000000
vn -0.467801 0.883834 0.000000
vn -0.650886 0.759175 0.000000
vn -0.795212 0.606331 0.000000
vn -0.902091 0.431546 0.000000
vn -0.967470 0.252988 0.000000
vn -0.995931 0.090120 0.000000
vn -1.000000 0.000000 -0.000000
vn -0.997274 -0.073785 -0.000000
vn -0.970364 -0.241648 -0.000000
vn -0.904085 -0.427352 -0.000000
vn -0.792928 -0.609316 -0.000000
vn -0.644790 -0.764360 -0.000000
vn -0.461471 -0.887155 -0.000000
vn -0.264793 -0.964305 -0.000000
vn -0.081398 -0.996682 -0.000000
vn 0.000000 -1.000000 -0.000000
vn 0.141131 -0.989991 -0.000000
vn 0.514326 -0.857595 -0.000000
vn 0.857474 -0.514527 -0.000000
vn 0.989949 -0.141427 -0.000000
vn 1.000000 0.000000 -0.000000
vn -0.135767 -0.990741 -0.000000
vn -0.453080 -0.891470 -0.000000
vn -0.743407 -0.668839 -0.000000
vn -0.914374 -0.404871 -0.000000
vn -0.955585 -0.294716 -0.000000
vn -0.854805 -0.518949 -0.000000
vn -0.725099 -0.688645 -0.000000
vn -0.496411 -0.868088 -0.000000
vn -0.170810 -0.985304 -0.000000
vn 0.000000 -1.000000 -0.000000
vn 0.170799 -0.985306 -0.000000
vn 0.496438 -0.868072 -0.000000
vn 0.725127 -0.688616 -0.000000
vn 0.854826 -0.518915 -0.000000
vn 0.955585 -0.294717 -0.000000
vn 0.914352 -0.404921 -0.000000
vn 0.743418 -0.668827 -0.000000
vn 0.453089 -0.891465 -0.000000
vn 0.135770 -0.990740 -0.000000
vn 0.000000 -1.000000 -0.000000
vn -0.077489 -0.996993 -0.000000
vn -0.259811 -0.965660 -0.000000
vn -0.468769 -0.883321 -0.000000
vn -0.672113 -0.740448 -0.000000
vn -0.856136 -0.516750 -0.000000
vn -0.973749 -0.227623 -0.000000
vn -0.999759 0.021959 0.000000
vn -0.978737 0.205120 0.000000
vn -0.952146 0.305644 0.000000
vn -0.914359 0.404904 0.000000
vn -0.743256 0.669007 0.000000
vn -0.453089 0.891465 0.000000
vn -0.135767 0.990741 0.000000
vn 0.000000 1.000000 0.000000
vn 0.135767 0.990741 0.000000
vn 0.453080 0.891470 0.000000
vn 0.743244 0.669020 0.000000
vn 0.914359 0.404904 0.000000
vn 0.951735 0.306920 0.000000
vn 0.924702 0.380691 0.000000
vn 0.967105 0.254378 0.000000
vn 0.989941 0.141482 0.000000
vn 0.999052 0.043529 0.000000
vn 0.985087 -0.172056 -0.000000
vn 0.806449 -0.591304 -0.000000
vn 0.440715 -0.897647 -0.000000
vn 0.116100 -0.993237 -0.000000
vn 0.000000 -1.000000 -0.000000
vn 0.998870 -0.047522 -0.000000
vn 0.948635 0.316373 0.000000
vn 0.633261 0.773938 0.000000
vn 0.174263 0.984699 0.000000
vn 0.000000 1.000000 0.000000
vn -0.148751 0.988875 0.000000
vn -0.600033 0.799976 0.000000
vn -0.966197 0.257804 0.000000
vn -0.982330 -0.187155 -0.000000
vn -0.955841 -0.293885 -0.000000
vn -0.952037 -0.305982 -0.000000
vn -0.876284 -0.481795 -0.000000
vn -0.677820 -0.735228 -0.000000
vn -0.258349 -0.966052 -0.000000
vn 0.258349 -0.966052 -0.000000
vn 0.677820 -0.735228 -0.000000
vn 0.876284 -0.481795 -0.000000
vn 0.952067 -0.305888 -0.000000
vn 0.956639 -0.291275 -0.000000
vn -0.995891 0.090557 0.000000
vn -0.958950 0.283574 0.000000
vn -0.880503 0.474041 0.000000
vn -0.769279 0.638913 0.000000
vn -0.638638 0.769507 0.000000
vn -0.474367 0.880327 0.000000
vn -0.283458 0.958985 0.000000
vn -0.090472 0.995899 0.000000
vn 0.000000 1.000000 0.000000
vn 0.090472 0.995899 0.000000
vn 0.283458 0.958985 0.000000
vn 0.474367 0.880327 0.000000
vn 0.638599 0.769540 0.000000
vn 0.769279 0.638913 0.000000
vn 0.880538 0.473976 0.000000
vn 0.958973 0.283498 0.000000
vn 0.995891 0.090557 0.000000
vn 1.000000 0.000000 -0.000000
vn 0.995891 -0.090557 -0.000000
vn 0.958973 -0.283498 -0.000000
vn 0.880389 -0.474253 -0.000000
vn 0.769279 -0.638913 -0.000000
vn 0.639015 -0.769194 -0.000000
vn 0.474367 -0.880327 -0.000000
vn 0.283458 -0.958985 -0.000000
vn 0.090464 -0.995900 -0.000000
vn 0.000000 -1.000000 -0.000000
vn -0.107456 -0.994210 -0.000000
vn -0.360917 -0.932598 -0.000000
vn -0.624835 -0.780757 -0.000000
vn -0.827434 -0.561563 -0.000000
vn -0.853640 -0.520864 -0.000000
vn -0.788224 -0.615388 -0.000000
vn -0.644855 -0.764305 -0.000000
vn -0.375417 -0.926856 -0.000000
vn 0.030567 -0.999533 -0.000000
vn 0.472665 -0.881242 -0.000000
vn 0.822823 -0.568297 -0.000000
vn 0.963290 -0.268462 -0.000000
vn 0.997547 -0.070000 -0.000000
vn 0.999991 0.004292 0.000000
vn 0.995891 -0.090557 -0.000000
vn 0.958973 -0.283498 -0.000000
vn 0.880389 -0.474253 -0.000000
vn 0.769279 -0.638913 -0.000000
vn 0.639015 -0.769194 -0.000000
vn 0.474367 -0.880327 -0.000000
vn 0.283458 -0.958985 -0.000000
vn 0.090472 -0.995899 -0.000000
vn 0.000000 -1.000000 -0.000000
vn -0.090479 -0.995898 -0.000000
vn -0.283458 -0.958985 -0.000000
vn -0.474367 -0.880327 -0.000000
vn -0.638976 -0.769227 -0.000000
vn -0.769279 -0.638913 -0.000000
vn -0.880354 -0.474317 -0.000000
vn -0.958973 -0.283498 -0.000000
vn -0.995891 -0.090557 -0.000000
vn -1.000000 0.000000 -0.000000
vn -0.995891 0.090557 0.000000
vn -0.958973 0.283498 0.000000
vn -0.880503 0.474041 0.000000
vn -0.769279 0.638913 0.000000
vn -0.638638 0.769507 0.000000
vn -0.474367 0.880327 0.000000
vn -0.283458 0.958985 0.000000
vn -0.090472 0.995899 0.000000
vn 0.000000 1.000000 0.000000
vn 0.107456 0.994210 0.000000
vn 0.360917 0.932598 0.000000
vn 0.624602 0.780943 0.000000
vn 0.827548 0.561395 0.000000
vn 0.854443 0.519545 0.000000
vn 0.788281 0.615315 0.000000
vn 0.644927 0.764244 0.000000
vn 0.376695 0.926337 0.000000
vn -0.030555 0.999533 0.000000
vn -0.472665 0.881242 0.000000
vn -0.823271 0.567648 0.000000
vn -0.963176 0.268873 0.000000
vn -0.997547 0.070000 0.000000
vn -0.999998 -0.002146 -0.000000
vn 0.090479 0.995898 0.000000
vn 0.283458 0.958985 0.000000
vn 0.474367 0.880327 0.000000
vn 0.638638 0.769507 0.000000
vn 0.769240 0.638960 0.000000
vn 0.880503 0.474041 0.000000
vn 0.958973 0.283498 0.000000
vn 0.995884 0.090636 0.000000
vn 1.000000 0.000000 -0.000000
vn 0.995898 -0.090479 -0.000000
vn 0.958920 -0.283678 -0.000000
vn 0.880503 -0.474041 -0.000000
vn 0.769161 -0.639055 -0.000000
vn 0.639015 -0.769194 -0.000000
vn 0.473853 -0.880604 -0.000000
vn 0.284066 -0.958805 -0.000000
vn 0.090479 -0.995898 -0.000000
vn 0.000000 -1.000000 -0.000000
vn 0.141143 -0.989989 -0.000000
vn 0.514326 -0.857595 -0.000000
vn 0.857474 -0.514527 -0.000000
vn 0.989943 -0.141470 -0.000000
vn 1.000000 0.000000 -0.000000
vn 0.995891 -0.090557 -0.000000
vn 0.958973 -0.283498 -0.000000
vn 0.880354 -0.474317 -0.000000
vn 0.769279 -0.638913 -0.000000
vn 0.639015 -0.769194 -0.000000
vn 0.474367 -0.880327 -0.000000
vn 0.283458 -0.958985 -0.000000
vn 0.090472 -0.995899 -0.000000
vn 0.000000 -1.000000 -0.000000
vn -0.090479 -0.995898 -0.000000
vn -0.283458 -0.958985 -0.000000
vn -0.474367 -0.880327 -0.000000
vn -0.638976 -0.769227 -0.000000
vn -0.769279 -0.638913 -0.000000
vn -0.880354 -0.474317 -0.000000
vn -0.958973 -0.283498 -0.000000
vn -0.995891 -0.090557 -0.000000
vn -1.000000 0.000000 -0.000000
vn -0.989955 -0.141385 -0.000000
vn -0.857474 -0.514527 -0.000000
vn -0.514326 -0.857595 -0.000000
vn -0.141131 -0.989991 -0.000000
vn 0.000000 -1.000000 -0.000000
vn -0.090472 -0.995899 -0.000000
vn -0.284066 -0.958805 -0.000000
vn -0.473853 -0.880604 -0.000000
vn -0.639055 -0.769161 -0.000000
vn -0.769240 -0.638960 -0.000000
vn -0.880503 -0.474041 -0.000000
vn -0.958897 -0.283754 -0.000000
vn -0.995891 -0.090557 -0.000000
vn -1.000000 0.000000 -0.000000
vn -0.995891 0.090557 0.000000
vn -0.958950 0.283574 0.000000
vn -0.880503 0.474041 0.000000
vn -0.769240 0.638960 0.000000
vn -0.638677 0.769475 0.000000
vn -0.474367 0.880327 0.000000
vn -0.283458 0.958985 0.000000
vn -0.090472 0.995899 0.000000
vn 0.000000 1.000000 0.000000
vn 0.000000 -0.000000 1.000000
vn 0.000000 0.000000 -1.000000
vn 0.000000 1.000000 0.000000
vn 0.928477 0.371391 0.000000
vn 0.485643 0.874157 0.000000
vn 0.406139 -0.913811 -0.000000
vn 0.961524 -0.274721 -0.000000
vn 0.351124 -0.936329 -0.000000
vn 1.000000 0.000000 -0.000000
vn 0.338719 0.940887 0.000000
vn 0.000000 -1.000000 -0.000000
vn -0.732794 0.680451 0.000000
vn -0.998752 -0.049938 -0.000000
vn -0.993884 0.110431 0.000000
vn 0.000000 -0.000000 1.000000
vn 0.000000 0.000000 -1.000000
vn -0.980581 0.196116 0.000000
vn 0.000000 1.000000 0.000000
vn 0.976187 0.216930 0.000000
vn 0.393919 0.919145 0.000000
vn -0.049938 -0.998752 -0.000000
vn 0.000000 0.000000 -1.000000
vn 0.000000 -0.000000 1.000000
vn 0.000000 1.000000 0.000000
vn -1.000000 0.000000 -0.000000
vn 0.000000 -1.000000 -0.000000
vn 1.000000 0.000000 -0.000000
vn 0.000000 0.000000 -1.000000
vn 0.000000 -0.000000 1.000000
vn 0.274721 0.961524 0.000000
vn -0.961524 0.274721 0.000000
vn -0.274721 -0.961524 -0.000000
vn 0.961524 -0.274721 -0.000000
vn -0.138648 -0.990342 -0.000000
vn -0.573462 -0.819232 -0.000000
vn -0.961524 -0.274721 -0.000000
vn -0.979804 0.199960 0.000000
vn -0.934462 0.356062 0.000000
vn -0.982339 0.187111 0.000000
vn -0.966235 -0.257662 -0.000000
vn -0.600001 -0.799999 -0.000000
vn -0.148351 -0.988935 -0.000000
vn 0.000000 -1.000000 -0.000000
vn 0.141434 -0.989948 -0.000000
vn 0.514497 -0.857492 -0.000000
vn 0.857489 -0.514503 -0.000000
vn 0.989950 -0.141421 -0.000000
vn 1.000000 0.000000 -0.000000
vn 0.995893 -0.090536 -0.000000
vn 0.958934 -0.283629 -0.000000
vn 0.880474 -0.474095 -0.000000
vn 0.769289 -0.638901 -0.000000
vn 0.638901 -0.769289 -0.000000
vn 0.474092 -0.880476 -0.000000
vn 0.283626 -0.958935 -0.000000
vn 0.090540 -0.995893 -0.000000
vn 0.000000 -1.000000 -0.000000
vn -0.090540 -0.995893 -0.000000
vn -0.283627 -0.958935 -0.000000
vn -0.474092 -0.880476 -0.000000
vn -0.638904 -0.769287 -0.000000
vn -0.769287 -0.638904 -0.000000
vn -0.880474 -0.474095 -0.000000
vn -0.958935 -0.283624 -0.000000
vn -0.995893 -0.090540 -0.000000
vn -1.000000 0.000000 -0.000000
vn -0.995894 0.090530 0.000000
vn -0.958935 0.283624 0.000000
vn -0.880474 0.474095 0.000000
vn -0.769282 0.638909 0.000000
vn -0.638899 0.769290 0.000000
vn -0.474092 0.880476 0.000000
vn -0.283627 0.958935 0.000000
vn -0.090541 0.995893 0.000000
vn 0.000000 1.000000 0.000000
vn 0.090540 0.995893 0.000000
vn 0.283624 0.958935 0.000000
vn 0.474092 0.880476 0.000000
vn 0.638908 0.769283 0.000000
vn 0.769287 0.638904 0.000000
vn 0.880470 0.474102 0.000000
vn 0.958933 0.283633 0.000000
vn 0.995895 0.090522 0.000000
vn 1.000000 0.000000 -0.000000
vn 0.998275 -0.058720 -0.000000
vn 0.987763 -0.155961 -0.000000
vn 0.972806 -0.231621 -0.000000
vn 0.956674 -0.291160 -0.000000
vn 0.935602 -0.353057 -0.000000
vn 0.909475 -0.415759 -0.000000
vn 0.721388 -0.692531 -0.000000
vn 0.424434 -0.905459 -0.000000
vn 0.124035 -0.992278 -0.000000
vn 0.000000 -1.000000 -0.000000
vn -0.050618 -0.998718 -0.000000
vn -0.159986 -0.987119 -0.000000
vn -0.277850 -0.960624 -0.000000
vn -0.399370 -0.916790 -0.000000
vn -0.516703 -0.856164 -0.000000
vn -0.629812 -0.776748 -0.000000
vn -0.735126 -0.677930 -0.000000
vn -0.825328 -0.564653 -0.000000
vn -0.897265 -0.441492 -0.000000
vn -0.950665 -0.310220 -0.000000
vn -0.983715 -0.179737 -0.000000
vn -0.998374 -0.056999 -0.000000
vn -1.000000 0.000000 -0.000000
vn -0.998374 0.056996 0.000000
vn -0.983716 0.179729 0.000000
vn -0.950665 0.310220 0.000000
vn -0.897253 0.441516 0.000000
vn -0.825003 0.565128 0.000000
vn -0.733672 0.679504 0.000000
vn -0.626704 0.779258 0.000000
vn -0.511574 0.859239 0.000000
vn -0.393701 0.919239 0.000000
vn -0.273463 0.961883 0.000000
vn -0.157356 0.987542 0.000000
vn -0.049781 0.998760 0.000000
vn 0.048648 0.998816 0.000000
vn 0.153459 0.988155 0.000000
vn 0.266135 0.963936 0.000000
vn 0.382836 0.923817 0.000000
vn 0.498071 0.867136 0.000000
vn 0.612663 0.790344 0.000000
vn 0.720795 0.693148 0.000000
vn 0.814720 0.579854 0.000000
vn 0.890185 0.455600 0.000000
vn 0.946801 0.321819 0.000000
vn 0.982322 0.187201 0.000000
vn 0.998228 0.059513 0.000000
vn 0.995891 -0.090557 -0.000000
vn 0.958920 -0.283678 -0.000000
vn 0.880503 -0.474041 -0.000000
vn 0.769240 -0.638960 -0.000000
vn 0.639015 -0.769194 -0.000000
vn 0.473853 -0.880604 -0.000000
vn 0.284066 -0.958805 -0.000000
vn 0.090479 -0.995898 -0.000000
vn 0.054271 -0.998526 -0.000000
vn -0.129922 -0.991524 -0.000000
vn -0.481878 -0.876239 -0.000000
vn -0.836757 -0.547575 -0.000000
vn -0.988066 -0.154032 -0.000000
vn -0.996712 -0.081023 -0.000000
vn -0.965014 -0.262199 -0.000000
vn -0.890402 -0.455175 -0.000000
vn -0.772677 -0.634800 -0.000000
vn -0.622883 -0.782315 -0.000000
vn -0.441793 -0.897117 -0.000000
vn -0.252160 -0.967685 -0.000000
vn -0.077444 -0.996997 -0.000000
vn 0.077361 -0.997003 -0.000000
vn 0.251308 -0.967907 -0.000000
vn 0.439372 -0.898305 -0.000000
vn 0.618694 -0.785632 -0.000000
vn 0.768417 -0.639950 -0.000000
vn 0.887868 -0.460099 -0.000000
vn 0.964100 -0.265541 -0.000000
vn 0.996622 -0.082122 -0.000000
vn 1.000000 0.000000 -0.000000
vn 0.996515 0.083420 0.000000
vn 0.963239 0.268647 0.000000
vn 0.886281 0.463148 0.000000
vn 0.767403 0.641165 0.000000
vn 0.618690 0.785635 0.000000
vn 0.439372 0.898305 0.000000
vn 0.251308 0.967907 0.000000
vn 0.077362 0.997003 0.000000
vn -0.076398 0.997077 0.000000
vn -0.248841 0.968544 0.000000
vn -0.436845 0.899537 0.000000
vn -0.617549 0.786532 0.000000
vn -0.769143 0.639077 0.000000
vn -0.889102 0.457709 0.000000
vn -0.964763 0.263121 0.000000
vn -0.996705 0.081118 0.000000
vn -0.988072 0.153994 0.000000
vn -0.836757 0.547575 0.000000
vn -0.481878 0.876239 0.000000
vn -0.129918 0.991525 0.000000
vn 0.043443 0.999056 0.000000
vn 0.077901 0.996961 0.000000
vn 0.245775 0.969327 0.000000
vn 0.418907 0.908029 0.000000
vn 0.579703 0.814828 0.000000
vn 0.714489 0.699647 0.000000
vn 0.838947 0.544213 0.000000
vn 0.940307 0.340326 0.000000
vn 0.993690 0.112162 0.000000
vn 0.998277 -0.058672 -0.000000
vn 0.982772 -0.184823 -0.000000
vn 0.947960 -0.318388 -0.000000
vn 0.892121 -0.451796 -0.000000
vn 0.817207 -0.576345 -0.000000
vn 0.723329 -0.690503 -0.000000
vn 0.614606 -0.788834 -0.000000
vn 0.498847 -0.866690 -0.000000
vn 0.382795 -0.923833 -0.000000
vn 0.266178 -0.963924 -0.000000
vn 0.153415 -0.988162 -0.000000
vn 0.048648 -0.998816 -0.000000
vn -0.052245 -0.998634 -0.000000
vn -0.164401 -0.986394 -0.000000
vn -0.283933 -0.958844 -0.000000
vn -0.405699 -0.914007 -0.000000
vn -0.524496 -0.851413 -0.000000
vn -0.640265 -0.768154 -0.000000
vn -0.746142 -0.665787 -0.000000
vn -0.834931 -0.550355 -0.000000
vn -0.903555 -0.428471 -0.000000
vn -0.953628 -0.300988 -0.000000
vn -0.984643 -0.174581 -0.000000
vn -0.998460 -0.055475 -0.000000
vn -1.000000 0.000000 -0.000000
vn -0.998368 0.057103 0.000000
vn -0.983780 0.179380 0.000000
vn -0.951254 0.308408 0.000000
vn -0.899253 0.437429 0.000000
vn -0.830067 0.557664 0.000000
vn -0.742881 0.669423 0.000000
vn -0.639517 0.768777 0.000000
vn -0.526389 0.850244 0.000000
vn -0.408181 0.912901 0.000000
vn -0.285205 0.958467 0.000000
vn -0.164838 0.986321 0.000000
vn -0.052289 0.998632 0.000000
vn 0.051670 0.998664 0.000000
vn 0.163387 0.986562 0.000000
vn 0.283679 0.958919 0.000000
vn 0.407470 0.913219 0.000000
vn 0.526389 0.850244 0.000000
vn 0.639514 0.768779 0.000000
vn 0.742881 0.669423 0.000000
vn 0.830067 0.557664 0.000000
vn 0.899251 0.437434 0.000000
vn 0.951256 0.308403 0.000000
vn 0.983781 0.179375 0.000000
vn 0.998368 0.057103 0.000000
vn 1.000000 0.000000 -0.000000
vn 0.998411 -0.056344 -0.000000
vn 0.984164 -0.177262 -0.000000
vn 0.952250 -0.305320 -0.000000
vn 0.900910 -0.434005 -0.000000
vn 0.832203 -0.554471 -0.000000
vn 0.745142 -0.666906 -0.000000
vn 0.641248 -0.767334 -0.000000
vn 0.527115 -0.849794 -0.000000
vn 0.407470 -0.913219 -0.000000
vn 0.283679 -0.958919 -0.000000
vn 0.163387 -0.986562 -0.000000
vn 0.051670 -0.998664 -0.000000
vn -0.081176 0.996700 0.000000
vn -0.263090 0.964771 0.000000
vn -0.457527 0.889196 0.000000
vn -0.638557 0.769575 0.000000
vn -0.784960 0.619547 0.000000
vn -0.897646 0.440717 0.000000
vn -0.967618 0.252418 0.000000
vn -0.996970 0.077792 0.000000
vn -1.000000 0.000000 -0.000000
vn -0.997055 -0.076697 -0.000000
vn -0.968311 -0.249747 -0.000000
vn -0.899000 -0.437949 -0.000000
vn -0.785832 -0.618440 -0.000000
vn -0.638553 -0.769578 -0.000000
vn -0.457527 -0.889196 -0.000000
vn -0.263090 -0.964771 -0.000000
vn -0.081176 -0.996700 -0.000000
vn 0.082371 -0.996602 -0.000000
vn 0.265974 -0.963980 -0.000000
vn 0.460409 -0.887707 -0.000000
vn 0.639707 -0.768619 -0.000000
vn 0.785832 -0.618440 -0.000000
vn 0.899000 -0.437949 -0.000000
vn 0.968311 -0.249747 -0.000000
vn 0.997055 -0.076697 -0.000000
vn 1.000000 0.000000 -0.000000
vn 0.996970 0.077792 0.000000
vn 0.967618 0.252418 0.000000
vn 0.897646 0.440717 0.000000
vn 0.784960 0.619547 0.000000
vn 0.639707 0.768619 0.000000
vn 0.460409 0.887707 0.000000
vn 0.265974 0.963980 0.000000
vn 0.082371 0.996602 0.000000
vn -0.786376 0.617748 0.000000
vn -0.609621 0.792693 0.000000
vn -0.371317 0.928506 0.000000
vn -0.116813 0.993154 0.000000
vn 0.000000 1.000000 0.000000
vn 0.090479 0.995898 0.000000
vn 0.283458 0.958985 0.000000
vn 0.474367 0.880327 0.000000
vn 0.638618 0.769524 0.000000
vn 0.769279 0.638913 0.000000
vn 0.880503 0.474041 0.000000
vn 0.958962 0.283536 0.000000
vn 0.995891 0.090557 0.000000
vn 1.000000 0.000000 -0.000000
vn 0.995891 -0.090557 -0.000000
vn 0.958962 -0.283536 -0.000000
vn 0.880354 -0.474317 -0.000000
vn 0.769279 -0.638913 -0.000000
vn 0.639015 -0.769194 -0.000000
vn 0.474367 -0.880327 -0.000000
vn 0.283458 -0.958985 -0.000000
vn 0.090475 -0.995899 -0.000000
vn 0.000000 -1.000000 -0.000000
vn -0.090479 -0.995898 -0.000000
vn -0.283458 -0.958985 -0.000000
vn -0.474367 -0.880327 -0.000000
vn -0.638996 -0.769210 -0.000000
vn -0.769259 -0.638937 -0.000000
vn -0.880371 -0.474285 -0.000000
vn -0.958973 -0.283498 -0.000000
vn -0.995891 -0.090557 -0.000000
vn -1.000000 0.000000 -0.000000
vn -0.993594 -0.113009 -0.000000
vn -0.923068 -0.384638 -0.000000
vn -0.746250 -0.665666 -0.000000
vn -0.496302 -0.868150 -0.000000
vn -0.210665 -0.977558 -0.000000
vn 0.249115 -0.968474 -0.000000
vn 0.692811 -0.721119 -0.000000
vn 0.903352 -0.428899 -0.000000
vn 0.838044 -0.545603 -0.000000
vn 0.786256 -0.617901 -0.000000
vn 0.609855 -0.792513 -0.000000
vn 0.371309 -0.928509 -0.000000
vn 0.116815 -0.993154 -0.000000
vn 0.000000 -1.000000 -0.000000
vn -0.116815 -0.993154 -0.000000
vn -0.371309 -0.928509 -0.000000
vn -0.609855 -0.792513 -0.000000
vn -0.786235 -0.617928 -0.000000
vn -0.834730 -0.550660 -0.000000
vn -0.903352 -0.428899 -0.000000
vn -0.692855 -0.721077 -0.000000
vn -0.249092 -0.968480 -0.000000
vn 0.210665 -0.977558 -0.000000
vn 0.496270 -0.868169 -0.000000
vn 0.746330 -0.665576 -0.000000
vn 0.923095 -0.384571 -0.000000
vn 0.993594 -0.113009 -0.000000
vn 1.000000 0.000000 -0.000000
vn 0.995891 -0.090557 -0.000000
vn 0.958973 -0.283498 -0.000000
vn 0.880354 -0.474317 -0.000000
vn 0.769279 -0.638913 -0.000000
vn 0.639015 -0.769194 -0.000000
vn 0.474367 -0.880327 -0.000000
vn 0.283458 -0.958985 -0.000000
vn 0.090472 -0.995899 -0.000000
vn 0.000000 -1.000000 -0.000000
vn -0.090479 -0.995898 -0.000000
vn -0.283458 -0.958985 -0.000000
vn -0.474367 -0.880327 -0.000000
vn -0.638976 -0.769227 -0.000000
vn -0.769279 -0.638913 -0.000000
vn -0.880354 -0.474317 -0.000000
vn -0.958973 -0.283498 -0.000000
vn -0.995891 -0.090557 -0.000000
vn -1.000000 0.000000 -0.000000
vn -0.995891 0.090557 0.000000
vn -0.958973 0.283498 0.000000
vn -0.880503 0.474041 0.000000
vn -0.769279 0.638913 0.000000
vn -0.638638 0.769507 0.000000
vn -0.474367 0.880327 0.000000
vn -0.283458 0.958985 0.000000
vn -0.090472 0.995899 0.000000
vn 0.000000 1.000000 0.000000
vn 0.116815 0.993154 0.000000
vn 0.371309 0.928509 0.000000
vn 0.609621 0.792693 0.000000
vn 0.786387 0.617734 0.000000
vn 0.834641 0.550795 0.000000
vn 0.658199 0.752844 0.000000
vn 0.530159 0.847898 0.000000
vn 0.350751 0.936469 0.000000
vn 0.124361 0.992237 0.000000
vn -0.132534 0.991179 0.000000
vn -0.418625 0.908159 0.000000
vn -0.672796 0.739828 0.000000
vn -0.840987 0.541055 0.000000
vn -0.834641 0.550795 0.000000
vn -0.786376 0.617748 0.000000
vn -0.609621 0.792693 0.000000
vn -0.371317 0.928506 0.000000
vn -0.116813 0.993154 0.000000
vn 0.000000 1.000000 0.000000
vn 0.090477 0.995899 0.000000
vn 0.283453 0.958986 0.000000
vn 0.474358 0.880332 0.000000
vn 0.638638 0.769507 0.000000
vn 0.769269 0.638925 0.000000
vn 0.880512 0.474024 0.000000
vn 0.958967 0.283517 0.000000
vn 0.995891 0.090557 0.000000
vn 1.000000 0.000000 -0.000000
vn 0.995891 -0.090557 -0.000000
vn 0.958967 -0.283517 -0.000000
vn 0.880363 -0.474301 -0.000000
vn 0.769269 -0.638925 -0.000000
vn 0.639006 -0.769202 -0.000000
vn 0.474358 -0.880332 -0.000000
vn 0.283453 -0.958986 -0.000000
vn 0.090479 -0.995898 -0.000000
vn 0.000000 -1.000000 -0.000000
vn -0.090477 -0.995899 -0.000000
vn -0.283453 -0.958986 -0.000000
vn -0.474358 -0.880332 -0.000000
vn -0.639015 -0.769194 -0.000000
vn -0.769269 -0.638925 -0.000000
vn -0.880363 -0.474301 -0.000000
vn -0.958967 -0.283517 -0.000000
vn -0.995891 -0.090557 -0.000000
vn -1.000000 0.000000 -0.000000
vn -0.993602 -0.112941 -0.000000
vn -0.923082 -0.384604 -0.000000
vn -0.746270 -0.665644 -0.000000
vn -0.496270 -0.868169 -0.000000
vn -0.210665 -0.977558 -0.000000
vn 0.249104 -0.968477 -0.000000
vn 0.692833 -0.721098 -0.000000
vn 0.903366 -0.428871 -0.000000
vn 0.838044 -0.545603 -0.000000
vn 0.786245 -0.617914 -0.000000
vn 0.609855 -0.792513 -0.000000
vn 0.371317 -0.928506 -0.000000
vn 0.116813 -0.993154 -0.000000
vn 0.000000 -1.000000 -0.000000
vn -0.116813 -0.993154 -0.000000
vn -0.371309 -0.928509 -0.000000
vn -0.609855 -0.792513 -0.000000
vn -0.786245 -0.617914 -0.000000
vn -0.834730 -0.550660 -0.000000
vn -0.903352 -0.428899 -0.000000
vn -0.692811 -0.721119 -0.000000
vn -0.249115 -0.968474 -0.000000
vn 0.210682 -0.977555 -0.000000
vn 0.496270 -0.868169 -0.000000
vn 0.746290 -0.665621 -0.000000
vn 0.923095 -0.384571 -0.000000
vn 0.993594 -0.113009 -0.000000
vn 1.000000 0.000000 -0.000000
vn 0.995891 -0.090557 -0.000000
vn 0.958962 -0.283536 -0.000000
vn 0.880354 -0.474317 -0.000000
vn 0.769279 -0.638913 -0.000000
vn 0.639015 -0.769194 -0.000000
vn 0.474367 -0.880327 -0.000000
vn 0.283458 -0.958985 -0.000000
vn 0.090475 -0.995899 -0.000000
vn 0.000000 -1.000000 -0.000000
vn -0.090475 -0.995899 -0.000000
vn -0.283458 -0.958985 -0.000000
vn -0.474367 -0.880327 -0.000000
vn -0.639015 -0.769194 -0.000000
vn -0.769259 -0.638937 -0.000000
vn -0.880354 -0.474317 -0.000000
vn -0.958962 -0.283536 -0.000000
vn -0.995895 -0.090518 -0.000000
vn -1.000000 0.000000 -0.000000
vn -0.995891 0.090557 0.000000
vn -0.958962 0.283536 0.000000
vn -0.880503 0.474041 0.000000
vn -0.769279 0.638913 0.000000
vn -0.638638 0.769507 0.000000
vn -0.474367 0.880327 0.000000
vn -0.283458 0.958985 0.000000
vn -0.090475 0.995899 0.000000
vn 0.000000 1.000000 0.000000
vn 0.116815 0.993154 0.000000
vn 0.371309 0.928509 0.000000
vn 0.609621 0.792693 0.000000
vn 0.786376 0.617748 0.000000
vn 0.834641 0.550795 0.000000
vn 0.658270 0.752782 0.000000
vn 0.530123 0.847921 0.000000
vn 0.350721 0.936480 0.000000
vn 0.124385 0.992234 0.000000
vn -0.132534 0.991179 0.000000
vn -0.418625 0.908159 0.000000
vn -0.672796 0.739828 0.000000
vn -0.841029 0.540990 0.000000
vn -0.834641 0.550795 0.000000
vn -0.135768 -0.990741 -0.000000
vn -0.453086 -0.891467 -0.000000
vn -0.743418 -0.668827 -0.000000
vn -0.914354 -0.404917 -0.000000
vn -0.955585 -0.294717 -0.000000
vn -0.854831 -0.518906 -0.000000
vn -0.725130 -0.688612 -0.000000
vn -0.496432 -0.868076 -0.000000
vn -0.170793 -0.985307 -0.000000
vn 0.000000 -1.000000 -0.000000
vn 0.170791 -0.985307 -0.000000
vn 0.496432 -0.868076 -0.000000
vn 0.725127 -0.688616 -0.000000
vn 0.854831 -0.518906 -0.000000
vn 0.955585 -0.294717 -0.000000
vn 0.914355 -0.404913 -0.000000
vn 0.743418 -0.668827 -0.000000
vn 0.453085 -0.891467 -0.000000
vn 0.135768 -0.990741 -0.000000
vn 0.000000 -1.000000 -0.000000
vn -0.077492 -0.996993 -0.000000
vn -0.259811 -0.965660 -0.000000
vn -0.468769 -0.883321 -0.000000
vn -0.672103 -0.740458 -0.000000
vn -0.856136 -0.516750 -0.000000
vn -0.973745 -0.227642 -0.000000
vn -0.999759 0.021959 0.000000
vn -0.978740 0.205106 0.000000
vn -0.952146 0.305644 0.000000
vn -0.914350 0.404925 0.000000
vn -0.743253 0.669011 0.000000
vn -0.453087 0.891466 0.000000
vn -0.135769 0.990741 0.000000
vn 0.000000 1.000000 0.000000
vn 0.135768 0.990741 0.000000
vn 0.453086 0.891467 0.000000
vn 0.743256 0.669007 0.000000
vn 0.914354 0.404917 0.000000
vn 0.951735 0.306920 0.000000
vn 0.924671 0.380767 0.000000
vn 0.967090 0.254433 0.000000
vn 0.989936 0.141515 0.000000
vn 0.999058 0.043405 0.000000
vn 0.985089 -0.172048 -0.000000
vn 0.806434 -0.591324 -0.000000
vn 0.440708 -0.897651 -0.000000
vn 0.116104 -0.993237 -0.000000
vn 0.000000 -1.000000 -0.000000
vn 0.998868 -0.047567 -0.000000
vn 0.948642 0.316351 0.000000
vn 0.633281 0.773922 0.000000
vn 0.174261 0.984699 0.000000
vn 0.000000 1.000000 0.000000
vn -0.148748 0.988875 0.000000
vn -0.600036 0.799973 0.000000
vn -0.966207 0.257769 0.000000
vn -0.982334 -0.187138 -0.000000
vn -0.955841 -0.293885 -0.000000
vn -0.952045 -0.305959 -0.000000
vn -0.876291 -0.481783 -0.000000
vn -0.677820 -0.735228 -0.000000
vn -0.258343 -0.966053 -0.000000
vn 0.258343 -0.966053 -0.000000
vn 0.677820 -0.735228 -0.000000
vn 0.876291 -0.481783 -0.000000
vn 0.952045 -0.305959 -0.000000
vn 0.956639 -0.291275 -0.000000
vn -0.995893 0.090538 0.000000
vn -0.958962 0.283536 0.000000
vn -0.880503 0.474041 0.000000
vn -0.769269 0.638925 0.000000
vn -0.638648 0.769499 0.000000
vn -0.474367 0.880327 0.000000
vn -0.283453 0.958986 0.000000
vn -0.090475 0.995899 0.000000
vn 0.000000 1.000000 0.000000
vn 0.090475 0.995899 0.000000
vn 0.283453 0.958986 0.000000
vn 0.474358 0.880332 0.000000
vn 0.638638 0.769507 0.000000
vn 0.769269 0.638925 0.000000
vn 0.880512 0.474024 0.000000
vn 0.958967 0.283517 0.000000
vn 0.995893 0.090538 0.000000
vn 1.000000 0.000000 -0.000000
vn 0.995893 -0.090538 -0.000000
vn 0.958967 -0.283517 -0.000000
vn 0.880363 -0.474301 -0.000000
vn 0.769269 -0.638925 -0.000000
vn 0.639015 -0.769194 -0.000000
vn 0.474358 -0.880332 -0.000000
vn 0.283453 -0.958986 -0.000000
vn 0.090475 -0.995899 -0.000000
vn 0.000000 -1.000000 -0.000000
vn -0.107457 -0.994210 -0.000000
vn -0.360917 -0.932598 -0.000000
vn -0.624835 -0.780757 -0.000000
vn -0.827413 -0.561594 -0.000000
vn -0.853640 -0.520864 -0.000000
vn -0.788267 -0.615334 -0.000000
vn -0.644909 -0.764259 -0.000000
vn -0.375464 -0.926837 -0.000000
vn 0.030559 -0.999533 -0.000000
vn 0.472665 -0.881242 -0.000000
vn 0.822844 -0.568268 -0.000000
vn 0.963272 -0.268526 -0.000000
vn 0.997545 -0.070026 -0.000000
vn 0.999991 0.004292 0.000000
vn 0.995893 -0.090538 -0.000000
vn 0.958964 -0.283526 -0.000000
vn 0.880358 -0.474309 -0.000000
vn 0.769269 -0.638925 -0.000000
vn 0.639020 -0.769190 -0.000000
vn 0.474362 -0.880330 -0.000000
vn 0.283453 -0.958986 -0.000000
vn 0.090475 -0.995899 -0.000000
vn 0.000000 -1.000000 -0.000000
vn -0.090475 -0.995899 -0.000000
vn -0.283451 -0.958987 -0.000000
vn -0.474364 -0.880329 -0.000000
vn -0.639023 -0.769188 -0.000000
vn -0.769262 -0.638934 -0.000000
vn -0.880358 -0.474309 -0.000000
vn -0.958966 -0.283522 -0.000000
vn -0.995893 -0.090538 -0.000000
vn -1.000000 0.000000 -0.000000
vn -0.995893 0.090538 0.000000
vn -0.958966 0.283522 0.000000
vn -0.880507 0.474033 0.000000
vn -0.769262 0.638934 0.000000
vn -0.638645 0.769501 0.000000
vn -0.474364 0.880329 0.000000
vn -0.283451 0.958987 0.000000
vn -0.090475 0.995899 0.000000
vn 0.000000 1.000000 0.000000
vn 0.107456 0.994210 0.000000
vn 0.360919 0.932597 0.000000
vn 0.624602 0.780943 0.000000
vn 0.827527 0.561426 0.000000
vn 0.854443 0.519545 0.000000
vn 0.788267 0.615334 0.000000
vn 0.644909 0.764259 0.000000
vn 0.376680 0.926344 0.000000
vn -0.030559 0.999533 0.000000
vn -0.472665 0.881242 0.000000
vn -0.823292 0.567618 0.000000
vn -0.963193 0.268809 0.000000
vn -0.997545 0.070026 0.000000
vn -0.999998 -0.002146 -0.000000
vn -0.090475 -0.995899 -0.000000
vn -0.283447 -0.958988 -0.000000
vn -0.474367 -0.880327 -0.000000
vn -0.639015 -0.769194 -0.000000
vn -0.769279 -0.638913 -0.000000
vn -0.880354 -0.474317 -0.000000
vn -0.958962 -0.283536 -0.000000
vn -0.995895 -0.090518 -0.000000
vn -1.000000 0.000000 -0.000000
vn -0.995891 0.090557 0.000000
vn -0.958962 0.283536 0.000000
vn -0.880503 0.474041 0.000000
vn -0.769299 0.638889 0.000000
vn -0.638638 0.769507 0.000000
vn -0.474367 0.880327 0.000000
vn -0.283447 0.958988 0.000000
vn -0.090475 0.995899 0.000000
vn 0.000000 1.000000 0.000000
vn 0.045320 0.998973 0.000000
vn 0.143548 0.989643 0.000000
vn 0.250563 0.968100 0.000000
vn 0.363155 0.931729 0.000000
vn 0.477568 0.878595 0.000000
vn 0.593694 0.804691 0.000000
vn 0.704808 0.709398 0.000000
vn 0.802599 0.596520 0.000000
vn 0.882513 0.470288 0.000000
vn 0.943134 0.332412 0.000000
vn 0.981165 0.193174 0.000000
vn 0.998121 0.061277 0.000000
vn 1.000000 0.000000 -0.000000
vn 0.998121 -0.061281 -0.000000
vn 0.981165 -0.193174 -0.000000
vn 0.943134 -0.332412 -0.000000
vn 0.882514 -0.470286 -0.000000
vn 0.802599 -0.596520 -0.000000
vn 0.704808 -0.709398 -0.000000
vn 0.593694 -0.804691 -0.000000
vn 0.477568 -0.878595 -0.000000
vn 0.363155 -0.931729 -0.000000
vn 0.250563 -0.968100 -0.000000
vn 0.143548 -0.989643 -0.000000
vn 0.045320 -0.998973 -0.000000
vn 0.000000 -1.000000 -0.000000
vn 0.989949 0.141427 0.000000
vn 0.857696 0.514157 0.000000
vn 0.514326 0.857595 0.000000
vn 0.141131 0.989991 0.000000
vn 0.000000 1.000000 0.000000
vn -0.082904 0.996558 0.000000
vn -0.269237 0.963074 0.000000
vn -0.467801 0.883834 0.000000
vn -0.650886 0.759175 0.000000
vn -0.795212 0.606331 0.000000
vn -0.902091 0.431546 0.000000
vn -0.967470 0.252988 0.000000
vn -0.995931 0.090120 0.000000
vn -1.000000 0.000000 -0.000000
vn -0.997274 -0.073785 -0.000000
vn -0.970364 -0.241648 -0.000000
vn -0.904085 -0.427352 -0.000000
vn -0.792928 -0.609316 -0.000000
vn -0.644790 -0.764360 -0.000000
vn -0.461471 -0.887155 -0.000000
vn -0.264793 -0.964305 -0.000000
vn -0.081398 -0.996682 -0.000000
vn 0.000000 -1.000000 -0.000000
vn 0.141131 -0.989991 -0.000000
vn 0.514326 -0.857595 -0.000000
vn 0.857474 -0.514527 -0.000000
vn 0.989949 -0.141427 -0.000000
vn 1.000000 0.000000 -0.000000
vn -0.135767 -0.990741 -0.000000
vn -0.453080 -0.891470 -0.000000
vn -0.743407 -0.668839 -0.000000
vn -0.914374 -0.404871 -0.000000
vn -0.955585 -0.294716 -0.000000
vn -0.854805 -0.518949 -0.000000
vn -0.725099 -0.688645 -0.000000
vn -0.496411 -0.868088 -0.000000
vn -0.170810 -0.985304 -0.000000
vn 0.000000 -1.000000 -0.000000
vn 0.170799 -0.985306 -0.000000
vn 0.496438 -0.868072 -0.000000
vn 0.725127 -0.688616 -0.000000
vn 0.854826 -0.518915 -0.000000
vn 0.955585 -0.294717 -0.000000
vn 0.914352 -0.404921 -0.000000
vn 0.743418 -0.668827 -0.000000
vn 0.453089 -0.891465 -0.000000
vn 0.135770 -0.990740 -0.000000
vn 0.000000 -1.000000 -0.000000
vn -0.077489 -0.996993 -0.000000
vn -0.259811 -0.965660 -0.000000
vn -0.468769 -0.883321 -0.000000
vn -0.672113 -0.740448 -0.000000
vn -0.856136 -0.516750 -0.000000
vn -0.973749 -0.227623 -0.000000
vn -0.999759 0.021959 0.000000
vn -0.978737 0.205120 0.000000
vn -0.952146 0.305644 0.000000
vn -0.914359 0.404904 0.000000
vn -0.743256 0.669007 0.000000
vn -0.453089 0.891465 0.000000
vn -0.135767 0.990741 0.000000
vn 0.000000 1.000000 0.000000
vn 0.135767 0.990741 0.000000
vn 0.453080 0.891470 0.000000
vn 0.743244 0.669020 0.000000
vn 0.914359 0.404904 0.000000
vn 0.951735 0.306920 0.000000
vn 0.924702 0.380691 0.000000
vn 0.967105 0.254378 0.000000
vn 0.989941 0.141482 0.000000
vn 0.999052 0.043529 0.000000
vn 0.985087 -0.172056 -0.000000
vn 0.806449 -0.591304 -0.000000
vn 0.440715 -0.897647 -0.000000
vn 0.116100 -0.993237 -0.000000
vn 0.000000 -1.000000 -0.000000
vn 0.998870 -0.047522 -0.000000
vn 0.948635 0.316373 0.000000
vn 0.633261 0.773938 0.000000
vn 0.174263 0.984699 0.000000
vn 0.000000 1.000000 0.000000
vn -0.148751 0.988875 0.000000
vn -0.600033 0.799976 0.000000
vn -0.966197 0.257804 0.000000
vn -0.982330 -0.187155 -0.000000
vn -0.955841 -0.293885 -0.000000
vn -0.952037 -0.305982 -0.000000
vn -0.876284 -0.481795 -0.000000
vn -0.677820 -0.735228 -0.000000
vn -0.258349 -0.966052 -0.000000
vn 0.258349 -0.966052 -0.000000
vn 0.677820 -0.735228 -0.000000
vn 0.876284 -0.481795 -0.000000
vn 0.952067 -0.305888 -0.000000
vn 0.956639 -0.291275 -0.000000
vn -0.995891 0.090557 0.000000
vn -0.958950 0.283574 0.000000
vn -0.880503 0.474041 0.000000
vn -0.769279 0.638913 0.000000
vn -0.638638 0.769507 0.000000
vn -0.474367 0.880327 0.000000
vn -0.283458 0.958985 0.000000
vn -0.090472 0.995899 0.000000
vn 0.000000 1.000000 0.000000
vn 0.090472 0.995899 0.000000
vn 0.283458 0.958985 0.000000
vn 0.474367 0.880327 0.000000
vn 0.638599 0.769540 0.000000
vn 0.769279 0.638913 0.000000
vn 0.880538 0.473976 0.000000
vn 0.958973 0.283498 0.000000
vn 0.995891 0.090557 0.000000
vn 1.000000 0.000000 -0.000000
vn 0.995891 -0.090557 -0.000000
vn 0.958973 -0.283498 -0.000000
vn 0.880389 -0.474253 -0.000000
vn 0.769279 -0.638913 -0.000000
vn 0.639015 -0.769194 -0.000000
vn 0.474367 -0.880327 -0.000000
vn 0.283458 -0.958985 -0.000000
vn 0.090464 -0.995900 -0.000000
vn 0.000000 -1.000000 -0.000000
vn -0.107456 -0.994210 -0.000000
vn -0.360917 -0.932598 -0.000000
vn -0.624835 -0.780757 -0.000000
vn -0.827434 -0.561563 -0.000000
vn -0.853640 -0.520864 -0.000000
vn -0.788224 -0.615388 -0.000000
vn -0.644855 -0.764305 -0.000000
vn -0.375417 -0.926856 -0.000000
vn 0.030567 -0.999533 -0.000000
vn 0.472665 -0.881242 -0.000000
vn 0.822823 -0.568297 -0.000000
vn 0.963290 -0.268462 -0.000000
vn 0.997547 -0.070000 -0.000000
vn 0.999991 0.004292 0.000000
vn 0.995891 -0.090557 -0.000000
vn 0.958973 -0.283498 -0.000000
vn 0.880389 -0.474253 -0.000000
vn 0.769279 -0.638913 -0.000000
vn 0.639015 -0.769194 -0.000000
vn 0.474367 -0.880327 -0.000000
vn 0.283458 -0.958985 -0.000000
vn 0.090472 -0.995899 -0.000000
vn 0.000000 -1.000000 -0.000000
vn -0.090479 -0.995898 -0.000000
vn -0.283458 -0.958985 -0.000000
vn -0.474367 -0.880327 -0.000000
vn -0.638976 -0.769227 -0.000000
vn -0.769279 -0.638913 -0.000000
vn -0.880354 -0.474317 -0.000000
vn -0.958973 -0.283498 -0.000000
vn -0.995891 -0.090557 -0.000000
vn -1.000000 0.000000 -0.000000
vn -0.995891 0.090557 0.000000
vn -0.958973 0.283498 0.000000
vn -0.880503 0.474041 0.000000
vn -0.769279 0.638913 0.000000
vn -0.638638 0.769507 0.000000
vn -0.474367 0.880327 0.000000
vn -0.283458 0.958985 0.000000
vn -0.090472 0.995899 0.000000
vn 0.000000 1.000000 0.000000
vn 0.107456 0.994210 0.000000
vn 0.360917 0.932598 0.000000
vn 0.624602 0.780943 0.000000
vn 0.827548 0.561395 0.000000
vn 0.854443 0.519545 0.000000
vn 0.788281 0.615315 0.000000
vn 0.644927 0.764244 0.000000
vn 0.376695 0.926337 0.000000
vn -0.030555 0.999533 0.000000
vn -0.472665 0.881242 0.000000
vn -0.823271 0.567648 0.000000
vn -0.963176 0.268873 0.000000
vn -0.997547 0.070000 0.000000
vn -0.999998 -0.002146 -0.000000
vn 0.090479 0.995898 0.000000
vn 0.283458 0.958985 0.000000
vn 0.474367 0.880327 0.000000
vn 0.638638 0.769507 0.000000
vn 0.769240 0.638960 0.000000
vn 0.880503 0.474041 0.000000
vn 0.958973 0.283498 0.000000
vn 0.995884 0.090636 0.000000
vn 1.000000 0.000000 -0.000000
vn 0.995898 -0.090479 -0.000000
vn 0.958920 -0.283678 -0.000000
vn 0.880503 -0.474041 -0.000000
vn 0.769161 -0.639055 -0.000000
vn 0.639015 -0.769194 -0.000000
vn 0.473853 -0.880604 -0.000000
vn 0.284066 -0.958805 -0.000000
vn 0.090479 -0.995898 -0.000000
vn 0.000000 -1.000000 -0.000000
vn 0.141143 -0.989989 -0.000000
vn 0.514326 -0.857595 -0.000000
vn 0.857474 -0.514527 -0.000000
vn 0.989943 -0.141470 -0.000000
vn 1.000000 0.000000 -0.000000
vn 0.995891 -0.090557 -0.000000
vn 0.958973 -0.283498 -0.000000
vn 0.880354 -0.474317 -0.000000
vn 0.769279 -0.638913 -0.000000
vn 0.639015 -0.769194 -0.000000
vn 0.474367 -0.880327 -0.000000
vn 0.283458 -0.958985 -0.000000
vn 0.090472 -0.995899 -0.000000
vn 0.000000 -1.000000 -0.000000
vn -0.090479 -0.995898 -0.000000
vn -0.283458 -0.958985 -0.000000
vn -0.474367 -0.880327 -0.000000
vn -0.638976 -0.769227 -0.000000
vn -0.769279 -0.638913 -0.000000
vn -0.880354 -0.474317 -0.000000
vn -0.958973 -0.283498 -0.000000
vn -0.995891 -0.090557 -0.000000
vn -1.000000 0.000000 -0.000000
vn -0.989955 -0.141385 -0.000000
vn -0.857474 -0.514527 -0.000000
vn -0.514326 -0.857595 -0.000000
vn -0.141131 -0.989991 -0.000000
vn 0.000000 -1.000000 -0.000000
vn -0.090472 -0.995899 -0.000000
vn -0.284066 -0.958805 -0.000000
vn -0.473853 -0.880604 -0.000000
vn -0.639055 -0.769161 -0.000000
vn -0.769240 -0.638960 -0.000000
vn -0.880503 -0.474041 -0.000000
vn -0.958897 -0.283754 -0.000000
vn -0.995891 -0.090557 -0.000000
vn -1.000000 0.000000 -0.000000
vn -0.995891 0.090557 0.000000
vn -0.958950 0.283574 0.000000
vn -0.880503 0.474041 0.000000
vn -0.769240 0.638960 0.000000
vn -0.638677 0.769475 0.000000
vn -0.474367 0.880327 0.000000
vn -0.283458 0.958985 0.000000
vn -0.090472 0.995899 0.000000
vn 0.000000 1.000000 0.000000
vn 0.000000 0.000000 1.000000
vn 0.000000 -0.000000 1.000000
vn 0.000000 -0.000000 1.000000
vn 0.000000 -0.000000 1.000000
vn 0.000000 -0.000000 1.000000
vn 0.000000 0.000000 1.000000
vn -0.000000 0.000000 1.000000
vn 0.000000 -0.000000 1.000000
vn 0.000000 -0.000000 1.000000
vn 0.000000 -0.000000 -1.000000
vn 0.000000 -0.000000 -1.000000
vn -0.000000 0.000000 -1.000000
vn 0.000000 0.000000 -1.000000
vn 0.000000 0.000000 -1.000000
vn 0.000000 0.000000 -1.000000
vn -0.000000 -0.000000 -1.000000
vn 0.000000 0.000000 -1.000000
vn 0.000000 0.000000 -1.000000
vn 0.000000 1.000000 0.000000
vn 0.928477 0.371391 0.000000
vn 0.485643 0.874157 0.000000
vn 0.406139 -0.913811 -0.000000
vn 0.961524 -0.274721 -0.000000
vn 0.351124 -0.936329 -0.000000
vn 1.000000 0.000000 -0.000000
vn 0.338719 0.940887 0.000000
vn 0.000000 -1.000000 -0.000000
vn -0.732794 0.680451 0.000000
vn -0.998752 -0.049938 -0.000000
vn -0.993884 0.110431 0.000000
vn 0.000000 -0.000000 1.000000
vn 0.000000 -0.000000 1.000000
vn 0.000000 0.000000 -1.000000
vn 0.000000 0.000000 -1.000000
vn -0.980581 0.196116 0.000000
vn 0.000000 1.000000 0.000000
vn 0.976187 0.216930 0.000000
vn 0.393919 0.919145 0.000000
vn -0.049938 -0.998752 -0.000000
vn 0.000000 0.000000 -1.000000
vn 0.000000 -0.000000 1.000000
vn 0.000000 1.000000 0.000000
vn -1.000000 0.000000 -0.000000
vn 0.000000 -1.000000 -0.000000
vn 1.000000 0.000000 -0.000000
vn 0.000000 0.000000 -1.000000
vn 0.000000 -0.000000 1.000000
vn 0.274721 0.961524 0.000000
vn -0.961524 0.274721 0.000000
vn -0.274721 -0.961524 -0.000000
vn 0.961524 -0.274721 -0.000000
f 41//1 43//1 42//1
f 41//2 44//2 43//2
f 40//3 44//3 41//3
f 40//4 45//4 44//4
f 39//5 45//5 40//5
f 39//6 46//6 45//6
f 38//7 46//7 39//7
f 38//8 47//8 46//8
f 37//9 47//9 38//9
f 37//10 48//10 47//10
f 36//11 48//11 37//11
f 36//12 49//12 48//12
f 35//13 49//13 36//13
f 35//14 50//14 49//14
f 34//15 50//15 35//15
f 34//16 51//16 50//16
f 33//17 12//17 34//17
f 12//18 51//18 34//18
f 12//19 11//19 51//19
f 11//20 52//20 51//20
f 11//21 53//21 52//21
f 11//22 54//22 53//22
f 11//23 10//23 54//23
f 10//24 55//24 54//24
f 9//25 55//25 10//25
f 33//26 13//26 12//26
f 8//27 55//27 9//27
f 33//28 14//28 13//28
f 7//29 55//29 8//29
f 7//30 56//30 55//30
f 33//31 15//31 14//31
f 6//32 56//32 7//32
f 33//33 16//33 15//33
f 5//34 56//34 6//34
f 5//35 57//35 56//35
f 32//36 16//36 33//36
f 32//37 17//37 16//37
f 31//38 17//38 32//38
f 31//39 18//39 17//39
f 30//40 18//40 31//40
f 30//41 19//41 18//41
f 29//42 19//42 30//42
f 29//43 20//43 19//43
f 28//44 20//44 29//44
f 28//45 21//45 20//45
f 27//46 21//46 28//46
f 27//47 22//47 21//47
f 26//48 22//48 27//48
f 26//49 23//49 22//49
f 25//50 23//50 26//50
f 25//51 24//51 23//51
f 4//52 57//52 5//52
f 4//53 58//53 57//53
f 3//54 58//54 4//54
f 3//55 59//55 58//55
f 2//56 59//56 3//56
f 2//57 60//57 59//57
f 1//58 60//58 2//58
f 1//59 61//59 60//59
f 102//60 103//60 104//60
f 102//61 104//61 105//61
f 101//62 102//62 105//62
f 101//63 105//63 106//63
f 100//64 101//64 106//64
f 100//65 106//65 107//65
f 99//66 100//66 107//66
f 99//67 107//67 108//67
f 98//68 99//68 108//68
f 98//69 108//69 109//69
f 97//70 98//70 109//70
f 97//71 109//71 110//71
f 96//72 97//72 110//72
f 96//73 110//73 111//73
f 95//74 96//74 111//74
f 95//75 111//75 112//75
f 94//76 95//76 73//76
f 73//77 95//77 112//77
f 73//78 112//78 72//78
f 72//79 112//79 113//79
f 72//80 113//80 114//80
f 72//81 114//81 115//81
f 72//82 115//82 71//82
f 71//83 115//83 116//83
f 70//84 71//84 116//84
f 94//85 73//85 74//85
f 69//86 70//86 116//86
f 94//87 74//87 75//87
f 68//88 69//88 116//88
f 68//89 116//89 117//89
f 94//90 75//90 76//90
f 67//91 68//91 117//91
f 94//92 76//92 77//92
f 66//93 67//93 117//93
f 66//94 117//94 118//94
f 93//95 94//95 77//95
f 93//96 77//96 78//96
f 92//97 93//97 78//97
f 92//98 78//98 79//98
f 91//99 92//99 79//99
f 91//100 79//100 80//100
f 90//101 91//101 80//101
f 90//102 80//102 81//102
f 89//103 90//103 81//103
f 89//104 81//104 82//104
f 88//105 89//105 82//105
f 88//106 82//106 83//106
f 87//107 88//107 83//107
f 87//108 83//108 84//108
f 86//109 87//109 84//109
f 86//110 84//110 85//110
f 65//111 66//111 118//111
f 65//112 118//112 119//112
f 64//113 65//113 119//113
f 64//114 119//114 120//114
f 63//115 64//115 120//115
f 63//116 120//116 121//116
f 62//117 63//117 121//117
f 62//118 121//118 122//118
f 126//119 123//119 124//119
f 128//120 125//120 126//120
f 130//121 127//121 128//121
f 132//122 129//122 130//122
f 134//123 131//123 132//123
f 136//124 133//124 134//124
f 138//125 135//125 136//125
f 140//126 137//126 138//126
f 142//127 139//127 140//127
f 144//128 141//128 142//128
f 146//129 143//129 144//129
f 148//130 145//130 146//130
f 150//131 147//131 148//131
f 152//132 149//132 150//132
f 154//133 151//133 152//133
f 156//134 153//134 154//134
f 158//135 155//135 156//135
f 160//136 157//136 158//136
f 162//137 159//137 160//137
f 164//138 161//138 162//138
f 166//139 163//139 164//139
f 168//140 165//140 166//140
f 170//141 167//141 168//141
f 172//142 169//142 170//142
f 174//143 171//143 172//143
f 176//144 173//144 174//144
f 178//145 175//145 176//145
f 180//146 177//146 178//146
f 182//147 179//147 180//147
f 184//148 181//148 182//148
f 186//149 183//149 184//149
f 188//150 185//150 186//150
f 190//151 187//151 188//151
f 192//152 189//152 190//152
f 194//153 191//153 192//153
f 196//154 193//154 194//154
f 198//155 195//155 196//155
f 200//156 197//156 198//156
f 202//157 199//157 200//157
f 204//158 201//158 202//158
f 206//159 203//159 204//159
f 208//160 205//160 206//160
f 210//161 207//161 208//161
f 212//162 209//162 210//162
f 214//163 211//163 212//163
f 216//164 213//164 214//164
f 218//165 215//165 216//165
f 220//166 217//166 218//166
f 222//167 219//167 220//167
f 224//168 221//168 222//168
f 226//169 223//169 224//169
f 228//170 225//170 226//170
f 230//171 227//171 228//171
f 232//172 229//172 230//172
f 234//173 231//173 232//173
f 236//174 233//174 234//174
f 238//175 235//175 236//175
f 240//176 237//176 238//176
f 242//177 239//177 240//177
f 244//178 241//178 242//178
f 124//179 243//179 244//179
f 307//180 245//180 308//180
f 307//181 246//181 245//181
f 306//182 246//182 307//182
f 306//183 247//183 246//183
f 305//184 247//184 306//184
f 305//185 248//185 247//185
f 304//186 248//186 305//186
f 304//187 249//187 248//187
f 303//188 249//188 304//188
f 303//189 250//189 249//189
f 303//190 251//190 250//190
f 302//191 251//191 303//191
f 302//192 252//192 251//192
f 301//193 252//193 302//193
f 301//194 253//194 252//194
f 300//195 253//195 301//195
f 299//196 253//196 300//196
f 299//197 254//197 253//197
f 298//198 254//198 299//198
f 298//199 255//199 254//199
f 297//200 255//200 298//200
f 297//201 256//201 255//201
f 296//202 256//202 297//202
f 296//203 257//203 256//203
f 295//204 257//204 296//204
f 295//205 258//205 257//205
f 294//206 258//206 295//206
f 294//207 259//207 258//207
f 293//208 259//208 294//208
f 293//209 260//209 259//209
f 292//210 260//210 293//210
f 292//211 261//211 260//211
f 291//212 261//212 292//212
f 291//213 262//213 261//213
f 290//214 262//214 291//214
f 289//215 263//215 290//215
f 263//216 262//216 290//216
f 289//217 264//217 263//217
f 288//218 264//218 289//218
f 288//219 265//219 264//219
f 287//220 265//220 288//220
f 287//221 266//221 265//221
f 286//222 266//222 287//222
f 286//223 267//223 266//223
f 285//224 267//224 286//224
f 285//225 268//225 267//225
f 284//226 268//226 285//226
f 284//227 269//227 268//227
f 283//228 269//228 284//228
f 283//229 270//229 269//229
f 282//230 270//230 283//230
f 282//231 271//231 270//231
f 281//232 271//232 282//232
f 281//233 272//233 271//233
f 280//234 272//234 281//234
f 280//235 273//235 272//235
f 279//236 273//236 280//236
f 279//237 274//237 273//237
f 278//238 274//238 279//238
f 278//239 275//239 274//239
f 277//240 275//240 278//240
f 277//241 276//241 275//241
f 375//242 377//242 376//242
f 375//243 378//243 377//243
f 316//244 318//244 317//244
f 316//245 319//245 318//245
f 374//246 378//246 375//246
f 315//247 319//247 316//247
f 315//248 320//248 319//248
f 374//249 379//249 378//249
f 373//250 379//250 374//250
f 314//251 320//251 315//251
f 314//252 321//252 320//252
f 372//253 379//253 373//253
f 313//254 321//254 314//254
f 313//255 322//255 321//255
f 372//256 380//256 379//256
f 371//257 380//257 372//257
f 312//258 322//258 313//258
f 312//259 323//259 322//259
f 371//260 381//260 380//260
f 312//261 324//261 323//261
f 370//262 381//262 371//262
f 311//263 324//263 312//263
f 311//264 325//264 324//264
f 369//265 381//265 370//265
f 310//266 325//266 311//266
f 369//267 382//267 381//267
f 310//268 326//268 325//268
f 368//269 382//269 369//269
f 309//270 326//270 310//270
f 367//271 348//271 368//271
f 348//272 347//272 368//272
f 347//273 346//273 368//273
f 346//274 345//274 368//274
f 345//275 344//275 368//275
f 344//276 343//276 368//276
f 343//277 342//277 368//277
f 342//278 382//278 368//278
f 390//279 326//279 309//279
f 390//280 327//280 326//280
f 341//281 382//281 342//281
f 340//282 382//282 341//282
f 367//283 349//283 348//283
f 367//284 350//284 349//284
f 389//285 327//285 390//285
f 388//286 327//286 389//286
f 340//287 383//287 382//287
f 387//288 327//288 388//288
f 340//289 384//289 383//289
f 386//290 327//290 387//290
f 340//291 385//291 384//291
f 385//292 327//292 386//292
f 340//293 327//293 385//293
f 366//294 350//294 367//294
f 366//295 351//295 350//295
f 340//296 328//296 327//296
f 365//297 351//297 366//297
f 365//298 352//298 351//298
f 340//299 329//299 328//299
f 339//300 329//300 340//300
f 364//301 352//301 365//301
f 364//302 353//302 352//302
f 339//303 330//303 329//303
f 363//304 353//304 364//304
f 363//305 354//305 353//305
f 339//306 331//306 330//306
f 338//307 331//307 339//307
f 362//308 354//308 363//308
f 362//309 355//309 354//309
f 338//310 332//310 331//310
f 337//311 332//311 338//311
f 361//312 355//312 362//312
f 361//313 356//313 355//313
f 337//314 333//314 332//314
f 360//315 356//315 361//315
f 360//316 357//316 356//316
f 337//317 334//317 333//317
f 336//318 334//318 337//318
f 359//319 357//319 360//319
f 359//320 358//320 357//320
f 336//321 335//321 334//321
f 423//322 425//322 424//322
f 423//323 426//323 425//323
f 422//324 426//324 423//324
f 422//325 427//325 426//325
f 421//326 427//326 422//326
f 421//327 428//327 427//327
f 420//328 428//328 421//328
f 420//329 429//329 428//329
f 419//330 456//330 420//330
f 456//331 455//331 420//331
f 455//332 429//332 420//332
f 455//333 454//333 429//333
f 454//334 453//334 429//334
f 453//335 452//335 429//335
f 452//336 451//336 429//336
f 451//337 450//337 429//337
f 450//338 430//338 429//338
f 419//339 457//339 456//339
f 449//340 430//340 450//340
f 419//341 439//341 457//341
f 448//342 430//342 449//342
f 419//343 440//343 439//343
f 447//344 430//344 448//344
f 419//345 441//345 440//345
f 446//346 430//346 447//346
f 419//347 442//347 441//347
f 445//348 430//348 446//348
f 419//349 443//349 442//349
f 444//350 430//350 445//350
f 419//351 403//351 443//351
f 403//352 402//352 443//352
f 402//353 444//353 443//353
f 402//354 401//354 444//354
f 401//355 400//355 444//355
f 400//356 399//356 444//356
f 399//357 398//357 444//357
f 398//358 430//358 444//358
f 419//359 404//359 403//359
f 397//360 430//360 398//360
f 419//361 405//361 404//361
f 396//362 430//362 397//362
f 419//363 406//363 405//363
f 395//364 430//364 396//364
f 418//365 406//365 419//365
f 395//366 431//366 430//366
f 395//367 432//367 431//367
f 395//368 433//368 432//368
f 417//369 406//369 418//369
f 395//370 434//370 433//370
f 417//371 407//371 406//371
f 394//372 434//372 395//372
f 394//373 435//373 434//373
f 416//374 407//374 417//374
f 416//375 408//375 407//375
f 393//376 435//376 394//376
f 415//377 408//377 416//377
f 393//378 436//378 435//378
f 414//379 408//379 415//379
f 414//380 409//380 408//380
f 392//381 436//381 393//381
f 392//382 437//382 436//382
f 413//383 409//383 414//383
f 412//384 409//384 413//384
f 412//385 410//385 409//385
f 391//386 437//386 392//386
f 391//387 438//387 437//387
f 411//388 410//388 412//388
f 474//389 476//389 475//389
f 474//390 477//390 476//390
f 473//391 477//391 474//391
f 472//392 477//392 473//392
f 472//393 478//393 477//393
f 471//394 478//394 472//394
f 470//395 478//395 471//395
f 469//396 478//396 470//396
f 469//397 479//397 478//397
f 468//398 479//398 469//398
f 467//399 479//399 468//399
f 466//400 528//400 467//400
f 528//401 527//401 467//401
f 527//402 526//402 467//402
f 526//403 479//403 467//403
f 526//404 480//404 479//404
f 526//405 481//405 480//405
f 526//406 482//406 481//406
f 526//407 525//407 482//407
f 525//408 483//408 482//408
f 525//409 484//409 483//409
f 525//410 524//410 484//410
f 524//411 523//411 484//411
f 523//412 485//412 484//412
f 522//413 485//413 523//413
f 466//414 529//414 528//414
f 466//415 502//415 529//415
f 521//416 485//416 522//416
f 520//417 485//417 521//417
f 520//418 486//418 485//418
f 519//419 486//419 520//419
f 519//420 487//420 486//420
f 518//421 487//421 519//421
f 517//422 487//422 518//422
f 517//423 488//423 487//423
f 516//424 488//424 517//424
f 516//425 489//425 488//425
f 515//426 489//426 516//426
f 514//427 489//427 515//427
f 514//428 490//428 489//428
f 513//429 490//429 514//429
f 513//430 491//430 490//430
f 512//431 491//431 513//431
f 511//432 491//432 512//432
f 511//433 492//433 491//433
f 510//434 492//434 511//434
f 510//435 493//435 492//435
f 509//436 493//436 510//436
f 508//437 493//437 509//437
f 466//438 503//438 502//438
f 466//439 504//439 503//439
f 507//440 493//440 508//440
f 466//441 505//441 504//441
f 466//442 506//442 505//442
f 466//443 507//443 506//443
f 466//444 493//444 507//444
f 466//445 494//445 493//445
f 466//446 495//446 494//446
f 466//447 496//447 495//447
f 466//448 497//448 496//448
f 466//449 498//449 497//449
f 466//450 499//450 498//450
f 465//451 499//451 466//451
f 464//452 499//452 465//452
f 463//453 499//453 464//453
f 463//454 500//454 499//454
f 462//455 500//455 463//455
f 461//456 500//456 462//456
f 460//457 500//457 461//457
f 460//458 501//458 500//458
f 459//459 501//459 460//459
f 458//460 501//460 459//460
f 596//461 598//461 597//461
f 596//462 599//462 598//462
f 537//463 539//463 538//463
f 537//464 540//464 539//464
f 595//465 599//465 596//465
f 536//466 540//466 537//466
f 536//467 541//467 540//467
f 595//468 600//468 599//468
f 594//469 600//469 595//469
f 535//470 541//470 536//470
f 535//471 542//471 541//471
f 593//472 600//472 594//472
f 534//473 542//473 535//473
f 534//474 543//474 542//474
f 593//475 601//475 600//475
f 592//476 601//476 593//476
f 533//477 543//477 534//477
f 533//478 544//478 543//478
f 592//479 602//479 601//479
f 533//480 545//480 544//480
f 591//481 602//481 592//481
f 532//482 545//482 533//482
f 532//483 546//483 545//483
f 590//484 602//484 591//484
f 531//485 546//485 532//485
f 590//486 603//486 602//486
f 531//487 547//487 546//487
f 589//488 603//488 590//488
f 530//489 547//489 531//489
f 588//490 569//490 589//490
f 569//491 568//491 589//491
f 568//492 567//492 589//492
f 567//493 566//493 589//493
f 566//494 565//494 589//494
f 565//495 564//495 589//495
f 564//496 563//496 589//496
f 563//497 603//497 589//497
f 611//498 547//498 530//498
f 611//499 548//499 547//499
f 562//500 603//500 563//500
f 561//501 603//501 562//501
f 588//502 570//502 569//502
f 588//503 571//503 570//503
f 610//504 548//504 611//504
f 609//505 548//505 610//505
f 561//506 604//506 603//506
f 608//507 548//507 609//507
f 561//508 605//508 604//508
f 607//509 548//509 608//509
f 561//510 606//510 605//510
f 606//511 548//511 607//511
f 561//512 548//512 606//512
f 587//513 571//513 588//513
f 587//514 572//514 571//514
f 561//515 549//515 548//515
f 586//516 572//516 587//516
f 586//517 573//517 572//517
f 561//518 550//518 549//518
f 560//519 550//519 561//519
f 585//520 573//520 586//520
f 585//521 574//521 573//521
f 560//522 551//522 550//522
f 584//523 574//523 585//523
f 584//524 575//524 574//524
f 560//525 552//525 551//525
f 559//526 552//526 560//526
f 583//527 575//527 584//527
f 583//528 576//528 575//528
f 559//529 553//529 552//529
f 558//530 553//530 559//530
f 582//531 576//531 583//531
f 582//532 577//532 576//532
f 558//533 554//533 553//533
f 581//534 577//534 582//534
f 581//535 578//535 577//535
f 558//536 555//536 554//536
f 557//537 555//537 558//537
f 580//538 578//538 581//538
f 580//539 579//539 578//539
f 557//540 556//540 555//540
f 644//541 646//541 645//541
f 644//542 647//542 646//542
f 643//543 647//543 644//543
f 643//544 648//544 647//544
f 642//545 648//545 643//545
f 642//546 649//546 648//546
f 641//547 649//547 642//547
f 641//548 650//548 649//548
f 640//549 677//549 641//549
f 677//550 676//550 641//550
f 676//551 650//551 641//551
f 676//552 675//552 650//552
f 675//553 674//553 650//553
f 674//554 673//554 650//554
f 673//555 672//555 650//555
f 672//556 671//556 650//556
f 671//557 651//557 650//557
f 640//558 678//558 677//558
f 670//559 651//559 671//559
f 640//560 660//560 678//560
f 669//561 651//561 670//561
f 640//562 661//562 660//562
f 668//563 651//563 669//563
f 640//564 662//564 661//564
f 667//565 651//565 668//565
f 640//566 663//566 662//566
f 666//567 651//567 667//567
f 640//568 664//568 663//568
f 665//569 651//569 666//569
f 640//570 624//570 664//570
f 624//571 623//571 664//571
f 623//572 665//572 664//572
f 623//573 622//573 665//573
f 622//574 621//574 665//574
f 621//575 620//575 665//575
f 620//576 619//576 665//576
f 619//577 651//577 665//577
f 640//578 625//578 624//578
f 618//579 651//579 619//579
f 640//580 626//580 625//580
f 617//581 651//581 618//581
f 640//582 627//582 626//582
f 616//583 651//583 617//583
f 639//584 627//584 640//584
f 616//585 652//585 651//585
f 616//586 653//586 652//586
f 616//587 654//587 653//587
f 638//588 627//588 639//588
f 616//589 655//589 654//589
f 638//590 628//590 627//590
f 615//591 655//591 616//591
f 615//592 656//592 655//592
f 637//593 628//593 638//593
f 637//594 629//594 628//594
f 614//595 656//595 615//595
f 636//596 629//596 637//596
f 614//597 657//597 656//597
f 635//598 629//598 636//598
f 635//599 630//599 629//599
f 613//600 657//600 614//600
f 613//601 658//601 657//601
f 634//602 630//602 635//602
f 633//603 630//603 634//603
f 633//604 631//604 630//604
f 612//605 658//605 613//605
f 612//606 659//606 658//606
f 632//607 631//607 633//607
f 764//608 766//608 765//608
f 764//609 767//609 766//609
f 682//610 684//610 683//610
f 682//611 685//611 684//611
f 763//612 767//612 764//612
f 682//613 686//613 685//613
f 763//614 768//614 767//614
f 681//615 686//615 682//615
f 762//616 768//616 763//616
f 681//617 687//617 686//617
f 761//618 768//618 762//618
f 681//619 688//619 687//619
f 761//620 769//620 768//620
f 680//621 688//621 681//621
f 760//622 769//622 761//622
f 680//623 689//623 688//623
f 760//624 770//624 769//624
f 679//625 689//625 680//625
f 679//626 690//626 689//626
f 759//627 770//627 760//627
f 679//628 691//628 690//628
f 758//629 770//629 759//629
f 758//630 771//630 770//630
f 779//631 691//631 679//631
f 779//632 692//632 691//632
f 757//633 771//633 758//633
f 756//634 737//634 757//634
f 737//635 736//635 757//635
f 736//636 735//636 757//636
f 735//637 734//637 757//637
f 734//638 733//638 757//638
f 733//639 732//639 757//639
f 732//640 771//640 757//640
f 779//641 717//641 692//641
f 717//642 716//642 692//642
f 716//643 715//643 692//643
f 715//644 714//644 692//644
f 714//645 713//645 692//645
f 713//646 712//646 692//646
f 712//647 693//647 692//647
f 779//648 718//648 717//648
f 779//649 719//649 718//649
f 731//650 771//650 732//650
f 730//651 771//651 731//651
f 779//652 720//652 719//652
f 711//653 693//653 712//653
f 729//654 771//654 730//654
f 756//655 738//655 737//655
f 710//656 693//656 711//656
f 756//657 739//657 738//657
f 729//658 772//658 771//658
f 778//659 720//659 779//659
f 777//660 720//660 778//660
f 729//661 773//661 772//661
f 776//662 720//662 777//662
f 729//663 774//663 773//663
f 775//664 720//664 776//664
f 729//665 775//665 774//665
f 729//666 720//666 775//666
f 728//667 720//667 729//667
f 728//668 721//668 720//668
f 727//669 721//669 728//669
f 727//670 722//670 721//670
f 726//671 722//671 727//671
f 726//672 723//672 722//672
f 725//673 723//673 726//673
f 725//674 724//674 723//674
f 755//675 739//675 756//675
f 755//676 740//676 739//676
f 709//677 693//677 710//677
f 709//678 694//678 693//678
f 754//679 740//679 755//679
f 708//680 694//680 709//680
f 754//681 741//681 740//681
f 708//682 695//682 694//682
f 753//683 741//683 754//683
f 707//684 695//684 708//684
f 753//685 742//685 741//685
f 707//686 696//686 695//686
f 752//687 742//687 753//687
f 706//688 696//688 707//688
f 752//689 743//689 742//689
f 706//690 697//690 696//690
f 751//691 743//691 752//691
f 751//692 744//692 743//692
f 705//693 697//693 706//693
f 705//694 698//694 697//694
f 750//695 744//695 751//695
f 750//696 745//696 744//696
f 704//697 698//697 705//697
f 704//698 699//698 698//698
f 749//699 745//699 750//699
f 703//700 699//700 704//700
f 749//701 746//701 745//701
f 703//702 700//702 699//702
f 748//703 746//703 749//703
f 702//704 700//704 703//704
f 748//705 747//705 746//705
f 702//706 701//706 700//706
f 865//707 867//707 866//707
f 865//708 868//708 867//708
f 783//709 785//709 784//709
f 783//710 786//710 785//710
f 864//711 868//711 865//711
f 783//712 787//712 786//712
f 864//713 869//713 868//713
f 782//714 787//714 783//714
f 863//715 869//715 864//715
f 782//716 788//716 787//716
f 862//717 869//717 863//717
f 782//718 789//718 788//718
f 862//719 870//719 869//719
f 781//720 789//720 782//720
f 861//721 870//721 862//721
f 781//722 790//722 789//722
f 861//723 871//723 870//723
f 780//724 790//724 781//724
f 780//725 791//725 790//725
f 860//726 871//726 861//726
f 780//727 792//727 791//727
f 859//728 871//728 860//728
f 859//729 872//729 871//729
f 880//730 792//730 780//730
f 880//731 793//731 792//731
f 858//732 872//732 859//732
f 857//733 838//733 858//733
f 838//734 837//734 858//734
f 837//735 836//735 858//735
f 836//736 835//736 858//736
f 835//737 834//737 858//737
f 834//738 833//738 858//738
f 833//739 872//739 858//739
f 880//740 818//740 793//740
f 818//741 817//741 793//741
f 817//742 816//742 793//742
f 816//743 815//743 793//743
f 815//744 814//744 793//744
f 814//745 813//745 793//745
f 813//746 794//746 793//746
f 880//747 819//747 818//747
f 880//748 820//748 819//748
f 832//749 872//749 833//749
f 831//750 872//750 832//750
f 880//751 821//751 820//751
f 812//752 794//752 813//752
f 830//753 872//753 831//753
f 857//754 839//754 838//754
f 811//755 794//755 812//755
f 857//756 840//756 839//756
f 830//757 873//757 872//757
f 879//758 821//758 880//758
f 878//759 821//759 879//759
f 830//760 874//760 873//760
f 877//761 821//761 878//761
f 830//762 875//762 874//762
f 876//763 821//763 877//763
f 830//764 876//764 875//764
f 830//765 821//765 876//765
f 829//766 821//766 830//766
f 829//767 822//767 821//767
f 828//768 822//768 829//768
f 828//769 823//769 822//769
f 827//770 823//770 828//770
f 827//771 824//771 823//771
f 826//772 824//772 827//772
f 826//773 825//773 824//773
f 856//774 840//774 857//774
f 856//775 841//775 840//775
f 810//776 794//776 811//776
f 810//777 795//777 794//777
f 855//778 841//778 856//778
f 809//779 795//779 810//779
f 855//780 842//780 841//780
f 809//781 796//781 795//781
f 854//782 842//782 855//782
f 808//783 796//783 809//783
f 854//784 843//784 842//784
f 808//785 797//785 796//785
f 853//786 843//786 854//786
f 807//787 797//787 808//787
f 853//788 844//788 843//788
f 807//789 798//789 797//789
f 852//790 844//790 853//790
f 852//791 845//791 844//791
f 806//792 798//792 807//792
f 806//793 799//793 798//793
f 851//794 845//794 852//794
f 851//795 846//795 845//795
f 805//796 799//796 806//796
f 805//797 800//797 799//797
f 850//798 846//798 851//798
f 804//799 800//799 805//799
f 850//800 847//800 846//800
f 804//801 801//801 800//801
f 849//802 847//802 850//802
f 803//803 801//803 804//803
f 849//804 848//804 847//804
f 803//805 802//805 801//805
f 905//806 907//806 906//806
f 904//807 907//807 905//807
f 904//808 908//808 907//808
f 903//809 908//809 904//809
f 903//810 909//810 908//810
f 902//811 909//811 903//811
f 902//812 910//812 909//812
f 901//813 910//813 902//813
f 901//814 911//814 910//814
f 900//815 911//815 901//815
f 900//816 912//816 911//816
f 899//817 912//817 900//817
f 899//818 913//818 912//818
f 898//819 948//819 899//819
f 948//820 913//820 899//820
f 948//821 914//821 913//821
f 898//822 949//822 948//822
f 947//823 914//823 948//823
f 898//824 950//824 949//824
f 946//825 914//825 947//825
f 898//826 951//826 950//826
f 945//827 914//827 946//827
f 897//828 951//828 898//828
f 945//829 915//829 914//829
f 897//830 952//830 951//830
f 944//831 915//831 945//831
f 897//832 953//832 952//832
f 943//833 915//833 944//833
f 896//834 953//834 897//834
f 943//835 916//835 915//835
f 896//836 954//836 953//836
f 942//837 916//837 943//837
f 895//838 954//838 896//838
f 942//839 917//839 916//839
f 895//840 955//840 954//840
f 941//841 917//841 942//841
f 894//842 955//842 895//842
f 941//843 918//843 917//843
f 894//844 956//844 955//844
f 940//845 918//845 941//845
f 894//846 957//846 956//846
f 939//847 918//847 940//847
f 893//848 957//848 894//848
f 939//849 919//849 918//849
f 892//850 957//850 893//850
f 939//851 920//851 919//851
f 892//852 958//852 957//852
f 938//853 920//853 939//853
f 892//854 959//854 958//854
f 937//855 920//855 938//855
f 891//856 959//856 892//856
f 937//857 921//857 920//857
f 891//858 960//858 959//858
f 936//859 921//859 937//859
f 890//860 960//860 891//860
f 936//861 922//861 921//861
f 890//862 961//862 960//862
f 935//863 922//863 936//863
f 889//864 961//864 890//864
f 935//865 923//865 922//865
f 889//866 962//866 961//866
f 934//867 923//867 935//867
f 889//868 963//868 962//868
f 933//869 923//869 934//869
f 888//870 963//870 889//870
f 933//871 924//871 923//871
f 888//872 964//872 963//872
f 932//873 924//873 933//873
f 888//874 931//874 964//874
f 931//875 924//875 932//875
f 888//876 924//876 931//876
f 887//877 924//877 888//877
f 887//878 925//878 924//878
f 886//879 925//879 887//879
f 886//880 926//880 925//880
f 886//881 927//881 926//881
f 885//882 927//882 886//882
f 884//883 927//883 885//883
f 884//884 928//884 927//884
f 884//885 929//885 928//885
f 883//886 929//886 884//886
f 883//887 930//887 929//887
f 882//888 930//888 883//888
f 882//889 881//889 930//889
f 989//890 991//890 990//890
f 989//891 992//891 991//891
f 988//892 992//892 989//892
f 988//893 993//893 992//893
f 987//894 993//894 988//894
f 987//895 994//895 993//895
f 986//896 994//896 987//896
f 986//897 995//897 994//897
f 985//898 995//898 986//898
f 985//899 996//899 995//899
f 984//900 996//900 985//900
f 984//901 997//901 996//901
f 983//902 997//902 984//902
f 983//903 998//903 997//903
f 982//904 1023//904 983//904
f 1023//905 998//905 983//905
f 982//906 1024//906 1023//906
f 1022//907 998//907 1023//907
f 982//908 1025//908 1024//908
f 1021//909 998//909 1022//909
f 1021//910 999//910 998//910
f 982//911 1026//911 1025//911
f 1020//912 999//912 1021//912
f 981//913 1026//913 982//913
f 981//914 1027//914 1026//914
f 1019//915 999//915 1020//915
f 1019//916 1000//916 999//916
f 981//917 1028//917 1027//917
f 1018//918 1000//918 1019//918
f 980//919 1028//919 981//919
f 980//920 1029//920 1028//920
f 1017//921 1000//921 1018//921
f 1017//922 1001//922 1000//922
f 979//923 1029//923 980//923
f 979//924 1030//924 1029//924
f 1016//925 1001//925 1017//925
f 1016//926 1002//926 1001//926
f 978//927 1030//927 979//927
f 978//928 1031//928 1030//928
f 1015//929 1002//929 1016//929
f 1015//930 1003//930 1002//930
f 1015//931 1004//931 1003//931
f 1015//932 1005//932 1004//932
f 978//933 1032//933 1031//933
f 1014//934 1005//934 1015//934
f 1014//935 1006//935 1005//935
f 1014//936 1007//936 1006//936
f 977//937 1032//937 978//937
f 1014//938 1008//938 1007//938
f 1013//939 1008//939 1014//939
f 1013//940 1009//940 1008//940
f 1013//941 1010//941 1009//941
f 1013//942 1011//942 1010//942
f 1012//943 1011//943 1013//943
f 1051//944 1053//944 1052//944
f 1050//945 1053//945 1051//945
f 1049//946 1053//946 1050//946
f 1049//947 1054//947 1053//947
f 1049//948 1055//948 1054//948
f 1049//949 1056//949 1055//949
f 1049//950 1057//950 1056//950
f 976//951 1032//951 977//951
f 1048//952 1057//952 1049//952
f 1048//953 1058//953 1057//953
f 1048//954 1059//954 1058//954
f 1048//955 1060//955 1059//955
f 976//956 1033//956 1032//956
f 1047//957 1060//957 1048//957
f 1047//958 1061//958 1060//958
f 1047//959 1062//959 1061//959
f 976//960 1034//960 1033//960
f 1046//961 1062//961 1047//961
f 975//962 1034//962 976//962
f 1046//963 1063//963 1062//963
f 975//964 1035//964 1034//964
f 1045//965 1063//965 1046//965
f 974//966 1035//966 975//966
f 1045//967 1064//967 1063//967
f 974//968 1036//968 1035//968
f 1044//969 1064//969 1045//969
f 973//970 1036//970 974//970
f 973//971 1037//971 1036//971
f 1043//972 1064//972 1044//972
f 1043//973 1065//973 1064//973
f 973//974 1038//974 1037//974
f 1042//975 1065//975 1043//975
f 972//976 1038//976 973//976
f 972//977 1039//977 1038//977
f 1041//978 1065//978 1042//978
f 1041//979 1066//979 1065//979
f 972//980 1040//980 1039//980
f 1040//981 1066//981 1041//981
f 972//982 1066//982 1040//982
f 971//983 1066//983 972//983
f 971//984 1067//984 1066//984
f 970//985 1067//985 971//985
f 970//986 1068//986 1067//986
f 969//987 1068//987 970//987
f 969//988 1069//988 1068//988
f 968//989 1069//989 969//989
f 968//990 1070//990 1069//990
f 967//991 1070//991 968//991
f 967//992 1071//992 1070//992
f 966//993 1071//993 967//993
f 966//994 1072//994 1071//994
f 965//995 1072//995 966//995
f 1135//996 1136//996 1073//996
f 1135//997 1073//997 1074//997
f 1134//998 1135//998 1074//998
f 1134//999 1074//999 1075//999
f 1133//1000 1134//1000 1075//1000
f 1133//1001 1075//1001 1076//1001
f 1132//1002 1133//1002 1076//1002
f 1132//1003 1076//1003 1077//1003
f 1131//1004 1132//1004 1077//1004
f 1131//1005 1077//1005 1078//1005
f 1131//1006 1078//1006 1079//1006
f 1130//1007 1131//1007 1079//1007
f 1130//1008 1079//1008 1080//1008
f 1129//1009 1130//1009 1080//1009
f 1129//1010 1080//1010 1081//1010
f 1128//1011 1129//1011 1081//1011
f 1127//1012 1128//1012 1081//1012
f 1127//1013 1081//1013 1082//1013
f 1126//1014 1127//1014 1082//1014
f 1126//1015 1082//1015 1083//1015
f 1125//1016 1126//1016 1083//1016
f 1125//1017 1083//1017 1084//1017
f 1124//1018 1125//1018 1084//1018
f 1124//1019 1084//1019 1085//1019
f 1123//1020 1124//1020 1085//1020
f 1123//1021 1085//1021 1086//1021
f 1122//1022 1123//1022 1086//1022
f 1122//1023 1086//1023 1087//1023
f 1121//1024 1122//1024 1087//1024
f 1121//1025 1087//1025 1088//1025
f 1120//1026 1121//1026 1088//1026
f 1120//1027 1088//1027 1089//1027
f 1119//1028 1120//1028 1089//1028
f 1119//1029 1089//1029 1090//1029
f 1118//1030 1119//1030 1090//1030
f 1117//1031 1118//1031 1091//1031
f 1091//1032 1118//1032 1090//1032
f 1117//1033 1091//1033 1092//1033
f 1116//1034 1117//1034 1092//1034
f 1116//1035 1092//1035 1093//1035
f 1115//1036 1116//1036 1093//1036
f 1115//1037 1093//1037 1094//1037
f 1114//1038 1115//1038 1094//1038
f 1114//1039 1094//1039 1095//1039
f 1113//1040 1114//1040 1095//1040
f 1113//1041 1095//1041 1096//1041
f 1112//1042 1113//1042 1096//1042
f 1112//1043 1096//1043 1097//1043
f 1111//1044 1112//1044 1097//1044
f 1111//1045 1097//1045 1098//1045
f 1110//1046 1111//1046 1098//1046
f 1110//1047 1098//1047 1099//1047
f 1109//1048 1110//1048 1099//1048
f 1109//1049 1099//1049 1100//1049
f 1108//1050 1109//1050 1100//1050
f 1108//1051 1100//1051 1101//1051
f 1107//1052 1108//1052 1101//1052
f 1107//1053 1101//1053 1102//1053
f 1106//1054 1107//1054 1102//1054
f 1106//1055 1102//1055 1103//1055
f 1105//1056 1106//1056 1103//1056
f 1105//1057 1103//1057 1104//1057
f 1203//1058 1204//1058 1205//1058
f 1203//1059 1205//1059 1206//1059
f 1144//1060 1145//1060 1146//1060
f 1144//1061 1146//1061 1147//1061
f 1202//1062 1203//1062 1206//1062
f 1143//1063 1144//1063 1147//1063
f 1143//1064 1147//1064 1148//1064
f 1202//1065 1206//1065 1207//1065
f 1201//1066 1202//1066 1207//1066
f 1142//1067 1143//1067 1148//1067
f 1142//1068 1148//1068 1149//1068
f 1200//1069 1201//1069 1207//1069
f 1141//1070 1142//1070 1149//1070
f 1141//1071 1149//1071 1150//1071
f 1200//1072 1207//1072 1208//1072
f 1199//1073 1200//1073 1208//1073
f 1140//1074 1141//1074 1150//1074
f 1140//1075 1150//1075 1151//1075
f 1199//1076 1208//1076 1209//1076
f 1140//1077 1151//1077 1152//1077
f 1198//1078 1199//1078 1209//1078
f 1139//1079 1140//1079 1152//1079
f 1139//1080 1152//1080 1153//1080
f 1197//1081 1198//1081 1209//1081
f 1138//1082 1139//1082 1153//1082
f 1197//1083 1209//1083 1210//1083
f 1138//1084 1153//1084 1154//1084
f 1196//1085 1197//1085 1210//1085
f 1137//1086 1138//1086 1154//1086
f 1195//1087 1196//1087 1176//1087
f 1176//1088 1196//1088 1175//1088
f 1175//1089 1196//1089 1174//1089
f 1174//1090 1196//1090 1173//1090
f 1173//1091 1196//1091 1172//1091
f 1172//1092 1196//1092 1171//1092
f 1171//1093 1196//1093 1170//1093
f 1170//1094 1196//1094 1210//1094
f 1218//1095 1137//1095 1154//1095
f 1218//1096 1154//1096 1155//1096
f 1169//1097 1170//1097 1210//1097
f 1168//1098 1169//1098 1210//1098
f 1195//1099 1176//1099 1177//1099
f 1195//1100 1177//1100 1178//1100
f 1217//1101 1218//1101 1155//1101
f 1216//1102 1217//1102 1155//1102
f 1168//1103 1210//1103 1211//1103
f 1215//1104 1216//1104 1155//1104
f 1168//1105 1211//1105 1212//1105
f 1214//1106 1215//1106 1155//1106
f 1168//1107 1212//1107 1213//1107
f 1213//1108 1214//1108 1155//1108
f 1168//1109 1213//1109 1155//1109
f 1194//1110 1195//1110 1178//1110
f 1194//1111 1178//1111 1179//1111
f 1168//1112 1155//1112 1156//1112
f 1193//1113 1194//1113 1179//1113
f 1193//1114 1179//1114 1180//1114
f 1168//1115 1156//1115 1157//1115
f 1167//1116 1168//1116 1157//1116
f 1192//1117 1193//1117 1180//1117
f 1192//1118 1180//1118 1181//1118
f 1167//1119 1157//1119 1158//1119
f 1191//1120 1192//1120 1181//1120
f 1191//1121 1181//1121 1182//1121
f 1167//1122 1158//1122 1159//1122
f 1166//1123 1167//1123 1159//1123
f 1190//1124 1191//1124 1182//1124
f 1190//1125 1182//1125 1183//1125
f 1166//1126 1159//1126 1160//1126
f 1165//1127 1166//1127 1160//1127
f 1189//1128 1190//1128 1183//1128
f 1189//1129 1183//1129 1184//1129
f 1165//1130 1160//1130 1161//1130
f 1188//1131 1189//1131 1184//1131
f 1188//1132 1184//1132 1185//1132
f 1165//1133 1161//1133 1162//1133
f 1164//1134 1165//1134 1162//1134
f 1187//1135 1188//1135 1185//1135
f 1187//1136 1185//1136 1186//1136
f 1164//1137 1162//1137 1163//1137
f 1251//1138 1252//1138 1253//1138
f 1251//1139 1253//1139 1254//1139
f 1250//1140 1251//1140 1254//1140
f 1250//1141 1254//1141 1255//1141
f 1249//1142 1250//1142 1255//1142
f 1249//1143 1255//1143 1256//1143
f 1248//1144 1249//1144 1256//1144
f 1248//1145 1256//1145 1257//1145
f 1247//1146 1248//1146 1284//1146
f 1284//1147 1248//1147 1283//1147
f 1283//1148 1248//1148 1257//1148
f 1283//1149 1257//1149 1282//1149
f 1282//1150 1257//1150 1281//1150
f 1281//1151 1257//1151 1280//1151
f 1280//1152 1257//1152 1279//1152
f 1279//1153 1257//1153 1278//1153
f 1278//1154 1257//1154 1258//1154
f 1247//1155 1284//1155 1285//1155
f 1277//1156 1278//1156 1258//1156
f 1247//1157 1285//1157 1267//1157
f 1276//1158 1277//1158 1258//1158
f 1247//1159 1267//1159 1268//1159
f 1275//1160 1276//1160 1258//1160
f 1247//1161 1268//1161 1269//1161
f 1274//1162 1275//1162 1258//1162
f 1247//1163 1269//1163 1270//1163
f 1273//1164 1274//1164 1258//1164
f 1247//1165 1270//1165 1271//1165
f 1272//1166 1273//1166 1258//1166
f 1247//1167 1271//1167 1231//1167
f 1231//1168 1271//1168 1230//1168
f 1230//1169 1271//1169 1272//1169
f 1230//1170 1272//1170 1229//1170
f 1229//1171 1272//1171 1228//1171
f 1228//1172 1272//1172 1227//1172
f 1227//1173 1272//1173 1226//1173
f 1226//1174 1272//1174 1258//1174
f 1247//1175 1231//1175 1232//1175
f 1225//1176 1226//1176 1258//1176
f 1247//1177 1232//1177 1233//1177
f 1224//1178 1225//1178 1258//1178
f 1247//1179 1233//1179 1234//1179
f 1223//1180 1224//1180 1258//1180
f 1246//1181 1247//1181 1234//1181
f 1223//1182 1258//1182 1259//1182
f 1223//1183 1259//1183 1260//1183
f 1223//1184 1260//1184 1261//1184
f 1245//1185 1246//1185 1234//1185
f 1223//1186 1261//1186 1262//1186
f 1245//1187 1234//1187 1235//1187
f 1222//1188 1223//1188 1262//1188
f 1222//1189 1262//1189 1263//1189
f 1244//1190 1245//1190 1235//1190
f 1244//1191 1235//1191 1236//1191
f 1221//1192 1222//1192 1263//1192
f 1243//1193 1244//1193 1236//1193
f 1221//1194 1263//1194 1264//1194
f 1242//1195 1243//1195 1236//1195
f 1242//1196 1236//1196 1237//1196
f 1220//1197 1221//1197 1264//1197
f 1220//1198 1264//1198 1265//1198
f 1241//1199 1242//1199 1237//1199
f 1240//1200 1241//1200 1237//1200
f 1240//1201 1237//1201 1238//1201
f 1219//1202 1220//1202 1265//1202
f 1219//1203 1265//1203 1266//1203
f 1239//1204 1240//1204 1238//1204
f 1302//1205 1303//1205 1304//1205
f 1302//1206 1304//1206 1305//1206
f 1301//1207 1302//1207 1305//1207
f 1300//1208 1301//1208 1305//1208
f 1300//1209 1305//1209 1306//1209
f 1299//1210 1300//1210 1306//1210
f 1298//1211 1299//1211 1306//1211
f 1297//1212 1298//1212 1306//1212
f 1297//1213 1306//1213 1307//1213
f 1296//1214 1297//1214 1307//1214
f 1295//1215 1296//1215 1307//1215
f 1294//1216 1295//1216 1356//1216
f 1356//1217 1295//1217 1355//1217
f 1355//1218 1295//1218 1354//1218
f 1354//1219 1295//1219 1307//1219
f 1354//1220 1307//1220 1308//1220
f 1354//1221 1308//1221 1309//1221
f 1354//1222 1309//1222 1310//1222
f 1354//1223 1310//1223 1353//1223
f 1353//1224 1310//1224 1311//1224
f 1353//1225 1311//1225 1312//1225
f 1353//1226 1312//1226 1352//1226
f 1352//1227 1312//1227 1351//1227
f 1351//1228 1312//1228 1313//1228
f 1350//1229 1351//1229 1313//1229
f 1294//1230 1356//1230 1357//1230
f 1294//1231 1357//1231 1330//1231
f 1349//1232 1350//1232 1313//1232
f 1348//1233 1349//1233 1313//1233
f 1348//1234 1313//1234 1314//1234
f 1347//1235 1348//1235 1314//1235
f 1347//1236 1314//1236 1315//1236
f 1346//1237 1347//1237 1315//1237
f 1345//1238 1346//1238 1315//1238
f 1345//1239 1315//1239 1316//1239
f 1344//1240 1345//1240 1316//1240
f 1344//1241 1316//1241 1317//1241
f 1343//1242 1344//1242 1317//1242
f 1342//1243 1343//1243 1317//1243
f 1342//1244 1317//1244 1318//1244
f 1341//1245 1342//1245 1318//1245
f 1341//1246 1318//1246 1319//1246
f 1340//1247 1341//1247 1319//1247
f 1339//1248 1340//1248 1319//1248
f 1339//1249 1319//1249 1320//1249
f 1338//1250 1339//1250 1320//1250
f 1338//1251 1320//1251 1321//1251
f 1337//1252 1338//1252 1321//1252
f 1336//1253 1337//1253 1321//1253
f 1294//1254 1330//1254 1331//1254
f 1294//1255 1331//1255 1332//1255
f 1335//1256 1336//1256 1321//1256
f 1294//1257 1332//1257 1333//1257
f 1294//1258 1333//1258 1334//1258
f 1294//1259 1334//1259 1335//1259
f 1294//1260 1335//1260 1321//1260
f 1294//1261 1321//1261 1322//1261
f 1294//1262 1322//1262 1323//1262
f 1294//1263 1323//1263 1324//1263
f 1294//1264 1324//1264 1325//1264
f 1294//1265 1325//1265 1326//1265
f 1294//1266 1326//1266 1327//1266
f 1293//1267 1294//1267 1327//1267
f 1292//1268 1293//1268 1327//1268
f 1291//1269 1292//1269 1327//1269
f 1291//1270 1327//1270 1328//1270
f 1290//1271 1291//1271 1328//1271
f 1289//1272 1290//1272 1328//1272
f 1288//1273 1289//1273 1328//1273
f 1288//1274 1328//1274 1329//1274
f 1287//1275 1288//1275 1329//1275
f 1286//1276 1287//1276 1329//1276
f 1424//1277 1425//1277 1426//1277
f 1424//1278 1426//1278 1427//1278
f 1365//1279 1366//1279 1367//1279
f 1365//1280 1367//1280 1368//1280
f 1423//1281 1424//1281 1427//1281
f 1364//1282 1365//1282 1368//1282
f 1364//1283 1368//1283 1369//1283
f 1423//1284 1427//1284 1428//1284
f 1422//1285 1423//1285 1428//1285
f 1363//1286 1364//1286 1369//1286
f 1363//1287 1369//1287 1370//1287
f 1421//1288 1422//1288 1428//1288
f 1362//1289 1363//1289 1370//1289
f 1362//1290 1370//1290 1371//1290
f 1421//1291 1428//1291 1429//1291
f 1420//1292 1421//1292 1429//1292
f 1361//1293 1362//1293 1371//1293
f 1361//1294 1371//1294 1372//1294
f 1420//1295 1429//1295 1430//1295
f 1361//1296 1372//1296 1373//1296
f 1419//1297 1420//1297 1430//1297
f 1360//1298 1361//1298 1373//1298
f 1360//1299 1373//1299 1374//1299
f 1418//1300 1419//1300 1430//1300
f 1359//1301 1360//1301 1374//1301
f 1418//1302 1430//1302 1431//1302
f 1359//1303 1374//1303 1375//1303
f 1417//1304 1418//1304 1431//1304
f 1358//1305 1359//1305 1375//1305
f 1416//1306 1417//1306 1397//1306
f 1397//1307 1417//1307 1396//1307
f 1396//1308 1417//1308 1395//1308
f 1395//1309 1417//1309 1394//1309
f 1394//1310 1417//1310 1393//1310
f 1393//1311 1417//1311 1392//1311
f 1392//1312 1417//1312 1391//1312
f 1391//1313 1417//1313 1431//1313
f 1439//1314 1358//1314 1375//1314
f 1439//1315 1375//1315 1376//1315
f 1390//1316 1391//1316 1431//1316
f 1389//1317 1390//1317 1431//1317
f 1416//1318 1397//1318 1398//1318
f 1416//1319 1398//1319 1399//1319
f 1438//1320 1439//1320 1376//1320
f 1437//1321 1438//1321 1376//1321
f 1389//1322 1431//1322 1432//1322
f 1436//1323 1437//1323 1376//1323
f 1389//1324 1432//1324 1433//1324
f 1435//1325 1436//1325 1376//1325
f 1389//1326 1433//1326 1434//1326
f 1434//1327 1435//1327 1376//1327
f 1389//1328 1434//1328 1376//1328
f 1415//1329 1416//1329 1399//1329
f 1415//1330 1399//1330 1400//1330
f 1389//1331 1376//1331 1377//1331
f 1414//1332 1415//1332 1400//1332
f 1414//1333 1400//1333 1401//1333
f 1389//1334 1377//1334 1378//1334
f 1388//1335 1389//1335 1378//1335
f 1413//1336 1414//1336 1401//1336
f 1413//1337 1401//1337 1402//1337
f 1388//1338 1378//1338 1379//1338
f 1412//1339 1413//1339 1402//1339
f 1412//1340 1402//1340 1403//1340
f 1388//1341 1379//1341 1380//1341
f 1387//1342 1388//1342 1380//1342
f 1411//1343 1412//1343 1403//1343
f 1411//1344 1403//1344 1404//1344
f 1387//1345 1380//1345 1381//1345
f 1386//1346 1387//1346 1381//1346
f 1410//1347 1411//1347 1404//1347
f 1410//1348 1404//1348 1405//1348
f 1386//1349 1381//1349 1382//1349
f 1409//1350 1410//1350 1405//1350
f 1409//1351 1405//1351 1406//1351
f 1386//1352 1382//1352 1383//1352
f 1385//1353 1386//1353 1383//1353
f 1408//1354 1409//1354 1406//1354
f 1408//1355 1406//1355 1407//1355
f 1385//1356 1383//1356 1384//1356
f 1472//1357 1473//1357 1474//1357
f 1472//1358 1474//1358 1475//1358
f 1471//1359 1472//1359 1475//1359
f 1471//1360 1475//1360 1476//1360
f 1470//1361 1471//1361 1476//1361
f 1470//1362 1476//1362 1477//1362
f 1469//1363 1470//1363 1477//1363
f 1469//1364 1477//1364 1478//1364
f 1468//1365 1469//1365 1505//1365
f 1505//1366 1469//1366 1504//1366
f 1504//1367 1469//1367 1478//1367
f 1504//1368 1478//1368 1503//1368
f 1503//1369 1478//1369 1502//1369
f 1502//1370 1478//1370 1501//1370
f 1501//1371 1478//1371 1500//1371
f 1500//1372 1478//1372 1499//1372
f 1499//1373 1478//1373 1479//1373
f 1468//1374 1505//1374 1506//1374
f 1498//1375 1499//1375 1479//1375
f 1468//1376 1506//1376 1488//1376
f 1497//1377 1498//1377 1479//1377
f 1468//1378 1488//1378 1489//1378
f 1496//1379 1497//1379 1479//1379
f 1468//1380 1489//1380 1490//1380
f 1495//1381 1496//1381 1479//1381
f 1468//1382 1490//1382 1491//1382
f 1494//1383 1495//1383 1479//1383
f 1468//1384 1491//1384 1492//1384
f 1493//1385 1494//1385 1479//1385
f 1468//1386 1492//1386 1452//1386
f 1452//1387 1492//1387 1451//1387
f 1451//1388 1492//1388 1493//1388
f 1451//1389 1493//1389 1450//1389
f 1450//1390 1493//1390 1449//1390
f 1449//1391 1493//1391 1448//1391
f 1448//1392 1493//1392 1447//1392
f 1447//1393 1493//1393 1479//1393
f 1468//1394 1452//1394 1453//1394
f 1446//1395 1447//1395 1479//1395
f 1468//1396 1453//1396 1454//1396
f 1445//1397 1446//1397 1479//1397
f 1468//1398 1454//1398 1455//1398
f 1444//1399 1445//1399 1479//1399
f 1467//1400 1468//1400 1455//1400
f 1444//1401 1479//1401 1480//1401
f 1444//1402 1480//1402 1481//1402
f 1444//1403 1481//1403 1482//1403
f 1466//1404 1467//1404 1455//1404
f 1444//1405 1482//1405 1483//1405
f 1466//1406 1455//1406 1456//1406
f 1443//1407 1444//1407 1483//1407
f 1443//1408 1483//1408 1484//1408
f 1465//1409 1466//1409 1456//1409
f 1465//1410 1456//1410 1457//1410
f 1442//1411 1443//1411 1484//1411
f 1464//1412 1465//1412 1457//1412
f 1442//1413 1484//1413 1485//1413
f 1463//1414 1464//1414 1457//1414
f 1463//1415 1457//1415 1458//1415
f 1441//1416 1442//1416 1485//1416
f 1441//1417 1485//1417 1486//1417
f 1462//1418 1463//1418 1458//1418
f 1461//1419 1462//1419 1458//1419
f 1461//1420 1458//1420 1459//1420
f 1440//1421 1441//1421 1486//1421
f 1440//1422 1486//1422 1487//1422
f 1460//1423 1461//1423 1459//1423
f 1592//1424 1593//1424 1594//1424
f 1592//1425 1594//1425 1595//1425
f 1510//1426 1511//1426 1512//1426
f 1510//1427 1512//1427 1513//1427
f 1591//1428 1592//1428 1595//1428
f 1510//1429 1513//1429 1514//1429
f 1591//1430 1595//1430 1596//1430
f 1509//1431 1510//1431 1514//1431
f 1590//1432 1591//1432 1596//1432
f 1509//1433 1514//1433 1515//1433
f 1589//1434 1590//1434 1596//1434
f 1509//1435 1515//1435 1516//1435
f 1589//1436 1596//1436 1597//1436
f 1508//1437 1509//1437 1516//1437
f 1588//1438 1589//1438 1597//1438
f 1508//1439 1516//1439 1517//1439
f 1588//1440 1597//1440 1598//1440
f 1507//1441 1508//1441 1517//1441
f 1507//1442 1517//1442 1518//1442
f 1587//1443 1588//1443 1598//1443
f 1507//1444 1518//1444 1519//1444
f 1586//1445 1587//1445 1598//1445
f 1586//1446 1598//1446 1599//1446
f 1607//1447 1507//1447 1519//1447
f 1607//1448 1519//1448 1520//1448
f 1585//1449 1586//1449 1599//1449
f 1584//1450 1585//1450 1565//1450
f 1565//1451 1585//1451 1564//1451
f 1564//1452 1585//1452 1563//1452
f 1563//1453 1585//1453 1562//1453
f 1562//1454 1585//1454 1561//1454
f 1561//1455 1585//1455 1560//1455
f 1560//1456 1585//1456 1599//1456
f 1607//1457 1520//1457 1545//1457
f 1545//1458 1520//1458 1544//1458
f 1544//1459 1520//1459 1543//1459
f 1543//1460 1520//1460 1542//1460
f 1542//1461 1520//1461 1541//1461
f 1541//1462 1520//1462 1540//1462
f 1540//1463 1520//1463 1521//1463
f 1607//1464 1545//1464 1546//1464
f 1607//1465 1546//1465 1547//1465
f 1559//1466 1560//1466 1599//1466
f 1558//1467 1559//1467 1599//1467
f 1607//1468 1547//1468 1548//1468
f 1539//1469 1540//1469 1521//1469
f 1557//1470 1558//1470 1599//1470
f 1584//1471 1565//1471 1566//1471
f 1538//1472 1539//1472 1521//1472
f 1584//1473 1566//1473 1567//1473
f 1557//1474 1599//1474 1600//1474
f 1606//1475 1607//1475 1548//1475
f 1605//1476 1606//1476 1548//1476
f 1557//1477 1600//1477 1601//1477
f 1604//1478 1605//1478 1548//1478
f 1557//1479 1601//1479 1602//1479
f 1603//1480 1604//1480 1548//1480
f 1557//1481 1602//1481 1603//1481
f 1557//1482 1603//1482 1548//1482
f 1556//1483 1557//1483 1548//1483
f 1556//1484 1548//1484 1549//1484
f 1555//1485 1556//1485 1549//1485
f 1555//1486 1549//1486 1550//1486
f 1554//1487 1555//1487 1550//1487
f 1554//1488 1550//1488 1551//1488
f 1553//1489 1554//1489 1551//1489
f 1553//1490 1551//1490 1552//1490
f 1583//1491 1584//1491 1567//1491
f 1583//1492 1567//1492 1568//1492
f 1537//1493 1538//1493 1521//1493
f 1537//1494 1521//1494 1522//1494
f 1582//1495 1583//1495 1568//1495
f 1536//1496 1537//1496 1522//1496
f 1582//1497 1568//1497 1569//1497
f 1536//1498 1522//1498 1523//1498
f 1581//1499 1582//1499 1569//1499
f 1535//1500 1536//1500 1523//1500
f 1581//1501 1569//1501 1570//1501
f 1535//1502 1523//1502 1524//1502
f 1580//1503 1581//1503 1570//1503
f 1534//1504 1535//1504 1524//1504
f 1580//1505 1570//1505 1571//1505
f 1534//1506 1524//1506 1525//1506
f 1579//1507 1580//1507 1571//1507
f 1579//1508 1571//1508 1572//1508
f 1533//1509 1534//1509 1525//1509
f 1533//1510 1525//1510 1526//1510
f 1578//1511 1579//1511 1572//1511
f 1578//1512 1572//1512 1573//1512
f 1532//1513 1533//1513 1526//1513
f 1532//1514 1526//1514 1527//1514
f 1577//1515 1578//1515 1573//1515
f 1531//1516 1532//1516 1527//1516
f 1577//1517 1573//1517 1574//1517
f 1531//1518 1527//1518 1528//1518
f 1576//1519 1577//1519 1574//1519
f 1530//1520 1531//1520 1528//1520
f 1576//1521 1574//1521 1575//1521
f 1530//1522 1528//1522 1529//1522
f 1693//1523 1694//1523 1695//1523
f 1693//1524 1695//1524 1696//1524
f 1611//1525 1612//1525 1613//1525
f 1611//1526 1613//1526 1614//1526
f 1692//1527 1693//1527 1696//1527
f 1611//1528 1614//1528 1615//1528
f 1692//1529 1696//1529 1697//1529
f 1610//1530 1611//1530 1615//1530
f 1691//1531 1692//1531 1697//1531
f 1610//1532 1615//1532 1616//1532
f 1690//1533 1691//1533 1697//1533
f 1610//1534 1616//1534 1617//1534
f 1690//1535 1697//1535 1698//1535
f 1609//1536 1610//1536 1617//1536
f 1689//1537 1690//1537 1698//1537
f 1609//1538 1617//1538 1618//1538
f 1689//1539 1698//1539 1699//1539
f 1608//1540 1609//1540 1618//1540
f 1608//1541 1618//1541 1619//1541
f 1688//1542 1689//1542 1699//1542
f 1608//1543 1619//1543 1620//1543
f 1687//1544 1688//1544 1699//1544
f 1687//1545 1699//1545 1700//1545
f 1708//1546 1608//1546 1620//1546
f 1708//1547 1620//1547 1621//1547
f 1686//1548 1687//1548 1700//1548
f 1685//1549 1686//1549 1666//1549
f 1666//1550 1686//1550 1665//1550
f 1665//1551 1686//1551 1664//1551
f 1664//1552 1686//1552 1663//1552
f 1663//1553 1686//1553 1662//1553
f 1662//1554 1686//1554 1661//1554
f 1661//1555 1686//1555 1700//1555
f 1708//1556 1621//1556 1646//1556
f 1646//1557 1621//1557 1645//1557
f 1645//1558 1621//1558 1644//1558
f 1644//1559 1621//1559 1643//1559
f 1643//1560 1621//1560 1642//1560
f 1642//1561 1621//1561 1641//1561
f 1641//1562 1621//1562 1622//1562
f 1708//1563 1646//1563 1647//1563
f 1708//1564 1647//1564 1648//1564
f 1660//1565 1661//1565 1700//1565
f 1659//1566 1660//1566 1700//1566
f 1708//1567 1648//1567 1649//1567
f 1640//1568 1641//1568 1622//1568
f 1658//1569 1659//1569 1700//1569
f 1685//1570 1666//1570 1667//1570
f 1639//1571 1640//1571 1622//1571
f 1685//1572 1667//1572 1668//1572
f 1658//1573 1700//1573 1701//1573
f 1707//1574 1708//1574 1649//1574
f 1706//1575 1707//1575 1649//1575
f 1658//1576 1701//1576 1702//1576
f 1705//1577 1706//1577 1649//1577
f 1658//1578 1702//1578 1703//1578
f 1704//1579 1705//1579 1649//1579
f 1658//1580 1703//1580 1704//1580
f 1658//1581 1704//1581 1649//1581
f 1657//1582 1658//1582 1649//1582
f 1657//1583 1649//1583 1650//1583
f 1656//1584 1657//1584 1650//1584
f 1656//1585 1650//1585 1651//1585
f 1655//1586 1656//1586 1651//1586
f 1655//1587 1651//1587 1652//1587
f 1654//1588 1655//1588 1652//1588
f 1654//1589 1652//1589 1653//1589
f 1684//1590 1685//1590 1668//1590
f 1684//1591 1668//1591 1669//1591
f 1638//1592 1639//1592 1622//1592
f 1638//1593 1622//1593 1623//1593
f 1683//1594 1684//1594 1669//1594
f 1637//1595 1638//1595 1623//1595
f 1683//1596 1669//1596 1670//1596
f 1637//1597 1623//1597 1624//1597
f 1682//1598 1683//1598 1670//1598
f 1636//1599 1637//1599 1624//1599
f 1682//1600 1670//1600 1671//1600
f 1636//1601 1624//1601 1625//1601
f 1681//1602 1682//1602 1671//1602
f 1635//1603 1636//1603 1625//1603
f 1681//1604 1671//1604 1672//1604
f 1635//1605 1625//1605 1626//1605
f 1680//1606 1681//1606 1672//1606
f 1680//1607 1672//1607 1673//1607
f 1634//1608 1635//1608 1626//1608
f 1634//1609 1626//1609 1627//1609
f 1679//1610 1680//1610 1673//1610
f 1679//1611 1673//1611 1674//1611
f 1633//1612 1634//1612 1627//1612
f 1633//1613 1627//1613 1628//1613
f 1678//1614 1679//1614 1674//1614
f 1632//1615 1633//1615 1628//1615
f 1678//1616 1674//1616 1675//1616
f 1632//1617 1628//1617 1629//1617
f 1677//1618 1678//1618 1675//1618
f 1631//1619 1632//1619 1629//1619
f 1677//1620 1675//1620 1676//1620
f 1631//1621 1629//1621 1630//1621
f 1733//1622 1734//1622 1735//1622
f 1732//1623 1733//1623 1735//1623
f 1732//1624 1735//1624 1736//1624
f 1731//1625 1732//1625 1736//1625
f 1731//1626 1736//1626 1737//1626
f 1730//1627 1731//1627 1737//1627
f 1730//1628 1737//1628 1738//1628
f 1729//1629 1730//1629 1738//1629
f 1729//1630 1738//1630 1739//1630
f 1728//1631 1729//1631 1739//1631
f 1728//1632 1739//1632 1740//1632
f 1727//1633 1728//1633 1740//1633
f 1727//1634 1740//1634 1741//1634
f 1726//1635 1727//1635 1776//1635
f 1776//1636 1727//1636 1741//1636
f 1776//1637 1741//1637 1742//1637
f 1726//1638 1776//1638 1777//1638
f 1775//1639 1776//1639 1742//1639
f 1726//1640 1777//1640 1778//1640
f 1774//1641 1775//1641 1742//1641
f 1726//1642 1778//1642 1779//1642
f 1773//1643 1774//1643 1742//1643
f 1725//1644 1726//1644 1779//1644
f 1773//1645 1742//1645 1743//1645
f 1725//1646 1779//1646 1780//1646
f 1772//1647 1773//1647 1743//1647
f 1725//1648 1780//1648 1781//1648
f 1771//1649 1772//1649 1743//1649
f 1724//1650 1725//1650 1781//1650
f 1771//1651 1743//1651 1744//1651
f 1724//1652 1781//1652 1782//1652
f 1770//1653 1771//1653 1744//1653
f 1723//1654 1724//1654 1782//1654
f 1770//1655 1744//1655 1745//1655
f 1723//1656 1782//1656 1783//1656
f 1769//1657 1770//1657 1745//1657
f 1722//1658 1723//1658 1783//1658
f 1769//1659 1745//1659 1746//1659
f 1722//1660 1783//1660 1784//1660
f 1768//1661 1769//1661 1746//1661
f 1722//1662 1784//1662 1785//1662
f 1767//1663 1768//1663 1746//1663
f 1721//1664 1722//1664 1785//1664
f 1767//1665 1746//1665 1747//1665
f 1720//1666 1721//1666 1785//1666
f 1767//1667 1747//1667 1748//1667
f 1720//1668 1785//1668 1786//1668
f 1766//1669 1767//1669 1748//1669
f 1720//1670 1786//1670 1787//1670
f 1765//1671 1766//1671 1748//1671
f 1719//1672 1720//1672 1787//1672
f 1765//1673 1748//1673 1749//1673
f 1719//1674 1787//1674 1788//1674
f 1764//1675 1765//1675 1749//1675
f 1718//1676 1719//1676 1788//1676
f 1764//1677 1749//1677 1750//1677
f 1718//1678 1788//1678 1789//1678
f 1763//1679 1764//1679 1750//1679
f 1717//1680 1718//1680 1789//1680
f 1763//1681 1750//1681 1751//1681
f 1717//1682 1789//1682 1790//1682
f 1762//1683 1763//1683 1751//1683
f 1717//1684 1790//1684 1791//1684
f 1761//1685 1762//1685 1751//1685
f 1716//1686 1717//1686 1791//1686
f 1761//1687 1751//1687 1752//1687
f 1716//1688 1791//1688 1792//1688
f 1760//1689 1761//1689 1752//1689
f 1716//1690 1792//1690 1759//1690
f 1759//1691 1760//1691 1752//1691
f 1716//1692 1759//1692 1752//1692
f 1715//1693 1716//1693 1752//1693
f 1715//1694 1752//1694 1753//1694
f 1714//1695 1715//1695 1753//1695
f 1714//1696 1753//1696 1754//1696
f 1714//1697 1754//1697 1755//1697
f 1713//1698 1714//1698 1755//1698
f 1712//1699 1713//1699 1755//1699
f 1712//1700 1755//1700 1756//1700
f 1712//1701 1756//1701 1757//1701
f 1711//1702 1712//1702 1757//1702
f 1711//1703 1757//1703 1758//1703
f 1710//1704 1711//1704 1758//1704
f 1710//1705 1758//1705 1709//1705
f 1817//1706 1818//1706 1819//1706
f 1817//1707 1819//1707 1820//1707
f 1816//1708 1817//1708 1820//1708
f 1816//1709 1820//1709 1821//1709
f 1815//1710 1816//1710 1821//1710
f 1815//1711 1821//1711 1822//1711
f 1814//1712 1815//1712 1822//1712
f 1814//1713 1822//1713 1823//1713
f 1813//1714 1814//1714 1823//1714
f 1813//1715 1823//1715 1824//1715
f 1812//1716 1813//1716 1824//1716
f 1812//1717 1824//1717 1825//1717
f 1811//1718 1812//1718 1825//1718
f 1811//1719 1825//1719 1826//1719
f 1810//1720 1811//1720 1851//1720
f 1851//1721 1811//1721 1826//1721
f 1810//1722 1851//1722 1852//1722
f 1850//1723 1851//1723 1826//1723
f 1810//1724 1852//1724 1853//1724
f 1849//1725 1850//1725 1826//1725
f 1849//1726 1826//1726 1827//1726
f 1810//1727 1853//1727 1854//1727
f 1848//1728 1849//1728 1827//1728
f 1809//1729 1810//1729 1854//1729
f 1809//1730 1854//1730 1855//1730
f 1847//1731 1848//1731 1827//1731
f 1847//1732 1827//1732 1828//1732
f 1809//1733 1855//1733 1856//1733
f 1846//1734 1847//1734 1828//1734
f 1808//1735 1809//1735 1856//1735
f 1808//1736 1856//1736 1857//1736
f 1845//1737 1846//1737 1828//1737
f 1845//1738 1828//1738 1829//1738
f 1807//1739 1808//1739 1857//1739
f 1807//1740 1857//1740 1858//1740
f 1844//1741 1845//1741 1829//1741
f 1844//1742 1829//1742 1830//1742
f 1806//1743 1807//1743 1858//1743
f 1806//1744 1858//1744 1859//1744
f 1843//1745 1844//1745 1830//1745
f 1843//1746 1830//1746 1831//1746
f 1843//1747 1831//1747 1832//1747
f 1843//1748 1832//1748 1833//1748
f 1806//1749 1859//1749 1860//1749
f 1842//1750 1843//1750 1833//1750
f 1842//1751 1833//1751 1834//1751
f 1842//1752 1834//1752 1835//1752
f 1805//1753 1806//1753 1860//1753
f 1842//1754 1835//1754 1836//1754
f 1841//1755 1842//1755 1836//1755
f 1841//1756 1836//1756 1837//1756
f 1841//1757 1837//1757 1838//1757
f 1841//1758 1838//1758 1839//1758
f 1840//1759 1841//1759 1839//1759
f 1879//1760 1880//1760 1881//1760
f 1878//1761 1879//1761 1881//1761
f 1877//1762 1878//1762 1881//1762
f 1877//1763 1881//1763 1882//1763
f 1877//1764 1882//1764 1883//1764
f 1877//1765 1883//1765 1884//1765
f 1877//1766 1884//1766 1885//1766
f 1804//1767 1805//1767 1860//1767
f 1876//1768 1877//1768 1885//1768
f 1876//1769 1885//1769 1886//1769
f 1876//1770 1886//1770 1887//1770
f 1876//1771 1887//1771 1888//1771
f 1804//1772 1860//1772 1861//1772
f 1875//1773 1876//1773 1888//1773
f 1875//1774 1888//1774 1889//1774
f 1875//1775 1889//1775 1890//1775
f 1804//1776 1861//1776 1862//1776
f 1874//1777 1875//1777 1890//1777
f 1803//1778 1804//1778 1862//1778
f 1874//1779 1890//1779 1891//1779
f 1803//1780 1862//1780 1863//1780
f 1873//1781 1874//1781 1891//1781
f 1802//1782 1803//1782 1863//1782
f 1873//1783 1891//1783 1892//1783
f 1802//1784 1863//1784 1864//1784
f 1872//1785 1873//1785 1892//1785
f 1801//1786 1802//1786 1864//1786
f 1801//1787 1864//1787 1865//1787
f 1871//1788 1872//1788 1892//1788
f 1871//1789 1892//1789 1893//1789
f 1801//1790 1865//1790 1866//1790
f 1870//1791 1871//1791 1893//1791
f 1800//1792 1801//1792 1866//1792
f 1800//1793 1866//1793 1867//1793
f 1869//1794 1870//1794 1893//1794
f 1869//1795 1893//1795 1894//1795
f 1800//1796 1867//1796 1868//1796
f 1868//1797 1869//1797 1894//1797
f 1800//1798 1868//1798 1894//1798
f 1799//1799 1800//1799 1894//1799
f 1799//1800 1894//1800 1895//1800
f 1798//1801 1799//1801 1895//1801
f 1798//1802 1895//1802 1896//1802
f 1797//1803 1798//1803 1896//1803
f 1797//1804 1896//1804 1897//1804
f 1796//1805 1797//1805 1897//1805
f 1796//1806 1897//1806 1898//1806
f 1795//1807 1796//1807 1898//1807
f 1795//1808 1898//1808 1899//1808
f 1794//1809 1795//1809 1899//1809
f 1794//1810 1899//1810 1900//1810
f 1793//1811 1794//1811 1900//1811
f 1904//1812 1901//1812 1902//1812
f 1906//1813 1903//1813 1904//1813
f 1908//1814 1905//1814 1906//1814
f 1910//1815 1907//1815 1908//1815
f 1912//1816 1909//1816 1910//1816
f 1914//1817 1911//1817 1912//1817
f 1916//1818 1913//1818 1914//1818
f 1918//1819 1915//1819 1916//1819
f 1920//1820 1917//1820 1918//1820
f 1922//1821 1919//1821 1920//1821
f 1924//1822 1921//1822 1922//1822
f 1926//1823 1923//1823 1924//1823
f 1928//1824 1925//1824 1926//1824
f 1930//1825 1927//1825 1928//1825
f 1932//1826 1929//1826 1930//1826
f 1934//1827 1931//1827 1932//1827
f 1936//1828 1933//1828 1934//1828
f 1938//1829 1935//1829 1936//1829
f 1940//1830 1937//1830 1938//1830
f 1942//1831 1939//1831 1940//1831
f 1944//1832 1941//1832 1942//1832
f 1946//1833 1943//1833 1944//1833
f 1948//1834 1945//1834 1946//1834
f 1950//1835 1947//1835 1948//1835
f 1952//1836 1949//1836 1950//1836
f 1954//1837 1951//1837 1952//1837
f 1956//1838 1953//1838 1954//1838
f 1958//1839 1955//1839 1956//1839
f 1960//1840 1957//1840 1958//1840
f 1962//1841 1959//1841 1960//1841
f 1964//1842 1961//1842 1962//1842
f 1966//1843 1963//1843 1964//1843
f 1968//1844 1965//1844 1966//1844
f 1970//1845 1967//1845 1968//1845
f 1972//1846 1969//1846 1970//1846
f 1974//1847 1971//1847 1972//1847
f 1976//1848 1973//1848 1974//1848
f 1978//1849 1975//1849 1976//1849
f 1980//1850 1977//1850 1978//1850
f 1982//1851 1979//1851 1980//1851
f 1984//1852 1981//1852 1982//1852
f 1986//1853 1983//1853 1984//1853
f 1988//1854 1985//1854 1986//1854
f 1990//1855 1987//1855 1988//1855
f 1992//1856 1989//1856 1990//1856
f 1994//1857 1991//1857 1992//1857
f 1996//1858 1993//1858 1994//1858
f 1998//1859 1995//1859 1996//1859
f 2000//1860 1997//1860 1998//1860
f 2002//1861 1999//1861 2000//1861
f 2004//1862 2001//1862 2002//1862
f 2006//1863 2003//1863 2004//1863
f 2008//1864 2005//1864 2006//1864
f 2010//1865 2007//1865 2008//1865
f 2012//1866 2009//1866 2010//1866
f 2014//1867 2011//1867 2012//1867
f 2016//1868 2013//1868 2014//1868
f 2018//1869 2015//1869 2016//1869
f 2020//1870 2017//1870 2018//1870
f 2022//1871 2019//1871 2020//1871
f 2024//1872 2021//1872 2022//1872
f 2026//1873 2023//1873 2024//1873
f 2028//1874 2025//1874 2026//1874
f 2030//1875 2027//1875 2028//1875
f 2032//1876 2029//1876 2030//1876
f 2034//1877 2031//1877 2032//1877
f 2036//1878 2033//1878 2034//1878
f 2038//1879 2035//1879 2036//1879
f 2040//1880 2037//1880 2038//1880
f 2042//1881 2039//1881 2040//1881
f 2044//1882 2041//1882 2042//1882
f 2046//1883 2043//1883 2044//1883
f 2048//1884 2045//1884 2046//1884
f 2050//1885 2047//1885 2048//1885
f 2052//1886 2049//1886 2050//1886
f 2054//1887 2051//1887 2052//1887
f 2056//1888 2053//1888 2054//1888
f 2058//1889 2055//1889 2056//1889
f 2060//1890 2057//1890 2058//1890
f 2062//1891 2059//1891 2060//1891
f 2064//1892 2061//1892 2062//1892
f 2066//1893 2063//1893 2064//1893
f 2068//1894 2065//1894 2066//1894
f 2070//1895 2067//1895 2068//1895
f 2072//1896 2069//1896 2070//1896
f 2074//1897 2071//1897 2072//1897
f 2076//1898 2073//1898 2074//1898
f 2078//1899 2075//1899 2076//1899
f 2080//1900 2077//1900 2078//1900
f 2082//1901 2079//1901 2080//1901
f 2084//1902 2081//1902 2082//1902
f 2086//1903 2083//1903 2084//1903
f 2088//1904 2085//1904 2086//1904
f 2090//1905 2087//1905 2088//1905
f 2092//1906 2089//1906 2090//1906
f 2094//1907 2091//1907 2092//1907
f 2096//1908 2093//1908 2094//1908
f 2098//1909 2095//1909 2096//1909
f 2100//1910 2097//1910 2098//1910
f 2102//1911 2099//1911 2100//1911
f 2104//1912 2101//1912 2102//1912
f 2106//1913 2103//1913 2104//1913
f 2108//1914 2105//1914 2106//1914
f 2110//1915 2107//1915 2108//1915
f 2112//1916 2109//1916 2110//1916
f 2114//1917 2111//1917 2112//1917
f 2116//1918 2113//1918 2114//1918
f 1902//1919 2115//1919 2116//1919
f 2120//1920 2117//1920 2118//1920
f 2122//1921 2119//1921 2120//1921
f 2124//1922 2121//1922 2122//1922
f 2126//1923 2123//1923 2124//1923
f 2128//1924 2125//1924 2126//1924
f 2130//1925 2127//1925 2128//1925
f 2132//1926 2129//1926 2130//1926
f 2134//1927 2131//1927 2132//1927
f 2136//1928 2133//1928 2134//1928
f 2138//1929 2135//1929 2136//1929
f 2140//1930 2137//1930 2138//1930
f 2142//1931 2139//1931 2140//1931
f 2144//1932 2141//1932 2142//1932
f 2146//1933 2143//1933 2144//1933
f 2148//1934 2145//1934 2146//1934
f 2150//1935 2147//1935 2148//1935
f 2152//1936 2149//1936 2150//1936
f 2154//1937 2151//1937 2152//1937
f 2156//1938 2153//1938 2154//1938
f 2158//1939 2155//1939 2156//1939
f 2160//1940 2157//1940 2158//1940
f 2162//1941 2159//1941 2160//1941
f 2164//1942 2161//1942 2162//1942
f 2166//1943 2163//1943 2164//1943
f 2168//1944 2165//1944 2166//1944
f 2170//1945 2167//1945 2168//1945
f 2172//1946 2169//1946 2170//1946
f 2174//1947 2171//1947 2172//1947
f 2176//1948 2173//1948 2174//1948
f 2178//1949 2175//1949 2176//1949
f 2180//1950 2177//1950 2178//1950
f 2182//1951 2179//1951 2180//1951
f 2184//1952 2181//1952 2182//1952
f 2186//1953 2183//1953 2184//1953
f 2188//1954 2185//1954 2186//1954
f 2190//1955 2187//1955 2188//1955
f 2192//1956 2189//1956 2190//1956
f 2194//1957 2191//1957 2192//1957
f 2196//1958 2193//1958 2194//1958
f 2198//1959 2195//1959 2196//1959
f 2200//1960 2197//1960 2198//1960
f 2202//1961 2199//1961 2200//1961
f 2204//1962 2201//1962 2202//1962
f 2206//1963 2203//1963 2204//1963
f 2208//1964 2205//1964 2206//1964
f 2210//1965 2207//1965 2208//1965
f 2212//1966 2209//1966 2210//1966
f 2214//1967 2211//1967 2212//1967
f 2216//1968 2213//1968 2214//1968
f 2118//1969 2215//1969 2216//1969
f 2220//1970 2217//1970 2218//1970
f 2222//1971 2219//1971 2220//1971
f 2224//1972 2221//1972 2222//1972
f 2226//1973 2223//1973 2224//1973
f 2228//1974 2225//1974 2226//1974
f 2230//1975 2227//1975 2228//1975
f 2232//1976 2229//1976 2230//1976
f 2234//1977 2231//1977 2232//1977
f 2236//1978 2233//1978 2234//1978
f 2238//1979 2235//1979 2236//1979
f 2240//1980 2237//1980 2238//1980
f 2242//1981 2239//1981 2240//1981
f 2244//1982 2241//1982 2242//1982
f 2246//1983 2243//1983 2244//1983
f 2248//1984 2245//1984 2246//1984
f 2250//1985 2247//1985 2248//1985
f 2252//1986 2249//1986 2250//1986
f 2254//1987 2251//1987 2252//1987
f 2256//1988 2253//1988 2254//1988
f 2258//1989 2255//1989 2256//1989
f 2260//1990 2257//1990 2258//1990
f 2262//1991 2259//1991 2260//1991
f 2264//1992 2261//1992 2262//1992
f 2266//1993 2263//1993 2264//1993
f 2268//1994 2265//1994 2266//1994
f 2270//1995 2267//1995 2268//1995
f 2272//1996 2269//1996 2270//1996
f 2274//1997 2271//1997 2272//1997
f 2276//1998 2273//1998 2274//1998
f 2278//1999 2275//1999 2276//1999
f 2280//2000 2277//2000 2278//2000
f 2282//2001 2279//2001 2280//2001
f 2284//2002 2281//2002 2282//2002
f 2218//2003 2283//2003 2284//2003
f 2288//2004 2285//2004 2286//2004
f 2290//2005 2287//2005 2288//2005
f 2292//2006 2289//2006 2290//2006
f 2294//2007 2291//2007 2292//2007
f 2296//2008 2293//2008 2294//2008
f 2298//2009 2295//2009 2296//2009
f 2300//2010 2297//2010 2298//2010
f 2302//2011 2299//2011 2300//2011
f 2304//2012 2301//2012 2302//2012
f 2306//2013 2303//2013 2304//2013
f 2308//2014 2305//2014 2306//2014
f 2310//2015 2307//2015 2308//2015
f 2312//2016 2309//2016 2310//2016
f 2314//2017 2311//2017 2312//2017
f 2316//2018 2313//2018 2314//2018
f 2318//2019 2315//2019 2316//2019
f 2320//2020 2317//2020 2318//2020
f 2322//2021 2319//2021 2320//2021
f 2324//2022 2321//2022 2322//2022
f 2326//2023 2323//2023 2324//2023
f 2328//2024 2325//2024 2326//2024
f 2330//2025 2327//2025 2328//2025
f 2332//2026 2329//2026 2330//2026
f 2334//2027 2331//2027 2332//2027
f 2336//2028 2333//2028 2334//2028
f 2338//2029 2335//2029 2336//2029
f 2340//2030 2337//2030 2338//2030
f 2342//2031 2339//2031 2340//2031
f 2344//2032 2341//2032 2342//2032
f 2346//2033 2343//2033 2344//2033
f 2348//2034 2345//2034 2346//2034
f 2350//2035 2347//2035 2348//2035
f 2352//2036 2349//2036 2350//2036
f 2354//2037 2351//2037 2352//2037
f 2356//2038 2353//2038 2354//2038
f 2358//2039 2355//2039 2356//2039
f 2360//2040 2357//2040 2358//2040
f 2362//2041 2359//2041 2360//2041
f 2364//2042 2361//2042 2362//2042
f 2366//2043 2363//2043 2364//2043
f 2368//2044 2365//2044 2366//2044
f 2370//2045 2367//2045 2368//2045
f 2372//2046 2369//2046 2370//2046
f 2374//2047 2371//2047 2372//2047
f 2376//2048 2373//2048 2374//2048
f 2378//2049 2375//2049 2376//2049
f 2380//2050 2377//2050 2378//2050
f 2382//2051 2379//2051 2380//2051
f 2384//2052 2381//2052 2382//2052
f 2386//2053 2383//2053 2384//2053
f 2388//2054 2385//2054 2386//2054
f 2390//2055 2387//2055 2388//2055
f 2392//2056 2389//2056 2390//2056
f 2394//2057 2391//2057 2392//2057
f 2396//2058 2393//2058 2394//2058
f 2398//2059 2395//2059 2396//2059
f 2400//2060 2397//2060 2398//2060
f 2402//2061 2399//2061 2400//2061
f 2404//2062 2401//2062 2402//2062
f 2406//2063 2403//2063 2404//2063
f 2408//2064 2405//2064 2406//2064
f 2410//2065 2407//2065 2408//2065
f 2412//2066 2409//2066 2410//2066
f 2414//2067 2411//2067 2412//2067
f 2416//2068 2413//2068 2414//2068
f 2418//2069 2415//2069 2416//2069
f 2420//2070 2417//2070 2418//2070
f 2422//2071 2419//2071 2420//2071
f 2424//2072 2421//2072 2422//2072
f 2426//2073 2423//2073 2424//2073
f 2428//2074 2425//2074 2426//2074
f 2430//2075 2427//2075 2428//2075
f 2432//2076 2429//2076 2430//2076
f 2434//2077 2431//2077 2432//2077
f 2436//2078 2433//2078 2434//2078
f 2438//2079 2435//2079 2436//2079
f 2440//2080 2437//2080 2438//2080
f 2442//2081 2439//2081 2440//2081
f 2444//2082 2441//2082 2442//2082
f 2446//2083 2443//2083 2444//2083
f 2448//2084 2445//2084 2446//2084
f 2450//2085 2447//2085 2448//2085
f 2452//2086 2449//2086 2450//2086
f 2454//2087 2451//2087 2452//2087
f 2456//2088 2453//2088 2454//2088
f 2458//2089 2455//2089 2456//2089
f 2460//2090 2457//2090 2458//2090
f 2462//2091 2459//2091 2460//2091
f 2464//2092 2461//2092 2462//2092
f 2466//2093 2463//2093 2464//2093
f 2468//2094 2465//2094 2466//2094
f 2470//2095 2467//2095 2468//2095
f 2472//2096 2469//2096 2470//2096
f 2474//2097 2471//2097 2472//2097
f 2476//2098 2473//2098 2474//2098
f 2478//2099 2475//2099 2476//2099
f 2480//2100 2477//2100 2478//2100
f 2482//2101 2479//2101 2480//2101
f 2484//2102 2481//2102 2482//2102
f 2486//2103 2483//2103 2484//2103
f 2286//2104 2485//2104 2486//2104
f 2490//2105 2487//2105 2488//2105
f 2492//2106 2489//2106 2490//2106
f 2494//2107 2491//2107 2492//2107
f 2496//2108 2493//2108 2494//2108
f 2498//2109 2495//2109 2496//2109
f 2500//2110 2497//2110 2498//2110
f 2502//2111 2499//2111 2500//2111
f 2504//2112 2501//2112 2502//2112
f 2506//2113 2503//2113 2504//2113
f 2508//2114 2505//2114 2506//2114
f 2510//2115 2507//2115 2508//2115
f 2512//2116 2509//2116 2510//2116
f 2514//2117 2511//2117 2512//2117
f 2516//2118 2513//2118 2514//2118
f 2518//2119 2515//2119 2516//2119
f 2520//2120 2517//2120 2518//2120
f 2522//2121 2519//2121 2520//2121
f 2524//2122 2521//2122 2522//2122
f 2526//2123 2523//2123 2524//2123
f 2528//2124 2525//2124 2526//2124
f 2530//2125 2527//2125 2528//2125
f 2532//2126 2529//2126 2530//2126
f 2534//2127 2531//2127 2532//2127
f 2536//2128 2533//2128 2534//2128
f 2538//2129 2535//2129 2536//2129
f 2540//2130 2537//2130 2538//2130
f 2542//2131 2539//2131 2540//2131
f 2544//2132 2541//2132 2542//2132
f 2546//2133 2543//2133 2544//2133
f 2548//2134 2545//2134 2546//2134
f 2550//2135 2547//2135 2548//2135
f 2552//2136 2549//2136 2550//2136
f 2554//2137 2551//2137 2552//2137
f 2556//2138 2553//2138 2554//2138
f 2558//2139 2555//2139 2556//2139
f 2560//2140 2557//2140 2558//2140
f 2562//2141 2559//2141 2560//2141
f 2564//2142 2561//2142 2562//2142
f 2566//2143 2563//2143 2564//2143
f 2568//2144 2565//2144 2566//2144
f 2570//2145 2567//2145 2568//2145
f 2572//2146 2569//2146 2570//2146
f 2574//2147 2571//2147 2572//2147
f 2576//2148 2573//2148 2574//2148
f 2578//2149 2575//2149 2576//2149
f 2580//2150 2577//2150 2578//2150
f 2582//2151 2579//2151 2580//2151
f 2584//2152 2581//2152 2582//2152
f 2586//2153 2583//2153 2584//2153
f 2588//2154 2585//2154 2586//2154
f 2590//2155 2587//2155 2588//2155
f 2592//2156 2589//2156 2590//2156
f 2594//2157 2591//2157 2592//2157
f 2596//2158 2593//2158 2594//2158
f 2598//2159 2595//2159 2596//2159
f 2600//2160 2597//2160 2598//2160
f 2602//2161 2599//2161 2600//2161
f 2604//2162 2601//2162 2602//2162
f 2606//2163 2603//2163 2604//2163
f 2608//2164 2605//2164 2606//2164
f 2610//2165 2607//2165 2608//2165
f 2612//2166 2609//2166 2610//2166
f 2614//2167 2611//2167 2612//2167
f 2616//2168 2613//2168 2614//2168
f 2618//2169 2615//2169 2616//2169
f 2620//2170 2617//2170 2618//2170
f 2622//2171 2619//2171 2620//2171
f 2624//2172 2621//2172 2622//2172
f 2626//2173 2623//2173 2624//2173
f 2628//2174 2625//2174 2626//2174
f 2630//2175 2627//2175 2628//2175
f 2632//2176 2629//2176 2630//2176
f 2634//2177 2631//2177 2632//2177
f 2636//2178 2633//2178 2634//2178
f 2638//2179 2635//2179 2636//2179
f 2640//2180 2637//2180 2638//2180
f 2642//2181 2639//2181 2640//2181
f 2644//2182 2641//2182 2642//2182
f 2646//2183 2643//2183 2644//2183
f 2648//2184 2645//2184 2646//2184
f 2650//2185 2647//2185 2648//2185
f 2652//2186 2649//2186 2650//2186
f 2654//2187 2651//2187 2652//2187
f 2656//2188 2653//2188 2654//2188
f 2658//2189 2655//2189 2656//2189
f 2660//2190 2657//2190 2658//2190
f 2662//2191 2659//2191 2660//2191
f 2664//2192 2661//2192 2662//2192
f 2666//2193 2663//2193 2664//2193
f 2668//2194 2665//2194 2666//2194
f 2670//2195 2667//2195 2668//2195
f 2672//2196 2669//2196 2670//2196
f 2674//2197 2671//2197 2672//2197
f 2676//2198 2673//2198 2674//2198
f 2678//2199 2675//2199 2676//2199
f 2680//2200 2677//2200 2678//2200
f 2682//2201 2679//2201 2680//2201
f 2684//2202 2681//2202 2682//2202
f 2686//2203 2683//2203 2684//2203
f 2688//2204 2685//2204 2686//2204
f 2488//2205 2687//2205 2688//2205
f 2692//2206 2689//2206 2690//2206
f 2694//2207 2691//2207 2692//2207
f 2696//2208 2693//2208 2694//2208
f 2698//2209 2695//2209 2696//2209
f 2700//2210 2697//2210 2698//2210
f 2702//2211 2699//2211 2700//2211
f 2704//2212 2701//2212 2702//2212
f 2706//2213 2703//2213 2704//2213
f 2708//2214 2705//2214 2706//2214
f 2710//2215 2707//2215 2708//2215
f 2712//2216 2709//2216 2710//2216
f 2714//2217 2711//2217 2712//2217
f 2716//2218 2713//2218 2714//2218
f 2718//2219 2715//2219 2716//2219
f 2720//2220 2717//2220 2718//2220
f 2722//2221 2719//2221 2720//2221
f 2724//2222 2721//2222 2722//2222
f 2726//2223 2723//2223 2724//2223
f 2728//2224 2725//2224 2726//2224
f 2730//2225 2727//2225 2728//2225
f 2732//2226 2729//2226 2730//2226
f 2734//2227 2731//2227 2732//2227
f 2736//2228 2733//2228 2734//2228
f 2738//2229 2735//2229 2736//2229
f 2740//2230 2737//2230 2738//2230
f 2742//2231 2739//2231 2740//2231
f 2744//2232 2741//2232 2742//2232
f 2746//2233 2743//2233 2744//2233
f 2748//2234 2745//2234 2746//2234
f 2750//2235 2747//2235 2748//2235
f 2752//2236 2749//2236 2750//2236
f 2754//2237 2751//2237 2752//2237
f 2756//2238 2753//2238 2754//2238
f 2758//2239 2755//2239 2756//2239
f 2760//2240 2757//2240 2758//2240
f 2762//2241 2759//2241 2760//2241
f 2764//2242 2761//2242 2762//2242
f 2766//2243 2763//2243 2764//2243
f 2768//2244 2765//2244 2766//2244
f 2770//2245 2767//2245 2768//2245
f 2772//2246 2769//2246 2770//2246
f 2774//2247 2771//2247 2772//2247
f 2776//2248 2773//2248 2774//2248
f 2778//2249 2775//2249 2776//2249
f 2780//2250 2777//2250 2778//2250
f 2782//2251 2779//2251 2780//2251
f 2784//2252 2781//2252 2782//2252
f 2690//2253 2783//2253 2784//2253
f 2788//2254 2785//2254 2786//2254
f 2790//2255 2787//2255 2788//2255
f 2792//2256 2789//2256 2790//2256
f 2794//2257 2791//2257 2792//2257
f 2796//2258 2793//2258 2794//2258
f 2798//2259 2795//2259 2796//2259
f 2800//2260 2797//2260 2798//2260
f 2802//2261 2799//2261 2800//2261
f 2804//2262 2801//2262 2802//2262
f 2806//2263 2803//2263 2804//2263
f 2808//2264 2805//2264 2806//2264
f 2810//2265 2807//2265 2808//2265
f 2812//2266 2809//2266 2810//2266
f 2814//2267 2811//2267 2812//2267
f 2816//2268 2813//2268 2814//2268
f 2818//2269 2815//2269 2816//2269
f 2820//2270 2817//2270 2818//2270
f 2822//2271 2819//2271 2820//2271
f 2786//2272 2821//2272 2822//2272
f 2826//2273 2823//2273 2824//2273
f 2828//2274 2825//2274 2826//2274
f 2830//2275 2827//2275 2828//2275
f 2832//2276 2829//2276 2830//2276
f 2834//2277 2831//2277 2832//2277
f 2836//2278 2833//2278 2834//2278
f 2838//2279 2835//2279 2836//2279
f 2840//2280 2837//2280 2838//2280
f 2842//2281 2839//2281 2840//2281
f 2844//2282 2841//2282 2842//2282
f 2846//2283 2843//2283 2844//2283
f 2848//2284 2845//2284 2846//2284
f 2850//2285 2847//2285 2848//2285
f 2852//2286 2849//2286 2850//2286
f 2854//2287 2851//2287 2852//2287
f 2856//2288 2853//2288 2854//2288
f 2858//2289 2855//2289 2856//2289
f 2860//2290 2857//2290 2858//2290
f 2862//2291 2859//2291 2860//2291
f 2864//2292 2861//2292 2862//2292
f 2866//2293 2863//2293 2864//2293
f 2868//2294 2865//2294 2866//2294
f 2870//2295 2867//2295 2868//2295
f 2872//2296 2869//2296 2870//2296
f 2874//2297 2871//2297 2872//2297
f 2876//2298 2873//2298 2874//2298
f 2878//2299 2875//2299 2876//2299
f 2880//2300 2877//2300 2878//2300
f 2882//2301 2879//2301 2880//2301
f 2884//2302 2881//2302 2882//2302
f 2886//2303 2883//2303 2884//2303
f 2888//2304 2885//2304 2886//2304
f 2890//2305 2887//2305 2888//2305
f 2892//2306 2889//2306 2890//2306
f 2894//2307 2891//2307 2892//2307
f 2896//2308 2893//2308 2894//2308
f 2898//2309 2895//2309 2896//2309
f 2900//2310 2897//2310 2898//2310
f 2902//2311 2899//2311 2900//2311
f 2904//2312 2901//2312 2902//2312
f 2906//2313 2903//2313 2904//2313
f 2908//2314 2905//2314 2906//2314
f 2910//2315 2907//2315 2908//2315
f 2912//2316 2909//2316 2910//2316
f 2914//2317 2911//2317 2912//2317
f 2916//2318 2913//2318 2914//2318
f 2918//2319 2915//2319 2916//2319
f 2920//2320 2917//2320 2918//2320
f 2922//2321 2919//2321 2920//2321
f 2924//2322 2921//2322 2922//2322
f 2926//2323 2923//2323 2924//2323
f 2928//2324 2925//2324 2926//2324
f 2930//2325 2927//2325 2928//2325
f 2932//2326 2929//2326 2930//2326
f 2934//2327 2931//2327 2932//2327
f 2936//2328 2933//2328 2934//2328
f 2938//2329 2935//2329 2936//2329
f 2940//2330 2937//2330 2938//2330
f 2942//2331 2939//2331 2940//2331
f 2944//2332 2941//2332 2942//2332
f 2946//2333 2943//2333 2944//2333
f 2948//2334 2945//2334 2946//2334
f 2950//2335 2947//2335 2948//2335
f 2952//2336 2949//2336 2950//2336
f 2954//2337 2951//2337 2952//2337
f 2956//2338 2953//2338 2954//2338
f 2958//2339 2955//2339 2956//2339
f 2960//2340 2957//2340 2958//2340
f 2962//2341 2959//2341 2960//2341
f 2964//2342 2961//2342 2962//2342
f 2966//2343 2963//2343 2964//2343
f 2968//2344 2965//2344 2966//2344
f 2970//2345 2967//2345 2968//2345
f 2972//2346 2969//2346 2970//2346
f 2974//2347 2971//2347 2972//2347
f 2976//2348 2973//2348 2974//2348
f 2978//2349 2975//2349 2976//2349
f 2980//2350 2977//2350 2978//2350
f 2982//2351 2979//2351 2980//2351
f 2984//2352 2981//2352 2982//2352
f 2986//2353 2983//2353 2984//2353
f 2824//2354 2985//2354 2986//2354
f 2990//2355 2987//2355 2988//2355
f 2992//2356 2989//2356 2990//2356
f 2994//2357 2991//2357 2992//2357
f 2996//2358 2993//2358 2994//2358
f 2998//2359 2995//2359 2996//2359
f 3000//2360 2997//2360 2998//2360
f 3002//2361 2999//2361 3000//2361
f 3004//2362 3001//2362 3002//2362
f 3006//2363 3003//2363 3004//2363
f 3008//2364 3005//2364 3006//2364
f 3010//2365 3007//2365 3008//2365
f 3012//2366 3009//2366 3010//2366
f 3014//2367 3011//2367 3012//2367
f 3016//2368 3013//2368 3014//2368
f 3018//2369 3015//2369 3016//2369
f 3020//2370 3017//2370 3018//2370
f 3022//2371 3019//2371 3020//2371
f 3024//2372 3021//2372 3022//2372
f 3026//2373 3023//2373 3024//2373
f 3028//2374 3025//2374 3026//2374
f 3030//2375 3027//2375 3028//2375
f 3032//2376 3029//2376 3030//2376
f 3034//2377 3031//2377 3032//2377
f 3036//2378 3033//2378 3034//2378
f 3038//2379 3035//2379 3036//2379
f 3040//2380 3037//2380 3038//2380
f 3042//2381 3039//2381 3040//2381
f 3044//2382 3041//2382 3042//2382
f 3046//2383 3043//2383 3044//2383
f 3048//2384 3045//2384 3046//2384
f 3050//2385 3047//2385 3048//2385
f 3052//2386 3049//2386 3050//2386
f 3054//2387 3051//2387 3052//2387
f 3056//2388 3053//2388 3054//2388
f 3058//2389 3055//2389 3056//2389
f 3060//2390 3057//2390 3058//2390
f 3062//2391 3059//2391 3060//2391
f 3064//2392 3061//2392 3062//2392
f 3066//2393 3063//2393 3064//2393
f 3068//2394 3065//2394 3066//2394
f 3070//2395 3067//2395 3068//2395
f 3072//2396 3069//2396 3070//2396
f 3074//2397 3071//2397 3072//2397
f 2988//2398 3073//2398 3074//2398
f 3078//2399 3075//2399 3076//2399
f 3080//2400 3077//2400 3078//2400
f 3082//2401 3079//2401 3080//2401
f 3084//2402 3081//2402 3082//2402
f 3086//2403 3083//2403 3084//2403
f 3088//2404 3085//2404 3086//2404
f 3090//2405 3087//2405 3088//2405
f 3092//2406 3089//2406 3090//2406
f 3094//2407 3091//2407 3092//2407
f 3096//2408 3093//2408 3094//2408
f 3098//2409 3095//2409 3096//2409
f 3100//2410 3097//2410 3098//2410
f 3102//2411 3099//2411 3100//2411
f 3104//2412 3101//2412 3102//2412
f 3106//2413 3103//2413 3104//2413
f 3108//2414 3105//2414 3106//2414
f 3110//2415 3107//2415 3108//2415
f 3112//2416 3109//2416 3110//2416
f 3114//2417 3111//2417 3112//2417
f 3116//2418 3113//2418 3114//2418
f 3118//2419 3115//2419 3116//2419
f 3120//2420 3117//2420 3118//2420
f 3122//2421 3119//2421 3120//2421
f 3124//2422 3121//2422 3122//2422
f 3126//2423 3123//2423 3124//2423
f 3128//2424 3125//2424 3126//2424
f 3130//2425 3127//2425 3128//2425
f 3076//2426 3129//2426 3130//2426
f 3134//2427 3131//2427 3132//2427
f 3136//2428 3133//2428 3134//2428
f 3138//2429 3135//2429 3136//2429
f 3140//2430 3137//2430 3138//2430
f 3142//2431 3139//2431 3140//2431
f 3144//2432 3141//2432 3142//2432
f 3146//2433 3143//2433 3144//2433
f 3148//2434 3145//2434 3146//2434
f 3150//2435 3147//2435 3148//2435
f 3152//2436 3149//2436 3150//2436
f 3154//2437 3151//2437 3152//2437
f 3156//2438 3153//2438 3154//2438
f 3158//2439 3155//2439 3156//2439
f 3160//2440 3157//2440 3158//2440
f 3162//2441 3159//2441 3160//2441
f 3164//2442 3161//2442 3162//2442
f 3166//2443 3163//2443 3164//2443
f 3168//2444 3165//2444 3166//2444
f 3170//2445 3167//2445 3168//2445
f 3172//2446 3169//2446 3170//2446
f 3174//2447 3171//2447 3172//2447
f 3176//2448 3173//2448 3174//2448
f 3178//2449 3175//2449 3176//2449
f 3180//2450 3177//2450 3178//2450
f 3182//2451 3179//2451 3180//2451
f 3184//2452 3181//2452 3182//2452
f 3186//2453 3183//2453 3184//2453
f 3188//2454 3185//2454 3186//2454
f 3190//2455 3187//2455 3188//2455
f 3192//2456 3189//2456 3190//2456
f 3194//2457 3191//2457 3192//2457
f 3196//2458 3193//2458 3194//2458
f 3198//2459 3195//2459 3196//2459
f 3200//2460 3197//2460 3198//2460
f 3202//2461 3199//2461 3200//2461
f 3204//2462 3201//2462 3202//2462
f 3206//2463 3203//2463 3204//2463
f 3208//2464 3205//2464 3206//2464
f 3210//2465 3207//2465 3208//2465
f 3212//2466 3209//2466 3210//2466
f 3214//2467 3211//2467 3212//2467
f 3216//2468 3213//2468 3214//2468
f 3218//2469 3215//2469 3216//2469
f 3220//2470 3217//2470 3218//2470
f 3222//2471 3219//2471 3220//2471
f 3224//2472 3221//2472 3222//2472
f 3226//2473 3223//2473 3224//2473
f 3132//2474 3225//2474 3226//2474
f 3230//2475 3227//2475 3228//2475
f 3232//2476 3229//2476 3230//2476
f 3234//2477 3231//2477 3232//2477
f 3236//2478 3233//2478 3234//2478
f 3238//2479 3235//2479 3236//2479
f 3240//2480 3237//2480 3238//2480
f 3242//2481 3239//2481 3240//2481
f 3244//2482 3241//2482 3242//2482
f 3246//2483 3243//2483 3244//2483
f 3248//2484 3245//2484 3246//2484
f 3250//2485 3247//2485 3248//2485
f 3252//2486 3249//2486 3250//2486
f 3254//2487 3251//2487 3252//2487
f 3256//2488 3253//2488 3254//2488
f 3258//2489 3255//2489 3256//2489
f 3260//2490 3257//2490 3258//2490
f 3262//2491 3259//2491 3260//2491
f 3264//2492 3261//2492 3262//2492
f 3228//2493 3263//2493 3264//2493
f 3268//2494 3265//2494 3266//2494
f 3270//2495 3267//2495 3268//2495
f 3272//2496 3269//2496 3270//2496
f 3274//2497 3271//2497 3272//2497
f 3276//2498 3273//2498 3274//2498
f 3278//2499 3275//2499 3276//2499
f 3280//2500 3277//2500 3278//2500
f 3282//2501 3279//2501 3280//2501
f 3284//2502 3281//2502 3282//2502
f 3286//2503 3283//2503 3284//2503
f 3288//2504 3285//2504 3286//2504
f 3290//2505 3287//2505 3288//2505
f 3292//2506 3289//2506 3290//2506
f 3294//2507 3291//2507 3292//2507
f 3296//2508 3293//2508 3294//2508
f 3298//2509 3295//2509 3296//2509
f 3300//2510 3297//2510 3298//2510
f 3302//2511 3299//2511 3300//2511
f 3304//2512 3301//2512 3302//2512
f 3306//2513 3303//2513 3304//2513
f 3308//2514 3305//2514 3306//2514
f 3310//2515 3307//2515 3308//2515
f 3312//2516 3309//2516 3310//2516
f 3314//2517 3311//2517 3312//2517
f 3316//2518 3313//2518 3314//2518
f 3318//2519 3315//2519 3316//2519
f 3320//2520 3317//2520 3318//2520
f 3322//2521 3319//2521 3320//2521
f 3324//2522 3321//2522 3322//2522
f 3326//2523 3323//2523 3324//2523
f 3328//2524 3325//2524 3326//2524
f 3330//2525 3327//2525 3328//2525
f 3332//2526 3329//2526 3330//2526
f 3334//2527 3331//2527 3332//2527
f 3336//2528 3333//2528 3334//2528
f 3338//2529 3335//2529 3336//2529
f 3340//2530 3337//2530 3338//2530
f 3342//2531 3339//2531 3340//2531
f 3344//2532 3341//2532 3342//2532
f 3346//2533 3343//2533 3344//2533
f 3348//2534 3345//2534 3346//2534
f 3350//2535 3347//2535 3348//2535
f 3352//2536 3349//2536 3350//2536
f 3354//2537 3351//2537 3352//2537
f 3356//2538 3353//2538 3354//2538
f 3358//2539 3355//2539 3356//2539
f 3360//2540 3357//2540 3358//2540
f 3362//2541 3359//2541 3360//2541
f 3364//2542 3361//2542 3362//2542
f 3366//2543 3363//2543 3364//2543
f 3368//2544 3365//2544 3366//2544
f 3370//2545 3367//2545 3368//2545
f 3372//2546 3369//2546 3370//2546
f 3374//2547 3371//2547 3372//2547
f 3376//2548 3373//2548 3374//2548
f 3378//2549 3375//2549 3376//2549
f 3380//2550 3377//2550 3378//2550
f 3382//2551 3379//2551 3380//2551
f 3384//2552 3381//2552 3382//2552
f 3386//2553 3383//2553 3384//2553
f 3388//2554 3385//2554 3386//2554
f 3390//2555 3387//2555 3388//2555
f 3392//2556 3389//2556 3390//2556
f 3394//2557 3391//2557 3392//2557
f 3396//2558 3393//2558 3394//2558
f 3398//2559 3395//2559 3396//2559
f 3400//2560 3397//2560 3398//2560
f 3402//2561 3399//2561 3400//2561
f 3404//2562 3401//2562 3402//2562
f 3406//2563 3403//2563 3404//2563
f 3408//2564 3405//2564 3406//2564
f 3410//2565 3407//2565 3408//2565
f 3412//2566 3409//2566 3410//2566
f 3414//2567 3411//2567 3412//2567
f 3416//2568 3413//2568 3414//2568
f 3418//2569 3415//2569 3416//2569
f 3420//2570 3417//2570 3418//2570
f 3422//2571 3419//2571 3420//2571
f 3424//2572 3421//2572 3422//2572
f 3426//2573 3423//2573 3424//2573
f 3428//2574 3425//2574 3426//2574
f 3266//2575 3427//2575 3428//2575
f 3432//2576 3429//2576 3430//2576
f 3434//2577 3431//2577 3432//2577
f 3436//2578 3433//2578 3434//2578
f 3438//2579 3435//2579 3436//2579
f 3440//2580 3437//2580 3438//2580
f 3442//2581 3439//2581 3440//2581
f 3444//2582 3441//2582 3442//2582
f 3446//2583 3443//2583 3444//2583
f 3448//2584 3445//2584 3446//2584
f 3450//2585 3447//2585 3448//2585
f 3452//2586 3449//2586 3450//2586
f 3454//2587 3451//2587 3452//2587
f 3456//2588 3453//2588 3454//2588
f 3458//2589 3455//2589 3456//2589
f 3460//2590 3457//2590 3458//2590
f 3462//2591 3459//2591 3460//2591
f 3464//2592 3461//2592 3462//2592
f 3466//2593 3463//2593 3464//2593
f 3468//2594 3465//2594 3466//2594
f 3470//2595 3467//2595 3468//2595
f 3472//2596 3469//2596 3470//2596
f 3474//2597 3471//2597 3472//2597
f 3476//2598 3473//2598 3474//2598
f 3478//2599 3475//2599 3476//2599
f 3480//2600 3477//2600 3478//2600
f 3482//2601 3479//2601 3480//2601
f 3484//2602 3481//2602 3482//2602
f 3486//2603 3483//2603 3484//2603
f 3488//2604 3485//2604 3486//2604
f 3490//2605 3487//2605 3488//2605
f 3492//2606 3489//2606 3490//2606
f 3494//2607 3491//2607 3492//2607
f 3496//2608 3493//2608 3494//2608
f 3498//2609 3495//2609 3496//2609
f 3500//2610 3497//2610 3498//2610
f 3502//2611 3499//2611 3500//2611
f 3504//2612 3501//2612 3502//2612
f 3506//2613 3503//2613 3504//2613
f 3508//2614 3505//2614 3506//2614
f 3510//2615 3507//2615 3508//2615
f 3512//2616 3509//2616 3510//2616
f 3514//2617 3511//2617 3512//2617
f 3516//2618 3513//2618 3514//2618
f 3518//2619 3515//2619 3516//2619
f 3520//2620 3517//2620 3518//2620
f 3522//2621 3519//2621 3520//2621
f 3524//2622 3521//2622 3522//2622
f 3526//2623 3523//2623 3524//2623
f 3528//2624 3525//2624 3526//2624
f 3530//2625 3527//2625 3528//2625
f 3532//2626 3529//2626 3530//2626
f 3534//2627 3531//2627 3532//2627
f 3536//2628 3533//2628 3534//2628
f 3538//2629 3535//2629 3536//2629
f 3540//2630 3537//2630 3538//2630
f 3542//2631 3539//2631 3540//2631
f 3544//2632 3541//2632 3542//2632
f 3546//2633 3543//2633 3544//2633
f 3548//2634 3545//2634 3546//2634
f 3550//2635 3547//2635 3548//2635
f 3552//2636 3549//2636 3550//2636
f 3554//2637 3551//2637 3552//2637
f 3556//2638 3553//2638 3554//2638
f 3430//2639 3555//2639 3556//2639
f 3563//2640 3562//2640 3561//2640
f 3575//2641 3576//2641 3579//2641
f 3558//2642 3569//2642 3557//2642
f 3559//2643 3570//2643 3558//2643
f 3559//2644 3572//2644 3571//2644
f 3561//2645 3572//2645 3560//2645
f 3562//2646 3573//2646 3561//2646
f 3563//2647 3574//2647 3562//2647
f 3564//2648 3575//2648 3563//2648
f 3565//2649 3576//2649 3564//2649
f 3566//2650 3577//2650 3565//2650
f 3567//2651 3578//2651 3566//2651
f 3568//2652 3579//2652 3567//2652
f 3557//2653 3580//2653 3568//2653
f 3584//2654 3582//2654 3581//2654
f 3589//2655 3590//2655 3586//2655
f 3582//2656 3586//2656 3581//2656
f 3583//2657 3587//2657 3582//2657
f 3584//2658 3588//2658 3583//2658
f 3585//2659 3589//2659 3584//2659
f 3581//2660 3590//2660 3585//2660
f 3593//2661 3591//2661 3594//2661
f 3596//2662 3598//2662 3595//2662
f 3592//2663 3595//2663 3591//2663
f 3593//2664 3596//2664 3592//2664
f 3594//2665 3597//2665 3593//2665
f 3591//2666 3598//2666 3594//2666
f 3601//2667 3599//2667 3602//2667
f 3603//2668 3605//2668 3606//2668
f 3600//2669 3603//2669 3599//2669
f 3601//2670 3604//2670 3600//2670
f 3602//2671 3605//2671 3601//2671
f 3599//2672 3606//2672 3602//2672
f 126//2673 125//2673 123//2673
f 128//2674 127//2674 125//2674
f 130//2675 129//2675 127//2675
f 132//2676 131//2676 129//2676
f 134//2677 133//2677 131//2677
f 136//2678 135//2678 133//2678
f 138//2679 137//2679 135//2679
f 140//2680 139//2680 137//2680
f 142//2681 141//2681 139//2681
f 144//2682 143//2682 141//2682
f 146//2683 145//2683 143//2683
f 148//2684 147//2684 145//2684
f 150//2685 149//2685 147//2685
f 152//2686 151//2686 149//2686
f 154//2687 153//2687 151//2687
f 156//2688 155//2688 153//2688
f 158//2689 157//2689 155//2689
f 160//2690 159//2690 157//2690
f 162//2691 161//2691 159//2691
f 164//2692 163//2692 161//2692
f 166//2693 165//2693 163//2693
f 168//2694 167//2694 165//2694
f 170//2695 169//2695 167//2695
f 172//2696 171//2696 169//2696
f 174//2697 173//2697 171//2697
f 176//2698 175//2698 173//2698
f 178//2699 177//2699 175//2699
f 180//2700 179//2700 177//2700
f 182//2701 181//2701 179//2701
f 184//2702 183//2702 181//2702
f 186//2703 185//2703 183//2703
f 188//2704 187//2704 185//2704
f 190//2705 189//2705 187//2705
f 192//2706 191//2706 189//2706
f 194//2707 193//2707 191//2707
f 196//2708 195//2708 193//2708
f 198//2709 197//2709 195//2709
f 200//2710 199//2710 197//2710
f 202//2711 201//2711 199//2711
f 204//2712 203//2712 201//2712
f 206//2713 205//2713 203//2713
f 208//2714 207//2714 205//2714
f 210//2715 209//2715 207//2715
f 212//2716 211//2716 209//2716
f 214//2717 213//2717 211//2717
f 216//2718 215//2718 213//2718
f 218//2719 217//2719 215//2719
f 220//2720 219//2720 217//2720
f 222//2721 221//2721 219//2721
f 224//2722 223//2722 221//2722
f 226//2723 225//2723 223//2723
f 228//2724 227//2724 225//2724
f 230//2725 229//2725 227//2725
f 232//2726 231//2726 229//2726
f 234//2727 233//2727 231//2727
f 236//2728 235//2728 233//2728
f 238//2729 237//2729 235//2729
f 240//2730 239//2730 237//2730
f 242//2731 241//2731 239//2731
f 244//2732 243//2732 241//2732
f 124//2733 123//2733 243//2733
f 1904//2734 1903//2734 1901//2734
f 1906//2735 1905//2735 1903//2735
f 1908//2736 1907//2736 1905//2736
f 1910//2737 1909//2737 1907//2737
f 1912//2738 1911//2738 1909//2738
f 1914//2739 1913//2739 1911//2739
f 1916//2740 1915//2740 1913//2740
f 1918//2741 1917//2741 1915//2741
f 1920//2742 1919//2742 1917//2742
f 1922//2743 1921//2743 1919//2743
f 1924//2744 1923//2744 1921//2744
f 1926//2745 1925//2745 1923//2745
f 1928//2746 1927//2746 1925//2746
f 1930//2747 1929//2747 1927//2747
f 1932//2748 1931//2748 1929//2748
f 1934//2749 1933//2749 1931//2749
f 1936//2750 1935//2750 1933//2750
f 1938//2751 1937//2751 1935//2751
f 1940//2752 1939//2752 1937//2752
f 1942//2753 1941//2753 1939//2753
f 1944//2754 1943//2754 1941//2754
f 1946//2755 1945//2755 1943//2755
f 1948//2756 1947//2756 1945//2756
f 1950//2757 1949//2757 1947//2757
f 1952//2758 1951//2758 1949//2758
f 1954//2759 1953//2759 1951//2759
f 1956//2760 1955//2760 1953//2760
f 1958//2761 1957//2761 1955//2761
f 1960//2762 1959//2762 1957//2762
f 1962//2763 1961//2763 1959//2763
f 1964//2764 1963//2764 1961//2764
f 1966//2765 1965//2765 1963//2765
f 1968//2766 1967//2766 1965//2766
f 1970//2767 1969//2767 1967//2767
f 1972//2768 1971//2768 1969//2768
f 1974//2769 1973//2769 1971//2769
f 1976//2770 1975//2770 1973//2770
f 1978//2771 1977//2771 1975//2771
f 1980//2772 1979//2772 1977//2772
f 1982//2773 1981//2773 1979//2773
f 1984//2774 1983//2774 1981//2774
f 1986//2775 1985//2775 1983//2775
f 1988//2776 1987//2776 1985//2776
f 1990//2777 1989//2777 1987//2777
f 1992//2778 1991//2778 1989//2778
f 1994//2779 1993//2779 1991//2779
f 1996//2780 1995//2780 1993//2780
f 1998//2781 1997//2781 1995//2781
f 2000//2782 1999//2782 1997//2782
f 2002//2783 2001//2783 1999//2783
f 2004//2784 2003//2784 2001//2784
f 2006//2785 2005//2785 2003//2785
f 2008//2786 2007//2786 2005//2786
f 2010//2787 2009//2787 2007//2787
f 2012//2788 2011//2788 2009//2788
f 2014//2789 2013//2789 2011//2789
f 2016//2790 2015//2790 2013//2790
f 2018//2791 2017//2791 2015//2791
f 2020//2792 2019//2792 2017//2792
f 2022//2793 2021//2793 2019//2793
f 2024//2794 2023//2794 2021//2794
f 2026//2795 2025//2795 2023//2795
f 2028//2796 2027//2796 2025//2796
f 2030//2797 2029//2797 2027//2797
f 2032//2798 2031//2798 2029//2798
f 2034//2799 2033//2799 2031//2799
f 2036//2800 2035//2800 2033//2800
f 2038//2801 2037//2801 2035//2801
f 2040//2802 2039//2802 2037//2802
f 2042//2803 2041//2803 2039//2803
f 2044//2804 2043//2804 2041//2804
f 2046//2805 2045//2805 2043//2805
f 2048//2806 2047//2806 2045//2806
f 2050//2807 2049//2807 2047//2807
f 2052//2808 2051//2808 2049//2808
f 2054//2809 2053//2809 2051//2809
f 2056//2810 2055//2810 2053//2810
f 2058//2811 2057//2811 2055//2811
f 2060//2812 2059//2812 2057//2812
f 2062//2813 2061//2813 2059//2813
f 2064//2814 2063//2814 2061//2814
f 2066//2815 2065//2815 2063//2815
f 2068//2816 2067//2816 2065//2816
f 2070//2817 2069//2817 2067//2817
f 2072//2818 2071//2818 2069//2818
f 2074//2819 2073//2819 2071//2819
f 2076//2820 2075//2820 2073//2820
f 2078//2821 2077//2821 2075//2821
f 2080//2822 2079//2822 2077//2822
f 2082//2823 2081//2823 2079//2823
f 2084//2824 2083//2824 2081//2824
f 2086//2825 2085//2825 2083//2825
f 2088//2826 2087//2826 2085//2826
f 2090//2827 2089//2827 2087//2827
f 2092//2828 2091//2828 2089//2828
f 2094//2829 2093//2829 2091//2829
f 2096//2830 2095//2830 2093//2830
f 2098//2831 2097//2831 2095//2831
f 2100//2832 2099//2832 2097//2832
f 2102//2833 2101//2833 2099//2833
f 2104//2834 2103//2834 2101//2834
f 2106//2835 2105//2835 2103//2835
f 2108//2836 2107//2836 2105//2836
f 2110//2837 2109//2837 2107//2837
f 2112//2838 2111//2838 2109//2838
f 2114//2839 2113//2839 2111//2839
f 2116//2840 2115//2840 2113//2840
f 1902//2841 1901//2841 2115//2841
f 2120//2842 2119//2842 2117//2842
f 2122//2843 2121//2843 2119//2843
f 2124//2844 2123//2844 2121//2844
f 2126//2845 2125//2845 2123//2845
f 2128//2846 2127//2846 2125//2846
f 2130//2847 2129//2847 2127//2847
f 2132//2848 2131//2848 2129//2848
f 2134//2849 2133//2849 2131//2849
f 2136//2850 2135//2850 2133//2850
f 2138//2851 2137//2851 2135//2851
f 2140//2852 2139//2852 2137//2852
f 2142//2853 2141//2853 2139//2853
f 2144//2854 2143//2854 2141//2854
f 2146//2855 2145//2855 2143//2855
f 2148//2856 2147//2856 2145//2856
f 2150//2857 2149//2857 2147//2857
f 2152//2858 2151//2858 2149//2858
f 2154//2859 2153//2859 2151//2859
f 2156//2860 2155//2860 2153//2860
f 2158//2861 2157//2861 2155//2861
f 2160//2862 2159//2862 2157//2862
f 2162//2863 2161//2863 2159//2863
f 2164//2864 2163//2864 2161//2864
f 2166//2865 2165//2865 2163//2865
f 2168//2866 2167//2866 2165//2866
f 2170//2867 2169//2867 2167//2867
f 2172//2868 2171//2868 2169//2868
f 2174//2869 2173//2869 2171//2869
f 2176//2870 2175//2870 2173//2870
f 2178//2871 2177//2871 2175//2871
f 2180//2872 2179//2872 2177//2872
f 2182//2873 2181//2873 2179//2873
f 2184//2874 2183//2874 2181//2874
f 2186//2875 2185//2875 2183//2875
f 2188//2876 2187//2876 2185//2876
f 2190//2877 2189//2877 2187//2877
f 2192//2878 2191//2878 2189//2878
f 2194//2879 2193//2879 2191//2879
f 2196//2880 2195//2880 2193//2880
f 2198//2881 2197//2881 2195//2881
f 2200//2882 2199//2882 2197//2882
f 2202//2883 2201//2883 2199//2883
f 2204//2884 2203//2884 2201//2884
f 2206//2885 2205//2885 2203//2885
f 2208//2886 2207//2886 2205//2886
f 2210//2887 2209//2887 2207//2887
f 2212//2888 2211//2888 2209//2888
f 2214//2889 2213//2889 2211//2889
f 2216//2890 2215//2890 2213//2890
f 2118//2891 2117//2891 2215//2891
f 2220//2892 2219//2892 2217//2892
f 2222//2893 2221//2893 2219//2893
f 2224//2894 2223//2894 2221//2894
f 2226//2895 2225//2895 2223//2895
f 2228//2896 2227//2896 2225//2896
f 2230//2897 2229//2897 2227//2897
f 2232//2898 2231//2898 2229//2898
f 2234//2899 2233//2899 2231//2899
f 2236//2900 2235//2900 2233//2900
f 2238//2901 2237//2901 2235//2901
f 2240//2902 2239//2902 2237//2902
f 2242//2903 2241//2903 2239//2903
f 2244//2904 2243//2904 2241//2904
f 2246//2905 2245//2905 2243//2905
f 2248//2906 2247//2906 2245//2906
f 2250//2907 2249//2907 2247//2907
f 2252//2908 2251//2908 2249//2908
f 2254//2909 2253//2909 2251//2909
f 2256//2910 2255//2910 2253//2910
f 2258//2911 2257//2911 2255//2911
f 2260//2912 2259//2912 2257//2912
f 2262//2913 2261//2913 2259//2913
f 2264//2914 2263//2914 2261//2914
f 2266//2915 2265//2915 2263//2915
f 2268//2916 2267//2916 2265//2916
f 2270//2917 2269//2917 2267//2917
f 2272//2918 2271//2918 2269//2918
f 2274//2919 2273//2919 2271//2919
f 2276//2920 2275//2920 2273//2920
f 2278//2921 2277//2921 2275//2921
f 2280//2922 2279//2922 2277//2922
f 2282//2923 2281//2923 2279//2923
f 2284//2924 2283//2924 2281//2924
f 2218//2925 2217//2925 2283//2925
f 2288//2926 2287//2926 2285//2926
f 2290//2927 2289//2927 2287//2927
f 2292//2928 2291//2928 2289//2928
f 2294//2929 2293//2929 2291//2929
f 2296//2930 2295//2930 2293//2930
f 2298//2931 2297//2931 2295//2931
f 2300//2932 2299//2932 2297//2932
f 2302//2933 2301//2933 2299//2933
f 2304//2934 2303//2934 2301//2934
f 2306//2935 2305//2935 2303//2935
f 2308//2936 2307//2936 2305//2936
f 2310//2937 2309//2937 2307//2937
f 2312//2938 2311//2938 2309//2938
f 2314//2939 2313//2939 2311//2939
f 2316//2940 2315//2940 2313//2940
f 2318//2941 2317//2941 2315//2941
f 2320//2942 2319//2942 2317//2942
f 2322//2943 2321//2943 2319//2943
f 2324//2944 2323//2944 2321//2944
f 2326//2945 2325//2945 2323//2945
f 2328//2946 2327//2946 2325//2946
f 2330//2947 2329//2947 2327//2947
f 2332//2948 2331//2948 2329//2948
f 2334//2949 2333//2949 2331//2949
f 2336//2950 2335//2950 2333//2950
f 2338//2951 2337//2951 2335//2951
f 2340//2952 2339//2952 2337//2952
f 2342//2953 2341//2953 2339//2953
f 2344//2954 2343//2954 2341//2954
f 2346//2955 2345//2955 2343//2955
f 2348//2956 2347//2956 2345//2956
f 2350//2957 2349//2957 2347//2957
f 2352//2958 2351//2958 2349//2958
f 2354//2959 2353//2959 2351//2959
f 2356//2960 2355//2960 2353//2960
f 2358//2961 2357//2961 2355//2961
f 2360//2962 2359//2962 2357//2962
f 2362//2963 2361//2963 2359//2963
f 2364//2964 2363//2964 2361//2964
f 2366//2965 2365//2965 2363//2965
f 2368//2966 2367//2966 2365//2966
f 2370//2967 2369//2967 2367//2967
f 2372//2968 2371//2968 2369//2968
f 2374//2969 2373//2969 2371//2969
f 2376//2970 2375//2970 2373//2970
f 2378//2971 2377//2971 2375//2971
f 2380//2972 2379//2972 2377//2972
f 2382//2973 2381//2973 2379//2973
f 2384//2974 2383//2974 2381//2974
f 2386//2975 2385//2975 2383//2975
f 2388//2976 2387//2976 2385//2976
f 2390//2977 2389//2977 2387//2977
f 2392//2978 2391//2978 2389//2978
f 2394//2979 2393//2979 2391//2979
f 2396//2980 2395//2980 2393//2980
f 2398//2981 2397//2981 2395//2981
f 2400//2982 2399//2982 2397//2982
f 2402//2983 2401//2983 2399//2983
f 2404//2984 2403//2984 2401//2984
f 2406//2985 2405//2985 2403//2985
f 2408//2986 2407//2986 2405//2986
f 2410//2987 2409//2987 2407//2987
f 2412//2988 2411//2988 2409//2988
f 2414//2989 2413//2989 2411//2989
f 2416//2990 2415//2990 2413//2990
f 2418//2991 2417//2991 2415//2991
f 2420//2992 2419//2992 2417//2992
f 2422//2993 2421//2993 2419//2993
f 2424//2994 2423//2994 2421//2994
f 2426//2995 2425//2995 2423//2995
f 2428//2996 2427//2996 2425//2996
f 2430//2997 2429//2997 2427//2997
f 2432//2998 2431//2998 2429//2998
f 2434//2999 2433//2999 2431//2999
f 2436//3000 2435//3000 2433//3000
f 2438//3001 2437//3001 2435//3001
f 2440//3002 2439//3002 2437//3002
f 2442//3003 2441//3003 2439//3003
f 2444//3004 2443//3004 2441//3004
f 2446//3005 2445//3005 2443//3005
f 2448//3006 2447//3006 2445//3006
f 2450//3007 2449//3007 2447//3007
f 2452//3008 2451//3008 2449//3008
f 2454//3009 2453//3009 2451//3009
f 2456//3010 2455//3010 2453//3010
f 2458//3011 2457//3011 2455//3011
f 2460//3012 2459//3012 2457//3012
f 2462//3013 2461//3013 2459//3013
f 2464//3014 2463//3014 2461//3014
f 2466//3015 2465//3015 2463//3015
f 2468//3016 2467//3016 2465//3016
f 2470//3017 2469//3017 2467//3017
f 2472//3018 2471//3018 2469//3018
f 2474//3019 2473//3019 2471//3019
f 2476//3020 2475//3020 2473//3020
f 2478//3021 2477//3021 2475//3021
f 2480//3022 2479//3022 2477//3022
f 2482//3023 2481//3023 2479//3023
f 2484//3024 2483//3024 2481//3024
f 2486//3025 2485//3025 2483//3025
f 2286//3026 2285//3026 2485//3026
f 2490//3027 2489//3027 2487//3027
f 2492//3028 2491//3028 2489//3028
f 2494//3029 2493//3029 2491//3029
f 2496//3030 2495//3030 2493//3030
f 2498//3031 2497//3031 2495//3031
f 2500//3032 2499//3032 2497//3032
f 2502//3033 2501//3033 2499//3033
f 2504//3034 2503//3034 2501//3034
f 2506//3035 2505//3035 2503//3035
f 2508//3036 2507//3036 2505//3036
f 2510//3037 2509//3037 2507//3037
f 2512//3038 2511//3038 2509//3038
f 2514//3039 2513//3039 2511//3039
f 2516//3040 2515//3040 2513//3040
f 2518//3041 2517//3041 2515//3041
f 2520//3042 2519//3042 2517//3042
f 2522//3043 2521//3043 2519//3043
f 2524//3044 2523//3044 2521//3044
f 2526//3045 2525//3045 2523//3045
f 2528//3046 2527//3046 2525//3046
f 2530//3047 2529//3047 2527//3047
f 2532//3048 2531//3048 2529//3048
f 2534//3049 2533//3049 2531//3049
f 2536//3050 2535//3050 2533//3050
f 2538//3051 2537//3051 2535//3051
f 2540//3052 2539//3052 2537//3052
f 2542//3053 2541//3053 2539//3053
f 2544//3054 2543//3054 2541//3054
f 2546//3055 2545//3055 2543//3055
f 2548//3056 2547//3056 2545//3056
f 2550//3057 2549//3057 2547//3057
f 2552//3058 2551//3058 2549//3058
f 2554//3059 2553//3059 2551//3059
f 2556//3060 2555//3060 2553//3060
f 2558//3061 2557//3061 2555//3061
f 2560//3062 2559//3062 2557//3062
f 2562//3063 2561//3063 2559//3063
f 2564//3064 2563//3064 2561//3064
f 2566//3065 2565//3065 2563//3065
f 2568//3066 2567//3066 2565//3066
f 2570//3067 2569//3067 2567//3067
f 2572//3068 2571//3068 2569//3068
f 2574//3069 2573//3069 2571//3069
f 2576//3070 2575//3070 2573//3070
f 2578//3071 2577//3071 2575//3071
f 2580//3072 2579//3072 2577//3072
f 2582//3073 2581//3073 2579//3073
f 2584//3074 2583//3074 2581//3074
f 2586//3075 2585//3075 2583//3075
f 2588//3076 2587//3076 2585//3076
f 2590//3077 2589//3077 2587//3077
f 2592//3078 2591//3078 2589//3078
f 2594//3079 2593//3079 2591//3079
f 2596//3080 2595//3080 2593//3080
f 2598//3081 2597//3081 2595//3081
f 2600//3082 2599//3082 2597//3082
f 2602//3083 2601//3083 2599//3083
f 2604//3084 2603//3084 2601//3084
f 2606//3085 2605//3085 2603//3085
f 2608//3086 2607//3086 2605//3086
f 2610//3087 2609//3087 2607//3087
f 2612//3088 2611//3088 2609//3088
f 2614//3089 2613//3089 2611//3089
f 2616//3090 2615//3090 2613//3090
f 2618//3091 2617//3091 2615//3091
f 2620//3092 2619//3092 2617//3092
f 2622//3093 2621//3093 2619//3093
f 2624//3094 2623//3094 2621//3094
f 2626//3095 2625//3095 2623//3095
f 2628//3096 2627//3096 2625//3096
f 2630//3097 2629//3097 2627//3097
f 2632//3098 2631//3098 2629//3098
f 2634//3099 2633//3099 2631//3099
f 2636//3100 2635//3100 2633//3100
f 2638//3101 2637//3101 2635//3101
f 2640//3102 2639//3102 2637//3102
f 2642//3103 2641//3103 2639//3103
f 2644//3104 2643//3104 2641//3104
f 2646//3105 2645//3105 2643//3105
f 2648//3106 2647//3106 2645//3106
f 2650//3107 2649//3107 2647//3107
f 2652//3108 2651//3108 2649//3108
f 2654//3109 2653//3109 2651//3109
f 2656//3110 2655//3110 2653//3110
f 2658//3111 2657//3111 2655//3111
f 2660//3112 2659//3112 2657//3112
f 2662//3113 2661//3113 2659//3113
f 2664//3114 2663//3114 2661//3114
f 2666//3115 2665//3115 2663//3115
f 2668//3116 2667//3116 2665//3116
f 2670//3117 2669//3117 2667//3117
f 2672//3118 2671//3118 2669//3118
f 2674//3119 2673//3119 2671//3119
f 2676//3120 2675//3120 2673//3120
f 2678//3121 2677//3121 2675//3121
f 2680//3122 2679//3122 2677//3122
f 2682//3123 2681//3123 2679//3123
f 2684//3124 2683//3124 2681//3124
f 2686//3125 2685//3125 2683//3125
f 2688//3126 2687//3126 2685//3126
f 2488//3127 2487//3127 2687//3127
f 2692//3128 2691//3128 2689//3128
f 2694//3129 2693//3129 2691//3129
f 2696//3130 2695//3130 2693//3130
f 2698//3131 2697//3131 2695//3131
f 2700//3132 2699//3132 2697//3132
f 2702//3133 2701//3133 2699//3133
f 2704//3134 2703//3134 2701//3134
f 2706//3135 2705//3135 2703//3135
f 2708//3136 2707//3136 2705//3136
f 2710//3137 2709//3137 2707//3137
f 2712//3138 2711//3138 2709//3138
f 2714//3139 2713//3139 2711//3139
f 2716//3140 2715//3140 2713//3140
f 2718//3141 2717//3141 2715//3141
f 2720//3142 2719//3142 2717//3142
f 2722//3143 2721//3143 2719//3143
f 2724//3144 2723//3144 2721//3144
f 2726//3145 2725//3145 2723//3145
f 2728//3146 2727//3146 2725//3146
f 2730//3147 2729//3147 2727//3147
f 2732//3148 2731//3148 2729//3148
f 2734//3149 2733//3149 2731//3149
f 2736//3150 2735//3150 2733//3150
f 2738//3151 2737//3151 2735//3151
f 2740//3152 2739//3152 2737//3152
f 2742//3153 2741//3153 2739//3153
f 2744//3154 2743//3154 2741//3154
f 2746//3155 2745//3155 2743//3155
f 2748//3156 2747//3156 2745//3156
f 2750//3157 2749//3157 2747//3157
f 2752//3158 2751//3158 2749//3158
f 2754//3159 2753//3159 2751//3159
f 2756//3160 2755//3160 2753//3160
f 2758//3161 2757//3161 2755//3161
f 2760//3162 2759//3162 2757//3162
f 2762//3163 2761//3163 2759//3163
f 2764//3164 2763//3164 2761//3164
f 2766//3165 2765//3165 2763//3165
f 2768//3166 2767//3166 2765//3166
f 2770//3167 2769//3167 2767//3167
f 2772//3168 2771//3168 2769//3168
f 2774//3169 2773//3169 2771//3169
f 2776//3170 2775//3170 2773//3170
f 2778//3171 2777//3171 2775//3171
f 2780//3172 2779//3172 2777//3172
f 2782//3173 2781//3173 2779//3173
f 2784//3174 2783//3174 2781//3174
f 2690//3175 2689//3175 2783//3175
f 2788//3176 2787//3176 2785//3176
f 2790//3177 2789//3177 2787//3177
f 2792//3178 2791//3178 2789//3178
f 2794//3179 2793//3179 2791//3179
f 2796//3180 2795//3180 2793//3180
f 2798//3181 2797//3181 2795//3181
f 2800//3182 2799//3182 2797//3182
f 2802//3183 2801//3183 2799//3183
f 2804//3184 2803//3184 2801//3184
f 2806//3185 2805//3185 2803//3185
f 2808//3186 2807//3186 2805//3186
f 2810//3187 2809//3187 2807//3187
f 2812//3188 2811//3188 2809//3188
f 2814//3189 2813//3189 2811//3189
f 2816//3190 2815//3190 2813//3190
f 2818//3191 2817//3191 2815//3191
f 2820//3192 2819//3192 2817//3192
f 2822//3193 2821//3193 2819//3193
f 2786//3194 2785//3194 2821//3194
f 2826//3195 2825//3195 2823//3195
f 2828//3196 2827//3196 2825//3196
f 2830//3197 2829//3197 2827//3197
f 2832//3198 2831//3198 2829//3198
f 2834//3199 2833//3199 2831//3199
f 2836//3200 2835//3200 2833//3200
f 2838//3201 2837//3201 2835//3201
f 2840//3202 2839//3202 2837//3202
f 2842//3203 2841//3203 2839//3203
f 2844//3204 2843//3204 2841//3204
f 2846//3205 2845//3205 2843//3205
f 2848//3206 2847//3206 2845//3206
f 2850//3207 2849//3207 2847//3207
f 2852//3208 2851//3208 2849//3208
f 2854//3209 2853//3209 2851//3209
f 2856//3210 2855//3210 2853//3210
f 2858//3211 2857//3211 2855//3211
f 2860//3212 2859//3212 2857//3212
f 2862//3213 2861//3213 2859//3213
f 2864//3214 2863//3214 2861//3214
f 2866//3215 2865//3215 2863//3215
f 2868//3216 2867//3216 2865//3216
f 2870//3217 2869//3217 2867//3217
f 2872//3218 2871//3218 2869//3218
f 2874//3219 2873//3219 2871//3219
f 2876//3220 2875//3220 2873//3220
f 2878//3221 2877//3221 2875//3221
f 2880//3222 2879//3222 2877//3222
f 2882//3223 2881//3223 2879//3223
f 2884//3224 2883//3224 2881//3224
f 2886//3225 2885//3225 2883//3225
f 2888//3226 2887//3226 2885//3226
f 2890//3227 2889//3227 2887//3227
f 2892//3228 2891//3228 2889//3228
f 2894//3229 2893//3229 2891//3229
f 2896//3230 2895//3230 2893//3230
f 2898//3231 2897//3231 2895//3231
f 2900//3232 2899//3232 2897//3232
f 2902//3233 2901//3233 2899//3233
f 2904//3234 2903//3234 2901//3234
f 2906//3235 2905//3235 2903//3235
f 2908//3236 2907//3236 2905//3236
f 2910//3237 2909//3237 2907//3237
f 2912//3238 2911//3238 2909//3238
f 2914//3239 2913//3239 2911//3239
f 2916//3240 2915//3240 2913//3240
f 2918//3241 2917//3241 2915//3241
f 2920//3242 2919//3242 2917//3242
f 2922//3243 2921//3243 2919//3243
f 2924//3244 2923//3244 2921//3244
f 2926//3245 2925//3245 2923//3245
f 2928//3246 2927//3246 2925//3246
f 2930//3247 2929//3247 2927//3247
f 2932//3248 2931//3248 2929//3248
f 2934//3249 2933//3249 2931//3249
f 2936//3250 2935//3250 2933//3250
f 2938//3251 2937//3251 2935//3251
f 2940//3252 2939//3252 2937//3252
f 2942//3253 2941//3253 2939//3253
f 2944//3254 2943//3254 2941//3254
f 2946//3255 2945//3255 2943//3255
f 2948//3256 2947//3256 2945//3256
f 2950//3257 2949//3257 2947//3257
f 2952//3258 2951//3258 2949//3258
f 2954//3259 2953//3259 2951//3259
f 2956//3260 2955//3260 2953//3260
f 2958//3261 2957//3261 2955//3261
f 2960//3262 2959//3262 2957//3262
f 2962//3263 2961//3263 2959//3263
f 2964//3264 2963//3264 2961//3264
f 2966//3265 2965//3265 2963//3265
f 2968//3266 2967//3266 2965//3266
f 2970//3267 2969//3267 2967//3267
f 2972//3268 2971//3268 2969//3268
f 2974//3269 2973//3269 2971//3269
f 2976//3270 2975//3270 2973//3270
f 2978//3271 2977//3271 2975//3271
f 2980//3272 2979//3272 2977//3272
f 2982//3273 2981//3273 2979//3273
f 2984//3274 2983//3274 2981//3274
f 2986//3275 2985//3275 2983//3275
f 2824//3276 2823//3276 2985//3276
f 2990//3277 2989//3277 2987//3277
f 2992//3278 2991//3278 2989//3278
f 2994//3279 2993//3279 2991//3279
f 2996//3280 2995//3280 2993//3280
f 2998//3281 2997//3281 2995//3281
f 3000//3282 2999//3282 2997//3282
f 3002//3283 3001//3283 2999//3283
f 3004//3284 3003//3284 3001//3284
f 3006//3285 3005//3285 3003//3285
f 3008//3286 3007//3286 3005//3286
f 3010//3287 3009//3287 3007//3287
f 3012//3288 3011//3288 3009//3288
f 3014//3289 3013//3289 3011//3289
f 3016//3290 3015//3290 3013//3290
f 3018//3291 3017//3291 3015//3291
f 3020//3292 3019//3292 3017//3292
f 3022//3293 3021//3293 3019//3293
f 3024//3294 3023//3294 3021//3294
f 3026//3295 3025//3295 3023//3295
f 3028//3296 3027//3296 3025//3296
f 3030//3297 3029//3297 3027//3297
f 3032//3298 3031//3298 3029//3298
f 3034//3299 3033//3299 3031//3299
f 3036//3300 3035//3300 3033//3300
f 3038//3301 3037//3301 3035//3301
f 3040//3302 3039//3302 3037//3302
f 3042//3303 3041//3303 3039//3303
f 3044//3304 3043//3304 3041//3304
f 3046//3305 3045//3305 3043//3305
f 3048//3306 3047//3306 3045//3306
f 3050//3307 3049//3307 3047//3307
f 3052//3308 3051//3308 3049//3308
f 3054//3309 3053//3309 3051//3309
f 3056//3310 3055//3310 3053//3310
f 3058//3311 3057//3311 3055//3311
f 3060//3312 3059//3312 3057//3312
f 3062//3313 3061//3313 3059//3313
f 3064//3314 3063//3314 3061//3314
f 3066//3315 3065//3315 3063//3315
f 3068//3316 3067//3316 3065//3316
f 3070//3317 3069//3317 3067//3317
f 3072//3318 3071//3318 3069//3318
f 3074//3319 3073//3319 3071//3319
f 2988//3320 2987//3320 3073//3320
f 3078//3321 3077//3321 3075//3321
f 3080//3322 3079//3322 3077//3322
f 3082//3323 3081//3323 3079//3323
f 3084//3324 3083//3324 3081//3324
f 3086//3325 3085//3325 3083//3325
f 3088//3326 3087//3326 3085//3326
f 3090//3327 3089//3327 3087//3327
f 3092//3328 3091//3328 3089//3328
f 3094//3329 3093//3329 3091//3329
f 3096//3330 3095//3330 3093//3330
f 3098//3331 3097//3331 3095//3331
f 3100//3332 3099//3332 3097//3332
f 3102//3333 3101//3333 3099//3333
f 3104//3334 3103//3334 3101//3334
f 3106//3335 3105//3335 3103//3335
f 3108//3336 3107//3336 3105//3336
f 3110//3337 3109//3337 3107//3337
f 3112//3338 3111//3338 3109//3338
f 3114//3339 3113//3339 3111//3339
f 3116//3340 3115//3340 3113//3340
f 3118//3341 3117//3341 3115//3341
f 3120//3342 3119//3342 3117//3342
f 3122//3343 3121//3343 3119//3343
f 3124//3344 3123//3344 3121//3344
f 3126//3345 3125//3345 3123//3345
f 3128//3346 3127//3346 3125//3346
f 3130//3347 3129//3347 3127//3347
f 3076//3348 3075//3348 3129//3348
f 3134//3349 3133//3349 3131//3349
f 3136//3350 3135//3350 3133//3350
f 3138//3351 3137//3351 3135//3351
f 3140//3352 3139//3352 3137//3352
f 3142//3353 3141//3353 3139//3353
f 3144//3354 3143//3354 3141//3354
f 3146//3355 3145//3355 3143//3355
f 3148//3356 3147//3356 3145//3356
f 3150//3357 3149//3357 3147//3357
f 3152//3358 3151//3358 3149//3358
f 3154//3359 3153//3359 3151//3359
f 3156//3360 3155//3360 3153//3360
f 3158//3361 3157//3361 3155//3361
f 3160//3362 3159//3362 3157//3362
f 3162//3363 3161//3363 3159//3363
f 3164//3364 3163//3364 3161//3364
f 3166//3365 3165//3365 3163//3365
f 3168//3366 3167//3366 3165//3366
f 3170//3367 3169//3367 3167//3367
f 3172//3368 3171//3368 3169//3368
f 3174//3369 3173//3369 3171//3369
f 3176//3370 3175//3370 3173//3370
f 3178//3371 3177//3371 3175//3371
f 3180//3372 3179//3372 3177//3372
f 3182//3373 3181//3373 3179//3373
f 3184//3374 3183//3374 3181//3374
f 3186//3375 3185//3375 3183//3375
f 3188//3376 3187//3376 3185//3376
f 3190//3377 3189//3377 3187//3377
f 3192//3378 3191//3378 3189//3378
f 3194//3379 3193//3379 3191//3379
f 3196//3380 3195//3380 3193//3380
f 3198//3381 3197//3381 3195//3381
f 3200//3382 3199//3382 3197//3382
f 3202//3383 3201//3383 3199//3383
f 3204//3384 3203//3384 3201//3384
f 3206//3385 3205//3385 3203//3385
f 3208//3386 3207//3386 3205//3386
f 3210//3387 3209//3387 3207//3387
f 3212//3388 3211//3388 3209//3388
f 3214//3389 3213//3389 3211//3389
f 3216//3390 3215//3390 3213//3390
f 3218//3391 3217//3391 3215//3391
f 3220//3392 3219//3392 3217//3392
f 3222//3393 3221//3393 3219//3393
f 3224//3394 3223//3394 3221//3394
f 3226//3395 3225//3395 3223//3395
f 3132//3396 3131//3396 3225//3396
f 3230//3397 3229//3397 3227//3397
f 3232//3398 3231//3398 3229//3398
f 3234//3399 3233//3399 3231//3399
f 3236//3400 3235//3400 3233//3400
f 3238//3401 3237//3401 3235//3401
f 3240//3402 3239//3402 3237//3402
f 3242//3403 3241//3403 3239//3403
f 3244//3404 3243//3404 3241//3404
f 3246//3405 3245//3405 3243//3405
f 3248//3406 3247//3406 3245//3406
f 3250//3407 3249//3407 3247//3407
f 3252//3408 3251//3408 3249//3408
f 3254//3409 3253//3409 3251//3409
f 3256//3410 3255//3410 3253//3410
f 3258//3411 3257//3411 3255//3411
f 3260//3412 3259//3412 3257//3412
f 3262//3413 3261//3413 3259//3413
f 3264//3414 3263//3414 3261//3414
f 3228//3415 3227//3415 3263//3415
f 3268//3416 3267//3416 3265//3416
f 3270//3417 3269//3417 3267//3417
f 3272//3418 3271//3418 3269//3418
f 3274//3419 3273//3419 3271//3419
f 3276//3420 3275//3420 3273//3420
f 3278//3421 3277//3421 3275//3421
f 3280//3422 3279//3422 3277//3422
f 3282//3423 3281//3423 3279//3423
f 3284//3424 3283//3424 3281//3424
f 3286//3425 3285//3425 3283//3425
f 3288//3426 3287//3426 3285//3426
f 3290//3427 3289//3427 3287//3427
f 3292//3428 3291//3428 3289//3428
f 3294//3429 3293//3429 3291//3429
f 3296//3430 3295//3430 3293//3430
f 3298//3431 3297//3431 3295//3431
f 3300//3432 3299//3432 3297//3432
f 3302//3433 3301//3433 3299//3433
f 3304//3434 3303//3434 3301//3434
f 3306//3435 3305//3435 3303//3435
f 3308//3436 3307//3436 3305//3436
f 3310//3437 3309//3437 3307//3437
f 3312//3438 3311//3438 3309//3438
f 3314//3439 3313//3439 3311//3439
f 3316//3440 3315//3440 3313//3440
f 3318//3441 3317//3441 3315//3441
f 3320//3442 3319//3442 3317//3442
f 3322//3443 3321//3443 3319//3443
f 3324//3444 3323//3444 3321//3444
f 3326//3445 3325//3445 3323//3445
f 3328//3446 3327//3446 3325//3446
f 3330//3447 3329//3447 3327//3447
f 3332//3448 3331//3448 3329//3448
f 3334//3449 3333//3449 3331//3449
f 3336//3450 3335//3450 3333//3450
f 3338//3451 3337//3451 3335//3451
f 3340//3452 3339//3452 3337//3452
f 3342//3453 3341//3453 3339//3453
f 3344//3454 3343//3454 3341//3454
f 3346//3455 3345//3455 3343//3455
f 3348//3456 3347//3456 3345//3456
f 3350//3457 3349//3457 3347//3457
f 3352//3458 3351//3458 3349//3458
f 3354//3459 3353//3459 3351//3459
f 3356//3460 3355//3460 3353//3460
f 3358//3461 3357//3461 3355//3461
f 3360//3462 3359//3462 3357//3462
f 3362//3463 3361//3463 3359//3463
f 3364//3464 3363//3464 3361//3464
f 3366//3465 3365//3465 3363//3465
f 3368//3466 3367//3466 3365//3466
f 3370//3467 3369//3467 3367//3467
f 3372//3468 3371//3468 3369//3468
f 3374//3469 3373//3469 3371//3469
f 3376//3470 3375//3470 3373//3470
f 3378//3471 3377//3471 3375//3471
f 3380//3472 3379//3472 3377//3472
f 3382//3473 3381//3473 3379//3473
f 3384//3474 3383//3474 3381//3474
f 3386//3475 3385//3475 3383//3475
f 3388//3476 3387//3476 3385//3476
f 3390//3477 3389//3477 3387//3477
f 3392//3478 3391//3478 3389//3478
f 3394//3479 3393//3479 3391//3479
f 3396//3480 3395//3480 3393//3480
f 3398//3481 3397//3481 3395//3481
f 3400//3482 3399//3482 3397//3482
f 3402//3483 3401//3483 3399//3483
f 3404//3484 3403//3484 3401//3484
f 3406//3485 3405//3485 3403//3485
f 3408//3486 3407//3486 3405//3486
f 3410//3487 3409//3487 3407//3487
f 3412//3488 3411//3488 3409//3488
f 3414//3489 3413//3489 3411//3489
f 3416//3490 3415//3490 3413//3490
f 3418//3491 3417//3491 3415//3491
f 3420//3492 3419//3492 3417//3492
f 3422//3493 3421//3493 3419//3493
f 3424//3494 3423//3494 3421//3494
f 3426//3495 3425//3495 3423//3495
f 3428//3496 3427//3496 3425//3496
f 3266//3497 3265//3497 3427//3497
f 3432//3498 3431//3498 3429//3498
f 3434//3499 3433//3499 3431//3499
f 3436//3500 3435//3500 3433//3500
f 3438//3501 3437//3501 3435//3501
f 3440//3502 3439//3502 3437//3502
f 3442//3503 3441//3503 3439//3503
f 3444//3504 3443//3504 3441//3504
f 3446//3505 3445//3505 3443//3505
f 3448//3506 3447//3506 3445//3506
f 3450//3507 3449//3507 3447//3507
f 3452//3508 3451//3508 3449//3508
f 3454//3509 3453//3509 3451//3509
f 3456//3510 3455//3510 3453//3510
f 3458//3511 3457//3511 3455//3511
f 3460//3512 3459//3512 3457//3512
f 3462//3513 3461//3513 3459//3513
f 3464//3514 3463//3514 3461//3514
f 3466//3515 3465//3515 3463//3515
f 3468//3516 3467//3516 3465//3516
f 3470//3517 3469//3517 3467//3517
f 3472//3518 3471//3518 3469//3518
f 3474//3519 3473//3519 3471//3519
f 3476//3520 3475//3520 3473//3520
f 3478//3521 3477//3521 3475//3521
f 3480//3522 3479//3522 3477//3522
f 3482//3523 3481//3523 3479//3523
f 3484//3524 3483//3524 3481//3524
f 3486//3525 3485//3525 3483//3525
f 3488//3526 3487//3526 3485//3526
f 3490//3527 3489//3527 3487//3527
f 3492//3528 3491//3528 3489//3528
f 3494//3529 3493//3529 3491//3529
f 3496//3530 3495//3530 3493//3530
f 3498//3531 3497//3531 3495//3531
f 3500//3532 3499//3532 3497//3532
f 3502//3533 3501//3533 3499//3533
f 3504//3534 3503//3534 3501//3534
f 3506//3535 3505//3535 3503//3535
f 3508//3536 3507//3536 3505//3536
f 3510//3537 3509//3537 3507//3537
f 3512//3538 3511//3538 3509//3538
f 3514//3539 3513//3539 3511//3539
f 3516//3540 3515//3540 3513//3540
f 3518//3541 3517//3541 3515//3541
f 3520//3542 3519//3542 3517//3542
f 3522//3543 3521//3543 3519//3543
f 3524//3544 3523//3544 3521//3544
f 3526//3545 3525//3545 3523//3545
f 3528//3546 3527//3546 3525//3546
f 3530//3547 3529//3547 3527//3547
f 3532//3548 3531//3548 3529//3548
f 3534//3549 3533//3549 3531//3549
f 3536//3550 3535//3550 3533//3550
f 3538//3551 3537//3551 3535//3551
f 3540//3552 3539//3552 3537//3552
f 3542//3553 3541//3553 3539//3553
f 3544//3554 3543//3554 3541//3554
f 3546//3555 3545//3555 3543//3555
f 3548//3556 3547//3556 3545//3556
f 3550//3557 3549//3557 3547//3557
f 3552//3558 3551//3558 3549//3558
f 3554//3559 3553//3559 3551//3559
f 3556//3560 3555//3560 3553//3560
f 3430//3561 3429//3561 3555//3561
f 3557//3562 3568//3562 3558//3562
f 3568//3563 3567//3563 3563//3563
f 3558//3564 3568//3564 3559//3564
f 3567//3565 3566//3565 3564//3565
f 3566//3566 3565//3566 3564//3566
f 3559//3567 3568//3567 3561//3567
f 3561//3568 3560//3568 3559//3568
f 3561//3569 3568//3569 3563//3569
f 3567//3570 3564//3570 3563//3570
f 3580//3571 3569//3571 3570//3571
f 3571//3572 3572//3572 3573//3572
f 3580//3573 3570//3573 3571//3573
f 3577//3574 3578//3574 3576//3574
f 3578//3575 3579//3575 3576//3575
f 3579//3576 3580//3576 3575//3576
f 3580//3577 3571//3577 3573//3577
f 3575//3578 3580//3578 3573//3578
f 3573//3579 3574//3579 3575//3579
f 3558//3580 3570//3580 3569//3580
f 3559//3581 3571//3581 3570//3581
f 3559//3582 3560//3582 3572//3582
f 3561//3583 3573//3583 3572//3583
f 3562//3584 3574//3584 3573//3584
f 3563//3585 3575//3585 3574//3585
f 3564//3586 3576//3586 3575//3586
f 3565//3587 3577//3587 3576//3587
f 3566//3588 3578//3588 3577//3588
f 3567//3589 3579//3589 3578//3589
f 3568//3590 3580//3590 3579//3590
f 3557//3591 3569//3591 3580//3591
f 3581//3592 3585//3592 3584//3592
f 3584//3593 3583//3593 3582//3593
f 3586//3594 3587//3594 3589//3594
f 3587//3595 3588//3595 3589//3595
f 3582//3596 3587//3596 3586//3596
f 3583//3597 3588//3597 3587//3597
f 3584//3598 3589//3598 3588//3598
f 3585//3599 3590//3599 3589//3599
f 3581//3600 3586//3600 3590//3600
f 3593//3601 3592//3601 3591//3601
f 3596//3602 3597//3602 3598//3602
f 3592//3603 3596//3603 3595//3603
f 3593//3604 3597//3604 3596//3604
f 3594//3605 3598//3605 3597//3605
f 3591//3606 3595//3606 3598//3606
f 3601//3607 3600//3607 3599//3607
f 3603//3608 3604//3608 3605//3608
f 3600//3609 3604//3609 3603//3609
f 3601//3610 3605//3610 3604//3610
f 3602//3611 3606//3611 3605//3611
f 3599//3612 3603//3612 3606//3612
